33421
7492
5537
46259
42928
16023
7119
30455
7728
44206
41721
47687
18643
41939
6472
42214
23850
39746
23928
18459
10135
29529
24346
48928
37771
10413
10364
35222
3918
42251
41776
11724
48710
7172
12843
5302
23700
35567
4939
32163
20765
3991
39764
31984
9318
27970
39435
45408
333
5776
2045
39122
12680
16615
18966
39575
19562
18647
5735
41007
4612
16366
9699
43667
15649
13907
22965
42676
14957
44788
1702
28006
24005
2637
33435
30567
5686
48572
39036
23999
7033
30242
17806
21290
33779
41572
3127
7632
20842
32924
35274
30313
17606
15898
15359
11888
1762
24704
48007
31045
25815
41827
8010
30976
25159
11532
16083
13304
23279
40662
36435
25266
20925
14290
41663
17153
33102
1414
2946
46825
1992
12256
32455
15676
7001
12499
39966
17544
40902
44025
9066
6531
415
42956
44268
18215
30853
47235
302
46707
39480
41707
30823
44053
45150
41192
2454
24638
29012
18652
17339
31908
31595
31901
9063
8260
15756
18302
8700
30994
9302
27003
33484
3813
9337
7449
23001
3664
1721
361
10402
9365
33793
30736
31187
32005
10009
18165
29077
28072
39149
35286
4873
15828
25025
48942
7326
44144
48296
25216
35096
24265
25386
34290
24108
30632
17112
29232
24499
23926
44140
43962
24940
46581
24254
24628
10986
20159
18308
40415
26025
46995
16338
32626
33259
1185
18616
18301
23532
35933
16914
5746
7298
25307
5717
29705
38220
31121
32592
37035
49240
30331
17105
10409
12229
1408
15056
20693
5154
27283
41694
12262
27944
47855
14414
35649
27260
38825
39182
13287
23904
8848
29823
37622
41598
41665
29326
10960
27036
49152
17829
44461
9448
33466
24669
477
44393
12555
2154
38278
42365
9404
46850
5870
38772
29961
17360
16878
1248
48869
18890
28332
38454
17730
27140
36719
8277
17970
47158
14200
38956
18066
41391
12517
9719
15447
31412
28011
48145
49583
29819
40860
2019
26244
20297
12005
11180
33382
9777
21661
47517
14933
3792
34023
33720
18625
30230
37503
16966
20372
14332
23454
18230
17485
8033
42742
45218
18828
20947
31055
15614
17051
24672
9289
29418
37265
18666
29859
4579
13843
28107
32364
37157
6703
26536
5304
39743
19873
36352
3782
2157
42331
20424
43998
43706
33495
19208
32348
35351
4384
13768
37075
47620
33603
27548
3033
14333
492
39999
48215
1584
13606
10556
3902
43759
14557
38696
49012
19604
6657
12511
43877
36977
28393
19658
32087
24868
30074
5706
9470
20552
24204
11839
30989
406
48867
13055
23213
45985
49236
18632
31061
49740
15780
4123
41706
36526
6962
49264
7836
17670
14870
22310
45568
28074
13966
49393
45642
42608
40653
4056
39049
19916
32903
26366
30453
11262
13061
15865
21903
8757
28846
8961
27305
15618
42709
15586
33460
30921
42595
39057
28949
37979
1690
10273
4951
7872
36056
46204
35970
38420
2945
7749
30771
1657
16750
32678
29291
45684
44657
458
42899
49290
11943
5989
43240
44792
26912
33309
22235
27869
30066
39342
6465
11410
37744
46630
22316
48069
15338
21811
20448
15789
28849
43891
3121
41718
47537
40576
42388
33019
5818
219
2555
4305
46207
4829
17548
20699
17409
45144
44074
7948
35828
34051
11320
35684
30493
34298
45479
18572
30809
47925
36762
15223
30460
45566
13754
39204
29039
47172
6414
24345
32654
39689
12082
30089
2357
8699
11585
10321
18259
17694
34925
45583
25661
3571
17737
7798
22189
22113
14616
24008
34617
4356
28138
18675
19780
19830
940
46493
21025
45303
32428
29785
1541
46238
41000
27956
14677
40583
28571
10344
5207
13727
25393
33162
45444
12854
45493
32947
437
39954
28530
46489
8544
16361
23931
26895
45734
45219
47973
16026
37115
7803
16278
1368
24887
19426
43786
37811
34629
5786
47535
9414
20352
36142
4990
43788
29852
19566
30056
18103
38292
5224
13191
13185
29769
14382
36770
3071
645
512
3435
5618
11386
41581
40457
43933
46584
670
26791
9148
21364
8959
45609
21857
9123
17724
41414
10214
16805
36129
43215
44847
35728
21835
15617
44364
38595
9986
24614
14249
15340
49842
8368
42548
14110
38865
26331
14058
9748
39811
14021
46339
3798
26974
15468
42507
40731
6885
362
13891
24632
42147
43610
28747
21654
34151
18200
23231
26040
43384
2014
6874
19043
44200
26078
31718
17486
25388
31828
19248
40063
23406
36438
44064
4313
42069
31728
46655
17987
37445
49074
7802
29173
10795
21021
12954
10909
27252
33344
25603
26694
5029
7562
14355
26298
22582
33853
21819
20034
5112
4475
48933
21427
37472
7852
16849
16260
49995
15749
14553
22203
40783
10782
12714
25941
11574
28926
26931
24455
7121
41950
24751
585
849
27743
16947
15039
16487
44212
2668
31977
15011
44348
23273
16789
38582
5848
10376
14644
27057
12509
39398
43539
6199
13436
33835
9260
33592
32975
15502
47391
2564
29759
38284
31945
7942
6762
34654
39934
6583
27698
24598
34894
33326
36694
35381
19466
44017
37812
31754
22443
34214
7509
21142
32537
43420
27638
28362
11190
9517
4841
2008
9637
18595
37323
32589
47472
29790
33275
7351
6193
2795
23484
38749
30833
34876
44101
20686
11375
38134
24358
14631
8617
18611
21539
26466
27213
48168
5353
23332
31639
22181
38885
22766
39401
45073
31233
34522
13032
29286
44022
15778
4604
48235
23906
46709
39077
43397
33387
9363
31650
17479
31599
12899
9336
44433
33687
39038
2718
33895
49008
24398
1022
6467
37675
33157
35457
48273
8496
2917
31262
28517
26185
25069
43299
7826
6489
11894
47447
9307
41445
47273
37030
3012
19878
43101
8369
32540
15907
5336
46971
12545
37619
2913
21340
21973
11661
45982
18368
38266
25108
19762
13265
45035
12297
5890
30654
19934
30382
36716
24733
3925
24091
44260
48844
17602
10513
19885
25557
1653
36945
31386
47036
15918
16461
36460
22489
4392
16812
42687
29751
5966
2964
39855
2378
47671
40465
33499
2392
27425
48428
43761
35834
39553
10862
44904
36610
38958
15708
18124
49417
16357
26357
35808
23364
36391
25050
2939
42907
15238
35796
31032
49104
3686
42416
8535
37164
48765
23305
45825
31674
15927
9436
7116
6228
13073
986
39
27949
21656
13629
20077
23632
28760
33785
44091
8270
38437
24259
16917
40282
635
26867
42733
20071
4327
28436
15882
15028
10080
37268
46708
22089
1327
18341
43621
2485
35571
15973
33090
35764
10257
20332
34232
4302
43260
18090
38516
47877
14482
18564
14128
18147
6777
4655
18715
49605
23174
24539
15698
1350
17107
596
11702
15100
11933
31928
32189
32228
36251
4251
44322
10505
38338
31536
29075
36117
37029
16168
11768
26687
32449
8291
43232
15257
4488
46041
24226
21778
27825
41801
47090
44360
41897
46735
49373
28454
22990
39696
7807
25076
41138
31490
13237
33850
26553
16670
15079
36982
18562
14661
5483
28588
49829
44239
5175
28711
36018
19633
14766
39104
26792
10650
20386
19991
40858
31456
31617
10591
36196
39313
43927
18354
36904
12566
41607
8009
1641
20598
34954
34613
14998
13517
29095
3063
10281
19520
4150
22951
25776
40646
44134
37313
30816
39926
49691
29926
29005
36169
12390
25723
33196
49213
7909
10327
5177
27407
29582
3870
29166
37421
17027
14522
47203
9553
28947
11859
4906
41130
17482
7077
46035
10139
46182
43700
25142
38113
6204
17013
20273
28798
8726
14449
22623
47229
27261
866
869
6693
28384
21718
13704
35717
31903
24477
12283
33134
27386
4008
45179
40285
18263
13615
36932
36721
39123
19480
42602
40306
44549
13148
14937
25513
17173
38785
31387
36737
17101
19389
12635
10298
44577
25466
24607
47325
44311
14564
34909
10520
15643
17901
14308
46621
25820
45911
28554
14292
38963
14181
43278
23149
45544
24725
48823
4436
23718
47756
31646
45111
2482
2238
22478
15366
10947
12124
42476
24095
23880
19656
6973
19068
12751
6397
48482
44708
13500
23022
18445
39229
12422
45520
15681
28829
3353
3941
8256
9844
24454
30626
7277
24166
32930
4832
21391
49985
42347
36037
15013
40925
24093
12470
23423
39805
27439
6614
4871
37791
41878
7407
1030
35395
44018
17287
27451
43019
8988
29871
5813
10390
31699
21607
43806
16364
44258
31088
41548
26074
42773
34440
38653
3572
18025
18805
9675
36226
13052
41108
42857
45002
4360
12164
725
25510
45097
14467
42065
4389
16782
41168
21619
45446
33256
23226
37786
19965
25537
41508
5340
46519
33381
22475
5586
13339
3309
15740
24973
18883
23623
33018
49162
2351
39731
6289
41004
27987
9624
21884
20760
26752
14830
9451
3944
4728
48224
21360
12824
42530
11330
36955
33639
40192
38388
40281
22392
24015
39610
29387
6897
2849
35963
37911
6653
27982
18067
33721
5366
46679
44749
42035
39283
36441
15140
7032
2418
38835
1685
8951
24200
1825
23784
23003
18846
39233
8244
19680
20994
24040
10603
33254
4180
30621
1470
4228
15206
30278
32541
16909
23842
39169
12356
42793
27459
34408
27777
45564
9035
13930
48689
38795
37108
35107
11549
21911
30008
18271
38276
18903
110
18831
34844
24853
30996
40639
21009
47286
29531
48684
25734
33751
14780
17744
17213
38740
520
4410
37342
11966
43906
36942
12709
34046
3153
12316
5367
37257
31895
32852
31441
45755
43187
16906
39294
26393
39571
6570
26262
12113
1045
34187
8781
33688
32991
12681
11690
19307
45962
35057
8671
21932
17585
36302
45293
18729
3924
39209
32945
28714
46114
39431
32749
2406
37291
8460
34252
1960
18671
691
48530
18758
44546
27063
33106
4364
21844
34832
8167
46152
18021
11214
14328
9494
23934
31893
5841
1678
15212
22006
35237
6368
48003
28340
25523
15531
21559
4016
25505
21107
32970
8542
2824
42221
36092
45110
36621
29832
18398
15655
15065
47929
21735
5326
44560
34332
42918
27851
14154
2015
26474
36849
28725
16870
19104
23450
49779
3907
30393
20029
22136
42158
43970
46113
34681
7184
30754
9499
30320
19300
459
35902
228
15906
17466
7114
48725
46353
4413
30871
21941
14380
2402
34243
16146
35846
5236
4630
26493
21510
41809
4777
7891
10512
49318
4837
21908
6149
3828
41963
36506
29034
12980
49726
3357
18421
37821
13612
32809
45397
17950
13349
9516
44700
38027
6398
2225
29668
18135
2236
22066
36784
41188
29533
5719
10446
5561
28223
48714
18113
39548
30997
23967
44952
6680
9611
24382
10069
21536
40294
27892
45993
36785
14681
9557
19990
32875
15950
12430
6135
13100
21719
7414
24103
3706
30692
15271
19543
28800
37906
44471
16187
29180
26205
8025
18793
49569
13525
461
30570
41558
4709
15667
39831
39279
42995
13734
39589
13341
41316
41818
28371
23082
17643
20213
33555
37881
43731
49399
491
16234
35409
20812
30781
18492
7582
28555
5532
22631
17130
11468
18882
40638
3311
37992
32062
15767
13013
38047
1908
20654
32292
17930
429
41211
43092
13099
21610
40849
8418
41266
38802
37515
49019
28477
40668
4726
1285
46991
36626
34661
41977
8239
17318
38317
3818
45906
24082
11423
35386
32599
9200
38353
13283
41781
33881
46742
6137
34539
9043
16418
31818
23925
5783
19320
18824
27588
11903
20468
33648
49332
29347
38621
36312
5074
13725
30142
25617
16283
32037
639
11398
6599
44948
10869
36239
38174
31688
10516
23538
24834
15095
10341
49545
18719
36140
1038
22422
20499
46903
20070
40614
15092
22566
3070
1936
30522
46717
3234
44982
26070
36045
27805
622
7947
26608
12236
15197
29543
32692
8567
27736
37081
40934
30862
10647
44151
19788
36270
20410
39464
25586
49692
16783
29722
32427
552
9835
24551
35153
39254
35160
1330
46976
11141
49757
24354
19841
1238
49294
46719
20606
17109
19209
30422
7179
1054
19469
17326
15680
45525
28046
25989
45767
8041
5781
16381
20522
14032
21962
15480
47575
15910
27602
48683
21904
32020
35879
47511
2301
47495
8758
38913
24223
37756
43686
8934
5626
29269
38026
12533
42234
3911
10945
11466
5361
35666
41249
46776
38525
13190
28992
16886
43480
1703
28841
43863
10078
42337
41833
7778
24847
20863
7095
8724
44078
40719
47847
9254
42043
22807
44516
46939
12624
46568
11473
12418
9922
34277
4654
17079
1969
34128
31212
11843
2818
38568
2266
32319
15799
11059
36771
9801
46552
972
44049
46750
37292
11355
39713
9687
22611
44298
4896
24531
7458
19811
34998
4868
19989
35564
43717
8421
42387
15350
39517
353
32978
6056
36013
21591
15225
48247
12052
13703
9377
37180
22424
31344
44117
46791
16884
11402
48328
76
15900
20189
37790
37381
40311
28000
11154
15082
13353
42194
40179
45473
21203
44502
49445
16583
7185
12000
25417
26693
20655
13451
19725
31317
15134
47044
27491
21695
13312
47281
39814
47533
28953
2817
44808
44624
9525
44197
27124
3788
23915
46852
32679
10067
5857
17524
5098
46692
9032
40640
47938
33538
24619
41106
19855
17959
4890
24963
17116
28930
4387
36468
46368
11108
42711
7286
5623
14891
47463
37069
18390
48947
7319
25195
31557
41277
13510
43118
11305
40824
48646
25859
2498
7380
14079
27737
42294
48075
45702
27187
3387
22659
2596
15217
21595
22229
301
48049
33376
15071
34506
2553
3462
27772
48186
13358
12385
18372
11055
40946
12759
44396
24365
14574
4034
16220
19505
25543
42708
14765
30401
12090
22893
7118
29312
12543
37766
21211
4596
29161
22525
23825
38217
32345
27919
48447
45283
2200
27496
43283
9574
26900
33364
24516
27112
47133
28831
32275
15101
5669
5925
46980
1224
14400
4518
41306
14792
41967
25897
12436
36618
33920
20325
10826
16385
39552
35181
45964
24788
12512
9211
35353
22928
22124
34229
8788
9617
12201
338
34668
5427
886
45345
21937
23286
22943
48232
15417
42488
5946
33880
30410
378
31672
37554
25193
44990
26896
26891
12245
35149
31
43966
33794
32567
48930
49655
31502
26199
2709
43898
36575
24848
9947
24071
41500
27677
30898
1899
7153
37627
10772
4170
14770
1143
2480
20611
16867
28935
47558
44007
23525
49335
40530
27822
14339
2991
40642
48435
14675
19607
36516
31995
42971
31249
18056
3417
17158
11013
26808
5594
30011
49061
1798
14073
12166
6824
32266
8786
4602
20429
19283
18309
22085
20604
8866
6691
46664
40334
36350
1764
38105
1906
35703
15984
36644
37375
26261
9751
19432
6247
21144
6379
38973
446
17792
26011
36160
12812
30140
12213
9252
20326
20057
6857
12915
33685
18137
29221
44605
6623
1059
45739
45115
44759
41261
35480
20520
46561
32293
9633
11120
44637
41860
43952
19582
11197
16019
38411
19742
1689
20282
1073
20666
24506
32001
14969
16248
5672
28734
43305
40436
19397
6841
47011
41847
19318
27981
9339
41387
39260
20166
44840
42500
9141
23754
4093
31482
37399
3391
20204
42269
47326
9888
21008
21148
31325
16281
46646
16158
3622
14597
48702
43336
19947
17032
3576
46931
47078
34760
15389
7614
11673
41911
4926
46918
33235
31820
44848
42593
17305
16066
14971
37806
48805
6959
9231
10801
685
24124
9484
42086
32895
21392
19683
49260
31877
41933
11313
5720
32261
24020
10602
44565
24893
32906
1925
4242
3916
45533
23835
48397
9399
8892
44783
39031
37647
21217
44280
24587
17662
32277
43003
49122
19877
27631
49072
26460
6919
15897
25729
38477
32377
23626
24171
5282
43602
17859
28739
42799
2189
44600
11587
8494
24601
9530
1421
8547
12515
13102
19835
8505
31951
39468
32061
27327
2025
2570
22323
40977
38534
6451
11916
20597
21474
3515
38251
171
11668
8489
29856
23541
30280
44594
21989
42658
10975
36992
27087
18388
39881
41246
1947
6550
31593
27446
24518
16352
37414
45852
21409
15462
16345
42974
2475
10261
28057
46326
45148
33940
19189
31541
11054
40343
24665
22705
34611
46120
847
29315
11459
10292
41117
32125
17302
33473
9391
40056
22102
2900
1253
29162
33722
40762
27022
46462
25698
3277
1669
46657
36943
4690
47438
23968
34274
29951
47382
6707
42848
7161
10050
583
14662
39345
45274
12605
24338
38252
20407
34261
20264
26871
43265
36022
20142
5615
43314
26596
23679
3077
47916
8387
40218
6988
49418
41763
26001
21476
1824
47547
48030
2996
31105
29143
31371
21348
9061
22743
40300
30105
7858
24490
27734
13883
29910
45771
48810
10949
23950
39870
4227
48240
31884
2368
19220
28486
2086
31380
34087
16612
2788
12331
22158
21086
16833
44092
11631
43181
20851
37829
40562
37436
37250
45297
32269
8683
18930
5731
17628
34821
44207
33003
28211
10813
35421
36864
25438
19206
1160
26297
11405
10154
46494
13065
17605
22725
14505
41712
19948
45466
36582
15718
18967
41213
28743
7764
35100
38452
35082
17453
7289
22572
43276
8884
21118
13017
31442
39400
15093
33229
44707
27114
31241
22836
49508
39613
20305
40888
14879
25952
9351
26402
25573
34738
41018
13884
29893
11393
5624
3005
43167
32745
3919
17583
716
45418
34156
10142
42639
27170
12448
27770
29615
3354
43941
32637
29132
14325
24916
49206
8886
2951
16609
5021
24635
30490
38700
7009
39667
23840
16328
13403
26271
22946
27536
22346
27939
28461
26660
14637
35139
13266
21226
44914
14721
1323
20434
4218
45066
36197
19887
16423
1946
10539
25739
47198
27445
9357
9715
2228
22585
37457
17590
4988
35678
4311
7648
23564
22798
34136
20362
13871
43509
42524
46295
5409
30717
41974
44920
45594
28391
35085
41758
11835
2813
3380
11974
32343
26015
37225
16639
28460
28524
28389
31161
45929
29204
26264
45562
4893
29809
1463
3137
44213
34276
27382
98
40054
22519
2790
25258
104
10240
34055
41304
8518
33043
26269
7303
32104
6070
33249
17106
10495
36886
15631
35513
29268
33567
20601
34721
20882
9216
33228
2870
13195
19364
32722
10767
30439
21600
18236
44595
5012
11043
820
3830
45433
10870
15076
42776
46487
27078
20341
42132
13962
10087
31857
43193
18687
16610
26494
40134
35498
48096
34888
43607
29499
45201
5374
14273
6502
41172
8180
17201
9946
17058
47131
35488
23170
43572
27514
29051
1457
38260
7163
17415
11602
35270
19011
7393
45547
597
18737
30554
42432
22014
24472
40594
37546
47362
47817
15280
43414
8991
33237
12725
7510
37388
44384
47507
15571
32883
22839
3885
9649
30102
17052
24377
12038
45215
39755
14244
18926
30745
8224
31630
7817
11697
2493
15148
11497
39494
35426
11597
5940
23715
25735
29628
49840
17904
13562
41700
24311
12114
34924
44497
26604
29020
9535
18027
4560
2043
29937
5051
19892
24052
26157
34137
34853
14571
13158
34577
43478
4916
31424
2212
39193
27465
5291
3528
37520
8404
1003
20980
35556
37538
26114
4977
38508
35997
10873
45089
40034
3711
6099
1616
24984
39707
30049
42876
23010
25664
21851
38822
38894
44129
13205
33417
21430
29501
40901
15198
33861
16346
33413
3753
41163
25275
2631
41095
47038
40767
13494
28955
21522
25878
31244
36
1316
3130
34891
43078
26947
23887
9139
25602
18777
33281
2506
3978
28324
41780
9029
47521
35365
46461
25127
22565
1588
37408
39180
3775
38448
20247
32478
7456
19849
714
33399
35489
8878
26129
23021
5856
22049
18477
24023
21742
27842
45506
18295
34777
39125
23320
31798
47805
18248
22776
20110
20676
21406
4340
42479
33517
20960
40136
46816
34336
14824
4721
29876
7773
41839
25656
47291
11179
26554
31932
15418
29041
32334
49505
17456
44323
44983
18007
32133
4119
20802
8129
25114
2792
30701
23047
48259
27055
7384
20198
43878
8977
8027
27033
962
41524
4599
7737
28742
33778
17134
29249
11025
34715
26951
12772
46247
36748
26645
26320
27288
33909
47426
40447
21066
6862
24142
12247
35988
25549
13035
41819
48516
35639
31118
45907
34358
30571
12359
10645
23356
35800
43038
24771
11703
16516
6192
11225
41070
9246
40065
48427
35132
21769
19103
8317
25257
4455
9936
9825
8214
11789
8746
18990
16498
12905
19961
30561
46237
13988
43072
39314
46146
7051
37850
46923
7521
28453
7317
35733
48523
19227
31070
32492
47398
27433
27113
598
1811
49886
101
44181
16555
209
8269
4425
35833
1301
36898
34547
3712
3846
7270
47075
15087
29636
46451
3086
48406
29130
44451
5565
18893
16348
10127
37816
3099
42044
23684
36555
16479
23496
29194
3767
16676
23024
12847
35456
8456
23701
2338
42650
9863
33030
10779
37509
39900
46287
14967
19876
17517
15408
26303
14880
41507
25442
49368
34454
44550
1730
31667
38087
30104
6825
22034
21123
692
9346
1917
37139
15909
46201
45282
21627
28790
23882
29708
48724
17735
45748
14035
9468
7502
30974
22728
20309
33767
30583
28602
35385
21014
32212
34534
46119
10210
22087
12463
29454
30185
42933
6816
43393
17972
31420
31433
47663
16991
49175
22747
43360
8400
4001
37834
10199
18153
25239
12054
5440
36019
29752
10345
281
16558
27012
39026
31167
23978
35797
15958
1579
43916
16939
18143
28910
23080
36634
44378
24558
14350
11653
18170
9511
36923
17430
18868
33251
41555
19912
42292
20329
24655
25740
35239
32462
33370
3731
5782
23219
20573
6390
42175
16859
37163
30748
21135
23885
44416
10291
34555
43329
18146
3614
46072
25364
2118
1586
13565
16628
20207
30890
13112
33153
46998
17627
41367
42248
44286
11927
48216
27222
28733
3529
30618
42531
32448
38164
32868
25073
8345
41440
33058
6804
31313
33757
28361
40517
19646
14138
5971
23414
20394
842
6746
633
49615
1051
25923
375
20361
5756
5764
16030
10326
26295
41181
41498
34695
14706
32012
14837
47659
47705
40361
44431
27273
7979
1711
44875
27151
36866
38444
17385
17329
1401
634
8356
1844
15211
3334
29018
35287
1712
23281
47141
21720
14101
30012
21832
23650
48954
35959
2688
33974
35867
7373
10456
28140
10563
35673
12375
15686
3318
35013
32410
21776
8359
7998
40021
26671
27035
18152
3358
10252
22129
13115
22508
9515
49459
22589
28081
11708
8231
25313
30264
9209
13187
44924
40376
49037
42358
22818
4742
6081
36912
19956
48281
37064
42189
3675
25009
15682
43134
26181
3580
29802
13718
12435
42001
41368
36997
9199
17565
6232
27289
11683
12846
21167
14718
45995
14625
29516
7010
7853
6457
18058
45349
3027
45798
29222
30954
15709
11213
30235
45434
27066
27668
23557
26794
3193
9837
36908
49811
14636
1941
34167
39732
39381
24860
10052
12869
23516
35142
1771
33671
46786
15048
28165
3720
40205
37
14344
33771
6963
36948
45582
9425
29791
14427
36661
2534
1173
8439
48417
28548
36328
13848
34766
49714
23427
46509
32495
5325
32574
7705
31788
373
37901
34130
6158
25851
5205
39165
15956
10003
48885
23724
45700
15085
17396
33694
887
40740
32431
15931
18369
28762
26405
11232
24911
30249
44689
21566
29815
48203
40792
45649
48907
1149
285
23381
18563
8353
41685
6687
19350
25158
21254
48470
23605
18344
625
46431
14898
28943
43928
27561
40265
15330
4255
14685
31091
43013
39913
19289
35264
7727
20143
34586
18863
37600
34262
13330
19802
13614
37956
5022
15773
2619
29379
40135
35
48605
41796
14345
27049
6415
30920
2325
45463
33916
584
17902
26669
48484
46292
34354
21052
960
17890
4699
24871
44215
44421
43344
47642
45462
12654
45081
9656
35452
47710
1089
31966
35601
677
33609
38355
36534
45231
1658
12044
5337
26056
42881
16660
7931
12687
30421
19570
47610
40514
39137
29690
45858
31168
26406
913
24328
18539
35041
38071
38334
3549
27523
7340
48242
28273
5046
2802
3181
14846
49816
3751
33016
28383
3480
26774
24342
20712
27504
18469
30371
41084
10688
217
35929
2260
49359
26952
6933
47272
47171
26117
16324
2879
41509
47345
37846
41133
8581
28817
35109
33939
4460
16540
18988
5355
7014
30613
6968
16294
23681
22350
26340
5889
3559
57
26996
8478
38127
17665
26636
10973
2640
38732
31346
33215
24922
393
32707
49429
40648
945
36255
32904
19643
42963
37234
41667
27948
49392
22789
9424
39311
36749
23590
43727
440
22133
37629
3452
7906
45757
47525
22852
34119
38137
13291
38351
4366
14471
39085
17411
30990
10788
1841
36303
41541
37715
41622
48898
23669
48368
16548
1430
41957
16372
5827
42126
9733
37137
38326
8915
37416
17887
39068
47410
3594
29220
31689
39605
22562
2866
45510
39269
26545
31775
40521
12349
32446
35214
28134
47380
9495
31677
43773
11450
8131
13846
5160
18516
18570
1348
1494
13880
13143
44632
2005
30481
35629
17707
25373
14478
46890
41250
30166
26230
40548
18922
45386
47014
5371
31046
9755
4730
2672
3758
40174
41814
37456
22331
43817
41633
24663
49448
43567
37587
9661
25896
11301
7570
47096
16391
357
19837
1662
47716
6361
19945
5507
22865
33057
12057
41435
3284
11144
35912
25738
47598
2254
1876
39585
3912
45880
28784
12527
9660
33632
3431
38781
22437
42324
21165
32712
47015
41563
39903
33914
38166
19323
40184
44671
46571
1487
13423
43024
27758
29525
25959
4381
39929
9215
18324
33485
31590
22395
20156
10691
4183
31950
12100
9369
5811
43150
5439
26099
15492
14593
46970
41124
3776
18371
49064
48908
37262
44881
35173
4791
43313
12630
33783
8196
37242
43662
39611
39538
37296
17148
46027
30139
23404
34353
11358
12699
9130
29660
14560
38839
16705
33099
40399
15657
36883
15768
5487
26632
14813
10218
3599
26259
24268
15246
21799
25291
428
19179
28514
23628
43382
3230
46770
20441
23510
28406
4264
17785
40407
40194
20232
31921
48092
44405
45796
351
30956
39703
19926
25390
21219
38659
44492
4454
26105
41854
39527
40383
36069
46879
3200
7086
37135
23008
43438
10419
41900
12576
10948
15636
40429
1001
16191
8095
45819
30319
33084
49915
19982
42072
32233
19541
21191
12222
13851
18843
9317
39325
48820
40202
42307
2185
26823
21171
22236
5873
44407
22038
34224
21469
8761
6630
29350
24135
3186
26492
4940
18427
13876
16757
7321
41485
12017
9957
23446
36458
25356
41932
34803
24174
4966
3838
1303
38117
25037
11551
17005
29776
11949
44097
17615
3437
40788
18450
47956
21029
22075
11009
42868
49603
3687
48966
34535
47527
41418
15135
48622
20426
6270
2812
22391
19761
39876
37039
20643
1582
31939
26959
5105
37563
41891
408
37940
14206
9263
23298
29349
35718
19247
49022
20825
2076
16597
38927
46030
14854
27394
44531
5481
7167
37082
31092
5403
10420
20915
34792
1459
25176
33662
43514
13109
3150
28857
20490
21073
25263
32236
48097
2067
35752
26106
34100
35213
24608
20966
14284
24483
27762
32631
39408
33285
21986
16746
43027
48507
328
19403
48382
14848
32114
22026
29905
28299
6185
49050
13467
21841
49302
18227
39957
13389
2022
15109
20773
35892
34246
10347
23807
32604
10380
20791
39046
42139
6875
32011
10221
7091
48411
49381
4097
38684
3345
38204
21316
43425
14047
5518
4705
32419
1378
19159
47907
8789
8086
11255
15533
19724
26889
29605
20295
10728
36590
570
48877
44552
4043
1129
14405
32525
21396
38084
42334
48814
47062
29573
30080
4738
42672
33789
22864
3028
42225
43093
19453
36102
44324
38770
12678
7396
7889
8767
28207
37635
39415
1060
46128
41768
29945
6604
15147
27520
42503
2385
24168
30130
13249
47629
43947
33515
10669
1692
7900
39588
23515
2048
875
48847
46969
24741
4079
35972
36299
19796
29184
40848
16712
42423
32516
31808
12894
1909
25875
8569
6087
22540
46373
46818
46669
47205
37200
13844
586
32636
48599
34559
34551
37431
3489
26246
48445
13203
35864
42758
26116
34312
49541
46968
10996
35562
30348
18482
22637
30648
23961
48707
37944
12109
44921
32303
4376
48911
16475
31281
18776
16636
34711
16680
32361
3583
44610
48162
10671
24867
18320
9366
14858
17823
49906
25914
11509
32955
29393
5437
26593
28054
9201
40840
18975
13245
18724
5452
33015
4158
32202
41215
15807
18528
41540
17833
14581
36339
33457
11071
23550
35957
42780
662
24475
39462
42075
13597
8028
29010
25985
34209
32272
20922
22701
14699
45027
43904
12773
26869
4689
38396
48353
45549
3374
1735
34091
41835
40012
40738
30373
6105
17120
30362
25742
30966
18566
49321
18436
30971
48008
8858
45459
1785
13627
30846
46161
7664
11118
44639
16228
23512
41080
37206
14888
37422
42506
9409
20517
1872
49812
30987
26852
16402
12933
8491
1199
16735
5317
32674
48708
20677
31659
27568
4574
14074
21969
4901
24079
21479
2382
38716
37243
25105
39079
8272
23985
36381
31077
21183
12049
15404
21807
29599
2793
30900
1215
49954
25088
15928
2699
14634
37499
49220
37146
30416
33952
34831
23748
12671
12832
41931
39854
18338
26839
17784
1244
35123
11057
25065
27594
22413
1605
18496
37162
15577
36990
27421
30856
29275
49267
843
39721
46361
40829
1203
595
15573
22720
49568
28455
37012
9194
37010
35202
38717
16527
41850
14446
22364
49026
33600
7684
40686
29695
13329
1666
41381
2786
16741
10875
20046
24891
47336
45067
13047
41589
12920
15200
46867
12456
21889
11217
5056
26732
37948
35616
17650
38449
40855
40931
346
41013
15899
6436
17161
12898
24899
6208
46875
4638
33061
4308
23990
38633
8972
2998
19422
42652
20770
49679
17078
26664
26169
455
18088
47170
31902
23335
36946
46021
26826
37255
6107
48798
8599
30747
25138
25526
8550
47427
17018
32029
11503
39806
27580
29521
24466
42653
49420
3915
23501
47699
3770
28986
41156
8392
44236
19797
30500
10485
22043
26717
33929
44747
5156
17216
27292
17264
37775
37838
42239
6238
27767
14140
28297
48596
5329
47661
26465
21338
33294
8521
20149
31530
47890
13781
20555
26943
24890
20958
1772
46546
8343
17371
8763
31277
15409
35335
42900
10207
15356
12410
19445
26560
19931
16272
38345
48626
14692
36552
46815
24442
40338
23198
10531
12396
32881
40505
22010
11088
45959
10569
19590
42310
36327
23798
23760
39673
11352
19922
27133
11628
38860
3920
30624
13908
34075
15908
4662
35983
10217
25975
43529
45595
45050
28858
1655
3876
41313
49884
32647
26513
23949
34273
314
27917
5293
31025
26055
12924
31882
5990
4319
35973
7832
8817
11382
35598
41632
8347
10635
17441
12806
36570
27434
23811
35801
26182
30607
26469
40120
10162
44902
33780
84
23049
18038
20745
31390
18387
6631
48331
6315
10705
45229
28779
21387
11534
18373
19820
42638
3661
1907
26123
49710
47919
16051
13806
3850
4348
26572
32170
28020
49917
48223
25007
12910
31523
48199
43455
7811
35579
38294
40
10429
41011
18499
39955
20741
4524
39200
47503
29538
1636
39945
1686
37691
36897
7024
5138
48959
8640
17081
38586
5131
42749
33500
3040
14357
38953
19414
48726
40590
10674
32475
11177
29362
38589
17827
37701
38232
14314
21843
26707
27148
42852
22152
22137
30063
45712
44997
23569
33140
45438
41425
16477
7199
31318
11821
10692
32263
7896
17927
9481
28893
43315
41993
11601
17243
40241
2635
8323
46336
12577
47895
30967
24276
31181
5447
761
1614
7323
6380
9559
30711
2197
5524
40397
21261
49016
45278
46680
11980
17969
42651
9720
31031
36306
30764
9140
23046
28850
48116
45516
41643
19871
1587
22093
22821
43642
28092
1262
32717
6876
7066
9528
49949
15530
15921
20962
35877
38739
2881
28338
1840
4568
40171
17240
38000
4372
23874
41657
37383
33104
7202
38934
26714
23854
44977
20832
45405
1263
1211
48038
37433
23090
12888
3255
22944
35450
10846
21072
39213
42377
31026
44858
7329
6400
10113
23764
30274
33769
26898
8034
27478
29293
31789
35208
31568
16704
3313
38273
42967
9483
35258
10917
22386
8865
2949
2912
13130
13929
36831
48245
38065
19431
24305
751
31423
7552
23490
44160
26995
24094
34677
7027
32554
29381
19768
25671
12837
29550
9191
19894
31786
22244
19355
9117
27307
19310
49140
25716
24392
6344
44039
3428
46067
11626
17370
26282
38154
8205
23398
18895
5246
22827
14127
37165
29056
42889
43132
23616
5991
23730
49215
39547
3161
15392
18947
22744
11985
38429
49754
8665
24545
21306
26109
28229
41888
44852
38627
36105
1813
7904
754
20216
41612
25112
22875
7746
49347
40367
5429
16316
11533
12514
35462
15526
47037
28525
37667
19790
23440
15650
1628
32941
26516
27104
5771
22849
12859
45717
44128
8409
35862
14680
216
42689
49171
17685
12793
21955
49658
40096
1902
3688
29794
25912
38271
34335
42224
20691
36157
27411
17980
18343
49317
42935
26643
49859
47960
37442
24946
2918
19150
32126
31057
45946
40678
23781
11103
21537
4493
11074
30819
17478
12491
391
48483
32556
40699
24955
43546
4463
8320
17140
11107
39108
49230
40508
1619
14613
25333
9429
38952
25419
47259
16073
7244
29997
36800
44789
12289
15143
28493
1442
34783
21295
31355
12999
30224
42444
31920
43884
30338
48772
39788
19657
18123
15396
34608
47236
506
34994
5179
23617
49593
1086
11369
25686
42070
26819
15459
21502
27402
32830
46737
16032
45209
22361
24656
33530
38177
25305
12867
13140
2344
32322
14173
24651
37317
20203
5033
6556
13393
21758
30882
47686
24391
18268
36872
18001
14495
22771
18558
25960
34400
20446
20103
31611
33922
12466
9322
33494
49164
31475
45870
3893
47818
18249
44171
9109
30591
21668
34189
22594
39394
10084
44970
48378
12126
19003
47842
25238
46663
22957
15684
47120
38531
34878
49193
23362
46378
13483
12731
28279
1198
16053
44292
33762
4416
44127
21465
17117
20152
24222
24898
35190
35882
47066
12677
23691
23603
22904
15637
33312
32922
3691
30
29203
28570
13321
24906
42703
22545
47741
9742
13695
23357
28748
26275
39195
48508
20502
49907
45018
21892
44607
27837
19348
25396
25542
706
42096
46997
18107
42866
11761
16790
23248
34109
948
44706
45476
15553
20750
28073
5087
19846
29227
19294
1624
29498
24723
48439
42265
267
25295
7000
35004
12261
42167
28623
42994
9555
31443
41782
9312
24527
11273
33112
46156
13333
6117
5729
26124
5951
35537
29345
13490
35720
29331
42367
15251
42985
43829
31451
31477
13207
27460
25103
28382
29748
20082
4383
41884
42456
35444
1040
22039
29657
18578
38295
28838
33139
49033
47032
34686
8182
30315
2409
31130
19819
25228
34169
14195
18351
41628
44030
13639
22123
39484
12798
26783
46765
42200
37326
43444
46388
8434
1382
40705
15249
40871
36139
19588
1006
18677
14307
23267
44815
5432
31358
35186
47935
36564
49029
33442
10749
85
24577
49808
21120
36741
36075
34838
22277
28458
37873
41716
21326
35277
18012
10853
18935
3482
21716
2518
42148
43689
7338
44739
26296
42394
7518
18845
30199
22351
31787
26990
44380
37818
39495
32985
14776
8565
30488
25579
45162
4883
30782
40661
47010
36195
22045
3785
15304
32338
698
30023
32925
36802
18024
16514
573
49143
36192
41459
30192
16519
1728
18002
18424
38108
36168
22067
20083
49288
43242
13411
43558
7838
31320
44682
24439
34092
26052
36544
21339
49403
27821
47822
45350
40939
794
39701
44925
3211
40312
36701
2470
23694
5806
35966
20982
23527
13091
3582
19325
49483
24666
9267
1283
20870
12733
42101
12191
11820
31256
24369
36072
36814
41910
30176
34292
29186
21905
42162
13063
47586
7055
28237
11370
18874
3395
47314
47902
35874
45571
1820
46811
44344
16621
25845
7359
22486
2897
23565
1620
28675
49201
8352
38305
12740
22734
444
2274
29795
36426
37000
48121
2814
38793
49496
23221
5663
23546
21490
46108
23519
20130
27474
24334
712
30940
30645
31003
18769
33282
46609
41566
37549
13482
29205
26921
5057
23707
23778
19273
14742
49474
4575
18057
18182
20868
49199
37022
15345
30531
24567
37815
25821
27719
32010
15580
16942
29535
15959
44992
23225
18401
21504
44536
39737
19173
27281
4594
5495
23280
24231
13270
7436
22872
7954
1995
48652
28087
36656
16136
32124
1608
18728
28257
1306
29798
35479
25687
2267
6161
46802
26578
15035
11939
35459
27977
34446
485
851
4289
28381
17175
13802
950
47470
21280
23937
11675
3427
18567
21733
17252
29590
11520
18603
13760
7406
1109
10450
32653
13664
45686
23558
48531
26127
47562
10967
2922
19579
366
32283
27900
6319
11475
40158
35238
903
45341
5242
18323
39436
35658
22926
12042
35824
4830
49958
7240
29854
46978
32172
32185
45410
930
18711
11992
17922
25372
7898
32402
44540
19592
44162
28126
46748
36162
42290
17183
24288
27191
33782
31960
46886
10545
32799
30690
46212
33074
139
33258
31486
29107
35331
44631
8670
9541
11896
27622
35631
20099
19152
43971
2885
37350
32442
27601
9228
24098
18209
39215
40854
10177
25662
7893
7104
6828
13331
26107
25832
15057
17891
31136
738
4918
6050
7871
3304
3728
35978
28874
38854
41023
44772
42804
13183
38080
49464
6675
24508
25779
28870
45265
33357
17205
14536
46208
35126
46137
13993
20005
27817
47664
19212
13576
45091
19669
42757
38742
46813
40626
42795
33575
21023
30818
23573
10178
15370
35721
29847
31716
15179
6895
24983
788
30610
15970
8433
27186
17031
17797
1779
14209
30357
10493
46834
35314
8367
33250
6200
7706
8587
1699
6068
479
46360
35793
32085
49911
27443
142
11592
47016
28814
37532
21748
20411
23417
46241
9623
15610
19503
37019
21020
28037
33103
47313
30152
25694
32211
3454
1370
10768
31066
5960
18681
7019
34047
13896
31904
9079
28840
36909
21225
5981
28693
4527
9016
28865
40972
1881
10726
46060
33401
34319
5202
45352
20761
39501
3293
13817
6779
45225
37796
32594
4937
5597
30772
13636
12268
13275
38114
13715
44989
11178
36172
36447
21987
17178
10589
29311
37428
19354
3302
36795
42066
40053
6154
32613
27397
21439
14790
1087
40700
21894
40168
11253
35017
29455
2935
25548
25340
29483
24602
14275
42990
26305
47970
7831
45442
19180
607
14707
48718
15006
44891
11296
44057
31891
46915
3126
2764
3470
41929
26251
5902
8165
39996
38652
1592
36921
48617
9652
30477
49084
10268
48782
47146
6822
37894
41331
16245
41630
16172
36259
36508
17293
39792
11891
40379
39816
28938
34788
9607
2787
17238
25265
30968
19564
12179
25529
49825
49185
32227
29228
2293
49155
13542
19538
31525
48978
32418
30426
36535
43750
18607
7097
4106
39871
2433
19013
49693
25404
48149
14860
18140
3192
10391
10324
32960
26638
2584
46731
45838
27237
40207
3154
11228
39767
41501
46671
40413
8189
9850
47461
12365
32908
23196
4444
8647
22579
13293
43235
736
37178
18521
14763
7567
41863
48048
44312
22822
37528
12383
28325
24837
6481
2556
27280
5164
26502
40346
12238
29555
31931
2380
24017
34484
15512
44652
15288
17505
14087
31295
18252
14029
8201
18979
49293
40013
7652
46972
45133
12267
8099
34175
36566
11919
30595
5072
13466
5510
9893
1315
33277
10941
10034
7431
8098
12253
41119
6488
42888
32143
47343
30268
8420
43784
21876
39023
10672
4525
39280
8894
2042
45223
2129
14321
1131
18154
24889
5704
21282
45657
10051
34963
46190
34248
41294
7067
35595
11764
9277
43012
18919
41077
20776
35204
21601
32869
32110
34104
8141
21045
1640
36830
23065
24705
45443
21168
26728
13041
1170
21855
30689
18659
13941
21274
37880
31580
39898
8090
14619
24767
40386
44327
12386
25382
4734
38798
34379
21682
36668
30252
9929
44019
38421
8980
24556
9443
19741
31196
41867
6138
11298
47646
1963
36446
45888
30957
37052
18144
20169
22982
6460
21624
23391
4077
2860
262
43264
40348
8794
40355
41595
49947
8856
25829
38674
13340
28309
38023
39434
38982
19958
28354
22696
26437
17494
12154
14212
39153
17993
49498
26414
36482
15890
46189
32115
33904
21700
26711
49451
26510
24786
26110
24502
915
33978
28715
35803
14077
42255
23453
1503
29045
45258
11651
35451
22654
33496
37576
2364
48669
49187
42895
18032
9594
35878
20350
14769
18082
23130
3254
25169
48438
7208
15542
19418
8863
12243
15227
47271
2137
28797
27466
24012
42006
19278
11886
9773
31028
7839
23732
17988
1232
26564
22135
19106
48664
12876
33004
38804
12419
46046
2663
3447
11226
48542
24492
49987
9278
35124
35029
20348
48166
15872
42256
38074
423
41711
40267
8204
23958
9024
43454
17227
33917
30263
42247
47703
26489
36704
28641
42166
3366
14437
46383
22775
2613
43485
41416
10859
41777
3849
18003
48849
6917
4316
42754
10368
40516
20402
7499
34871
20804
23137
10082
45242
14761
47195
3531
12897
13948
47601
43598
3412
46569
646
27270
16800
15968
9118
25440
30831
13873
41241
25996
47580
16379
7465
6446
39063
49398
25520
25151
26558
11271
48208
24736
11377
48229
28243
44685
41299
29514
40165
19334
40204
44429
29433
10398
47312
48951
8774
3402
25314
445
4498
29587
9962
5475
18022
7691
39616
5198
21264
15420
4923
34364
14588
47193
35603
47799
21721
12198
37762
41417
20511
6940
19193
3238
31107
40142
8979
13783
1527
35729
3698
35354
4393
2550
1477
43091
27400
48792
22027
4892
5592
5313
37390
37370
19730
46294
19784
43058
49024
32076
249
10442
38193
3619
24992
40781
7885
14512
45028
27456
5197
3591
45550
29635
42339
17464
17997
19900
24159
27659
11833
37229
29310
10262
20301
13248
41905
6986
25346
27331
45161
21200
27575
38964
19519
6506
20072
37935
874
33966
196
41817
12348
22240
22411
31528
49785
18513
20257
39884
31405
43157
35511
13513
7187
15554
38722
40051
23310
315
11182
9698
31749
1559
6838
1913
24397
22772
9872
42039
19736
1743
33518
24468
40001
13264
10300
10017
28677
18709
49705
16701
31265
1372
21237
34193
32278
24246
14188
49855
37244
22225
8883
46540
951
8459
1317
38753
48821
31812
18479
49867
35788
3458
37187
47125
40659
40609
19239
10796
27390
2639
25463
11205
39989
4286
24668
22397
47192
46007
43674
27319
15442
1438
16830
41272
14221
3970
41280
18033
15707
27404
7545
14064
44015
36528
28380
22533
37551
16223
38135
9090
8386
2375
4486
42724
39826
44192
10764
3075
46284
44139
7912
38318
21800
30536
13587
10144
29395
11982
1302
11407
30448
49287
21826
19044
35359
75
35682
327
17088
29328
15343
20514
47873
6002
6366
14293
42839
7481
22844
25473
32360
12507
41490
10325
1716
30476
21605
27611
28769
8509
27310
1531
1707
23441
23272
17818
7176
11862
34643
38441
49326
31474
6150
42003
42865
25268
18239
18945
47290
25812
5322
37377
36821
11041
1944
34855
42185
36116
14388
39936
4641
25206
10286
29824
5457
33911
49834
2346
4182
16062
29443
31776
83
28723
49379
29460
6659
36998
6133
36190
2173
3679
33024
37160
45610
27632
33786
24481
5936
46883
28033
38767
48311
24432
48257
17070
20277
31553
42740
48701
28777
20238
35294
46778
26289
28456
10575
30952
30770
30153
8625
26603
45094
29739
5119
38182
47534
38847
30288
18959
9812
20987
8867
481
20634
15624
20999
18118
37336
1004
16333
24524
30678
20961
22198
20711
34702
39647
27933
3606
38153
34567
23020
45029
19084
32459
4204
48035
30094
12045
42440
38855
36206
28666
10994
28847
31246
49858
48857
38473
42276
6301
47827
42389
35496
18202
6260
33807
14844
13478
26364
22373
25743
25337
10387
10636
45210
25469
26165
42306
26559
46734
31936
48910
8538
13670
2644
33734
30433
27812
36379
7533
38821
18099
7451
7517
21868
33806
7455
40959
38354
12887
7674
11612
18084
5183
32168
15221
15126
7535
46523
17765
1626
28441
48255
41227
28151
17381
10353
25596
49540
10549
42108
4109
27940
36201
28999
15260
9197
31529
12943
37643
8097
11742
45494
35297
19941
7283
284
26683
2524
20428
28960
29842
4888
38760
4140
43504
11257
713
14037
14063
21552
11937
26410
17866
48443
27091
29024
10580
5949
23126
17580
31288
43774
1258
36242
28116
29734
37804
11282
47005
34001
4933
25849
33149
39208
26833
33894
47104
29680
8674
15964
1931
38184
35260
11969
49554
33488
4947
41873
26201
35025
3948
43302
49298
18864
35394
23909
29799
39472
6181
18801
11882
23303
1761
40303
710
20911
11829
9120
30164
31780
41639
48514
3340
10938
35727
8580
30395
47876
42954
35114
9833
9402
11166
23726
12389
19210
2664
40874
31883
13971
32253
47297
19249
48768
43331
35157
45863
21186
26358
12972
25139
14193
33946
42879
1766
17741
21535
5461
42809
14315
13661
23829
8312
21485
1230
37046
36906
34125
19702
47194
35389
26163
41101
35860
2160
32512
9457
46880
41568
3329
8481
16427
24425
34713
20494
30593
17747
4022
879
26652
4304
37168
14919
32450
9170
19076
8178
44841
43548
43639
38605
36559
19587
18203
25181
5069
17008
47301
38725
36074
12387
20929
20406
28510
37664
10441
41730
41996
9575
4749
31600
26139
43510
35111
40254
8975
36402
38175
47590
39905
1033
36491
15083
43874
17122
39050
25917
30018
38590
44297
21972
43914
15407
43241
20313
46897
31570
46763
5985
16836
33060
45316
9693
10809
38045
10830
14529
31783
10528
13318
27417
27174
6394
19120
2969
48023
35619
8288
45155
4619
42366
33523
33486
1127
30016
942
36917
27395
12318
46149
5798
22462
35581
13579
21786
16653
7786
33159
6019
22792
11235
32956
34407
18614
33506
35789
14124
43179
15434
1613
14383
47024
39726
21953
31684
29403
28417
45432
5638
9142
4519
44704
39635
7462
13677
7228
10118
11409
31293
41790
31000
49222
2554
2422
46181
36891
13033
31911
42838
23725
48506
35740
35654
5519
12834
2224
20956
40180
40067
40706
27410
43925
24780
43926
20389
8285
31909
27341
10844
5513
33310
20458
20541
44854
5790
8324
9286
26786
38320
12111
34996
37820
18634
7257
33402
43684
10727
23032
6568
5961
34584
7867
36451
14145
29380
45129
30703
13920
5760
44864
30165
46448
8091
40728
41408
33126
34110
49588
10931
16086
33827
5854
48207
32405
14297
46323
4005
28681
48421
38062
7078
30796
46715
17791
29165
7762
1552
10548
34772
24912
37133
23297
28606
7508
17808
32876
49531
3938
2811
46639
40739
32893
14059
45608
36442
16209
33298
37997
37152
22588
37129
44202
15070
36291
27440
14630
25434
10381
39054
42816
23240
15922
33991
870
41513
29181
6951
42445
12720
237
29287
46278
19689
11590
331
33503
36265
33093
32296
4774
43195
22558
29030
23340
983
20135
21675
23836
38996
36538
35467
33091
27724
456
47265
24368
20967
41830
1138
25546
35665
8739
25094
38695
49832
17254
30730
35521
47738
22524
10587
22998
28532
35580
8604
40992
46235
15445
35784
36007
35436
5254
43804
25262
29073
18869
7213
9131
40472
34079
47899
36789
30482
40203
20112
47086
4953
28478
1123
48045
41186
14291
10927
35163
11421
29591
47850
20223
26397
11705
11582
46728
25576
39872
38245
16252
41571
18303
22442
16255
32372
38545
19889
4902
15914
35384
34989
41849
28070
9047
28415
41747
40852
32031
14757
36247
21352
43768
36461
27336
41401
21221
29626
7294
1467
5276
42206
48816
49355
11569
41732
1475
34282
8844
13392
41479
17007
22216
37531
33557
17017
49357
20030
24296
7953
9434
5423
2697
34011
20821
23973
18157
2766
628
1542
30629
39920
22507
25126
39505
47767
25622
37364
37598
36125
48113
7800
43555
7716
16900
30248
12965
28682
2894
21891
16308
13201
13081
48547
24047
30962
36766
1064
37259
17312
20027
24584
18262
43060
27265
17306
27118
8958
4642
47332
12421
22890
28916
44399
4673
11342
14533
8824
17460
36340
44630
9548
22991
37721
14806
10280
36896
23606
33450
2691
45953
37066
35033
43732
41556
48385
17317
40464
32167
13707
47349
18138
48000
26870
33924
48485
14051
30820
20403
2585
14991
38021
9497
46071
26255
21878
18722
2876
30369
7760
1276
2264
26193
5651
40406
32682
1205
696
30270
38250
28901
31823
13356
3609
48807
34946
22787
3735
6839
5753
27120
19904
9560
14944
47060
45919
20180
2068
5083
21997
34717
12628
15786
9175
16736
14851
14657
31652
26044
9466
44895
31203
32187
8646
32152
1387
11552
15187
11772
17663
47363
26160
15916
7201
29887
48637
779
25426
1166
34429
41267
1234
36313
12413
921
24332
45774
24827
2169
38610
1718
7370
48174
12379
9037
46454
15858
17144
45729
43122
40481
28863
48787
41880
33036
2491
49032
38200
39846
27070
27389
29404
17537
21737
12329
33902
5674
41182
1856
33118
41199
48120
27019
49402
34346
26845
49951
47856
7337
49450
13992
9390
49704
1412
30927
25316
13969
13240
19356
15415
11918
22090
13229
26857
22892
27650
16911
6500
28319
10541
33521
21561
40671
9442
19483
2547
15810
42236
2627
33078
6721
43848
49764
38130
43465
27444
27528
44180
16528
31311
32550
18030
33079
45795
15901
49910
47433
48181
3857
8539
26923
12404
36481
14950
11842
42218
36170
37076
44077
47526
39428
17159
41938
46544
21756
49124
48410
3764
47445
19261
36519
18198
11456
11105
29278
30182
12221
19144
27683
42245
13965
673
5048
19831
26418
4780
23987
45022
18077
19972
31777
47329
10055
4964
19530
31056
4473
13254
10365
20720
42614
6809
3739
6479
16971
44606
6886
45708
43042
2776
13213
47921
44045
9573
7367
49636
7710
3577
35735
26670
18835
17480
35783
4483
35423
14746
17706
15711
15073
36362
47904
48159
18542
26187
21956
37562
27338
26046
47790
34323
25913
10555
44056
31286
24325
43407
35486
23893
37999
43955
44731
34951
49818
29805
39167
19978
18691
11371
48192
19739
10581
6856
38643
20063
13432
11314
37840
16775
29800
22095
14546
42348
29528
17698
48376
48969
35418
43923
961
6908
42583
43415
15133
36877
20017
33280
5589
37379
38833
41822
8002
15575
12504
48641
28572
19955
47500
44442
3424
40458
17467
12794
2724
49574
22733
37145
36888
42455
32042
32834
45648
22360
14214
15912
31175
2536
19235
15263
44418
26803
26678
38814
42831
43175
34590
9
31738
10362
49642
2204
24361
37913
49607
40786
1506
36369
44302
12175
19146
44684
16334
32465
30991
12822
20377
25534
26901
23116
24640
43992
43630
25638
12631
25527
3772
41209
17978
4598
14444
48189
7940
33367
25066
30760
4075
46964
21617
37571
33359
26158
5372
12550
25405
24884
29512
17210
29901
36594
26247
23881
19339
34368
20623
4325
20635
42338
46828
5744
13799
20327
1733
24560
28109
9845
42847
22354
31360
31914
23452
17386
36000
26566
11448
19586
19407
35477
21726
49996
39467
38111
22687
46960
37454
23078
29037
6471
6180
47458
18325
20423
16131
33883
17775
11037
43702
23979
4476
32961
43870
8633
6967
13914
35907
49249
17086
770
21067
3690
12060
35306
8956
26656
23871
4232
3930
43522
1809
30789
29627
26080
14698
8916
9744
3972
48321
47098
25919
24964
28172
17484
5511
7173
394
22960
31368
15334
12988
21749
26427
8828
15380
1454
24321
10889
43365
38704
22245
27967
10150
43300
25450
6096
39537
44487
14033
44586
48083
2289
38992
36752
10597
17230
12007
6788
28374
8656
49395
49079
2083
36394
32330
38711
38491
41464
17751
21499
19
25344
32080
42459
22298
18956
18414
33481
23489
734
7389
13840
13803
21227
34898
30461
49282
33813
18253
39662
28078
26065
41128
43929
8748
37959
40487
46408
30558
26128
15663
34165
40707
38139
29089
20160
49707
41218
17259
29913
3734
18527
21859
24809
42775
46254
22276
6539
15558
44960
32015
27487
46524
26422
46227
14019
22447
41062
8703
16891
16428
19215
45416
28143
5405
25259
4288
17608
26748
2090
15994
33750
23875
11908
34043
33198
43845
2728
48871
16763
26979
43666
40826
25869
11389
21002
27671
24825
7117
41352
918
16302
8211
2591
46250
46608
45330
34588
9823
46199
6946
10033
35312
14381
16699
39902
33324
28028
29730
43428
47249
35570
16407
3349
32008
20191
20545
42578
23342
1279
873
28868
11126
6776
37698
9640
10694
35865
34663
17770
35992
36017
12621
46496
16535
8645
188
24101
29536
8764
5803
23054
3290
15953
47100
16275
3189
37405
9992
21335
26785
39232
5847
36073
2481
10245
41799
45633
27330
49980
7557
13967
17003
25253
13646
26498
15775
7639
5794
36244
19464
20881
22947
45302
5218
19073
35210
7044
8314
47516
42077
29144
49214
30144
8403
32553
17788
773
43668
27789
27881
17746
43499
23960
30722
25569
12332
20557
42843
22040
28055
28976
40983
45011
41346
30113
46419
21087
30438
35134
47070
23772
36522
35285
18696
24162
39562
43590
22665
12024
27662
41895
23902
46277
33182
21574
28750
3280
21036
38646
20575
18690
32645
35425
36755
26284
1486
14
9799
7461
19316
33741
16797
41637
6384
42590
43102
42471
27271
49351
16041
37745
17197
35211
19640
11299
41274
46958
37471
23658
3547
39825
44328
38325
23630
36586
735
40635
6213
8650
15644
31741
10525
7300
12742
29694
38413
16103
26071
35087
40069
8437
2434
39487
43831
10629
42154
16894
47227
12220
23903
2252
18847
42364
14834
21232
11548
49204
33375
14410
17049
48359
5385
20593
2155
8877
27584
684
6492
25916
34300
32452
6837
38579
30403
26377
16280
41214
23578
32265
27383
46180
14240
30259
28429
21919
12076
42023
26265
19756
30291
17100
36495
13514
32524
37087
27298
46518
44931
16268
12242
13211
8363
49178
29880
6514
19463
28174
9774
11045
35377
47633
35308
33297
8742
10760
26486
47177
15753
23794
17721
28672
32235
25625
13934
14486
22288
43622
40316
20176
19760
17644
7375
2052
8454
3339
47159
30404
32723
43826
26797
44843
1015
45806
12697
34570
11325
21407
28929
39882
36085
2192
22975
36811
23353
32323
44573
10547
15653
35712
39473
40857
38713
32498
23138
15787
14927
16688
48616
1299
43679
27441
8331
10971
38618
14487
42283
42332
16115
48815
33448
48956
18244
12660
4014
509
39265
741
30294
39008
49644
18787
12546
44638
47570
29147
22250
10737
36520
49527
41786
37755
23474
24287
16404
19665
3124
33560
39646
16157
4687
45816
3736
43143
3225
33579
20783
42666
13217
45492
39809
22335
11643
17275
23210
32248
35670
31195
43209
39300
30467
40244
1141
48977
39768
22936
36164
24994
44628
26630
26012
34927
1284
33699
36845
21478
45477
11528
22746
13066
18622
37642
22513
27214
39039
17015
30877
43252
46948
5319
27871
128
32346
42701
12343
24729
43601
21567
10729
49610
19467
29337
2669
5994
47187
36970
34180
13733
9725
2694
5258
19380
16306
13145
15360
47208
22961
17128
471
3043
17439
12350
20809
28766
16523
4207
34797
30578
29709
23824
21532
41216
40388
27531
45062
34223
140
41395
39572
12031
36796
28615
41476
20126
28612
16177
25190
8837
29210
14527
44201
5075
38520
1966
43259
2889
15272
575
6157
30716
38324
26956
22608
29272
20692
49486
23034
5375
27559
27428
24805
38594
6359
27947
48704
44437
46104
47913
38187
6522
11840
5774
48941
39822
3592
13867
32288
317
11676
1694
33913
37110
8520
45742
11510
18125
19690
5406
49232
48426
14535
18242
16145
27483
49466
16044
29934
48985
38630
13807
21495
23677
9476
23695
38900
46084
35022
2941
48970
14798
42490
4027
16229
38896
12765
18764
23703
3625
29344
35871
20571
38225
43040
44375
47886
2426
29115
18803
49228
32429
26967
43
39319
28496
18904
42496
11345
21289
15911
28117
9832
34367
41546
38138
26885
42172
48758
48303
10086
2980
45239
35150
6052
28918
43626
11638
1769
30389
12666
22022
17245
36471
27693
48184
28135
49296
11786
35657
34083
25899
17925
8093
34015
23574
36801
27859
29676
31122
27042
5681
34437
33175
5534
45266
10407
32689
44714
24011
39438
42164
27897
18885
10179
43131
49635
35725
8537
32271
27815
2836
31876
20548
12006
20085
6635
42021
27612
36051
41980
40382
36695
49861
27984
18187
2967
33487
35189
22441
13911
10667
22837
30501
30835
24053
38168
12399
37230
15821
48786
44052
48468
33343
11881
26810
18285
49957
29153
27978
2081
12750
45378
47081
16335
39892
11822
44454
22600
44219
14270
21038
40395
27807
4139
47152
31653
28322
9233
37941
8964
8066
29131
45008
15489
16644
20079
30712
47959
23942
44265
38829
38126
26667
30287
32916
32727
21575
29726
24405
40017
38450
42976
20478
35037
4458
5894
39022
22559
22800
88
17235
40717
40394
7292
3010
16852
23771
34144
12104
20673
48613
21158
127
37945
29409
3421
17830
48305
31603
45789
5478
17711
49146
5754
34431
10294
2448
14409
4963
4295
12942
35980
10825
7690
35020
31327
44757
45211
22690
47720
8944
47729
15725
309
43266
30128
7574
13958
12393
4616
34593
30203
48312
37447
26843
9794
29013
19548
14370
5024
29955
48295
24412
22408
21173
11201
46232
6544
22083
15000
34184
21296
48266
23939
1836
47539
29993
5562
41195
24779
29094
30977
1562
25205
38494
9967
17034
29303
2002
1337
44865
349
8391
34980
22894
1767
24242
47645
25285
3478
1325
12084
22114
30965
5324
27644
5036
47347
36774
45692
23782
49878
34895
34426
35880
38196
35856
22297
48597
3633
8778
28059
939
42923
45052
33919
20710
9034
15648
38285
17320
34401
44048
18411
18114
31867
29479
38145
17055
46252
30040
47346
24463
21999
21836
10229
16080
12715
18073
10534
32630
5566
39114
23361
32082
10578
48526
40445
13753
32098
24590
22050
2704
9001
18328
33217
25525
45079
43836
330
16462
44397
4852
11307
44031
13515
36504
12573
11645
33410
17732
40116
7747
20900
30098
39827
6067
32397
28397
5931
13815
49300
3896
7304
40258
9042
25888
38826
43487
11785
22858
17581
42297
37733
27073
43335
1786
8727
46014
28185
27706
5665
1396
44020
47422
3248
37171
42944
16817
38309
12500
33928
11899
17023
17554
46604
44183
33717
27004
3227
24443
35906
3910
31958
5952
36349
35253
15027
7707
14304
44644
43450
19787
36915
45354
936
3479
23535
1499
37634
15478
20337
30705
19309
7937
32337
19246
3632
16196
30756
2412
7644
30544
8273
46185
24330
45351
39672
8686
23750
48638
44176
13189
28439
45288
11997
15362
46724
22586
15625
3621
27759
3352
49565
47732
28307
25224
47387
32944
20175
28199
31510
3546
25241
7843
35694
42619
46601
21992
36563
34251
11378
43116
5692
5593
12831
41049
41761
19949
24540
40910
21386
1466
33136
2872
20507
15726
43978
27028
5365
2820
993
38064
15284
2445
17642
42582
3175
1714
25565
12025
48114
46877
37128
16871
5621
30948
9545
21712
23438
7626
25957
30377
12785
7394
1567
37189
5245
36699
22204
38076
4767
44539
42575
6480
15564
3894
1672
40020
39469
6720
12817
46381
21323
19997
27359
3789
22008
32598
24697
22210
37903
1693
32621
47381
26005
25830
10132
47662
8510
8955
31696
42450
12212
20023
27115
47435
19850
3471
1585
43718
30213
9826
18628
38862
7175
22303
34950
6256
47006
29038
24436
40418
16996
19067
36713
15972
818
21303
41947
24520
11176
28995
44937
39175
45259
45810
14450
10574
20185
18786
28103
12488
8149
39682
10342
5613
49517
33561
44087
20986
14717
26278
15034
14283
1807
34591
40259
14738
16079
11958
24863
14513
17428
8207
6582
28854
22446
2268
4337
7468
23069
2162
27870
29334
15191
5810
33583
6355
37040
30679
10272
32967
6501
12685
29023
32006
42329
15876
43001
19319
27029
24689
39923
1297
30143
39274
47156
29669
37740
6343
864
11366
9722
44957
24711
23477
28658
26760
34712
17475
9732
33788
24416
19510
8667
47617
23690
22190
13128
6452
46956
36473
40160
23456
8429
23935
49110
30093
48943
29017
49404
10114
39780
40595
2948
8043
8611
39943
20506
20121
7945
7784
13476
39544
42769
31524
28608
20278
41605
38859
35938
2166
30587
40658
11171
45490
5234
33977
36229
39267
4722
29102
30339
38500
15802
46649
1991
43316
36389
10623
45132
10124
37380
18168
48621
26009
44673
17432
49210
14591
14227
7702
28210
45467
8406
4113
8004
44626
28363
3879
25678
28041
25348
11607
7290
29665
29874
24380
5815
31831
36452
46289
17359
27247
19127
40151
6578
18591
10702
29903
27938
17780
36233
46122
34800
31183
48850
11611
1543
13161
46449
64
24290
10804
12929
13652
4245
2566
29366
30191
10356
22044
24542
29408
37411
32534
44740
21368
21161
18573
20954
44702
7434
48144
5412
1395
1256
9571
24014
31773
40525
5130
19635
24034
26640
38615
46255
25335
32842
18525
15842
997
31644
11068
26729
10532
25773
49719
17310
17759
20179
16685
1176
46148
17253
2446
9599
49471
49582
22537
49936
1854
36682
32825
28788
37696
21157
46029
23988
5578
20657
30665
12088
40982
40900
48563
34576
1894
26580
3636
14374
44099
44974
23735
44717
1275
33980
18151
27569
28145
26075
8985
19942
39597
11757
34785
42452
32453
13416
6605
270
49850
11792
21095
42469
17708
21398
18597
16097
8287
3937
697
38565
9125
18819
47945
10928
40620
8843
40831
26119
46304
37028
24449
30868
25558
39912
31896
36271
48776
44264
18686
8893
36806
31169
35546
21907
22057
19808
29133
30269
43660
12984
34122
37403
9519
28147
10134
14958
41569
3544
30932
13909
400
31673
25856
41547
44698
36199
38787
26423
32660
30479
8425
19419
21964
36993
29517
21377
20310
11306
17473
29596
19615
12591
45263
2730
12087
19088
1111
26998
46930
44257
2235
22425
9846
1171
2526
14078
5791
8942
38699
40040
3221
25135
8174
34552
39471
28017
26151
37813
45335
500
1383
45768
48835
45071
7996
9884
6700
40782
44643
12634
28971
14682
29374
12875
5647
27966
44138
30700
16176
16957
5997
25668
9281
44745
29279
26518
17267
48388
32847
48906
18379
6812
27125
26442
38756
5660
32659
22406
9631
45452
6625
48619
36927
12427
42279
8534
45828
12997
28190
38513
18876
31403
13678
33107
40747
34264
44494
21375
3396
27119
28258
43026
13235
44345
17508
48945
47887
34053
46599
29014
8500
43915
34904
28395
12188
47179
26575
42620
6203
8349
43489
632
3156
10861
32130
20680
49446
33346
3054
7908
40515
6598
2816
42930
6732
38632
5264
46689
19554
37586
39508
38072
12323
44402
34810
31763
213
35606
10224
46838
29179
31906
30310
30167
6326
12072
30929
19546
18330
3065
33616
24028
34005
45759
44455
49374
30114
9778
31540
7712
37476
48795
43350
1839
33459
15132
19041
2335
49244
2467
33858
33013
28924
17862
49986
28159
26491
36880
33752
48263
42674
15881
30360
2683
43064
26614
32403
28860
31165
1649
7645
33897
46088
10885
16034
37695
41139
42785
44383
25458
13154
3669
11250
48870
22618
4834
9208
11504
18235
1532
13276
40081
3584
32213
33765
24025
13422
2858
39858
8228
19093
18655
26093
34708
46959
811
10085
31712
31362
29487
31810
19687
4083
42326
8140
6966
19433
34884
43869
41975
3327
24324
39897
10929
34399
45198
14670
25650
16888
18274
39240
1226
2989
29410
1386
10077
33595
45064
24766
19302
32815
1896
40076
44611
41196
38181
5278
7814
41729
22068
4831
47155
35674
39478
15375
18213
23253
49526
29003
38724
41885
14194
10427
28526
4153
27399
41823
39859
27427
46184
30028
1569
15311
33438
2971
46327
5181
19099
48286
28813
8031
36294
7550
8372
31483
9430
47481
41058
19882
48372
12796
29355
10459
48226
22032
35830
41175
8134
1783
45496
8868
39916
21939
17850
65
7148
48902
35705
44428
45862
6651
39003
35671
8919
29060
39224
27645
46533
20661
29810
45246
34722
47653
15814
22111
5438
41315
32129
35228
28179
748
5446
41236
21511
5396
40741
44930
39080
42421
37270
24799
43062
31779
28696
31633
48402
7242
47611
3256
9729
47606
6638
40273
33020
46961
49637
46622
8803
22832
48968
14060
15723
38672
2299
46395
16642
42587
49841
14167
28403
26315
38315
2147
9293
10724
25408
11650
33862
43999
20454
31700
24864
43424
39922
25908
12732
21234
24760
10323
43828
35396
26846
42924
11941
12691
47121
44390
18848
23633
12403
13539
43833
39357
32949
24300
12078
28879
48017
24131
20168
35810
43025
25843
23064
48283
47982
29542
12501
34306
10626
39519
22430
6747
7287
45384
46048
21488
5886
40268
22155
6532
35230
47731
27660
48256
46001
41946
28232
18804
42120
21017
19798
19601
11269
49490
17408
17768
41920
20467
31574
46898
17477
18723
27350
49312
9531
13580
8860
6708
22097
4981
2823
25267
17640
26104
23744
6621
14483
2494
46426
13024
48246
33220
14267
46093
15784
16825
31334
13902
9234
47676
47071
749
36597
1177
41750
47377
2589
20542
1915
5330
462
47059
16846
14094
3093
45913
47999
47502
4399
46081
6132
48749
21267
32441
46315
674
726
6373
18826
22474
2561
22259
41003
48025
40111
9189
26324
5680
27196
7601
1313
17327
19985
8586
24379
2779
33651
20442
360
20369
15944
43559
30296
12975
8238
36532
2370
5165
9416
7982
11591
3877
4254
30099
18080
20747
11627
49223
5632
7993
44102
18888
36032
8104
49099
7692
11167
49723
1341
16955
43169
24046
26790
14407
23262
29816
42610
15633
39706
32547
23192
45991
3769
7892
25889
5465
2803
40664
38189
8127
48766
29292
32562
28694
7603
16116
44270
40148
16576
15008
5444
23110
574
26555
3945
46994
29442
9683
28196
47757
17426
40568
6709
34145
29744
8507
7745
2710
6861
21920
13219
19560
12914
43709
16004
14720
508
27621
48875
48694
18771
37770
2459
41132
5274
28427
46682
39295
21631
17448
24980
45654
46979
26814
27792
20753
47937
1972
23832
21692
45222
45078
47651
20537
29848
27144
17372
32435
43459
13407
26629
8419
49221
5761
20948
36245
48374
37363
36935
18590
26910
36675
20212
33333
13785
15432
42629
7212
28544
6545
16560
1122
35647
40828
7994
7594
10105
27195
22433
35662
33590
42198
21369
8501
23420
28423
12158
7766
45402
8506
48039
24706
48451
29265
30082
45968
40152
23468
47831
43190
6844
15385
9669
6310
711
27297
23323
48462
37741
32375
29915
35839
47373
15701
4408
6463
12923
21622
36209
28509
1411
30804
10537
41005
49913
16420
25898
4864
35869
19392
2196
23577
15018
43552
20893
22423
20118
15037
977
30714
12891
13387
28088
43340
13179
19331
16873
2413
16444
34779
10594
22071
36083
25273
12683
3355
12257
12710
41623
46446
27225
21874
28908
28782
30933
41506
17413
40807
31099
26844
12056
33851
49416
40634
8188
42111
12833
49598
26754
39449
17736
41258
41688
19593
17502
35321
26539
19915
43227
21454
17436
31206
2808
32016
39841
3676
44232
27013
14235
16478
42074
40558
43532
43285
48489
48336
31938
44004
3020
1018
36899
34455
34605
26712
18992
27039
7689
4549
43224
34134
38272
21403
41421
26621
2103
11554
40914
43154
15451
41429
14177
44112
32695
14466
44443
47493
27122
7037
15400
34501
46515
20227
41709
47459
19455
8752
19266
47353
31756
31464
38709
42980
46725
18586
11707
22308
9006
39159
34072
5020
3259
39649
11715
41113
8712
4976
27308
14829
41357
16501
47117
49462
18911
17803
31294
5840
20358
31145
14804
23103
32753
36308
3832
30686
48841
39238
34606
33748
35148
15846
37220
38656
24997
13571
4664
48277
41338
3883
49663
28495
26036
45140
6118
2580
47733
3006
29746
20764
4591
36608
42560
44762
49323
4924
37359
36440
46024
7741
24488
5522
892
30496
15259
47012
44166
35105
24674
12936
13406
33391
34183
38125
34436
46586
47074
7549
6774
14624
46432
49499
16382
48491
11231
178
14979
22080
1081
28765
4179
48440
14142
37991
23432
36879
49157
24411
18939
44828
3796
37252
19981
45178
25038
31800
5467
29520
13468
42371
40430
8422
41402
25848
46520
31178
21106
33563
12370
13373
7432
1557
29822
23367
44168
42692
9074
39779
5419
43256
45779
24092
18705
41787
38149
18914
39483
33504
46305
35483
29683
34478
12027
25413
42512
41409
48564
36571
43629
37142
36089
13119
45347
36068
36260
27839
39930
2977
8371
22962
30495
31393
41845
943
34854
4504
42523
16941
26853
8601
22117
10183
34578
35688
12333
36900
19142
29439
41283
13302
8815
10351
46746
319
46337
48190
18519
38487
43216
13798
41808
43391
49189
43777
22683
19782
20401
21839
16608
36612
22213
47947
12110
14575
17564
3271
38715
27517
636
24749
21190
43067
41157
8592
4716
13716
47225
44486
40272
28604
6103
25867
18577
372
7324
26031
2854
17856
24130
22979
23134
8275
28463
31426
25541
36027
11174
28957
40083
1591
32578
18179
10421
122
16776
19286
6619
43834
23254
43460
21854
41373
49180
43994
7422
11956
16142
13202
21639
47593
2202
11571
14961
44683
10716
14600
47544
27093
8490
23227
28505
42386
15253
2292
35101
48543
49456
44120
27646
22617
45158
39439
15841
10991
46820
24993
14719
40942
14980
35175
32902
16598
34343
42997
15521
14225
4867
28936
41257
24111
1346
29490
7233
43974
25706
10985
17225
5309
8163
23568
5850
46354
17655
2643
39808
36002
39360
25658
19501
35440
42897
10573
24274
28503
37316
470
21206
16831
13775
18269
43463
28549
17682
12282
3118
28593
3056
34481
10004
2586
6961
49920
37150
21094
42135
27993
14349
14771
45791
31042
48955
3326
40721
47057
48730
16985
19625
40471
11508
39819
7637
37054
35953
925
16755
4999
5420
26522
15588
35806
4063
41788
14358
41626
230
13448
34562
48602
21707
26842
16847
15715
4152
10781
20674
21444
38706
36815
16587
7793
9999
26063
13030
38484
31432
16403
185
45147
25092
34906
45658
48080
43733
35527
23775
24883
18668
35958
41564
13234
29740
24522
38030
3092
13089
14874
862
40182
19681
48988
29807
32333
49207
30986
38817
813
20519
39785
31266
1155
37788
30675
13459
45960
18241
14085
26616
31875
27002
8631
28515
22125
17
25595
49771
25175
7915
21685
45093
36478
34908
11428
10803
2234
35371
36747
37367
172
15839
35859
20759
43095
9831
27306
45060
9450
36005
21806
14237
39511
3394
23652
38329
135
35393
31692
8711
24073
27771
16365
39980
15486
10964
14213
37905
26779
8795
13332
2904
16599
14489
13241
35807
24212
24191
16105
41154
39347
21671
40535
28659
41843
5268
42192
18965
28941
3158
16291
13607
17193
30643
17000
12367
39119
47993
40404
46706
2624
33303
21865
22702
24615
27092
28965
43226
42827
43724
35058
16416
1036
24129
30891
38055
19341
45169
202
37294
14108
36692
22620
43876
45295
44136
16848
21890
46774
10747
6742
8768
4112
9054
2970
48888
43127
37553
43400
2915
39351
13162
8023
11495
44993
5500
10072
5167
28882
147
31284
28668
25365
37648
46359
8293
39081
45581
45485
44247
8415
34345
12320
11665
18049
25987
28375
18520
1464
47820
29006
39365
5150
49052
33340
49885
39073
7028
9533
19055
15659
958
36222
31315
45589
2603
22814
28271
33955
40973
37525
27277
22592
19029
44423
21445
49378
8762
47749
17525
11576
27784
40563
5049
2648
40071
44304
9711
44495
48832
34392
46656
6698
35390
17401
11417
11084
45554
14748
12795
44861
15662
35782
19851
33137
38587
31231
42647
33109
7123
6376
11391
37639
31954
10012
38519
38011
31742
3683
18221
11863
33536
23341
27248
26361
22564
26267
24876
37670
28065
33262
42890
18247
9602
15342
29229
34451
48536
27883
5418
10057
45412
23392
22970
38614
47270
15453
38639
34275
23711
49361
25148
40539
45365
35176
46627
42197
7296
16155
8340
33633
43771
33224
4213
20474
25778
5168
7255
35799
34595
46415
34705
6743
3762
6252
9463
35147
42177
47898
47735
11227
12433
32652
3119
18551
35182
46894
906
23321
26757
31269
35438
8121
5360
39216
44406
42743
20946
1240
23416
32019
23497
13335
32335
2443
24532
32096
24360
42815
26208
5398
41164
22142
1334
34959
24988
22505
13094
28219
44251
13520
9657
1659
43705
40985
47002
6906
36191
49306
32094
38403
12819
41449
16469
15045
6244
36146
34435
21129
41314
22311
39587
40502
30623
36658
45480
41074
44470
11931
21970
35493
28277
22506
8164
9707
33956
8261
37182
7259
12619
257
37438
9695
47564
17743
17864
36145
46703
37190
42354
20513
28945
22601
35900
4090
12658
32184
19057
1501
23114
35517
37809
35643
20637
12613
47781
14507
3958
1828
24245
19641
46179
13551
8110
18451
38977
42926
6575
20115
33558
41832
45854
29211
10474
38397
47416
49131
23862
22449
42420
38407
1305
4331
13642
40289
30523
27899
27527
31106
581
19077
22187
32307
14459
15332
11149
45537
41945
17597
34583
24428
35548
23101
46386
7131
11934
13541
33654
46670
21798
46981
18576
42020
16727
46293
32458
7738
24734
6432
31761
36560
42840
8412
42422
7026
30526
41072
48391
8226
21208
16343
2936
37505
40466
39272
38969
30222
43281
45711
31198
21948
44196
35315
44526
19713
11416
30417
642
26170
33179
35758
26408
26611
15721
44376
38537
36895
29971
45817
12694
16675
10721
43513
29438
43989
29223
29267
12099
766
36052
8315
17054
17071
6826
5416
8871
18399
11486
5934
22112
49767
31428
13480
19542
41677
37282
44198
12263
48340
49748
48624
36629
21099
37197
29419
33200
2094
7322
4772
9928
2670
12649
47411
47721
8212
32638
22140
10238
48753
10125
2010
12249
18928
44118
16374
38712
557
37722
1549
7253
17728
9784
29766
26825
6981
4244
29271
17898
31391
45084
34557
10185
11112
10049
23774
6760
37017
6803
10883
29078
31746
19031
11484
27072
27181
38668
32422
40544
40243
33631
10481
16930
43100
30888
23338
14521
240
47912
2431
17350
38370
31399
49217
33962
42655
16021
4995
38616
3171
9143
12094
13927
19425
31111
17237
20590
32958
33697
19377
25223
37517
15873
10401
41430
20487
29009
47584
4714
33709
27994
22912
25714
36120
17221
7544
26605
14914
40566
9347
33313
21380
45381
40172
37653
12063
38428
4813
2542
19897
20368
7724
44692
44352
38661
27592
8327
39972
16320
28010
12401
38029
36730
10385
26126
45597
23526
32137
14050
31382
2510
41669
28700
24576
2703
11474
21538
19178
45884
49584
12193
29083
47335
32934
13002
46384
49634
44246
24840
29124
40610
13361
34949
26190
2347
37810
5248
24748
6821
10652
23312
31182
32231
28466
8464
7364
8811
28632
7805
5917
32
32658
4345
35225
47692
3967
42521
14156
17661
18688
22301
14132
35819
20421
4233
2369
8621
37148
34978
39264
13663
40847
12641
39150
39256
41456
43186
20376
18063
46348
21620
5839
10680
30038
26587
11206
47696
19930
41853
42012
36099
14416
35848
28031
41698
14440
33566
3136
48840
17491
12752
40865
41883
37603
7514
17203
38654
6782
32514
6610
41351
7566
4040
43054
35739
4423
23112
47915
5911
32039
33588
6469
27806
47157
21640
6280
32919
37750
31427
2259
37932
48893
31972
49211
20767
43430
4720
981
27663
22318
42904
38155
21246
5861
33130
32915
8813
8911
8693
4682
48141
5472
6475
13801
46396
12235
20672
14584
45587
22257
6810
4516
13605
44777
2455
5004
46472
2142
11461
11570
7223
18918
6731
49071
39961
5140
34200
43637
8745
42664
38736
12991
43392
26258
31651
37053
49623
30462
33689
12240
9060
13092
12935
45613
23491
17894
45746
23153
32040
21410
40961
20048
21793
33420
26348
36903
12973
23879
34549
43185
36334
12097
10802
48909
3562
41926
35946
7079
28365
37376
4190
10867
49639
26965
40488
40161
25961
3468
23804
14411
1864
13559
8833
12035
22390
30198
22116
48736
95
31859
41342
48752
810
46859
43076
29467
14476
28651
25237
23042
20177
40956
31619
49501
28895
30150
40603
26369
42312
42267
39598
47474
38144
41648
20583
21722
45719
24163
32102
16570
46809
37495
46806
6119
45655
40714
1757
27904
16838
49848
47467
37402
41217
13026
3927
29333
36893
8927
34942
11188
47276
34824
6913
26840
47630
21475
20107
14955
45057
4025
45056
36769
41760
39389
5445
10265
10600
42349
956
7030
1788
43965
13833
1722
11541
13521
32517
16170
43323
46050
30854
26633
34168
17011
32623
27290
8679
2893
21812
28649
40365
8618
37410
35738
45036
45414
2930
29371
3300
29970
38852
19040
13300
6071
9214
19412
26058
29618
32743
3314
31519
13644
9890
49040
10480
49666
19999
313
30007
47707
38302
9682
23275
17893
49671
27549
43583
32999
2535
2968
32536
46585
2483
43819
45428
48520
20638
4177
22018
43920
43604
35066
42325
45227
27203
8441
44069
11706
43959
8483
45362
17539
426
44314
18286
11189
33818
24371
47772
38046
1883
22291
38419
26202
21509
19124
28149
22055
26483
15616
39778
38794
15033
34286
9506
48608
14756
23740
24070
44712
21070
37357
5584
32297
44720
22576
4806
42053
13742
12037
9287
45853
36153
19644
27435
48538
40801
27617
21253
20652
25670
31162
42186
5677
47825
23922
10276
1079
46638
13932
34182
42877
22862
33879
4446
29219
35746
35998
27923
29339
25019
11961
41789
13601
2395
16493
8360
47787
13177
24471
23257
12648
966
43130
6334
44874
22896
37638
37547
40387
12423
21464
1800
48338
1110
21674
49098
9010
9848
5517
43672
48713
6612
19087
33325
13087
36434
25728
37857
8070
11132
38146
49711
8068
27915
20186
39757
2928
16081
31126
46299
15524
28091
24156
38339
16992
35081
42264
35975
17050
19232
5995
1691
44103
11218
33906
8741
22431
22520
20003
4380
47257
11457
43277
775
43963
36925
13069
6602
35500
37100
39690
37008
19095
25925
36860
38883
18987
23115
7837
9383
3815
3372
35499
23664
13374
36228
49454
26635
91
13244
11242
26700
22482
14572
26822
40102
47885
32896
6871
7980
46042
31683
12600
19584
37616
34498
33393
18136
9407
28731
48471
14739
29904
40036
7985
20525
28142
33984
23168
31766
38274
16152
3390
27628
7339
16384
9486
12248
28781
36709
21677
24839
39594
5226
14730
39450
29103
5539
27571
44043
16989
10860
44225
39312
702
3959
9526
7818
39315
45164
15645
44116
26525
5277
46370
26010
30901
1660
29087
14096
31770
10997
28536
23583
42947
6490
32755
1333
9513
23970
28342
21318
33976
47727
16935
718
33422
11076
29862
858
26874
19825
5028
36911
13400
25286
29532
44737
25136
15743
20455
39756
38946
12300
42397
8100
6666
9639
8059
42357
20138
3007
48733
21446
22348
26062
6761
45617
31080
42517
26684
49918
19410
5637
49762
15229
39944
3960
27027
28575
14609
23411
24534
29622
22555
28621
46914
40393
11337
44968
15172
31461
39278
36263
10455
40830
30553
239
2549
20563
5974
4400
27674
22074
25939
44474
4462
42123
28300
8222
15036
7613
15937
36059
20540
8266
31858
36205
40314
9933
4956
38270
45224
37919
17503
2116
13555
8954
12199
21818
8326
49257
29508
45063
27712
30272
616
17928
43632
22758
5835
8830
3848
38079
24634
43138
14053
42536
25597
14667
22327
25272
10832
46658
23534
30787
42603
37890
32483
46083
49912
26092
8974
16669
12986
21738
9076
8589
10739
40189
18529
3125
5417
15811
33143
44837
28424
16961
45827
27739
22134
29142
48294
18717
9384
47003
27282
36669
20015
32793
25608
36330
38517
15902
22757
10187
41094
20786
13426
4205
20923
19279
2731
33227
47262
32145
16121
33412
2943
44724
1882
25766
21803
30671
47680
12185
35525
14451
24431
48855
21170
46617
48803
11274
19367
37397
14683
13380
9439
1921
38203
10410
16779
17344
11771
26795
44395
978
7854
47927
7278
2783
27657
38757
18878
43333
10886
49309
3502
1249
49727
48661
8125
24445
15213
48634
4215
37223
24464
16369
28920
42805
20959
5407
8112
21673
22274
18815
45128
18391
47957
48024
39475
48699
9490
17985
23375
17641
10655
39741
2832
11089
41552
11669
17933
16429
38567
29946
21652
36404
2099
36437
39789
36574
11524
30354
22793
34515
12351
49034
3456
11750
43752
28407
28550
31829
46026
43111
8123
30552
22098
40121
10604
9229
40433
13972
17999
47748
16123
46620
30884
3131
19953
18829
39845
11208
30751
36980
6047
14117
35635
37373
35325
26961
30603
4510
2020
44316
13242
33332
7669
22338
8736
11924
40094
14696
3914
273
29282
46403
17918
41120
48663
16377
34822
5404
44933
37737
9701
47233
44727
482
36338
27244
4099
45042
46154
38948
16718
18641
39592
5543
24511
23277
24829
1023
18296
25507
1437
15402
24586
18018
29091
16869
16344
19032
29484
16466
27824
44853
5381
24293
5085
41999
42640
594
7987
39459
18972
14924
1002
45320
10168
13534
16629
22738
39671
10260
8385
30972
25676
28249
48892
21630
35269
19243
37578
49621
40730
35775
503
8816
37601
16058
6850
14567
4556
15137
16078
13853
20748
17307
40491
4643
34672
34146
29437
23994
8874
44675
43909
47755
21483
23559
32693
15193
5795
49147
7511
4441
24271
11155
44076
4907
14207
2419
4820
36739
4223
37309
6494
24794
161
2546
13735
10504
20280
25720
36417
715
34710
18857
13641
19636
21078
10247
32028
38703
9616
1210
10908
513
32034
34917
21828
14652
41059
15765
13524
2626
3073
34669
37550
44807
35128
42518
25375
11861
28676
1229
22349
42896
3159
19002
1938
11664
19667
8364
19603
14642
40198
42778
47456
31816
8519
9089
16641
2609
40652
23747
43495
16171
30694
14740
21059
4098
28204
17454
48330
24565
36307
41861
24422
36484
14034
39526
46397
27591
12779
48146
33732
268
27843
9020
37797
15177
24430
40242
6978
48400
34678
8797
41297
31125
9781
13556
7260
22921
20367
31218
10140
40850
7439
7556
28974
27324
41353
14092
39521
38555
20452
37329
16584
2976
11049
41557
29068
44009
26682
13360
21229
24437
12215
31693
129
41148
47331
39704
37217
33497
9256
42121
40262
21921
12441
44893
10293
17781
8117
29601
16509
45727
33195
13762
32100
45956
29743
45772
48022
31466
30459
28795
11379
41917
11065
1447
48297
20298
22516
36341
29134
46334
27482
25784
33925
28805
37994
24869
13577
27351
18943
36314
21239
19732
9124
35170
44564
12644
6688
17362
23284
2065
6302
37511
19404
17268
32445
2432
14233
33121
46069
36595
38857
49964
30298
19928
21666
32721
38143
29546
37853
27508
42791
41198
2140
30238
34528
44256
6560
29049
12596
20523
15980
2383
22254
30332
38980
38081
25134
44525
14863
18949
16008
33968
29126
9808
7353
5967
44365
33954
27589
7699
47615
42257
43423
32401
7133
549
12299
31081
47894
20430
6557
397
43421
33937
13475
4124
4068
18649
27366
33154
2687
22648
20707
9371
5421
17527
619
9760
9836
48534
23809
16853
10043
13819
15437
7122
33155
8807
2960
31194
28133
31934
8559
32310
41840
25781
10030
16671
27874
45835
47364
26651
18927
170
24835
46577
17571
9979
8680
27834
15998
10484
3693
22610
20778
3744
6724
38824
17433
28670
7559
10313
36565
48252
42753
30194
720
40712
24225
29492
38975
40618
29930
45698
27624
9879
3872
10499
35254
37500
34488
12143
6528
13390
40118
43398
12594
48386
36331
26738
41565
688
11351
2072
42015
2782
39614
15609
39324
155
6701
37929
43159
7659
30285
14276
34362
18753
34302
37830
43890
9635
45933
29019
34161
32980
8301
45926
29645
30344
35687
31771
22691
37151
37724
8325
34865
34303
45415
14610
34170
5014
38707
37097
45673
9261
16633
46246
44373
13379
16806
28819
17231
37742
37458
16128
13114
39177
32049
24845
11487
22840
1547
39702
6884
7111
34860
43446
45741
9807
17291
15159
2800
45950
30326
30980
34133
37705
26471
29784
13980
15401
36489
291
39857
37361
26353
21112
1598
44889
3564
36184
9668
43613
14461
25853
26222
33222
2340
18544
13431
32027
10389
2138
3867
29022
11514
33268
5019
35875
15314
32415
25214
19975
5568
17719
3206
35607
31243
9829
34929
13814
33625
41057
1618
45380
46176
19631
5267
4658
7445
49928
19075
36457
10969
31448
48076
39074
48712
24036
40604
11121
12526
13751
16793
45829
46192
8973
43713
10103
48540
6656
42891
48636
24892
24944
33945
30931
11917
34974
1407
32914
13761
42540
36742
30437
40697
14728
37204
41651
37986
39545
20579
46653
20026
18276
10596
7170
30025
20903
4875
4805
20259
9283
34142
3122
14832
8908
45047
20690
25748
5868
18745
7480
19338
19252
15506
19673
25003
3790
23901
28186
25041
46841
1630
33544
32757
3565
48088
27952
12486
4440
38393
14896
38678
41979
46945
45361
20052
30325
30574
28418
26512
15277
26234
44576
36174
34640
46349
25187
33993
32144
32354
12730
7282
22704
48901
27156
25310
28430
22165
21484
24790
25459
36882
45391
10766
7715
25402
11186
1440
34444
42623
8835
2923
35822
8641
5327
40682
25995
44303
13549
3059
30806
1746
31064
6097
4415
1726
37749
22060
21698
15774
28678
46366
12978
21924
21976
40889
14949
3737
4478
14003
3743
10718
10618
9830
41047
1625
44604
20971
22923
20695
16661
5201
48217
16003
3969
41016
10246
19238
311
33658
23654
35080
15458
39997
23246
13731
43753
3624
14894
25331
9015
24750
36856
21383
26934
32786
20117
39535
4271
31561
23540
14973
48498
11906
16499
4712
34778
23977
42323
46343
12638
45053
18258
21480
26172
8307
22220
21530
39554
7330
35575
4678
37468
17419
18783
37644
27665
45605
33225
45326
7342
44238
49576
5001
4955
9724
41165
9324
28904
30881
10684
20875
1425
24298
11802
10235
27322
43707
46740
45709
18158
38613
2497
2153
42644
46826
12510
8166
46855
23407
8549
31489
25271
34641
38073
26894
45599
31163
22830
31759
10166
16414
34966
11047
13523
24269
24419
12848
4989
13721
30918
49839
15349
24862
31008
39698
33801
40437
297
19154
33328
6255
42024
3214
24789
19191
35772
5547
2770
33128
39498
32900
17611
44538
21772
42259
47204
9608
27742
35469
32476
31422
36541
36963
11841
21056
26372
19959
35842
10855
5356
48429
8230
44222
13383
42226
22214
33529
47844
20755
31734
30052
45043
43723
39015
28792
11722
43862
8336
37032
36551
38228
9081
5251
9956
609
40235
44359
22465
9791
556
31060
35977
3097
36651
16159
43528
38547
26387
42719
25599
34418
24752
6338
46428
26215
27011
21573
37679
37465
39853
41505
12497
7650
9520
46211
5528
38892
22823
26589
47496
34922
4435
20444
7520
206
23062
12395
4021
19014
3864
4967
3551
30669
9547
36712
4581
13233
815
1435
17924
10789
2690
781
7555
45576
10070
25128
31845
32032
36857
17616
12618
24138
9152
18093
33574
30635
17766
46572
44935
43113
36678
46436
11086
38299
14577
13110
16773
19712
46476
11080
23224
20599
26776
25986
40460
14403
13976
37166
35043
43605
39651
24821
12587
7249
36645
17384
36829
12034
28262
45065
7484
11290
36902
34548
10274
25022
33354
13773
19807
45016
420
35224
24642
36388
4784
8864
12542
11642
41437
47114
15762
21016
43758
25530
16747
40716
3490
17374
9706
5895
25635
38212
28002
4877
23680
22007
34334
31843
17098
299
38549
41265
4096
12451
48333
16055
1719
32971
13983
48237
23278
38480
35007
25810
20846
15174
23513
44177
47008
8339
45763
20202
17425
19411
32769
2424
7809
29881
32204
49738
7986
32308
20718
44063
39836
5642
22054
33252
39739
33319
45241
5675
308
6102
14629
41925
37759
1770
3680
4301
43850
18673
28736
37669
47864
39000
29864
48876
2056
39645
38254
31357
12961
49852
47046
3567
40344
47719
39991
45786
24698
43822
33108
9738
18924
22453
27798
20290
822
13228
22710
22269
41722
34880
23991
7961
40143
47743
7457
19628
911
24277
1042
1959
10640
49077
37201
48880
44147
23663
15361
26301
45363
39550
28722
32154
4787
12575
41085
39953
47123
21251
37103
9154
29537
49823
20248
48612
16054
7963
29922
6266
44900
10061
32615
398
10448
37739
19599
22432
13656
824
14020
6442
28357
5346
38554
35924
21525
29974
759
1118
7663
10901
41542
4175
7442
865
29950
42103
32744
40018
34781
23179
25601
6112
20876
43939
46821
2987
47622
35569
343
48344
46480
358
33886
27010
18280
25705
38330
40575
42482
35272
6794
8157
24303
46313
10500
30070
6210
31511
16134
17090
5747
46628
7989
9410
8925
48631
7399
44499
34637
19567
16396
1476
44991
40550
41317
8069
37832
48134
29301
27971
31955
8826
7888
15003
34796
13786
29469
20681
19792
5082
48228
36310
26830
47102
21604
11119
7901
24179
15823
39621
3888
8237
22726
32710
35610
13772
24215
45632
42281
19143
15353
14470
40177
8653
49645
22695
39536
12516
6205
20874
18438
30651
28428
29682
3656
1621
3108
11527
1236
46260
37888
48307
32760
18352
10092
43846
44259
32778
47604
19880
527
43312
39985
2871
40960
9086
19472
3058
46803
46921
30463
3021
6567
22625
35765
17395
33409
14836
19270
34267
27880
14112
29182
29308
27753
35785
3534
12146
18212
13522
48756
23983
21384
25697
46355
15220
26724
43744
27694
8800
48610
22290
49191
342
49520
47549
35453
13532
1319
19081
35650
33366
4919
23194
10529
31124
4584
17851
49281
42187
6243
30506
33214
11056
14990
36733
33568
31748
45788
15384
16319
12521
1589
35553
43191
31809
20266
6947
32795
41022
3799
42872
8905
399
49305
32813
37535
22299
43307
30420
49833
40589
39865
40402
47069
47254
42806
36156
26676
44962
25028
4427
26521
17348
17364
27604
19297
20485
23038
30534
17333
26495
39529
14239
25051
25184
26657
45687
17316
5734
13188
17248
43783
23033
41664
21319
40103
12727
21787
14039
17621
23430
9080
31171
40271
14098
25956
15716
15629
8463
44953
22009
5880
28899
18755
26644
37460
28036
24110
32081
18660
24759
37312
32663
24699
454
40681
2294
16496
23884
18204
10201
18059
33608
21126
6579
49924
24306
3388
3439
28304
2797
31887
34623
25054
3627
41020
32044
23672
23932
7886
10999
43479
11529
29465
44408
20869
23745
42883
21100
40965
2937
39606
15188
7421
40820
23296
47892
35070
13430
3089
32982
3714
10890
35574
1610
17394
25688
20816
37280
1381
36480
26820
27975
8152
10836
34955
22848
36060
17263
39262
22846
5166
12563
36611
21489
16406
881
43743
20328
21434
44910
33944
15326
37835
6401
39629
4186
31660
21415
30606
38792
11304
39223
22933
32347
5491
19536
47819
1012
9094
17156
31239
29612
43695
39405
49169
34650
48018
30051
3494
36994
22685
18780
4938
36182
36660
10048
1982
48050
4808
38262
22749
36735
6991
22138
49443
1985
34449
168
35861
21928
14586
21755
33085
10507
10394
4418
32698
24085
48525
3779
44578
28019
28265
34763
14455
26279
32824
29976
21880
14458
34067
26380
5032
21770
29996
46794
20554
3174
24652
48999
17331
19574
44026
9400
1200
9132
39327
7139
15289
30352
26394
35508
42112
13059
6061
29382
45495
27763
38611
38527
15428
25850
36016
27799
8759
18822
10524
15527
42984
32437
30935
26789
8880
21820
24473
18526
34027
35429
24054
30245
30840
33336
19303
22598
9213
16279
46393
2131
46191
11540
44806
29911
29939
34287
13570
34729
27476
29043
44427
28878
24076
6646
13692
42922
16430
26872
33418
49800
40019
42927
25648
7128
11494
37512
9650
20733
14691
39071
46631
16481
7673
36876
27221
27167
28921
17209
38364
7271
1900
16887
41014
28058
17613
27685
35893
1024
25983
29962
9464
5214
41783
18536
16035
15014
2744
26321
32320
3962
11766
33809
32240
42761
36861
47209
21801
28928
3578
48903
49769
16690
22128
12655
42943
12777
8636
6295
15399
38931
24253
25153
19589
5351
34270
34233
1594
26064
35275
11800
42690
41144
39305
43128
21361
40145
16980
24307
1765
5986
31119
37612
1196
7011
41918
39234
13831
4846
48537
48565
14908
24263
15397
5145
23061
39201
35794
37728
14266
37088
35324
41102
26122
48818
22945
22500
49261
24849
4108
4469
34414
35241
40538
19337
48094
46224
49102
26252
28451
23109
39339
16238
5553
4032
25056
1429
37224
47674
6493
39675
16505
41036
25312
34900
40440
16786
14347
26196
32843
38209
23380
24316
18376
6049
19376
8875
32317
34728
37368
15536
22689
326
17846
37013
10171
33543
44879
8187
24714
14498
34132
3923
39967
49573
7405
48856
5162
34366
4624
13051
26221
7620
17795
15550
15867
49923
21423
32496
42723
35472
44867
19786
17233
28350
19008
15136
27518
42901
49349
35009
46738
4386
44801
32943
49507
24421
9546
27302
27976
24406
28856
9503
35199
44071
4861
29457
45092
40560
38880
12947
12676
33549
18619
6299
40796
25185
12197
48109
23158
13042
33380
33404
26312
32995
18500
2785
24057
2420
45440
43625
42970
38246
43756
32544
41697
36641
12673
36466
2886
22105
30350
33799
45980
24549
46835
5780
27866
49340
18246
11513
7560
28162
41279
26152
38308
10076
9359
35169
32373
20569
44613
44716
26250
23400
44294
26881
23214
47047
46508
45769
41985
33465
22273
941
36720
49900
40989
33661
4126
23816
12120
30791
1647
36009
39130
9993
23139
48423
46055
22942
9634
3749
18288
24126
38522
2311
25309
8648
33199
43872
48219
36479
28839
24426
18475
15286
40814
11770
40881
28014
4590
6323
41442
6335
8035
41223
22984
25027
5453
10299
45292
11006
25322
28446
19717
7482
48645
17168
27249
4355
2661
34084
24720
49336
8591
7433
22676
1833
43726
26807
20123
34523
2701
37801
49801
47896
14974
25609
18886
5903
36217
31686
38150
3548
17378
5232
30214
46602
46896
1871
7157
14068
2916
15029
19417
28896
13440
1861
24621
23604
23442
34746
21294
29248
6386
38394
25468
6508
38253
33758
46808
27576
41039
17995
32150
7713
40195
10787
18040
1656
26089
8584
5736
34618
43835
31697
7780
49702
25626
9348
17578
1088
1214
12119
41100
10191
43533
17072
11584
45358
24152
27128
20539
15792
23035
34496
47390
31512
28450
45460
35853
23336
14869
18806
90
8819
44999
37015
46773
25044
23646
25168
39146
6123
38796
41099
42789
45059
41898
3286
3922
40569
7120
28270
32670
1266
2229
18809
17220
16962
19679
19138
2300
1845
22029
47418
9344
47471
1644
45483
32107
17836
13963
17319
34278
36241
35948
43057
24677
13255
32921
25636
39332
6441
14907
37231
37056
24550
31087
43318
39679
12927
41960
43568
47035
359
24811
15738
46085
26420
11856
33131
38727
48233
15074
38291
35578
18342
19773
29719
20036
47219
45864
9743
457
48997
19754
44584
24783
26239
19731
31116
1560
29723
3666
46881
25717
19939
5759
11442
29258
15335
33594
33678
40763
33100
4121
3444
3702
17309
41982
17139
16792
19063
4059
35448
40684
34396
43292
39699
17075
36356
48441
3507
563
49289
42938
27555
32121
12861
12743
15818
48197
1076
44728
38256
1162
41826
18207
11038
4692
37205
29118
44668
42817
4761
19668
31943
28497
44072
11424
16111
36700
12371
18907
42405
48015
42618
31137
45626
30915
33915
33211
29507
3763
26164
11256
22148
1347
32256
30376
34430
26445
40295
27672
37673
42102
43456
42119
182
37191
48221
33132
31635
44691
10035
19393
47888
9163
30133
19317
49375
25665
4270
40493
35357
116
36316
30827
10992
2552
32597
4306
44701
41273
15559
30660
18217
43520
24914
5604
13837
24930
9588
29600
27409
772
24687
43573
510
27470
39470
4755
8659
37712
20817
34756
8012
34098
10661
2798
2516
46160
11716
2026
41477
25931
33223
31695
5603
48064
31782
14371
7214
25873
27846
41478
13748
14245
29625
36373
26292
28241
30663
24149
12544
23230
18128
20128
27907
4595
37889
45752
13809
33690
21910
11948
25497
25777
162
37720
38263
13281
26882
49088
36449
9226
25460
26868
3076
23984
15544
3550
42987
34310
41033
35461
25855
36734
19583
43004
31830
29895
9465
22671
6718
11845
29565
39004
22605
31376
11808
36567
31363
25182
10424
43030
605
47980
33189
20838
14628
17087
8710
22745
880
25261
6083
4711
45713
29417
35763
7877
14887
16975
14617
5190
42379
24465
29314
20784
7151
18951
45845
49038
7386
32472
30750
11485
27692
47279
30451
21813
28480
43673
31065
43984
12071
36913
24374
37024
32713
15440
13220
42227
39202
34320
41869
22283
21879
20272
27965
38268
21867
11579
385
41609
21746
28707
4915
7946
18993
25794
11734
31282
20304
12128
17189
35866
47837
46535
45527
38777
42722
49887
34735
24941
25145
26035
44949
23528
8960
13231
14835
27494
27855
4484
19384
490
17468
8814
1904
8802
44188
29878
35660
46047
47905
19313
26903
5079
21164
23575
30869
10697
21317
34340
32363
38511
8614
12150
9990
49468
4914
2251
14373
13904
10231
46034
12206
29325
24604
8684
38199
25381
29983
43165
5280
38991
36653
48759
12788
38505
17946
24278
7372
46008
2662
6186
49888
9987
30135
15515
17375
37568
14324
3017
9523
49997
25760
8398
39331
46402
7203
44073
2628
4855
32258
8375
40886
9653
23143
43140
6926
18640
12293
34089
16000
2737
27937
18180
3713
29825
31592
48140
23317
33790
6627
37037
5451
13262
44191
31855
14104
5937
28521
19078
27746
27374
38433
27709
25963
19416
39718
39276
38103
12210
11240
32855
36084
41364
17889
30275
41755
9039
32515
41345
1326
25663
47239
23403
40398
10184
15382
1190
9315
40602
15996
15540
8963
31989
13763
37825
35734
25140
49500
27814
27158
47029
14833
25276
47595
41234
3516
34140
2270
16388
40657
22774
10266
31835
49874
9059
34688
5824
37084
18378
44284
19778
34321
38526
16037
44248
6955
42768
30662
2921
25071
33731
2965
35347
29609
27294
21968
46753
8920
28618
23859
23636
20663
48204
28118
39750
16635
36080
4860
39106
35737
17389
8957
9177
38093
33152
31626
2848
31974
28644
5668
6116
44658
19980
34222
47330
47337
19697
4811
5238
47379
33666
26873
17165
31881
47639
9605
6444
37891
44688
42819
28376
13433
15023
12241
8887
36103
38708
25715
40951
6549
33808
38451
404
22427
45105
10706
38869
3589
24671
33615
37995
41545
44285
5552
10827
27997
47942
17501
1048
392
48936
22262
9757
10621
7598
47612
44655
47498
9338
29305
33089
20294
42662
38758
7781
15862
38999
25643
31011
47431
6658
25693
8473
45857
45898
19299
2868
44998
10175
10633
32055
4294
6145
10357
1671
49132
1158
13945
36412
49953
27264
17789
33869
19199
7967
16681
40846
46133
44760
29679
33565
13573
20050
11890
13590
25994
24433
15569
29070
4349
40176
7534
31396
26073
24051
14614
29057
9151
31174
48995
28253
35049
10937
14524
47933
48854
30247
45974
37883
22887
18639
42908
1116
35693
14175
15965
37544
14151
15072
43080
47920
46694
25336
34118
39100
5956
12890
9206
20518
31713
17065
25062
25131
8571
22345
40280
26171
21837
18216
5216
12814
21933
16118
10151
6866
5921
3464
3801
6883
25680
45307
33739
7002
35894
21517
7916
45783
587
48962
35038
39843
5227
40921
16448
15840
43219
44534
29329
10155
41987
1270
35403
17029
28422
11440
13954
29401
49594
17526
32103
28484
13637
28061
3440
19301
3275
46910
48762
12450
11184
5679
5389
49125
45659
35497
77
44532
9444
28561
20679
43990
44466
33082
15327
14912
40249
31516
10255
19932
26675
28386
18710
30907
13528
18019
14463
28862
22645
17877
47473
6497
22869
47810
7068
42109
48889
3601
47334
27185
27242
6590
42433
20011
1498
15755
6835
25210
18487
29775
14469
22170
25927
24140
20393
24742
13144
885
29104
14767
41167
6979
37202
47275
18545
14139
37688
45760
10348
44778
44059
17839
22556
844
21774
30092
1804
20265
12607
19064
33025
29867
19405
29875
14387
33178
48585
20567
5892
24018
7722
46629
30021
14306
38929
19859
38475
4534
6558
40325
49984
17223
38986
30160
4587
28873
30741
3328
21981
27009
13134
30783
44051
4771
47483
49266
31146
6535
35076
27847
19045
11892
25152
33299
26884
10658
40423
28594
8432
28187
41177
46868
27334
5727
762
15795
40401
1274
15012
10066
39730
29370
32844
13323
35165
23480
16500
42436
4580
2324
18310
29849
7008
17514
43213
27375
13602
9360
2059
20228
49354
48326
41312
25242
44389
7247
22180
32872
22309
16031
14788
5161
22834
28810
34397
30560
17881
14199
14452
21829
15646
26941
42468
10953
36589
22324
20114
46401
11868
35283
46925
20161
10989
19648
8160
48431
42818
24058
22684
20405
40353
30145
11639
24970
41726
38924
21957
24765
1309
21898
4982
33826
18439
39878
5225
26375
30004
36587
32065
48253
22773
24049
6039
37988
42268
20013
49049
39812
29919
2038
16141
12993
22950
23993
30061
8545
30713
45916
29761
37951
38061
38238
20032
8583
4697
21599
13172
16246
38548
1108
25378
2463
36959
26740
7962
23581
3869
9241
25013
15323
44567
25731
33792
5909
10223
13560
29294
24100
18740
8986
35719
3976
42579
29178
4042
22563
16839
21662
13830
41407
27811
26877
9354
11373
21304
24295
8715
1731
30515
48175
35178
48180
39818
34000
23479
25323
14787
9779
25075
5792
20990
36502
39461
34384
16303
49346
10473
21670
42686
3973
35018
11046
32280
47568
13046
39441
33083
20742
31638
42679
13977
21653
34764
46831
42484
16353
26233
11493
43986
19794
29972
15535
6797
40663
45615
12580
10807
43627
46266
2957
18000
14401
26911
43659
31237
17867
46172
37707
2326
43295
38373
39082
4815
13861
22672
36710
26365
42612
11566
5171
24304
31328
9432
23860
14566
4776
20067
33586
36588
49601
38541
21777
48824
33787
38234
44331
20330
45514
48055
11735
25192
12400
1663
21424
5767
25180
29072
21805
20321
15355
9017
5799
577
1453
24541
22091
13994
13163
40704
27320
45710
31807
44697
13146
21593
2621
4374
28934
21297
7540
28373
25544
29239
42076
13585
23504
40541
34228
41909
3146
32571
40322
29503
7130
25798
7411
46754
20012
33509
21192
25481
14114
20775
29580
23188
22185
26332
33669
39821
40357
2562
45019
45871
25432
36490
18333
39593
20091
31123
46010
2834
12022
47109
22885
49744
3853
13350
14579
28787
30137
12629
13655
25660
46389
24919
22376
34420
21402
32191
48921
41904
7966
33047
17108
21248
31979
18094
31990
36430
28387
6089
11685
47853
2070
36285
30664
31785
7753
12196
7575
45758
10153
7972
8846
21333
26864
4409
33392
6424
17093
42094
46832
44901
23741
16208
1069
36944
7435
3667
42542
16556
10483
18781
31956
46688
4572
28166
27241
18512
32838
19269
14747
35637
44824
41543
15919
26778
6156
41775
47643
16096
15886
31160
1481
4086
40768
34238
30753
5707
12828
18699
36363
12797
27469
41398
35604
43461
41240
47341
21426
4546
42178
7927
9088
22322
12529
47030
2330
48509
45337
20245
1832
46213
4757
31063
21279
5223
3338
29712
22664
20981
37703
493
10905
9692
36189
5570
44220
28912
48269
8790
24000
36031
115
10457
14048
35969
46012
10799
35773
33304
5544
21555
28818
18306
22503
9480
48983
30958
33764
14921
25435
21693
16554
6231
5702
42966
33634
3513
3403
23016
11439
29611
36420
18031
38063
44856
38356
16084
10952
40685
8255
45805
21179
19071
31462
36598
36760
27240
47592
43018
26019
19409
37016
26253
7061
35164
26509
32650
20758
917
27506
41531
10714
41523
14372
36890
31717
32264
20453
2587
9036
29576
11212
48455
39639
32557
14864
14764
32984
42737
13394
9014
3618
23206
40990
44434
2179
22419
13397
38907
45941
24248
31556
40948
22677
24846
46186
26415
31589
2714
2469
17061
17271
38359
38597
10983
10551
31942
11392
6136
12623
32326
33086
29924
3797
14648
31197
36576
11609
44028
24726
2988
44152
6439
49770
42277
22797
3233
37865
2850
44597
39763
18827
2215
21269
8240
45357
18546
792
29801
49196
13942
566
38719
1742
47017
47094
20943
31301
42235
49695
35255
27344
18750
30612
14336
48178
33707
44614
22860
25862
47939
41394
38492
6448
44926
19533
28426
3963
11732
17303
5261
21706
13912
25455
27032
42067
38379
47446
16526
35965
5885
686
10910
31822
15941
11954
19240
16072
43885
26639
5551
37510
23596
16013
21215
21683
13315
24763
34592
11079
16879
9097
22913
20061
11999
37184
20385
43202
36573
37226
26350
7285
7600
7661
19149
37360
42208
16192
17734
8279
32247
1661
41641
28051
26695
4496
6972
33702
6303
38360
37896
14375
15250
32057
70
612
11536
49062
12864
46221
2533
28313
31096
31364
21881
12679
42007
47770
33727
41324
11507
12011
10032
2360
40332
17207
38828
42755
12572
18508
22388
7073
37727
26370
30979
40808
49966
10098
48677
20399
35183
28399
9805
9765
3778
34812
8718
9176
45472
17553
35398
42964
39533
3602
48989
9745
49156
18676
18575
17610
22247
40233
9368
9435
34403
7647
40057
42712
41088
6413
14278
43526
11083
31628
4908
37453
39754
42376
8122
1355
11608
45375
15236
28610
34768
4229
21293
427
4321
24639
40625
18096
18594
21389
45716
5364
3500
28796
49463
6611
20370
5630
36702
43377
42190
8389
32898
40211
43670
6526
27232
41682
43813
36688
6159
4290
47321
37772
31285
49422
27079
40109
32530
49431
15660
18841
40628
49216
23211
35056
37419
1359
13014
3928
8998
7178
7141
3942
47385
23345
2819
5875
11726
39674
13899
2509
23830
9721
4176
11496
1037
6958
38100
37214
36384
16815
7543
20785
572
18076
44458
33307
44336
4985
17835
30998
8283
30666
28966
11878
24459
3191
48437
22358
7419
26180
28778
36548
11260
29500
15920
16588
17322
4214
39607
27447
4253
23610
49547
3369
16451
29302
23471
12582
4020
5180
5574
11093
10071
34409
10877
1829
10354
35370
1216
34674
5482
44773
723
21597
18548
44036
45217
37802
37004
13253
14089
35608
1246
42071
10956
232
47455
13395
25163
34265
44667
30365
27485
26014
41278
20335
29920
15991
6784
29216
9809
46583
29549
22575
26968
800
19314
26646
1683
187
46539
10961
7496
43151
16691
4230
37096
21432
25757
35259
47025
8719
4358
34018
13008
9418
17289
2594
10241
24019
42370
42280
23742
37886
28832
4686
10137
37406
18321
48642
29489
33811
45843
35206
23193
9982
27178
17589
41512
16453
33912
32583
5110
31879
6095
30204
18713
36370
33830
23481
18476
28671
36347
25165
40823
1005
40964
4299
43339
17529
26595
2328
21594
42059
13702
24886
24679
3875
43380
44906
27316
4551
26288
29093
17211
30709
14351
42783
7732
43375
40228
28485
13142
42946
33263
12360
45730
45286
18955
46768
30557
36351
46645
31616
5996
35276
43794
40878
498
11657
15565
47186
47637
25836
7629
16632
36725
32276
9340
28445
26991
15363
11333
15154
3247
416
15591
24776
29569
10384
9621
15269
31507
6661
22020
19675
18599
13575
44385
28942
30706
33095
37773
27754
31819
15889
8350
30704
6655
1983
35434
11196
3514
24280
40672
1796
48604
11117
42168
49766
1201
8515
23331
2386
23470
12308
15315
48607
17471
48935
25032
7463
34945
8156
27980
28335
45475
22194
2926
44228
24841
2353
21012
34439
44110
5054
24932
27609
21571
29119
12468
31969
45214
26753
3881
29231
17695
44585
24284
38539
23426
21491
46522
18732
37677
22383
29411
13544
37344
25866
16049
14916
10707
2055
1868
35915
32351
6300
30498
27388
6001
27697
6830
6519
1000
38110
23379
28877
23719
24631
6202
47560
47374
8203
11603
35844
18889
15943
16823
29359
12405
39940
18795
49198
38762
10744
49530
35840
8457
27150
39059
20288
47425
27497
21497
7190
30926
11872
33470
10821
16536
14066
12416
15772
26168
34188
25839
38976
40784
15300
43370
22266
15117
46440
39720
16205
38019
13531
10712
9349
33164
44862
48234
42934
16945
33695
11035
29882
2244
31687
20308
17967
14735
19016
19913
28326
18085
876
11060
2232
36376
3588
7125
11505
4309
37263
27918
24865
12490
36176
19664
24394
38902
16918
31755
30260
45847
43052
44040
25429
14587
21638
31027
25321
37982
11254
19776
11987
26704
31019
46356
19695
11684
26310
8111
42549
18261
22359
37005
44153
32561
26153
6540
23330
22467
13981
16106
42125
18897
1505
8497
34094
36607
18313
15042
39603
17989
41516
32291
39722
35491
17035
27793
28987
13952
7735
19637
21172
18754
22614
36951
39093
32088
30608
13174
4324
23386
16189
12561
43745
40123
10543
614
44221
48874
44579
13479
38612
12985
2044
14872
39095
7348
45291
7841
38606
49366
34173
215
15262
21887
14758
28939
40434
26424
30317
34632
11163
18989
13739
42911
28812
49972
18446
12738
32148
27023
19262
8976
26858
47063
27363
13090
45122
10416
26930
8809
16725
15406
16188
21609
15854
13668
39444
29563
39096
28275
48366
25771
33115
47371
32612
21710
42993
6354
32324
26581
26925
32067
30945
11222
8568
41446
16811
2601
41848
97
43888
41303
37481
36144
25681
23063
23237
27884
18110
7834
8060
42739
42335
15201
23609
3761
4693
30184
18112
27089
39424
42341
26439
32585
36275
13298
1855
14649
14554
30969
45310
42642
49758
23802
18395
23200
49208
5450
38988
30005
19224
49453
2227
47424
33892
26637
42842
18287
29061
30842
19200
31215
29781
13325
37610
5906
6563
20461
34019
14190
32810
10892
33701
38914
14282
12597
17625
15282
35561
8206
33243
49870
3905
33849
8378
38350
15436
30484
35651
3851
11572
23140
4262
37752
5281
26200
7318
48830
35956
1340
48317
35905
33532
48013
30469
826
3936
38057
21771
42143
32111
42327
19304
9802
4421
42770
38070
3294
30867
45046
12059
12744
11024
37073
13536
29787
24909
20549
49067
22908
10517
43903
17560
30776
45859
23428
47603
13309
25485
42079
22108
37602
10502
17681
49285
5064
28531
49295
35257
14803
4298
31551
45032
25177
27132
33963
6122
39796
28410
43103
42959
25040
20568
36249
15452
35078
12612
15552
32770
278
47263
26880
5993
27616
6971
43697
4978
17476
18275
31607
6037
8662
43158
6553
29252
33240
30200
2499
571
12140
17066
41856
23734
18386
34771
13847
10232
47616
5569
46358
38759
30219
16664
30499
46417
42988
11309
35040
28732
2240
46109
30639
43205
23487
13732
92
21690
46387
20591
15310
10337
11796
24787
43549
11947
30392
45612
34874
33002
1815
24536
6013
22596
31230
9944
24578
27176
16075
37349
27578
12746
33723
4809
37769
17481
28826
45865
37070
21711
44366
32794
28175
27783
24237
23268
48154
12689
42302
37624
10916
45900
34377
40224
10824
16724
12836
20780
599
44276
44483
41336
42588
26733
6609
38099
16693
2449
9049
31571
13316
41185
23649
23288
20465
45558
28576
10977
19265
39705
40166
46222
1221
14376
24812
17733
48262
39364
9183
12584
33257
21901
16645
47009
3635
12739
23301
37207
49112
47475
11091
23377
4758
39619
38997
21930
29623
4732
34930
26401
41576
34814
9584
39773
27906
42406
23834
22191
46795
39632
35192
20475
23108
42129
24396
38466
31889
7426
12001
32814
21404
17046
23161
17920
41326
10198
44295
21416
47348
18615
49630
39970
1948
60
12749
7815
13121
7246
20849
20302
40996
40369
40286
42574
29644
37210
10116
23460
46424
9067
39949
18948
23127
21041
43355
48100
21083
28310
17960
7096
615
6945
39641
47376
16216
35699
39040
27598
21768
30081
36272
21273
41455
47766
21553
4411
6576
38791
38935
9676
14274
44514
27775
6349
15503
37051
31255
43680
27
42061
9630
41487
38417
41771
19591
48432
6889
1251
4929
45645
32700
22530
33110
28969
5673
6011
32887
46340
25749
21767
49732
26618
45086
22955
23582
49681
3771
27732
17324
48241
36319
2933
33949
7771
9988
23625
11754
14849
10709
4164
12849
41655
4095
24967
27481
49891
44649
25826
30468
34081
19184
14871
6055
5745
40651
40572
42788
11444
7362
49536
24806
26066
32711
14585
19082
38746
19833
41153
4931
6166
8829
7791
1713
5954
16449
10196
8853
34972
9758
46785
33124
49860
6642
41427
37141
19169
4986
41737
14241
35146
14732
43055
19522
22593
32701
21498
46105
6227
28954
17048
33747
252
22106
48590
33660
4216
20024
38387
49548
20233
18370
18169
49676
15579
9600
42093
20619
18582
5723
47668
34639
33425
44936
8525
34627
15800
14441
41245
47289
49362
6121
14165
13719
11993
39638
4739
25281
15940
46406
13180
27803
16603
46711
14711
38728
25471
9909
30168
12911
18197
20122
42274
10544
19181
24249
32463
39084
28114
29855
49544
63
5182
49444
33205
47840
4144
45461
13031
32182
19072
38132
47972
21080
1217
4700
39236
10526
12595
6387
1858
1551
13726
41333
26204
43041
4447
7464
47806
31338
24461
30079
37041
15962
34147
37536
8309
21249
13441
39697
630
32149
30981
32812
20340
32859
19563
34907
1793
2250
20935
43474
3943
534
11817
12155
8987
16740
3527
12381
41137
39523
42698
27639
1961
47631
7080
3142
21757
34877
40718
23197
45861
26435
4675
36779
13098
24359
23204
23494
878
341
35927
12021
10777
18311
21900
22911
35814
42284
439
2148
1084
41902
31622
44680
19691
14120
29836
26788
47243
11284
15091
17160
17911
18020
17337
22252
45590
18173
37068
33859
25347
45355
41949
1426
16311
383
20873
48767
13708
38648
12609
37936
47211
47971
46421
40523
30880
48350
34624
18656
10625
7720
34152
14256
28130
25119
4118
30388
14415
10478
24224
46553
47228
6527
20339
4753
45691
37175
9734
11408
14679
13737
37808
45009
9620
41672
39692
22
21938
21069
46917
2468
15228
14953
39740
9475
163
15929
17126
43369
29235
10923
12437
21096
9204
17547
38248
30151
30489
23856
25164
8077
43188
25308
8564
17916
11846
9841
45809
1986
44240
21546
41679
40230
7320
3442
46117
43108
5820
36004
32041
16858
40132
20483
12764
48571
40037
7501
36928
2520
19766
4708
27448
47298
22675
8579
27314
15377
40360
41678
12234
23814
44210
47647
42424
21350
9930
23498
10622
37895
18663
49803
46145
31824
24717
49612
36543
8263
13076
43097
34869
37719
22901
22949
46934
11412
13628
20574
4266
32901
44272
49105
546
36321
12033
16842
43373
21931
11453
34048
34349
18457
14807
9629
12574
16972
34857
41502
41337
6318
40778
40748
14228
37854
19257
22813
33673
40527
30743
4912
34202
21676
19327
48337
2271
4206
40446
24732
8262
35594
12964
34452
20845
34725
1897
4006
12302
17445
31907
10195
34020
27565
43356
46685
15094
30511
26391
41112
9803
3422
27845
48510
6265
19293
2847
27226
46743
6455
36235
6551
13251
17063
21625
26579
28474
35547
14918
20630
5770
41366
45206
146
2712
15859
46458
46741
6790
25215
42481
39990
23966
43374
24592
29296
45137
20283
11082
38782
21212
28749
43218
9401
38152
35762
41046
41190
20460
36126
18784
12483
34561
26456
37078
38561
5047
7281
10662
21462
21918
6723
49054
45588
43766
4544
48348
12535
24282
45977
49682
22110
18350
33821
852
5666
14303
6079
20889
41495
2938
12134
20762
21816
11898
33656
22666
39374
39624
43079
23571
48739
5992
1035
17398
21547
15578
46874
34339
49315
12028
13610
16953
34564
39657
29778
39121
608
33681
14280
9220
21115
22624
10250
48167
8721
10025
1615
3243
43418
3350
28366
36454
37083
20620
588
19230
6445
12611
48796
37690
4878
39061
17900
42374
3665
41025
11414
277
10648
5779
41048
46695
16937
2122
47542
451
43221
38808
43497
33622
3337
32166
27570
46723
45470
3197
13338
9736
21356
2146
43009
47992
5090
6580
7658
23045
10745
16016
45723
18086
40549
43362
3566
18122
15678
26159
25170
44391
45762
10373
46220
3725
34864
13616
33679
47180
14465
38799
40729
41962
6639
22898
24564
28502
44619
4303
40261
27105
41341
8144
32775
30857
2051
17541
39952
31491
4676
48061
13415
15427
38995
7273
34754
7503
24624
29858
19311
38215
35053
40309
13660
14093
38459
37968
38583
49532
2780
13178
16908
15697
13588
41704
382
41594
24030
658
16689
13666
20016
15261
4485
32411
15266
2077
3363
36428
20918
785
28855
17064
36724
46073
37289
8619
32106
8876
907
14210
9217
19359
21602
32829
8427
38003
25642
9572
30697
27484
13025
28884
5449
28122
8076
47753
18131
43675
11419
29793
14601
42973
3367
45323
48323
24286
10955
43714
28100
45981
12539
31264
37849
26475
33726
22829
23147
4567
22803
15477
14205
28334
48063
10588
8610
17499
29894
3229
40373
37652
25345
17136
14517
8232
7546
17124
46129
47786
8249
40396
7748
14185
30445
47306
18596
2753
36874
14781
6226
19710
22888
38890
16804
24203
44309
20898
11445
4553
27257
40452
49534
34881
45975
22567
43728
39862
18326
36375
22258
49674
44966
17567
27365
15090
16236
5469
28890
8227
9644
21870
41654
40853
44782
18081
25666
3860
23052
2452
6273
42081
27081
9677
13744
26256
20174
13489
36794
47183
28631
30118
1147
12118
13417
9253
12534
10606
4480
35835
12144
30172
24147
2796
21541
4194
3726
17758
49484
6995
31395
13834
26382
22336
36609
38608
48043
38578
17961
40842
6218
27542
722
7237
29603
40260
46860
16257
22030
46904
29990
6957
32201
4959
13313
3053
36262
38981
21678
41741
14749
45667
21747
303
24823
34689
16114
45309
16667
28597
20564
36736
9595
17215
48697
7820
43880
1652
37401
12345
7957
23370
34928
29016
17557
3526
12877
39118
35820
28261
14762
9462
45508
26226
40687
4249
42555
37352
4917
49129
436
29273
32649
49827
41467
18433
37485
10305
8058
7642
7490
1887
767
10005
17957
7094
8130
39815
1393
37286
44809
5284
29574
12137
28504
11002
10188
45928
42824
36793
26743
2391
39694
49761
1403
10959
8114
21527
15113
4973
23028
48817
37487
3889
41385
23948
42092
18509
14269
48139
14422
4044
25512
12690
36631
19330
28759
45979
12682
8048
29684
31155
7859
9308
2656
46726
37444
20291
31276
3817
38050
5605
46582
12916
33456
19927
28968
39582
30830
43324
23819
17813
35021
9378
32616
22511
3100
43178
15295
14065
2062
15845
11029
13198
22721
15163
11396
4424
36750
2620
25574
24913
143
43471
5640
25910
29931
48960
19532
11478
21804
3987
46147
49353
38805
7788
48802
45006
31097
47033
41392
45121
9609
4430
25120
42882
32959
9031
44119
28537
32577
15270
5077
9772
19346
22660
26266
3535
1885
9859
45048
2504
5055
43488
35730
44178
36057
46712
19692
40789
42150
4314
42509
10637
37044
36061
23315
38909
28164
23270
3961
37404
49600
41493
18757
12397
40291
35999
16648
31508
45973
9249
40484
5716
23674
28420
16483
40587
7910
39142
10980
16239
13452
21365
40107
8215
40969
42699
48625
27595
48493
34745
32158
45965
33066
22621
31292
28809
23457
396
1822
45068
49640
3954
28754
6641
45644
35167
49181
23150
47429
29464
42862
39354
16745
12878
33008
34395
33942
4369
40691
42322
48002
38060
30111
23731
12670
46091
17861
21116
12560
8609
23955
43868
38933
36765
12167
18004
27902
45998
13586
9011
45860
39128
44308
5124
14632
7477
26879
47655
29846
16482
16126
49814
21031
46320
41625
12176
49633
27686
32451
4905
47339
19295
47294
17366
12829
2855
23787
1428
39334
26351
29637
1926
38112
17195
35690
28837
32780
16484
31248
38954
16108
29476
12969
24220
21545
18937
15119
2393
38424
29112
7654
42363
46438
1462
5585
12979
41675
29120
49802
6676
31671
8113
41082
47485
1308
40005
27599
43249
9411
7345
22932
46357
66
11630
43937
33964
18856
17760
28635
40188
29863
4467
15952
7709
34862
2944
6278
9973
29789
6725
16925
25082
31970
4231
1916
34479
22760
21729
33742
29076
39266
15214
14069
30241
44033
17135
25775
39866
30036
44928
48301
11819
38710
32146
5726
41855
48655
4833
3378
31591
21988
36288
17311
11359
3933
44523
6918
2033
11964
34851
14920
9889
22398
25201
13755
30379
21032
3291
6537
47417
15364
42559
42986
29706
23792
49005
48210
23057
20811
6586
9372
22938
13078
10498
27926
10059
4889
19818
26184
33878
23041
19026
48313
888
30627
13594
28613
1293
29069
25010
31925
15562
32518
19743
43640
16313
17577
37400
15904
43617
47412
21790
28469
5929
25147
36008
39101
24176
100
32285
40647
43493
28642
24055
9243
11343
34873
4419
8983
19903
45951
25002
5097
9913
22222
45484
6529
18680
35624
25226
2738
33814
44334
9527
43274
12083
6879
48588
22212
48584
9095
7701
47782
1554
21102
17550
47512
39409
41327
38873
39797
35597
10314
29756
17668
19333
33167
21068
20553
44358
39192
27173
40997
48185
10018
24740
4779
6311
1869
25937
12636
16659
18466
40791
26097
33265
19107
23618
35113
42163
15145
16093
39189
43751
18483
24474
46504
27875
35367
39716
49991
48589
19863
33482
13620
9908
14204
1623
43394
4886
20726
37975
37814
31036
29171
14395
35478
33528
49843
30301
14672
22407
17269
47107
41035
35757
36040
42828
14646
14885
31354
5576
45234
40090
25246
16931
26763
27914
30575
17913
26945
2342
8024
29188
49977
8909
1930
20757
18108
41348
2727
18299
29782
16515
41915
2001
59
37900
34868
29700
35391
33519
11573
22305
14141
16905
11427
32214
45724
18887
40613
20813
1044
19801
40827
26134
39151
41142
15679
34056
37213
18606
16207
7088
47675
40785
47317
48460
6410
7956
25503
46040
43980
6251
45997
17022
29420
2143
48738
32709
30872
5769
21586
23611
35097
36499
16602
11658
48405
5582
11051
45509
11374
11173
36780
41990
11913
16243
16399
21584
34199
46065
1164
44752
38395
29673
44857
47282
43698
11321
33221
1776
22497
3810
41319
24948
4971
21789
3104
37303
623
45665
11347
12537
7275
41009
45934
48367
4842
6304
42270
43921
42407
15519
8750
31560
20738
48227
10437
28925
43028
494
35626
22963
18814
49233
9146
45245
13199
19817
3406
49734
6268
4792
33578
33535
6864
22218
43842
48784
5690
28472
15976
1782
14968
8032
36183
11621
34826
38617
5401
30518
27809
40276
21307
11224
24949
30024
15924
16890
37477
23923
40015
4667
22019
32395
32889
41699
11866
29767
21797
45010
4082
550
25091
15102
43653
47709
48653
2457
31114
6890
15456
36662
41453
1139
43290
47701
33989
41765
23388
11883
1812
7473
21858
26396
25932
16197
43341
44472
5152
32328
35156
16545
47092
24647
11425
16749
35323
39206
44372
3878
22003
42581
44283
30407
43507
34008
29877
8318
12402
47702
11160
42091
1345
12571
34580
24579
36448
41193
5627
11215
22088
49929
26048
19908
36443
23242
14445
27239
22906
18684
21846
25619
4537
10164
33539
31690
1282
17720
46863
22477
34247
9840
38780
6014
46032
41422
9311
26395
4490
10288
39782
2451
8176
16173
32858
47505
8361
10843
30394
28583
4930
5944
24189
11300
1740
4067
42494
17814
28434
29233
15155
28982
38635
5040
15848
47949
5826
23924
37817
37216
22952
45628
9718
18812
43222
8695
41061
14309
21523
12626
39499
38868
14316
32768
16802
8253
31252
40086
25838
11266
34937
13159
23372
22199
17750
33833
43153
19828
29773
6236
34123
47001
25004
11744
20774
32801
31669
40007
19086
13794
3590
6846
44216
12581
38693
34933
14327
39060
48214
16778
32467
13057
36726
30328
37842
10881
46269
42695
2297
27922
49055
34326
21390
33559
27787
46000
9851
44182
17849
26501
7708
30197
8578
26462
35358
16731
29921
23458
29108
27541
36776
35982
25064
44279
16299
45281
32494
7050
35227
2630
26594
721
23653
49428
6281
23111
33824
8184
19719
11394
26747
36030
9257
2857
7939
17717
25944
6629
9058
49688
4256
39485
6406
25969
40403
35311
27972
26750
8907
23166
41135
22761
48248
22435
12149
6329
16405
7124
47401
35172
33815
41334
33812
9077
27086
41289
38723
46219
1194
5005
46098
33766
44190
47106
49865
27384
22863
927
8629
41649
31415
46056
25786
9342
45640
19442
11361
3887
12880
43211
38013
43267
34120
40215
18034
46565
13382
26806
32865
42282
16370
4946
34514
45175
11500
289
19394
25536
41652
4764
42646
46009
12275
18163
45045
12469
38005
25079
33415
49031
6722
7149
37353
6036
43600
15673
22195
12148
48309
15007
9232
19804
15761
46444
21312
16261
23927
42615
11718
22385
23418
6274
11741
8080
9509
4573
36996
6221
19852
30408
45401
11153
15691
22479
44227
27840
29714
11016
49624
41813
35542
8842
22035
34879
28173
29687
14082
12770
46516
35855
34601
48060
46681
17392
36557
33700
16788
6010
44477
49559
20163
8236
8548
42085
22082
41491
22599
49978
19441
7504
33374
45820
4449
44886
22064
9874
12347
39784
38816
22330
29991
46099
26722
40834
12452
4645
18331
25988
39086
43664
16312
8582
42451
13662
22731
17068
17039
20224
20489
27045
13507
12361
36878
17402
11858
19454
15639
10876
40683
40476
4727
6603
30731
23165
28471
40310
17899
34757
41554
12953
9943
117
47515
1417
30068
8997
4866
3219
25801
30614
38864
23184
46760
20242
25616
44504
31304
7150
1878
39817
37708
14251
25572
40029
1988
28646
33982
856
34192
34195
9126
145
15592
35522
20318
38386
29116
1710
25847
43074
45797
26920
42202
24648
49339
19866
21109
9798
20649
17452
41515
30045
27703
32072
29453
34380
30719
12753
10083
28462
49652
10343
17121
27573
32159
25409
10879
23542
30336
8106
47958
3305
29762
19745
17710
17739
47027
31186
43540
22439
21802
34676
24658
1561
25515
45478
48085
13419
25096
27197
1099
37238
26142
3001
30596
1818
33386
32628
3653
35299
17509
18653
9353
28990
31978
8522
10094
40571
43141
42461
36869
28291
21309
12189
25029
41494
17365
4149
32506
39709
18725
14402
36521
44275
29675
25654
44426
6042
39186
39540
34882
27538
3
49239
31753
21516
46399
20920
16077
37043
40313
20528
19228
11460
33138
6507
25232
23865
6125
25304
3553
41602
37564
23841
11341
37668
26354
44379
5912
26631
13147
13589
5206
37716
45803
25528
48020
31369
5563
4168
33740
42151
35759
1553
26032
25822
20749
47067
23205
34769
48011
31922
25524
23435
24872
49424
11237
9329
36185
24441
20356
31583
1509
28898
1047
23600
48541
34236
14791
42632
48828
14946
40167
28876
32664
45836
14105
42894
22347
12172
39397
17459
36323
8466
35137
14183
47226
35922
28290
10331
26272
41054
6827
45574
49258
14694
13673
22730
12010
29838
20992
13566
35263
11593
44047
561
994
26485
37963
18068
29445
42800
49284
34807
4222
79
35073
43073
4838
24521
44672
23209
22115
2075
21440
6736
4526
9881
5229
36252
43061
29105
19329
21207
2775
2522
20596
6695
38167
46039
13916
10021
20141
17819
28129
27111
49058
31801
5426
6340
16822
5705
11769
22377
19260
27682
43663
19468
4051
10147
28378
10791
16014
13362
17664
8573
14171
11733
37738
44387
38118
9817
48169
16486
43422
4677
7553
32940
27848
47210
45172
11187
152
25612
35506
12918
8139
39644
3604
49741
41890
21583
7633
4066
46272
47706
41384
44278
26585
43194
38322
18079
1780
10816
48115
45511
34525
29447
2316
41140
11940
18794
20546
25443
29245
26037
22629
4181
17896
18029
12444
29888
13872
23587
29472
17871
25154
2284
7944
29074
20790
8383
42790
45324
35110
6734
24336
13764
16544
26400
38069
42760
703
13955
35442
43047
10703
38211
29947
39877
8639
42184
20905
37031
12601
1320
10209
26095
24650
8055
26862
23713
27634
44448
5380
16721
8479
27398
6222
27254
6925
45534
32390
6162
121
4187
16332
2700
39584
15560
47051
30378
20639
31205
14853
18742
10270
20106
31860
12102
42171
27567
10126
38293
32802
8836
47559
10379
2675
8250
23387
46469
48715
23385
43716
27735
14816
27217
32823
46338
17217
2298
39569
11285
46288
45754
2439
12552
22193
12939
4159
18808
16748
31449
34982
31394
32504
17786
7147
24239
28125
40016
34519
4750
5341
8765
48419
8442
37899
31154
37704
49467
1404
38841
14826
17451
47199
34154
47026
30217
47665
12941
17591
11604
39664
38095
40150
34450
5580
31359
15770
45388
35333
19285
6601
15296
19577
30064
28385
6634
26544
6287
4704
32748
31504
12558
21917
45812
35495
30737
28807
32417
46537
1891
2579
45924
10624
42626
6898
40435
41757
24982
18297
34025
45080
12820
13600
14994
1853
35179
18315
13640
27711
15022
38800
23640
16226
49819
37439
44800
36791
21363
3384
35605
23037
1374
26744
38840
48826
7527
30026
21461
23507
7309
45300
48408
6833
41978
2128
40480
175
12656
3169
34348
4248
31606
21672
49135
49774
10723
2430
44267
48918
926
8533
43254
12675
19772
14981
38172
2257
18970
24192
23698
31094
10204
18061
42863
2735
47019
3002
6034
47196
46836
13743
6927
16393
21741
6970
35555
47234
43063
31257
30964
4622
11547
14993
49469
25129
5887
36087
48618
9847
26210
10982
29710
16001
46837
8150
28950
34634
34096
3674
9618
27623
11092
47658
7404
43856
33453
10031
22925
27464
32439
14562
42992
41795
45606
3273
9019
19139
30262
49974
22389
17699
19748
40222
10008
42681
32964
14113
40231
10234
2387
26390
31084
43858
17888
45220
37582
29720
14856
48070
15834
40545
48690
11689
6498
39564
17228
45922
1187
44554
5228
26154
3103
44961
30707
35652
8399
21013
49094
11281
46866
39453
44363
2750
14102
25745
36530
13346
1826
49960
15281
12030
10287
24289
33293
48734
48267
6697
10306
30955
39293
27423
24707
24662
25807
974
19703
3152
22363
35197
49041
27147
40546
22817
25366
44645
137
34799
46445
16253
22552
46270
39618
2003
296
35378
37574
36398
2781
17620
43940
2999
13538
32705
8664
39794
43830
105
13444
37074
44791
26147
34263
24861
42596
3536
29398
1602
7925
6542
21814
20687
33105
8897
45385
46215
4104
47867
38048
48769
31115
48890
31685
35095
320
29957
16264
30321
13080
7616
42289
22448
37702
5797
28772
41901
32817
12093
27829
2408
31076
29571
9469
40845
30797
17313
34190
3213
46580
48220
49224
5393
13165
18318
39560
4701
41989
39627
32068
38432
33081
38197
14369
17142
7936
7960
17799
48254
14701
20243
21343
33873
20709
102
22215
17437
49752
47763
18337
20415
42545
45435
10193
6990
37077
45872
25490
31839
3341
42437
49993
10370
7346
4003
25933
32000
2220
41640
22107
34558
35000
14391
5220
2503
6072
16995
39830
9577
46783
6429
7102
37875
38287
7813
15913
49580
27882
37659
30466
307
3205
894
7087
5634
46477
24682
36652
21011
19250
22994
9877
43452
5732
43068
2281
37212
42036
43648
26094
25146
16665
44915
42399
38078
39341
35245
35539
45696
13887
40035
20464
9567
5217
36676
44012
15771
49564
40898
4103
15292
45369
45034
28964
22816
45331
47697
28248
13998
2156
33358
39337
44315
37657
43802
1332
44833
32234
21119
20157
11400
22850
43212
20781
3215
37093
1956
34131
34571
29594
17840
22700
44142
25077
4865
38456
6220
40414
6847
22094
28269
11506
27369
21665
4431
16095
10932
17702
25391
32284
18743
21808
44919
33715
32966
42383
19845
17563
36281
44340
12484
27219
403
27630
8155
18047
38195
32177
23780
7236
3224
49338
14428
44985
8857
5699
34239
17852
32207
18412
12077
39860
47994
11087
28567
40380
20933
16666
13043
24915
6923
34885
12665
37351
44927
35059
12762
35920
28946
5257
12251
46465
26821
8628
12135
48635
1518
39574
44551
37306
6182
48193
48577
31159
48453
44498
29482
9491
48722
39328
22876
14000
21646
35127
17513
17646
18934
48735
33525
45421
12669
42219
31068
20629
32730
45635
9230
40923
34342
36317
36380
18028
34490
5662
8823
9334
740
43136
46767
2069
26459
32994
130
48056
48976
48598
34841
35573
3663
7126
5369
31495
30234
3164
2109
26890
30171
26673
34217
18501
14042
19827
45450
27437
46511
18240
29015
43177
37266
3102
27043
4817
21374
5379
33795
14222
31280
39183
13658
25555
34550
23940
1918
32533
13897
708
42262
32856
34114
43201
3250
42195
20437
22208
12368
33621
1261
4935
6561
12195
32304
49889
34905
21351
40600
24643
29988
49793
43838
49585
46324
11066
14687
25724
19718
6330
44690
31401
9182
4341
45203
23228
47771
46528
36667
37470
9754
33052
47013
14356
6740
39001
21154
41463
31521
23369
17712
49538
16520
2992
36805
39237
22748
48360
11403
11061
17709
18109
40302
9144
43505
14976
22895
15990
16944
7844
6168
16593
47284
40410
44261
23119
26317
48521
33650
7932
31330
27666
18917
42553
23531
11525
39451
37149
5898
31465
28822
11338
49007
17680
28372
44830
6346
18005
7512
47112
704
37540
12476
12868
11275
3886
3681
23601
47930
23425
34060
11323
34861
36257
24737
40680
7587
14417
1790
30187
40690
23921
4284
2054
31222
1581
37254
14861
23812
25590
23662
41674
14666
7454
18444
35232
27048
45348
16866
7235
11763
33035
38180
38131
45275
27854
6043
29808
1020
6829
34825
1356
24618
14271
26805
35387
35320
22650
17383
10848
31542
13469
33342
9834
20351
13200
4998
22334
23241
12766
13862
46150
47804
24388
49400
29263
253
16321
41959
33527
26023
16305
33290
44133
10036
17368
24637
407
36023
1130
26971
12492
19482
19623
33191
16300
34847
15128
25703
33385
323
18418
2427
16683
41846
2521
14876
30337
36058
31340
42233
38893
48271
46216
6109
21037
24676
24817
13398
44811
2258
19281
26034
42149
4142
43882
35028
26248
44413
44623
4401
43168
27199
35328
22603
20957
23704
37678
27512
32836
49334
36638
32787
37566
901
43286
45539
27256
5683
12157
8943
47460
40106
24727
10282
16201
4965
25942
35330
25070
48196
496
36756
26841
21026
49899
35898
19223
6780
24757
44805
1335
2767
30576
44249
36910
25203
48741
30370
5462
19704
44742
49153
23849
4312
48268
12990
37239
26834
36981
5120
40108
34070
45125
41024
27328
18624
21125
9514
49205
33116
25852
12432
48644
21394
35632
20890
19879
43536
39410
45688
7683
18397
43404
3382
29040
46905
47657
41653
34622
3721
1061
43399
5501
32281
43502
47667
42016
45714
14622
39066
41107
44445
12225
21147
5466
15652
41083
2120
22615
42835
11869
23058
45014
43029
33209
25901
30314
4503
4280
15158
125
48383
17200
5070
28412
5290
19401
17487
12187
29519
21505
18189
39653
30156
13175
5497
2405
9345
29649
25389
15714
6823
10302
3486
10352
4576
45171
14468
22271
15511
33119
44339
46486
7883
41585
4783
40454
20944
13359
32295
241
1932
41068
20904
30117
11390
41323
38104
42303
37617
16794
32237
29843
20234
43000
30725
11152
25123
6393
30577
34554
1416
40633
48502
22059
26407
18171
46223
2990
8503
18448
6098
49664
24104
48554
23844
17941
19929
32195
27795
23129
47031
39320
28565
9374
38830
14650
14823
36382
9005
27429
12992
18406
15241
43541
19059
48633
7913
15516
827
42480
884
28508
37841
9615
31014
8298
2754
1942
29624
36098
17431
26178
2371
7943
2226
21492
27053
39171
9179
49436
33979
31983
23533
30919
16948
27449
9714
1933
21896
25124
24202
12786
47506
27957
31267
20193
37491
1752
13314
37455
11015
39396
3420
46610
38535
21133
33397
564
45194
4414
34631
28345
26534
44184
14734
34284
27159
16845
36950
28603
3411
25021
18901
23252
23728
49461
3432
2429
17493
18050
10554
35792
23384
23013
14819
22409
33245
46002
48539
21993
2285
23796
20413
36403
49631
39602
10710
31968
18925
49003
32002
22270
19282
21581
37425
27419
27702
24261
40518
10565
47268
34957
20616
9106
30723
34587
18510
33960
13506
8335
19328
27860
23421
36268
18498
10693
27942
28978
1799
49909
10790
41937
30405
32426
6999
4370
15230
2543
2758
23808
31976
18645
48325
45458
40912
33147
6059
13720
22640
46953
26135
33055
29963
10228
10696
38178
36684
25296
860
7361
5157
14922
5065
5998
45735
8051
21180
3242
32509
23586
40400
29135
40186
16011
21276
6853
12449
32176
21159
23243
39503
41656
37527
17947
8286
23952
31210
424
34736
29964
12532
28552
39986
24402
4064
18403
21882
6461
8615
5376
48161
26338
47528
5942
28202
27867
33872
19170
7672
48481
1981
26533
8302
28713
25444
29064
9985
47768
25593
38878
45675
12117
13776
11106
41610
13770
37649
809
43685
32635
16580
38882
4275
8799
819
8885
6027
36985
9636
20798
3859
47338
27607
2366
36367
18523
34032
12286
10630
33591
14676
12791
30256
39685
23187
28638
3460
24793
28973
3615
42648
41766
10644
38261
4659
12767
49000
42869
5558
40917
33770
40524
29818
18245
15016
35252
48504
37391
35463
10841
3733
14673
13869
4863
46526
49853
36078
8936
31142
9137
19512
34242
49513
47054
1886
24318
11583
46080
36577
10015
24895
29513
46033
31235
22104
25966
44111
27581
43069
27312
11372
25439
15822
11021
48553
22915
30841
20279
46110
15547
40128
777
3835
4592
30566
7643
23218
12553
13021
36746
1153
43183
19858
11042
1674
1990
8529
15543
5712
36119
41127
6276
29246
18936
42538
44988
21526
44609
37113
41583
17127
30193
38374
41681
4869
28303
22756
27550
30798
5588
11646
2396
4941
17618
45749
17155
47985
34497
1189
29255
17885
26913
18984
10550
29058
29141
26115
1622
36978
47829
2527
33316
9099
4533
18940
13117
6548
737
14359
34740
23588
13342
24611
35679
29634
2352
40698
35627
7581
40084
3303
12994
2982
49784
47926
15517
20867
5542
21437
19009
23833
29201
9164
6624
46134
47981
22451
36378
27669
36615
48314
17938
15189
5685
3992
35446
44873
19996
5751
19371
30266
31947
6048
38214
27603
34850
9587
35947
12925
21796
19962
48068
6020
36477
5159
14544
40197
48569
25788
6235
12362
15946
15118
4566
45279
17037
12194
33691
49092
46943
48819
8049
36751
38229
38141
16355
27335
10926
10215
44648
20808
23152
12625
9592
36020
20105
17304
44612
11401
6234
10029
41820
28894
17447
363
49159
43894
23311
18884
49989
33467
20727
28830
37870
15235
18264
40957
37260
45551
33547
29647
4854
15426
32590
22099
22924
44715
15809
35754
23199
2548
27626
4530
8462
10750
32223
47869
12103
4472
41961
46141
31602
7180
19177
7995
19229
35332
15467
7687
47302
6298
46087
34569
14550
16572
44898
9273
40555
24319
30535
26746
42078
34204
28626
27025
23019
29241
43669
48434
8734
8590
4821
5503
39390
6775
32774
11788
8210
49039
31417
45488
19413
38512
10631
3195
49409
41575
13860
41116
22261
36231
24543
4600
31024
840
11798
16562
5955
26737
12804
3320
19898
2474
49384
29564
18962
41200
559
19924
1749
48365
5504
35201
13631
14805
46423
30733
42756
11406
10112
28029
20840
46290
16354
20815
46265
32156
15
21184
18933
22470
29200
40884
21258
36143
20031
26102
34644
16541
35382
20782
13372
44
37526
12003
43988
38400
39578
2159
8787
34058
43810
24684
25483
3908
2246
32746
25531
41551
20756
5772
47764
18982
17994
39777
11938
11662
22161
13495
46286
26224
45250
13750
37007
40764
21781
7923
3701
31037
46271
26313
19602
22536
2859
34299
24037
17802
25231
12784
2291
10842
14044
4769
29281
47126
23945
10000
9157
47132
49149
22492
29434
33682
18463
16184
21994
34445
20789
25488
18304
40095
11044
17418
11553
32394
18162
10454
42832
5339
6115
10783
6783
33730
9917
40528
1157
10472
43289
45918
10275
49961
39915
14109
27961
15493
4434
23714
34014
49441
16810
28431
17024
8015
14822
45269
10930
44653
3610
44750
21703
17860
39352
45940
1183
30812
15870
3968
24901
41471
38375
48322
22048
7169
36788
5684
42511
43337
21443
24145
1473
19487
21278
9562
49815
17152
14331
49981
27372
6391
7789
15303
48834
5743
8999
2763
10748
6030
15165
30800
30912
16185
19101
14618
38891
5026
12073
40047
27532
47350
25790
19192
46756
18896
4045
31129
40798
27303
10211
19943
17939
44154
40329
36671
13512
47143
40044
29444
47315
47244
11192
26916
16769
32990
28887
5263
49599
14217
36740
45839
29026
44677
18630
6342
40967
3413
24807
31199
26213
41923
28596
25882
45777
37138
47928
49197
35372
12002
9941
5689
25818
44027
2979
33596
8612
46885
35702
4743
15393
25250
9496
32456
35203
27137
30411
26344
28314
47761
44590
20416
31563
40771
46600
37467
8443
20927
43124
31322
37106
6763
11322
6944
31517
5066
41293
45868
11014
46070
8685
4367
47408
17569
12755
36203
40542
13054
4895
7090
17626
16436
28181
34887
17600
5306
5334
12741
29353
9727
5039
24353
10762
16488
23861
17731
29749
25837
15769
47780
6931
8720
1451
42871
43647
29873
4263
38503
34387
9811
25354
412
4547
21934
35103
45304
27223
914
43951
23589
17523
17633
17470
3816
38331
10725
38598
12414
39457
11691
39333
44392
20678
20949
8465
15666
15114
13643
27551
43476
44744
49380
16912
47682
24857
32831
10064
33317
14279
42558
49503
19091
12462
12646
44482
34413
10849
821
37107
8218
6092
44878
46194
17700
17196
20409
1705
34021
36034
14023
38004
30342
30149
1512
8575
25674
23709
26431
42720
8524
13859
32479
27983
22126
24630
48170
34553
9173
24351
12578
36464
41276
46031
44636
28212
18981
22551
47573
16965
12378
31067
41206
43576
17917
16130
47369
39259
12039
15107
26801
48053
8303
37693
8498
18347
28282
31172
4277
26209
22289
5858
51
5867
31554
44029
45666
31863
7070
34813
2087
33820
2079
47998
33041
44003
33455
31189
29545
8678
8682
4102
45501
39525
16065
35886
629
36853
1300
6365
47514
11062
39617
46612
32832
44527
20392
33996
7336
8950
18894
32210
4910
46005
30734
15837
26674
3361
29588
43230
34699
47378
35121
23413
33852
10285
13619
12602
47443
21753
22325
48105
29002
46236
14418
25433
35267
34017
13246
23492
32117
24197
25024
2040
29415
7093
37596
5819
3438
25048
22023
4343
30450
20828
41208
30505
42431
17869
7258
23036
30309
44464
22476
256
6357
7640
40229
2686
47283
36578
13004
38942
35672
36485
42412
10609
13365
40779
18701
24185
42097
9926
49657
47432
32936
31022
31193
2407
40893
46492
4796
8570
25854
16494
19233
27007
35991
5941
47852
29392
21633
19268
37194
8177
42470
45894
41616
13499
19231
6555
49877
6322
33927
28341
12272
48583
3623
11297
39391
42351
49990
24570
20092
43881
24715
11925
26847
48091
14118
10172
11555
19634
30208
47995
44079
2665
2124
26954
42114
12258
7109
43096
31564
8502
21684
20456
4395
25472
10805
11122
29298
4217
45264
49747
37101
29365
13554
7132
9358
25350
19829
41285
18920
43779
26175
32290
7874
41779
11544
11960
15732
43099
46928
25179
4235
13756
36386
16936
6307
36905
46697
5350
26067
20357
467
47717
27097
32739
745
32963
31453
49
44095
3522
24383
38634
24830
28414
9323
18199
33890
27916
20723
43279
33288
40089
29557
30735
22041
35031
28048
22481
30413
38335
26242
36601
910
35611
46966
332
8914
32828
14090
16616
39411
36894
27564
14838
42592
4507
27893
18329
16232
41219
10349
36470
48674
21305
39804
23666
35036
33572
43437
36186
42801
28096
1385
31321
22709
12756
23785
44488
41052
46341
35003
17687
39823
3265
47830
16350
25437
21060
20387
31089
28260
16009
11723
38530
15469
43701
39636
42426
16933
23530
16472
25911
10689
20902
22502
38557
18332
18092
40979
27515
701
27731
475
34599
32066
7573
18267
26480
11499
30220
2312
35599
39670
36171
34709
34615
2279
28004
11560
2500
46787
21122
11776
46079
27717
16596
31485
6308
20787
38160
12959
5658
11146
15880
20073
17630
21960
6714
13169
48084
7882
29167
15638
18585
37091
42321
23434
35638
14174
20319
38049
148
5283
22306
49085
4934
24498
12549
20201
16018
6371
12495
9085
30739
12889
22686
4497
32200
6495
44810
2809
40492
14948
41870
30875
21401
33510
10592
25012
48155
14263
37198
4373
47774
47261
26742
24372
49778
11599
25903
18055
49725
29386
25198
19047
34685
22340
26500
42920
4224
20636
26033
46941
16419
42782
9868
43105
14095
15874
11437
8486
15485
28695
42344
49892
25247
39465
26988
10620
28633
5013
23644
28127
27593
38210
32180
12503
17446
39950
48377
43176
10037
7950
34801
42118
1631
19767
39532
25367
34679
16221
1052
47619
34784
33394
24021
5516
47918
28097
31681
28580
38553
23631
15525
2684
45815
39832
37027
32716
48373
22812
7392
22826
42802
40438
24646
44113
33605
17761
26765
18405
39344
27164
32606
20703
21974
10106
22703
42584
34594
27424
48010
17979
33194
23607
41143
33160
30340
31597
27234
36214
35180
41617
6426
40520
14137
23091
22452
44940
14385
16293
9708
46409
4371
7774
42585
46138
33056
48963
8638
28679
42439
13938
45548
25783
22355
47494
40708
23289
33190
41161
22971
42663
46962
30475
35016
12294
5391
22993
43801
1952
34259
40352
30914
31487
5926
33064
43015
26542
22661
38741
20116
10776
49192
9932
33156
7588
40162
27489
14438
12252
30465
29288
42138
44834
33967
39005
46505
10492
32444
19391
40975
13269
49303
48172
46367
26962
24157
41894
1449
29892
48285
36989
33127
40256
5243
38504
15850
27552
43207
801
44511
18797
39017
22851
11951
31234
19027
15688
32673
29250
35812
25614
18571
19415
26183
45248
28686
40551
46555
29796
34476
38410
22907
39282
14027
1241
48924
27166
41434
27836
34533
19769
8057
22825
5443
16832
7610
62
96
1867
11286
29909
294
48111
19322
48940
5111
45944
46416
26453
22899
17185
48118
31825
48643
44484
1242
34859
8329
17455
3700
40674
4012
14313
8879
890
18133
36639
1010
10027
7580
2158
45261
38255
33710
6863
26569
3368
6921
8740
20322
2573
44548
12659
13088
14592
41769
2495
43911
33875
28922
2193
28852
4563
17403
21551
37002
36025
42931
43609
44122
43554
20431
38957
4628
9083
27123
29348
5176
6757
41451
23244
13385
20108
8598
27804
14656
1286
49873
20113
46309
35779
8889
15306
49226
47423
28801
29850
25217
24027
11233
46591
42220
38502
25500
26817
26860
20009
35008
7824
8933
27661
5142
49060
43703
21861
4220
19970
39392
526
44903
13194
5930
49297
27699
17594
8676
34314
9027
27819
44000
47632
18518
39310
30100
18853
36524
22445
41877
49786
45123
7227
28176
17028
12967
34600
12502
8995
1580
19516
29688
3951
4024
17379
25236
34074
3579
31425
24670
45038
6930
37868
44479
27355
23068
7783
21785
15857
21632
49791
49643
5645
23936
47328
43645
37284
26133
40963
37697
20646
19795
29958
23912
17845
16829
10794
49921
20427
24939
21482
6647
8021
10426
48137
44795
42495
18587
39799
39456
48517
43975
43075
8440
10560
34829
38596
5768
40585
667
30894
29978
1433
4378
19686
34171
43133
42203
31682
31447
11278
3563
39304
32933
39918
40621
537
46558
47351
24144
15041
41866
4323
7630
12156
33693
31625
12937
9065
16286
44282
49776
15607
8056
1816
42472
20359
48861
41529
5591
38352
20236
20178
41521
43855
38201
525
26706
5093
42146
26356
48912
11198
44035
41764
14100
22729
19721
3241
15325
12147
5301
15954
10940
5667
27765
48047
35742
2901
37248
1920
10974
16109
8358
5424
24885
45927
1483
49262
34910
681
34459
21287
37140
27101
9878
35118
34376
1773
27130
41695
5514
38544
30519
3793
5196
49001
7590
16422
13705
42909
3717
35760
43245
25707
5470
43719
46913
16863
34272
13604
26404
12317
42725
9009
13973
41825
2815
15883
12971
22602
21111
13879
45631
16899
36296
3038
14772
45267
43995
37852
4451
35369
2203
12478
22581
3984
19288
11293
10180
36854
16464
41906
24866
4260
40011
26207
41590
30641
3647
19427
35397
18210
33005
44959
38887
11429
36086
49614
17828
27909
21909
7941
39027
40510
32909
3106
34614
41086
34003
38866
47248
5643
40028
36128
46459
37723
10683
49670
39418
40342
39034
41759
48009
35458
24119
41259
6207
44332
2771
28062
2354
18357
31365
47908
40907
46895
21321
48318
37751
6090
42330
19891
48230
19490
33737
10793
11102
26013
21641
10236
45199
21501
17656
38686
20940
19729
16539
48334
12080
16057
19649
20562
2490
17343
4766
4696
16988
29900
3397
17545
8728
1352
42643
45849
35896
32059
23087
1835
24595
32063
37196
45620
45398
36753
13905
20312
48375
35655
47641
16851
48492
27720
24685
41851
2837
4203
34544
18089
28972
45371
34521
16903
16445
33383
825
43298
29872
46576
28252
44916
11895
19118
38147
23755
23822
24184
25578
44971
21528
7383
44060
33356
21382
21866
46560
2489
24116
11950
13769
21114
1092
22918
11952
12465
43979
36225
46588
23962
38247
27959
27748
2761
28206
2838
28970
24266
34755
4785
17614
26203
35145
48639
41187
38766
24958
1182
31543
3323
3019
15819
3814
21634
49485
37836
18035
13168
8904
46952
12871
23789
37731
35504
28483
16028
16650
1634
4163
8556
35055
9716
530
13530
26113
29732
32048
14366
47893
43614
35904
46942
35523
19624
41134
40315
6836
47068
31916
26479
31821
47354
20466
22546
17740
34253
29780
28885
32423
37493
11502
14236
1729
19165
14107
16673
22232
29088
26909
34901
7796
35676
12443
8949
6197
25412
2822
28040
43820
16102
19263
32169
31377
26908
23086
18772
24235
30953
32687
35836
16441
9709
19494
21815
23793
6538
4623
34012
5084
11622
48393
13529
36731
44417
15287
35215
67
31308
37218
21922
15551
23094
41720
3638
10001
47153
39921
20610
17387
31133
23554
28042
28951
2487
16383
18569
8016
193
13779
30447
9787
35691
17285
29610
7264
41406
15683
14462
48182
44555
13354
29098
45332
41577
45061
3110
4637
36132
20089
48211
12562
13728
5008
20685
19580
13376
1117
1169
24569
2826
32983
47715
23543
29423
10310
24544
6286
19789
7193
2711
1144
28160
46020
42400
12508
46168
31361
2851
39577
34969
35363
37193
45253
27236
8477
10320
22238
2144
35630
19785
4477
36983
45074
7686
18788
18891
23282
30763
43431
37321
9379
683
36406
19617
30345
24077
12178
8689
42917
3829
39212
7328
26977
48998
4133
7597
42849
29176
23548
33994
30521
46901
23733
40896
46525
3671
31375
6587
46249
19847
19987
12226
45099
22578
2719
5648
46455
22856
26586
33185
33236
43535
1124
730
12020
17163
26322
25864
7171
16861
37079
21160
45886
40675
23217
17208
8410
33169
23891
14426
38638
39596
23486
49893
41482
12018
33877
13863
8818
5397
46772
47734
2415
44410
10091
45238
169
4557
29704
20836
29664
30483
23448
39851
5260
38020
3760
4810
44967
33601
24581
18637
7756
22226
11483
19752
1997
5983
39803
29309
14277
25133
9408
4048
26156
27537
29693
5431
8607
8672
82
39512
5485
8092
34064
23202
2934
31224
28735
48614
35402
39987
11344
15337
22344
45327
7012
2757
42921
47453
16711
37828
5297
2984
48389
30406
20632
48806
14479
42048
37245
49790
39758
39287
9658
19161
24903
2108
21608
35930
9914
40598
45807
35852
1260
12651
16099
21519
34889
20261
34786
7344
33273
27522
13224
28438
19647
42180
3808
27486
31588
9923
42914
28311
758
6845
4948
11623
8338
18503
45489
8089
13624
15358
4823
4762
48442
46411
25800
24123
40870
40794
39016
9543
35769
39909
47197
41055
24069
16821
17261
39477
4523
31242
3477
6032
30158
131
755
16780
19360
43837
29736
20039
41578
47698
31762
42685
2262
47399
18104
17283
4862
11104
3831
8775
46762
8158
30588
25861
19701
11164
43464
42410
14186
10406
13979
15088
4243
45030
321
43309
834
38140
29122
26613
41955
46824
28007
13864
5505
4812
43524
45531
34513
7767
23350
14540
21860
27017
2650
12858
49922
12122
26323
30947
17974
33023
48860
19842
5825
7529
37682
31494
6093
40297
27891
40916
27689
34111
45181
11864
49078
39340
18811
33054
40092
12616
27207
27206
33022
9367
23591
35344
6633
32399
32882
2963
41528
995
46619
12906
1013
27318
2302
33882
22587
33011
3695
30333
1367
24966
24976
3232
25877
28278
32086
37384
43032
26804
4744
33777
12536
49746
6965
49068
47648
12310
32147
26749
25074
25200
37130
23473
42903
27946
16139
48582
46482
33640
45877
43807
20155
46543
32996
39218
18721
40130
47375
10954
49760
13083
12239
765
29692
28767
14713
44462
44338
35083
31670
8792
41837
29478
31021
25220
27556
8822
7415
29902
26570
43599
19085
42535
41320
3741
37597
38416
47403
20995
25282
12081
48416
1739
26360
30728
23265
48696
1135
47253
1744
45625
8101
21223
11335
11517
25675
48202
6111
6402
30902
2163
1406
33865
22828
8511
23467
21372
16594
43349
29630
19363
39896
36372
34288
30509
43358
10497
48620
29663
32785
39425
24943
26829
49137
32466
29413
18087
48827
22279
12592
4468
1245
5619
6789
19645
4538
41386
40496
14704
3029
7332
42825
2507
25361
10467
49828
8423
48716
2231
47366
34843
27801
29733
33759
6018
31944
22706
21657
20074
49804
42808
35845
10571
31658
47552
39155
34369
43795
19477
24186
26650
22265
42949
9815
32251
37583
18443
39567
35976
9021
15470
48812
11030
41872
22877
41275
1651
2515
3074
29865
46521
25646
17438
9685
18462
29405
3852
1495
22612
38818
3060
30668
20094
8299
4653
17154
4011
31538
27790
9155
29715
7423
14006
6022
1021
4782
44654
40236
12043
47836
29481
45403
40696
32634
30777
1278
42880
35247
18069
41725
31310
29689
27856
21852
30832
6912
2035
14986
40928
1255
21588
7099
3703
24583
5144
12409
25280
19653
46475
47372
4134
11577
48089
30284
36503
21138
34099
33589
15122
48101
23027
40331
35524
44765
14026
14716
45120
24928
26718
29831
19196
35669
11353
19395
40364
39244
37462
14288
17623
18584
35910
41991
31701
23866
19677
27008
10311
2112
43223
32703
38950
24460
1247
46162
13129
49291
8137
48392
43517
42372
25628
36995
9274
34724
30126
30597
43715
34085
38468
40991
43608
49465
8290
35899
4942
31236
25752
36455
2151
33427
8011
27229
37501
38910
49739
36596
24438
41618
4825
18292
19694
21327
29082
28629
27850
47252
38585
23154
45399
18910
32099
29226
45969
44305
30434
34010
40060
17958
25736
20512
36673
2713
12886
25750
28585
37524
8119
18431
1105
13989
1384
4072
17801
16392
39380
26038
4652
38056
43557
5292
6031
20374
27155
13885
17914
36870
35790
39083
10668
1080
3903
23938
10173
28650
7191
48836
15999
30497
27637
16561
26958
21185
10536
27157
41184
33203
39914
19988
10283
44016
44244
27309
19390
37327
32596
25174
15278
38151
19190
41913
34503
5982
44149
24680
46771
6662
17345
48800
2374
46095
16949
31333
41065
9776
15685
11970
32134
13328
6327
46954
38551
43386
46115
39907
17025
40929
28225
26311
25725
49838
34256
37143
38820
24496
26628
22861
4639
43405
35748
16915
22983
28983
4036
8516
48518
44237
26287
44081
39227
5060
10840
38312
13401
31402
25516
27179
25934
49632
26000
39413
5486
3262
47486
18621
17123
20735
32680
14951
26440
30545
2505
9705
33087
14146
3746
23975
25993
38275
27713
11202
33718
47202
10316
44556
12004
30456
24942
22835
6937
12696
13450
6859
24557
33436
36681
49265
8042
41562
621
29558
42845
48059
7810
38959
13484
30412
35949
40624
5108
15169
18129
15671
24010
26528
7622
13900
16781
13345
35514
40813
12904
18553
33733
17654
29897
49940
49452
39599
763
28358
15733
23009
1570
41560
48188
38321
45818
47923
7085
8738
38915
38983
38442
37089
11904
16415
40880
25598
37429
20939
10851
20795
39873
22450
47800
44872
22013
14121
12926
7060
10101
5860
9071
5058
42983
30617
28756
44661
3955
18106
46502
8635
24792
8552
24470
8168
700
18023
15947
16617
33602
10253
36649
7768
9976
2100
13306
36429
4131
10181
40504
26091
3057
39030
48355
33244
324
23259
25551
34174
41791
2177
43426
5237
39978
3612
41221
1890
16698
42478
40279
2905
1781
40723
13485
10915
1296
21379
42156
47307
7181
26388
9672
15693
42145
39419
3123
17538
15412
31645
39566
6808
8300
15785
41966
26511
2161
28903
34658
6667
28347
32199
45226
2723
39579
49620
10117
6510
35526
28791
28411
2361
48742
35890
9839
3637
27467
37955
49481
12708
48872
45368
32050
27430
32573
3585
30527
46471
10308
44255
49492
17367
20081
7921
27627
43338
25017
8219
30525
9942
32155
46430
41951
49578
9983
43085
41461
776
7794
18842
4173
28296
21381
9954
11635
24969
18422
36562
28923
19436
24109
37859
8859
38194
1342
21370
47940
38280
31478
21084
48390
30790
7801
46595
374
1220
41105
22688
43942
13455
13903
29436
41145
40918
29616
16997
2095
19353
45593
34518
28706
38649
43275
47843
46125
33598
27142
17811
9883
16770
2577
41715
35515
4695
10355
21686
9697
5408
40024
47285
24099
40330
45455
3160
32502
12541
8945
12425
23800
21727
29783
23462
1181
39482
28991
17963
40354
39745
38543
25026
28379
24339
7152
488
5006
1178
26166
4489
6791
40219
43156
24370
11259
3377
48961
38382
11219
46554
15507
35751
31108
27844
9554
34383
41774
3826
36527
30295
25605
2
19213
36295
20222
31522
39348
4656
1530
27835
45756
34283
32336
4171
107
43839
5512
2450
21975
11467
6172
36717
6798
15661
15170
10060
41225
12667
25332
19015
46422
30464
27381
18813
38412
17174
19387
38640
44819
43147
21196
33464
10013
5533
39335
16692
45277
25575
12970
49595
20065
48591
49550
46720
23368
8852
34088
40776
28308
6341
463
37023
40422
27725
30792
4234
18493
40027
14929
18971
28343
10058
30146
1057
21262
19226
24476
3560
48019
26702
49871
3235
2736
45159
25915
7
36035
13526
28543
48358
7924
39883
2983
27796
12029
5536
9328
43121
48790
28404
40085
8401
19757
45487
5785
21213
4448
41237
47319
35093
30178
24808
5821
36227
43106
42677
31009
37147
46793
16798
49903
45449
3506
3820
37050
25233
42878
16315
16517
14558
381
10756
47395
49522
22976
31010
3999
24479
5187
24600
45663
40292
19108
35044
40114
1555
9869
4456
4188
20045
11360
11996
11713
9591
21699
40955
30897
11033
12455
48878
19287
8064
1269
40677
31767
33564
43542
14192
4442
16919
39020
22480
44616
20244
30540
40010
40579
12287
20217
21224
43112
37314
12768
45151
2011
367
38745
12471
45026
11815
30821
14729
32257
18071
35256
28264
41601
45602
27890
23759
37876
39772
11204
17463
32677
39680
9187
15760
31585
7660
746
14009
36972
2058
22512
13865
2625
29502
5241
1175
43020
24575
27349
1929
33040
18111
6375
15741
34386
26155
43693
14789
48519
9025
4009
16756
10920
35586
11346
41380
24744
15313
32968
11632
36400
42968
28394
30157
26326
8074
8484
10593
6253
23390
42605
14594
32260
30334
3745
15454
44725
119
26899
39474
40574
48862
47522
1578
6449
1573
40157
7207
17056
38752
42762
12567
33174
44233
26878
32733
33479
31706
38363
1156
23051
29139
6523
20979
5474
21572
48037
38001
4880
31926
31439
2063
23951
41793
210
16211
15917
21645
14099
19857
45899
49979
16726
34164
23957
45055
28161
7239
33148
46038
39291
34701
33483
47105
49919
48469
3545
39018
33617
34101
16952
8791
16266
8810
20459
13308
13327
15601
42627
3162
30108
29330
43303
28836
10899
34774
26276
12270
24968
2310
42498
5239
34839
24923
19670
33657
12408
35519
46924
37479
1479
38644
48133
25685
41228
24535
21985
40736
3613
18183
26085
10686
40654
16094
48335
29011
49735
39828
43171
23207
39432
24702
9394
20972
6482
45989
15053
24056
28401
47434
48461
41150
27954
45013
27670
10471
4987
48852
1413
22248
30364
38033
15804
35295
48026
28016
41226
25780
31030
22937
14639
21701
41305
16567
22871
551
33577
49114
44356
9373
32229
30687
22853
25384
48404
7959
32808
49438
20033
33377
45364
42567
8585
15204
27678
47582
43442
39255
20659
35838
20883
19332
32907
29949
43234
34153
3957
31642
4694
42216
34965
46814
39502
38573
30211
38928
11036
25885
23475
7025
5872
5832
43208
47553
48195
9288
39787
20952
35439
43002
48853
30134
34297
38779
13857
31577
29811
31151
22464
39810
1732
49794
8532
32385
20734
9966
37378
7881
16640
32543
47295
44243
14499
45897
7930
23339
30672
38797
39708
10271
24597
9110
5773
24264
33844
15161
242
35216
17636
16569
4457
8447
43448
10219
26125
49902
44242
32071
23382
31847
3105
31214
34976
19484
9202
5601
17342
22619
43346
46439
9974
2472
17241
9793
43326
37700
28824
20501
9537
15549
47165
36973
37636
32178
11731
20192
15063
42042
47523
32807
31710
24804
23015
15038
3202
44037
48177
17442
41174
11223
626
30590
7599
9598
44419
49896
39565
36377
39069
25965
8213
36835
4030
26245
10576
24798
45650
48465
13711
