36044
49165
37807
11341
6091
16904
36293
28026
24681
17849
49031
20152
23932
33744
8628
3486
24936
48161
11894
35926
43846
3814
36335
34981
4480
41766
25569
21135
18517
46451
42151
4115
42979
29909
8409
29780
15934
48404
15769
13449
48978
440
45506
46340
34515
47462
34297
8832
22942
29858
41040
8366
38677
49518
8801
17315
34615
38862
27814
1456
22879
18912
36881
32477
11751
37390
32156
36909
11524
48870
43307
12841
22270
9278
38750
1271
37635
10197
21361
28738
49162
10107
21390
1836
45437
32018
12147
8557
40307
17323
11815
39511
1974
18397
27259
10081
10654
37293
43669
36935
34305
20054
29962
9806
31396
23185
10318
25936
10903
16247
46645
40230
26420
38770
15256
2389
46803
42284
33335
44267
11855
3489
17223
35949
22489
35620
40649
31199
31833
26102
40808
6222
22797
45235
17560
45946
11906
45646
31854
9481
37289
28877
24394
47996
23965
38784
49487
27812
39173
3126
16822
30720
578
6936
35292
3054
43279
27934
48148
13128
11810
31363
29549
40168
18175
27326
2318
2765
38971
38536
27935
6983
40819
15578
30453
37693
9585
33617
6714
27768
36763
32795
28019
21691
8483
14575
39620
41980
31048
21701
2345
29182
14458
891
47668
37564
31568
46401
47132
25954
41469
17146
29571
300
20322
47653
15097
44482
49656
34910
14125
38810
28188
20265
17954
45944
35444
38329
45218
16051
26038
5086
10422
9343
10365
39478
32496
16394
46321
42243
49091
3737
712
39846
36836
15248
34133
28874
26511
27576
17420
26805
43896
37731
35285
7540
42465
20432
18120
14610
26785
30722
1985
21644
17625
32333
16013
2762
35974
33469
30947
44296
48088
24086
45230
48762
15003
22948
22687
44058
7833
48358
751
11743
34946
24946
8489
3320
38015
48513
23479
3167
20564
6253
19594
8209
19956
11265
36893
3460
15385
40549
49920
16935
6346
47745
11842
3196
37081
3360
381
14656
30589
49866
21202
47495
38023
31880
48991
5778
39983
11499
31140
16383
16315
39167
86
146
21601
24760
28169
31208
27243
41003
32206
45840
4742
27976
49791
39687
18030
35254
47913
47345
41411
31390
47269
30735
11124
29296
6930
34977
37273
36749
29392
11301
5138
14301
47963
48196
29039
17877
40517
45082
1814
7339
32516
44182
33427
17335
36016
15244
45620
20072
8968
33690
26336
26923
19177
18444
22897
25666
19779
10930
38632
20860
10793
23584
49554
34904
44681
14945
11091
11418
32181
12126
5182
31888
37797
19382
14694
28831
6875
23551
29837
9141
23255
4644
26382
1950
3094
28057
13500
589
47839
34013
7251
36586
16637
10343
23215
23708
13893
26072
32460
32147
25417
16212
41181
40662
5605
47978
44820
28932
6303
10873
29766
33823
11510
9865
16808
3276
42099
9476
35824
16336
30495
48181
19831
14695
40431
39933
34053
3295
30439
9814
34411
47306
9073
20043
23612
44093
26136
7168
30056
20645
26089
35339
21108
29384
48422
36405
12646
5596
3092
27950
7831
43609
46523
12839
18874
9359
13277
43425
47028
7836
17351
45518
45471
30945
45076
49252
9474
19682
46830
48340
45828
17137
35161
27683
48895
42836
49609
8690
36011
39876
49635
6519
24089
9082
23067
2978
38680
23921
18074
931
9591
21725
37134
48101
39029
1502
35694
28315
29808
2770
17180
8730
49534
16432
22322
3343
4266
9784
12477
19727
43592
8980
28120
30240
34582
42518
34836
43269
2180
37573
12719
5918
41554
19199
46458
16783
16765
41000
7849
20650
9386
9188
28856
23603
42443
35098
21840
32910
8198
27054
2605
24477
17780
36156
17897
25534
33987
49169
36269
21163
3333
5100
43137
24632
47189
28158
25287
27365
45428
10682
26681
39585
34739
15546
37956
28079
7418
6009
47921
15364
10753
17217
31967
45286
38692
5775
24420
10077
6438
34564
18264
8564
7348
15779
17616
27037
23197
45501
43619
1273
1946
35056
18601
47520
7603
17861
31515
39522
21238
14035
27377
6952
44838
38614
23995
22012
31424
47482
11594
42010
21767
10115
38099
40742
42134
34808
26219
14778
25272
48164
9002
45280
41216
45675
4225
47740
10072
13100
34316
48288
11831
36588
21049
3358
13155
30836
44771
13557
35626
48627
42950
43524
34549
14030
45001
15594
20186
22067
46750
11850
43239
14404
8991
20568
39657
72
40571
34313
3909
48220
627
31777
19049
20202
11928
43978
45480
2412
10160
40550
24154
12567
23930
5346
1170
38312
4239
42290
37191
24712
44534
25915
25071
8257
22473
29628
43369
39718
14402
25294
28933
22386
41877
28326
14805
10815
39427
1584
20144
48551
31445
6776
28055
5254
14265
4638
17888
34578
45662
34863
34016
11779
12767
33787
22935
3368
37474
48401
34388
44082
1158
12620
33713
8438
43850
14052
1782
47873
35352
19358
38326
21323
35614
29292
9742
36358
5499
24900
14307
33648
53
43446
30279
41075
863
9266
1390
12610
8479
26266
6273
49812
9809
1506
8088
9373
27500
10155
45475
31209
30454
32378
10837
30094
19006
36767
543
44268
38402
34179
31998
18126
32997
34733
21636
33138
13843
18405
16410
44519
15490
26365
20436
45813
19617
31216
40083
27439
35238
11700
9963
48390
14942
6585
33201
34768
33548
47242
22172
30991
40748
26659
17480
26315
45208
27961
46668
16442
25435
41130
5273
32757
24188
42237
4995
25097
3515
8241
22553
3363
35665
39769
32160
3425
47710
10786
5989
20239
39361
23975
30114
39959
42814
9024
14513
29245
49101
27938
4062
34879
11210
17745
38887
8096
31930
16546
2160
39432
17101
44954
48649
13195
25842
16586
3580
6981
2777
38375
11667
42423
31913
15864
44384
34428
24266
46053
14073
7132
830
9514
15160
17172
40789
14107
7358
43633
259
1006
11794
30802
40466
47683
6520
30400
46363
39803
30509
12123
26208
7606
184
19711
4137
12765
17294
4257
23166
7538
6422
9271
39823
22063
590
19028
41286
40865
22477
485
699
20870
6466
4598
703
31991
42502
43851
45699
44986
24808
41946
49325
34975
15951
11190
39365
10811
2413
49334
48919
6148
16035
36495
13985
42575
13538
42264
21530
37410
46281
27565
21168
13475
17406
45464
42106
28866
11278
41222
23046
42092
15967
38598
16348
12041
48617
43266
44112
23156
5600
40928
49556
47572
13616
8738
6648
747
18221
1618
30592
41920
48427
12160
7555
39005
8692
24978
13394
13598
117
34125
13596
20169
29899
49690
31495
2191
36937
35482
33980
1120
25859
19741
25571
26168
13890
26290
40198
3300
2986
17593
32179
34651
11574
33557
31846
43799
24276
43355
6372
32063
11
9854
34120
45520
33773
3818
39681
35107
23271
16573
42777
25781
42382
18980
31222
49248
28380
46575
29185
21386
12258
34644
37179
37214
29437
7185
13742
35703
22989
19014
19964
1665
49193
3764
36432
13365
36242
19874
19227
3613
48295
27311
32130
44400
9605
36773
9221
22886
13528
26557
8249
10524
27702
11047
17257
21207
22022
11146
10236
21658
9226
8925
47621
25353
28675
46983
10341
44466
48237
30576
27520
48036
24744
42628
39738
30816
18464
40845
44688
25604
43902
19353
15982
7672
14587
5863
20723
32408
39252
9378
45744
2538
45522
14701
38163
40588
21462
2176
13560
37326
6341
24301
5407
12795
4470
17041
25627
36225
45715
29418
47584
13423
17078
35402
9513
33637
31944
5897
600
13744
26527
20094
21981
37633
1380
34980
7999
2422
33078
45124
25880
8617
44902
45885
30198
2012
37949
3512
38487
14680
3030
30992
34606
9030
29922
32627
31795
30885
49304
709
48975
31459
3735
4706
35802
5972
39472
1291
33395
13927
26133
19908
12516
6885
15086
37580
31581
4240
24935
29814
13112
36277
12099
3527
48460
7474
47065
35435
25629
10798
34824
12849
38648
36775
4198
43942
23047
33543
9080
45272
47770
33250
42815
42989
27126
21493
17261
1821
38053
15656
24718
46418
38509
38391
3892
14115
19258
36576
32509
444
2406
33887
31323
17869
5200
47275
43393
29443
17333
2099
35741
3871
40280
7007
25897
17623
7163
47050
4236
19902
33561
24701
26340
12816
24799
13389
13229
17313
38176
47385
47971
40007
15029
27071
28455
7489
41390
2431
45643
20049
47277
17474
36445
49044
33760
1869
37021
45583
10172
40382
16686
38785
20269
23626
45980
10525
3942
24821
13120
29534
5172
31525
4169
35149
6824
16170
5377
19211
12611
49109
29731
4574
45440
12069
20417
27035
20372
44352
31022
33258
17486
40167
7759
1086
1819
19761
2386
26602
22570
7080
7935
18684
45925
37597
6464
11822
41105
27419
37343
30459
18020
20968
21447
14388
44948
27587
40580
27043
32978
33700
2574
5493
27528
11840
48597
12363
16825
37964
4457
36102
23357
10855
32213
45023
47491
32347
31843
24313
43431
1868
21756
26346
34797
12447
35735
44097
12427
40987
25316
30297
12068
27424
36448
21623
18099
4549
35307
34464
5469
3600
14095
31892
34959
43099
32036
7005
18568
5512
38080
17988
6532
13037
17905
23459
26529
22544
8000
34277
25990
15093
10287
1334
43651
594
22937
48052
18594
26890
28841
46314
33568
2185
22221
49205
5527
8496
33849
5997
49349
41427
13210
43881
30864
25876
48388
14917
34283
13777
37459
46518
14221
11851
19573
47477
16858
14019
7151
8304
48350
41935
32840
24444
6225
18265
4831
37477
34099
41037
41880
11633
5906
38538
35052
23481
30481
21539
922
16826
9884
10573
24770
44427
11129
28580
43221
21770
49104
41420
6878
45857
30174
10532
42499
26391
14879
12947
12497
34873
37617
46993
38777
10780
31556
46733
15210
12095
19449
11376
41213
3886
30520
859
17660
38398
28479
251
30322
41112
21209
21439
14565
4547
35304
31437
48781
14733
40201
10933
27686
25446
13125
33893
47966
25455
15780
14394
32803
34501
19735
34146
42531
21271
1081
46865
31295
23286
43197
9183
7079
24093
37086
42538
35214
1807
37225
48001
12957
20924
1585
24897
25535
34011
31212
30370
8147
48937
15716
34791
35504
40489
23100
37221
30967
16719
49034
47802
18210
21943
25993
32849
25499
24341
5866
37990
35686
14422
34421
17132
35359
35976
25339
35061
28115
47125
12712
33105
5491
33828
19950
3236
6019
33942
25171
1993
23303
26580
46141
43533
2593
24413
13672
37199
5657
26667
46192
37640
8028
43741
20181
3423
41860
8103
6760
3778
6236
30088
31811
23122
1564
4175
19987
271
1377
10057
31392
8894
4154
38361
7038
32761
5193
9063
23994
10039
45319
40757
46907
30321
14362
20240
23306
48693
48820
41941
35565
32231
25385
10540
5062
14139
4722
22121
27276
9152
1339
17144
39271
40115
6192
6653
24916
10409
621
49701
49255
43426
44318
44325
30020
44659
1880
9833
1305
43492
36329
3928
49018
14848
44274
24042
26441
554
24493
29771
2580
46795
29456
23378
16846
39889
47840
21713
35958
41094
41414
30029
14481
5192
23069
22432
473
25593
4839
11224
786
37840
27307
17575
13947
371
5162
8338
32790
12798
37420
48463
37747
45321
11983
4646
21844
21955
37307
41254
26589
38135
12885
25691
7765
35605
10514
38429
26740
40573
18805
49909
31162
26199
41313
18273
49445
18665
42000
4245
17198
12629
7184
14654
27186
36355
22975
19403
41611
5152
35172
31710
46596
65
41412
36449
8003
25838
45783
33424
1415
37682
3048
6386
33232
25273
28792
5067
40330
19856
4210
48934
22846
10851
6406
3623
48637
18888
39277
42919
31304
8077
25695
5133
33913
45616
24828
37521
44177
9592
10508
43828
15618
9093
36867
23354
9256
46421
35398
21106
28924
23609
35461
43286
36002
47754
7993
33861
14460
17553
6224
9485
13313
28232
34550
40595
6835
49549
13723
44339
44973
11817
25344
650
43368
24391
6895
28244
222
385
12157
43571
44184
31021
35805
34741
3983
34026
43422
48386
25884
20250
631
39619
21990
45923
38010
12432
8482
29519
42140
44687
33448
49269
29854
16772
40718
42996
49231
26504
23268
889
39467
19396
29690
16891
7141
46174
15749
47847
10553
15860
20736
13352
567
24415
33113
26376
8375
30342
257
24572
9482
42277
45996
1752
13886
48687
28146
2547
45042
24330
13784
49599
26887
2451
5873
2415
1076
31384
33185
26141
15467
42591
28157
35136
8622
35610
3544
23321
24287
11607
26629
20445
47232
35438
47362
32708
36693
17746
39928
41604
11098
4043
36888
13183
36142
42933
36483
28403
38811
39413
41362
33716
11663
4181
7548
16355
31631
2216
47062
36982
42181
9869
38922
41760
517
26834
28155
20428
7331
26566
48106
48421
6289
48354
4987
5002
21115
23981
19020
37759
40037
31761
32380
22071
31138
36359
44847
25679
13284
19700
30595
2683
2717
19986
6827
28634
24647
13979
30970
9354
24537
40806
456
4426
7046
36619
3230
10000
7426
41219
39497
9719
11208
49958
13622
7741
3893
5034
3361
13464
27040
3710
38250
39492
32204
32321
26532
26322
33168
36094
37270
45983
16632
13353
44539
7876
24535
36186
40751
41599
44822
20525
46040
19829
16232
41186
34373
33007
1930
29083
13252
13828
20383
28941
4846
33821
10897
49287
35077
48594
2734
49679
47174
3406
19549
16012
34712
23958
40572
29617
31800
17249
20745
9014
7825
14958
28945
9004
6109
49004
37910
25084
6896
12144
45379
25329
9896
21120
29246
45736
47377
22787
30526
5744
8740
37520
10108
2568
39441
39671
5823
40817
4608
15623
18691
15079
43976
9035
22408
26615
10503
29615
48296
33128
29620
27719
25843
19421
3032
13583
17063
6205
24254
32850
20985
14847
12651
7213
49374
19689
32655
15761
20177
48432
47697
1637
32551
6434
39185
8058
23338
23759
19639
29897
36284
31442
33710
636
49538
12667
38468
25108
41471
11947
33267
29149
20720
42085
31184
1606
2808
14960
5187
44354
846
3826
24637
36085
6411
38450
34262
27023
41522
43779
36875
28946
17646
46457
39
45789
43119
48364
45350
14429
16465
44992
31423
29900
23394
48703
49417
14618
33624
5742
4088
26709
5642
6465
40722
28104
11591
14440
18251
18822
24731
6244
33110
24395
34613
16861
34567
27668
38351
49110
7255
39354
445
14393
47273
44334
3149
22650
669
38748
35328
6661
33793
11470
10211
46286
23446
11600
35746
38496
47565
17911
20853
36475
22943
39282
6606
41545
36709
48226
26344
11485
48990
33139
9889
25536
13308
553
25223
37102
43726
37744
4065
45671
31055
30754
38421
34117
32537
35445
487
42306
832
23769
27357
34552
18897
37940
31622
14635
147
26188
12359
41729
37885
37005
48445
14010
30564
34114
6418
39159
45357
32911
4316
33092
49699
40805
30744
4895
15305
20337
17416
19124
15471
45460
28987
6328
5927
217
26883
36068
5654
30264
12166
6822
36097
44135
2862
29057
29961
16606
22310
17955
47419
4006
19686
45731
34082
38898
47081
45895
6873
36528
31281
21058
37897
13709
22856
21728
31245
37766
4520
42098
14105
48489
46547
48833
6802
12463
16645
32379
41016
34954
23495
8343
37598
14122
39206
31092
16122
573
20360
44105
39195
37861
12371
8632
48502
28354
2729
43931
33606
7843
19859
23173
36214
16763
44647
10989
14091
24235
40841
21389
17262
9860
10121
34348
343
2558
8413
33042
48593
16121
1044
43321
42075
49418
37669
48869
1226
32099
6061
27688
34969
31602
25904
29465
32617
6099
24066
24468
18644
26941
5347
30195
24762
29372
16764
38228
48046
41654
25444
33584
31075
995
15803
42029
14325
14487
48436
38184
18463
8480
44223
33544
20471
30273
37003
29748
33117
31158
33563
16263
13434
210
5449
31487
29429
20079
46474
822
15382
13445
8926
45761
11484
12521
43396
28415
16386
9921
5842
25869
2831
10735
44590
24095
31755
6910
6206
12754
35164
4203
41421
12121
44946
2732
36635
24044
23347
10810
43581
47289
25321
35693
36077
2647
16288
12907
36726
26028
31386
24367
11939
19411
29233
23887
46304
15328
33920
41753
36962
48933
41099
10821
26984
22039
43093
8792
14990
4907
41096
762
47103
4188
24467
47567
34649
28561
39191
49997
30640
21777
2327
20388
2964
7125
19259
5354
25860
15284
5419
7963
232
10374
30377
26380
37639
45313
49787
9182
13740
31142
44160
339
46131
34248
7456
46482
21856
42200
31136
30993
20809
31713
44663
32787
47515
3829
7867
31885
26539
510
13650
7002
37009
2971
41915
11371
30032
4368
19585
6364
38852
37277
16267
29022
46573
40523
48462
2347
28948
39420
24226
49648
45966
21224
43622
22108
21369
45846
33817
23417
26363
47933
4758
13189
15857
36846
32669
29310
36735
40445
44454
4903
35576
5798
1648
33601
24174
15278
39754
25796
1843
37393
41714
42475
10625
45666
27342
48290
44367
15549
13178
36560
45869
7394
11922
2466
18476
2421
10060
12208
44211
13565
25157
10027
17158
7289
47381
30674
27433
3843
31527
5684
8202
14836
20425
1
44043
19858
33704
20900
44631
21165
36270
47051
18039
11154
544
1017
70
18857
4473
2498
18699
7507
28461
41583
27685
9380
18520
39380
17497
42424
46088
14161
24405
4389
22335
46644
4420
18713
33758
26670
6716
23194
40264
17174
35126
5770
4439
10928
43897
4453
44083
21722
30709
15661
40621
10438
43899
15098
29535
9366
37287
44913
43564
10877
34135
37189
3468
7200
22510
46124
19335
26896
30369
47430
11243
7325
28100
8364
39956
46103
44669
18752
22832
16744
47372
8863
31401
39625
41723
40292
38607
39223
42238
29774
6736
21095
8138
29204
45137
19611
10094
39847
25210
40598
27599
16163
7726
15127
14322
7917
14258
2894
21277
47527
48860
49743
16214
27805
1623
16367
35929
11573
26491
36733
46346
40043
46315
287
30401
25147
43132
37396
49351
18936
31772
19118
20096
1945
47522
6999
11425
25045
12087
42858
15983
20066
18841
25430
25794
49857
27426
49048
48724
11402
31468
28564
22457
39906
32243
17995
6851
49144
2313
30121
28236
10020
36884
25642
23800
4525
2666
37837
12001
34368
28795
27491
33195
5855
12222
9250
1517
18454
42247
15901
36468
32098
46667
591
41888
3376
47813
12117
43984
42746
18206
43518
25524
34483
3501
2277
36380
16966
47898
23659
818
36855
19944
6145
15806
5004
13379
22835
42606
47421
48661
33259
21121
35641
2505
8344
27478
8362
27905
22523
39662
28282
25413
39039
10348
25610
24461
40849
10921
20465
6397
36001
2513
2879
26438
11063
19120
14197
45618
32657
45225
1229
20644
37544
28097
10870
21284
29619
31971
6668
6614
21325
13870
21198
29480
22913
38084
22094
35566
42022
6063
2101
31145
7768
25470
26105
32397
41716
44239
30985
13531
27441
27944
39917
8187
23762
33963
17845
43082
20599
17357
31615
25530
14042
2221
24399
27454
16809
46615
39120
46551
24616
15537
30418
37503
42097
13456
18782
25025
21347
17815
12670
39470
47742
24788
20755
46484
2119
48389
34526
16388
14461
18965
1326
18171
33099
23681
3163
30494
46956
8843
6809
24786
36850
4917
6187
31230
2970
9324
4647
40388
49480
6158
1840
20939
46909
15377
30713
47580
27666
49804
44412
2657
43661
32629
13269
14407
17378
18437
15905
19082
25089
34165
39593
15843
36158
110
40226
25152
40124
1533
28852
2115
1951
43080
2174
37175
36323
19477
15076
49715
33343
31482
41953
49693
28768
19243
42432
27050
48331
31569
16989
9834
36459
30196
44657
45668
8993
7196
3101
39439
8068
45344
34796
33242
42820
30874
11013
4717
39634
904
5751
43162
49001
43601
48615
47999
26886
18629
10708
11693
25986
19951
26513
34119
47761
32222
22677
24648
23
39556
37611
5942
30650
12436
8700
27536
12075
45128
48710
45508
17316
31788
36256
424
26734
24060
42753
41832
11403
45345
4509
32857
45328
4561
30658
24923
32079
9307
2041
45997
24403
38790
8009
2120
39875
43837
4082
18340
11692
41495
17527
13281
30009
34577
35236
13750
30234
37150
29857
4696
9507
2054
11889
24499
43917
20521
42608
32314
40658
31019
1418
48773
24652
45204
12734
43383
13240
22307
40337
36268
49974
2619
28725
7408
44438
4593
25861
43018
24772
38993
26329
28166
26577
21172
17958
12045
45179
45703
22348
18330
3197
20323
39485
29649
5234
42341
23941
9231
15664
13288
39678
10253
36456
12370
29589
39572
7638
33711
26120
48191
11760
19773
13540
181
15015
41707
38017
45716
19013
19688
34054
19483
21337
11912
11534
31508
3955
4873
47147
32000
30706
23068
47347
36704
18296
45314
21030
29397
32225
15493
40359
10145
10613
49860
15120
11828
37366
25907
18789
19479
31791
41864
33878
45404
11136
37332
29911
31505
28721
29717
20373
23276
23658
40526
20614
19973
26122
17188
32286
32856
44188
6428
2738
12969
1798
42792
32409
8461
9042
3287
26410
45622
12507
40484
30002
19443
34044
9562
35892
41964
4139
27077
9569
5134
18072
38003
33418
30338
3947
15321
19036
37362
42111
21942
29856
21472
46823
1765
49055
22765
36374
22338
38908
17644
335
19327
27212
43823
37279
38801
34215
39025
1783
27213
19765
32353
18544
28218
33167
26263
8337
2237
45893
41026
33030
6920
17947
16702
30442
46810
20839
46200
3563
1577
22825
31071
9671
4443
10620
5054
14921
29322
18482
4961
19905
41621
36178
15158
28456
4586
11516
24056
48195
21656
48122
14629
49449
10269
8950
28676
19536
46385
41426
49371
988
2143
20655
43995
28484
17925
26591
23740
26712
39776
16841
296
49726
9675
48050
5700
39583
14292
16162
15254
21589
17141
21245
27594
1602
20980
24778
33949
24683
33588
17272
49782
45799
696
16378
36482
5880
41245
41975
33339
14838
7147
14286
42961
13254
33389
15138
36053
34985
8757
25237
20888
21791
17624
18856
20205
7143
17716
48417
12982
31870
16037
17143
24414
6727
41028
9758
5448
39866
686
24532
47287
23670
19715
36122
12965
44675
10183
30539
14888
48323
28884
31829
41508
12598
43645
48511
31297
5736
2812
37571
45847
36701
22351
39611
25748
20711
45573
11847
18184
25428
30135
33426
7786
28320
25824
26797
37609
37094
23027
2116
5749
20778
13152
27024
33809
38356
19546
38481
13093
43996
25975
1146
48527
25570
34610
22979
6682
7311
95
38022
27875
38499
42893
44409
4874
22198
25994
36279
2441
24077
17547
18479
41507
45931
37327
14119
804
9207
3605
47967
44933
2572
31106
24970
25607
1324
8318
31699
24870
13587
33696
13649
38233
24857
6978
3248
2517
13301
29462
19179
10122
30414
36870
37942
5951
34385
28387
20883
34823
12321
44207
5163
2011
47343
47122
24193
336
46144
39524
45930
31050
18945
1717
10696
26172
23213
49833
21919
35561
15506
31011
21689
26697
24560
37268
18613
43041
14988
32356
5528
26073
6982
8661
35345
45500
35934
37145
48821
29139
26076
3462
41512
35856
6420
49950
10433
27678
16253
17748
908
38529
39719
17001
375
38769
24017
42263
2175
7546
2430
18570
32808
3324
17543
14143
4498
4983
1784
20496
2001
21925
17705
49933
36636
2822
30079
8501
41887
39000
25984
26492
49422
28710
31583
4982
2427
27949
11538
35542
9282
38256
4371
43252
42649
23850
3709
18400
39496
1364
3254
26998
19922
29114
47406
18953
26339
5678
22309
45968
32135
16947
28285
11843
34360
7721
66
25586
22162
1435
8100
38969
34862
21678
45817
43150
49955
23549
43096
21302
46162
30215
30276
26641
26610
30082
42952
47248
29688
3774
30444
16397
41044
23673
5032
30704
45942
9857
20717
14516
32820
36969
47750
2599
30980
31387
4201
1721
19200
24505
21075
4378
505
15817
24806
20949
23158
47596
24337
41677
4785
44085
28102
42849
49352
16350
32476
6846
2838
5603
32312
40319
47589
32391
36434
27998
40136
40211
1192
37397
26333
20775
10848
29141
1098
28664
24552
34784
19627
13966
21037
32903
9046
29183
19355
27568
45615
5298
16832
37164
24735
49124
29626
24767
16892
726
9975
10461
36813
30827
25295
23997
8711
29763
28429
13462
34004
18859
45113
31605
48377
16098
22336
19805
41211
21700
42900
8186
17151
32297
21019
30329
8386
26719
48383
9395
39586
38599
48242
33214
38907
21158
37846
30943
4736
43170
41330
12930
37466
23397
35662
8204
16755
17097
1203
35310
10355
4789
36485
31438
29551
35852
6890
19923
32897
28537
28758
25955
15134
39433
8587
20348
36779
39856
32264
8143
38721
12283
1939
11389
47876
22595
43141
3832
28177
38062
1901
24162
1955
10103
19436
11058
27956
26386
13324
17376
10594
20331
45748
10479
7571
36371
19307
43399
13012
41163
8324
27527
45729
32421
18960
27083
48437
47620
14411
9274
45798
38454
28421
5529
8959
29829
6432
30824
45234
35185
34212
16251
15688
44013
8047
20925
20011
4900
26759
31227
15360
47764
47486
12030
36399
8361
1915
30314
16477
5429
25218
23666
15984
11646
44508
17859
20156
28272
9941
7681
42834
1587
17551
13034
29431
23990
49475
13153
7521
44038
7457
33881
9304
19797
43657
18350
16851
33688
27366
30180
14977
16287
26405
44132
3659
43056
7350
44702
11036
40320
7275
2959
44
46813
27148
30390
16596
32583
34447
27303
43097
14994
48679
44163
44759
36364
48683
39544
27900
3252
26947
34860
9177
45941
27863
39112
1275
8214
8499
31389
5116
6577
37519
20666
32432
12995
25100
422
19552
8750
31056
42153
17882
31738
46925
40416
28585
19515
19489
12766
34032
26397
35881
20721
46293
7484
7016
15763
26897
5664
29118
49216
31801
49574
47863
23672
27629
21732
28769
23989
9066
49237
35549
24920
8694
47270
47864
23425
42283
47011
13929
7455
14361
41996
35086
23373
24579
6086
48823
17777
45018
31169
4559
49761
2566
37721
10799
16411
22220
32552
12713
47474
48580
29307
23992
449
15813
37281
417
44077
46344
49996
1891
5146
24929
22921
9655
25852
47832
2105
25404
42261
25374
49235
43329
5530
48300
25225
33037
9247
9623
17890
22441
44741
1264
38306
3517
34371
34315
47856
38879
48926
41567
17609
34098
26586
24263
48711
9446
10095
42251
11656
32075
28650
26075
9305
47986
793
32545
33121
29725
39604
42115
1554
31890
21739
31008
8217
2025
5263
2089
22253
11026
22444
28727
18675
6022
38955
47642
4318
7748
10019
8610
36570
48608
15892
23707
46736
18066
20638
32592
3173
44779
43339
14995
35373
20963
30016
12723
36516
25494
30603
39795
43477
43596
47003
28985
13322
23544
13490
38074
3969
19365
45296
899
6135
25204
23959
12703
16268
15412
29518
31129
44787
17220
43471
28231
6202
40071
29740
44618
2212
35320
27117
22562
47907
12055
13220
12641
14476
33727
49940
7933
14541
39528
18768
38090
22211
26396
3851
34889
32755
30763
47316
26505
24894
28822
25653
183
7372
41715
16996
20016
26828
21054
34580
33191
19383
32215
32900
8964
20571
46438
40082
8929
9340
15044
13238
45504
32359
24938
23007
5137
7814
30965
44530
43075
42276
25967
43136
39228
9056
30688
9773
21225
10346
9497
29804
17796
32442
29093
39892
40409
11213
6540
22895
25198
33486
41164
46230
42495
12416
4349
37549
44238
41402
11250
29273
31781
11649
6035
22813
36493
7204
6514
20307
46441
26845
4355
13170
33119
20245
26701
13885
43117
12827
28268
17679
14901
14063
44235
23064
11500
34815
30430
22394
17750
30261
42366
32628
17467
8949
25163
29737
41515
30844
25925
41480
11228
7286
31898
29992
48361
31347
44923
48886
3656
39089
23722
44220
24582
34535
15874
36729
26472
143
39179
33255
22359
43834
28916
31703
4054
8795
23149
1583
21662
31250
12481
17788
48554
38371
1224
145
11441
25917
17135
13436
26869
7866
16476
47327
1234
10212
25481
21865
19389
22290
28469
7972
22893
22700
12180
20931
35810
10134
29171
28906
9298
33790
34481
11248
23403
12357
30004
40713
45562
11535
17238
14236
37881
12780
39504
29747
35671
18048
27785
27205
9411
38317
5186
26145
47551
7731
44770
30266
6927
24445
16869
22637
44704
36699
46652
43759
49694
757
5398
8631
231
42119
19886
24171
40018
41465
21463
46291
37093
36674
11809
41073
40175
10199
33792
30741
17209
28834
17904
811
13073
35122
3860
2036
29294
44581
40376
48664
48945
24963
14343
42830
16034
44467
14183
47841
23858
45470
6006
42489
20162
13679
15162
44649
14716
46342
16774
16249
26851
41614
2286
41403
26584
4851
33146
17589
12655
23332
28839
45086
49006
2255
19626
11835
10725
21003
48099
17205
30153
23426
43052
17764
28597
1113
33393
46666
35046
26005
47691
5978
27732
39127
38832
28185
3787
16909
19277
43709
37936
4946
8360
17725
7665
23167
37654
16917
27020
2081
24354
30018
6311
29566
40250
1576
13999
36754
1300
29453
27670
3518
47304
11654
20921
16848
9769
29363
29976
3290
42447
1627
42856
5710
6563
45335
29367
28530
22848
35765
5674
39220
4012
28267
15622
26862
12304
42492
16556
18443
34123
19975
14947
3023
36928
12583
40901
34160
2915
13866
19782
19025
28734
42683
34877
2000
14502
27355
4411
45243
18209
3398
49585
27978
25331
42372
28511
18676
4511
47297
48757
31673
7054
9878
30876
24014
2320
19793
35080
6180
49263
10066
38357
569
13433
6757
18880
8728
3235
36961
9997
45107
32668
46620
29334
10381
42270
4822
11921
45380
19537
12073
35374
31174
22659
36191
46852
45760
28557
5743
30727
20758
18403
14479
32487
29374
35587
37712
47329
42947
301
29744
22393
15156
5730
1740
9336
27544
35789
23494
38678
18394
2598
43742
11078
116
18674
21563
39630
7055
9475
28458
11456
32786
39193
14884
7110
4945
31819
7256
36938
3305
31704
14399
5753
12532
34410
13566
33928
11687
12764
4016
43385
28909
20634
6291
48139
15401
5144
1108
28628
37323
13515
44826
35651
35157
26793
23333
14719
13980
39982
48231
28402
12698
25003
41719
29178
37851
47107
48454
16670
29979
22237
41874
42325
30172
45002
12924
19869
24318
29180
3123
12060
9360
32074
34413
5439
45929
49479
23787
6946
17258
5590
1148
31016
20589
2556
38650
31431
26642
4104
45114
41658
42042
40070
30147
15863
13883
38764
27538
20578
46948
10349
22926
5888
1184
14210
5960
2775
31587
7586
22817
31287
38138
5154
33604
30040
14171
18834
48061
29064
8987
8131
24728
46323
19628
32415
33306
2846
15335
1943
38708
7858
12837
4244
5416
4364
1664
6027
15269
17953
26104
23650
23182
39475
33039
38065
21148
20625
35387
1116
37533
38552
19730
37308
7907
2398
5477
23839
18830
9894
19284
2877
27700
26084
41947
22555
36986
13618
7212
46770
15059
48745
4229
3898
1647
23247
3098
44044
25061
42422
4577
32293
6480
44322
44982
26576
7377
9669
3371
44096
42728
26080
17337
29052
5315
555
18720
39490
17183
9193
24258
23469
45410
9648
23461
33102
737
16754
41780
18706
38507
12026
43521
26088
30097
32714
44632
41151
32447
3957
25562
11897
11335
11869
32053
2817
24515
18344
30252
21640
43683
47095
27506
25625
11866
42772
2019
30748
35421
8718
46204
20131
36607
9246
31283
31214
1709
5840
2494
4944
31544
45098
16046
20877
1565
6779
3117
40227
15112
2423
4183
26035
8540
2414
10304
27256
725
30983
43330
21348
41690
10955
16565
24055
2167
27712
30271
2082
2157
23498
14342
43666
14270
33636
45816
30737
35459
9559
36182
35018
31524
27262
10138
30629
12425
12745
36413
15850
10307
6305
2235
17314
45645
11492
24463
36542
3761
38199
7745
49166
49243
49241
49526
3232
28183
11218
9994
38550
39564
28459
43980
40174
6179
31219
3591
17692
18259
49457
25930
5052
28550
13749
12864
32262
28159
40486
25346
18670
25121
20726
25181
5400
36852
7043
2218
14721
40593
49115
47229
47042
34069
15298
18682
2772
15311
33320
3579
1013
26497
48916
21317
23367
21529
4661
31571
11464
36454
44167
19891
44193
31599
43365
28203
2206
41625
11724
49319
13440
26875
43746
10665
29645
956
24558
24921
37808
12836
17594
8922
14524
27138
2275
4667
45270
8473
48320
40791
41546
16805
13812
22776
32049
11096
15591
392
23019
21672
3339
47488
34603
33115
42975
1581
443
30305
3672
26331
42223
4319
39099
17698
585
36141
33901
49488
6598
24003
29276
39746
8333
16738
30035
18600
17245
42718
36031
40531
21727
26604
11159
7162
44859
4061
12083
3172
10105
17793
37871
34363
26166
7238
46992
26204
37490
2331
24759
33524
25786
25299
42811
13895
16414
4118
1448
33149
25813
42378
15368
41948
48304
34281
44670
46896
37636
14905
40513
23629
843
10240
38501
17813
42528
43272
22678
32083
14152
5332
16870
34272
13607
14331
3573
26525
33850
12771
8060
6782
29635
23026
25792
2643
23755
14416
21551
5841
7115
5537
40685
9185
36579
27445
9680
35538
22210
7445
38443
10375
33485
37226
20356
999
30810
36762
40303
46827
27328
21156
37299
40938
12275
35369
36233
29421
3534
1656
28473
38364
28808
6587
45574
27345
40795
29428
4597
40577
11106
28892
1759
49200
48563
23892
47702
17950
6393
46403
13126
34832
20544
10755
18950
49525
13405
39901
2604
16286
45765
4356
40816
42226
19269
45149
6990
31655
30398
11266
24317
47910
40171
36498
7769
3043
27677
18036
9495
44701
10329
18890
45633
36819
22958
21360
42556
18709
13834
8586
21353
25298
42081
46751
15574
13816
7715
35443
42120
25789
38208
1333
20602
36192
16560
19205
47483
30396
31722
21799
32674
49815
22415
42265
44315
45257
41659
11503
15378
23416
925
34055
48677
413
26587
29855
35022
28179
9594
39267
45302
42783
30518
49684
48963
11609
14175
32105
46466
26702
41743
1831
31182
8016
10534
36892
35855
35234
22313
14499
42926
44607
26350
49517
7039
44909
31821
49746
12524
47809
26352
13815
35011
30122
40014
11916
7351
10296
41355
40294
26733
29256
14666
9265
22504
4111
32986
21568
42871
46994
32061
47187
26176
14345
19915
46939
25587
48876
9575
34452
23885
683
28833
18063
26009
47865
12830
33090
30123
12462
32473
21628
103
35460
47255
16494
8144
7746
23717
548
10856
14432
36357
37146
15117
8043
12894
37144
21574
33410
45369
43751
43813
24550
31188
31436
10945
46509
39244
24220
47015
18283
47987
43796
20343
49592
30868
45873
44026
4776
8281
1854
41675
1764
18015
29641
9297
20391
22058
44841
39011
33481
38781
19132
27347
25249
42005
18685
46394
27610
32879
45164
39910
28122
15175
33144
16500
28059
3125
43177
13114
38713
36384
24144
26991
27496
39027
34794
38337
13399
3800
12753
1447
45482
17814
21832
17237
14771
28262
29575
32603
11495
11238
13219
13361
18326
5337
5892
3583
38698
35028
32390
29942
12557
44672
24779
11319
44477
30865
4810
307
10180
4280
7317
2669
19788
28106
787
24198
34931
16171
40448
43273
25279
19897
22608
1928
28093
45381
22165
42405
11291
26899
17933
43287
3507
44012
49593
11896
39421
43932
21806
16222
30375
10776
21959
377
31693
44319
25520
12421
9487
47582
30715
31878
32096
24556
41374
8365
8272
3454
364
47759
9980
30193
16993
47880
30948
38624
5139
15789
13363
2718
28127
33014
7183
10703
31750
37200
37228
26562
26699
30791
45363
27964
4673
7668
7382
39200
16913
11867
25445
6935
47911
37071
13097
29806
17509
19877
3961
32154
45548
3584
36362
17541
20741
10742
2608
5559
19235
49547
49769
35911
49118
46019
8196
44627
48079
16542
3532
24898
43418
12553
27977
39609
39506
40361
37057
44737
46443
48216
772
2579
28879
45222
19758
668
501
29703
29801
14909
47834
22627
13414
38948
4678
12835
34225
30832
23643
42316
40308
34907
41206
46240
17077
11134
11902
13554
6704
7145
43301
25683
10114
20641
47509
10929
49852
28499
15919
7076
6226
19283
29936
45718
9081
7701
46820
7344
38462
36385
46201
49500
14889
18049
6775
41684
28797
9225
919
22379
18256
12545
239
24812
215
26119
5709
15516
49718
38636
10939
41573
27480
19622
10621
30804
40799
13013
37215
35598
16722
13571
27350
28485
37980
17726
15665
27425
39570
34321
28480
49245
2164
43079
14608
26905
47788
24879
12213
30732
17987
25735
15793
29883
44302
49577
2623
42116
15550
1336
5702
11386
2769
29738
32760
35631
4278
32019
7153
7056
39449
16066
15751
49199
13357
26816
13392
33983
40821
47574
49051
36134
30
44661
37309
16333
41588
160
4723
28931
37359
2076
15544
14923
6245
34685
21669
48867
1968
13891
19966
16353
35491
38533
44453
12032
13660
42403
7630
9218
21846
1263
8612
32350
38933
44233
27551
45742
37689
27796
9666
33841
40433
34519
11034
12519
10078
48501
37903
42786
1610
390
7485
27132
36347
26171
34206
19544
16776
11955
7572
21438
49863
27004
8676
14790
41752
45796
13586
29928
39617
26484
37962
44550
13406
30154
1095
18879
38822
32095
4599
34275
22104
24319
7878
16569
16804
11306
47219
12379
15775
6368
30290
31202
38274
36900
43882
8128
8159
27274
17574
20004
22231
45652
28575
12438
47133
9396
15431
520
33438
32039
11170
2203
19763
36438
41424
22360
15454
19072
22349
13934
43024
38530
39751
22366
8553
38406
40231
41868
39204
20916
49757
15683
34351
6102
44555
7327
37618
9983
5486
14007
4422
11412
552
44169
29904
42586
19071
11936
23443
9054
5025
39491
17989
42245
6105
10142
15508
30699
4514
33872
10569
10321
5723
49482
9452
1493
9811
49328
46942
28775
35484
17460
32712
10802
277
19434
18342
46976
22007
25043
40863
41393
700
42707
33782
4058
41323
45317
17978
43982
38205
26871
11053
12171
37576
44606
22387
24722
29793
15300
9252
21433
14133
35948
45848
14347
38641
9057
28032
44033
1754
24087
43578
12779
22460
7137
1092
25093
9794
22357
43583
20498
43990
38059
13899
17236
4405
15251
19596
1809
21082
19598
5814
20431
19789
48761
30204
10323
5925
29168
20045
40467
37827
7877
27461
46044
45367
11176
39290
13149
12043
43889
38284
47817
44297
39879
33197
28873
3948
40699
23509
1100
48137
19208
9566
40364
34027
47418
44484
37510
1924
15483
29417
44398
38548
43029
6230
40563
32556
24508
27955
30410
24867
33967
33066
19736
19994
16005
43391
41057
39397
28182
35174
36322
22891
28416
36785
1561
27107
26608
2042
18531
8563
43002
13297
9092
15154
36949
21154
44964
5570
24356
8492
47267
2495
30464
17635
22505
42315
47918
9602
23606
43620
24924
33476
44294
21926
28245
39915
18244
8084
15587
18973
33835
5135
21760
48720
18604
46182
31262
45892
2342
30769
40189
17607
38309
13667
7003
9361
8751
34940
1639
39967
30225
21676
13020
5123
5950
47827
43502
30642
6931
40064
43050
21296
32719
30854
32055
30677
39650
48533
48911
42437
31065
17556
46427
25306
15711
28826
22774
9822
6768
26627
10075
43090
22658
18991
44173
26995
347
44576
18541
44678
31999
22042
8252
48602
3542
4954
22142
14782
22472
20288
26215
4401
20653
2374
36025
18724
31658
21512
45576
13069
34674
48882
2405
32943
21843
29289
44848
8062
15571
5463
8820
22247
32077
8620
35839
36592
23651
19122
13989
45711
31516
16587
25366
40202
28643
11222
3881
42104
37201
5338
39080
2044
15084
47166
7879
13967
21584
39606
41806
31784
28078
38324
2564
44406
41574
20740
841
23952
30617
10305
40519
14637
30095
24743
10887
6077
29552
22459
37767
31007
22484
26696
49251
32357
26144
13582
6550
3951
22542
27484
7919
21252
13690
15581
11714
31548
18432
32792
35204
48160
33882
28810
9736
35220
41491
2278
24326
25991
22672
23165
33011
9150
17806
8762
12442
19094
49202
4014
36111
27047
36593
29983
6370
10980
47301
30527
15693
36661
21334
32097
875
48338
49392
18414
20195
44829
16911
13797
43567
35718
25671
11563
21408
45210
42723
37238
9699
3119
1781
12252
19753
43158
30143
19734
38034
41173
27613
33029
28210
5711
23499
48989
22816
47673
31461
112
32127
30745
33745
27479
17345
10893
3949
34154
26500
48113
40449
27310
39199
7798
36805
47323
41841
23624
30257
6907
14384
7983
47437
32310
35091
32348
3457
9988
3085
45293
15232
36423
49691
10814
30307
33902
23101
28878
48065
7416
6902
4036
5313
35332
36012
27220
3808
21191
26548
1487
17073
8312
11276
9608
3399
28266
41308
31696
15600
45043
48952
14154
13480
22955
35672
26029
4899
15366
40254
16877
30599
28900
44308
41578
30363
16949
34110
21243
1099
14084
7470
4605
8067
25913
9930
19921
39253
44425
1330
44461
36505
37700
48811
20191
6405
26572
47735
14356
6708
16396
41694
13253
18819
25974
19924
12875
49913
31962
33798
37779
26390
39742
17159
37668
20754
22219
1118
14129
28222
40553
37816
36417
28712
23961
38419
47021
30890
49916
27848
25141
1887
38436
29216
12666
1963
22988
24567
20185
34237
30187
23882
41283
17662
44959
9611
15394
5828
32676
2743
12112
41575
37371
23598
14273
24204
49904
49022
18844
14985
46021
11131
22698
23637
20273
42966
15981
35753
19161
27396
186
39507
46610
4051
20221
8753
38794
20849
49020
44254
14048
32232
41166
23133
37746
6791
12691
370
21498
23768
4213
23139
40321
48418
28516
14164
354
48631
22514
4700
38359
16601
2531
49167
47334
39922
21339
33253
9179
29868
10152
17848
32711
4933
47869
3798
32115
22557
22488
18079
31488
43675
35012
38663
25885
37710
40326
49523
24048
34191
8786
44291
6592
17113
13831
4649
41185
38634
33804
48730
20595
18698
14987
6645
38697
31855
29353
23714
26099
41504
20234
27498
22017
34058
10264
25772
31899
31744
23550
49000
36777
30881
28258
18741
15845
39442
24129
14796
29724
30900
14922
25862
30680
17864
3821
5504
28520
14193
19518
41536
31027
34265
40374
48592
41416
46015
22554
40406
48674
42905
13011
42143
46239
45101
43505
31450
45031
23230
47309
42322
40698
44535
41319
18281
10985
19723
8953
35833
42825
33643
44569
48509
33885
3839
46247
37800
49872
44142
36917
29974
13198
25506
21937
31285
18410
24862
3093
1186
15525
26025
44028
17465
10404
15307
30940
4698
36172
15125
42171
32450
38216
22350
19681
11042
33581
3175
13139
28776
45207
41156
42253
21991
27889
30652
44594
6403
28476
14764
34657
3715
42710
49784
40669
188
221
6945
31338
42331
41728
44957
7266
47403
778
45529
12034
11083
10947
11502
360
29203
15770
40774
37526
5519
32145
7683
45248
45850
39670
46386
9604
7542
38007
26239
5631
35897
43616
28083
26068
12635
38843
15002
29746
40956
23309
9649
47181
35692
35034
6914
42170
17331
49009
19407
28922
12002
38617
3118
28679
34478
35160
18612
37314
34705
12736
27593
22020
33196
6057
21228
14749
14992
5450
11694
36712
1987
44917
45035
49242
39628
22998
48293
7505
39668
3562
40336
13594
47867
19228
35394
14247
8748
41913
5073
6337
32785
14009
27098
43358
10246
34752
41452
15715
12313
35732
35536
24259
5663
9338
565
42107
25559
4991
27623
48880
25434
26613
41686
27942
31272
4226
29820
46036
960
7380
158
19176
12226
2436
18413
2696
39693
6812
35493
12933
16226
11597
49424
40564
22863
2541
10779
21596
10687
46034
43109
16685
5547
39190
33490
15140
2641
541
1852
10949
37735
36714
48883
46784
18415
9555
36584
38775
34009
12879
142
23735
6487
49151
33420
8805
17842
30496
14381
1977
42670
12219
49636
23111
33233
38625
12165
3122
10629
5887
19756
23784
8212
29614
17410
40394
46246
47614
9999
5514
21510
18854
35652
6588
39343
1420
26039
10684
43023
2612
12246
26165
7130
41467
38549
20532
31920
9964
28730
42758
18902
9493
49454
23837
24272
20793
28132
38867
42317
2400
26143
9992
31849
18624
22097
11337
40496
35677
42953
30059
41301
25956
1496
26106
26950
27467
48795
28068
34062
35944
33508
758
44445
31483
43413
22810
29701
2674
42452
39952
34631
42299
17757
12423
25565
49
28536
22703
44349
15865
16118
49875
34427
31278
9358
48395
6683
45661
6687
38400
29651
7333
46753
2359
27411
11325
28401
8350
16079
4902
31923
35519
47598
41847
42482
5112
19431
16501
21394
47117
32093
28226
6139
5480
14788
27717
6766
18043
25864
39096
49077
39690
11923
32065
23497
34147
37183
33673
6165
38725
34933
12059
32400
7898
8707
26528
45706
8606
47801
39953
22191
40217
40614
5546
9762
16089
20120
10141
15495
10683
6037
30376
31648
16377
26501
25498
14500
20140
12991
27736
43854
38051
21664
3025
28777
31453
47883
35902
31165
34171
23604
6172
30692
24638
6817
27238
38798
1231
27682
22494
26900
13856
46780
33220
794
45375
27570
25028
38890
10806
24725
22790
23973
43566
44765
23030
13564
29278
558
31956
7797
10588
12613
17031
660
38305
5964
45604
45348
27553
20656
4659
8314
11686
48151
27550
31079
42991
47284
18305
6830
42807
46402
31709
10539
43195
3847
32118
14537
16186
3889
26045
42162
9281
47706
37870
6094
31207
38667
17181
32812
45275
31052
5388
3402
34292
8497
41638
4254
33553
41192
44597
2921
49495
43613
27176
15658
21181
14225
35322
12201
24575
37724
41353
27091
38883
15820
29908
46298
4282
35326
22540
13444
47102
11596
29722
27726
44560
3592
36718
127
391
2902
16125
45826
23896
28595
8439
36965
2944
48444
9815
16219
15149
39221
37904
5033
20329
34223
45819
29624
6306
150
20495
3934
43930
1389
16597
18368
42687
27966
1935
18996
18870
43864
28702
32138
10309
1217
22086
49662
49078
41518
44457
31908
7622
12652
47170
27940
3049
26226
13427
25649
42524
49217
17942
19918
37984
9526
46361
10538
49620
8400
2937
15216
43059
29344
888
17114
45766
38779
24448
9904
6756
15704
13341
36036
2881
13373
32212
13327
46590
6837
47200
12190
45342
16379
39942
16843
20447
47032
3620
6046
45794
28224
28955
15687
7686
21017
34379
5669
11374
34848
36536
29841
33458
39388
24133
40869
47198
23665
29489
46991
26830
37198
31611
14456
180
41195
2152
46783
22353
33936
30968
40923
8512
35733
7892
35994
453
23868
40046
18497
38580
10352
314
33003
19246
21613
19311
11675
8846
10501
6856
29187
8273
14609
39592
6256
41593
3959
22439
32530
24967
3745
30476
3113
47169
6968
33323
10719
43235
34092
37177
29364
1706
30490
14179
16403
28162
42897
20677
11350
21742
21936
10628
46409
24387
44863
13214
5479
3616
18348
15904
35114
7464
44059
6654
40620
25427
28118
30445
14638
6098
39919
41134
20075
4540
24175
26715
41765
19917
46075
5368
28780
27373
41761
12845
36381
33089
21950
6246
26864
19108
40947
15659
17334
43441
26294
39708
1802
21702
22288
28869
8594
47290
45936
39247
38063
30047
25155
44382
26273
44420
40403
17057
34818
3864
23395
24669
29470
27648
46897
41699
29208
39479
2645
36039
45908
40639
28724
14966
8113
2248
30055
24192
42436
34630
24305
10361
21461
49669
14469
5322
18671
5438
37448
40255
43217
8403
14584
37470
46864
18862
26474
25628
22758
27988
45612
28934
48847
13167
49729
47038
1563
4339
10410
25526
37918
276
37336
47434
42130
26123
11095
19035
32987
15812
10775
47857
2219
27925
42246
34851
23728
48835
46353
31741
17297
20559
28890
35296
42303
16698
9858
44198
24580
17601
8646
26824
731
35644
44668
19806
43447
29670
35691
23824
18420
23112
2305
33183
20560
19209
2671
22436
17684
19692
38060
18848
16749
11618
39647
33480
1457
16072
34642
10484
38502
16959
7883
48446
23739
18185
4374
48411
8298
46112
21655
47129
45249
33847
1855
43687
31768
30069
12397
37290
42210
2998
41718
42302
43448
17738
12606
1556
31901
3533
44718
23273
47365
48838
43215
187
4360
46078
41123
14520
38631
30661
34024
15291
47244
11566
5563
34638
20487
29085
27079
11533
4338
38270
13570
10395
46405
46217
7824
2917
9102
8231
6414
4194
49887
27561
49164
36920
23261
37542
1032
32737
25492
16107
5319
42102
39498
42517
7723
5805
36989
8323
34866
47043
18159
47320
33136
11818
48155
837
22194
24304
43967
41808
13059
16224
32677
6917
14216
34121
40605
9734
48672
12737
14176
16271
37912
27167
11027
28632
23225
24070
34921
49512
26490
946
6049
26230
11015
41400
3682
26121
10059
34
49218
8670
15410
122
26748
36298
44625
18307
10906
37398
13665
29950
39853
33108
2551
42621
33824
36455
11766
7840
28375
5453
44385
3958
17657
8082
27448
14473
12292
25196
25762
26593
45684
7658
20842
44544
9444
6603
48940
27795
29357
17819
30487
29582
24019
39461
49016
40536
8910
7341
28190
20145
28788
8310
13014
1202
17650
18136
7352
27774
20868
5418
31074
17038
16887
18658
27485
47452
30580
2350
27232
40651
49849
20027
33658
26817
44263
63
43444
27562
5797
24892
6547
48782
26117
37702
13920
9850
23109
33188
32720
46449
33846
18059
26320
22072
30999
2276
46132
34734
36010
14588
5001
28290
18139
44556
1508
30295
4964
7112
9132
5986
33960
45998
4604
31301
24548
35087
47560
37423
29612
37863
7781
6441
16862
36914
3705
48
33295
45224
29126
15239
30626
24985
22264
4252
8052
24194
27681
2760
20707
40659
14148
32132
40329
36865
38592
30994
25291
44528
2372
36421
34740
10284
40919
36898
4114
3034
39503
27616
23849
5432
28984
44644
12851
40635
29760
38387
16357
39828
16863
30786
43386
4655
47315
19638
30798
39325
17156
2341
30644
46244
37300
3878
24411
20565
18245
46698
24768
15799
16231
8276
36782
11879
23108
39679
2731
37401
13663
43516
13664
33954
25460
23871
1117
22881
3867
43488
32937
13127
41608
45011
48954
43124
29311
38727
9347
7182
30043
27110
47387
47637
10268
3480
16853
5345
47823
23086
8765
39257
47852
43540
16242
42681
10064
48083
27188
42513
9178
38584
5857
10999
44862
27579
14420
33040
41278
18806
11769
20067
39048
35511
41235
28692
16668
5076
49762
24237
29631
18692
30777
36181
25718
35362
23445
20919
39139
20387
21062
44199
22450
34928
25647
5861
13549
18040
329
43569
14522
18849
14951
40820
32173
1392
40743
33764
17328
35434
13143
40047
3499
46567
17022
32696
42540
18509
35960
22601
43442
43254
6071
31241
6298
27065
24045
17028
43058
9391
12452
45920
48576
11582
24764
17648
6944
34984
44674
3057
46589
23745
33493
39885
20151
44103
18626
6408
34670
24574
15833
12362
34243
41039
43277
44849
36519
7967
20872
40042
34888
2283
11029
3535
11232
12107
31064
10150
1736
44733
6551
35466
2335
3779
2088
36004
19466
26468
5762
35282
16814
32037
20357
36625
19384
1578
27758
32420
42510
27512
46422
44793
9612
18865
23290
8322
26388
23889
16022
34324
13717
19265
29516
14933
6580
49596
45291
32675
8327
35909
20354
8833
37320
31244
43703
20987
16912
7945
28893
43066
37666
38965
14080
38613
29514
36224
40309
32587
13233
21350
62
23472
4885
39774
42486
38177
34792
28116
45629
38539
47326
12377
40864
2668
31533
48682
30319
20994
13025
44798
3812
26987
3074
17029
36247
15747
39747
38544
7654
8568
37860
44478
15270
2123
20934
35177
8025
313
24224
35630
34408
39926
8745
47363
26437
41357
27120
1507
981
47535
17210
76
33757
36897
4481
36188
28006
34943
7101
11407
23524
13132
46238
20161
38404
41425
20165
11716
40910
997
29925
17463
9162
8244
6101
8166
19410
16327
31767
46327
40512
38510
10765
174
13798
46052
11960
31337
22685
28685
6911
11006
45785
8164
5487
15037
15373
32429
25356
40687
534
12301
11436
23597
11471
33470
49227
42833
2583
32430
3738
46442
46375
25143
31728
39725
12633
1484
41292
32577
8051
2633
15104
17032
16131
24249
33208
47410
19945
28070
4211
28483
26485
3853
21477
40970
8649
45284
32131
39659
3137
39949
20878
29640
34572
28351
43495
38302
9634
28257
7632
17278
19079
1137
2507
38413
15436
33385
28295
18637
27068
21282
8066
26570
11985
2895
29789
34997
39559
46669
27042
11845
48152
44250
25722
43026
20294
39721
33288
1908
4516
41408
31536
23770
10715
6221
18563
35518
3594
28060
4067
8071
29235
15619
2543
26655
290
13801
35670
32441
46756
6036
22041
3211
39175
2676
29785
18979
10946
34393
10822
44605
22283
15648
9337
18937
9824
5543
3510
7579
36071
30731
16997
12005
30908
12390
21619
12469
28468
40173
8288
49752
49291
3694
3630
18632
6510
5264
1657
43812
41275
10010
32291
6642
30170
43244
26514
33826
11604
3669
34155
37913
19083
48636
33931
31876
32175
3825
20369
19189
36263
36328
35889
1749
21499
48546
35083
33005
9353
305
34118
32783
5339
12624
30057
18838
39565
33623
27916
9404
19954
6876
15652
37122
45654
39696
24711
5621
2060
2064
7974
19393
4985
16682
11117
39452
9348
14561
41320
13976
8605
37844
35737
19938
37703
22060
42318
1673
5197
38554
15927
38155
21167
11312
32835
32248
24803
31773
33221
22517
11682
13457
22449
36623
11135
27513
31045
7826
16181
45005
36680
49399
33778
48983
27748
503
36345
18935
36098
12149
15725
20305
29607
11658
19698
17178
30301
25874
34409
36096
25429
17982
47765
37006
7315
5411
10283
44016
25220
9253
1768
5111
40239
47127
49219
20030
40049
20232
9670
48273
11645
26125
34604
8495
16334
10110
37276
26812
14704
3926
24238
46334
39560
3554
24741
34906
15081
13523
42803
41791
42743
24511
18186
852
12977
46661
32930
41816
3691
29567
20256
46833
9747
47263
17909
22126
7253
31562
17516
2138
26483
4690
7158
34354
30899
20220
12196
31309
34986
13673
15362
19776
47389
17177
41689
33171
48123
20435
38896
38237
15250
11214
10705
18480
14377
8081
33753
45083
42605
22385
10885
15698
14775
25379
14477
28559
34507
3785
19524
35450
32506
43654
31210
49388
29160
29912
13974
21185
49825
37192
29076
19217
42748
12806
21222
876
49864
26223
7264
25300
431
25355
27584
28197
9937
24271
28072
7787
26547
49382
9578
1741
14228
388
36979
30829
12306
4767
39364
18761
29652
2699
37628
33409
12444
29144
42873
11161
16536
1354
39351
18465
29523
1325
49005
5777
29264
47046
39374
4614
35507
14709
36940
33225
42846
45419
13552
12414
3017
42828
31519
14346
3408
35495
9793
36624
30080
26800
15207
9830
27791
31695
13088
1513
8230
26481
13838
22616
19332
2252
13910
17293
9660
2522
42592
17310
49555
15055
35615
31904
494
49879
24417
31862
22934
42756
36535
25997
45993
920
3960
17981
19422
23660
46651
40524
10042
9047
6715
37982
9501
28621
11558
21851
14414
7354
13248
20333
190
44660
46901
35202
29906
9783
38707
21099
32574
34576
26400
14906
7796
17857
32899
13631
44104
41203
42987
12439
46819
33748
42260
23191
45605
46816
33050
27542
48849
31707
39653
48051
49068
20652
18133
17591
19022
45945
40408
24432
44577
10475
1692
21933
42865
47803
14257
42346
36664
44533
6918
48366
24501
26465
26545
8609
32594
9571
47649
5571
19665
33675
30502
17557
27386
20056
24252
15719
16484
40511
6884
16889
27637
40139
39663
17714
10729
8136
15870
39074
41167
40786
36395
7434
8590
11365
11854
19949
5114
22534
43222
46142
31342
31681
34356
45146
34168
15592
11562
32934
23907
36301
45844
44306
16466
2446
40333
4782
21707
34744
1522
44159
43164
9291
10244
25175
30126
6657
7154
32267
33679
9568
23256
39944
40220
21356
46802
21653
24418
11836
23434
14742
49333
8573
2279
20389
28347
41576
10191
21899
25899
2482
34895
690
16681
20469
5689
19764
22737
26863
8878
48398
18027
43294
26180
34821
33344
18092
44010
33417
17729
15583
3801
33948
33830
41228
29943
4179
6215
41084
11940
38300
44548
29361
9543
11671
49765
29677
36653
10118
43135
13789
16535
6898
34682
17585
41812
26929
11247
15685
23291
43295
32255
40644
29993
14596
1755
40585
16133
41303
28399
48440
8754
23569
15653
38997
17308
23971
42154
29165
19900
41665
11065
20031
34966
429
26140
3068
12677
30976
29587
19314
27981
16428
9953
47085
29890
36988
25888
45443
39558
6193
22373
24620
38914
34163
15603
49682
25053
47364
41771
36005
25259
12010
36267
37941
14677
32585
44788
30250
25973
48096
8234
17912
33856
14593
46059
20658
20183
36804
47902
5390
9113
27192
32904
19050
26684
14053
31368
20309
32085
38441
3647
18690
33916
44124
41544
23052
27280
21818
23679
33013
38101
7156
26130
42438
13144
37494
41834
29027
38011
39113
32387
28364
43664
2260
41950
37019
10112
49827
19426
380
3487
7328
29776
21395
5241
23963
42329
40288
31955
11959
40645
11978
4601
5599
27627
44411
38849
3759
6254
42078
37037
48871
35330
20407
15027
41498
22344
21564
46324
30641
4807
7610
42778
16981
39205
22752
21673
40530
3022
35211
8076
551
34477
47640
13041
579
39302
29513
3530
23685
34539
8330
26829
7492
48375
31715
19170
38814
17342
44479
14465
14558
49057
19786
47555
19261
44054
10492
25261
18839
35959
19828
41967
46934
38694
2015
49600
2103
23625
15115
34850
5958
32963
33147
31687
24831
27930
23102
42038
27295
47424
12297
3988
23126
9838
44206
47436
21236
9245
29709
3929
23135
12671
3506
35237
18038
8001
46148
2708
18532
37
46787
8306
48530
17035
10230
46973
38585
16673
20227
24993
44891
41358
21230
4347
34867
36861
31464
19972
23387
49484
21141
35611
40937
49869
9977
46365
16047
42930
28565
28713
19882
23802
44266
23664
31264
37133
35341
7420
19578
5290
24979
11216
24727
37694
25509
37743
15494
29726
38630
43580
7107
22242
13760
20028
49130
26649
44984
27843
15657
14470
11652
45932
15417
11049
13137
4384
31543
39379
17302
24294
26349
19824
20153
4486
44422
45281
46107
41157
35634
34446
1582
49355
10801
6198
7363
26826
37676
2154
10214
33141
11075
12967
3696
13058
33049
40671
33000
33705
37048
37507
23034
31790
15563
20098
32763
46196
27969
36273
3933
30194
46210
20681
9795
16696
26061
10493
22358
350
2725
42415
13075
37548
34529
40418
35347
4348
1147
41954
44170
11155
2899
4112
37660
42295
6650
12264
3792
37858
17515
27826
33898
44470
38009
39395
27709
32413
27144
5788
82
42812
14571
25352
48524
28711
5882
38959
15157
19998
24877
47185
22125
20515
31144
3730
7943
6880
45110
9459
34908
24536
45887
20858
42166
11763
23464
1216
2166
4765
13086
32504
16366
11749
16961
30997
27085
13105
30880
42365
16918
38938
39081
2002
22106
34220
41827
35391
43181
31260
23948
39527
37408
17393
48771
9149
11118
19005
32567
21080
4274
32922
35485
43145
45054
18744
44259
6424
44407
44855
45499
40899
47479
32277
44727
11284
604
48455
46646
20304
27952
44310
13535
36056
40976
46764
24651
28356
1213
12565
12657
720
49456
7718
21531
33903
28859
14659
42363
36394
34347
7290
27155
9657
30075
32789
44591
11786
6615
15452
2489
41340
45693
20073
48250
42602
44924
2629
29065
31726
18447
49176
14348
29032
4270
39683
34159
36816
15739
528
8716
34308
35384
35786
32011
22927
8510
20923
797
29081
11720
9521
19404
26332
13242
29339
18151
38805
40435
24927
46617
35073
31789
17469
16694
38420
9311
49853
4949
19911
8049
43341
44305
44760
21878
36590
43954
10494
15463
27364
26156
7312
30557
11419
21328
9010
25485
28207
36601
48265
5490
29058
18399
22884
27807
37415
13926
11370
44030
15783
7391
38935
45934
11400
23050
9646
22409
18549
29847
21355
28729
18589
21094
13295
15274
21257
46116
37646
41344
48168
43184
35578
1301
28451
23567
42570
7852
29807
28696
33416
48327
24427
46861
11977
17408
13852
2559
5976
28708
46693
7047
29283
3977
27897
17396
15503
38185
35290
16983
24709
32887
37139
493
38350
38895
47854
18659
366
24944
12312
8137
31748
16730
39399
47945
27862
32569
42973
5644
49780
30895
24653
44817
17281
19401
48069
31405
2741
34663
42962
7992
20759
39924
49260
11544
20633
4550
3768
49854
48966
19344
5806
30274
10724
39695
45237
2730
21375
28760
21070
22092
16301
37317
8982
35007
13217
7842
12050
25613
27378
28966
7975
8056
39697
27427
26326
10345
46974
12503
17347
11961
20451
17115
1287
9637
49492
46917
5474
42692
10035
15662
48793
6863
5817
8283
30787
38251
17811
48207
47123
7301
26150
8706
2515
9520
28705
26889
24807
38016
19499
48011
38673
4609
25184
32236
44943
27552
22618
11525
37644
24189
55
21864
25958
42888
34571
44531
22874
5542
1491
24502
43909
1770
30386
6025
44032
29840
3445
13888
9427
15420
49258
28471
284
19224
36650
16591
22399
3052
6251
30811
45364
22299
28092
3793
46407
11858
24745
9796
10931
4465
39210
18846
37622
44380
30129
5772
25533
17801
23621
5992
30185
14601
1757
39061
6067
31938
30519
42494
48663
9015
24349
42619
44502
45865
30415
24368
3229
31443
40830
18355
47005
28927
42635
32194
39440
834
49463
15607
43552
47661
8139
36614
44333
32104
48908
36711
12513
41120
13755
5752
41148
40800
28853
14066
42674
24689
31793
20680
12378
48704
41410
44652
5229
10113
19833
45269
23176
29043
46962
15186
46846
48866
705
5219
39172
22868
10975
21404
35356
35656
40290
14224
26910
22675
33832
41902
33370
2293
23827
5973
17179
19073
21934
32762
43249
11871
42693
2097
46183
1746
15531
34331
29711
10518
177
19165
4321
9375
8427
9023
4093
11648
12305
24615
43292
45445
48642
10129
24757
19145
19375
26723
36087
2168
39852
49937
2957
23209
25995
16309
5230
44876
27007
29872
11996
12502
15902
5633
36968
28325
44950
49524
28073
40157
48698
3622
41983
7189
49674
25626
10614
12185
6156
48893
18916
42992
4501
41082
49567
3749
31164
31678
32924
3374
39756
230
4109
10414
14607
22917
30978
39009
6374
25698
25165
31255
46445
37384
44821
26537
3995
1318
28683
27951
19174
24820
31430
29011
9943
6669
21372
16313
38527
12329
37620
7186
26980
29054
12859
13275
25493
21548
46908
1726
46959
12498
11432
24100
5471
3667
10898
17456
33518
685
49720
5602
31911
33283
47812
25443
41457
24614
19539
47034
33862
18390
11640
47173
46670
21834
2883
26761
25982
42007
41624
3210
17545
16076
38308
13933
24424
14328
32778
23905
25042
45239
36939
17341
36232
13266
9576
39137
13002
29123
16708
39105
5990
48655
25424
44078
42934
47777
43144
37791
36615
15165
41306
13472
12913
34692
3547
31175
44510
38108
36243
35505
15183
38945
23674
8567
9593
14989
26981
14113
32523
12348
38278
42386
11911
33127
35913
47571
14739
28156
39008
24398
33035
16990
36159
133
22628
28135
35807
22511
29659
7031
12747
45141
40988
44552
1614
21875
12281
7828
38900
37697
10773
15386
38118
45842
14546
43427
44004
49575
44624
9885
11463
47396
20271
34128
38037
26276
20044
47639
33834
6029
11349
48506
30565
37294
49546
13228
22933
16615
30246
34611
30563
10967
35109
23913
23646
35860
12195
39741
17932
18611
48970
3031
40960
25780
31600
9126
29562
10867
10769
14603
49497
2229
24543
1314
48603
35545
13804
24015
34990
17776
41597
44963
2912
19588
10858
44918
31364
5870
2112
5832
36416
43205
24941
7970
24658
14533
24446
15909
11733
15106
46912
1262
752
9888
40665
34988
30212
5548
6925
38463
48091
4629
41453
7121
9169
12343
35305
29229
45185
40678
49632
4248
41354
10570
39743
49011
25662
18622
38989
30011
29578
44761
30335
27279
22414
4259
38020
20891
5952
42790
13958
44196
33079
47207
36108
37561
4663
20207
478
21904
831
45119
47539
40546
4152
43314
6825
29272
18060
18539
42082
18743
23128
48728
12016
1679
26609
6698
18558
10101
41490
33492
46194
37113
14859
4045
30209
29252
38249
22275
5839
41080
21507
19512
1538
49434
32161
12384
27628
47772
33777
3976
27293
9279
33844
35150
33238
10531
34325
3328
11421
38920
49802
2603
14305
48924
31685
46016
24509
22201
33043
40989
2391
44635
18492
7930
11560
4120
9554
38131
38515
15260
20339
41550
37322
38771
36100
32313
18933
10298
8235
21659
15225
49039
14563
23319
33531
23902
32499
16699
42969
12985
16952
39639
39396
26940
21061
15649
45068
7666
1550
32800
33484
8122
30168
27325
25664
10195
8660
39035
39296
40033
2827
414
37557
11388
17883
43916
43504
17349
48483
33771
30959
8019
17651
41307
8320
32736
6866
40341
18025
17672
26827
43152
43679
15142
21557
21502
15562
37246
4466
16890
5516
22032
28589
13756
39166
30113
38315
34109
10812
38030
23244
44988
32404
19988
5364
19465
15416
41266
13169
35154
25457
2750
10011
33699
49675
49989
10944
46256
29849
28426
24369
4560
49953
44850
19933
16114
36402
33334
7527
1090
38054
40296
373
15333
32715
41796
13945
38910
42721
33742
8891
37832
28008
30689
48669
42096
26370
17707
20845
8974
49877
1069
44122
8130
3458
27630
44021
12804
42983
6194
45849
19270
40476
14463
27081
770
18776
21446
37957
22578
12968
46004
15178
38793
41720
36838
29213
46629
15552
34209
41961
39977
13207
46140
43835
12721
32576
11295
37763
45614
25340
1471
37555
12392
64
20039
18433
18298
28558
49771
5679
27368
6223
2384
22064
15189
1811
24674
48193
33785
35609
9661
39868
47441
11258
37232
44281
21635
25450
15691
29663
47199
40236
46414
22814
16099
4448
22029
23341
2472
20865
27597
14833
39727
12945
5821
22284
44429
40447
43572
5561
37321
16771
2872
16594
46138
15089
27408
15312
43452
26982
28378
9524
2893
1686
11964
19034
16260
10219
22471
3683
44039
35667
23421
23583
12358
26665
8844
40297
8036
18919
28970
42722
45260
46490
48667
31233
6445
12794
23311
7343
27139
34521
14752
47007
753
18619
3233
12187
5515
41001
33938
33052
29611
42021
8641
30293
47926
46700
44312
37302
45390
49619
14894
28555
5611
4134
9181
3823
17381
30639
17129
9017
9065
4760
16191
4324
9430
30779
14068
2316
11782
40032
9956
22949
4539
26195
27723
33413
1903
17910
15532
25567
19863
34586
49460
5415
9995
21911
35456
1615
28862
2136
3209
41557
32802
5956
40030
21718
20365
25253
41717
3608
8596
20283
47027
19127
21066
40942
34799
36292
40086
13196
14490
46538
49700
41169
46531
48194
7861
15798
5585
31359
20724
31815
36771
16297
10124
21751
16506
49043
47969
47631
12411
15114
25844
28672
9329
26439
19340
15696
4217
23758
38401
45972
8614
41617
4438
2007
10270
12660
12253
36941
40383
7068
39050
20913
472
8458
11979
12946
3549
15236
1128
30873
10248
25919
40660
31357
21994
34269
25214
29831
37534
21179
10198
22566
1289
29623
36492
46191
17080
16785
22694
42152
31408
14667
333
18577
38322
21724
8356
6507
8436
24603
34559
13466
19317
5557
11557
42214
14382
45863
47805
5667
36795
25012
29924
38472
43617
21136
28076
10071
17208
15512
33530
42698
41848
32546
13912
34425
44524
36239
9940
7287
3604
42023
22215
13827
13951
49111
3237
36471
25812
4801
34669
8432
3946
38934
23716
41803
44162
33407
6838
17167
11630
12772
26323
30277
9640
14517
42266
34219
48965
16275
28954
11691
42058
2628
1021
21385
33997
33294
14334
36702
24371
49716
24758
6318
44709
38277
40853
20855
9020
3939
261
29014
14569
20977
21483
14338
48798
6505
27291
3503
13049
32630
7078
38868
13063
7587
45650
39410
30756
42527
8702
16321
2107
29658
25213
1498
19963
21170
16130
25467
16628
10679
18194
9157
2245
40932
41443
16876
11849
3284
9694
3866
37463
23369
12464
43985
24698
31848
44977
20879
14098
12486
23157
19659
5233
38740
16836
19529
6553
25146
7766
4804
25488
8032
17055
24113
43128
25942
46519
14758
5837
49102
28306
29425
31284
23263
17576
48434
32029
26916
5173
5269
29870
21412
14735
38194
23874
41454
32088
24183
13151
1926
22332
29812
34003
5647
632
28359
31727
46638
21984
17466
48635
32557
16067
18775
10615
26727
47485
18435
31506
13918
39251
20862
9741
24416
29416
39076
36095
16963
19240
48611
47696
10116
28066
26
25870
36616
990
31373
33536
7405
19245
28846
13633
16052
46982
34244
30374
28818
2548
6840
32451
38086
10091
27015
38466
938
36823
11198
25383
17767
12876
36317
37891
23110
41605
47822
5895
26053
40252
39920
24242
30448
28307
24378
29175
29821
12482
19759
11481
19041
19427
32035
40411
10978
6476
28658
39824
5340
36350
37853
48269
37193
37821
44921
26082
44230
7029
34537
1429
15730
15910
11173
6899
44145
31937
43634
21374
27970
43698
5342
20847
9313
18181
3956
848
14661
26515
38362
47078
45900
6676
25737
25252
8253
19369
38979
1409
22802
25676
24335
24823
31413
8658
2578
47054
30684
19892
27772
19448
3146
12959
20840
4625
7544
13518
24039
1558
46020
36289
47808
46760
34008
22003
23845
31477
3132
16042
16817
15395
31183
40981
19716
44442
47002
27516
49161
19097
27763
33348
3753
5326
14839
19299
11740
43111
32525
44764
23148
31081
32
31669
13015
16572
37032
4193
22713
9409
7643
21516
31383
43708
38859
38732
16254
31070
17976
21985
20779
38558
24123
24551
39242
43454
30455
20047
38985
8011
5459
1800
37951
35515
12940
41218
4327
3654
45087
30447
46446
23736
44549
40118
39891
10344
15393
30951
42110
18881
2098
27718
11357
48507
32788
23055
40828
10312
11179
43832
42923
28533
26312
30638
21683
43194
37781
48339
34545
37927
39086
29460
30416
2433
25022
49187
23251
18842
20749
29021
24801
37737
16723
34270
47464
19380
23671
2311
14895
45153
41342
11163
48146
13737
22372
21290
16291
17240
10745
4000
38850
1237
20991
43699
40759
27147
22403
43190
46752
6043
5610
36099
32023
47829
1246
3811
45875
25835
7888
4199
1104
20512
10177
1649
25227
31135
42063
43353
1430
15651
38513
23855
22918
8797
20918
3971
10038
37091
2565
37266
37496
25459
7172
38114
49279
21654
34852
10166
38863
31769
40835
46716
15087
20358
36203
22256
34094
46528
3062
43966
46147
49212
20229
45594
12681
6586
45373
49228
29010
44395
628
713
41881
44035
11859
2678
14104
46154
1016
27583
31824
28850
24592
22577
43983
28947
22404
31069
46003
22596
21928
18993
41527
49818
42885
10675
4379
2460
3912
32541
39428
12919
15481
8539
7502
44874
28178
16307
6092
9205
32103
11883
7663
46171
9230
28875
35306
43710
21541
43160
20338
37443
34916
47024
25821
19683
13039
35752
44018
11968
16522
7283
30602
12943
36651
39761
33360
34793
24030
1189
18716
6527
46249
34304
30752
42433
10554
23503
35801
39349
799
31313
22316
17140
15612
48090
46608
42113
2818
28548
19697
45769
31161
45407
45282
26799
17046
35026
29195
15173
39091
21797
44637
5926
20821
11313
43688
4930
39016
47868
20003
17755
36296
14784
29554
4623
4361
25551
33159
14932
39232
44252
6033
22475
24690
10781
6991
44506
34014
44156
3777
20460
5549
30450
30611
36152
30869
48423
23875
32650
13458
23243
6312
45341
27879
41204
18959
44870
1136
20580
13762
32107
39111
26278
25127
5421
2269
40568
42534
46653
31277
46624
32631
17754
27422
29026
18609
19480
20722
5677
1243
23037
23349
9624
17831
13592
46475
6497
14627
20657
36947
28171
30926
40612
33266
35194
21826
14834
756
31989
47563
16532
30579
14213
4158
16880
38206
30624
44749
16705
36673
32753
45361
2188
34899
29634
15918
13997
23835
48192
21526
47079
38925
24246
39613
27820
11158
44495
30691
18989
11848
37541
9876
49506
7164
45189
37919
15840
5174
42100
8475
8165
11005
30838
37856
36964
47942
40247
19559
3634
3029
45452
21059
19709
44469
27380
33435
5444
6085
5195
15635
42624
24442
7716
10881
19612
35207
37793
3215
43803
3072
15553
31697
17244
36136
39024
32113
31490
17011
39256
21810
43283
9018
23988
18504
1038
44180
27119
42164
44991
4657
29343
47638
4290
20782
9853
43031
17447
21555
3985
42931
30486
28681
15489
37462
41840
47188
47339
32003
5443
9948
35217
3618
13225
6448
39161
37855
46765
40390
27198
18204
42882
6163
33412
12
20242
40822
40711
16971
11372
1505
18024
47711
12562
16541
4978
36075
3435
14597
3538
17521
12173
16343
36571
44845
6932
19379
24775
30165
47578
48850
45290
23223
7717
5696
31947
46197
30937
21104
9859
16647
8092
43979
20292
12834
41931
49917
25996
30007
48093
17664
9001
35115
26607
26284
31253
5098
27864
24704
25999
47010
382
10938
42026
48414
44020
24141
35206
23616
1645
4914
25208
9812
2955
4141
19899
9819
24347
35295
3964
1994
42985
41189
9022
6923
42808
49965
48589
37385
32076
30116
11226
33926
48318
19846
13716
3265
19289
43443
32584
7973
12366
34175
16735
18352
43084
43009
8909
8972
25122
47257
21731
13312
13328
7157
23075
29751
42622
19338
48077
34618
35999
36313
33498
44225
15425
5829
40240
22783
46419
44778
23525
2499
39116
9527
49724
10062
10012
28302
41833
31432
27980
45676
1030
15695
35410
41977
1835
16488
3296
24401
48722
43758
31113
27339
8319
31177
33740
10841
29597
1914
32622
46619
185
23593
36798
20341
25367
45701
8297
31865
42581
18195
19370
30653
42615
7563
30132
39384
13415
18583
3309
36747
48494
17598
25474
45811
43378
13453
37655
1483
25067
46395
7035
19516
46333
22838
39749
10100
21956
11662
15597
2841
1272
46362
7220
30891
26540
1514
49489
2537
845
15575
25950
29478
32162
42712
19418
2855
17454
722
15418
31608
9991
32595
12631
12372
27482
47594
25426
22850
19803
37830
18694
13348
5975
46270
34594
26128
23568
96
47059
32746
40569
14317
897
7859
17319
48240
19705
37356
9863
6790
38152
24
38220
45933
5784
32259
21695
15615
43993
18263
28689
43568
27202
43057
22243
27093
4962
9540
18578
23181
30917
4648
40866
35346
46967
20180
37525
39568
31646
35331
12520
30977
2820
46130
36707
27166
13320
49075
48777
14240
21620
38830
13995
38581
43736
33483
32495
34271
15567
11379
19662
11339
3835
14459
27604
40560
20437
13335
25449
7885
44609
24969
39141
9223
45754
40959
42793
44578
1463
35284
39591
12290
30041
27605
1395
41970
14619
29288
25854
42509
25705
21772
21234
4434
42837
24143
36196
12276
34317
16700
12858
43768
9268
35054
7229
34755
34129
28327
23859
17443
41866
33325
6609
1965
46073
9801
40913
22216
1411
2453
10408
5579
6816
3056
20474
26658
27913
20709
23928
13937
39186
39259
11804
17878
4450
738
36806
41317
34960
30357
21674
23949
934
34503
10992
31733
27463
18338
37845
8340
43142
45028
28322
1470
16566
6723
47074
45027
18409
7012
28170
26918
6227
41294
36379
34260
34282
20898
2951
31802
21755
29483
459
24964
35429
45763
35744
1207
32573
1321
30373
7616
34081
426
47619
6038
41674
8020
18021
14822
31249
25961
24434
44538
45288
48018
27039
5160
16899
26921
31993
10440
32109
17392
16168
2355
28647
41257
45240
5761
4202
15209
15155
29113
47058
35961
43744
47893
26343
3396
16811
44450
19847
40634
31975
23662
35271
5745
28311
38621
2539
23916
2698
33392
42596
41140
4148
36857
21045
5096
37425
5937
5455
21211
15476
39772
189
47375
43998
39297
28753
9312
5939
27834
28943
18627
24312
12268
16874
28568
47116
10169
19554
16389
27041
40886
14395
2824
5413
37173
1425
39436
44086
11830
47420
10817
41730
32376
38432
38384
23816
43582
34588
29938
39925
23103
14339
24576
49442
39229
37859
45862
19272
11599
18649
1156
33654
41928
5807
40150
2072
22584
10576
44432
6839
9597
22008
27286
18008
5739
41679
29031
47158
13948
33925
8860
26014
19385
2570
37882
16860
11205
36545
18593
43928
43438
48305
28965
12217
2360
41395
31729
45004
33165
7607
30663
41632
14706
17865
21150
11020
22197
33908
23174
18557
36015
43943
46057
26768
49401
523
30173
1644
10342
33170
42068
40315
44952
680
22631
11660
44636
42057
14309
7223
42762
31358
17330
35877
29686
28823
6680
2784
46776
40127
34487
5617
25851
27819
21571
4292
38892
33754
45385
30316
41023
22325
15077
20701
30192
17154
15088
43936
15748
26295
16956
11193
12140
9749
42677
27705
39810
17701
20822
17555
47728
22200
7593
14165
6159
49910
14128
41162
33994
34614
41807
20856
10592
10261
27145
34036
36244
46877
8311
11739
10360
34051
29060
48111
36645
3505
19835
22082
35597
23922
46995
17014
16160
38560
27161
43179
40219
6973
31150
20731
40810
563
9919
38340
29411
32094
17735
20147
31776
20148
33996
46110
41155
38696
15568
5380
19526
7822
38360
6667
6429
20017
39897
20224
21354
39335
27038
34806
48257
16371
775
45820
10972
19473
8417
37455
38095
11185
45053
3703
4068
43704
6120
19821
32623
14684
16188
25678
24873
45183
19038
4497
610
4570
46650
37801
40353
13849
42394
1825
21495
25054
48124
48953
46687
2478
40011
27122
23620
19584
32072
22207
44155
37699
49307
46071
36112
42702
18981
27387
4791
5747
32346
5759
14504
5961
18982
954
34789
8759
45739
22478
21639
44542
19088
19952
15006
49178
28995
46699
36022
16687
45953
13844
24642
38286
2309
16084
16134
12236
17318
3523
33391
8602
25714
2880
1141
15959
25687
20001
26773
49740
34715
10909
1398
40356
5078
30245
6912
13878
17803
5113
18224
21896
38386
27750
38147
43157
20660
14373
38516
25927
35548
42515
48577
18987
16317
12882
41297
43537
37066
8078
25765
1953
43970
10651
1242
17699
35313
47140
2983
38191
11217
20647
29105
4162
29000
13986
27329
2192
39612
43773
19999
37204
3301
40633
29243
9136
36428
47089
39765
26820
15194
7431
4919
6515
33209
17528
29750
26306
10157
32874
2306
21605
37638
43231
45465
2997
11076
8790
46320
26384
35829
11186
10
8182
36793
7393
21711
42870
30232
38519
9961
27184
42574
35539
40638
10969
29618
28513
11501
13247
3038
7015
32549
26052
14229
22031
17056
23042
31945
28736
33300
29510
24032
9679
3731
14310
29426
34555
26398
7601
15755
41993
26552
34805
22281
13602
5211
47977
34668
35140
937
28126
21861
18223
35635
49655
16408
25970
15429
49850
34345
46497
41035
9071
28562
19855
27327
20988
16977
43860
17770
44486
49196
23422
8037
278
44935
41171
3352
21668
47278
37419
1996
1315
15768
13921
14008
25798
28750
7794
32244
1064
48016
31147
18911
38661
22451
11012
25633
33027
26784
32240
46701
37543
41959
45116
310
1349
49861
27026
19678
11019
44816
47930
39350
33594
18555
47650
21908
40792
32331
37629
2814
21435
7197
49803
42848
38940
14981
18236
19982
44045
22655
26457
28025
11954
34291
21335
4704
45725
6214
9099
21324
19582
24476
22240
7763
25292
16050
30384
44280
23054
22312
4656
49014
35540
10125
9334
3940
46949
49478
34500
35706
36954
29721
24987
46258
6509
25563
43924
27841
20064
22416
28790
31289
36843
1947
35128
10602
8484
35113
38252
30217
42731
20264
34041
46574
21968
40245
39733
22679
15764
80
28452
22055
19925
3288
19823
21145
18077
38128
31382
29935
42330
26194
16155
37986
1442
32137
24838
44882
16094
23829
45621
38291
28652
286
1863
35912
32216
27534
38217
8454
40121
1777
19341
10389
42332
23188
11753
10676
40216
35579
12638
9565
17176
9726
35361
44241
16575
15141
35553
32916
1351
45382
13249
13546
3570
21698
12910
20885
26281
22983
25073
20216
41863
13536
38117
31251
27477
24882
35784
8391
14375
26854
46975
26798
35828
20664
28075
629
43629
34185
29062
9368
32833
9068
29079
48993
14320
41594
34052
28151
29244
19441
24359
17837
40224
17184
45099
901
21788
38363
22276
23830
47072
2055
22609
26836
39826
49789
4766
27089
23585
36548
6381
39553
36847
47698
45104
599
258
25110
44468
29380
2375
26963
17435
14471
15577
34189
9363
1459
47217
4196
18427
42294
41005
33649
35903
11031
29201
31570
20981
19282
23851
5619
40626
22056
29215
31912
37422
11259
44911
22296
38248
12912
7757
48059
36814
1569
30072
30562
20189
44178
36365
28420
42388
37947
13407
15419
17279
26892
1978
13019
33192
35884
37347
26070
3619
42889
18501
10900
40138
24899
43793
28428
14141
41839
48585
9091
31377
31379
39884
12418
33702
19737
29293
14865
23288
16174
23124
42108
25048
1837
14357
33914
43992
43268
1727
7661
35412
40215
14908
5656
12506
36566
30760
13656
4684
34716
22168
8768
9587
34628
47175
8195
22331
45535
9421
1134
38333
23920
14896
13276
38615
47397
28577
21909
31247
8720
32182
25016
34231
11167
44941
2161
28063
34443
45468
35483
23189
41734
3741
32860
26338
31798
12138
26184
41757
27277
46271
49944
48477
2936
2420
5467
19130
46311
45749
7923
30034
39947
7357
35547
30013
26857
14891
3192
42600
35137
2909
10865
21026
35454
9962
37794
8570
16149
20621
4523
4830
24816
32067
49021
4860
37260
8341
8931
36710
25612
39034
42117
37280
12181
49239
12009
49386
6062
17069
26358
29377
26478
9530
26262
42204
23812
47755
10158
3783
19213
4328
12105
33991
2352
22352
30751
33500
30616
12220
32604
8316
43965
47968
46678
34922
17414
11413
43700
18191
49750
34077
22369
6136
37678
34088
45689
23833
27675
47006
119
1688
24597
22791
47311
16614
4803
9135
30853
26107
4419
9772
14732
6112
32031
22772
47432
26616
44275
6078
18540
38543
21480
3000
17475
14664
7984
28903
32707
36344
38156
34840
28752
2954
2791
39464
14201
9176
4980
24155
10037
1051
42532
43412
40481
19254
9294
10536
11356
22377
31293
9654
5500
28123
34300
39779
10282
37568
30828
19095
36791
28419
17986
9516
18946
44362
25632
41104
29989
36490
43809
2685
4619
47094
7910
23960
17434
20706
31040
43317
9440
38269
35668
31828
15268
48600
27294
13714
29811
11493
11581
36902
4996
46622
4734
2190
22239
19906
38987
14058
14403
43820
26551
2425
4530
35464
24837
25503
21492
8485
31254
23619
26460
4947
45194
19664
45400
8722
9095
28251
2450
41916
45575
26069
44351
15380
44614
42747
6829
13837
26403
13753
39448
47956
18889
39058
2719
547
36199
16152
39961
35265
28723
16132
30920
5881
34349
4923
42335
1842
20093
11762
35494
15411
28540
39092
14579
28706
12216
37436
21288
23343
34534
15706
40761
27397
39615
36146
7449
37752
37237
23691
25411
30996
25713
42789
25226
18118
31447
14814
28260
3073
15072
41145
22098
151
3297
17975
23453
48060
46777
41850
5371
10760
44523
15992
4544
26703
37992
45169
9583
13763
21606
48309
18986
38659
30395
26024
17340
35437
4417
1937
40772
43545
25074
48582
23283
39476
30794
35117
17248
44966
12319
11806
5048
7133
44975
44608
46415
13045
17229
41845
45467
25525
4265
27472
46838
20035
6765
25924
36700
34406
48825
41482
33317
33086
39494
1605
45069
13943
47575
20078
16142
17123
5630
5574
3455
27421
10987
17964
44440
43436
15205
3628
41417
46063
37701
46430
22624
36139
39054
9407
334
2724
22340
29080
16726
39698
42511
29402
40610
44928
49788
14029
38455
12684
43311
44604
22146
9147
23418
29656
27011
31579
24490
4002
25156
21735
49735
32973
32198
21197
26058
29124
49348
47611
41386
5433
40066
26705
7411
8507
33369
23519
48456
24451
46433
20168
18506
31969
15746
12697
43228
16693
30249
19119
23805
19910
5047
22406
12223
9534
21125
10193
48510
613
23623
17372
24172
39128
23005
9059
47212
38414
30346
22483
18140
26654
42309
17226
33377
46628
25236
39750
31127
36736
3578
34653
17354
36392
24256
15196
4495
40641
45647
10159
10853
32188
12036
38952
1523
35146
15458
36951
28064
27746
4391
40430
43043
12664
21518
45519
9040
9211
3070
31362
45159
7952
2873
41856
3121
42943
4627
27321
17251
1519
4200
10618
23203
34839
28523
27782
2630
36393
12199
23613
7374
14294
4302
25266
44377
3453
7688
19608
21119
48705
3186
45143
13398
44117
352
8426
35112
29362
16946
29530
20807
45514
6629
44364
20270
13376
49089
982
34310
12607
35479
23556
31336
20819
2485
29583
36994
12898
44496
44824
28737
13702
49749
28269
1037
44205
19522
3891
42981
45160
39644
3261
3342
5502
28494
49553
41710
10297
34267
15720
4330
15972
48253
1486
23129
6524
3440
13250
31302
20458
49276
49350
36649
10133
40838
46492
3082
37872
48549
17295
5628
44455
20201
49557
12944
18100
13711
48817
7398
26177
16547
21137
3855
3750
12396
42732
13141
41748
20820
30614
46228
39299
10759
28144
11593
47904
46904
49741
8756
27572
14149
4918
34964
5884
10580
20418
17826
27669
890
45694
15795
37772
43776
13732
19699
39602
31166
32995
21572
28611
9399
6583
25327
6697
36739
45304
5468
18797
1221
42321
24457
9012
25574
25164
10302
17270
48699
25847
32102
40611
18288
43212
46368
44472
39637
34729
29825
21730
32962
28609
38002
582
32528
5859
12334
15667
37409
7950
532
22968
24687
6523
4716
19864
39533
5236
33957
15220
6674
31397
2038
43608
6869
36832
19178
38142
13963
516
152
33674
2707
23218
21357
7694
22163
1347
44415
21602
44932
37539
48800
12905
33403
4755
18807
33174
36499
24639
35747
243
8383
9696
483
16778
21543
23017
11548
17493
39815
3461
24810
40613
2625
40178
8299
46601
20768
39784
18177
39569
11943
10943
5796
44987
34634
15457
19435
35406
4366
41704
14323
9972
25721
28424
29957
19381
40951
24644
27183
30500
36201
4905
23966
23750
38817
33189
16731
23310
30698
19550
4886
44840
10917
17108
37662
22303
12656
35094
7021
30304
4409
23335
4306
23588
18738
25064
48186
9707
23880
24283
31067
31874
35259
6900
27798
35845
45324
48136
36950
3633
18173
42047
19867
13527
16463
3346
45292
30356
7127
43816
34828
47720
21733
28371
28366
11494
38825
45948
42234
48425
5046
15979
820
11089
14214
149
9515
1598
32858
6461
8656
24719
27453
49893
35772
21249
28744
27679
4436
42354
48972
37632
32296
26898
38878
47576
17991
28344
39055
37325
32725
13333
39796
23143
36894
46337
32136
19423
19490
19690
10746
29757
28794
27569
18915
2432
25257
20747
10469
39007
30176
31416
37209
7396
32944
1492
29301
25189
47313
29164
41787
25471
6772
22826
44763
35110
19123
33022
48356
33966
45851
30610
13023
29794
9932
13005
5764
8095
10274
30554
23024
7720
45492
13162
41260
14815
1438
22326
47150
24109
28895
18484
42133
15737
41930
19339
24657
41284
40736
23876
33939
22721
18784
34702
21421
48670
3643
7647
27005
22597
48215
4977
24974
8831
9752
10293
13662
27779
48601
26651
13290
12952
47592
42314
22869
38213
10835
16962
20960
14726
11780
34298
4341
12044
16150
31061
29987
44904
17065
7477
11668
29493
39970
41441
25831
5414
35546
1177
9681
29819
18441
14913
10772
45038
43767
40302
29347
35684
25508
24267
10123
33161
1478
3981
39848
45406
13072
30045
22660
12602
3150
25937
46250
27382
27821
7560
3436
19045
31986
11651
1735
28212
1370
12741
4463
11408
7421
10697
34143
21015
36809
1138
44139
45356
49649
35688
27285
7092
45244
49628
4038
28005
34849
32665
1304
33706
35223
18801
48885
12706
2635
49396
45008
5913
46374
25598
42795
19486
11390
44065
22842
3576
6574
21519
33763
31609
5896
1742
49602
23150
30115
4526
36460
30548
22915
40497
23783
44063
39187
37554
40221
49010
49306
27036
4888
31633
28911
45912
6292
18202
8125
13046
48557
17596
31613
47205
14419
18759
35591
1846
37988
10991
46205
49903
40823
2615
24723
35338
43491
11102
28014
16272
37524
26848
49981
11128
17039
25131
42228
40317
17363
39326
15526
1143
3817
36274
47644
46569
41824
32354
13558
33368
9133
46161
4310
32517
39640
21161
25947
23817
29969
2307
33270
47826
6401
28308
36766
20639
39735
49768
34145
48125
40905
41383
47490
23726
13657
32358
2794
48848
39398
42427
40936
45486
27399
1991
1829
48837
1419
38594
33205
5223
31825
29826
12013
10332
42872
34174
11474
29533
16469
24842
14691
9631
7267
11657
8453
13896
36401
27494
34924
42801
32261
43499
43474
32941
37223
8335
26741
1222
25740
15585
32280
47193
8059
48029
19491
39514
49540
24325
15535
4271
16849
48166
8018
19191
48020
42383
2179
9656
33026
21744
29067
27170
13505
43296
42371
49551
15985
41747
22147
5682
13648
32302
22479
49774
35353
17375
29089
26228
35455
43685
260
25655
33718
40273
25555
26901
45449
3208
31952
19062
39028
4531
22426
3504
16539
34122
22839
30523
37754
11249
2122
2484
31671
12535
14114
41830
31474
47328
46631
35196
19783
43309
24260
48925
4103
47800
49201
3601
32285
47958
24322
20012
7174
26965
30819
14451
23298
10820
34456
28454
15163
12566
15292
41739
22178
48415
11567
25063
40790
30567
30598
37928
14121
44615
8598
43067
31858
15473
48632
11429
44868
13264
20973
35488
47245
21311
43462
2059
129
5215
16585
13171
11531
30961
37834
17266
12546
43199
35653
33471
36469
30574
13078
14912
23738
48301
49490
48105
34150
8809
1632
16954
38013
3039
39578
23996
36124
15306
42454
30656
2467
38344
31929
6980
29642
10591
31851
32956
11393
18502
11876
35589
23561
37065
49257
17228
11184
36872
45012
4454
27129
32972
48853
30244
19495
48643
19420
27691
40367
7830
41291
11511
30857
14212
11180
31465
30324
46175
9441
23979
1219
38901
33952
22085
2491
33419
38803
33036
14623
29092
35577
7873
27811
46858
28698
7060
43241
20947
40506
47137
29400
789
4793
44806
33755
26618
43959
27359
33627
24847
24654
11409
41172
31089
44307
49080
7953
30637
38897
6357
33278
10291
37671
47593
22269
34034
39219
2037
33051
11375
32276
24227
17397
15692
7980
2627
40142
20545
46848
25715
39158
28842
701
30315
29796
18028
35782
8470
43435
22153
2845
48202
3177
1036
45740
12643
35264
37570
1886
20272
38547
23706
30843
10832
24382
46537
49172
29006
10601
49560
25278
20946
43116
6261
48846
32027
7443
46150
33328
23797
36151
43479
22321
45279
7784
11467
13174
48298
42921
47751
39997
33680
20370
40371
35938
45301
25620
7510
9008
25966
40831
24437
12152
27667
32219
3465
41012
39215
40180
27275
2282
39538
18196
30552
12544
2125
5670
29435
1215
44613
47556
7525
14177
25953
31434
18339
20284
22867
39177
44022
20223
27518
48749
42505
10181
37305
45493
20135
22222
35555
4129
33794
8031
23589
21471
14239
45417
12833
14442
21641
27121
31096
22599
48098
1256
42207
31992
12162
144
39004
33958
9303
24523
15721
33305
4250
164
1948
49090
6556
1416
38802
33591
172
39775
47843
5850
15830
22722
34996
45806
44094
33899
42169
27601
37158
3249
386
24336
37993
2821
30362
6460
10477
34533
33248
18598
9145
47451
48526
38484
22375
44393
9685
12405
8242
33116
23170
8650
39040
29267
31547
20118
44189
31111
47789
6541
6074
31666
24596
9954
7051
25510
35844
17311
26442
6924
44690
27073
35838
16974
1875
507
29491
42493
4387
21399
16513
9716
10752
24363
32174
24375
44894
20392
4402
40432
42457
26247
13024
29379
11944
37484
43065
17794
9827
37069
28446
40890
33224
43787
32634
13778
13676
46758
7250
4576
37131
32718
7676
12953
8542
48156
11937
26499
26487
22664
22538
4080
47753
11839
43755
29781
2658
24587
10845
20696
36803
35376
25697
15673
24186
17902
8582
38045
19840
1690
12908
8920
38880
7329
24841
34372
6107
27721
21906
22621
1636
9249
9541
42141
12668
9614
34362
927
45553
13829
11478
16633
20105
16945
31560
10568
48150
29704
37024
30969
28990
8030
22241
27676
47310
11703
47167
43185
17233
46851
41873
39890
41455
18572
2688
28619
32626
1697
37488
3242
2573
42730
18083
38799
21250
34137
31518
6152
7126
23863
10579
45065
42304
48723
10698
30258
20837
6032
23788
30930
36854
26623
40104
12776
6591
12554
25599
46541
24006
20590
40485
48518
29784
30905
30676
23073
9115
21847
36033
44753
12855
5868
1261
16734
6455
33172
24656
36213
33341
15842
31541
17918
11584
38174
3430
20551
8616
25205
87
11003
936
3488
12673
9044
24159
44084
36030
41533
36637
30645
44321
504
12212
21429
11627
21171
25400
16248
28273
14438
28796
9500
45079
755
15061
10608
44766
6115
8967
7094
23329
37996
17109
4879
12314
20732
23933
45092
10916
25511
1001
4261
12381
24147
8291
8571
2637
6665
2483
1295
1461
19478
25730
18592
16613
32898
29999
8210
21110
36913
12949
39531
27959
47443
32048
18467
16923
13666
46747
46473
6309
10505
7629
45871
37460
37504
8584
5648
30765
27162
14483
9548
35820
17284
8293
39873
39234
27788
9458
9791
31591
41785
10306
41669
34306
45649
4503
34516
49552
34942
48840
26747
20790
32970
2875
47204
21768
37310
1080
32242
27759
12942
38342
36643
25415
16101
1127
49985
3269
38307
36895
47685
20984
29824
2403
44176
19885
14466
1988
44513
37848
25101
30358
21910
19691
7006
11721
45329
49358
12094
7598
45084
38972
16725
824
38562
47648
49587
46520
12338
16081
4079
19472
2811
27299
8246
39812
42745
13876
19326
26959
13796
2058
10424
22495
2694
48270
31444
28847
16915
14049
45097
23813
10872
223
33891
44914
8785
28989
8405
39515
14722
12206
18349
41979
22487
9346
1114
40640
42002
38609
28139
3171
36080
39407
32478
31747
37939
40453
25480
13917
11244
8111
25908
42091
24284
15135
21051
31012
9674
45049
23474
3804
412
47191
42580
5538
16342
7023
17822
23178
44201
19818
46289
4241
37954
29166
22213
49565
34199
45158
40556
22110
18985
36187
46805
41160
45627
4524
49069
16016
46305
28338
3522
16195
39098
39246
32885
18168
39338
21782
6949
13263
26677
34035
40193
4442
24289
37486
38981
10850
48438
10768
47891
38474
38927
10512
4800
8914
5584
43281
12778
47700
32638
3441
48107
43831
16775
10218
28044
24139
21745
30871
475
47476
3514
19934
47853
38268
28519
31620
18924
47272
37959
1159
25896
31837
17380
4953
22245
47354
34546
12687
20371
9826
10163
16578
30861
13513
9717
9261
26269
2416
16431
45555
28534
31868
40206
44970
30443
20692
27554
36826
11807
23381
8063
34976
44301
45305
15304
34419
17214
42298
46672
22040
42055
18152
332
30776
479
7526
36807
44600
37108
721
41399
2273
17082
6759
31550
11145
2328
32045
13627
24822
8170
40270
22754
11323
8265
29302
1678
12374
17517
17299
31778
2587
9898
37194
3713
25438
49025
22647
24406
24896
10535
39539
45938
14306
18523
2208
36960
791
41644
40619
43646
38132
37836
5030
23014
2889
25453
5802
24137
20999
2210
45397
4876
15229
15437
43895
43883
49065
43550
6355
1856
21174
42425
27244
18226
40149
29994
4637
9238
39254
41898
32936
32489
49143
35327
42500
41090
18091
29191
27804
17050
17317
30475
15212
42569
13504
47985
3920
1733
15943
12637
12763
1677
49695
27545
32571
16056
21837
41616
9489
15197
8080
42046
3850
32464
4025
607
25800
27808
11788
42272
48248
14051
21409
36539
40929
11975
23363
34600
3115
33965
38229
7994
35278
37582
37822
12210
25026
28034
45833
21979
9212
14041
46905
20439
1358
38275
46411
3365
20077
37634
45617
7535
46498
24540
4957
5691
37454
46510
15844
2486
13959
13107
37804
4157
9189
49122
15063
24377
15018
44686
23385
1452
46222
46958
37906
12674
2999
44224
16416
11864
31723
15095
45812
19047
42667
3906
9617
36743
45318
5594
46735
18087
11723
10055
16109
2140
22009
17514
33404
9667
6336
26264
25282
45393
38079
43563
28227
34635
9451
21883
21098
20116
37161
39939
7998
15313
38893
7422
47183
9107
7446
30673
44951
47226
11521
25790
20255
36959
49537
24158
26795
2925
24688
15277
36600
21974
15330
41221
20983
15791
18954
11900
19350
11182
1307
28117
49584
23272
48027
22581
13833
23841
14578
43467
38489
7533
16683
49059
41175
8642
43712
47928
8050
49707
38179
958
13764
37360
11480
25922
26311
19616
39255
24573
40266
14876
3651
19817
39292
45631
208
40607
38616
22875
28701
41481
22111
20576
27575
40417
26051
28148
17366
8118
43673
42069
29315
16335
34637
31641
20553
40909
38653
28697
32202
48066
734
11926
12351
1896
25776
18396
26010
16939
3444
39980
41768
36046
702
33670
29143
22607
26248
24792
12061
9848
18998
33932
27634
48826
2853
15267
20763
23505
41561
34156
32185
32483
27367
25673
39672
38039
26212
21155
22166
25144
36253
5688
24541
10009
15939
21710
35035
10196
22430
13956
46429
49993
2490
49453
2973
18279
39249
14542
42585
3427
2496
23151
535
32304
29848
7270
10511
13083
39645
46811
47547
30208
11580
45994
43011
1663
42704
34046
20714
48055
40565
13337
40720
37545
49133
24438
28225
39535
8645
48177
4504
33452
46557
48284
33578
29843
14335
16875
21417
33829
42001
30845
7242
21764
45271
37218
32068
5716
39149
31307
13916
28422
8477
42324
25912
43159
8724
17343
48897
3874
17126
35040
4937
23780
21124
36303
22649
39955
4407
7322
23339
732
46114
44593
43437
3846
17756
45152
35858
2198
6961
8490
11033
22410
47862
4069
5615
39115
27481
14441
1909
16062
40440
47954
19695
12153
38553
12419
43312
46072
20798
24902
22390
32926
13652
17529
45006
8911
21074
15413
45517
42408
11287
34499
32667
27837
30793
7
36079
26752
17830
14033
28552
15388
913
23836
40062
22465
23677
12974
4216
7609
5908
9417
38601
4354
31203
5683
39052
5207
46254
28160
9053
2703
48475
49711
21821
33535
4425
26113
29440
48736
48982
46561
27882
776
11446
48616
29366
20334
14185
5726
18729
10694
36890
18227
9907
383
5153
8696
42927
42142
11676
41755
3111
49594
10423
19193
23180
7853
10398
26846
8054
34945
29735
46364
31624
32939
22019
36924
21292
39808
8424
37714
26967
25819
11931
49641
40538
13655
1703
44129
19180
25009
18526
47925
29395
31983
14858
46692
43253
42501
39119
45349
10204
19850
4329
46759
15340
2748
32143
29805
12921
47894
29939
6575
13984
7735
6694
3729
10689
29282
25403
10584
45136
14208
3478
27019
48985
47889
40739
2009
21261
17256
6726
15180
34018
13907
44492
9200
29024
3251
36481
16106
39481
17973
8719
4898
34987
49558
38665
1157
45498
27760
6814
13102
14919
38944
24661
35170
43022
15759
42417
588
48890
32368
17417
35433
32108
21289
20825
43551
27586
44080
33542
26680
18429
3386
4615
8163
8369
49226
22860
748
29314
14562
35175
18951
25932
35629
39370
48178
40998
3992
27317
34193
21591
30446
32729
1293
44340
32935
47473
1510
19652
41327
17088
9076
18235
6001
13683
5883
11125
28041
4011
20932
39217
16093
1212
16308
10622
15051
38931
45636
45315
37551
42103
41540
41810
35216
49071
2514
15132
20092
14967
5858
5037
48188
44099
12317
29241
44752
36480
34338
41622
18201
16940
39455
25729
41531
18257
37509
16419
37672
3452
44179
24914
28668
45955
19935
27603
27926
19663
44881
15517
8075
14683
48542
7509
46472
37402
42740
36082
44699
3112
8467
42799
8779
26369
6543
28940
4817
32689
22532
41242
22235
11489
3663
7565
49570
1067
32427
40701
43237
930
31181
8948
45634
21383
9469
15660
20857
22938
21069
29745
15026
43952
31429
8816
22190
36007
41525
44960
6700
17985
22339
27620
38813
18495
15772
28638
41942
13397
41115
40674
2024
3131
35401
29557
17061
7926
13819
13863
11832
6264
6987
5902
46198
7727
46806
49528
14162
15924
41784
16092
48689
19993
43349
7800
45080
42626
451
11679
3027
21537
19981
7205
23782
34621
14092
3340
38563
28978
5595
18446
44452
45911
26065
19517
35719
12813
12901
11991
22695
38612
17620
1182
46279
29522
30328
24200
30022
30205
24440
46840
17743
34798
23084
42149
43689
31454
5297
27817
5553
43841
19557
7478
49796
17856
31596
28279
19055
37532
22778
28762
24972
42073
49896
37729
22531
26925
46151
17211
41647
27713
49563
32149
28579
20119
3384
9960
18373
13874
20651
41239
19476
2034
35192
16412
44290
2197
42125
39170
21079
37569
9029
14118
20347
35180
38842
28140
1107
3395
32848
4145
43682
49626
23682
39023
5397
11731
18556
4094
16284
33864
44388
20688
39835
32865
46829
36494
28633
8834
14850
37168
49062
10971
27893
22587
38431
22575
5348
12490
3100
34965
20774
23823
12072
25758
14421
8981
1671
46782
26969
48132
25160
39704
42087
35857
36050
36632
20964
18045
30932
14723
26443
42071
38875
20503
30417
13206
14700
30171
2022
13568
15540
23937
43971
27861
41230
39477
30540
30902
19027
18354
22318
18896
27101
1126
35111
29874
19086
43078
42831
465
5853
1316
27409
32610
16351
38149
29594
25276
41366
12547
31259
1818
1029
23162
25770
14969
43795
3035
42765
31449
20446
10852
49645
38078
13512
28524
9837
17296
32716
8885
22138
463
19799
20962
11002
37981
2066
16216
40934
36788
1527
26722
8183
8892
1801
20115
45298
29859
3937
32148
3979
24303
42978
44756
45476
13569
43247
9615
14135
13409
41754
30462
26855
18777
35232
9448
6793
19772
32578
36534
16621
22046
22174
31425
36725
48543
5532
5776
16552
17571
7365
9698
20863
3781
9755
10256
12077
35550
33186
35274
15997
26550
48569
29151
36987
37154
40362
34461
15633
20997
3734
43416
34883
30742
34514
25176
49107
37850
42994
2362
1601
47001
45940
14167
42084
45752
35139
32339
40982
18428
36633
26337
19128
29770
18374
47349
35276
23070
35030
15150
4529
26178
23010
20767
19414
33312
10691
34723
9473
19249
31574
27179
35428
2102
26775
20702
21841
33884
17550
28642
13382
29705
17413
22710
24443
41088
24623
25577
27608
26477
49280
29199
1446
966
46335
10187
38246
1845
5281
45680
44612
42300
4074
43102
45762
42706
7709
40343
46757
3155
27185
41503
15319
24033
43120
7100
13302
29305
8855
33062
499
20252
35312
36652
34294
29186
7406
17473
40355
28264
32425
45190
40131
35082
20618
1557
2194
25350
18135
15408
47861
36825
13477
13509
32294
15712
6313
21281
13004
23077
14843
20481
2270
13317
14658
18984
19306
22726
42703
18483
12182
1685
38731
10790
6439
27302
31419
46495
36885
43808
6831
49112
2613
19324
40750
28992
30025
11748
194
26575
32958
33774
48497
31206
10144
1540
10043
11973
43760
21763
46216
24926
15315
11551
47678
457
10426
45491
71
7206
36163
35705
10213
20943
48279
14111
23106
43506
11518
46493
5827
40256
34404
16144
33681
17797
31499
44967
31530
14890
38858
35365
3357
28767
39814
42420
31068
14740
38367
238
1296
12232
1805
22944
10864
47994
42539
7459
15827
34438
39966
36780
13142
739
30238
20214
10537
19991
29386
28688
14630
433
42768
16448
10086
23353
36324
27437
15281
6070
17758
624
3915
20217
40134
13450
8541
27146
38788
176
1247
5919
33212
33761
25431
12243
33213
18131
11752
46732
29743
4929
46902
34192
30906
38623
8229
6571
1250
35119
6362
41811
48707
12128
29107
48453
30337
15570
48461
38668
7476
4522
18215
8097
30524
316
39923
16995
6453
46941
9805
30781
5520
40324
15390
15645
44245
33865
9244
240
7645
38040
16194
20327
26647
25741
37579
49154
1734
42139
17579
35541
35075
14137
170
31799
8
21187
34021
19190
29507
44602
8859
26244
40657
14672
29657
39071
39500
37495
21550
44431
3456
11758
32644
22374
17689
5987
26301
14964
40775
47228
9388
4691
28196
18836
6901
21684
39460
17654
48678
2523
32224
48214
41788
3894
20494
42240
2020
33271
28022
12012
22547
20421
47825
48342
26087
30960
6181
44491
32172
44293
20520
34629
18167
42835
43721
29949
28757
33260
14054
48034
7706
33897
48799
14760
33067
47202
36835
35302
24530
136
6992
27151
20764
31504
22186
27810
34707
27171
45057
20954
2077
14580
38865
13
41101
48230
31830
31501
37866
35661
21848
20824
28865
11948
14961
35473
15169
48738
46633
20902
13887
29393
17578
43108
10635
7570
5266
36669
20197
25309
32481
41345
4881
47423
17846
18587
38824
48235
43417
12709
22724
31618
37755
6235
11235
29853
23860
42916
43260
6488
44949
48807
41693
46226
16595
31940
20051
1434
4595
4670
47422
22923
43285
44525
26149
5982
32550
29799
31085
47153
38626
5185
25743
24470
21312
11935
37073
22954
2525
44563
37058
35187
14189
4110
33630
47734
36058
46534
23883
8408
39590
21995
9933
4506
8979
30631
24471
12154
48715
35639
19548
36551
35037
17768
6801
1183
41060
46455
33877
35930
32648
6628
28298
13729
33984
37438
40251
45949
6834
40144
7041
16815
44255
46722
7491
34949
46850
14314
38595
1694
23442
6150
35006
47504
35724
41132
13553
38416
41568
42720
12589
29406
8861
39387
2133
42190
41706
46186
3982
48639
46623
25882
17163
9460
18814
39622
30089
28529
40990
23281
38633
49646
38491
33289
35736
12286
33479
23696
2048
2193
37166
25111
7679
8474
9153
47615
25783
19880
9638
5158
25978
49129
11206
6600
32548
9909
11816
3156
14774
47
24984
14713
11487
4168
41918
24310
711
32128
8178
47033
4589
4823
27914
40152
37258
43753
41895
15735
2364
39355
21971
23618
6498
25939
7956
43655
49658
14626
31367
43974
28624
29109
17168
33854
28512
46074
22314
41484
27072
27649
29905
1851
11783
35600
37513
40504
11269
47733
45841
9908
24606
18596
18995
48169
46469
23410
30387
12926
42572
30953
26825
37342
12955
40474
35891
31973
40386
17171
40223
23406
43878
8603
19080
29586
6173
4688
39333
27560
47197
20379
2516
7235
37018
28035
42935
49639
38446
48131
11549
27744
35904
20344
29295
30382
20690
1501
15221
47285
14831
5357
18762
33964
8802
13366
19604
14965
40941
35888
38512
44629
3341
8527
22227
34151
15668
31742
41339
45832
12750
38531
34763
10526
48614
5168
16934
42118
35770
10386
23915
33602
38262
20725
44329
5291
16370
37075
37799
34544
3279
39385
37505
8957
1711
47960
41894
38820
41401
4999
25582
36502
14564
5256
28770
5666
15965
41041
45950
40387
37213
11340
13872
9544
31393
9547
11992
30695
48180
8794
43362
16323
22516
47658
27730
42313
16492
48818
31787
46555
16454
14083
15861
49969
10650
24492
2144
20830
6052
40058
8545
36792
22434
26142
31651
45547
26637
28532
37051
8975
39530
4694
16790
49663
23048
2947
33229
6731
14949
15435
45897
7488
18387
23521
29427
23576
34575
37605
12614
11236
47340
9192
26801
39443
42917
39030
42233
8550
21649
36530
4487
25699
37785
28388
29732
40395
12315
33421
30219
45163
36611
39648
8086
21800
45883
21830
11773
48717
38886
19767
6433
49036
49337
10051
35039
26999
2074
49054
47552
26692
8160
48241
48906
32639
30718
22912
47774
10326
40843
36727
3103
6635
24009
32873
38855
21604
11778
13106
32809
32593
524
11086
46748
32044
46943
29111
31749
13455
28433
42904
20744
29474
47591
20226
12415
3595
9695
11334
5165
22158
27443
9403
36180
23940
31832
43745
13640
26470
26159
49809
23238
39707
32384
25635
9011
30159
42485
40746
4675
7778
2966
43171
8072
5466
13853
6612
32612
29759
30484
2900
27635
6581
41296
35908
20065
24839
7815
46553
44203
35058
27200
33738
29300
36537
48277
37997
48173
36997
24230
15024
43176
26710
46465
36508
14204
4662
9492
20575
31101
12085
35939
38505
24968
19024
30308
39705
43006
31561
15708
38345
18293
27530
11770
20381
3051
19352
27912
33179
5524
18562
3061
29063
24685
6703
17289
47031
6267
19970
49830
5231
42770
37537
44071
1094
4769
39685
18534
877
5661
38953
28953
21850
4640
47514
25561
10957
12685
13181
21675
15105
16363
40946
40783
45193
6218
46382
45854
5148
49027
8781
31375
37914
27983
37902
34690
17663
24949
13321
41010
60
17613
3858
4934
35918
30647
26217
31331
39580
13345
49631
14511
25590
6021
8611
31636
2946
13215
46931
18112
38780
47850
16837
13745
19232
47429
10920
6958
11270
15485
47793
35717
39744
16405
39807
27714
16612
19377
29541
20200
4441
13765
1072
34998
2906
8346
14745
29413
24120
18241
34641
49238
7789
31585
17206
46769
32688
44768
41740
24261
7819
24943
615
6243
3607
32625
41821
16255
5804
746
7104
10701
14370
34169
40454
29231
37341
28678
6003
15148
4754
9114
36320
18233
27029
19010
13780
7618
47874
29281
32818
47597
8308
36944
33750
202
6888
15631
13148
3059
44875
27235
27954
10690
34017
16374
31497
25528
1432
8824
4447
46272
7925
25617
44376
19493
10754
41741
45262
21802
48252
21486
4872
13109
38833
34721
767
32025
34337
39989
33279
46260
34958
37884
6695
8994
26196
44295
34218
43464
22751
37742
1236
19399
26612
6450
4131
42059
2299
24595
22748
46767
29577
25341
26169
25105
4279
24441
9438
9139
45469
34254
31871
24024
27468
24074
697
24459
35788
9721
5156
20966
33736
14755
26882
39938
43061
26242
46129
32768
38884
16043
19290
5914
6818
1078
40205
32870
27612
23278
2257
23430
6640
15354
26885
36876
49999
37824
28377
34466
19807
38467
32940
37170
19876
38834
33890
13909
18800
12853
6260
24135
28
39239
47657
2930
17540
39762
38797
29148
42908
4816
10292
23831
34646
33951
28928
14014
18810
43483
34961
48914
29832
8099
39136
49898
17034
22539
17706
43876
3611
4750
16116
324
33975
13022
19098
42970
9173
16684
8101
9355
4603
41074
22437
26561
21957
19109
48863
12129
46221
1008
39720
9832
14428
8793
5769
45821
35272
12568
44645
15082
31205
36869
4628
27939
30063
8468
39790
42185
14750
27968
16551
27230
25312
21497
27363
9687
45187
21393
5080
9148
40027
17617
14620
37762
36553
42359
49895
33450
25091
40780
25652
13636
4123
10664
46024
7472
49330
49464
28994
25209
4138
8836
22808
31922
32058
460
39144
34490
675
652
14929
514
11498
24951
11274
30615
8102
18255
38583
30882
44728
325
15071
26928
36925
9756
3107
21783
20335
8625
20613
10649
13768
42459
1464
9101
31120
14443
38374
20833
6564
17235
43919
42418
39870
15119
38946
15478
2224
22781
40682
9984
28606
47390
12842
33342
47633
20235
32290
15349
20601
18453
39740
32389
25060
29172
34951
15235
44091
38295
15271
36378
35130
1808
49175
23861
6425
38739
29893
47060
20263
7353
45569
25732
23368
41276
18360
12417
34022
29441
48584
35004
24236
8089
27078
45772
25050
22559
21182
2536
45635
40986
13578
48646
47709
38823
20691
15756
44327
13096
12141
6826
36084
3439
13161
10530
16400
1112
49310
35106
15702
44147
6272
48022
34213
35163
10636
42623
11404
48278
33236
21265
14514
5017
4652
14163
35682
16610
581
1477
49292
17231
8336
33462
12471
13080
26626
32740
1161
24830
13184
44168
10161
20230
45804
23500
36484
17805
14918
26757
33527
35045
40768
45758
49823
32614
23234
43750
1153
37874
28427
2518
21592
6763
11289
8378
36549
41127
28569
11264
1385
46761
41241
32766
43481
12537
7547
31110
9915
28504
29212
31674
16691
46156
17253
35167
21776
30359
16457
25981
182
40575
7191
34679
47472
8715
14532
25752
39661
19229
48303
17182
282
20420
23533
23804
27756
36808
31897
10175
21426
18681
11711
36605
21924
31319
8683
12895
171
12078
19914
35964
13205
25622
46779
12311
31661
25360
21031
34197
38518
7566
26716
13208
33150
20795
17087
39033
32914
25469
9813
16193
3907
4990
5680
49934
38984
30918
15355
4451
16526
8828
7675
9537
20945
43364
10431
13052
16758
7216
28039
3198
30178
34835
27619
40606
17786
37157
12600
27829
25802
12189
8447
34301
18876
17946
3389
23252
9768
32228
28802
10254
45289
45928
12255
5278
1431
18141
1474
15184
29531
21305
26714
14401
32974
40785
28036
26553
35000
29167
24423
3922
33904
3179
32284
36912
11781
26888
2087
32195
10693
35474
46387
46613
6989
4565
18618
49375
38162
32915
10415
19371
49976
23355
15758
529
15966
4459
8961
19808
30862
27557
12096
18308
10074
24713
3099
29001
7360
8184
6561
19300
37929
29097
32112
8829
1194
7944
47606
42877
29691
23781
12857
18548
2409
27849
49134
18449
17717
6402
2100
6699
17060
6956
8875
12328
47361
1135
9689
26690
23098
6986
173
29342
48774
47722
46718
14639
33084
1279
19492
7482
6709
45147
6947
26578
21608
13053
33460
26867
7226
29700
29106
47752
33626
41620
37782
13938
4741
10251
33129
13881
19564
26321
37156
45232
40092
23224
26371
1489
48402
43299
41232
38293
38265
19530
39129
25301
40298
33106
19842
22745
11137
36217
29809
27742
88
7468
20748
37211
13694
3590
25109
15889
28449
48666
32486
45223
23330
18290
7988
7744
29095
26022
37344
11757
19750
40191
25527
34458
27994
3700
28069
49341
45451
20433
12238
14696
44916
22684
4863
22075
44273
34105
16713
32189
42323
45096
47425
22630
30807
13286
41263
29078
27525
12654
4828
34819
22606
32052
32383
43653
19633
26216
13575
38187
24705
49338
10328
33900
32318
34623
40706
15240
14938
38157
18213
18122
35803
23501
7033
25264
10449
40451
15404
23967
40458
28221
1323
45003
44462
19376
20698
18266
22051
15786
31652
2653
28584
26415
41227
10432
1320
16803
29159
14777
45787
3520
37925
18270
1179
39893
33525
14873
6128
16340
33257
10470
30517
33752
38230
21794
29205
21118
4044
48251
19979
32566
40690
43810
48176
18076
33101
28522
30780
12505
23592
18900
36334
17287
4418
44740
30888
16182
23492
4208
35425
46352
6458
48559
19044
8225
21778
6388
45058
17570
37867
25826
1555
38964
7024
39053
16839
18231
28447
47438
42886
20866
14688
45791
12235
38358
41458
30226
29335
17131
15823
7597
148
36742
28277
30302
1989
42216
17322
30550
39512
21747
153
32180
41590
4853
27102
49672
26279
19164
45790
41852
36802
20330
45899
9036
3645
44980
15893
14353
39274
729
1822
5472
25065
26746
48165
5425
34228
3353
37933
29644
17487
18081
2626
37428
35827
24180
5820
6220
4737
12408
22466
32229
16779
26387
47241
46860
46922
29621
9028
15091
47757
4973
11064
16201
11661
34869
5860
8024
34827
12561
31972
14880
38479
41310
6280
34531
48831
47353
31410
20869
8192
1426
39849
23420
47394
17643
29432
6259
30927
21422
3733
44166
37915
31841
34527
47458
15327
10648
5194
20366
8930
8002
17558
24491
24836
35767
21882
39148
11048
17037
47357
27118
14160
49331
5893
41180
43001
13982
38392
16392
49058
29536
17200
40108
939
35727
16766
26368
25746
2117
36377
3782
15963
45299
38911
25921
19839
14832
3540
11612
19241
12597
45860
49576
4017
13700
33537
21556
41174
44922
23974
1277
32008
3153
36561
49927
28765
8218
4665
5687
14101
17401
29697
8800
1803
31493
26802
10225
959
6316
1536
24961
25736
41311
11080
3612
48232
38112
11701
41282
9973
22996
20261
31932
16137
14869
20089
27112
49671
41640
43451
42282
9416
36510
8657
35133
9309
30332
10005
11199
34285
27953
19778
20704
28829
4951
2916
39458
13692
16980
37196
39711
34807
29838
13839
33629
34339
28435
17960
44671
461
9267
22161
20178
38658
4095
19121
25201
23473
33691
42258
36591
49605
16559
13391
12548
4579
31228
13792
12676
49177
31572
480
18150
22690
24308
22188
16710
28240
27407
9776
9789
10904
7809
45648
15339
34678
15444
637
30986
34232
5789
15208
5303
24253
15971
34343
39270
41794
15853
29074
20636
21314
2225
14690
37811
23590
40094
23200
39786
37546
3837
32663
30468
19641
43259
37295
35875
9535
23649
47146
32071
2557
9779
37907
1596
23277
44430
1011
46313
4167
105
37593
39125
16936
10489
45889
11107
1739
49301
38586
35414
26735
46697
9491
23144
13194
8874
4164
41676
1919
46550
49247
44261
34340
17840
37875
27765
23954
47784
7409
41002
15586
26744
16661
43873
17355
3238
31690
48045
30269
14702
46872
28613
1611
20429
14720
44906
26004
3158
39730
46234
41137
496
20791
24636
46705
22506
39269
36715
44501
32493
19457
25
45172
27852
22301
23297
45427
15867
40599
40036
12231
11892
37764
17403
21612
31634
14825
41468
18438
29606
33338
37905
22435
49412
49966
28164
6784
39993
19696
21741
3375
32392
36386
20895
26057
3199
39493
36283
9299
15908
36171
8173
896
6921
29633
22102
7085
22987
21078
49170
46579
46268
21726
34936
18012
14956
18926
38104
2756
5728
38899
8988
44439
13470
49114
43824
38967
19540
4558
39017
4970
22267
31003
21055
33118
29768
47268
49140
4761
36612
10895
9916
39248
23159
30158
43032
1810
11967
8385
33534
42949
14299
48441
35244
45992
11895
828
19402
27008
27665
19400
10800
26772
35998
33852
18522
13682
6689
35795
12393
46869
37774
11956
25268
47261
27092
39886
23204
35158
38889
32028
23366
34381
34422
3827
34426
47481
17192
36073
5826
308
141
10088
43547
47239
9043
22590
19419
15391
15928
7929
12596
8674
29221
7520
18816
36996
16973
30883
9662
29647
42307
28814
33411
27720
36921
21890
36690
33940
8112
44696
35756
3732
23730
18404
29955
24348
40024
29047
14350
1861
4464
36682
12983
41645
21149
13818
31551
35224
7705
23087
20523
18664
9745
16718
36654
20504
22656
4299
29463
41079
6997
34258
11348
4892
30243
10301
3383
37769
40185
34290
48346
16922
27245
3833
7170
46086
27323
41217
23898
17608
11526
10277
27870
31834
2787
15432
46347
36177
23955
37512
49271
47135
32196
6853
34677
36162
1449
48573
29333
5247
25124
19507
33978
42356
48292
8777
27067
31257
2457
4263
48780
8870
49213
19845
23560
2673
3139
35062
8704
13280
16203
12420
21027
2032
21546
5384
12028
29403
8849
49002
44976
10667
30664
41177
7458
4197
15787
18573
38008
1889
13018
3638
1201
21670
44620
28868
24960
21196
16692
43100
18794
16471
10136
43743
37061
39330
14071
44138
14643
40187
34804
42039
13576
14840
28411
49843
24178
1454
34532
12662
25269
5157
19286
40275
20826
29146
46960
13138
38204
28786
49061
11054
4998
27248
32605
29537
36858
48881
44901
27858
30394
12563
31567
3067
4177
3632
4668
40518
33593
9610
3551
2701
18315
8206
23581
34890
34826
10146
45726
27493
16624
29228
18456
12383
10562
1235
2477
45456
1223
18634
7848
26932
2092
37417
8624
7209
5643
30649
7568
45414
1066
5280
16362
684
31170
40208
11918
25701
43848
6034
25454
28974
44889
49288
36170
40322
24860
44656
34511
37110
42767
21223
12759
46577
46507
2187
40889
29329
38807
15259
3868
14290
40349
28979
7719
35009
11298
38724
5577
20400
11433
45753
29206
3244
45135
10104
41451
29953
30485
43628
39717
22644
33291
24102
26953
4377
19291
12466
41004
47573
30529
18972
23016
31847
36933
43610
41673
34854
6864
22823
36157
47982
42195
42374
10758
25547
8345
48102
47844
23058
22225
7193
3247
45882
33883
47564
19868
20920
22251
41146
13235
25605
21193
1526
13617
15778
19636
10657
29779
10600
38369
20750
7506
44999
34068
31046
33556
42976
2804
3292
43718
32438
9570
34589
6177
18914
28886
41865
28871
21086
46115
4468
18010
4397
399
46702
30128
44796
46926
47831
25033
48561
20262
43070
39322
29772
42259
3944
23219
26788
49270
43182
26791
27462
33533
39339
18166
23897
22600
9098
13720
41876
11927
1790
2189
49689
43439
5614
31234
492
36024
21416
17931
27622
19408
7857
23901
44706
42794
33467
24450
31366
43861
8758
6088
6170
40883
2744
22093
4469
47250
35721
28709
408
9191
20944
48855
15409
45534
16146
3614
8243
21915
37758
42041
21898
42941
37140
44839
3559
36123
34995
39624
27920
47161
43367
45473
21090
47859
17348
42642
376
46505
20080
7336
20789
20218
46888
44580
42229
14026
19743
22300
26678
14856
25423
47804
37278
23771
10285
47908
29457
20464
13291
17771
46998
6634
2910
18494
3593
25938
46303
40876
49670
18311
10567
5282
9428
45145
14462
22652
235
22716
7306
20282
46263
46046
5735
6055
48108
16581
27927
31352
45976
14668
20965
19468
29783
37894
34749
15630
24980
15734
47669
22291
16167
5363
8734
11044
12904
21220
38254
3888
28105
33379
41117
14226
8856
30571
43780
20274
46153
48142
25192
1060
42476
18917
9108
47743
12860
21147
1363
10757
8543
6302
42853
46791
2132
29179
11507
14887
39652
35522
19703
35551
12768
1405
42032
20215
23334
42672
30569
31817
6754
40380
30982
28828
3925
8735
17884
25062
1427
36911
47249
41428
24853
400
13746
31555
6525
12241
26650
13604
13062
30141
5206
24886
12540
49828
22812
43074
27258
39969
5822
42546
26127
41378
14508
10666
31810
15897
469
18269
7370
48913
40199
20876
33894
28023
34695
49491
45477
24703
5921
23748
11536
38460
2071
8675
33160
5737
6788
19219
39537
18261
36487
29320
6926
30533
13623
46038
24975
20368
11932
48656
20604
34102
8971
11746
15819
2049
46594
4693
3274
41187
31654
12111
2288
30726
45801
28670
37607
13965
8886
27164
6937
25554
38082
13615
28800
34173
40313
20020
11909
20395
18970
17927
20850
15999
3569
3053
20430
26858
30989
29135
39809
28091
21256
574
35358
13653
28517
21
23435
29998
18119
47936
16479
44794
18904
48706
9032
12580
28815
9158
29917
35628
2552
33068
22853
35981
19054
2907
32070
20104
33863
8928
7578
30223
46530
3751
47039
46515
12361
34765
20972
16745
11024
14340
36672
35314
98
39260
25600
49959
9642
38111
8835
14037
35893
38303
18094
35945
26162
17104
49494
15875
48374
12868
34251
26211
33349
11813
42588
15543
2854
4435
47083
17690
38821
14207
47581
40965
6599
14937
951
40396
29051
39473
31804
19754
12018
36598
14604
36064
40801
29727
40465
41867
17332
4476
37489
21877
18537
15179
17431
3286
47113
35239
6421
20699
27751
4778
47052
19498
11225
42469
14138
13158
18855
13889
20773
3181
17809
38287
28168
15498
31406
6288
21490
10083
14065
44410
24108
32770
41922
3433
46524
47369
35101
23947
41397
15572
13635
14254
2611
9730
6845
26328
35382
16453
28742
24672
41633
22673
36055
43723
17099
1274
10033
28376
1230
20737
5953
27725
44931
48921
17165
20355
19253
23546
20603
23675
46255
1575
25393
46383
22016
49897
37358
29839
11747
18324
44910
13840
1020
8153
38209
48408
3646
241
2165
5915
14495
29749
34070
22535
26958
15374
44463
8271
3108
31475
39043
26803
38854
42109
11122
27776
23164
49283
19879
36936
40584
25456
5706
48973
18103
7282
34597
4393
43012
28641
5799
24115
46868
29980
7779
41829
16430
45732
44945
5525
24953
24601
34929
40548
42072
31242
14329
8530
7775
25804
37645
42654
25754
20586
38056
16669
9381
23302
44342
35050
47201
17671
7388
7660
8021
40278
12769
15611
41336
49611
42426
14196
9929
42924
26060
39013
25243
8359
44386
45954
32957
11061
5629
31004
40860
39587
19395
38670
21073
31411
48521
13203
13339
41264
25263
41072
5780
35441
322
44194
17134
11115
39525
40246
8977
46587
6300
24324
418
13935
9976
42839
26646
24871
33071
10656
12593
9686
11032
48217
49870
33803
5358
4968
3387
45822
38819
30211
40995
24664
22588
8884
28687
130
15825
36091
4527
45131
45435
41068
17112
3648
1594
5756
26476
29878
41549
18388
41202
2861
6499
12758
5994
12934
47665
21852
12247
46506
17614
15518
12430
20978
38439
48362
991
12428
19046
39728
40145
28509
3754
7239
21072
1068
29469
8986
24559
12324
25376
14268
29778
20800
22898
42910
48465
49419
23465
49013
7093
38175
37585
43394
46898
1382
49627
42049
30161
26778
25692
48688
46746
49840
19511
15407
28804
43717
43947
5026
26808
18082
4594
10926
12022
10034
10289
44300
48626
35453
31051
14168
41290
16657
30006
29145
16213
2502
40488
31218
11588
48610
42874
43649
38812
7749
14271
25663
19012
48048
22133
45040
5460
16085
2073
33243
43167
26565
18957
36514
1105
47412
19040
36400
22551
29274
29601
13175
20293
38475
49125
11823
49145
21945
34083
36907
22120
30601
4484
22804
24640
36859
37656
4674
8430
14931
3495
20956
11423
32106
38494
40856
5712
3498
30522
17490
30136
6343
15012
23021
26522
23972
43466
47215
40940
37062
1893
18113
6673
39474
17222
4395
26146
109
37989
22171
23172
35023
23226
4943
20577
35184
38046
48581
38846
37153
45422
40590
27696
15723
35831
35471
40591
4632
38709
33327
19571
15019
16623
38734
18885
13678
34319
48352
28028
38915
1990
43972
40130
36778
3828
28046
20426
23595
99
42202
6199
37805
22739
4212
7764
24409
18851
39245
37017
22084
93
17682
33564
20970
24170
40141
29576
34468
40952
41076
25708
34758
31762
24334
27306
36585
7590
31213
48025
18875
13451
36439
2793
32258
40299
32139
35418
25390
39963
14455
16136
45014
20534
40129
21615
41238
7589
45670
17449
527
26394
6277
8548
31328
34864
9394
47131
7642
14472
15829
27062
34303
32197
44489
44746
30911
19169
11990
27099
24269
45483
32834
6248
9917
9875
25047
27125
33565
40672
7234
17611
34656
4251
15249
9210
8630
48586
4363
18078
17157
11776
47625
3566
13722
18701
13574
16919
43055
19117
41985
45462
18735
38102
24388
43558
22509
16451
27867
17301
20114
464
10224
41835
39145
3166
35853
17683
36447
3689
12595
44893
32902
45256
14671
29112
11366
43039
25775
19853
34894
18697
43113
37616
29914
40022
23201
41602
17252
20836
48528
31934
33111
18496
19888
21897
5717
49063
3275
36604
14332
21424
24270
26015
45528
33157
11713
45975
26074
15926
29592
16082
36801
44903
35993
49469
14195
41825
31204
26493
2833
31002
21978
35592
12530
36578
33303
25211
47235
47392
35759
19762
43198
19482
49149
11461
16436
49127
16903
42138
16480
18646
31758
1361
22715
45195
10883
10959
49060
23502
25422
17711
25317
7487
32645
33651
37603
46675
46285
26520
17202
7838
15852
36817
44348
17111
13084
44292
41742
49100
35426
36052
35523
22181
16039
13160
31995
36496
6171
38335
49448
28382
47012
19801
27354
15124
9202
23315
27208
23795
5779
11795
40456
8269
43934
40455
22686
2231
45182
41321
22651
2985
2456
27383
41258
13193
25342
17795
25902
43867
27773
4140
31124
49924
39877
8703
30938
37898
25240
32375
11240
38569
11621
26033
13448
14020
7334
37404
16032
13123
48872
40158
35690
47730
46677
5572
36731
22646
17263
30291
33698
7383
35514
34760
33737
20459
37275
5417
38069
5786
19642
27521
21836
12661
26026
868
45446
35970
48613
7232
15753
9233
28971
35876
2086
857
26293
17685
15816
11037
2596
21033
21184
18893
31489
8604
11942
9289
41534
22696
34536
47047
21267
45937
44698
48363
23477
34170
33813
35664
19895
3840
24370
25998
45478
37647
25070
45078
9767
30508
37663
26031
28901
1729
48426
19091
41777
30762
7109
6325
6463
19595
12881
26027
9786
20942
38699
26704
44641
41870
1164
12509
42938
16059
2030
18051
23715
25539
27410
21413
39445
7504
17921
21065
17241
13430
5142
18452
23710
23798
2047
31231
15039
38926
34334
49516
37272
41118
29823
39240
2706
21900
45151
48127
16456
11215
36325
33589
36034
48015
25941
21521
22911
27010
22497
21527
20203
30915
9518
7227
46985
1895
5196
25368
6963
3775
31080
14595
12474
20172
43236
905
32797
23610
16644
21540
35065
10049
24173
6065
7997
49790
33034
17695
21373
13016
14602
42920
27911
13930
21169
43624
42611
7834
23607
49244
17899
6940
46091
35042
39225
10476
4150
28355
18648
27175
3681
13218
12172
37243
41936
10373
22034
47818
49085
43344
44222
6379
38129
45458
49644
39729
48190
42444
39635
36834
44298
26549
42126
33866
29328
10041
3323
11635
30705
17273
11826
36721
18525
11041
21259
29140
21420
27877
36200
43938
33223
13261
39689
1048
5252
26250
40622
19749
23179
11195
46077
24618
40218
781
31054
12531
40781
33140
31009
10616
33722
14566
35364
31180
4073
36845
7082
42903
28062
39265
21988
4521
41843
21893
39146
28085
38606
8127
12672
1929
47782
1966
20000
10743
41849
25615
35462
111
2631
2747
32649
21085
38576
11704
11442
10192
7097
28527
15945
30028
1198
7066
11317
35946
2336
34560
1111
12899
41269
40061
40984
4854
46562
4386
30435
11194
1986
32024
42673
29003
32092
10235
45431
6815
47501
15133
2366
43308
19671
27239
1933
28644
1580
22589
45007
25402
15726
26524
47652
36333
20127
557
17374
11568
1925
21458
15056
44717
5790
47729
6915
20196
6278
22324
42481
35674
35919
47000
56
11368
9523
12302
43541
30093
43961
16281
8721
21144
33366
30541
11930
4815
24561
19602
17696
21239
23893
31968
13154
29558
38704
35588
14770
15729
30773
42964
13854
27653
38526
30812
17715
45582
28259
11808
47828
38332
31763
37412
39656
46843
7071
7650
20585
15363
23639
43094
27358
5957
27017
25482
7896
44595
26815
25130
20359
26085
37583
1787
23253
40502
29967
35738
20236
26535
40730
22733
38055
47303
8841
6126
16656
20376
10098
16627
24988
3234
24955
92
45352
28089
12800
9528
44646
7760
31981
40734
3438
20752
47505
36891
9893
4630
33867
34829
29850
12900
20332
3760
28919
1609
44288
42464
34263
33145
23763
25098
31310
12355
9455
13931
1054
209
47138
13689
48175
40210
46741
18787
36927
3830
45907
34492
37184
34124
13054
8952
37741
20694
39597
49353
9798
11903
42430
23262
40229
19388
27985
30687
13810
18019
49739
24041
4358
27615
4172
38383
5920
27174
13915
21402
25964
7481
18004
30229
48732
6544
45402
2262
13356
45558
7623
5000
31977
10886
15589
20176
19606
20328
26282
16951
1444
43542
4113
30023
9208
12031
21786
20194
37174
12194
36786
40902
18774
22639
7150
7641
39208
18003
32030
31028
34227
44755
11929
14112
47917
5083
2067
30849
10884
46095
7195
46929
4572
37958
2594
12727
19953
24300
32861
36331
9647
36060
3483
11616
37036
38331
34759
36113
22603
25548
38809
43702
42809
3845
38671
19214
17096
15913
31708
22155
45737
34448
47717
40579
20734
36227
40552
3263
43350
16762
39600
2344
44559
24999
30608
47824
28728
26463
43822
22585
2621
47258
25134
27297
9627
12628
35900
39902
8873
8626
26431
17943
25324
36640
28507
21391
31141
13001
41038
37922
34084
29459
44060
40832
9775
22192
191
39015
39077
11792
37823
19149
29448
44361
33555
18178
7671
1867
28367
15464
32815
28346
43291
12897
24720
20406
3927
2149
18771
5634
19672
13611
30757
37648
4367
29616
26895
28508
1327
35847
20861
48716
20499
42963
26976
40704
24211
30167
45581
16390
2339
6240
21455
49859
27160
522
17903
9180
36663
14585
43380
35797
34810
14899
41958
13044
2851
7241
36319
31717
29963
46447
1232
134
16497
45697
25066
43401
14824
25515
9168
16534
8053
7369
5321
16199
23161
975
26660
18101
13438
48334
42288
7230
20874
22971
10280
8450
4672
10555
20482
29018
23570
33644
48514
38116
47101
48842
4756
9155
5928
10368
47760
34235
40862
43459
36527
40348
29698
29290
27460
14936
4020
32646
33200
42024
38870
16677
39680
32123
667
49467
37329
1050
4285
31623
45624
31702
33676
17072
18535
9939
7904
18272
1012
29476
11152
21558
39153
25162
48097
31844
23199
11410
44892
24169
21044
37552
13393
21143
27505
11530
17070
27288
26489
24036
36882
10912
31240
45505
41377
12980
41804
18341
6399
40764
36307
44226
45171
16648
5221
22952
37138
36338
37068
13166
29358
39594
8046
15960
28211
29196
21258
38651
49745
49880
42155
44803
44972
49970
40480
6707
21327
34608
19474
6210
37052
13323
30528
49785
30775
43807
34253
13135
33109
40117
12987
29555
37517
32351
12793
16049
4814
2264
49421
3294
42700
42944
2028
21570
28481
10617
15398
47701
7240
33907
24981
25248
27406
13758
25183
44721
42225
23264
48357
47692
23993
6693
1702
5081
25228
21368
38768
4963
40331
20130
4396
29467
30086
45868
12346
34616
21921
47450
45479
16083
8126
35762
10288
23365
3485
18089
42416
42362
915
1621
14194
13265
34970
24104
28254
1999
15584
37770
49207
24783
17787
27992
42535
22882
41973
43046
34382
10818
4507
1568
17286
525
43797
5235
19614
48391
36497
2365
37760
35055
39037
10148
10658
36090
2296
7855
26193
14751
8108
4784
16928
1332
7122
27304
32153
38087
35966
14897
26412
44133
40025
27697
17425
4643
10480
237
540
18948
9633
22550
9406
27375
24035
43988
26413
43642
21873
4910
16908
42278
9582
39100
45074
38888
24247
40725
3714
30275
40627
19656
38349
44360
15590
21862
31118
3650
48776
48268
38210
10111
2376
6889
29787
38540
11462
2418
4342
20671
5886
16787
16873
10960
1465
34144
47518
4121
40616
23205
13498
6780
33361
16312
41116
23062
23246
34994
25583
39231
28695
40450
18864
48271
49569
16583
39936
12786
6589
15694
24554
38644
12119
20213
14670
29539
8434
38840
10710
2616
14246
36772
13644
44002
9851
27651
41027
5044
22184
13371
33358
32893
42603
29579
15523
26126
2128
49452
10713
10339
48141
39887
30053
41214
40636
33583
30091
10400
42755
16080
14613
27360
32826
27784
7875
1015
2256
15288
40555
9897
12118
19706
44974
14954
15601
25371
23115
44815
27699
44459
28703
5361
32600
35081
39621
41200
34493
35854
47660
30506
38167
37738
45564
10387
4878
24883
25969
19039
46322
44527
13696
34919
22130
46104
5131
7399
10634
20346
12761
6513
39341
43845
28648
8830
25088
41419
21913
16019
5501
20136
4143
42308
23712
42219
17606
28184
47352
15007
40360
779
41746
29934
38379
33687
21949
5227
21559
45085
48457
37464
5050
27767
2473
19898
31961
11953
32119
22418
3310
24755
37078
39312
24815
26317
6538
2650
37254
13747
30801
33275
49147
6320
30916
15191
35978
42176
43258
41272
32555
5891
22764
44218
41763
49267
44772
7263
1747
17326
44214
23359
10087
3716
20286
36547
11963
1864
29991
42101
33316
12603
12679
30222
49045
36818
4542
49667
10976
32485
7656
20990
1834
14816
5376
49664
26356
23553
49712
28352
36246
1652
25021
27340
17044
34473
23857
39082
44314
25107
10460
40420
49332
7081
39041
9504
33571
36219
25871
2632
28836
13699
30957
47643
9292
38618
24205
3214
32407
22919
26440
5087
23346
35067
26240
33808
90
25041
8588
48010
29662
6024
1786
17500
20023
26453
46100
5945
3679
43430
5115
20253
44359
4686
37349
21358
18183
15533
14506
34822
2721
10267
40363
6552
30463
384
24861
29422
12788
28228
22806
49717
35123
28732
18521
6284
12248
41613
14811
23316
44811
12722
9678
42552
27063
16330
34136
13489
21980
7373
41179
14886
30914
4408
6093
32269
39107
26375
40378
6250
7511
18381
43223
12137
45412
23668
15177
4901
17150
49751
33134
22556
9760
7207
45066
43168
23351
12081
8772
25546
22273
10984
3680
7340
24976
11055
6351
19871
5931
4275
43752
24208
39964
1366
35606
40924
20321
34341
24686
39950
19077
47682
31479
7367
37864
9290
16958
33612
30385
22354
46880
17734
15136
16055
6026
20742
45216
262
25409
11479
1549
3743
10210
13066
29239
45530
49779
9780
17016
9086
21633
5036
29122
33805
41655
38425
4
36677
4423
8517
1473
28172
34918
34626
33245
13056
12749
2319
49312
22035
45112
16712
8493
11933
28677
26707
5253
38815
25304
21097
40384
23318
10823
43913
38434
45415
8176
24345
45444
7981
21845
35716
31098
49286
36724
39400
30949
49838
40477
19744
14330
22277
35568
13875
38418
25846
47946
39579
356
11427
20277
42892
4864
11018
5862
19166
14866
3124
14946
43606
9770
16009
10200
20025
48992
7008
37090
34673
34842
8544
20574
21270
28049
44216
8177
49911
44204
248
19920
49362
6504
25595
11202
15907
36450
37765
12233
44279
13000
35941
35323
14974
33447
48974
2223
36863
17974
46172
14948
39169
48243
26507
31334
42203
771
18398
30796
3790
17430
32403
43049
25197
29388
41446
36311
33509
12906
48941
36991
40154
14552
33181
42595
47080
23462
15505
20454
26640
8883
24655
24607
5652
16206
32661
12886
26432
19100
2417
8120
44494
6075
12461
47645
21434
40265
14158
44775
45126
39123
38537
27574
47780
13293
37103
38066
14282
43326
1244
47497
47719
47295
46195
43363
37623
12649
2840
39904
24738
42675
3598
28071
26291
41901
49278
2928
26355
8140
36943
19531
18219
14793
35676
35910
37387
4458
30182
48929
21648
36259
32864
17691
10315
42960
5836
21226
40966
15884
3410
35064
46486
42826
10973
46207
16123
9927
15511
25576
16274
23908
13431
48560
7559
25853
14425
19969
37253
47512
45679
4268
30457
5589
7438
48074
49721
22962
26249
45991
30149
26308
7019
7030
1792
26081
49901
43625
34548
48115
19643
5462
11229
46467
21268
36218
40749
3091
9199
13211
48742
46630
4392
22159
31159
6044
37681
18931
13645
8172
12817
48529
2589
2141
31462
48017
48244
42471
5126
21881
43019
14802
4890
46501
10327
48832
27016
39122
14528
19794
43761
12690
39359
218
4009
27827
31739
11153
1286
13268
14172
24000
37908
14223
43804
29851
22370
3980
49862
33621
10733
20404
18401
30378
27993
25307
7991
40113
44884
12398
11450
21014
25757
21338
3293
23053
39610
20887
25451
12559
15403
43678
30139
39087
7159
23900
36575
45601
19442
19487
5934
47084
28602
7309
5286
4582
27464
38136
9978
33355
33653
9704
21379
18756
6883
45371
1982
38903
14288
49415
24001
43862
15794
48335
4677
30031
16192
18000
32738
20287
28908
23545
38534
17359
1077
39737
46937
8451
14379
32533
41944
31807
27124
29013
35321
35288
23051
39501
3712
21109
47210
31330
961
37706
33075
48541
41537
19607
48523
35915
13701
26866
773
12386
47399
25581
12277
26056
23322
43406
34378
34180
2029
42784
5511
10485
45592
3021
48783
9164
45411
49595
15765
13131
19669
40737
1453
7323
14746
14132
36899
25135
34420
43289
49369
22000
29133
49536
21287
43139
4518
34713
47914
38257
48995
47471
193
37586
8171
2752
12915
41917
13599
34167
7439
612
13669
9725
29692
26395
3241
1622
25150
20483
3404
27986
16679
43270
47503
8094
30612
608
28152
46101
24065
13983
14173
34342
42599
19713
20684
13572
14971
23396
47035
32299
38960
41369
21201
10558
11327
41802
12854
12320
32218
33730
12287
41929
33473
40721
47383
22400
35962
11853
6324
8693
31239
35681
28958
48567
41556
43842
13432
13706
41858
2131
16781
18828
27532
30371
40967
29879
44055
10106
34441
30842
26756
32771
31517
12098
38477
16505
13842
48794
20549
49135
10401
23235
30546
34127
46512
18162
11257
27738
45572
37479
33120
35205
40615
24374
24958
49831
19819
11812
595
29520
8710
21677
6211
935
40637
25004
32791
40777
5385
13216
27972
39487
3999
18075
8295
44141
37242
450
15289
33570
6459
31350
19351
48464
1975
34222
39948
35188
13104
28545
24934
3418
25513
5935
48040
20938
45981
46720
22238
19173
9688
5922
32913
21723
35380
42474
24991
44074
19912
33580
36668
6662
36706
35002
28806
6659
28525
49987
27771
29174
16227
16921
22503
47773
30633
7582
36889
4499
18343
30696
41520
48479
15977
3219
34745
42080
35336
19302
34416
1600
5232
33123
43887
30137
31402
28193
819
42855
12225
9480
25235
32949
8629
6354
42397
18832
24680
4891
24878
22234
1824
23634
7553
26475
20018
15025
1168
49744
49638
40508
5900
32470
32565
15993
342
7496
10549
26973
2172
27937
19784
4749
2312
22920
37149
13479
26724
33018
46500
30046
30717
37757
11838
26347
21958
3581
4097
40871
39032
26067
41585
16010
35596
21293
8504
28270
5401
40443
15954
43588
21708
49939
12200
15057
30287
48487
35971
41815
40979
49613
48153
38134
7863
4752
42705
43763
22561
26688
45036
20090
44131
41053
19390
17290
48719
17519
10079
14482
38388
49493
13790
19186
35199
34060
27835
6501
22167
32880
2993
6558
15083
42578
31466
21205
969
28000
3492
40267
24781
35663
27716
48174
41939
20219
42537
42124
9317
42709
40908
518
1378
6595
37123
15613
31514
30012
25753
7379
26086
28361
31578
12695
14863
30334
3629
49008
14539
6373
44617
45162
43125
11472
13751
16867
30921
16372
3168
17391
29100
13867
5204
3842
15447
36770
14665
35712
796
20682
13588
12574
23628
43615
43016
37685
11411
17713
39088
16898
7442
6843
48622
6789
39509
11209
34433
19634
4834
49108
6684
29600
28921
13350
1085
24050
32278
44049
9236
33979
18068
29338
49680
31875
7845
49502
18863
18873
30521
20769
34350
16635
28726
12884
2540
30820
38876
3901
39424
46602
46785
5763
41697
18798
107
25267
7192
32501
36452
9410
45130
7302
37565
26366
37128
27416
20536
20640
25086
2051
22038
47628
40733
24119
4654
12249
47884
617
21235
32309
3135
32482
46123
46647
49150
7725
21681
24190
23424
25384
36352
47811
44574
17532
3348
41580
25769
34769
40708
49366
25094
37212
11829
24584
49983
18013
22317
2857
41251
35105
34318
33599
31593
19019
40882
27168
11636
16325
3060
13111
32062
21966
14914
27832
20777
25254
29515
16202
41384
11672
21923
36295
14797
25830
48084
44331
14076
34547
25420
18172
44677
19197
19373
18304
18275
31740
41595
10577
27142
10583
49179
49623
12585
22431
28477
34801
35783
22702
36491
24742
46642
19093
21448
24855
42754
27075
13424
21964
27253
37141
46042
19279
24996
6746
19630
12000
7839
15580
25314
17640
43833
38183
46502
34214
17350
7529
29394
43290
34708
47705
8755
30889
33767
37406
4993
24068
48308
10447
41823
21219
36165
17312
26635
14205
6017
16970
11924
6929
12484
19207
14577
43911
19347
2904
17569
22491
17789
29497
18963
19018
34472
26479
43641
29860
1544
5117
18705
40276
12632
34224
17889
2546
46611
26809
26806
30100
41008
6262
42522
5488
5808
15522
7050
9370
16402
32203
47630
27711
41612
44937
26163
25118
49884
2046
27873
4205
3379
26077
42350
404
1239
49515
13439
13922
14412
5540
15017
33986
35819
40379
37033
34687
33797
20463
23622
26730
23946
7294
15062
18928
411
4144
4710
6255
1352
36310
7881
33770
34633
9709
29680
8954
38091
47783
4492
14097
43282
20192
13342
9938
38674
9496
35963
47040
33402
20125
17674
31420
12621
2184
48380
4702
47019
14976
8317
21349
2519
32851
34367
35201
20546
4712
25039
2462
19946
2017
49742
35478
24692
23371
15227
33055
34314
44650
971
29004
45115
32925
26510
20760
9119
27395
26182
24598
29720
22683
28991
14743
36391
14488
15868
37995
22068
22258
45746
3464
25069
28457
44027
19811
11174
1302
5703
33569
44332
36848
44707
25580
3218
29975
3250
14780
2325
437
15384
26109
16024
4705
15414
16470
2695
28230
41857
16760
43728
19439
17100
48684
21060
36667
7928
4050
8585
10377
4433
28942
21063
15722
26417
37240
41032
34974
43604
31665
3788
29110
2056
8865
16041
49952
20040
25441
2297
49450
21213
20121
1877
27136
36621
21960
40576
19255
24789
32494
9651
42311
12293
43735
12757
33262
32373
11056
14674
45261
25968
41142
5627
1467
26911
31921
36184
14728
44834
29568
48935
2147
35407
1668
22378
47393
16789
1344
6728
10923
3802
13624
45774
10896
41814
14943
34693
47786
41569
1031
33100
15036
34681
13027
27899
8520
18300
19644
37230
19360
572
25023
6799
1254
5072
16709
23608
33057
8726
43423
8328
45890
27413
46106
22524
7142
2882
38218
39408
23636
41373
43008
23241
17969
31941
23906
32386
46516
37971
6692
3762
1206
26579
18551
40776
17053
37523
4467
29828
10521
30345
36316
24275
39526
8048
39793
28887
43248
22929
13471
83
11579
37709
1428
24904
16073
18395
36215
20479
7347
369
8044
40045
22855
42451
37142
8070
6494
48057
47599
42637
48143
20281
42194
48316
2258
30253
41619
16991
41724
42054
15969
27013
35874
1152
43175
47718
35102
47447
14021
34512
13314
18770
2675
36657
32917
1035
28406
49095
45294
34162
829
4184
917
28682
32890
38567
33806
17136
49988
9422
37643
45332
10843
41379
16423
16445
18016
14534
41406
18372
23039
33839
25630
11647
19541
3844
33380
9844
42958
43886
25018
10363
48552
44809
36372
32016
6169
10879
39189
17488
35725
29602
27917
23819
45021
3401
17504
30483
18625
31979
20493
28531
33937
45089
34210
44391
3917
8509
30102
21022
39064
5323
17631
27636
8354
22780
47279
15241
29501
33719
43898
6189
1642
10641
43853
46436
48628
25081
13823
43419
45372
32539
25080
28074
49444
37216
39577
34311
24937
39212
23644
5382
26523
20781
34556
40461
49581
31775
3931
26309
31663
7633
43951
26996
14344
27216
23463
9146
12488
4046
30515
37778
855
26683
30054
10317
18458
22985
46786
39093
14424
32690
16139
24449
17344
30547
31300
39280
48200
18317
32306
13820
46809
47731
13521
49905
41994
24534
2624
18247
45320
37651
5755
28275
24734
17147
346
12543
42661
38316
14
8955
39377
37074
28891
45060
27947
49105
12810
3075
44335
17118
37589
17432
29830
6319
44048
27236
11040
28276
23379
46914
37064
28488
37085
6469
17387
420
26595
13821
45391
48210
11420
30716
31125
23348
48650
25654
45213
38737
39437
4126
14527
42326
22319
30422
2553
30903
46276
31160
25594
27271
38285
27654
48393
35583
33382
41628
17423
16511
468
30152
7604
4100
9111
3930
25479
48328
10092
18232
32679
1278
43921
1876
29836
40712
40925
42646
20204
36252
8282
37442
9085
27786
20910
30855
9034
31211
24080
49152
49211
31428
38222
33620
14126
19676
18471
3736
35777
26831
34256
20440
29873
267
33151
10093
11430
25879
28799
46886
22847
45607
23536
10520
32619
3678
42034
6893
47943
26691
25440
1815
26955
14079
42840
27032
11085
31554
22122
27455
25396
30621
28031
20184
2585
8456
26377
33384
5623
44265
10728
42545
4023
15185
13375
10866
20228
23004
23820
34353
24331
3615
30839
9855
4932
44640
49026
20563
44405
14669
2454
45488
22014
45639
45800
39258
41445
18944
15621
14038
11282
17477
15810
1732
8682
44819
15347
4869
47090
30429
46978
17658
45967
20992
17760
18050
35558
45947
28381
3472
1850
23564
13095
37531
163
47635
33244
19187
26920
32033
11914
27082
23456
13882
48923
39345
26849
11677
46940
1096
36118
40242
1260
43033
27509
43695
3597
31318
35142
38905
1070
25549
22088
14737
5732
13661
34901
13029
34632
23105
46986
18276
49035
17850
35720
22536
31314
27044
22294
43880
18319
36984
18827
9748
17774
13638
13274
16538
43216
33405
49817
47931
18434
12522
46725
48371
39042
25377
427
3870
29503
10889
16748
32187
37067
46871
1034
8592
25661
36326
12716
7102
6138
12080
38299
41036
25946
19795
25035
27226
3006
35923
4078
21880
7528
41318
19725
39168
41436
20103
7657
48691
43465
43507
16554
38189
9607
34689
42766
33529
41893
40169
46605
6508
45338
6162
44264
20198
44079
15325
17383
20948
4444
25154
22173
41648
29376
16746
5545
23428
18754
21914
13315
12130
39305
10022
25361
3883
47549
29540
28336
41119
23340
7750
31455
21792
42406
9757
38096
27379
8945
19069
11571
21860
13091
41034
12380
37453
38789
12729
43360
24749
43110
892
30062
6344
21828
22907
15903
44557
33816
38746
6685
49668
13880
10419
33442
20291
32767
3466
9418
37143
6762
12935
22865
11664
17427
27261
41907
33024
41024
21922
2560
45308
18767
38628
15801
22796
46583
9389
42483
42410
14518
12861
19343
16461
16695
15050
49647
35124
29765
622
41750
40961
30597
1917
15064
14391
38297
38597
9016
8199
25318
36126
22412
11738
11698
30800
39517
40948
37311
36254
6359
48785
9287
40377
8714
19456
19851
37624
29251
40161
1462
10816
44762
41126
8528
11586
17304
17823
6350
28280
15858
41439
34767
48659
37378
47121
49315
16732
6137
15080
20663
34093
28661
15397
29034
19155
38729
24215
38321
34787
25462
45433
44500
4284
20788
41103
38841
5399
19520
46539
14646
34732
19248
26419
1681
22916
30350
38276
25397
23725
15970
7817
4066
31540
41063
40857
245
32852
29280
45266
24096
27251
33663
35448
26287
20246
12368
41270
36523
30299
33609
34999
30593
24564
39651
6903
16653
49302
33573
43433
7075
25239
5183
27733
42551
14272
6966
42796
30929
9525
26625
48960
31553
40009
16703
42018
16108
5042
10257
8411
44210
30242
34743
24049
10777
36363
44215
15459
3403
15636
8250
30660
26972
8908
9731
49393
9866
49099
38192
4757
48491
21790
24181
49579
49532
36309
48261
27638
3095
6994
38207
49732
20317
16269
46257
39402
37445
1469
21753
1995
24075
34640
17224
38395
10533
21989
34609
39078
30619
14218
39238
40241
3369
1897
11934
20033
7208
29325
44813
43918
28845
29605
8966
16280
39250
40422
40404
43134
19961
39415
48997
21597
285
28766
11336
4566
18217
19589
29321
15502
9423
44601
41795
46054
14267
2031
20951
21858
18303
26749
40814
6301
3675
43172
32469
30076
19107
31826
39157
5650
7951
40350
38874
14220
28625
38012
9967
43894
48822
14333
18362
4787
37077
10156
16820
48321
12458
45229
38072
23370
33759
42293
29863
10908
7117
2065
23991
47767
12748
40773
17827
7531
5140
40436
49964
46292
2888
8363
41095
10894
41100
26406
7261
6649
23078
35335
46066
18703
987
23328
10366
39845
25900
35090
16626
9700
35914
24930
4862
49336
13116
26711
2555
35397
31672
46832
40683
16882
24994
18197
4689
24343
42136
48285
38541
17068
11890
35033
4182
24954
4204
38311
43885
17712
8339
15911
19830
37498
6297
42548
41070
36761
36723
35602
27883
18686
25878
34126
8572
14431
10826
18723
20598
33597
5309
40679
11147
35449
44858
15935
30958
2562
41144
48875
30962
29767
30729
42121
14266
13719
35266
39843
28997
11684
28423
10044
45095
30795
41861
41394
41244
18655
37670
24959
44014
15252
42822
7899
46847
36577
34439
37456
21047
14846
21927
28914
1227
8608
48947
20908
17753
11057
39763
28967
11904
40212
39665
23279
23605
41879
31827
34329
27287
15785
41361
25828
20055
21983
33247
49973
3359
30877
29002
44465
26720
17230
3451
1308
45588
45168
11448
24244
14632
48571
29734
40534
49945
33008
21879
40888
15047
14352
16516
28820
441
16211
45767
38839
8116
14409
10222
34625
8472
15774
36121
20854
17506
21686
2542
35870
33717
23895
47470
10566
10564
20828
27066
10411
45674
17924
18966
22691
38861
13543
19936
41501
45377
6133
19635
3539
49192
14941
48709
20818
39706
42003
23211
18815
14568
47970
10936
4026
22112
49214
36509
32589
19397
32364
12998
3084
18758
9377
24885
32288
21474
35992
19940
41668
35151
38629
5933
10731
23216
15258
1962
1312
41447
19247
14572
20345
4276
39863
5591
32150
46866
25436
33819
4955
37675
3105
21406
11707
24404
22381
48808
14718
18143
30570
24797
17929
29702
6072
36758
47171
25688
46453
49356
22176
15637
4353
47524
5713
22380
23775
25716
25680
10986
16316
31966
47699
20478
19143
4926
9242
2529
41869
25989
27707
30979
5327
19942
40740
47428
23866
41329
37596
30627
24365
16902
20851
28601
7680
10215
22289
6718
27169
19023
18920
13646
20222
27880
17520
31939
32570
13299
984
4515
48267
34599
35526
35814
19058
48412
43968
44436
12191
16598
33810
11307
6290
16322
24605
39979
31714
27578
43543
19878
19115
45677
35950
49363
28408
26994
47632
36759
42998
2508
33848
41440
49038
15005
39862
25808
39996
24677
25992
34982
27025
22229
32144
34355
33831
8106
24082
4621
37961
43652
21829
3502
7805
41969
48272
6470
18424
23393
27483
28596
23429
31132
44939
7870
15188
36072
26624
670
26379
36426
47004
35699
4744
33549
16165
14383
37879
21566
11449
23847
11941
42890
43374
14321
5949
2967
33083
10266
6530
25747
46648
5845
24787
515
27645
495
11283
12487
12333
30017
17481
11988
39065
6207
12063
9027
46029
21511
32315
7620
49377
14232
3145
11237
41338
17346
31754
9944
18220
1918
28576
12872
2033
15968
31902
2697
5272
21693
18650
24671
44456
42735
25979
25363
19745
4909
22315
9913
12582
14633
16865
11162
7772
30098
12179
25839
29971
26571
33781
8654
27735
4315
14547
5452
10529
28316
42065
21520
31108
45663
16003
12587
17653
48012
41226
47317
10189
17944
4186
10295
32319
29627
985
28357
806
14069
36281
22396
33577
16228
17052
4837
34066
43493
49437
9581
38733
22
38097
41820
30928
7392
15534
19729
14256
16
23325
38471
39171
48424
8407
24177
11709
14110
37105
32613
18906
10941
5259
31924
8219
1205
16180
33324
44127
1018
28011
39294
35773
19990
24380
1927
18641
32100
11611
19569
11585
10249
49995
5476
42557
30797
14140
49435
15606
396
41998
48144
2582
4818
29128
2844
46068
47209
43836
11537
13685
30583
17870
7968
11569
14022
44070
6134
47981
18351
3040
9118
809
36840
21240
24495
1516
1145
15159
19137
35197
7027
33437
14857
30070
41523
19510
15805
45906
7644
22852
32300
49204
8752
9159
6719
44433
311
4382
121
48170
24052
2813
3133
7140
29236
42037
2607
49440
11861
18200
33539
38963
32540
48330
42558
24090
40918
6616
14975
20952
47546
4840
49806
34814
6582
45881
25284
27116
47842
26582
16604
11201
11750
22425
28655
16544
48587
43525
4352
32012
11314
30423
39209
10217
20926
1670
4641
36811
29512
497
4087
18193
49223
12501
45913
37301
30594
40735
46891
33241
42373
17915
393
8107
45861
41237
7412
16169
3693
29591
13369
29391
19610
48922
24447
17542
30740
27989
15448
7010
4375
12070
16570
49406
11799
46096
12004
47208
34288
17418
47686
16088
20386
1503
21007
44073
6353
2291
45336
15815
7835
29424
42544
9436
1343
43927
36109
10340
25957
8962
16447
22692
20211
45129
2975
48006
19903
45904
41261
24931
25336
32511
23032
2226
46297
23667
34065
46884
10132
14819
22807
36176
31306
23815
46214
47253
29096
894
4859
13358
22175
29643
31751
45867
46938
43720
5038
33290
16100
13647
20275
29929
11554
44784
8463
29258
28263
34038
40726
416
49426
38656
44785
27689
21997
30325
4220
40855
5103
1371
10462
47337
38124
48138
17536
7537
19673
21757
5056
45659
34676
15113
2310
4517
33056
4730
43169
20164
8924
38019
54
6922
49384
40507
17730
2240
49074
8180
7316
20812
5430
46120
24538
14025
23751
13911
39075
14708
33364
49344
40769
24834
27752
9580
23320
21468
49343
46626
21428
30311
36992
23678
32682
1593
24813
6678
45511
24631
22368
44269
17642
36751
45405
40357
47778
3903
28556
32443
21138
38506
45536
31076
42816
357
3407
46317
26554
24185
3380
28250
47820
43770
39726
5283
7871
32484
649
23356
706
41528
42847
46425
21016
36760
43681
49912
44283
24746
2802
29699
17871
20260
26745
47182
28163
38949
24182
29396
25496
28897
7036
35751
40793
28756
20110
35957
18380
6183
20605
2677
40289
15031
19363
31121
29679
5523
6666
679
26378
5249
33190
7300
38508
14648
41767
28669
15318
35842
27187
35729
24029
47542
42594
49067
32807
44920
38290
42479
16521
48944
12024
43607
447
10630
32747
29775
45059
22701
18545
24106
17450
13718
49458
2090
7812
5082
42455
17632
6340
31879
24023
14004
3041
35411
19319
32305
30431
9754
108
14786
32488
37979
15644
22594
31759
7395
30320
15501
9841
18947
31588
3884
46009
25359
9319
49117
11644
31645
17546
7201
38212
32121
7774
23582
18788
8819
42239
10678
33628
39975
1375
30738
4049
9166
242
43671
17412
15896
35324
7116
21012
5983
45450
4490
15438
22209
14423
25710
2567
41559
33340
4472
38904
30630
6430
11490
14174
11133
38289
30560
26383
20424
3602
8893
4243
28410
18046
16437
6566
31625
25433
2919
1368
43747
13287
20318
338
9629
43
39773
27199
5203
19822
22773
48071
24707
36470
36602
48476
18903
43636
10046
37457
30588
44515
38110
306
44107
8576
27539
17197
44596
41805
10050
31677
12409
27272
15482
19774
46006
23384
34562
19728
32621
45374
41150
14925
24455
2027
12192
8723
22980
26257
11277
13108
15948
14679
47675
5284
33006
20491
10388
45542
28209
21533
35552
13736
33352
13325
9600
23296
13113
37468
23036
2177
15070
3935
46146
25114
22854
3524
6546
34831
48337
43933
7371
45109
24619
970
30120
1553
48409
18430
29790
39837
43562
45030
47136
18493
4889
49566
18661
35121
44843
35760
8205
21690
21273
15147
7376
1257
34463
41871
6734
49634
31172
39317
41700
49277
15174
34622
13289
18722
16282
15065
9871
32672
8399
1388
6390
23879
35249
27933
26131
27338
15650
37125
5431
39798
23969
898
17199
225
24069
2303
36164
3637
477
42818
35436
27781
33177
20427
32928
17186
6496
43104
16395
32073
46728
49677
21001
21703
26017
24124
12058
8767
35556
34601
18214
39356
15426
40424
49708
6184
30160
14730
49685
37379
26071
39601
28246
7807
46643
46730
42863
29636
44092
20380
15629
5161
41553
125
5651
4772
43414
17723
10868
47816
12534
23094
43884
16490
36697
41817
45985
33720
35513
12514
23904
44108
41651
36205
1422
25138
16819
29442
32845
38141
22981
67
18683
44872
34164
18799
20667
42664
12714
30910
6122
6123
49533
16978
2447
22151
33992
30247
30679
11039
13172
18976
35899
17139
4912
22638
12920
476
46988
35153
6327
22320
1552
42634
37097
37677
18737
30577
13671
5785
31349
6908
3255
13608
25024
29234
40105
12504
39976
14634
21188
35378
13200
22149
2792
22541
20167
18840
9106
29354
32805
46267
47689
40017
47130
3519
46494
45672
17394
4491
774
49387
15441
46774
8179
9538
5224
345
20097
43372
33249
38226
18878
38559
17656
22015
32349
16427
7026
23844
11622
11982
11164
42090
6030
37820
20632
36049
23107
46339
38826
43536
4861
39466
6252
48739
38611
41519
32497
41662
33575
1952
16646
48654
18733
34370
32731
11745
35560
1756
20986
14044
48595
25055
42797
38417
25421
43126
23386
25166
46079
13176
41945
27503
40647
34332
27069
23066
616
27884
24199
46252
1218
25085
34346
38408
28824
25095
45552
36660
42067
45333
6417
29253
43781
21331
2393
24421
32888
40582
2148
21418
44095
33762
30841
1306
13825
36288
924
41497
9138
34962
28349
15709
31344
43908
870
49096
14000
3627
38247
16038
15440
36370
45866
33511
40914
22232
42066
37795
48044
33088
34485
46350
20832
28317
26621
23274
6807
35379
6871
41289
19398
14855
18845
16933
49092
13068
8227
37562
37802
17949
30682
23734
203
41097
37015
27894
27033
5910
33074
26622
8763
40994
18407
15509
8325
6258
46834
36065
13419
33180
24965
18271
12360
18597
17669
32724
31943
43868
23506
27692
3568
47223
16031
46739
11680
7387
27346
37664
44729
12256
45545
38049
14117
21151
36993
42857
17906
1684
22545
35049
6066
27887
19955
4413
1954
20526
33516
49284
23914
4924
42016
6995
44003
6857
33254
3429
15499
3932
4108
29170
15265
18234
31675
4255
46855
23792
3110
4455
6412
19976
21999
42364
11014
9499
39732
22036
45396
39791
36250
12065
23944
13892
30988
8387
6652
40090
35403
16992
36314
43251
8877
22196
38578
17389
40441
16196
38182
44852
33799
14485
29298
40522
24094
48209
42279
19470
23530
23401
37868
36145
47319
37705
16576
24599
26813
13686
27987
39881
29153
43667
48396
24796
47558
31933
19154
16690
37176
16558
35297
40015
14368
784
7708
1603
47111
28173
34471
10372
3148
20132
2874
15181
23572
21930
38382
49881
38440
47124
46503
8394
40539
47484
47858
29693
45579
10126
35607
16564
15707
48607
48857
41581
36800
44719
26686
29309
19677
37465
36195
19826
45961
4007
642
31502
2118
35256
16063
6285
28528
980
25552
15807
36119
34509
11825
32230
49607
39085
40195
13971
25658
16006
3313
28328
36896
24844
21091
23009
44883
14556
7004
46632
10803
40285
35315
16305
27573
20626
363
1402
1267
19346
7902
17821
42435
35995
25386
44666
40463
19841
18302
48784
37163
32733
6619
2039
45241
39311
8899
8634
38744
29327
28626
15369
31078
4415
34730
8934
941
43920
15676
29008
20171
37734
42690
7640
6154
2958
32155
36879
39423
1394
44311
47569
26001
32699
34524
42337
25544
28252
5013
19368
35228
35424
8442
20052
1710
31394
26381
3291
41709
10457
14005
1150
42643
24740
43140
30036
22717
9733
9673
1280
49262
13770
16459
30516
33261
9323
31220
34391
48341
10216
46206
16293
18488
39582
33678
28027
23177
25706
34247
49914
5356
7887
10370
20508
1631
47935
22889
12132
19417
36285
1356
30381
18654
41069
38719
22123
38005
21798
34802
49603
29481
27158
47585
2690
39309
3312
1204
38325
20802
1675
1753
14279
30124
33453
21946
31087
3128
26297
26064
3152
45050
31440
34782
26016
12569
32599
38966
23538
16675
45843
12391
22580
43684
6229
37627
14219
29964
27319
27177
10392
40068
32233
39012
11326
41758
31621
19158
21712
16001
8069
1607
33463
48187
26447
26101
33277
21573
26467
24521
4616
35463
40452
3226
15808
24998
1942
31082
22966
9122
16295
18721
48129
49504
46410
47283
31643
6186
40802
10454
33659
45323
36216
39771
9345
11844
1084
47716
34892
25883
34257
48648
37604
13928
25325
34568
38202
5844
49093
33451
18029
39673
47008
14190
29547
42385
33064
8600
22928
11856
8636
48721
44481
49128
24433
1799
48413
40516
15085
49915
37029
35675
8259
32854
16240
11230
40953
19583
21415
23352
14653
30670
33605
3063
41890
25256
15632
31339
35510
1532
22888
6630
3308
41089
17828
10996
28616
25158
30665
46637
49612
35470
45805
30140
44197
47855
43570
44007
27336
12954
44242
13425
27356
7884
22753
13118
32190
49030
40295
49365
29348
14776
36388
46696
1744
3603
32831
12826
42188
18056
41247
1028
43640
15107
38154
4428
2506
233
45442
34312
48287
43004
26124
33478
45025
28414
38320
13329
22365
41988
10589
21364
16886
37044
1967
46354
45044
1014
17384
37506
33811
17162
17863
25242
10384
21454
19714
43935
23732
20378
47411
17936
4584
17638
47148
47737
27770
34397
41197
22992
19930
28636
1780
27592
12725
17191
27710
16141
7724
41259
39723
27449
13400
49088
33226
39820
15038
37900
24257
4735
11303
9300
30051
47307
6842
23214
37361
13403
26191
45722
7349
45838
29758
43724
17893
32009
7285
20547
14449
1827
15626
1026
21341
20324
45559
48471
6287
39551
23000
18923
45155
47590
45122
20351
27401
16942
40997
45426
36228
36985
39391
31246
41656
18941
41223
48957
3245
41240
12495
3026
35368
38458
39142
48977
39138
44983
32245
44693
42618
43953
13270
32334
45810
19810
33814
1482
35005
10336
13691
330
49225
24385
43973
32507
26843
42689
20405
43777
2704
36235
42390
21866
37207
31038
18001
42562
19721
2455
12978
12962
35678
428
32054
11273
20278
3212
21491
18913
33768
27000
12916
562
42550
29816
47609
6413
38574
43415
35580
10350
14878
12150
43257
15703
18042
10913
43739
43870
18809
15705
8784
11791
18620
37095
33085
40244
25763
124
39393
40630
1983
24602
23392
38385
39778
40661
32829
1545
18695
19459
6688
15882
3588
24350
8529
38024
4743
16273
33747
13939
21444
7091
48714
31653
17446
9553
37567
48008
36831
1381
20225
6950
43154
11062
17508
34830
25807
44350
28339
32801
29786
42043
736
131
47517
33874
46517
39767
35731
17874
45000
37372
12156
38264
46326
5024
234
35812
17761
27283
27548
7199
23777
16020
46663
19138
39314
11790
14326
27430
538
10598
3862
34480
36143
34574
35496
27027
28510
45055
14756
21166
653
31895
40663
18588
48731
31195
43910
41302
43555
11344
32953
7403
17961
11231
15171
9129
12581
21815
37600
9987
44551
14870
26187
47871
33474
46188
25296
20285
33397
6516
27881
16030
7419
1088
8896
47791
10310
22571
14072
11017
34579
34113
29053
9216
20082
8997
27335
7299
8275
47500
31391
32624
15480
43127
23676
14844
18006
13977
47071
20766
22074
30202
37328
18425
18510
28835
34417
49719
6953
21319
5979
2722
2381
33228
37792
15832
20108
34000
41642
41437
7692
1775
9198
17395
8414
4534
266
8041
9398
12525
6263
43376
33211
27219
43589
9966
22077
38190
29728
29506
40510
45148
9922
40457
1400
1345
11820
34718
32994
2799
15301
8839
32365
39073
1689
1624
22463
28929
27194
6536
11690
1476
40601
14560
29015
16298
16571
38201
16593
22089
11710
5302
46584
17092
16955
29907
38593
4875
21112
30071
33927
22095
25875
29653
321
45186
36299
20765
38107
24152
26574
26495
16128
16120
33795
38759
2914
38836
29007
11079
7083
3347
38378
20911
49451
23899
8992
32750
18
11310
22762
45133
45778
8109
31850
32327
29926
29834
19576
22742
35281
838
45515
1961
742
25910
16000
32952
16782
17385
20896
8995
12244
39780
28281
38025
68
27923
49082
16941
40872
6562
28239
30263
18250
3345
26203
11623
41347
12064
41059
14222
14298
26823
15338
11570
25082
37292
28195
17433
18791
12850
29291
10993
38109
10734
19150
22768
21775
49106
44585
39712
24995
42711
42369
33664
14898
6060
41006
28662
29423
8808
45161
31984
40073
32021
13130
6767
45316
2911
42088
16518
6041
39921
25274
6166
36963
31126
35750
3078
1288
40365
21796
41418
37812
40732
4478
20455
48458
27797
13213
6147
11315
46479
46000
22148
37100
25027
20539
11458
16178
8115
9870
43382
35053
20648
46874
12528
37471
7471
25418
41388
20596
11541
32282
23950
44140
14289
17095
20034
2021
10231
21887
2326
43482
1793
40992
43146
18052
40578
34785
28805
47341
44209
40249
23232
44343
3104
31915
30887
17937
4081
47400
46839
41801
47579
49029
33315
3574
26517
25037
24125
1397
24485
42172
37771
41978
32642
16328
36406
48824
48588
47976
40041
32651
42739
12756
29655
35521
18198
17361
35047
23956
48980
47677
18714
29977
42008
30224
2470
1404
26732
4227
9371
10001
27908
48958
49773
21561
6204
43153
3033
30092
14430
7257
29248
13609
20915
31782
1862
15009
5007
11515
18803
6729
49160
20555
25738
16126
30409
47835
12774
23361
38372
25414
38778
8486
40182
3020
23825
2709
39998
19333
39357
37637
12533
8866
30875
43923
38511
42411
11863
36275
28030
40263
14202
43556
35408
2843
26288
41159
641
20797
18093
12707
23008
8655
3496
22789
24625
36105
8535
22576
41571
34407
15011
18669
48159
49938
6249
41165
34278
47510
29451
10937
4794
33585
26933
37380
36390
46844
33683
33923
10073
14082
46389
2801
43130
9872
17049
4267
12057
30241
16140
41067
23747
30482
37713
49514
6755
12295
33545
156
11793
46404
26962
21607
35947
13861
12644
33827
47959
5601
6481
8973
620
14116
18320
21859
23724
36511
5810
36019
40975
5022
14159
1748
47355
4585
34108
423
29226
25182
4195
2736
10762
5068
14364
40686
27001
37829
15121
1659
16770
11610
17086
33010
22828
38319
44622
3918
15624
8818
18375
8296
21092
10874
49841
2461
40067
33946
3334
43445
2040
17824
24895
32032
11476
43901
49498
38845
30267
47583
11398
45673
33519
13739
31134
16289
15596
7276
659
29240
6794
9117
18853
46662
1259
47992
7089
37475
9682
37248
42020
21585
1298
7990
17747
25773
38292
38941
36220
18111
17269
27902
19732
31095
43529
3045
36681
44697
6800
38715
14614
8760
15663
49890
29044
28849
21010
46318
16285
21754
35837
39426
4010
4394
22023
27687
20718
22977
31949
691
7557
12739
10795
20071
20867
40078
49136
41909
10399
6633
3767
2935
8558
35029
9622
24195
21040
20912
11986
28944
1052
28570
45156
31905
11638
16630
12711
18835
10950
16986
27974
27764
7479
128
26018
30830
43456
5108
26978
10451
6979
15828
419
39654
46061
39608
27633
16387
48556
2806
23894
4763
6237
6185
3213
3789
17779
27650
20476
37197
8023
18519
31044
23245
6376
33131
26865
8895
49056
12202
23983
44401
745
39508
35781
3378
28090
4699
537
21244
1410
11789
23478
35235
40782
681
7473
33329
38714
20713
21766
22027
32101
40305
6095
38068
34711
38403
21706
29685
47487
46269
38856
33788
45362
29194
3428
40880
2428
24213
8207
30537
3184
25112
8574
9564
19857
10646
14512
22986
33015
28844
23977
25056
5420
18688
4762
41510
15921
44480
1387
40483
500
27414
20676
4508
14387
40859
5924
46049
29526
36708
16158
44154
43346
20416
10082
13724
28125
32193
458
49941
19438
11483
33091
14235
46969
6865
12720
17298
9816
11561
8057
21891
13520
25945
48676
26603
12732
28785
34045
27931
41279
27853
9968
16283
26666
9729
48312
19256
43806
29901
36020
48416
38657
18949
4808
36057
39347
48447
38044
46391
29313
16359
6068
36066
38423
34116
2475
38672
2869
18689
17043
7574
5312
13042
28114
26000
47940
8732
192
37392
22212
6053
11811
35666
35215
5268
34747
30831
36671
6559
26090
16852
8912
10498
34236
10063
29323
559
18294
39151
23153
23012
11187
37400
44628
2618
40758
37977
48299
7722
16175
3206
30628
7271
8012
766
15043
16850
39484
36150
46883
3664
32920
5349
32685
12446
2785
47335
48737
35141
1007
20979
21903
26449
46331
2622
29822
25934
16753
41370
31893
36606
43472
38214
5251
22182
33586
3552
21294
30935
29009
35458
27602
35726
30230
7424
10605
11099
27343
31616
35535
30014
49381
3952
44128
33953
9732
13788
40495
7862
19896
20907
26762
25461
26414
34696
20542
48668
30766
10578
47073
30106
39836
3660
46080
34287
34993
3415
10241
27794
655
8146
22900
38525
28407
425
36942
10425
45174
2672
35808
33562
35887
37411
20413
24526
28885
40771
45990
33590
24790
7841
26753
825
35179
26794
13988
12705
48028
17382
23117
40729
12322
839
48078
47151
21506
26373
35701
46237
42824
25425
14800
48744
47749
21242
21217
49845
22447
27105
19287
18679
44366
9425
18262
42650
29059
49471
3567
7965
10429
18391
17802
26097
2353
12848
35095
45596
42334
23562
5240
17798
1932
2684
13179
26636
18318
26357
21599
1650
18718
35791
46576
17762
37578
43180
22501
1245
16210
11330
23345
25693
36642
7486
15139
36222
7490
2849
5308
36717
39429
34790
18505
3331
48841
8569
29198
18086
2550
7305
41999
44684
31024
43631
5389
26225
36255
12410
39940
38758
14303
2544
34328
35794
16924
36457
17561
42506
7920
47435
13110
2445
44236
10606
854
17886
14861
39596
5279
27178
42361
3
9677
16028
49272
14349
19766
23248
14795
18105
7808
20409
12310
15617
21762
39486
61
29373
10232
19203
24425
38453
16398
1591
25369
49703
29193
43903
16567
16468
36148
22779
38676
47224
29667
25793
27051
22526
317
21278
19475
25399
31927
11907
18243
21603
14821
23918
22522
9060
12316
24643
15790
21436
33374
10647
18575
3493
36974
17283
22096
33122
44823
17572
25960
33499
40281
30894
44437
29646
48901
3677
18287
13809
37027
43081
36249
598
23140
27915
15836
38301
47247
1340
12618
568
5289
39817
4893
7662
37887
29876
32543
16824
35024
43888
18812
13506
39945
4624
12755
28693
47634
13783
37480
28058
41836
27370
8022
24887
37691
962
24997
36980
4253
44069
6821
8736
3658
37756
24279
36407
6855
30558
49522
45330
46431
13283
38004
21194
1794
1342
18337
42146
26334
40885
36132
36367
33779
6385
15890
31523
32490
35601
25836
21784
27801
12494
46277
13961
37114
41727
25726
4496
39981
4636
3079
22901
2609
11203
8965
5765
31683
28220
37190
38052
24912
36568
31688
14245
22103
42340
47636
35043
26243
44900
2584
28937
37345
39409
46743
12437
21833
40283
22693
32503
6730
33491
27247
38437
35287
3114
29951
43280
49293
47139
49882
38242
6361
19566
27888
5478
19757
8580
28521
34882
34029
28617
13814
32654
25645
32322
33955
14738
32423
31910
33269
46771
44994
6238
33237
23337
10922
45312
45600
9456
28040
33842
2380
22402
46723
2856
19428
47897
32498
40968
27753
19223
8481
2438
49608
27799
40065
3711
19658
34845
8515
19220
35517
11066
41372
4170
22862
21247
36752
35742
16482
20087
3077
29055
33875
29369
43716
45538
37862
32117
23987
48765
12413
17149
16999
15681
37491
46713
38070
10673
24875
13925
20727
28560
45494
46435
36032
31103
23033
20989
8689
22407
21805
26997
35268
43263
30403
4740
46996
37076
35980
1592
19236
32168
28898
34573
20397
33235
23731
4337
32005
45181
2340
6796
2110
37674
6042
43036
23375
25516
26234
23419
31267
36983
18712
43392
42419
7128
36829
48544
34467
3393
41535
36734
17250
21307
4578
16733
47588
23632
19523
4305
47318
35245
42965
14233
41363
19997
48080
26590
28360
31521
12979
16078
30753
33383
26906
37458
36354
1910
7224
40904
42714
45395
40051
33697
5497
22445
27517
13204
46159
31112
18069
29944
48234
43843
15944
39084
22699
49339
30284
15131
1941
41326
3470
45051
47256
28219
159
25817
19153
30101
9641
48899
12308
33125
39584
37346
12669
16519
33944
46571
40950
39605
7761
44192
36776
16840
17503
20163
30042
4340
42184
9090
2333
42854
42320
35758
167
34453
39083
49198
27234
1058
12109
27643
26137
5847
11981
45177
13482
44800
38048
22259
8355
5147
32671
24085
18188
37535
46599
20303
49766
6819
24221
36871
44588
43994
5228
15849
37432
28951
9692
34064
21953
30343
5791
2665
26993
28047
5849
15936
13517
48221
30493
42656
32521
28598
10934
38178
14274
26426
20340
21622
25120
3282
4488
28444
29304
3984
28739
27729
10663
8255
16835
16651
41208
10756
11578
45637
17339
37806
31252
18009
40414
26303
38088
36860
39273
40978
566
36356
9852
21920
6993
18190
47738
37508
41022
16068
21100
7959
29902
27830
10718
11342
1042
35366
42273
7067
24590
45611
1093
26556
46554
21525
16204
48566
42620
23575
35704
36149
1384
46168
26259
35016
48902
20829
31388
44202
29412
9217
42607
21494
40839
29094
37501
4283
33921
2234
8638
28489
42434
23809
28880
13668
12718
46008
24621
4707
36042
6081
37679
32253
9800
22018
42114
24142
15466
15937
36433
800
37592
30144
29468
26668
39971
8678
30573
2387
17175
1612
41591
6870
2202
20562
47302
29742
17972
37434
32279
19337
44516
41106
40172
36757
36572
11602
25250
3882
17785
19334
14100
20026
43844
33069
17051
9003
49992
41607
16290
8664
4373
4101
42398
45764
16179
47543
30778
23096
9659
42249
9887
45188
41878
3180
27655
3720
46689
17939
32575
45665
1131
24203
8814
46027
18106
48809
44047
22592
16864
28926
7567
18057
9241
46165
10359
18907
16688
10642
44102
47386
23423
40077
19026
3076
16237
43234
40081
9349
4575
23534
48779
27006
1971
18323
14027
38279
43549
44344
45206
11653
35804
44895
36810
17588
35562
36970
22978
4400
3143
31842
22249
15217
23543
4821
14747
21614
49994
35512
17766
43811
34645
11875
47221
43762
20556
26930
47155
9120
20649
41650
4289
1130
790
19458
38390
11496
27403
31597
7699
49918
10466
49925
36133
1849
509
36366
21248
36262
1294
31946
5213
14757
21140
4288
45037
34504
48429
11084
39505
18527
40004
921
10228
30761
9558
47726
15223
32772
49342
1539
3377
2913
37130
21370
17749
1441
13454
7497
49083
15263
35357
49819
5773
18358
21842
33276
3280
41404
31831
23638
39768
21643
14313
45915
15856
40410
33665
1724
46586
21006
13009
48892
38912
36453
45793
27995
3392
39958
23206
32964
45551
22964
36389
45310
25046
32372
8673
25689
38718
11805
40473
14647
20594
43991
41603
4297
9442
21320
48430
35516
46109
2702
44526
25079
31861
21918
25614
22932
24578
28549
8121
46145
12051
11775
45247
8162
20095
30067
8382
21116
45178
22150
40554
3002
26713
38273
29099
39417
8799
48182
49604
35253
39109
31422
13372
30065
3413
38318
33210
16462
27621
25761
10016
42163
15558
18459
8079
31552
14698
6854
8803
3509
16998
33592
32698
35988
12285
33998
12337
49360
19148
19002
33332
18422
16777
22295
48486
7515
17219
40763
37011
2440
18274
35861
33231
26588
49398
31670
13147
42633
19775
35722
7777
20674
24568
32752
29707
33053
44017
14062
16115
49844
46514
34076
31155
45959
1167
46957
32426
24134
37930
8562
38442
7960
4845
27134
49259
32171
46010
48009
39372
8681
23040
34172
861
32257
6610
24520
17094
47013
32040
27609
18176
18031
34333
26048
40093
38165
2897
12245
24379
29733
1139
31720
11803
23635
20363
14798
16017
29249
37047
36520
4535
42776
3138
5665
43945
25820
39046
19048
21651
22714
10090
26790
24872
25895
4719
16310
42757
15069
15773
49376
44653
27470
33406
42912
3144
30806
22892
484
36722
7359
44025
27476
27195
2521
45384
7202
36945
13006
39858
29163
49346
85
35793
4922
16361
22246
11347
2383
41744
761
15752
44426
30504
7931
21938
45685
2159
41889
41756
2941
43605
8577
27698
10444
19322
27332
48047
29499
35118
10030
27440
13894
13260
23196
37924
10685
28404
31988
48133
9318
23041
6382
44655
40618
15912
40111
27263
36737
16636
7178
10378
812
35148
1043
44572
15310
15329
22131
25232
21705
1763
120
31931
11617
5205
37630
27021
10464
8555
36339
31197
7916
38288
44326
13873
16270
31303
38
21657
11540
7901
21329
35524
25887
49153
48264
17597
22199
15643
1129
37203
4040
16256
25734
22285
46932
24360
11893
341
33669
42520
12007
7636
24248
34811
45808
38120
13446
19599
20786
32465
19226
31116
9382
46242
9369
29715
10643
20843
20149
362
20175
38716
44471
18102
33387
23772
15034
23531
38426
36597
41376
21894
43424
14366
21005
22260
24510
42183
37522
45964
31128
20533
28691
31480
2241
13710
35761
45306
24229
39994
39896
26116
16994
16740
34357
16950
25801
3147
2476
31757
35642
23119
40854
4867
20772
48681
12215
42805
20715
10299
30281
47666
42241
14293
8717
39973
9926
2334
3809
1638
29712
15094
25810
7698
16252
3685
11506
17531
47836
35293
36173
40867
4350
27376
14448
34361
39766
11253
43091
26255
14351
9996
25442
35840
40930
9621
48480
16510
7237
27789
46854
38366
3390
220
28181
18306
4748
40834
21774
29136
14727
45830
22899
36541
40162
42271
17876
11901
16103
12019
41899
29710
43500
42521
35344
7136
34434
12693
24092
9167
21342
49816
13906
16813
10403
2390
28067
1773
17102
33947
415
35787
2739
43523
16438
5794
46136
12856
30142
48545
44394
17997
44703
26594
9248
37249
33572
30618
12840
22397
46928
20905
17451
24306
16493
27611
21736
17444
5995
24151
23438
0
26506
13562
21987
3066
11837
34178
46397
5381
10907
44476
14729
23686
30572
7460
35317
35273
36312
22470
19167
21583
14060
40259
47794
37375
19740
27473
8478
43769
8511
2215
4003
29091
39883
561
35181
36665
29415
4075
8648
45982
28043
44651
6570
10891
25905
20166
2634
12003
252
14089
47906
30084
17124
7272
30434
43590
406
43857
35931
20280
44399
19278
19995
41492
11251
25040
4493
21227
31732
43494
19640
13496
3335
25475
9951
39418
40097
26318
14405
8161
33038
4331
4124
40035
48428
49322
11509
7467
24176
4894
1795
9873
33363
47324
34157
21734
12197
30907
6810
34518
32366
4567
28291
36435
36349
2751
2859
19113
47066
11234
7022
21392
11272
27695
871
19710
26903
1662
44866
47044
28486
6195
29270
23864
29752
27022
25277
16792
37955
15023
28938
48536
7625
1209
24484
16888
849
18313
33163
49794
39554
35501
24798
44807
36833
46454
22563
7710
6573
21961
46284
25933
11038
21153
23794
912
12441
19206
20771
25670
25766
42554
40631
4215
2249
37896
40286
24835
12037
41435
10353
4727
15074
47860
48598
18821
22950
32089
40547
21032
6307
37282
12336
9431
49155
24372
17851
2343
13417
47690
42875
10952
28493
27973
18230
41687
35841
34079
27967
20841
13140
16172
43754
41430
32038
38480
23693
37169
18462
36387
698
29940
18553
46377
12733
30708
41732
48317
11280
6517
36294
22736
5293
33263
44106
4219
304
26943
10428
34742
40106
34952
45619
27815
48665
45730
31023
43051
10047
29898
32832
5166
35776
10229
17731
5198
17125
23942
10258
35582
46480
13245
19503
38352
21801
13897
36464
49543
7556
7989
27270
24489
15995
36694
32732
20593
3890
36067
2689
2924
48311
24160
12254
46319
7048
35222
49012
49868
17853
46894
37119
13055
24016
32146
13774
16582
17292
320
25161
6208
19030
38148
43348
21954
25507
29072
9420
3914
12680
11980
33094
11373
18672
2213
27680
28554
27783
28860
7493
48553
12700
7134
14599
26847
45457
30898
15096
8232
33367
46742
5317
46223
11138
7941
24989
35385
47195
16223
23121
14324
228
27080
37092
8264
7400
5149
44662
18239
29485
13541
41349
10513
38064
33489
49476
2692
20233
46603
23095
41663
6808
28700
40684
35243
23231
5930
22145
5714
6913
6773
32590
27316
6886
5912
6820
24043
1619
2934
21190
27596
10053
9739
12472
26205
3973
2227
21771
24148
11030
25815
7619
25784
41178
39480
41199
27948
27320
40228
36713
6089
48816
6462
17894
15551
34182
34813
3419
48179
23631
9284
34142
42193
7017
25778
25779
39272
9408
1613
31378
38766
46918
34643
4573
30975
4147
26220
32553
1750
39760
12122
36047
13340
6778
5875
20497
49977
33929
3513
11884
3657
49429
33732
30432
17841
42678
895
29903
26167
20173
41937
22048
22749
16562
30904
47036
19252
22633
7793
13962
31642
28462
16678
43178
592
36567
13879
39337
5704
34476
35780
16717
20982
25195
48618
43076
33153
19675
12799
44037
21532
3572
12740
25491
22661
7874
75
2712
5865
1579
19104
11880
38470
11286
18795
23431
42440
12878
49962
5169
3641
35258
11545
33652
13426
32078
27846
44774
34412
15166
28111
23131
5724
16044
49194
42428
32398
18999
15474
19674
43663
10808
14180
21582
44120
3805
37147
33860
6347
44944
26585
5150
19565
4519
31974
17836
3005
42577
35640
45496
14621
9589
17116
12400
40731
22502
37031
19142
23752
34570
18908
37377
8774
10265
13310
31752
13826
30389
35147
3666
35637
12433
7069
18070
30179
6268
41224
43660
36862
31361
24721
38763
19694
24613
19624
48859
7995
23723
45265
25579
37934
18098
9356
20057
38172
24517
19429
13955
11188
44232
35627
10974
8518
12097
46591
14178
43801
18615
41769
6416
1097
29574
32811
49028
41838
20581
4718
47663
49888
46273
14295
25030
6750
46218
11971
24600
4975
33381
29430
47457
12288
13047
38081
28431
31083
45880
43794
49233
46489
15342
23565
39839
19391
44996
43614
46585
39147
49972
43062
16345
1878
19848
2183
46261
3494
31471
48519
11067
8996
47723
17498
12385
165
42012
41322
10004
20993
2950
28563
7516
1180
18291
44611
17170
44369
26221
3285
33971
7890
35822
33296
26461
8145
18345
36812
31033
3134
38916
37104
31312
12958
41532
3963
2830
11952
4984
37594
41350
4343
30783
26214
43342
48562
42724
33682
4034
48946
14687
1443
14017
44416
12011
10194
4786
14980
32178
3476
49842
31526
22427
9445
22834
47819
49820
34694
10948
20570
46259
43875
10575
19201
44854
48092
4333
23848
22203
11717
14612
3673
46280
35291
19455
11068
8119
41025
37722
1931
24028
19292
3024
46526
17752
11556
39488
13766
38180
46180
24832
47528
2528
1959
28001
30833
41853
47939
49486
11834
32919
31097
22799
10413
26769
45251
27792
28363
6832
6535
31719
46625
19037
11505
2588
16318
49847
43791
20399
46845
43060
45461
38339
28396
22090
18357
3165
28299
32512
24824
42523
29132
26268
42095
29061
31987
25669
21057
37055
6976
40836
48671
34551
43017
39520
32660
6348
42640
40005
34947
28379
30326
16113
29885
8503
16960
545
22976
43815
3954
14606
10207
25495
44568
16060
41960
19264
32412
26970
602
31576
15146
374
15129
26742
14867
13237
3227
48197
41136
46768
37165
37658
34605
11595
4658
5442
35826
8134
13492
32799
12457
47105
20762
11529
28501
44262
27002
29189
18216
5128
17835
44231
21376
9333
13836
25538
6113
48981
20730
8525
46360
49473
22903
44483
20783
19937
41176
29665
43981
6713
40939
3575
18153
49120
31619
38160
49606
8990
40623
37357
740
16220
3869
23449
47082
39412
10472
46152
30919
28051
33475
18490
7423
47356
27267
9262
29543
22461
22453
17675
31261
35622
24557
48157
17064
39550
26049
9839
6209
32301
29978
47274
18925
25585
36076
48939
21333
22602
3201
34020
18934
19168
38259
15294
9125
42869
12960
31594
3477
28888
21867
12785
7228
9746
46712
24577
37780
1123
21295
16417
46471
43520
11860
24488
7703
17045
35261
8105
45120
34941
40135
48172
2228
22456
47962
2590
35371
24869
3511
16972
19870
37206
26446
27149
44347
10925
17439
12523
35901
9792
11395
19181
1894
10369
21547
46944
24563
30870
16550
9121
10436
35229
16662
3089
36558
33780
29069
39758
39367
34858
23669
11925
5660
18252
30199
24062
18470
18700
18861
42327
4969
30966
5609
20398
34233
6129
20466
23467
37972
42974
6605
14099
15741
30186
46885
26096
35472
38520
17791
48620
5125
3706
28498
42929
792
1699
14397
29664
32950
12299
33357
46548
47152
5248
36003
4300
21382
17482
19415
43261
44912
49113
49007
42956
4072
2569
17736
46437
34216
23998
17626
22144
38873
38464
2979
5733
45217
39289
7864
15520
15287
13953
45626
17792
42909
17630
29134
29447
6938
33142
44680
31315
4887
16697
11385
3887
23869
20554
32713
6795
31446
14131
14070
38122
25787
19262
8398
19101
18783
30207
48796
27657
31872
34897
36656
858
9579
14645
17612
33554
37511
23578
17956
11881
13262
22960
17880
47949
12027
31100
20882
12808
49539
5325
40200
597
14787
25288
4171
36290
33293
28816
353
7522
47296
36070
22800
31316
20124
31953
9450
47119
32170
32659
43940
3676
36327
23090
47142
5729
873
23487
13502
46135
25891
15670
39394
5209
40039
33415
37421
20412
7782
22994
11309
27946
41912
46302
33274
3322
9574
28318
943
34816
9103
21638
43336
2774
41007
12176
42391
15423
29217
3897
7173
3708
30478
24083
16605
21808
34701
24630
17462
41113
23790
48629
8132
1450
34619
27828
41065
8951
14493
16221
29401
9890
28288
16855
46961
19251
26330
1140
17562
43404
6415
28809
22908
49232
47463
38882
34031
35953
17276
48754
23304
20038
30974
22730
40779
22525
22113
15381
16716
39181
31114
34264
40973
19527
489
37433
41464
45154
39006
46170
36675
2471
45809
17429
1718
32335
16413
8358
37631
42663
23688
3411
13007
24034
45595
4232
22931
24207
5955
38139
45029
12491
20646
27309
37135
24667
5041
34983
38754
23457
893
16672
15542
42236
41312
13101
15035
955
40842
39632
44249
27344
49296
37088
37303
17476
7626
11422
30605
27571
24641
44726
8695
13396
21824
41496
24697
41921
20683
24412
32615
45973
49389
29545
11139
8770
1551
45577
25051
6881
398
11387
27351
1984
23285
33059
11072
40724
42653
4099
6777
14685
15699
10784
34037
1589
15442
40656
28592
7385
49189
25477
23280
44403
44277
4731
30105
35506
12020
27385
49550
23746
123
47561
24977
23507
3086
13726
39899
27511
36035
18142
41058
29527
48119
10838
20298
41262
33802
1497
23508
33199
22230
28876
47879
546
37728
32816
23661
32777
20170
15192
33633
28571
5077
36646
25497
18182
23982
43598
31369
46592
11321
41987
20955
18929
14845
27227
44587
32706
1132
8188
9603
37788
40402
30471
4398
6471
3938
27909
12675
43643
44212
8581
30233
26055
47190
3414
20693
31243
26173
3003
1414
16299
32205
48459
16296
30265
40428
20517
37831
19309
30678
36351
7040
29762
17820
33941
34661
35246
24594
27997
10290
1495
27055
45403
45956
43166
16964
10951
22052
42860
27384
37581
16937
5003
32884
26853
32295
45858
39880
11271
27740
40527
12448
10956
22885
48928
8826
26353
8443
21587
8538
43133
29593
43361
43131
5948
15383
46177
13713
36587
10013
2348
44509
41011
25244
18975
20210
26238
11181
34865
7236
25564
23125
28017
33058
29356
48372
21982
4679
19216
33876
45935
35432
3169
13993
20258
13585
5787
6506
42614
16407
21419
33061
36041
20091
37008
49290
20835
43245
14813
17898
2363
45507
42782
17419
19081
12278
45960
24754
19563
14297
9089
35200
13559
48932
16235
5064
16344
4942
2195
46351
36115
46552
22217
36839
20719
38405
18421
2591
29842
41596
12330
18481
29202
30270
17327
42878
5625
8513
18569
34023
6858
44087
7591
1537
5782
16331
35469
21917
8561
44256
40794
6304
2646
33004
14124
34030
19087
12515
978
34764
15118
44186
18867
33399
30150
9007
22037
24891
3266
23471
13731
3599
2217
45630
965
26657
10581
13334
44573
1698
2931
49867
29260
10515
14983
21916
8185
37890
8331
12752
9342
26894
15561
34775
41365
5483
12052
30561
46236
15247
6500
17681
22341
46055
25283
37574
48283
40884
29494
46612
11919
20505
16026
24210
28084
43577
49455
17076
1700
30675
38726
1255
6548
28867
33304
41927
20600
24469
8197
42752
3986
6711
14376
3748
43485
15346
21214
43554
46627
38041
38603
14360
44421
795
12867
7105
23873
40551
16788
47932
14916
45125
43508
25529
40700
38702
14660
12558
44583
13319
3069
16349
10831
44566
9989
29887
35570
6737
12846
34377
39951
5693
7880
14881
33513
9033
13076
19570
37481
41295
3289
8208
42604
49402
8085
27400
2549
42954
2479
28593
11239
30421
42338
11726
15949
35890
31626
40000
40140
35430
2563
31612
42982
46379
6781
49367
15322
36361
10025
43987
3671
19185
4986
47622
23480
5155
13802
48701
3307
26148
35967
6625
21549
29676
45759
22428
9
39930
27108
29718
49848
31276
7364
8445
12966
19125
13996
4022
25892
22330
21951
24865
48802
15750
5365
38105
34731
26961
49439
39235
40160
33729
49810
48579
11915
42289
3831
24733
626
27103
27878
41666
8303
31041
19437
29184
48224
12476
46390
17071
17268
983
866
47009
28635
49324
14151
38604
29490
28793
34010
19453
47049
42358
6436
39833
11626
26804
12751
16916
21817
5854
45300
42659
45780
5355
20628
5985
45347
36330
48713
27747
37718
21105
22792
9788
16806
34968
12042
40717
47550
14548
15669
21948
39328
17979
39941
3662
19543
41956
39623
29970
23344
6366
1882
33603
44424
45214
1348
36404
8921
13222
48227
42227
47525
4185
40837
47950
14862
32581
37876
17686
2868
6797
27457
10919
17693
43535
914
36696
20188
5645
46155
35696
29077
42349
35927
26251
11220
35021
22993
31066
35557
16616
32923
37182
27394
27312
39802
35882
16620
6442
48468
3004
28478
16300
1841
40566
31951
5091
9598
30512
28915
25337
36023
30050
14799
47916
4554
17098
3699
29674
46879
47901
48058
44739
14535
3014
8595
14497
35869
29268
13349
26927
47206
2369
20401
22521
4272
1907
22849
11452
20123
14600
19406
32518
448
12127
16802
21692
31059
25432
42988
4116
45926
47909
13525
28801
18285
46113
44372
12496
8647
7218
3923
4084
33684
10927
33155
14715
36820
12403
37202
15641
9461
20088
45568
18766
26502
11945
43476
47670
18964
12102
38688
24191
17215
29563
15351
12551
14142
47654
35711
31086
33098
41489
40407
31507
43585
15376
16502
25315
28872
42590
27135
15916
38281
19777
28362
15602
37950
6844
26416
20099
23919
32868
35528
47374
21835
6293
521
2247
5517
10681
17587
33256
30477
12025
9026
37313
24216
37056
34188
47088
33990
26957
8688
18554
16844
28653
40163
46105
9601
28968
30318
40625
29142
25866
31840
40385
47771
24400
31575
48662
29190
32289
40840
25523
8737
43905
4294
48324
39759
46477
1997
26189
14538
10402
28751
10335
6492
44034
8388
5877
33614
27631
8074
8709
41701
35695
45073
16077
15987
6321
9062
22604
36175
38085
2727
49618
12284
34956
32116
16014
27223
37340
31660
37730
16157
25410
22766
21035
46919
18707
3463
7044
34886
6620
28963
36948
2308
46373
31990
4475
25573
33095
5738
48830
27825
8090
219
12218
26639
36550
9536
4806
47892
41566
22474
14075
13474
24506
32060
8152
20146
15028
1009
36368
42208
5767
12696
20612
42804
26233
12489
32480
46048
560
29714
9439
37255
15187
35499
36864
38263
29365
6387
11989
5618
17873
49300
5974
24373
12221
21178
1101
25542
29544
2186
6257
37148
25768
40109
37350
44240
34366
21965
16743
5427
34100
21107
49624
34855
46580
33751
27857
36769
25863
26019
4416
18595
46990
2163
42025
21831
12612
2786
28855
3204
26766
19916
13404
47192
24617
42407
48596
15796
7280
35125
39700
2614
42196
45989
15022
23826
6655
48685
4429
26192
38701
33851
31603
49378
15925
27240
25132
33959
23448
12084
27393
46639
46349
43388
7073
1633
13625
37079
34935
41252
30200
37070
32606
42708
28614
24915
24497
10888
1543
8900
44375
35097
12922
42713
34856
39985
1588
35806
11553
24340
38255
45979
30156
24840
17243
8013
45917
47281
18448
19980
24079
45447
23049
38410
24814
9232
24818
9254
42131
31151
30433
25609
40013
8268
18813
11263
24693
36185
2554
26776
4056
34496
48082
571
30148
29225
30648
22342
18605
43863
9094
34158
11345
17122
38258
22708
37787
9419
5031
17452
44323
32369
15818
41842
10405
21646
8514
28077
21704
16768
32199
26473
32947
1423
44413
7847
32846
12510
31191
28465
32129
26881
10147
8876
9590
25034
30850
17155
14200
40766
5612
28004
16988
43674
43672
22499
29104
7063
36686
43821
26185
27475
6646
31549
34015
27662
21352
7462
15231
29588
38909
24361
9556
15243
45525
10333
12588
13386
16608
23834
27943
47758
28213
25407
24583
40232
9626
45276
16177
29689
39369
11196
17923
18474
21811
28109
11730
47407
4085
33868
49141
19597
33012
7646
33734
694
14209
34683
41391
1804
36655
15784
43790
17694
4298
44802
9260
45366
33776
25472
2435
12483
43705
25977
39457
1635
18336
13377
17860
28201
29880
226
49929
24352
21318
20059
10171
45540
46824
865
26253
5971
38076
21652
25873
34056
29277
2173
48630
25338
25545
35085
4856
39968
17825
1936
41154
40366
7612
23450
3966
30912
17277
2768
730
1714
7074
4745
26533
26050
49372
27444
7297
3315
47953
41091
10190
3223
8007
40248
19884
24668
2395
35763
17891
7295
37424
30686
36931
15732
36304
44006
15647
37476
43122
23269
42070
8446
22795
27489
24678
19769
32374
14907
8301
36868
23931
36305
45751
21152
41984
7433
46189
17232
587
12205
48062
43877
4322
33280
24274
18332
8898
2571
34726
48918
22469
41646
40425
42823
34675
41653
41182
28620
23721
49824
12074
19931
41381
23539
13026
24436
13354
15859
1608
40459
16847
10227
15638
36336
2095
35404
33234
13303
30551
48351
47544
18199
40126
3142
46300
33934
38951
7062
6331
5830
49836
15579
40079
8607
9781
10599
15045
8469
20669
8854
15255
8639
26112
34454
42990
42937
33695
2898
25075
31883
17957
36744
10120
45142
847
28781
12648
20306
19603
45909
10491
48645
44370
25188
16901
8845
16337
2287
18751
27640
11508
26455
17605
21853
29546
38950
26078
12015
17855
10804
46330
5905
24990
24117
18607
8042
17119
24769
47562
9831
32125
10407
34440
2153
2329
40091
14792
23331
46588
3366
11725
11156
4474
26091
46143
17554
33345
17928
38231
45307
7846
17470
49431
24518
18499
16545
13422
38588
44392
49798
37650
41210
27207
9563
45454
35817
8780
30255
32325
3246
38380
39618
35155
47110
27547
24357
31176
33477
38504
40444
4351
11887
27474
5768
14006
38999
13680
6611
6232
38605
31894
27289
22002
27298
22061
27625
10031
19651
22782
9712
13224
41125
7937
49873
29882
9782
43906
5408
43603
47608
18260
26342
40019
49683
12717
2113
11761
22623
27642
2407
35621
5818
48254
27404
27869
17371
24724
28438
40133
45565
15569
9924
11590
46545
13600
36967
22515
5613
20484
13858
16711
41356
1119
15303
41030
8970
32734
32641
17934
24206
33796
29378
36061
6143
11655
17920
31014
19204
37369
17583
35996
35381
3270
34648
30954
34241
25631
20654
22364
19693
16314
10028
24925
40389
19294
39770
5719
10358
37478
15996
36411
49652
16446
43748
36116
7985
19011
16611
24524
3521
30096
35395
43989
6660
19726
5819
25364
44648
44474
42377
28186
5593
32214
9050
28358
31509
34658
32764
12972
31595
46559
10164
38806
42392
48359
4456
20058
24825
33503
24717
6967
26568
49132
28206
21204
34774
11732
23001
29511
34887
17586
8652
22670
4301
5257
29082
24285
30127
19815
49946
45215
48836
49501
2972
18922
34139
2285
6623
21795
25543
30259
43357
11279
6219
23003
30391
26852
37331
49760
13848
38988
29381
19303
9295
12265
9154
46355
4857
48915
12145
28917
197
20811
40596
48770
24739
32643
23491
3686
13806
28134
7854
39903
14045
8623
48068
26252
43977
47395
25351
16927
27859
47227
7600
12539
28174
23872
34090
23964
18894
10032
23729
1270
22775
1904
44446
43573
7096
25281
41891
6069
26751
30712
1115
28286
35922
40895
35169
42064
11360
13364
37985
14734
34753
6323
41681
12877
33540
18660
44498
12429
10391
24695
38986
46825
22801
11362
49629
49017
33217
48286
14457
45459
6739
45490
22205
44747
46287
48229
22770
48792
15492
45803
15285
11004
37649
45779
35612
39010
13311
22280
35774
23240
42601
49588
40462
270
43256
32446
5167
2965
3967
5242
33981
22170
33911
9072
1586
17216
21820
49157
4234
42955
18742
43757
21089
46731
6269
13094
3422
16617
12880
253
20448
26118
15627
25370
49249
41205
7249
37233
37502
13969
8034
32984
39916
29713
38666
33647
44057
10473
34307
37991
36026
23015
30685
4064
24165
45052
34295
15560
32177
665
4281
40642
23138
38816
49807
43293
34161
11097
20937
44051
45757
6972
21645
15700
32492
17364
34005
11542
3018
28324
24663
21907
30623
13003
14768
22527
2933
39703
6383
24187
12047
37975
12976
17009
46393
20884
25247
13610
4681
8110
47465
38261
17194
16737
26833
47096
40261
115
41963
19244
11383
39978
5216
39183
24793
5616
41434
48223
14011
9817
14074
18513
45705
39203
8239
23903
33642
9483
45184
8812
18335
16663
20615
45958
43000
5285
9116
40719
22591
20935
22476
28409
7552
33739
44061
48725
41509
4832
11688
12257
24264
13099
18824
36089
12029
11369
35447
32813
17832
9532
33896
22262
19796
18790
20548
30770
25234
13603
32056
2733
34491
6751
43527
29802
28982
45165
48878
48213
3924
21872
15099
26598
27854
34280
43288
7742
48854
1653
47604
14327
39913
45209
49805
2411
29405
11625
32169
43591
5447
27823
24430
16987
43561
42997
12874
1133
12076
48110
5118
7617
7429
12796
11522
8575
18331
23690
22376
6805
4634
36223
47480
42014
9272
36021
37435
16524
27941
19504
15733
36844
40755
40609
16112
20443
16607
18316
7752
33924
26201
26335
44846
17303
29889
37035
40824
15766
11092
6050
10076
3797
24483
9935
14536
37550
7314
17260
29895
10255
16751
21159
47359
13060
31053
11631
3109
19494
9714
13990
16245
8348
28654
4972
2129
32453
22640
42400
21300
21941
34992
20729
22582
36501
9104
14567
3224
49072
16930
49173
19163
32064
8769
3756
8546
996
10671
4811
28825
31317
19111
20587
33728
5811
32647
30879
21203
32653
42468
12382
48763
27486
16879
32759
41333
27137
20015
22458
3259
3908
14827
16027
9959
41783
39038
35713
2239
38827
22513
1383
17153
13795
21780
32223
6108
21162
44780
43514
43766
11299
2834
18084
11821
30750
29782
31448
30451
42439
19704
6533
44695
7588
12689
17600
49066
21212
20048
48994
45064
21715
45825
10902
35270
29261
36265
18939
32165
12274
35219
37229
49410
41051
2075
46887
35849
1859
37732
24851
13177
44119
35116
33660
14550
23257
31919
44390
1956
24021
13551
38555
1992
39346
29016
16467
42951
9344
45408
49357
36676
19849
26600
18055
49190
26023
21870
4666
4156
31275
5261
45669
9771
24932
15075
15701
33686
35060
46417
25803
43956
22845
11673
32472
40846
8537
19000
10892
40421
33292
26147
36422
35645
17641
42593
25774
26521
34737
48772
25623
43015
49289
15273
23242
29017
43434
6706
17512
37324
44397
7927
12928
18022
40008
34540
46122
11399
15358
14810
1002
39344
1087
47160
5632
35014
36583
25200
22564
49811
10981
18983
49023
3941
25334
17075
1480
21123
37659
14957
20390
47109
49764
2533
1162
10036
6090
12984
43782
7425
8190
23091
41109
31948
21189
14003
45533
14341
717
21192
27152
31322
15246
17017
14818
27885
11148
49347
577
7689
45554
27273
29990
42995
15731
22157
29729
48024
48259
38158
39842
12560
21804
12728
40054
1620
37256
46219
41837
28194
8559
8667
6082
19462
9665
22632
15066
12825
11969
28386
1309
30998
7934
11021
13580
36784
11378
21931
844
39943
24604
44190
49692
13871
23697
33818
1762
10202
40085
24773
44543
43200
17875
32026
47624
43626
16816
33264
13385
38159
20838
47577
19374
22226
40293
45910
47230
15371
13157
22939
9240
34776
4685
47659
33833
42232
47875
34012
34497
9357
4320
40694
46657
10556
30813
48971
11772
45117
20703
24706
2942
8248
36348
23703
30210
36787
18047
5932
29117
10443
29197
1651
5328
41083
13544
39334
17404
27389
39198
15738
49407
15253
12699
8380
6130
643
35138
11477
9488
44989
46111
38393
27745
46981
47833
25644
8621
48238
25638
38083
16117
47995
12389
37826
26909
7326
29383
6955
24802
3854
36208
41055
20880
15566
32985
28535
33661
19378
18110
44786
39731
41759
31133
26310
11938
46954
9067
43621
39316
25382
44116
7025
18524
6197
40844
35907
9986
41558
44330
11882
23923
6335
5075
74
38127
5071
13278
32722
16399
43731
1190
25681
43138
39576
8254
7013
42787
39018
24422
10334
11520
33969
39992
35144
28610
39453
29791
14927
34460
37239
45510
20477
31954
11346
16895
15455
3655
12104
17544
26179
10610
40346
43165
6013
21129
44387
29188
6332
23862
10239
43707
28546
34652
35318
16346
14920
42779
17733
32929
34211
34134
38571
3665
27265
11910
25926
32992
29561
36120
19649
49949
2713
31198
17442
25031
32611
48734
24714
7513
5341
21553
30694
29464
6435
36440
20661
10834
12555
7451
5825
18418
45660
1154
35809
1499
30701
24908
24452
43310
34841
46582
1693
28149
17839
29668
23749
4966
1299
45775
33198
41649
10704
4357
24795
24827
41494
12818
13381
6696
798
34903
9326
17610
39194
36488
10510
2242
18295
4941
42051
47553
15433
4992
43677
15609
16881
7558
41009
27456
5306
2253
29036
9362
26979
24539
5333
13960
2315
35351
22909
1258
22081
25602
17169
4369
48550
22598
1541
12406
3260
44228
9269
842
38001
47602
17356
2171
24866
17530
36160
39633
21255
46275
6710
22843
17615
38853
24753
47218
27431
13309
34773
5445
4133
263
32308
31426
42221
22668
22304
48367
21827
38976
69
5655
37121
29508
33765
31
37353
32827
45075
28913
41092
46681
22389
15757
23962
16812
36998
16701
41862
28718
17765
45831
18932
30424
36705
32886
19816
28787
29654
16241
4813
10507
45687
40282
10455
4163
12331
12844
41692
25241
30655
40373
37707
49899
11142
42542
37318
5109
17999
38848
22995
1337
47222
29813
15108
27674
26669
33282
34779
36648
49094
5748
15929
28983
20917
34704
20473
9545
18248
18883
29482
39072
46023
29603
41731
11415
138
2923
11615
10829
4852
39822
44990
36886
26360
39603
27334
36599
19509
44345
26385
41472
17744
36040
43840
14144
46828
13946
49146
11254
34557
741
30815
8847
20053
38602
17441
44783
7106
9263
564
42800
36904
24819
12973
49763
40677
44497
36630
28627
994
29385
44125
37446
34396
48002
33836
35099
22492
36271
43014
24940
36166
44174
26583
21322
21581
38397
7053
46525
25744
24845
25929
21246
26687
47391
41190
21034
38047
40875
16979
21130
17225
17012
18161
33646
24381
1934
43914
14106
14952
40501
10362
42291
44743
2080
46679
1040
19932
49510
45398
17604
24131
26977
11908
5673
3071
35465
12040
41683
43420
37948
15014
29137
28189
15302
27549
2940
7532
32186
7414
4015
26750
40399
39266
30863
2969
22755
29129
40664
26093
35873
28716
9374
4059
5097
34369
33775
29028
47952
11774
29968
47020
37499
26935
1788
3758
25707
36745
27127
27451
26870
25962
3016
27984
29833
28343
41476
6664
44835
3541
18203
15424
28341
47989
48986
19021
11007
38566
40697
10737
44000
15933
42168
14812
401
23284
41555
2
3405
22625
12326
33906
32505
16741
39598
26429
25221
5981
37777
13639
2715
39797
23943
15767
12970
23116
20032
48791
38703
15675
40151
40166
23743
30349
42413
2079
45026
43658
33546
39646
4510
30582
9351
49885
33789
5184
2035
664
37817
30027
3698
45557
15528
4445
34893
46664
34620
27639
38348
44243
5834
49979
2927
4848
3746
7550
13537
37155
26494
4633
4925
30662
17019
2382
10054
14259
37437
18579
38962
47057
45902
37960
13347
48121
38682
36506
12896
46660
36573
30893
32405
45370
26190
7432
46119
31852
43232
13173
29672
5518
2370
41971
4779
15211
30703
37483
26679
41631
44008
43298
36529
26007
39375
27963
3338
45755
47099
27064
13435
20208
41855
34783
37106
11814
39070
9735
7475
46685
24234
7099
7751
20751
19433
9561
46085
10612
18693
6502
27104
40258
9424
32918
40926
31836
48126
21002
8457
25478
37688
29596
31994
24454
25463
29445
30005
26202
43513
49755
15389
19679
20423
45200
20462
48201
29098
44075
630
18124
26605
8552
42352
23566
6182
33457
49087
21465
14915
7436
45827
2636
37599
29984
42473
19484
9974
14191
9572
4235
8764
33077
20792
27975
37847
22062
16053
41615
37733
43211
27034
36092
7090
34955
9613
4739
15078
23289
20248
30826
37953
46233
4671
30549
31122
1844
6764
12820
25019
43114
27809
19288
3096
26224
45896
18887
48037
49883
1525
36302
13846
47376
5481
32640
44247
1723
20848
47540
24392
28973
19056
44685
12175
37236
32192
33495
18666
40001
8665
13924
26763
1266
9892
44757
30749
25260
25777
34691
12653
36670
39021
15743
44126
47414
17321
42566
8668
9397
29798
7569
33464
41749
8158
7905
16707
37497
47368
22815
6658
24850
44919
42928
17377
20958
17773
13503
13030
8307
37680
5885
23229
48815
33933
47360
43455
35299
24983
12556
30821
10560
44676
8701
31346
24732
46604
22529
26283
24848
20608
10396
35880
46325
20251
38221
46895
19577
2803
49182
41630
10880
41680
265
23689
41514
21621
11577
16660
12303
28243
44586
4790
46955
49529
46964
11000
46069
33657
29214
39900
43387
30360
42244
27844
41233
40057
25322
10825
16086
44871
48638
30081
19237
29610
5695
5966
18550
37040
16609
29933
10609
30000
45132
8869
33093
7700
26164
40944
11885
35189
24516
24225
19074
36000
22105
19983
32134
37297
15214
10458
12902
30145
15539
31273
46999
17025
36915
45727
205
2493
6511
32091
7940
4877
32739
3747
6608
44682
25611
34240
929
14237
35906
29484
16294
40225
32046
3872
44907
34486
18831
23591
39898
47346
22261
31237
21972
38761
31355
46370
3719
26835
32684
40190
9478
23742
28301
45613
9630
4019
15565
32287
29972
40370
15782
32804
10003
19192
23571
10571
434
25096
8868
9325
48360
49702
36258
44667
24498
36627
19904
7813
166
18780
11699
41194
48657
33081
41826
37250
32765
24589
48158
30651
13192
10303
17913
5707
17218
26456
31290
23154
27727
41062
38711
22371
13478
17415
39552
15781
20070
41360
32877
39523
22784
12367
25270
16464
38917
11428
7996
2638
26878
14238
37016
10131
3975
35865
31329
27800
30175
8804
45713
33354
41629
3202
7732
45578
19364
31417
21276
42015
315
37661
31928
94
39154
27012
37935
47807
7410
3526
36443
45586
35255
46762
43532
27315
25575
6596
38662
29275
2434
10397
49856
9539
15058
17633
15399
34585
3281
19342
39056
22305
23535
35775
10699
34449
49246
11729
13098
9257
22021
13658
45221
37482
4935
28975
30465
23687
5534
6850
13522
26464
11457
20635
42484
28464
14766
47779
11512
35416
33002
5244
46789
13090
32363
11116
45686
34714
9508
49688
28782
30622
9847
9045
37418
24063
24562
21264
9285
21759
19551
28755
16634
12579
48700
13294
32673
18678
21738
28741
25935
8933
44880
12918
20583
46745
8897
6367
10168
14986
26062
29528
3697
40505
13209
8798
18969
33825
5222
44710
42968
30392
470
5968
12263
30511
2324
73
17629
5237
46163
46763
46690
37039
47915
48733
17360
21496
36544
45781
38706
8260
11852
31853
32579
46058
31617
20
36883
49633
38792
38103
41793
33608
45045
41364
42821
5498
41934
3160
20531
36932
43379
47378
41183
44251
45599
8817
5800
39710
21445
22274
33333
3704
46513
49273
37566
34510
40400
23552
18909
18642
30021
47216
1705
7361
29835
35078
35533
15496
39174
3336
47587
29408
21637
6369
37262
22593
44304
45360
1329
31224
18017
18370
625
48349
45497
23414
24533
18910
2663
8169
41990
2182
14187
36543
18455
10322
533
11891
35370
8377
39063
44812
28191
27533
40405
26971
15507
36261
38409
19285
29224
13579
37441
36318
18749
2764
11121
15218
6239
35363
43576
9862
32889
25186
46487
43690
38272
17665
32769
24542
36147
17977
785
39126
22114
12623
8615
15684
11105
21381
20998
25521
18802
43644
43475
32220
435
37053
16859
29473
2346
13591
19941
26644
7585
21043
4583
49835
7551
48314
46724
20472
3993
46799
46704
38930
5544
6690
14598
33749
27932
10547
30788
40029
33455
44090
5457
17067
38783
5079
34525
5295
25290
4844
46581
45061
14015
35203
35248
36662
33918
32133
15370
20814
14636
25889
17782
29125
45048
1716
4502
39332
43030
39202
8279
38424
12151
9259
22004
33070
38396
3490
30010
32381
6576
6151
20864
3268
21624
12440
3668
6867
3834
5275
48400
13279
37388
13697
46737
10988
34326
10281
40287
19615
39755
1828
17573
43789
35096
14581
17533
46369
41331
29023
27703
43600
20957
8825
10002
34457
18058
6100
42761
3442
10260
37857
43511
14450
23192
14311
7483
44237
24715
25203
36009
38032
19865
32515
42094
36837
10662
25865
7103
2800
3473
47453
23490
37447
20154
9825
12616
7605
22202
18267
11424
2006
14252
48786
31258
18406
45818
38961
46388
9052
29312
8907
43143
25906
48128
7049
46336
11543
45771
31415
16208
38881
22567
37717
37363
37159
2267
7584
3009
38970
14398
23439
39386
327
42662
23877
10128
38689
35251
27391
45303
43038
27452
3822
27588
49640
13360
2922
21611
38500
48834
6270
18205
45485
48154
35343
21781
23195
35921
13516
6283
10940
36748
9462
2096
10574
48493
42360
34299
10711
33645
18379
47233
8029
20143
30309
12640
42079
43191
5746
25087
12139
29570
45721
7783
41641
7695
47848
41660
20558
29639
32841
49294
26319
25648
33791
17677
34853
38266
10627
10586
289
9277
3895
41250
19330
30303
31573
41517
24519
32211
31178
22906
24874
23853
1737
35129
24166
25099
47980
48199
39454
4190
18123
20042
48658
34200
25202
41111
31909
2788
44485
35571
21482
14717
10017
36513
23299
23207
38932
30728
49380
948
2991
8285
22136
43409
14043
26305
40052
8776
37849
118
29120
40543
45509
5843
25700
26783
10014
21013
23852
38057
9039
25484
199
6431
12183
15282
15975
20804
5394
45681
15914
49731
41955
22833
39502
38113
45773
48218
32993
42344
1045
19447
19748
14169
26567
40811
7913
34111
28397
25275
23266
16075
46606
16750
37493
26960
10910
40589
25965
49121
18229
676
13532
46837
20325
28857
38495
45590
12609
45776
41161
10714
10830
13832
15557
18278
40868
30111
1528
8284
38151
32666
13124
2280
2379
32633
19791
28460
34106
44165
27131
48680
35262
7390
7313
6329
24948
5179
6398
26454
40558
4838
8154
16885
2870
18530
26531
40427
29066
38954
25391
26044
8211
46282
24571
256
16234
13626
28813
6951
2825
5106
16090
41634
23270
21857
32564
31005
41800
9549
34875
37440
30646
9372
47704
46380
43323
19501
32342
26924
26754
37750
43316
7954
25584
27693
7893
18088
23821
48205
49734
869
328
8040
9055
15152
32208
4344
17704
21634
19623
30808
24504
11011
22689
44046
18781
31131
39430
15957
10595
26736
27918
28374
47707
28099
37768
12702
42093
40197
27632
3635
16665
33009
47957
23389
30256
12113
49622
46614
39066
23984
488
24428
27318
26183
31684
12663
4452
24748
19061
29041
40977
30286
24881
45046
40912
13534
4952
13355
22818
34057
44488
2884
48449
35509
37999
3865
46593
33977
34636
35593
10390
24315
2008
28837
40861
28735
31043
2463
5894
38844
17320
25293
32522
8583
9228
23327
7611
19647
37946
41792
24507
647
35275
47511
13395
23655
39691
20019
35500
34717
1547
42442
3318
41046
10639
43765
28021
3978
43071
36168
16129
9982
20803
31057
39336
35329
28487
48431
8599
12207
7549
10593
32017
1725
12903
30711
24462
8549
25519
14378
23951
37304
8890
8916
42380
32821
35390
34336
44553
8287
31340
36908
15938
15724
14061
18411
11514
1823
23891
12298
28096
38330
23843
36532
41992
33502
28398
19313
30609
16215
41485
45834
46412
15110
45814
49545
18325
39140
2083
39044
42174
42879
23586
42180
30404
38995
29368
17627
44712
36083
323
33308
41045
22395
39482
1838
20567
13483
33560
37973
17437
25020
43264
31866
3561
16164
20695
8464
16883
11110
47413
17006
43544
35076
47519
14962
3674
14529
29817
44735
16897
11614
34245
41081
47537
47886
18731
26601
30530
10421
24736
19105
33889
22033
25949
32371
33202
12204
45448
14147
43089
44171
12701
48397
2654
1082
23548
21935
5903
41054
25305
41664
11074
49483
42744
34226
22135
993
18189
27660
1672
22767
6190
5288
15215
41209
14817
45543
17582
41093
36647
47502
48625
20817
24888
6943
39233
43941
10237
21577
35360
19195
15990
29777
38939
2150
24054
27664
27519
40291
26952
2829
33472
46853
45268
7448
3755
39310
4796
10965
46797
12008
8342
48951
12404
21616
35489
20299
42009
47322
18419
37938
6823
12831
26861
38652
27292
48525
48385
28680
3216
23168
49103
22785
33526
17907
40192
31421
19684
26630
23455
5176
2481
22999
635
32388
7939
22080
44599
9330
4548
14523
2408
41462
35567
24856
48829
43697
22030
35230
32933
7823
14911
35925
11440
28674
17505
24114
37195
26411
29487
12365
6490
22091
44464
5367
20617
36093
6641
44029
5816
15317
28470
21625
44490
40778
23602
10442
8521
2509
34846
21146
27252
43560
39276
23917
36135
45876
45678
20374
11877
279
31689
47975
31403
48348
44745
49571
42514
29888
8191
14198
30990
44619
19586
1884
24067
21839
49891
26807
15826
42641
31015
2728
46251
44175
37235
22984
7755
45905
13675
28659
2858
23317
22969
29154
35924
10839
42456
27361
7362
23563
16761
49282
33158
11523
6894
11466
36431
45287
5871
31918
49666
38035
18882
10796
15573
49261
46423
12888
39909
19909
48864
36260
8741
1719
7070
25603
24649
24737
12479
11305
5597
13793
40762
49793
48443
19057
38313
40963
29719
46358
28863
25724
41672
15555
31032
15237
45062
10435
17089
45702
42030
16969
48056
21501
43207
35289
2338
25616
1572
17421
30408
77
46778
13605
46641
19894
35680
22244
27761
19680
12339
3596
18128
38137
35093
3046
18018
6717
39638
33326
40235
47351
2847
15974
20697
15143
46169
14199
7837
19349
5750
27777
27197
20623
18773
40894
20414
41031
13973
31353
17781
23559
22180
7293
24116
17967
19323
43206
35697
1687
45285
18299
45531
7386
6672
36732
7891
13133
26425
22821
32444
44532
35247
13122
47526
48478
33641
17769
10911
3337
23939
5124
13847
29461
1055
37394
19928
13621
1520
7248
13772
15862
16834
45591
44908
4161
7167
19015
44111
29609
38568
6106
38635
33905
14935
11437
22204
14206
40807
48470
40076
2797
40691
19605
27663
30108
41298
27850
28241
31839
10709
22890
7677
32320
8393
27371
27442
34595
20700
43519
40533
18356
6632
33510
21233
37383
21272
1073
13529
48322
31764
48087
10465
16736
46357
21721
16257
28894
8903
9286
13463
7210
39990
43922
34876
12193
38600
12168
49481
23088
28143
22132
12340
25791
45359
22101
34006
8156
24804
7065
37285
22586
34494
15326
27390
6624
24027
47973
13822
15744
9447
11639
32726
49932
827
13033
41102
38681
19413
35490
45032
31238
14526
5287
24316
42248
17091
47849
2010
5879
12169
43647
18866
312
39411
17203
36353
33857
6529
19003
15073
40372
44023
15956
3373
17618
24513
20541
22422
29683
2860
11333
13491
37516
30922
28300
2265
23526
28651
34268
10448
28095
46235
24453
49919
19561
3467
23080
37976
17285
10434
15932
7908
10827
21876
35309
6015
43701
42487
35036
8671
48490
40881
28274
7514
29250
49728
31472
42040
16625
46310
31105
29637
23642
24241
986
9151
28646
40892
16838
12777
26689
10770
1439
17083
39675
17619
43123
273
33240
42129
17994
49416
33373
22005
21459
17402
25170
3409
44130
22613
1373
13787
37994
20889
19861
26424
2716
17042
7225
43817
48751
32111
12445
38314
10604
19089
24565
47651
18740
44512
2302
17448
27706
36280
39960
13316
30461
23810
43203
14386
43340
47984
40472
16278
29297
21749
5492
31711
16319
41738
40887
4541
6410
8412
29352
28690
20350
10522
44885
48578
3141
15266
14573
39226
38239
14759
20081
44925
20107
30227
17254
18571
24397
48379
45401
596
40233
28369
28332
9724
11453
37839
48747
24928
29488
5226
33152
38579
7986
46862
40114
9658
33130
21578
1981
41335
4440
36153
49851
23757
1091
26037
9737
12552
27928
45874
16230
36977
37399
9069
28065
34847
25103
20403
23451
2243
777
3945
4385
10527
12108
41726
11603
10499
47264
32158
37046
41334
11126
37025
5208
37843
46707
34542
34153
17535
38203
26538
44024
31291
21384
12454
7011
28830
2314
29330
39392
40122
15334
44715
42685
31700
24038
38089
23934
2664
35068
49792
28778
16187
12630
44792
11016
12914
25501
28314
21343
506
43003
1826
26011
6681
32945
17422
26596
19560
3744
41667
26361
17892
5562
23136
42466
4303
32847
47997
20500
8593
5330
3299
41708
2755
4083
29773
26755
2749
9341
14277
14308
23092
37181
26876
2480
15
41511
22947
21969
7534
11994
15671
10463
8437
39574
37376
42906
25816
12296
30559
23187
9079
1566
46913
32635
31598
39669
14808
7469
421
9522
19747
4030
44639
26726
5604
89
29438
37692
33408
18635
24138
953
38164
24585
49601
11112
22218
33541
24390
11123
4746
9584
44195
34720
32536
46950
13614
36018
34405
20295
34335
8351
27865
24627
47559
2952
2142
34141
20117
6744
35415
36436
22654
27960
39549
37814
19872
3311
10833
1820
100
10787
15046
34627
35525
3553
29684
21869
45020
30155
25591
27999
47494
18656
21479
44244
44449
14835
9879
24829
20537
36634
14392
30774
24458
2595
3649
16440
43587
5335
12267
20486
22117
36533
31469
12735
8274
22777
49559
38376
41121
23025
11219
46440
43892
12407
37330
12426
8635
18242
39014
17700
15470
2670
42160
31296
35088
11322
46448
31139
12453
47469
49990
42286
37172
4564
17673
6271
38486
25473
34891
27305
13674
35530
38451
8135
1655
48768
35481
19182
15547
6378
3344
21823
19962
22287
30380
1346
2151
13923
6365
49507
44287
13940
36155
21024
34358
17142
23504
3028
31644
48484
6787
46439
14586
25845
7466
11028
22265
44790
16553
21345
43335
1313
14050
30066
42584
28704
27722
21905
38891
38235
24355
11962
32977
33888
30280
42648
37556
32431
22707
46558
8151
26286
48000
6296
45102
18144
22057
19926
18657
45802
41198
4626
17602
7108
42462
6877
40797
42296
17603
25550
18992
15628
29948
17066
22254
46307
32268
4850
12775
39342
6593
7816
28434
3182
9302
30473
35498
42771
2852
18475
28798
41052
4620
27420
44791
9903
7536
45015
13402
4829
7932
33204
42733
542
31282
16906
48891
15846
39376
20352
1906
7554
45587
45845
46658
6604
25078
12950
22705
22667
38975
41818
12388
28773
30420
10320
26289
30657
32825
12726
137
32909
11613
35375
17992
36478
8888
47177
40306
29996
43240
19844
30292
32399
471
909
28037
2892
13420
45463
2534
49531
45309
6675
2394
8300
1310
27851
646
35745
21430
47026
37965
16549
44444
9453
30792
24389
38071
11666
31179
9864
27242
32082
24876
15109
34402
18067
18363
30936
2597
13067
42353
14673
21283
20062
46893
26850
1879
19451
13305
11706
35186
23912
13776
40412
37208
15876
42579
40181
37049
13577
12056
32377
40980
16914
11998
37974
10221
10130
42894
4826
37852
48806
30330
40243
37288
21102
15487
20063
16842
46343
3806
38093
23441
11352
5676
40673
29434
18132
20257
4189
2575
9663
6446
20396
13952
28747
49186
36467
16671
18147
47955
8098
31657
14525
23485
41789
4721
26200
4071
11094
14924
33322
26135
37430
17548
24811
7653
37719
42843
13221
5824
12356
14417
31491
16302
4052
41265
43484
27031
48355
11439
9971
14893
29360
36477
21665
27096
31351
11719
5606
41108
39931
2246
44864
26628
45561
8923
22185
4063
23656
49511
47656
14276
45853
46708
28142
13677
48249
9609
42806
20296
22297
15776
6233
22356
10238
43618
44930
1451
21746
28238
47929
45734
24228
27566
1911
18871
24351
34104
23458
42211
46367
23470
4976
45807
44447
9690
46560
26810
49313
1353
9947
29599
11045
23186
15224
42749
32163
4781
14736
7247
216
34751
4843
8431
45927
8881
3606
27301
37439
39864
19719
41991
24332
9836
46945
5813
32727
16225
9498
34320
47077
3936
26931
7524
4231
28870
3446
18750
5809
23846
32779
3624
28812
8247
3050
48903
16409
10828
26774
7911
42017
34075
14281
44284
14530
33521
31107
18253
2109
26922
24297
33783
49234
45238
29845
2207
37711
16796
49163
42529
42507
21699
12990
33468
803
6828
20411
21562
43778
38473
35001
38241
24675
45797
37368
16250
42719
13735
13835
26047
16948
29127
30734
2063
9550
31256
15182
40038
36466
47459
5055
3036
31535
31341
9942
36375
23776
30856
10778
15353
22763
48534
40196
452
15811
10717
1872
28502
32828
23617
19304
26526
21720
32961
45387
37978
30184
10450
46906
14767
42053
27541
3799
39714
12873
23193
6798
18164
27886
28450
1268
3481
17559
42541
6803
15788
36953
6005
14367
39110
28305
14570
13416
18567
5954
12770
47493
46283
4414
37527
9490
8850
33143
16829
48769
34474
35715
8810
44172
40581
17720
48498
4997
12773
2358
46299
633
15337
22841
4142
9048
24277
17847
26695
4988
39541
18994
9335
45924
16666
42589
7058
41423
13634
26676
30313
18717
32896
37333
33723
44830
35166
18901
13028
20846
27589
48712
41277
28882
13465
10660
10727
38587
14545
2268
19460
40413
45358
39241
25193
5375
45111
45965
44886
44700
18460
32607
22709
24153
40655
30525
8533
34190
38435
25392
47516
32979
35334
22496
43305
32343
28119
43839
38173
49906
5010
723
22391
45039
9196
45824
3482
26954
35008
12269
25806
36874
885
48410
35393
42645
12468
36765
44708
49305
3815
32210
7124
33443
25537
16584
20037
17021
19274
27524
27189
17710
35354
298
15922
7440
28660
22872
1369
48750
23407
18212
6656
25308
12228
11619
45167
27341
40084
34598
12478
48035
2026
32050
19958
1813
17365
41170
40870
30327
39532
11728
39724
25566
1197
26738
2659
28590
15100
31906
34435
13898
28335
41324
23436
48406
13061
3354
695
46035
1479
9546
950
46309
2272
32176
19222
10029
16568
47266
43584
22761
30505
44897
28086
11197
25348
38433
38038
19233
719
41587
9074
12352
5575
41923
17190
6643
21200
22819
9790
14823
25145
14415
21285
12996
49673
18431
17829
27892
21666
42281
38791
33879
13017
8014
4262
5084
20823
11865
24122
10730
21380
5374
37696
24553
16769
45259
38837
24314
43879
29598
3849
27618
6118
36608
45777
27831
2459
39414
40148
46916
30411
38551
4048
26844
25963
39658
27957
24419
26152
47408
49800
229
3011
20364
13452
41255
37298
39581
36210
22518
10997
43230
2201
29937
1779
44137
27218
16845
28223
23647
11737
7882
18292
46416
1817
43053
14649
34087
27672
9542
1654
43161
33216
32086
40705
42212
22257
29103
1701
29025
19218
24344
22490
29254
25759
22355
40521
30933
35673
13704
4571
32283
46245
37803
5998
19620
18436
46476
42616
39390
21967
5218
5267
8471
6474
7009
34700
34963
20712
3195
3820
32401
43869
6879
31542
15639
9718
39419
47246
13332
30586
47882
2693
25412
21595
44473
15837
5526
44365
5959
46248
33133
33497
45704
44009
224
34506
4613
44730
38684
32439
26765
28048
48741
13900
33318
32345
45700
32838
29695
48805
23342
26277
41831
23362
12743
42639
34932
24529
26254
30460
22574
31630
2356
43786
5316
7652
36926
45696
49361
47143
46654
14868
918
27590
2323
45090
40714
43635
48652
40147
1173
43501
39844
30693
8452
32440
37614
21814
31327
37753
7868
46356
25822
22896
9479
49395
36209
12485
31185
25601
33873
1546
36174
47646
45707
43749
46316
22293
26975
9161
40498
16807
32866
25373
47796
45597
26210
7685
32249
33505
6495
31809
33935
3996
7453
45368
9774
43366
18347
24353
8591
47106
3537
23437
9985
7673
7160
46432
973
7000
40088
46734
16259
23044
38130
20940
44435
2726
8428
19619
31668
32975
12911
20311
32419
45212
15564
35233
33735
1560
31354
16485
4569
407
19268
7711
32976
7269
32602
23532
8379
41316
34953
24145
644
45603
40020
42319
26729
29390
38691
49447
43271
46535
29444
28101
13487
16261
5190
7187
43010
23308
3298
39914
26401
724
18687
44460
21809
34591
42206
2836
35633
43468
3449
48013
25059
33302
21451
36472
1542
5262
31584
41586
2014
17185
19215
39660
14871
178
29371
12251
8633
3008
46878
37339
24905
13065
18158
29375
38327
161
17914
15541
27656
42446
42561
40594
15387
37613
49643
49722
5878
2124
46031
49892
46076
1494
24752
20022
9320
9400
7273
48370
27084
48962
22798
30799
9906
47056
22306
48347
13932
43356
40676
39788
20422
44475
24750
23079
11685
26256
1873
41968
10859
16460
36059
30289
19446
17059
41066
44643
13524
18978
49400
29319
3859
204
21432
35779
21231
48904
12103
17369
34736
16823
31017
12230
41933
879
16393
37162
48492
17740
13077
9061
27581
39213
10863
46406
20349
25637
27874
34096
49335
28256
42658
37264
24333
4588
42368
26098
13282
41332
11873
34187
7649
40957
37124
15727
2606
12650
42576
37588
28629
14018
16680
21313
18628
33307
40574
26115
19587
33993
27337
43313
14904
12564
25717
27836
42922
12625
47282
27269
32209
39851
23294
18125
25077
17668
23520
28348
2809
34738
36753
6617
7977
48605
12658
41086
5720
38119
5085
5708
42178
40469
17030
14059
27816
15839
32491
28715
41972
26632
17966
25505
19103
43121
26079
31803
35476
15219
49390
31774
46714
29020
17844
6733
11207
41392
15978
40784
29517
609
37355
32921
41698
40398
19116
4870
49345
24232
3880
24339
24751
31635
15190
23695
16724
27991
13901
14437
38977
28746
23147
7087
18818
30972
17649
47895
9009
43458
45140
36069
48276
32529
11519
34725
26392
8334
1617
23287
640
10741
7444
14950
49250
27793
24633
2832
7330
32200
24197
37205
31887
5214
48294
6131
5658
35269
30134
1751
28384
17810
37099
15456
16800
14772
7077
33707
40688
30441
6375
33376
24132
2139
47098
48435
39103
31478
13754
16473
23733
46378
38298
36236
17724
48382
18843
18442
20588
26402
33708
34424
35986
8429
19919
16015
32324
34063
43013
18207
14319
10516
37096
2758
10186
47041
18852
9293
45047
18796
36540
34459
8376
7318
9064
9918
227
39405
49795
3239
12237
18616
47055
4714
32323
35051
7851
410
12054
2826
19558
23038
38503
20061
35769
13721
27458
18044
34489
38368
25395
8978
47899
46881
34103
1362
7118
6735
10565
5159
7254
13813
27734
18710
20904
47271
26486
19068
43192
31539
44683
12174
26157
27890
15682
8425
634
43034
44853
30162
46836
15500
21939
32298
34302
34672
22840
2238
41019
47262
32709
10899
5675
11035
3183
15021
2526
8613
2271
5105
1958
35985
47870
25246
20467
21378
11401
16548
40652
30724
42256
34067
18533
162
32340
21332
6018
44346
48313
37740
29529
27111
15479
19007
14046
33610
45226
23123
9744
39291
7818
42915
30671
299
35451
47532
41949
11950
44732
39022
2301
21068
13775
21400
28722
932
30058
28506
3382
42644
22956
40021
6164
3589
3475
816
12239
45642
7461
30702
8384
41267
19271
3174
15272
13629
23059
26919
32844
19718
23808
1406
45429
25750
45432
15434
14261
36574
15536
867
4237
40858
45392
17703
41773
36741
40102
22894
2992
10497
11260
4005
4642
14433
25011
5217
34418
27113
26114
13115
9684
18647
3088
1630
32784
47732
4958
28717
19609
48599
4345
14474
34541
10330
41191
28475
41781
38067
18739
37873
11108
39692
36789
26362
25943
18061
4555
31496
37745
2660
13786
28566
5441
32352
37316
20316
34376
15348
44953
36081
18732
33156
39860
8027
40933
33082
23652
27813
25265
15521
14444
42567
20382
19996
5550
24624
32998
36321
14385
34989
43028
22268
40911
42450
41896
15942
21586
38411
36581
6048
46965
48996
1691
29341
30472
17275
14127
2740
26792
19648
2648
9258
17667
20182
15443
2773
6804
16421
29736
43530
24107
5475
1151
11764
36683
30632
47872
14145
41064
45334
29409
7500
2298
28292
17900
23657
45383
46970
23968
9220
38447
8526
17567
36286
45901
23753
2050
17854
31200
39403
10279
40482
44836
1806
28920
27003
39701
38260
20550
9367
40897
25289
49783
1640
32316
13511
2682
24302
42868
37895
41280
12704
24342
28925
31192
36114
37736
45539
13817
28482
49625
31589
31236
32535
34078
15222
41778
26564
14505
5944
45278
39588
44118
15745
33579
37367
24992
12354
36419
34289
13808
18508
28284
17628
3001
43276
11172
15804
43912
38958
31042
22611
9494
30348
34181
2956
17204
33433
35044
17622
8381
10007
5991
7637
1166
34766
14624
22263
26372
4192
6274
17772
47276
32700
14040
5101
18211
25923
48376
27088
9880
23022
42876
29862
28161
20875
17778
13243
45712
2181
28573
35212
32051
8669
14676
30848
49185
49696
25313
49834
29956
25606
18179
30956
22936
22786
19553
8947
11087
46092
4709
808
25006
35156
17501
14156
37042
5212
48147
39841
33456
19780
4312
16714
49265
21340
13306
19432
39471
8203
13807
10623
38338
14697
37708
13197
19078
17370
44890
817
34252
29981
42939
6051
40155
21528
22605
39287
1599
44554
17584
1892
29916
44748
33432
5392
39069
42883
9365
22452
38745
11221
2714
29923
10488
40099
47530
19297
45916
22006
14699
7621
23554
17002
880
15851
31792
34001
15848
12887
21076
9886
37841
5040
26232
14489
15941
17161
24785
17666
30939
20794
22013
39745
4041
5465
4260
16004
9084
26324
28673
37231
8663
10736
42759
45524
16600
29896
2995
30412
16197
14641
38736
8519
11406
29584
23630
13964
21396
27182
48297
10669
9058
19445
32462
36952
17970
27690
5555
16747
7430
27369
48482
744
20897
20492
30764
10519
8224
29410
8551
7518
40272
35120
39363
19752
1238
26274
24250
28779
4277
37451
45692
23099
3381
35821
44642
26272
10099
29613
40016
28631
36346
4314
26034
23400
10749
45710
19310
34911
19157
4590
21326
6326
48735
236
13573
34803
24156
42925
11141
45434
11157
35242
1900
22922
40119
28296
22634
23282
42867
21567
1196
33330
42684
4827
13994
9620
9087
14123
26884
22250
2332
39468
41196
12622
3543
8401
135
38996
45795
41609
28518
1468
41670
29238
39304
9457
22100
5088
33667
39060
42695
33930
3740
9899
4591
6103
20010
662
42148
7832
11539
46807
5446
32855
7674
38929
19890
20659
4173
33639
20139
30600
23323
5962
8744
14761
23076
823
23233
16258
43068
28684
16159
3972
1193
38058
30901
10179
31656
43900
36221
37684
13545
2504
2795
13300
1490
33613
32982
17917
30347
32702
10764
14650
15854
42453
33886
7729
37673
6457
23145
17895
2294
5507
17133
37296
4309
4908
3129
34898
29886
27447
18116
1075
31031
33272
42780
14731
21199
36666
6970
35070
7284
34505
10380
34523
7771
2781
30759
32471
9239
18997
35383
16262
2780
5967
40702
46656
33148
8880
15202
9049
34746
8727
31280
39935
10347
46977
32744
49024
20480
6473
605
14617
37595
15053
23409
1412
43450
30214
24130
8679
40120
16127
10052
40214
45886
13845
28622
15680
31235
15375
11302
16592
47671
38596
31194
23527
29797
21460
33766
2835
29960
13712
37869
31586
21260
43054
30049
43370
48695
10070
47684
27140
32990
31679
19881
44896
5035
19387
2679
29753
47681
31025
44200
27762
39381
1047
12890
6742
15899
9429
34561
9618
30866
16527
30030
3193
24909
13519
5758
45094
40072
44929
29881
38528
38181
36074
1923
22614
36764
45709
27100
48696
12335
32693
46636
31706
44505
21164
319
44434
42460
530
6045
31481
35739
20813
15048
25466
47016
32664
20893
46815
43958
30361
3885
31794
33033
17511
30825
37129
47145
44825
10188
35392
30197
6904
18071
4720
25709
21122
41543
22760
29632
46083
43830
28930
49984
10722
1488
13782
126
10738
21036
43602
22537
23799
31217
4798
42445
42891
24478
44134
18715
42582
3545
1062
39047
1720
44066
13659
14622
12188
40991
13493
49681
27300
31698
11708
17379
9322
29560
27806
10541
11396
41774
35210
40284
42844
4293
45815
21838
25742
4390
13486
30725
21269
25439
36582
21449
22837
43827
2850
17676
29932
13539
13428
19843
12279
38590
13949
18547
27910
6503
26158
9051
5705
33812
24004
1865
23447
37413
20129
16347
36373
12626
16495
19862
45724
6568
35162
16767
38591
15831
21117
46065
10067
47196
8999
821
31860
10748
27030
4461
902
22744
8761
18157
9143
26302
707
6774
32776
25976
5370
9970
47687
35975
28539
24612
39764
5838
10383
14354
23909
14241
46570
44383
1485
37687
27499
28233
6409
16439
16878
35707
28138
26129
26393
41184
26325
40891
12617
41737
3329
18518
25502
19266
1548
17901
35569
46766
20187
46792
8157
42859
5699
28515
14829
44396
15144
16643
603
10677
28905
39059
15952
44378
31694
21025
47128
19354
35316
49573
44286
8133
18757
35987
11491
18469
22858
20468
29449
37452
15151
6132
43202
49253
44260
48373
49586
35848
41049
8006
4365
31813
4581
23683
18286
41413
30169
40544
33132
48930
32159
44517
27510
38751
21694
20535
46384
11070
14710
22941
42736
1248
17659
20538
48041
31332
14396
20086
30283
43557
34778
7523
44851
41505
1708
5573
30498
27766
20501
3910
37892
17971
43856
45105
25931
21464
1660
37257
19009
3772
6627
42147
45199
15519
38782
15415
22124
27585
23878
49706
39366
21500
40907
38381
11970
26771
29005
8889
15998
44123
28261
34914
21131
38448
12282
45386
3585
47240
12744
26581
20133
19481
33514
48967
46450
21346
30497
5373
22327
2233
11727
49159
37126
7886
19392
35372
9861
8640
32670
26546
42370
15295
5151
8256
6356
7288
1458
20930
16729
13188
6861
13182
16422
14590
42310
11765
21020
21504
35800
21071
20679
2169
8685
18329
12184
3625
10761
30083
7176
47951
12615
43686
4936
33076
49397
19800
25704
14447
8061
32859
1871
2397
32895
1106
3306
7291
37263
7592
17386
44229
5366
48868
14260
27405
3536
6168
31018
46051
38469
23023
42019
18026
16183
31072
43515
30955
49562
20290
24581
28136
5296
372
37038
38021
35089
37286
32410
43774
11592
44368
49858
40012
24051
6528
23767
340
47695
2782
43866
29475
39641
36973
36425
47851
30944
19547
13703
46536
39736
41722
30606
14519
35534
2337
10619
2205
29073
44052
38913
40964
36507
20642
29572
4296
3900
37591
44754
9465
41396
1912
34221
1437
6969
10631
15545
35823
1518
661
23832
23254
22308
22653
43915
43020
27428
32798
47713
9751
15576
48609
22820
24901
44337
2652
32015
8796
4960
42657
18137
22282
21237
35683
20241
46821
14013
17445
41188
5021
10262
13637
34917
38244
9288
23198
22164
10695
11965
10420
45943
16968
7324
15145
8460
22045
25916
34788
24002
9936
6282
10509
46595
27381
9402
9711
9390
49865
37337
12683
38572
19425
37429
46134
20029
5552
10356
18014
40392
8240
34699
7215
20509
36525
4557
24800
12451
1998
47404
22973
41637
28957
5403
46013
17390
7664
4135
34762
33046
43463
23260
21077
48752
33297
21229
42182
31091
18138
48247
18516
7042
19883
48843
42235
10209
25378
25464
5461
25646
36424
20393
21000
9237
17858
32303
20513
41563
20362
34972
37111
43359
28393
25319
7037
31978
8811
44219
878
32580
38225
14872
11008
34138
29414
29918
43402
10882
6391
38461
13241
24217
20530
19655
28607
48185
48246
35657
49403
28491
24140
28082
26653
19625
2828
2220
23842
4070
21740
15242
23801
34724
3065
29891
10331
16976
1374
41124
45918
275
3640
20002
21748
48955
3965
17362
38412
24103
25142
12449
48171
11189
19367
9902
42525
10819
31485
40851
18377
48485
10139
2953
21481
30344
10680
8302
25657
31746
12493
40920
43306
18503
9454
9131
13412
8872
32524
26292
38973
41772
22560
25578
20006
48653
43042
37469
35883
4733
36688
10154
29209
26469
19430
38818
44153
8958
20385
36828
5199
47379
46099
15453
17267
47763
3106
12892
2444
39819
15101
49947
35066
15514
10655
8038
15640
48938
16173
593
45196
7936
2373
39049
17106
10500
26237
19076
16087
25136
16742
6905
19450
33746
40053
47944
15316
34770
30024
34915
19502
4775
31265
9912
46381
25767
35564
16190
33870
38735
6160
272
23865
455
23412
34508
23060
1696
46676
42189
1562
18868
38919
19
16209
36396
39907
40829
44441
24018
9186
10045
46296
8448
48775
6371
33822
27537
41564
2767
39465
49472
49921
42813
9510
35231
5495
8905
29696
6722
43064
13085
18726
34558
16443
43969
5698
10732
47366
13469
6601
45977
32723
33346
20566
15068
36194
28572
37450
2796
18301
8459
22953
36054
32120
45258
9529
13307
37751
8410
32932
3037
9650
25286
49203
40528
9920
33547
25167
2761
9434
39451
47144
3770
37775
1200
38143
49582
48236
9868
31647
46232
42984
46951
32823
44316
8919
29509
43997
765
37227
2691
37224
22940
49923
47797
48076
14153
17993
9137
48812
23945
12823
7111
27754
4033
27936
20112
12802
36051
6897
27558
20157
49778
30730
2610
2926
13087
14278
24522
23594
37619
41371
29622
4536
19947
46566
26042
40165
44801
30181
39614
21714
9672
16444
18918
8141
14769
2005
48574
29756
9128
30654
41981
27210
2274
36569
43354
36332
47448
15559
10170
3434
46930
36461
43858
37727
43274
12048
5243
974
5482
9384
21316
10546
35300
26213
34462
18636
29156
5923
12678
10026
26241
4076
3330
49465
21947
15233
49542
48260
4974
31667
21304
16759
5659
30191
14703
29894
38564
29200
20831
23910
3994
40492
33815
26693
14515
29116
21440
25406
26725
47613
26721
3916
27278
30643
43964
5551
45655
14077
18645
48019
10096
4295
47265
22549
49432
26261
19315
41570
11093
11976
16529
29271
37395
11113
5058
3904
37241
28440
41246
5121
36774
1715
41643
21822
37306
4592
48839
19948
24682
32891
46634
9910
18580
47998
39557
43220
13606
30697
45836
40931
28896
14521
48255
11460
35218
28108
7889
18334
32756
38399
18389
4149
48604
25725
15430
48343
13944
46859
36929
19978
23377
26153
5451
10901
26569
47064
30352
41407
4773
992
41551
46179
36901
29266
39540
5852
2837
9531
8743
16045
20756
16217
15994
7222
39499
2649
32422
41359
10962
20757
49046
9019
26174
15033
14302
45521
11787
7912
46665
8901
44832
31900
13542
17282
35477
3794
36906
16537
38346
34204
48326
13957
18817
2146
49894
45106
1407
34528
36204
10789
25486
39207
34389
28394
24265
2361
27281
9214
41851
29087
12710
17325
48570
6456
16641
14903
38140
33693
37538
37854
14109
44570
38857
4795
30636
3721
43227
10174
40311
22735
42217
9005
46067
5404
30203
24386
12762
25487
38730
41770
6702
1530
15869
11659
20705
39489
38482
31566
42625
8871
49753
15814
3372
46817
24292
45343
9251
41212
19650
13388
47444
3989
2349
35898
42914
44324
48508
13064
48004
18538
5554
27459
39838
40257
46947
31823
47067
48797
20710
4098
1269
17107
28748
36934
16265
34684
32338
10659
12993
40354
35972
34019
15484
30768
24402
22676
4580
10597
34553
26459
18892
42396
20873
44504
957
26304
6783
28864
17510
19496
23364
24527
3397
25682
41914
24245
12455
2527
1728
24201
6419
7614
49383
30296
1641
19653
27469
13256
40741
8698
6265
19580
40358
45351
21565
36557
19668
8918
16655
8705
28310
3432
41271
47821
22329
21301
44947
19984
20138
23577
10286
16458
15872
20510
13136
17117
3856
15450
34097
46621
13705
30019
28861
34812
18764
24843
1297
25723
36190
9945
25745
46164
9652
10674
12079
31058
20894
11888
26428
24729
27180
46359
46139
25557
11455
32597
40153
24460
10954
18708
26092
40812
17866
10702
8976
1661
4021
42431
1360
21286
38565
43825
23611
13830
2984
47506
44828
8114
9213
19802
35027
41524
49621
31638
48467
22442
3200
33655
18823
38712
37515
17742
41657
9765
27172
29538
34208
27215
38575
27845
34089
16872
29147
32226
43112
38282
13708
5170
15128
24918
26842
38582
840
42409
39984
11052
26206
16871
46121
40760
989
35632
49368
18011
24128
15445
31779
12694
22417
21218
37540
14655
22127
41287
34750
46459
16515
33350
38493
13351
19362
601
33496
48353
11175
29730
31743
947
5344
34359
4553
34250
28935
30228
46017
1283
30707
6002
49119
3391
45695
49123
14034
38033
39816
23684
14830
42631
39546
14491
6631
3097
42137
22421
33712
26265
5331
46772
14032
22099
15646
4060
33239
8422
18117
40274
14804
42347
16151
6389
35263
39051
687
22725
46640
43210
6127
21986
43440
21489
27876
16023
12158
47845
27165
46835
42218
48392
29930
22462
32810
15286
28370
40670
38968
45019
31356
35554
19670
38685
5043
1785
33314
40203
16975
36048
43086
5274
5901
20111
14436
35032
28819
45455
36594
20336
26673
3516
13246
21579
35520
24957
18053
30514
13485
13146
49430
48746
33080
38757
19144
6144
20672
2289
3471
23488
15809
9845
16205
39855
104
22757
48858
42727
23020
20871
6705
25702
21717
32806
20453
10544
3194
17990
18651
6363
29232
4308
14853
13467
13526
26652
42680
1730
36905
15835
37790
48033
34273
39026
16659
40874
37348
11009
28618
45745
30438
29075
1322
19065
42742
49907
43692
47766
25328
29871
24376
32701
10371
41168
10459
18529
12592
23227
26054
34709
30177
42583
4165
3491
3875
48998
33961
30310
24076
4819
39104
5984
5104
36719
45346
33685
20415
19654
47466
18064
40949
6483
41626
32942
42033
26059
23171
42496
10661
15111
36458
45708
42504
46997
32445
33372
7179
22279
40237
8017
2232
4313
44878
16599
25514
21478
5307
25222
4753
8262
281
43676
42763
26758
5292
25849
44289
42076
2244
38478
30913
43149
15877
16105
7262
29284
43224
42945
42159
36410
47554
47455
5899
2905
32527
42543
31735
38753
31659
47903
19701
19321
38675
27057
20597
47461
24911
40628
23113
9013
36728
4326
16827
32728
34266
17196
21177
45205
32839
7129
7961
6020
30399
45570
5686
48956
6859
40234
24971
29502
16324
15964
36629
3752
18623
17353
40847
35057
48500
42412
7389
2754
43734
43106
35492
18938
45837
20441
19372
5851
1359
48189
7338
20787
3136
24168
14503
9204
34880
35475
40338
26770
15834
7155
5018
23713
31806
14255
5016
37267
42448
5578
36790
15356
44443
3426
49653
28551
39143
39677
19001
35389
4286
49660
16435
40494
27412
16143
14682
32817
13581
33714
3127
34049
6916
18393
17962
24439
38026
40586
18417
41965
25592
13296
18383
46798
23210
887
576
6004
29884
29108
8245
9316
49874
27787
49171
46563
4715
2602
22548
19820
44837
46600
46461
20746
7277
2742
46793
10176
33218
19461
33434
37245
29040
29255
30456
12480
42549
44958
8277
40332
8167
32458
12294
11735
24111
43278
41293
39182
30659
1386
18829
16110
40312
3151
42972
32424
24702
26904
6096
21787
33855
4432
5258
45638
11144
41882
17221
4825
38937
31047
38444
29941
49846
19556
29340
46542
28303
48575
26555
9296
49564
42598
20673
33178
30723
16649
48564
15879
49786
13902
44353
41565
39908
5635
24482
23791
5009
43756
23547
550
13442
22963
42035
24097
41207
28020
15283
16739
2644
43939
26418
40491
22671
32822
36849
26271
4724
11532
20313
40253
22383
41892
4989
1713
38389
359
33692
46081
34874
6639
18877
46890
36824
44005
44081
9194
35859
13119
43403
31734
40608
8193
35834
23312
48538
27904
28141
32043
11572
14400
44257
13202
43950
36580
48315
2720
26013
47991
40310
18728
16239
31279
38535
42132
48387
29867
30163
47203
35604
14944
14102
6217
18511
20953
5379
16156
47896
7979
6928
32221
31960
8984
42838
17008
17496
10582
21542
35590
19194
14480
34583
39298
15230
45123
41
3610
45667
3317
39871
15344
13707
31964
35131
20735
47331
22298
8998
45100
40490
32266
16148
3636
18833
46396
42224
12594
7190
30872
15915
28754
24950
38743
12527
5470
39307
13730
5220
39865
38808
43035
17722
31965
7401
3784
43680
17074
7018
623
23184
4703
7252
13803
10805
47415
5387
29556
45472
34902
42993
14877
33574
6841
47350
41337
43662
42074
47830
16326
23043
2468
8091
24864
21650
21443
49281
8251
19090
28018
46521
4311
21315
20452
40446
49616
10824
31026
39575
14434
14910
31294
46398
21765
23663
3228
45512
16341
1704
35933
20936
40183
3970
22252
47162
11043
40271
23221
38894
21310
29892
21545
30146
805
36027
16161
43486
41582
49942
49139
38355
28495
15880
39513
34800
34756
14501
7949
5092
7987
37865
24591
6161
41883
40063
43891
34838
35572
4780
47610
27546
18109
34186
30736
32971
8371
31766
48472
2295
41799
16508
40535
2385
24321
24570
22302
20279
17212
40279
18662
41474
26452
5119
21367
41249
25589
30556
31137
15275
49630
34833
22026
6792
8827
35134
4153
35420
4683
34602
9031
47061
7119
18727
34025
5145
15878
8423
43302
28392
5970
13869
38328
25785
25013
30782
10995
49073
19320
8367
9883
47243
1515
32437
39682
40654
23786
8289
29439
10970
43073
35740
7095
8352
39150
3416
29959
21088
47947
15894
34380
34667
10313
41702
35954
5608
22809
8005
47141
33506
12450
40710
25151
26298
21441
37773
42679
39595
26968
14262
8778
35623
40194
41328
8174
6572
23440
32329
37084
20457
16938
19230
2437
26197
12665
23870
2469
46935
14885
4307
46290
35409
1065
7634
9415
10201
31037
7397
28972
6549
25656
43118
24765
31867
8852
9955
33701
48729
34028
20113
46125
47714
4304
21114
9728
2250
44582
31604
47888
33207
47616
18968
21232
39329
42222
18321
4325
25302
34909
33331
6342
42957
28962
47924
39462
41444
11103
48950
15290
41703
49209
14864
45963
9829
9567
21303
31308
22803
7072
34196
7581
27465
13383
18218
28541
43819
5320
16967
32234
4273
30700
48245
41043
2960
33880
32332
22154
17908
140
9557
37034
36297
20675
2687
38918
49580
19618
19129
18561
7869
22583
31186
17130
2130
45191
38394
39230
34437
12347
25618
24013
4335
3087
29056
37690
22904
30963
8589
33488
5136
49709
4206
25297
12431
3807
21627
15527
48801
11088
14531
16091
35636
17471
35072
22924
21056
22878
48623
24298
30336
40935
43400
40034
9676
36555
7342
10205
22467
33298
9628
38974
4008
16441
28217
45683
33912
45252
39965
1445
12131
39830
24696
1870
15841
36341
27896
5846
47293
37365
26036
48756
28936
40375
11670
49208
21488
11754
17288
17784
12090
27531
11300
24659
31060
8129
38036
11171
12376
21737
9895
42011
20085
20060
42699
6080
21206
3116
48266
49037
39106
7541
8309
47612
37120
11211
8270
38422
32637
2263
26218
48583
18512
46167
34727
8864
11705
3058
32341
8806
19454
28110
46488
47792
42560
35198
13338
20971
24118
9713
7613
18971
9616
46655
49308
40002
454
48942
30413
26327
32692
26700
39688
46028
29037
38125
1938
14841
36029
25867
5094
8374
27264
40500
9414
43714
10456
44408
40600
14337
8627
12865
29155
12708
37606
7171
31073
24826
46900
27990
49468
48032
30941
1512
21618
38869
5246
25771
33173
2982
3819
24699
26160
24157
25206
11488
5435
10807
8332
26139
46089
1174
34217
47948
21351
41050
11629
5352
15261
29286
31980
29954
6140
16207
46740
5099
7441
45175
44511
46527
872
27556
49813
9753
48222
14081
37572
43565
17549
36397
4915
28271
8725
26633
44056
9722
46173
18590
42503
43148
10557
4119
8396
40460
49876
30248
48291
8290
7217
13429
39800
39264
44797
19661
30952
24072
14955
16720
48936
8815
10351
850
19985
24309
2805
40268
48633
35709
19318
30060
4532
40184
2068
32824
47570
22740
25703
28699
26989
23029
33607
46187
21825
32273
41925
5270
42785
21590
12730
40478
32201
41854
41819
29045
45070
49191
17409
5276
41572
38514
22480
48865
33523
9835
36043
3221
41721
36337
28007
14418
39117
10686
40709
12686
8064
37748
38741
39114
32965
10854
3019
6701
28054
11165
5734
38772
42197
269
15103
28586
16791
3717
31006
30946
40983
45870
12784
45527
17407
17255
33446
38640
49041
23483
42573
33945
42083
24588
14663
28854
10982
34132
47159
43595
33919
18653
12325
34374
47336
20776
48049
17867
33845
13092
11846
27362
34870
19405
10149
25856
48969
26945
46030
27704
3090
11051
42901
20174
13190
20552
36028
5508
22974
9635
13168
12460
4018
31049
19043
24628
34469
714
20511
32741
10744
24833
5701
17759
37601
31816
1816
8449
41382
13273
6891
44068
38373
13773
32184
35226
2745
38947
43962
5946
13981
14783
37917
25380
6732
39456
15199
30130
26100
2045
26154
7631
15946
4928
42006
34073
33595
43213
48495
15771
43242
36266
2512
41071
47961
40922
46971
15824
33724
11736
175
44722
21569
42472
14973
33311
37137
49733
26777
33423
40804
28385
11285
4556
25072
12724
11734
30117
3362
21895
29754
9625
28645
34309
37528
36918
20083
27060
11353
9981
42563
44537
32330
17271
19631
22448
15714
15400
39371
26448
14055
28337
18955
28418
26541
41139
11434
38649
13038
24311
5489
14741
39447
28763
27128
15962
49591
30584
7792
48038
45376
37265
17727
6761
47280
49561
16320
29259
47513
45653
30218
21663
2330
35896
16943
9653
4939
36887
24730
48336
22054
40397
8124
41220
35928
46
19444
31513
32837
34238
48537
48064
27157
35714
9142
2211
18127
17680
46215
17834
13267
31123
43775
28010
22945
46709
3222
1695
29985
45267
29553
45640
48539
32819
5692
44810
26404
17305
43275
15762
41516
36137
2651
27246
25858
17324
26985
38193
28463
31538
14496
13292
19977
20815
41943
48394
3102
12465
7319
36211
30771
23645
44997
20610
21594
9209
7795
18858
39178
783
17996
13555
7602
49659
46462
25458
25285
19329
47120
5061
34538
19685
19575
30934
23006
36946
5012
16040
31039
40464
25920
19592
14087
678
40056
22788
45541
657
43733
32967
46400
19645
10935
17688
36257
4713
32260
3687
23510
1707
23236
6597
6155
5456
7088
35221
34047
20528
49327
21629
4774
368
45236
19834
12394
48606
24281
18673
35486
13010
39406
41822
37783
12309
46047
12843
48442
728
31970
32636
35225
42940
33532
23220
12234
41735
25857
13255
13032
4965
49747
8420
47988
7402
12203
23482
7966
33097
9928
47260
41346
23202
35815
32328
23114
326
35159
10418
8941
48228
41539
1433
6743
10069
12956
43297
3810
47496
30590
46511
48778
38524
4505
38029
47070
18617
48968
20461
20410
26466
32114
42508
44751
30488
22069
13759
11475
9224
1769
20622
45632
43432
4651
30635
21884
1341
49961
33715
23250
21940
900
36340
49240
2137
29479
17020
3879
801
33107
43510
27856
49678
42414
45628
46989
31528
17307
674
39301
21050
28771
10135
8917
19308
17036
13507
31400
20909
47220
33784
4676
46695
21009
47478
19532
32531
31311
5754
26399
43586
35895
38561
17479
15299
44089
16236
36703
45273
29864
16828
30331
16577
38428
24670
6565
20506
21855
26462
38341
6557
8506
14296
44795
34482
41530
35920
31077
22073
40753
29716
30426
34352
42547
34042
23097
13156
11771
47231
24364
34735
651
13401
42861
45589
33299
1110
11870
48274
4855
44270
49886
30033
12576
34967
48114
14435
4940
42911
9969
22831
14249
5011
21048
36430
43826
8462
13236
38234
23190
38556
30772
7615
25323
31500
25038
49578
13411
25522
46468
42387
8500
12170
9703
19600
29988
47048
49433
31365
47179
47983
46127
3500
18333
8326
37969
21134
211
21210
32251
17495
9235
20267
32938
402
436
25347
30052
29158
21039
43429
33104
5963
31171
33869
31558
27193
39757
32749
37160
10585
17843
30499
47890
16124
18753
21133
43944
15365
32743
26617
32563
11367
19275
24880
21175
29173
49943
34259
3722
11292
9280
21912
20231
24868
11857
8213
2530
35943
20665
44115
30133
39243
41483
19075
35132
29181
32710
7503
38195
31381
33507
8200
7770
40393
45550
12636
24646
41234
8666
7296
23374
36231
46452
47475
6334
39792
44782
39108
10084
37132
23579
9891
49222
28490
13769
43375
46968
31664
34884
18942
48619
361
26030
36679
22697
7918
24346
22248
9477
19717
3525
16557
37370
30317
21647
15891
11050
39162
6919
38982
36564
43371
37739
6868
25083
16406
7303
8455
7969
1160
7573
25113
47213
16757
29504
12639
5911
47308
14170
33582
13387
21363
34007
39313
12889
23699
22883
48503
3264
38660
38643
5391
23766
13285
42339
26891
40985
35171
44860
45741
27228
1191
8286
28293
35850
18384
35982
512
37776
39874
22223
31997
10561
18507
11354
47180
48909
38871
28630
18097
18536
46041
672
40300
8390
28663
29466
10065
1899
23208
9720
8862
9144
24771
348
19298
49303
1920
20808
1023
44358
32513
16266
37354
28372
41725
4332
3064
26944
28960
13074
1317
24163
4618
37010
33801
40648
32084
26938
31398
14926
25245
24528
5531
24629
21793
13441
23460
47446
27159
3661
42597
25641
37500
5343
18385
10085
7850
39988
4013
46082
25358
19960
638
22347
31640
2949
44136
2162
26367
4233
28889
34043
8444
32878
24694
4471
1874
30489
36698
18371
22643
34040
14791
8939
19016
35743
17411
20134
24982
43611
45625
44985
42215
17457
30073
23405
23411
31864
42112
21487
20179
15345
32436
397
37626
30090
21484
910
11874
22681
18359
13550
12787
43847
8175
20606
41456
6121
26032
38573
768
28604
4410
10552
12937
14714
32721
48469
32989
13212
16184
36117
30260
15449
47092
18073
45978
42491
6486
26634
15324
39315
11465
13767
38106
42571
21041
4931
36104
25185
2963
14108
19533
45823
43327
32596
10385
39542
27895
23433
27731
47157
17093
46137
26542
18328
29524
7057
23326
13035
13954
30138
31263
35575
24481
23183
27296
4107
11324
18792
5640
12214
4412
49503
44603
46070
36613
16385
48647
7198
31532
14991
45354
18825
20899
11160
28500
8579
38645
16499
42062
36238
37563
32463
28993
37901
12577
15164
6485
40323
5122
14211
36415
15760
30235
25988
44808
15379
32456
34502
28910
18711
47029
14692
49954
3786
15906
19521
10117
45180
21743
18478
9965
17980
49998
19785
28437
8565
25115
15049
27982
4032
24884
48198
14300
20630
34777
12017
24240
1056
30166
5581
24776
10706
13043
31196
12412
22078
24966
3081
35951
32414
42305
6279
2018
17833
25357
3644
37886
32775
40368
36418
14753
3161
28883
46470
4631
4477
1960
22905
33988
13761
923
23065
30231
23265
6518
42694
24262
28216
39268
24431
20361
16818
9843
21819
11833
24500
10272
31637
5812
30340
48233
41409
41141
19053
12353
2488
18322
17085
25002
6478
27790
29398
11598
23300
17697
250
43597
4258
43226
30805
46064
688
30690
26083
6569
43729
12443
3727
6404
17702
22345
20315
35997
21083
11149
11755
38490
33445
35079
12177
10847
2449
23856
18369
526
22870
28567
20353
18327
41884
23702
5057
11527
24679
26512
13134
16953
19632
17000
32034
769
38336
25447
27838
14631
11768
2890
246
49299
25674
49777
21052
47521
22024
7635
17103
25685
46796
12186
19485
39722
13259
24071
42533
14803
27018
27435
48140
11262
49963
49236
22866
18930
43265
12812
7304
45602
22615
35778
18837
14486
13239
1674
21208
15168
34950
1033
28761
41779
23380
19017
39444
5943
24362
15895
45134
8766
19733
18440
41541
48095
34198
49268
8421
29337
35182
4645
45227
46366
29818
1122
27563
20976
31143
28094
22493
45264
916
20561
40442
1367
22704
13473
27591
47536
42999
37641
733
14094
40567
11227
12570
27647
49642
293
15847
21046
11712
10486
43957
45365
14826
47358
26597
13741
39882
26314
4726
4489
8807
11444
19889
32773
1860
49462
7946
22109
23828
4247
28959
43929
34152
38347
31582
49637
39216
12999
7714
27260
32090
37553
46007
18769
12828
21509
25052
41368
47937
25694
3816
1195
37590
48927
36794
3652
31268
30001
16629
27847
30237
34423
20739
2214
7738
40815
43243
49158
15137
31869
33487
45219
4287
5049
44540
33600
18080
30366
27919
40796
36841
36990
17358
8033
41281
13244
22065
200
19907
6141
32927
19702
16523
6479
5760
40179
21679
35613
9229
8677
8554
23382
43656
45516
11296
35069
8201
10206
22228
47427
22626
42852
2378
38014
6349
38620
14807
27196
48329
11696
24105
34387
14801
30064
33103
12893
34979
12742
11252
32141
44114
44940
14039
41305
26235
1396
31335
12688
44278
39319
27114
41552
2938
17948
40339
43196
26267
26664
20076
2023
29741
31467
43648
13860
30428
29580
4653
40540
10915
21398
4228
32361
11608
1604
21803
19562
20890
10990
16512
13725
28265
26445
31001
24782
43267
30721
23838
22169
16418
24474
31896
34249
9950
6352
42145
6542
28208
10250
22384
31036
37784
40624
21371
42734
32254
41957
47086
32694
23475
45495
5260
25303
47214
47299
13408
1916
5369
42013
4146
34662
17885
31473
33175
4994
4602
37828
7214
46265
10478
7894
6028
23031
22617
15953
25518
46097
13413
16667
41705
36678
2532
27488
20974
47286
18439
4004
46025
2735
9619
20041
12971
10153
23976
37761
46434
21042
6314
19348
47912
807
35885
35969
8104
24323
40744
21407
29279
17164
14380
16356
5311
10517
6874
7177
35452
28395
41431
41229
48030
9387
25448
37007
28199
2600
29505
48804
7321
27086
16957
9708
1731
30458
37818
37983
31935
9849
4383
10097
34650
9175
36245
22565
32691
7964
13272
34671
33313
7577
35396
14930
31614
34938
35532
45326
10672
9808
13970
40833
38168
28848
5583
30068
8822
11715
19646
29222
42498
14934
5598
23737
34330
11958
26949
11949
18457
36409
22323
3332
10797
7895
31712
7687
5725
35798
43719
9203
42173
29257
15004
27504
9393
49413
38776
30383
23517
2681
37842
6985
45898
9856
47234
13410
25199
292
25126
15529
31770
29788
34488
18869
44694
18054
33112
1284
24209
6939
9993
940
47115
10840
26488
47433
10739
2317
31917
19590
7583
41014
20301
45651
2401
40877
1022
27780
18586
44564
34971
26614
30513
5023
34399
32609
40974
27143
4725
41938
19110
13785
31173
43852
29682
14150
40689
41231
20950
42647
5225
7801
44592
13919
42297
25987
42829
25894
7561
6493
7872
38211
6769
27048
32508
39995
45246
43517
13071
9840
32393
12542
16011
49935
46224
45033
22552
6618
743
97
14851
33650
35388
9435
38146
12021
19133
41636
31838
35835
31680
15989
37063
19102
28002
8237
1949
39224
25191
4660
12805
491
34772
23701
32656
36014
37652
43470
40681
2121
13734
32616
2686
18543
9738
26874
33309
47053
47184
41696
12143
15462
49808
5310
21963
47112
6906
37587
32275
49298
24320
34261
49148
18755
34430
5378
39124
36815
12133
37059
44713
31512
33709
3558
31458
11767
35342
20150
22424
48145
45971
37020
25959
6637
42052
7860
4483
8932
28838
45009
39222
22727
43204
22558
39281
7231
32002
6691
44664
2576
17405
16478
7495
29237
26937
44217
33632
25540
40347
43040
7180
3484
27109
79
247
25408
37072
34364
25381
25690
10233
21514
12682
24854
14806
23358
45970
30388
35442
32396
12456
49978
25660
7712
34072
6345
4359
24610
35710
37083
39548
36975
12053
6174
13164
49015
1771
38483
33227
7743
11957
45503
34809
45792
4802
8969
24088
49297
24494
42850
1776
16756
46043
44191
34183
30566
21534
27450
48319
7181
43048
18416
39469
39905
37403
20475
44654
44338
11297
45327
12909
22464
14312
49423
48621
5690
22674
47416
34825
268
1646
44767
4635
36360
33265
15102
14553
13884
37247
30971
32311
5505
19854
14874
49137
9096
7221
1761
24922
26983
16618
4482
46804
8936
49274
28774
40542
44956
16590
43320
16475
15200
41982
23518
19126
4617
27257
40945
13103
42788
15421
25619
481
12344
28772
35878
38240
21176
39794
28029
40509
8773
19506
274
34795
28009
32969
42285
19234
13186
16376
38923
16238
3187
36229
44842
45957
8015
46924
31374
6200
4882
39295
46102
3565
11359
1791
10015
25719
23292
30157
29472
22620
18778
12159
9464
2199
49316
14705
17110
10953
10792
4792
38323
25000
17015
8943
11624
48726
37932
33351
47529
10226
22128
42031
27331
48368
13488
42967
43849
17148
31531
30251
17935
30151
39062
30733
1187
23249
47557
44545
32572
47972
13684
42123
37050
28128
46684
42
28759
37575
7435
36768
4117
25238
7501
3684
31796
14642
37577
24496
280
10483
28591
24794
41315
13330
10417
47736
30213
2759
30333
21111
28297
34554
22965
11022
17926
27617
48979
39184
39404
21508
37319
10774
4089
5872
58
41107
1626
9433
45608
49098
5107
9470
43189
25215
39416
31299
9412
30298
27684
23350
10542
30822
43865
41442
10961
37167
26348
36420
49930
47492
1041
16145
43818
12824
22195
32449
8524
37136
10964
10234
26619
14611
30620
25639
25032
28749
36730
30585
14078
49220
26986
4372
3863
22333
43098
33246
33672
28323
37833
4430
30931
48758
2145
44493
3412
49661
28187
37374
4708
4086
438
48877
28912
3256
19739
11841
5396
17400
3447
20572
30379
32475
2104
38170
21437
157
27028
38200
47900
14678
21101
36382
926
22861
44898
14445
22930
10782
22141
37338
24525
15595
3178
7756
32908
27052
46372
1883
45864
32730
10080
46790
38872
35527
29986
35574
27417
36106
21411
25517
33807
33494
49968
30604
4037
5324
17027
28851
49354
30681
40900
31559
23557
42555
35337
26534
9171
9706
27855
4485
16229
32007
33032
25840
47254
2281
34140
39031
40028
27284
12373
6638
48910
25229
31590
19992
33365
7131
46413
43315
214
47292
8713
48988
14882
44711
35608
949
48894
30015
45914
37621
29687
41751
27438
31486
44417
9511
20678
12866
43694
24393
25231
20975
6813
47927
25015
17003
39160
25733
46818
826
20212
29477
9376
9923
38728
7803
4805
5178
39057
14998
25280
42751
27330
8226
23999
29946
34203
11431
7375
35799
9874
41380
22311
33439
18576
26198
35017
25948
4370
49116
1027
44634
7332
16007
34843
38690
39211
4959
42161
8294
38679
14365
6047
25123
15226
18297
43174
45884
8672
20620
28899
7265
9021
9037
44402
40813
9750
25868
6555
10446
25667
32532
20524
46456
46876
21298
12863
29068
18095
39713
47291
47694
23142
38991
1832
30575
48163
37188
49443
31376
20753
46607
15357
46849
22361
42268
16931
36251
39827
1303
4783
9946
30837
16503
19471
10354
22411
4906
14304
30285
7978
8142
19469
26155
7463
42696
16486
5681
11361
37615
38457
5141
3550
38786
40561
1745
42375
9437
6196
45245
24022
36202
40369
14591
2003
15883
29815
20268
32742
7499
27241
32608
1125
41375
2053
24031
45974
11683
48999
21330
35480
40055
26706
38465
19781
11741
27206
37381
13914
23163
2866
11082
49665
22507
30479
19568
26838
18238
46084
38304
16773
3852
41493
2230
27466
40328
43738
4971
40879
1964
48281
16794
19212
38589
9109
36063
24784
16304
1616
16455
43025
41152
14085
17637
15030
29861
32538
21626
4376
6058
41236
6358
47922
14285
40971
16528
39036
39929
33371
46915
24150
31780
46773
3277
40304
31753
5334
6395
34666
23267
9038
2655
27595
24047
23886
26718
12869
27495
8712
10127
5510
19172
27432
37000
9505
33337
16504
49590
10813
41538
31460
28003
34781
36821
44714
48085
38153
22076
36154
48976
7061
7345
6394
25173
25621
29030
49832
12422
3253
1559
44720
47305
14316
8236
32110
11069
4956
39435
26880
40603
46185
21365
14363
22266
35955
49033
47456
1666
6724
35071
17963
11417
49003
27866
3962
29739
43337
7827
1338
30784
15524
35968
11674
4230
8148
44001
24945
15406
7948
24223
13346
32988
40692
41560
33962
39283
2354
13318
30501
26868
47934
39132
45894
35003
48378
23120
39227
1683
27803
12526
40128
48081
13530
10273
8441
38294
38902
38700
8644
22236
48984
24295
46882
38415
5722
10278
508
32862
49568
36444
36264
22573
39331
14036
28904
6452
16984
39799
13331
18254
25572
27673
43937
19293
8267
40693
3560
3314
46243
45340
44317
9227
31152
47238
27624
9588
26530
20244
5639
10607
14184
43405
39373
37667
32683
34327
24544
29573
13670
40345
3080
1176
9105
29764
30634
31884
26840
39571
9934
1417
42461
41610
6887
31545
40529
37416
3474
5586
12035
4868
45750
49714
39353
28229
36503
33995
5795
3695
405
48873
32906
43871
27053
2501
48384
43960
23764
9327
29192
20450
15961
37152
13563
36408
7780
27715
1940
35654
4221
15000
36799
14773
5053
46616
1455
32980
2723
43859
39589
42769
13942
33017
8787
10439
44742
32466
6178
34722
30087
8637
39573
39912
33019
44272
11473
42275
43047
28365
519
8691
40514
6602
10740
28131
32452
15488
6167
19092
29050
18559
44818
29550
44724
37107
9693
15372
43407
16311
20109
10208
43713
34957
9078
39529
39934
11169
24645
35427
33021
34230
16579
33398
19667
6275
30667
48282
46294
40972
29532
3220
48879
29033
20529
16650
41986
45322
1969
21688
29500
42201
16507
764
43193
31957
48789
11559
14253
33375
49459
21761
13129
27154
1408
8902
6380
26341
2908
11678
15497
46987
52
31248
40809
47449
7279
39562
15054
45423
14287
2819
5509
32591
16176
15477
12584
25890
32434
19171
37026
26421
37180
7682
9273
8055
14979
1857
46208
32966
17105
7519
4222
38027
12088
21221
6712
17581
49050
27737
40044
29590
13589
16329
11261
7767
36512
40958
5164
1979
47672
7802
28740
15717
20199
46863
8123
26444
35544
42652
33356
9127
1253
42627
6228
37117
26912
22401
21414
39674
48565
244
43250
2511
23427
139
25848
24939
32686
16896
13595
4381
536
17879
41688
16496
32843
32059
46278
3424
2322
21274
19760
19156
22083
18192
21871
49548
32271
39999
4403
32435
13850
46329
19159
24547
46683
22346
25230
19257
33853
11469
34617
3272
45077
45
23522
1712
37291
37813
30672
11328
25194
32157
11966
14765
19052
43727
42898
35990
20959
42617
2929
24084
682
36750
31013
29207
5993
38077
35617
27833
47568
5876
409
32272
29218
1024
36230
31457
46963
33910
10563
5093
7298
10924
20844
9075
1214
37210
38196
13008
23432
17887
25187
30406
19866
25372
34284
22645
49446
48861
24218
25271
13950
45081
41798
48755
21993
9821
14712
38838
36451
34394
10626
36240
10523
31451
6996
2204
30339
36197
25512
13344
6023
13070
28733
37116
46011
47837
47163
3905
26964
49926
30909
30543
24608
14984
35168
31380
35173
22719
30746
49142
6054
49224
31229
5171
20005
5624
32582
27203
31564
38215
18376
7356
13481
2443
6560
26966
3757
5181
31818
18129
47603
26496
26559
47815
18760
30449
6786
41589
35659
7947
44738
31856
11192
10791
2988
40850
3546
14031
27945
18746
10905
46225
44149
7684
2410
26300
12291
22119
18498
36639
30710
9276
41859
38638
31370
19183
19989
22572
47156
33454
6651
29399
37251
21475
12086
26780
22011
36479
18584
43072
16057
1057
39218
11447
23778
11281
38334
38197
40515
32126
15917
26108
5874
3776
16018
23085
12066
498
3796
9405
47018
39869
44518
44036
12692
21976
8739
47715
22728
663
4538
47154
37461
12260
30425
47641
8686
2321
35135
13048
49052
29542
39133
1211
14478
45297
16025
12992
38121
48130
10184
47787
30440
28033
9701
17033
33347
49409
21251
37001
23985
28390
32680
43077
11294
39686
10767
39020
2351
5412
14467
34296
32588
31463
18160
48948
45598
14616
31601
35502
102
3271
31632
39131
32122
23413
24849
39536
9219
26708
19929
5622
5110
40715
41138
20584
41461
35031
6872
6984
6468
45664
45295
38627
30164
21425
47371
19852
35010
29247
41600
10445
32239
25560
46108
5607
673
28050
36910
20592
6539
7355
22115
25834
35790
4695
580
29046
16752
39946
35916
24480
3303
3919
18154
22367
46801
31510
30607
24149
21029
22392
12792
26364
7144
18309
10495
20609
12822
40327
34592
40107
27061
3370
7278
44213
4042
13864
48239
36383
6671
15976
37043
30221
45566
17940
23970
15010
6111
37937
41678
27087
7404
46211
32547
6149
1853
30220
15392
14779
30835
3350
13081
47409
31649
33429
19555
44389
10860
44856
20209
3443
35984
19096
19160
6852
23789
34177
36531
35792
5304
39068
28133
28840
1680
32124
41500
35846
26698
35280
12345
7707
31857
46755
25951
2711
7034
46018
30536
27106
45839
22485
23803
24566
12434
24956
19514
11987
1063
23132
3164
46045
17152
42613
18977
1155
35843
26563
8729
18820
15468
43975
10223
45409
7728
46598
41924
18366
25985
9379
28442
28124
15800
17728
32250
4728
14849
33401
37966
41047
21336
7098
11550
47186
36107
37789
38610
48399
814
6998
5353
42257
27901
4264
9124
41215
47533
12803
12511
11681
39547
18967
25837
2178
9777
39599
11104
24081
30048
17652
4612
21096
34255
24531
22134
43037
4096
32004
42845
29326
47878
13380
7697
4039
16070
43332
49698
35594
32455
35868
49181
15167
11223
49318
2426
17007
17436
25731
15245
49772
41015
9643
39261
5662
28330
11547
33047
31270
13304
43772
40059
23854
12224
44630
31958
38557
7543
28340
40438
17499
48912
34229
43319
23811
36045
46979
5792
38847
44584
10018
15176
4606
511
24890
40269
27646
22579
36306
38683
34748
32167
12014
35303
46428
49197
42612
48515
31721
22641
43503
9509
11183
45939
1102
8867
1403
49285
32620
15001
37970
24665
33386
35260
39857
16543
24291
10061
29910
28707
39152
42716
49931
21405
39676
41844
30323
28686
8402
21387
10862
29800
2920
42122
27626
38767
4106
47373
3670
3529
6007
40132
24635
34939
20761
10842
34590
45173
19832
31385
43377
2524
18382
486
2396
31223
27250
11913
19500
16154
8771
49266
27094
47541
36644
654
35015
21973
12571
16384
37364
6933
37952
3813
33388
6644
28321
43183
5029
29559
18180
3913
44098
16481
36398
16364
1847
44915
6771
8258
13230
35917
47676
6454
32006
46376
44040
18472
25001
28817
47045
35616
25251
16277
31399
14970
42932
3896
32735
42028
45987
26936
12790
9110
1208
33154
25814
12601
886
43324
25044
666
22481
34033
27434
9823
9130
29919
22769
2981
29370
45017
5620
25483
28950
15213
14707
24472
34978
8292
14408
20490
44934
5271
15296
15451
45242
18461
43027
18565
40426
40087
44419
40176
20859
10379
28986
34859
35708
41562
36978
22486
31266
8266
40921
29121
24010
20573
43548
31877
24037
12148
35405
40125
43107
38452
28445
9911
39825
30131
35074
16491
36856
33538
16064
17280
11255
36851
8927
31511
20708
28803
42881
40342
45585
47030
4513
31606
29130
38492
5996
32905
14446
49967
31963
41713
331
12280
41133
33666
28474
48258
7776
37112
20408
15980
40026
46972
34059
48474
11343
20158
48109
13040
31808
6472
43740
49650
46408
43800
11459
22957
47300
8915
19004
23118
6213
43805
20607
22233
43318
44861
20106
20967
17234
18528
45489
30466
37087
5372
46176
11384
29958
34479
3325
30591
48116
45453
6423
39748
27046
13271
44689
20036
40487
6176
15802
4770
22680
7829
32526
34442
40112
1142
7517
16674
31094
1372
12997
37030
42986
1025
22107
44579
20320
30402
42250
3190
42671
38006
22982
20101
44113
23936
44110
27156
3577
297
29070
26519
47097
29012
8788
15486
3586
45743
18680
23633
44731
11140
49530
28783
26207
20488
4460
9413
8848
35038
47617
44734
6613
36062
26779
945
49822
11802
45311
46464
39987
13362
23558
14555
24611
23134
13150
36922
2705
48634
24126
42061
34660
32678
25636
23360
44423
5027
13877
45560
40570
26021
37315
14789
25799
39805
36740
33287
41995
29585
18268
32869
10983
15855
48499
49461
28694
38804
11405
30613
35647
14939
42127
780
41521
24903
26423
11101
40873
18096
25311
39446
760
6059
36981
2700
17453
22972
47941
47467
4404
44146
37151
6833
18811
35377
37217
32042
29419
44981
46348
48206
46682
394
24756
40434
31404
47068
46892
49541
48212
25833
9270
19542
48014
40335
39834
6975
15821
11756
38542
41627
47405
26877
43044
9097
46578
20662
23727
30189
33703
29486
4820
26671
16831
34857
29648
3556
16096
4610
18107
25139
6971
11564
12586
37726
21126
36783
7733
4896
46094
35400
31718
38186
39694
46463
8087
14086
39516
13258
45690
4159
33222
47595
48692
43650
26811
42186
47623
26430
19412
5424
13805
7791
28821
46952
8189
43838
37109
43627
33414
907
12402
40557
32013
23089
45879
15343
20238
12604
17534
28902
8942
8415
8775
37220
47342
23402
39829
933
35020
37559
5833
2980
35581
23452
27659
21576
27211
19593
43706
12883
17013
43783
40667
40915
26041
41131
22880
33310
33135
13359
41021
35213
4884
35298
16033
38145
16354
2753
33769
29569
46721
36465
44567
41886
19196
22010
29995
35048
34834
8853
7670
49256
32265
48612
3497
24650
34654
4669
28205
43262
13495
19276
33045
37414
49855
32402
17565
34202
32601
43725
39962
11329
4904
21885
39804
5255
26939
9636
46128
39323
28665
48306
40752
36278
3356
15538
23169
25797
15336
12473
45394
7955
13231
20126
43333
39045
6157
618
14130
6960
23754
5300
39382
29844
11995
35867
35851
45144
11416
36308
14355
9952
11397
15736
34686
21575
24338
28391
15950
10182
48452
48964
42896
49871
15718
5697
31115
46499
33515
7337
25335
17564
8522
12271
6008
3531
3953
39782
46875
12941
29947
28587
48673
37695
8216
44011
31926
26638
21750
25659
49438
47964
2300
27418
37060
30785
2368
1144
45606
28964
22189
20160
11583
49040
14001
44638
38427
26606
12529
49184
22043
24780
47605
36086
24429
26648
35108
10068
18169
11587
10723
44144
11796
24146
15126
35013
6512
28657
5835
12475
16097
11555
29565
21410
48505
8419
49781
31088
32385
21470
28731
37261
34429
6753
32872
5556
16233
8313
44100
42167
21697
39318
11127
33482
36282
1789
9979
25720
3795
42044
44041
43460
21183
15991
12342
44309
31891
31084
19708
14551
4809
25818
37880
19860
31785
42367
32457
47498
9905
21423
28977
4136
8026
8466
24691
45441
18423
28331
45022
26913
26907
17464
28784
12369
11010
16029
12120
30355
46090
20738
31835
14959
11414
5889
44799
8093
12917
154
26662
49654
14875
44679
14475
1534
9552
47178
38921
19225
3162
43421
3450
33219
28103
10185
48451
32140
14582
6281
42773
25825
17807
7169
31907
44873
36038
32417
49615
23061
32274
6534
38980
12459
17484
24475
2126
34475
8842
9070
5588
28425
10367
4841
18850
48522
31441
41685
1149
14540
2766
25117
29306
45263
36013
26974
16002
10846
16588
45203
17639
31628
20444
38296
32166
17896
8065
1074
46060
16498
45016
17084
14615
47795
18450
32317
31407
13367
44520
12659
35871
48481
15067
33441
13556
24917
3617
12259
6467
27492
25749
36489
11073
22520
40188
30061
18114
4911
19534
29678
13908
30840
45903
21535
2962
47402
41341
25643
3188
38498
24684
39519
34431
14993
16642
16799
20816
35257
8857
8222
15198
11233
36526
14662
29669
31592
17687
47442
33025
13628
3012
33725
33268
21275
22140
31093
32931
28492
26543
851
4768
264
7762
44691
35952
41584
49686
39972
20310
42301
42376
24763
13437
3621
40754
19742
18108
3653
45277
47017
46781
14892
40825
20014
26737
6000
37014
47165
35723
47100
26345
36689
44157
24626
45735
48718
22079
25349
40707
41885
14978
23444
35937
41542
14284
38227
33950
5351
3742
40048
11290
28234
10252
19221
28405
24078
36167
31163
6212
36198
43352
23496
23466
31716
28640
35084
6333
23011
42156
1083
39954
44673
4090
5506
34757
38488
4747
49705
6679
16058
18282
39629
45855
34276
3189
21863
7427
47923
27824
31154
36873
19452
19063
29162
36343
39263
213
48302
25886
22530
34761
37749
33567
24007
10167
32901
4427
462
40003
35894
42470
27839
20007
14748
32758
18564
36687
5803
21366
46338
11081
836
12608
39510
44088
16391
5929
49264
19770
1774
5541
43546
11046
39699
5636
24278
20516
6626
5277
13905
32794
35989
38639
49195
4421
26544
20903
41813
14559
46328
12815
26860
25262
35350
15367
16676
48572
36128
30542
25651
27962
17004
18156
46540
12923
49496
38236
47887
49723
14576
42775
13201
18891
9949
7667
21023
20442
19505
47781
45166
36276
30306
20068
1472
48072
23258
48381
24251
33843
45714
35638
47721
29157
31607
14494
41782
4799
21160
19613
45150
430
11151
17264
36866
14120
36756
5731
11308
21308
19731
48419
41147
44887
25092
23615
7648
16198
30364
3857
44164
39321
3015
25354
31503
10382
36037
18736
21442
39300
22482
46481
38028
10452
39286
2196
34455
25140
10247
2640
36403
38942
18346
17127
30859
27308
42553
10048
17440
27658
8150
10243
10393
27191
19188
49617
40101
13972
8742
15620
33184
16373
7244
40096
45537
9222
7480
24549
48852
38760
37883
42497
1833
44150
34934
38646
12332
45071
45192
2464
12760
41061
2746
42536
7120
41478
31274
29761
44905
40499
31731
39463
7259
12167
26893
43926
21388
19135
27822
15686
5536
39986
13620
22836
42262
40893
10632
2474
6322
6031
10021
28526
43792
39306
48450
4449
20367
41900
23476
17352
32705
35190
48590
35669
41776
37080
39303
36903
40723
32041
27224
23175
8149
5766
28453
5560
48473
12936
17595
42610
35422
11552
8960
48548
8536
32968
12242
51
7211
39894
14510
18630
46098
48263
34194
21874
20326
17478
27209
1331
31914
34398
13145
24986
36300
1228
4913
37312
14744
34286
3718
49404
2710
20312
48943
8039
29332
24593
35932
38983
1500
1628
4479
15472
12948
22152
31034
15008
48162
31692
26435
22137
16520
10300
8004
31676
1249
21266
6594
24011
44927
16926
19836
36603
16509
35252
17026
23653
33206
25918
23336
48888
49583
15672
42312
20796
41351
46033
31760
42381
23761
18696
41466
4269
16036
15614
5969
15262
16352
18763
44227
17491
17808
31863
43390
41487
39666
38774
35660
11798
20419
11377
28052
47168
25049
32081
38796
15195
27490
36878
19032
4596
21661
22859
32428
42781
26063
32520
44143
2842
48987
45399
7437
37089
23542
18451
18765
198
42177
20629
45425
1436
5299
40643
30300
303
26956
19152
196
18633
30878
7146
18606
48555
19601
43156
27254
14464
45103
5014
9512
21021
31010
45466
4701
21977
12989
1265
31130
12467
42701
43151
42827
21889
28605
18386
31982
32370
16555
5305
12350
7166
36797
34131
4249
40031
45952
40340
28045
1350
24136
9206
23718
33520
1019
45658
1767
28969
4238
44723
11191
43338
37274
11972
45420
693
35771
12125
43855
27204
43623
16401
10783
9163
48889
44621
16450
12089
11576
13494
9957
49394
14809
7971
10968
35431
3773
20024
26592
44031
45969
40826
7897
531
7450
27694
26786
41463
14359
17590
24112
1743
12161
42105
44658
36620
48053
41506
23045
19273
32510
7148
38570
29865
47022
33400
3258
48219
39664
26006
10857
12518
44299
44804
19295
45656
15234
31797
32069
33616
1328
35340
10994
38943
46026
19336
46856
42760
44589
11605
44451
35658
32883
23600
16111
22910
11332
36429
41529
26181
5238
8913
26731
15598
8008
14012
34563
30743
28145
34728
23081
34920
43522
34246
42971
26859
9759
35624
11920
45888
1481
7114
38223
1103
9877
48333
37625
32703
15469
44879
38018
38885
36956
18895
810
4759
23599
29852
48439
7914
28383
47294
14583
2357
6241
27708
38073
47838
1172
8347
11878
40137
49485
16276
47746
7378
28198
31881
3990
45220
21719
38642
29169
3508
46694
7627
45756
13857
6977
36685
5513
41962
38829
11245
13460
24456
207
19538
963
41618
35104
35618
25014
15742
20206
7384
6087
29350
42887
7175
7734
47629
33741
43331
49138
8181
22066
6686
10794
29973
12599
32355
46609
27903
11800
8578
28176
30860
4587
1772
13191
23709
14953
1571
30039
20046
36161
2783
49737
23840
11150
2367
10548
19099
40916
46262
29997
14016
30099
34710
19141
33512
43949
20276
23980
43449
41966
18378
49311
4209
35585
5917
16664
42568
42665
26694
12266
31470
29038
45623
17048
46674
36315
19574
31903
14544
1629
11742
47674
26258
6116
23822
19939
9385
9802
7790
389
21067
29769
17526
20834
903
41018
1676
9484
35283
40745
33892
15153
3349
43874
11862
17552
42345
19210
48023
35940
30239
13601
46424
40668
16061
46936
37118
6848
15930
20914
34565
27059
42697
47798
42668
12852
5587
47974
19184
21816
22405
21854
27577
3047
14426
33461
5907
39320
39518
13913
26407
46087
28342
9785
3587
12300
11071
26841
14244
26558
40592
42274
5485
29433
35319
8221
25394
13612
23719
16433
34786
35700
6537
24167
8315
32748
36006
25398
37115
8534
49086
28939
35728
11060
30294
5916
32751
78
22419
6
31409
47748
48104
20906
3044
16721
13298
34390
38166
45138
34130
4317
17005
40896
16780
19771
19967
482
15777
4380
48134
47025
22657
1460
17247
43802
12424
21291
10998
5641
18412
28719
27237
6836
34913
41592
1475
24202
34484
36241
32717
45176
3231
20637
7811
13227
18826
29303
31343
8488
19875
48120
12146
48660
49572
2377
25500
5314
27388
30351
46529
24569
23924
29131
20805
29
556
25233
9339
42213
40756
44781
27898
10645
22286
35649
36546
44865
44547
7512
49053
20254
47790
20137
28373
8851
11451
30491
20314
39643
34107
26948
24465
35936
2284
47775
12619
8789
6740
7906
45549
7659
44234
24408
47237
44414
4537
13681
47164
24384
38720
35650
5783
44561
14928
32020
37023
41285
43304
35734
31168
13687
24121
22528
39284
49951
29227
10487
46032
21813
35386
41352
16907
3154
36966
40537
48089
10932
18956
6748
3055
27372
38456
36110
11993
18702
24933
26285
10543
15920
21849
9925
5668
46050
2545
3766
40110
17081
48225
26040
43637
44626
38717
15866
43771
39888
44598
14594
27348
39667
42463
17
20901
39425
5409
8233
864
16580
47920
23515
39001
9083
14711
24280
13234
41548
27324
11641
2392
35195
25102
49821
35417
21888
40653
40587
15510
355
26879
20518
11695
44271
19959
8791
14155
32336
48496
23881
14625
27540
24586
21617
40525
31783
12591
4920
47388
10836
16303
16382
46399
2887
16021
11111
6203
39378
17018
8699
32001
15172
44185
23774
33634
40996
34593
49215
44363
25751
1848
32467
42715
30272
45108
6482
5980
47655
19147
38851
36626
21503
12229
28666
35836
26436
26611
49079
34639
21970
45921
10502
38831
6295
860
44373
14134
31936
30683
5410
704
3304
24791
45984
40164
15040
26299
6738
28175
979
6407
41128
33449
22877
13497
16622
11288
2500
606
20996
17336
19581
31882
19139
24286
25490
25008
20627
3791
35537
41926
37219
26245
43893
12891
13384
8618
22635
5434
43163
2004
8238
11443
19070
11178
34293
32704
19957
12211
10482
31691
34415
30367
2976
44869
29650
37004
48907
43322
21028
19467
1049
49704
13390
11504
30312
33917
33501
34392
16706
31845
40650
6266
36017
3120
5947
5848
46565
4835
12273
14028
6117
22328
2209
9763
34861
2798
12847
6188
45951
3571
34101
6663
14002
20785
28081
39655
46923
5999
31725
20852
47785
22970
14900
39196
24863
43593
22438
29492
27600
32991
46253
39101
37916
24809
27559
39401
40100
47846
22508
5008
4176
18187
2439
23935
12512
47885
36552
14243
13159
3528
1365
47314
17306
34091
24231
18170
47108
26764
17732
43575
24053
40
14146
38238
48887
44487
12988
28016
46543
32632
25795
36446
25928
7113
19787
15677
23063
16292
41762
17930
11999
14972
4788
12399
26161
28578
49982
21064
44313
35467
16689
6286
17538
25650
41601
43300
8956
39097
27014
48112
22363
15427
33016
33194
38459
48063
41288
25893
43408
23680
10977
13079
48760
47333
49329
48686
43303
46420
349
3319
15642
27436
8117
33956
6012
27398
28400
17367
3702
19328
30587
28154
3873
13727
35487
48332
38144
27778
38126
29263
40098
22179
19239
11824
8684
2617
37878
8821
28333
28147
42559
47762
9306
33871
35348
16654
28080
45157
12178
2885
10871
40716
8946
17459
26359
42056
29921
30405
39130
28976
19525
4437
2170
29210
255
34871
7595
19085
30467
33973
23596
18312
38906
14781
37943
2254
14248
41098
46301
33566
13597
1188
13619
17872
15608
20582
21173
14103
21344
49598
12500
38710
18927
17881
47662
39262
36127
45877
23765
18552
26094
48694
40503
44248
13992
4938
39631
18952
15900
26231
28204
14883
2903
24817
47087
3997
38669
14492
49180
38043
9264
32080
45013
9426
9160
20302
44355
30107
38198
5533
49544
38619
30852
351
29675
33230
36877
17751
11606
42942
9174
3367
16369
24329
14231
31333
7753
17468
25036
42399
18608
33187
37653
33044
12715
21241
41635
38161
27515
41033
26926
32875
47545
18174
24716
30407
23493
20102
28505
28544
1391
31286
15871
16932
44942
32227
40050
19637
46738
32948
20394
1957
7702
38577
36684
4921
5484
5028
13903
32270
24290
21610
49254
47531
48759
35531
3564
31484
48708
1121
20470
42741
27958
18591
5685
23927
3765
5201
40095
10545
22688
27749
9471
37514
19968
31546
13185
2839
23313
40468
19051
14336
1567
34655
18486
2094
6076
26270
36441
28623
43345
30892
44404
49126
5440
27076
9468
1524
21779
42157
42060
37608
46037
42158
46341
37187
22830
5063
49727
12307
31976
36524
881
20716
41502
15257
19724
439
25877
37536
44064
18546
15666
34624
12931
4132
6097
40209
46749
35497
47667
18921
763
45567
7138
16360
21397
853
29869
22049
13567
2388
15822
42817
43155
27769
23700
33425
24555
22156
43480
47747
17455
43395
32247
13613
14203
20527
3824
21081
41056
39872
45041
17868
23925
32307
17024
27446
25727
5362
14406
46889
26222
49049
14227
31298
39739
2790
29608
21359
49748
28015
14389
6847
2601
22743
30758
35830
46754
5558
23093
34927
6811
3609
30044
14023
5637
32207
2134
12939
29846
28743
1905
718
44356
9807
16243
25119
12039
42980
9519
14996
44019
9664
5019
28441
91
9350
43904
42467
30867
26374
26872
35646
34274
16135
20342
45770
35956
22206
15931
27
38738
48204
7219
22087
32568
28961
43092
11445
42565
43498
17461
37612
46227
9901
44371
4256
20881
9828
32782
42774
8651
2503
39555
45202
12814
26509
45254
5336
2939
31529
35832
37547
11946
1061
28649
29407
35905
37530
10437
26046
42402
24512
31269
45118
46953
47768
13779
20008
34612
2402
26782
40006
5671
12124
43691
24426
1000
39789
1163
835
35983
14410
44616
16900
44926
6010
20687
45388
6073
23744
28368
40222
28542
24110
46005
38924
7576
36476
36853
29042
7608
318
42686
42267
49309
49477
43732
36376
12100
37335
19838
23057
8155
43238
26043
18033
3421
45717
32598
47330
22793
10878
16833
802
47688
39156
38860
41940
29387
33252
32662
7368
8418
17242
17246
19366
18566
32745
8904
20141
20611
28294
36971
9710
17941
31627
15170
16339
9740
29604
12925
19722
4979
29471
169
28980
18514
13968
17010
43334
40562
33909
38742
23486
40325
44151
30118
44867
12227
30625
4024
7260
36716
43696
14192
18748
36659
25558
4130
28439
33640
41300
6276
9743
34937
5393
7957
43539
17721
11380
43509
16798
38000
1597
13548
7052
39176
29458
22047
9766
49505
30474
30858
23074
20522
4336
22278
648
5060
41809
387
16420
21588
23648
34596
11246
24546
41135
10963
4836
37926
30984
14269
10644
7900
6892
21309
25128
30553
29681
13975
22669
37558
9551
28255
31119
23056
19008
49064
5568
29299
19260
3355
49230
27606
38031
13590
42638
9472
34754
34566
5177
5938
379
28472
33394
22902
43574
14785
37101
874
39636
26003
22177
2251
9900
47680
43526
23324
28448
44665
8823
17539
34375
39563
44844
38075
25076
49411
40204
40903
21103
5727
48568
41897
38243
33301
22334
9931
7320
48031
11109
35563
5051
37931
41304
21004
45274
34948
13031
16563
7258
13811
43457
45768
4551
2158
21128
22519
26661
5090
14628
39483
25788
13987
29866
21996
43872
21466
37082
33137
24514
15264
39566
38280
12033
32954
27058
33895
14652
20319
32183
10624
20543
15352
11438
34698
3170
13862
38188
35143
38171
10670
2127
12209
20619
5406
47440
21113
34925
34517
40177
5626
8494
14549
37809
40852
25057
8837
35279
24962
27392
23818
8858
39358
15610
33576
17968
36622
20579
8840
6040
38755
782
27567
37252
2865
5721
27070
39974
24127
32959
26175
32542
3899
14644
3555
15530
2013
12541
432
32151
1220
41158
17566
21216
39067
15923
15123
23573
37968
44814
4764
34680
16365
27123
4001
31030
671
23072
31724
30534
23513
30950
1913
28949
38271
17816
735
46190
9846
28996
6752
47251
32560
18786
34086
15161
20247
15280
23523
20266
6959
40318
2886
33772
42959
47744
42255
39818
48905
34688
29810
15887
19971
26498
11898
7924
9234
21473
28329
38936
25224
26138
45738
35419
20557
21667
5940
48118
1290
48787
43553
5793
7308
49936
40156
13728
21752
46703
7428
23627
36958
727
48054
18353
37920
28202
15655
41671
24164
57
46673
48369
48433
47468
48183
40470
33362
32461
41952
48365
22682
2236
37002
48743
31580
42429
41919
39543
44979
13165
41087
9787
24708
46808
11293
6191
39197
37529
26227
13036
5539
19755
8433
45339
36628
21127
35301
2561
294
36515
13757
33517
21008
19497
11722
14852
26095
26914
10151
39821
48856
15201
25881
2492
26685
33671
6447
5535
36237
23528
20142
883
48075
44101
5904
25841
29086
30817
48675
23580
36631
7696
27429
3876
911
15042
12832
6747
11517
46126
40803
30507
39545
35413
4128
20995
32544
10550
20502
27582
28180
715
31395
10707
20784
33587
42948
1682
41906
43907
41526
41243
41470
28656
42977
2535
34522
21505
38990
33193
43948
29945
12106
45325
11077
46635
26675
15122
49837
17173
7655
18581
24255
41473
8687
22025
7020
38098
33428
48813
45093
32191
23884
10869
49948
30288
28312
22729
8747
19535
11482
6770
759
35586
30125
26917
28603
3042
42269
42287
30925
2987
5120
18237
113
28608
24296
29084
24293
42449
6590
11275
5856
18958
36427
49814
20616
18734
11801
7958
43639
29102
9328
32448
35977
5095
22070
10319
18515
12791
32362
39118
25068
2106
6531
7539
18602
46274
41020
16358
27045
36517
155
18704
32459
36923
38686
6201
40703
18785
23415
12071
15728
18225
4738
10102
24893
26682
34912
22533
23408
35178
35092
43233
31950
44336
15203
46812
13936
13021
20933
47538
44328
15204
16602
35529
26990
10640
33060
35866
18249
7415
33126
34395
344
42048
7494
4125
39164
42655
22732
12038
44558
32562
40993
39627
6567
3159
13593
7856
40617
49427
46202
26767
16982
45034
28253
46564
28430
17207
49370
28588
37923
17522
12062
33743
33668
21600
46118
23259
38693
36692
24299
38608
10750
928
26620
28553
41905
24061
27130
15332
31737
40798
32360
5180
48043
5265
20569
29316
19464
34584
42192
11100
47756
41309
9463
46911
17472
46371
47727
7575
46659
6484
44503
22756
16540
19798
12115
31372
34149
35872
43670
27607
42333
18990
35145
35965
32014
30078
27818
25326
23399
1669
30568
11785
5672
9560
38219
35748
17187
46794
17951
44379
5909
37178
43986
7123
22967
36179
24222
29177
18037
37786
37485
25419
43186
1169
10496
24407
9820
9990
34384
34844
28283
4607
41790
36412
41385
26645
10276
49725
35991
16489
44357
21306
6741
29706
1722
7730
31433
12590
29308
976
6806
5402
29671
33635
39785
33970
26433
28112
35019
30026
14096
43428
37283
5006
26316
10474
34115
19974
6849
37487
43229
36131
42421
17661
7014
7739
18445
24101
1251
3207
29630
36189
42764
39932
46241
2448
4053
7135
22446
16727
45891
14589
31537
10587
48310
16104
13642
18477
44993
16185
45088
29915
38992
30188
16619
2867
6231
22143
1311
8560
27290
14230
19943
23237
39278
5576
8435
33359
29230
45413
201
1509
7310
22193
2290
1233
749
21536
36691
24243
2135
14181
49441
17040
48003
6384
9215
34323
7669
5454
35025
10468
38752
20155
31610
2399
31812
17193
5638
38430
15885
40103
48547
25174
31412
15697
44969
9195
40898
7693
16797
25330
31371
44565
9683
28543
30823
11382
27523
22271
43814
41343
40646
8305
2996
3763
48070
29152
10481
3321
9308
24008
41974
39813
11256
1171
689
19463
20050
10430
36562
25608
27352
43284
31959
41513
1890
46831
28121
37835
10785
45782
21901
25029
37041
16218
38497
29345
16866
4029
17189
14484
31822
11242
33336
14592
20084
7562
29269
9818
9645
16925
5458
44716
2093
2419
47769
28547
47439
46212
19837
33615
43487
41389
20689
49957
44282
5741
45733
35862
8168
37909
13791
8566
46308
41460
7452
2757
43021
17708
41477
22794
10165
32780
39165
4218
10006
5039
31996
39163
44458
14999
1976
25129
39368
27255
18155
33440
18489
4777
15279
1535
28249
35209
12575
6491
13378
2823
41348
291
48959
10844
30469
48896
29382
15475
43101
12508
34543
23540
37987
40559
35599
14498
45418
7713
2876
12492
28087
7903
8353
8531
15940
37723
1178
40583
41042
43209
11316
33689
42729
17138
30923
37284
11827
48949
26246
14902
3225
24212
6011
30666
23511
26482
12092
24662
33028
39095
45644
30578
12738
31109
21929
34095
35685
18035
44962
11212
23217
11130
6720
14828
30532
7788
48697
48184
40159
7281
9573
20799
33820
35440
20122
28612
32519
21932
32996
19927
21262
47979
38100
28413
6909
41153
25169
21998
36101
47993
38517
2871
48026
48405
7639
21522
37798
48100
40475
13121
29708
7188
17919
15238
49756
47023
23587
45481
11318
39937
708
8416
19029
30254
19198
2057
32558
17507
25909
22914
35879
34498
32853
22569
30436
24057
25952
19280
38092
30109
40344
46800
33284
47776
37427
33065
39002
42884
19106
8879
12387
42336
6621
4543
42389
45067
21087
17568
18364
45253
11025
12067
40262
31814
6477
4528
5089
28012
14854
13257
29336
4246
8708
45091
5069
2429
11665
4751
39787
31916
5757
16375
815
29262
10861
23468
12647
5130
16893
3998
10311
26354
48931
38695
32057
26728
35757
10023
34176
44053
38377
27009
4552
10572
32863
20384
18277
18104
30201
22433
3724
614
24366
14452
3725
32697
37405
39867
34207
9486
28247
38654
43188
9467
6670
34166
28720
25811
17800
47679
44076
4047
43630
22116
12114
32468
10337
36129
49076
5188
12375
41325
40437
49736
7736
25416
19357
27402
13374
18065
6377
42946
48403
35439
10958
28313
3431
24913
24766
41547
539
35818
32951
16449
24383
33124
40848
10406
23978
25388
4771
27313
29324
15293
24660
39352
11355
24282
20190
41695
26409
6942
25972
28637
20624
21053
3243
20892
35250
17120
18367
30531
15491
19238
37815
9140
33054
33619
28192
36442
41910
44109
47417
21902
28237
45922
12801
8476
40040
33162
35325
27979
29638
21453
19768
27190
4214
17523
40207
474
2639
3400
41736
49364
16638
41398
13461
38133
42355
30365
17580
27349
14234
6521
39348
46158
10633
20886
11759
30341
34195
38762
1059
15465
2815
35625
7001
4687
20591
1421
8498
44773
44152
28832
19316
28667
6339
25596
44831
11634
47806
206
20806
43218
6677
25901
33786
45436
42842
7799
8465
19175
42688
13089
10416
35766
16425
30353
36880
32907
18638
29625
28671
45532
33285
21580
11917
23692
25588
35191
46392
37013
16910
46460
8940
39783
44968
37269
43045
48344
41299
23104
1039
29498
16434
11565
32394
28319
41450
14157
24906
39192
2680
12578
27141
12163
19804
23028
13868
39806
27502
49321
35457
24040
36781
10638
29161
22420
21157
47566
9599
19386
47799
29564
1881
35152
45571
9881
40439
11575
2497
40391
18284
4223
22857
35176
31756
9503
24859
25153
17678
21253
3968
34905
47965
13343
32793
26951
35333
5294
22741
20770
31435
6954
15554
43005
41875
40827
35754
13510
25809
12986
7921
30492
36522
1440
40770
34401
32337
35648
10751
40545
26296
47288
1866
611
45197
5070
29351
27906
18860
23640
37584
32411
21018
49210
28443
20259
37431
12006
25940
467
3130
33522
47489
23376
21660
26573
21696
46946
32237
5566
14439
24268
44562
38687
46203
18007
14315
35689
19720
5649
11132
17862
47384
10490
10890
9041
31730
8505
36695
49687
32814
3420
28150
25217
8937
31104
7498
47810
31682
15422
972
22214
46444
47380
24020
1625
33286
19114
47601
12135
6315
36193
7594
2487
5936
34495
37819
43946
4682
8882
23890
23002
8746
28042
39878
43665
30544
5569
31577
3217
6064
19151
34780
1922
21011
41606
38061
19572
23953
1738
27374
6578
32087
48203
36538
16574
11497
5360
21631
12746
41479
34923
27217
38232
5074
43538
4871
31225
42292
49070
27598
25675
10137
46426
39135
1921
33638
34002
34080
22997
11872
31326
10652
856
8556
21132
25568
10763
15625
36957
367
17525
5210
34820
28056
21180
34991
35584
14318
2520
25190
3726
1241
37704
40532
17398
41017
16380
9778
48516
49168
2990
41449
45487
7274
26674
16368
48748
21812
5564
16102
42630
28988
45986
27497
26908
35813
42841
15958
36342
906
33319
10324
24858
21962
18962
23641
22255
47344
48532
19513
10716
33551
46788
34837
12093
1758
15323
20941
11023
46927
37473
2891
2864
4950
33114
14574
42669
48874
25343
40728
33436
28923
43722
35193
13584
45593
29723
30896
28514
49508
40520
45995
27229
4600
12155
12634
40727
15604
37967
8963
37877
47063
35041
29287
967
37334
4883
21687
34868
27741
19416
46726
29661
43579
46920
43087
21452
31942
9187
29875
41764
16868
30190
32946
25345
288
26209
36486
30897
36589
39308
17265
29223
26873
33459
36919
27661
5965
16404
19131
41486
40069
47370
14997
5522
21609
36617
13421
46160
49589
20827
442
24952
3548
18898
40788
15320
21593
3417
48690
48211
36272
18582
38449
23516
43225
8731
977
19031
44042
25106
11620
48005
11951
36999
38445
45657
32474
45198
17438
48504
49928
31029
21515
15838
47076
4362
15654
48103
43115
8395
46012
15888
10140
44381
42077
29150
30216
27214
40493
15193
2304
14250
24091
19136
11090
32842
29355
30668
32142
490
43497
22873
1124
32454
19965
49326
8392
19162
28350
10242
49174
14188
513
45784
4697
15446
24634
3262
34665
45439
16658
31345
17636
11311
31305
9804
28129
40277
25504
5869
25553
23018
9310
2896
31859
36248
32559
36504
30884
39859
29629
33203
5473
22129
17227
44936
11819
41911
5065
22961
14509
27353
14557
16071
30112
37127
30995
26934
30818
22959
4027
6125
17709
6056
17655
31000
25017
41422
47607
44522
31456
2810
12811
28764
17291
6554
38523
6247
31452
26260
10668
23372
4334
25362
47401
6083
26743
26814
32658
395
34878
41579
3283
21758
4091
32256
26451
23454
47454
1165
22272
13865
43410
12499
8597
13484
25756
16531
10766
24947
32047
5359
25684
28289
19913
33838
36226
13800
42348
34900
29927
14166
28811
27090
12642
9810
19267
15405
24919
14251
4057
37893
38546
7508
45056
22706
14090
7942
30372
1466
5740
19394
3690
25168
15020
20686
21524
48753
46727
17838
30535
45353
41775
33721
17592
28467
36618
34148
37725
8372
35286
9705
25782
23705
549
44777
22546
23391
38928
11320
8215
11351
10119
4191
586
46826
4562
28999
21476
48803
13533
11784
8397
42609
20289
998
25401
6451
27739
15689
26450
46984
2114
15361
23911
49436
38267
31765
1573
25255
37686
7691
25911
42328
37796
21403
28574
31189
20929
37715
14507
31156
3459
29827
27743
43201
49359
36827
33922
25541
15881
16095
2155
18090
882
6526
39422
8223
2016
22829
48900
38370
28497
21886
12731
21467
16821
3469
34973
18652
31320
14837
34450
27522
26389
47725
42936
16517
49651
37407
42651
6721
22759
23295
42404
45250
49323
179
8502
10056
38655
35755
33378
25827
20927
28153
33164
13630
11643
2465
26066
27555
41691
31348
27840
26170
28242
3991
23929
29803
37382
18884
22382
22629
46184
19325
5386
710
22455
4242
21992
48884
18560
9443
46680
34403
37665
20377
49474
48520
33915
6725
38310
5
13117
21254
16452
22946
12538
9352
40479
17645
35768
37426
16415
29420
42918
31439
36125
26856
25760
35277
7243
49405
18585
30538
4028
16533
49295
4207
26229
40260
21682
46166
7982
34050
8035
25216
28615
24466
33976
9797
44899
48640
2771
13698
42150
16472
44208
40969
27225
8261
26822
39702
25389
47507
24761
29220
20456
37838
42230
26599
17719
30886
42384
35165
33656
29455
10979
42458
13738
12134
84
42027
9401
38353
34061
22876
38094
43559
1778
29176
46345
37720
16153
48167
25711
10771
45231
11241
309
35886
49188
44758
42187
23275
13180
1319
44448
21377
11204
31557
29673
44062
23239
18222
40352
15308
48094
10008
27971
42519
44529
28594
48702
39840
11797
6400
19887
3911
44374
26832
9799
45988
13187
8983
46220
47176
38998
32433
7064
43069
18668
42254
46022
39340
13501
2918
22619
13163
49379
29495
48558
21598
28503
10357
14371
36088
48845
47990
12250
10058
22648
32681
29242
45999
39957
45255
49521
32502
33756
43007
22337
21807
3642
12364
12821
7084
9697
33731
4166
42530
48624
32246
1858
2404
14372
42357
34771
42480
40962
23926
37467
46157
21680
20021
10162
13841
39607
27529
2510
40123
37185
40954
15873
754
6427
36796
24358
37911
12975
21523
36207
12395
2974
34926
36234
29090
48961
4031
19242
29982
47919
45786
30354
40401
46213
21456
11513
33552
2656
32367
31035
15740
42725
5405
33215
42737
43478
39649
43085
41488
39927
30596
46485
26275
46209
18085
2948
17621
6084
38749
43384
22871
14686
41248
25489
4035
19712
7407
35942
30470
10653
6234
43496
20434
25696
9077
17494
18574
25983
23694
16474
24025
15678
21427
45337
41475
17938
8045
6962
23720
26508
23529
33972
36008
41908
12932
656
1839
6988
44877
11364
34530
15228
42750
17852
42036
21457
43246
13688
44514
43411
28304
23867
48073
22665
40767
27580
2779
48466
24273
36738
10271
15792
25207
964
48289
45878
1658
33618
14842
5175
29931
25116
39237
5831
20237
41711
1355
13418
28496
8404
41989
41623
33073
45523
20485
33466
8906
14182
26458
4732
302
8370
39616
13643
17952
37444
5329
39155
48135
9691
26992
47126
10314
46717
18426
29952
7417
20402
7820
17965
8697
15461
46775
12349
4650
46149
37373
40060
38765
46867
7194
33176
6941
41682
18280
49759
46671
5494
13752
32830
45121
17537
25180
41122
41459
32500
30085
12110
10528
32554
30437
47618
25944
21769
42401
12605
11589
28235
2052
48788
18491
3267
18289
36916
5129
9301
27333
31324
47075
46688
15973
49676
35764
24184
13941
3240
18603
9702
21431
44805
1046
45723
42832
43398
27231
48208
9882
26313
49730
25823
41639
18145
49156
46910
49770
48827
12101
36842
15754
5898
22746
21868
20300
17790
43829
27097
18730
22413
28714
10506
43173
15710
7740
7785
30669
10692
8989
26351
47693
33072
10914
11358
38877
48325
3157
32955
21642
14554
28061
12789
47431
46899
8749
35619
21279
34817
5781
19231
12198
26663
22183
37963
46193
4916
48591
33087
24233
47426
18599
27514
47445
23146
35308
19042
27929
19146
24889
39102
33048
36291
7366
11331
15548
35103
15402
22622
1175
9506
16905
41077
25712
7086
25007
43730
18872
43890
4151
17647
44181
21139
20308
31117
9184
12082
716
39777
18500
47325
3176
31889
21093
8329
18663
19579
48275
39831
43999
19567
23760
9715
28214
14215
43711
27268
29318
28583
9255
39134
36595
2371
25668
48898
23793
22738
19301
14413
25850
10203
30074
29496
40023
6079
2292
10590
18361
35294
42252
20540
2961
18485
15297
49797
33321
27095
36474
37492
4639
19893
46903
1225
49206
12838
29048
41733
30581
6016
43659
11200
11338
27222
36473
25258
40314
40238
30103
7381
358
40010
5005
49340
42810
10966
8938
21517
3257
33558
49614
10109
12240
31873
2062
33631
28038
41225
40695
17023
24464
20297
41797
1634
15428
22712
29446
46522
29404
24973
43083
36995
365
1970
49425
34885
31226
44833
20243
21084
40602
22662
48767
17329
26656
4494
47114
40423
30964
23484
35825
8491
46093
7690
34930
40351
13547
6860
47881
2943
39918
43512
17634
12871
34520
41432
31745
22543
42851
47938
10918
21685
28745
4102
35702
24073
27922
29795
5245
31786
11718
8782
19140
24098
28998
968
6039
43461
38354
46649
16338
16920
40906
49420
12323
39811
33859
49428
14064
19812
32217
28107
17670
13859
18747
11114
16929
45331
33431
47093
6964
13370
47905
37642
29019
26008
49527
18940
9088
37244
9914
38994
21538
41085
30973
35059
46744
31063
2901
21186
40696
47741
16985
7233
3278
42209
4431
40738
17485
639
11669
32687
46133
30714
4948
39288
44246
45063
14689
49032
33726
7161
14186
12318
10471
5815
12289
14067
39362
13733
37054
21280
16514
3943
12961
14543
4533
44161
22734
13476
16856
6522
16631
26110
47149
16810
5941
19066
38664
12549
46295
19084
3739
10726
44769
22050
32010
13508
20507
23711
7865
38123
23071
38485
48819
33837
28981
46306
13251
25310
22028
42393
28599
15439
47298
47134
2156
8083
38637
42516
34071
44067
20013
38050
7596
14057
6758
33430
49975
43785
48727
42242
10143
11601
36976
19873
42526
23555
14724
45430
4692
34896
13468
44705
5143
24910
11381
22663
17817
43105
9998
26739
46001
48920
45580
44148
10559
24487
27891
39324
2932
6104
28167
29317
13082
6443
49519
35595
8659
15276
14275
12645
17274
31232
38476
29454
38532
48764
32416
46508
7806
26819
14047
22822
14860
6426
47508
1529
38756
46546
10747
49776
44955
29138
11166
4563
17259
29035
12049
49081
3316
5132
4424
35973
46966
27507
25212
34444
46478
1511
38787
6948
5015
6745
1010
39642
47398
26280
47724
19033
22636
41904
16244
26480
32781
1902
1053
28582
2816
2070
3987
26111
36463
29436
36103
23756
18314
47814
35603
37698
7447
39459
41932
43063
7465
2789
19545
26408
3639
20449
32395
15556
48039
16704
11001
30206
7059
19751
25005
15130
34581
18005
15460
34465
25177
44303
6392
13499
6545
22224
49221
31686
15052
34085
24058
34205
39236
4105
15041
49738
16264
32344
38647
28600
5718
33733
46921
35183
12261
30397
35816
12938
16603
36078
9321
35573
35543
2259
25634
3010
39214
48766
1531
31102
37045
19296
14291
28165
46533
47382
43531
45438
9586
41438
6014
34697
28053
18121
5423
49697
44341
43490
24328
44623
37171
7165
14794
5202
43214
24673
6146
43088
33550
2662
12573
8887
45139
25465
16786
12929
7580
27056
46618
2778
6110
34322
10809
14693
34048
45788
44253
27201
42004
29966
18402
39360
42907
884
23293
46544
18542
1797
13851
29115
5565
22512
36746
36144
29285
11168
11702
39327
9134
45072
46980
46181
46572
8783
26236
24777
19508
31492
6444
8263
22059
18610
7737
5395
20969
13654
43693
5422
4967
49470
46199
23514
43347
15986
27487
18408
37098
16589
19519
41499
43599
18228
13904
33598
6153
29525
12401
25829
1830
23160
36521
31288
29755
16530
42199
44015
49499
27728
2261
16854
37899
47367
17062
15988
22771
16784
48641
49535
40074
33023
32960
49597
12270
32561
11546
43963
19361
22747
46729
49097
35311
8944
30747
44121
8278
13978
23574
8357
19312
45919
46062
43737
22711
1089
27233
25677
17399
42351
22731
15359
30393
22824
41201
27543
37610
29877
8523
29029
4858
33596
584
28466
25971
27868
1667
35208
34383
43764
47712
49391
14651
45563
9392
26818
44736
2069
25320
10173
35446
40955
30755
36556
48531
13781
17922
25133
11628
27860
48345
30851
16246
26915
11143
40186
4849
10942
32238
32479
8619
4406
17563
9314
7032
10453
19792
3013
12862
19064
30110
39121
3351
44428
27652
26631
24396
17518
27802
45513
43784
11905
26988
49710
34436
29088
48042
25739
15797
28952
43219
15090
4174
32882
24700
25179
4824
40943
41110
18725
24219
14136
254
34234
34703
31020
17513
5066
1379
23938
8194
30545
28417
8073
43632
8280
19825
34365
30008
5189
17577
13368
36658
32892
39832
40415
29452
5694
3273
25832
22468
3877
15582
30452
39188
20159
27921
23957
11267
44541
3364
46870
9723
16306
9842
4927
8653
14453
9000
23814
46568
17783
1210
21975
30003
10245
39094
37518
23398
19488
33662
33020
39734
46332
47348
30767
35785
7246
7564
26821
29792
5774
22844
11637
33611
11974
41903
29581
47104
26020
18165
12470
39521
8547
10596
21485
21297
46504
28309
24710
31925
30278
21709
47548
6338
28287
14024
17502
9533
17812
9190
692
29920
20375
31534
1590
14754
45852
42205
7628
10294
40381
26946
31167
16728
47523
27322
49610
10688
39753
5428
49317
16426
47211
25624
31736
12927
1980
23654
31271
5582
13326
3448
14605
45641
39201
23704
39854
45962
14283
43343
16147
12536
49408
9639
42819
39781
44998
41405
3974
48517
43103
46002
3140
22001
15515
18643
18208
11689
25980
31662
36930
25764
18639
9383
619
49902
35355
44507
24012
17166
7747
39003
2661
16166
2989
466
15092
42864
18886
4399
36830
30104
37386
10325
35
46483
6449
39715
4865
31771
8985
26796
18677
27471
49829
20685
30183
31099
40143
23741
17599
48021
43373
7268
19345
19809
14968
10712
5020
35240
3841
4388
24726
14940
3771
21554
32894
46264
11304
38705
44725
45556
41256
25556
40301
35508
10178
18034
31360
18621
30282
43187
15690
1240
35863
9243
15331
4833
15341
16884
48814
2091
5045
34201
26781
18905
11119
44610
9517
44499
6330
3707
25665
21401
40597
8733
48828
25178
1376
31629
24503
5646
26518
14374
19814
21952
2968
21552
6475
23305
44995
14390
32774
9606
35749
19738
29359
20780
16381
43129
46842
3688
24099
42165
18614
13991
14657
47252
2458
20643
3205
44750
47236
36287
15616
44789
35468
6965
11391
11642
32514
10720
5350
36500
28389
41129
22723
17424
13998
36183
7938
44158
41448
27150
34242
47877
24239
41149
9432
20009
25805
42791
30809
28248
27266
48512
18032
24026
34112
36720
11528
37602
46039
7704
22292
21944
16487
36462
45859
31146
2945
5771
28791
6749
42144
30814
14056
25365
39716
28538
44418
32281
7678
31494
49520
18134
42880
9006
31190
7773
4812
13651
19528
24846
49513
42738
27907
31149
12964
22951
34074
43638
29101
24747
45211
15947
26427
2586
27757
30419
9332
21729
38245
47626
46719
1109
48448
42191
24942
12136
44744
4711
45421
23614
20100
36610
14264
45010
4462
1004
49801
44536
39431
48007
295
25375
43255
29450
21785
46117
32981
37683
12327
46873
38866
5890
22440
48067
17804
45484
18772
38795
12870
36
5801
18974
43612
862
12829
14982
31193
25914
22398
18246
33182
17983
45829
23537
34607
12550
26132
15396
31153
22718
31886
10338
16279
37391
14468
11120
44965
41268
49839
31321
3803
8643
40604
2807
6440
4055
28432
38365
24435
13794
1292
27181
8935
11868
25149
10316
15116
35864
32999
46231
30038
42899
44072
42488
5059
18392
42135
2763
12994
42660
14263
46056
16065
49019
6934
30236
12781
12951
36641
35127
22990
19424
43381
25640
45127
39434
24059
5102
13771
38150
37998
36563
5715
5436
34184
2667
43788
25532
36169
23212
27163
36554
46532
36955
38253
42902
12981
23137
2084
39090
7915
49956
10220
5496
6579
1574
27872
8220
38723
3302
28013
44978
43798
42342
19827
21469
16189
22827
13799
25090
13232
7028
16074
40747
11697
3203
13855
28881
1973
40765
8508
21362
11899
1570
48810
6299
3701
28113
25898
25058
2222
30427
16332
10259
23013
33041
48262
32695
9170
21195
26560
41872
35063
21263
28345
17368
31062
14675
49889
31563
14280
45609
59
42632
49385
8349
1643
6119
378
10504
40666
13514
21630
47225
6216
32235
39561
8010
16429
25686
18310
10024
30719
17054
33
42343
48651
22160
25531
13336
48862
41598
33422
19687
3191
27996
5503
14427
1071
16793
40632
31325
8406
9466
5521
26471
9502
42478
32326
30119
26536
5988
42895
36369
4323
15060
48307
47534
41429
10364
47499
17718
5301
15599
13561
42636
9364
31187
33063
22610
32164
16965
23083
25148
32534
30987
28581
28843
27074
17388
1766
44183
28807
29049
23141
35423
34944
12963
18365
1888
25437
3902
22925
23773
21142
49229
27564
10308
16069
42395
645
17121
4664
7045
15016
34414
37234
106
45416
46491
20069
34587
4880
46814
2577
23888
8389
38978
35698
18640
25219
42666
42050
23806
40818
7139
27842
1282
11177
37012
47312
6974
19657
46597
11363
41274
29119
28918
47194
502
677
39180
31148
7346
41415
18943
4568
49826
6114
26839
750
42862
28436
43095
45474
32652
20489
17239
30268
45024
34719
49986
6622
29595
36518
21450
19112
31650
8601
43208
43389
28858
1424
30981
49878
6124
15513
43453
18719
32881
5250
29219
7335
48790
3631
37259
35367
16424
6142
8813
3838
28137
19263
7245
2863
36140
39389
10441
12797
2737
20249
4866
28956
3836
12046
22887
4155
19660
12142
25468
5592
27535
15886
17090
45691
43397
30037
30789
21560
168
49314
17145
28334
49767
32586
17160
46710
18240
33001
37028
25452
37810
38747
14242
9112
1285
24196
42477
26942
32252
39626
37944
4346
7754
8487
22498
27755
7454
33800
11997
48256
34432
12807
2442
11426
18062
9867
11744
13641
4680
43147
23152
46711
45698
14963
33273
8228
4622
7307
45233
15674
25672
37022
47069
4180
23082
33096
3185
31520
40419
46857
35655
32867
21632
43528
36596
42179
34386
45389
47586
46178
24005
45747
9283
22139
9644
33281
44285
20743
29346
37186
38438
9123
12272
26643
18487
25104
10875
17428
40089
4500
30077
788
27924
26902
13447
45201
12091
45728
2108
20519
26186
29071
13693
9165
17128
31201
10089
40787
45688
3007
4160
25387
12819
45856
44276
36638
49991
47708
25476
23807
28827
31427
22343
23383
19281
14093
38800
24479
26837
3848
20922
33559
17945
27775
17079
4224
24327
23404
37560
8680
25137
25159
29666
7962
17058
14762
9596
19409
2848
6294
6310
13632
19059
27173
37889
6862
48488
17489
10637
22423
19359
1335
23222
7758
2085
17799
33982
32871
14369
22991
36559
24666
23130
33985
16894
27644
24852
1885
30846
6785
18631
19134
18667
44521
37389
1595
7804
6308
16639
36565
6882
17763
18146
39293
6437
45424
12341
20961
20668
18847
1181
45502
40146
20514
46229
34659
5239
7922
27049
18130
44888
47118
13199
21299
9632
44827
47627
48851
17739
11486
44320
9449
40334
33943
45378
39991
42490
11650
41314
39850
39275
43668
40429
49084
35399
16715
38343
952
39911
42045
32618
22118
38169
23601
13695
33999
38722
33622
34569
4842
31985
18988
45355
9958
39450
49971
21789
9201
44857
38522
17373
32796
3326
48644
1079
17492
27614
37888
34451
38957
8321
27133
26151
41661
41828
49183
4122
47866
33353
7545
44258
36972
26789
9100
36212
35503
26002
31820
14454
34664
40116
42280
49758
37449
22454
13057
34400
46556
43473
5567
16008
9577
49373
18793
3769
22568
40999
1276
10040
10700
17047
1252
19813
10849
26434
2994
33694
37472
38622
19305
49908
81
13443
24161
47338
47172
42726
2581
14088
35811
3327
12809
18149
23155
6636
33390
22851
49509
33858
30368
47460
42198
22642
3388
35687
38115
1521
15593
1504
35643
6489
5318
32836
17458
32406
14725
47014
48535
22362
19202
1357
49466
10275
37351
47259
46288
7149
30924
8532
17338
23035
27423
44187
7976
41029
9275
4291
26422
33840
28024
40917
9197
40213
33031
28215
16652
27153
45719
36414
16801
46933
35796
45283
5580
16857
32876
29211
11886
7203
13051
36755
1185
45682
41577
27724
114
25010
20801
41114
15713
9331
7844
41997
33465
49799
16944
8838
45544
36206
19591
13226
28639
41367
18779
38864
16525
41976
1796
46266
48917
39709
833
15634
43925
49960
46691
17984
4127
12572
19067
32983
5464
44961
38283
23698
40927
34239
41652
18148
9764
24307
49131
24473
19901
21716
944
9803
31701
44050
3728
28907
24774
43328
17309
37352
42086
20074
32754
34039
4729
7530
43715
17201
18002
24907
14358
6242
46014
6957
42379
18115
20128
18466
32382
27282
22500
2266
45872
12262
18899
2061
39285
2424
23986
48420
27221
35979
18258
43489
42691
30834
33251
46312
16054
2200
33968
22666
16830
46715
9025
42175
39019
30503
40680
21892
42676
41712
44776
28130
5426
33504
43534
16138
31639
23301
31805
446
3692
46549
6360
28412
658
39752
10467
24486
6647
38956
18745
26307
19707
41253
19356
1944
39567
32418
29660
5437
48407
31215
8373
21773
3437
1005
37716
46841
24622
1812
10376
3950
2620
18023
32022
50
12023
23307
23779
2592
1393
2977
3780
38835
42629
17300
43594
35679
15309
249
33974
25332
27501
43351
22720
5867
17426
4546
32152
21544
19746
5191
13824
1898
45720
7152
17524
44221
4847
39438
23512
44692
44971
1399
43469
40541
22208
10263
49414
25333
37825
31090
42866
35559
34647
4077
25125
25855
9727
10551
46706
34513
30555
20193
42564
31522
12517
49900
26516
17741
16561
4981
9595
22805
6584
41273
17916
15605
24545
29331
27965
49980
9172
22811
46496
33444
40629
32066
13715
47664
36609
38773
15504
41433
34872
49042
25755
16048
12116
22187
20728
18468
45526
36822
39861
48540
36130
33396
19331
6317
31414
10427
4797
15588
22388
28098
10412
47703
41745
39383
39079
10603
2776
14640
47600
11777
46686
17483
11268
26760
37271
24609
33625
3861
23541
30739
21513
4545
15032
33166
49775
8440
24676
23785
32263
22750
44546
35100
31157
14681
5383
25405
16640
5653
3394
11394
12435
20733
4611
1972
13223
942
45170
43325
24288
7909
1199
31705
42512
48117
20438
16483
11392
3723
42089
2452
3626
6607
22044
7599
33169
21215
2878
41786
14763
27526
813
41387
29965
42913
39801
20810
2111
35935
21321
21671
49713
47037
40471
13748
33677
41078
44575
23390
8662
41846
35241
4092
24214
36138
28088
37657
14820
22443
22864
132
48280
47321
2043
34881
11984
48844
45546
23127
49275
1401
18961
38828
49922
38042
34445
47647
17737
20631
5864
18804
1003
16200
11632
7821
9668
40675
38521
26503
7413
45584
44633
40878
23228
27115
15350
42717
28200
39495
27508
29694
39684
29349
31565
212
34279
4897
19440
16119
11435
21038
9761
7624
45228
30942
12627
31418
575
41951
43955
13743
25597
31498
6396
24410
41013
48740
30480
20670
17818
1760
26717
42802
42587
22429
30803
47332
12782
15955
48149
11468
38224
30510
3557
10394
19790
4178
27701
44571
27871
3083
26134
16795
26787
337
22053
19629
583
29913
8516
34706
19666
40075
27671
29548
4187
570
27415
35349
40316
23489
34344
41048
26103
25872
5127
27314
9156
39895
19250
34470
46822
42798
7810
4512
36437
23796
17959
7292
17998
11059
18041
18163
6175
24179
29265
9315
27641
39534
37222
25903
38545
31292
23388
10721
41143
37921
42682
48086
12783
26012
10876
10611
35730
12164
31221
15013
28789
2078
20928
15679
32241
3582
101
3385
49754
30262
47091
13459
49657
24046
29389
29521
40170
19060
40080
33989
4446
17213
49047
13050
18808
45610
32292
26672
10788
19621
42231
15314
38407
17195
39279
14217
15206
33528
47739
35227
37945
11454
1281
8368
24064
25728
403
32912
44938
42441
41193
22612
28353
27249
25172
49320
35267
3921
28278
1413
17775
7651
30790
18473
195
30847
3479
23314
42220
24805
283
45835
5977
2642
42128
15898
31476
