{
  "train_loss": [
    4.522870575420072
  ],
  "train_acc": [
    2.9409411011523687
  ],
  "val_loss": [
    3.924708203125
  ],
  "val_acc": [
    10.25
  ],
  "val_acc5": [
    31.7
  ],
  "lr": [
    0.0001
  ],
  "epoch": [
    0
  ]
}