33848
37386
6757
27616
21238
29069
19836
23037
4888
41362
11070
3480
20207
23019
43505
38268
19023
23434
27148
20947
17040
33627
48379
24388
44035
25110
48834
35525
7063
14910
13805
29595
44842
41911
25522
49240
23711
6126
34879
40364
2868
31077
39144
1417
40963
46071
28951
46057
22752
40937
17182
23831
24782
35816
24856
29503
18927
49160
37385
47194
45810
5417
6386
27239
1194
9730
11495
15115
30388
14211
20951
36600
12488
49296
41301
4305
28381
15087
10940
11997
4394
47949
47293
18885
38755
10935
47452
2854
10232
32093
7304
18171
23120
4896
28524
43281
27734
4163
36180
45965
40330
25551
15834
23089
8249
271
38838
703
15345
3680
40893
42359
1621
38898
41900
30855
38002
25901
21970
25291
2404
12281
7248
8358
45846
707
4079
19091
5408
35831
17653
27051
44001
42419
16951
3718
28768
47547
1422
43566
43503
19524
7199
9504
17501
41525
45725
19636
44311
32355
26082
35285
13430
31053
31829
1705
47070
22104
33903
6354
46622
7106
47198
26677
45508
13137
44681
33687
13318
13254
36525
135
35313
27613
46038
15077
30367
16238
852
48683
46191
1057
25712
13229
16790
43875
38711
5231
32834
43445
20222
24250
39680
13452
6998
4500
25299
33694
22420
44433
39394
23829
12867
25819
7493
22141
31215
44255
27352
46884
42706
16714
30443
46840
6115
17836
17373
25245
42607
6958
27124
40387
42894
3620
12906
33991
39407
48254
10339
37683
15674
7520
18320
21131
41684
47418
24087
24426
32691
31234
46069
6795
30399
11963
28334
5627
20786
47486
18651
24133
40546
39519
46612
33573
31295
31779
29816
5261
11958
17648
48337
12647
41693
29153
43027
39433
19580
38977
1009
32096
34526
26250
37037
41290
11254
23059
2105
19433
14471
46558
11701
1885
27242
4697
47002
12620
8233
32650
20425
25854
14112
5510
43041
14722
1348
40341
34990
15195
47289
41328
48213
12355
29295
32999
16129
48607
42409
49019
35205
13458
32876
17350
9608
23077
35202
7734
31745
32622
14139
18343
27685
14511
34371
14425
47788
12996
9887
45782
47531
10212
1478
13499
20890
640
2872
48216
48719
26876
27681
22318
27507
25615
8549
11740
44467
4259
45432
22585
14220
17804
48091
31923
42988
41147
153
21535
3922
22853
33808
46407
249
35696
27600
11947
13397
27698
11584
36614
41061
994
46904
1293
30353
3968
28134
8578
10683
28775
14086
29438
37263
33238
6799
1369
34352
14781
2547
16706
7862
2122
44394
32716
40975
16391
13219
20670
41399
22656
3927
3513
19083
31338
44026
21204
33906
38891
43693
12663
7717
40007
37506
15383
34422
25165
2800
16482
45484
3460
17721
14975
3259
21432
8027
2056
12358
17731
8235
19353
43215
41681
41574
35652
40895
40979
25665
21504
43064
1984
23770
23147
20051
2898
10628
24514
15194
31469
44330
3768
12875
19774
47328
27793
17225
42667
20804
20931
4906
37505
10456
45664
28353
3205
9625
24478
4262
16078
11068
24434
44381
4894
17559
1510
37471
8820
21067
47927
46033
31326
11398
14328
44642
14193
39483
6091
17369
17630
27490
38799
44241
1515
14444
3307
1355
45326
5431
49656
28022
14947
44172
11575
24982
23924
1307
8673
47256
6297
49933
23672
22530
39762
36404
31244
38159
16999
10660
14160
23334
42657
34240
43783
30258
25280
584
20999
46643
30810
36797
10203
41644
12525
16213
48796
19130
10503
30976
20142
1442
26476
30397
49377
11648
10907
34056
38776
42519
18944
32558
17835
17179
49112
23353
9215
20964
49278
16189
11922
32251
24524
36723
1826
32159
22571
9100
42708
39187
24971
46203
31528
2364
32261
4938
3879
26523
40635
11123
2611
22451
21023
45756
41880
40896
14995
2989
3684
26242
29497
5244
48910
41283
32024
5710
13822
37313
9376
31712
6875
45769
4126
23687
24854
16378
11586
30786
14973
8311
34167
34289
48510
41311
48547
42004
6857
33576
38016
40345
6184
14586
37652
43408
29299
38992
20649
45848
4113
13273
20242
46034
19908
27675
39283
25543
946
35605
8832
17772
32195
12812
9348
48452
46352
9239
32328
2881
19356
43710
34118
2024
8738
40982
38794
23993
6264
19867
15846
17032
29788
34956
49401
36742
25726
14117
9286
35151
39598
49277
30969
29527
28171
41403
9044
6031
11081
41648
2366
20595
39448
45618
33982
36828
44386
3394
33710
22580
48927
38869
23390
9479
44000
16966
12396
5489
10445
36716
25519
22517
21407
47062
21414
17286
46230
49754
514
38980
47719
49801
36702
23538
2608
34898
39784
27821
48110
16427
3899
6030
29374
29846
38758
20618
37171
15970
145
7603
10648
10474
14932
1476
4725
18223
19726
45122
35990
3750
34157
9516
24048
14918
18409
47729
25074
32041
22777
40332
17340
26583
1322
47837
27390
36757
40292
26270
21324
16770
11338
9911
19403
12357
24401
2293
38899
36189
5168
30457
19335
17149
49862
16068
40679
44571
44765
18089
42211
44374
3139
18587
37903
3131
8479
38666
41829
28749
2393
7949
29137
43
8005
29508
4639
12325
20584
20322
40132
35533
13744
16197
1259
42625
35136
4829
46767
24001
31573
12808
17142
33740
29038
22279
24022
41856
29355
27719
1553
21188
41654
37395
18387
3502
32110
33651
31320
17122
35425
19783
31354
25331
31641
20462
2392
5550
15666
30117
47561
1405
28479
15857
30836
40554
11563
35567
22835
18513
8737
34749
3090
40384
38817
41606
42958
33248
7784
22111
3989
38928
27640
27362
7942
41806
1236
4213
15170
47098
28908
48077
9336
45455
32298
45600
5015
39284
24091
9062
39140
30156
1429
21912
11040
19225
34846
9999
35905
15658
36851
14182
23370
8783
35650
17634
7101
32301
2679
34113
27475
7824
10927
25099
5051
12572
32270
45520
45696
18417
31574
5284
18877
16657
15560
19877
6174
8579
28456
15955
15934
20845
36672
4635
106
47950
41233
19866
17218
42827
22457
22506
18317
46172
43540
19971
17391
46594
9617
14073
14484
31346
4769
10839
26822
10013
125
25521
2332
28724
3050
3488
21756
993
3051
14333
35172
42934
1351
42987
24641
44402
15876
13891
46995
16737
48511
13083
48135
4808
35813
4759
1846
17826
6598
41141
45116
15935
33706
39382
18948
3079
16784
28087
30187
11726
43396
44338
12816
25146
35873
30233
46696
46564
25807
23083
44738
28368
17214
28327
21031
27986
21568
31511
16602
20983
32277
25948
38325
12631
29866
47856
3129
10455
45821
37749
25025
19076
29719
35413
43211
49795
45599
2099
33708
4438
36811
39389
6026
44217
36818
46357
34418
38226
18335
1774
47593
6540
1044
40209
44997
6414
38789
44228
12224
5200
11558
26894
17285
45353
47233
36288
44921
9717
11234
20012
45016
11795
14478
45670
44890
39271
41734
2793
420
884
44647
8283
8120
42704
47687
36544
32570
13851
42969
49227
42835
37082
38948
23360
1318
41555
34615
22132
11943
2434
26398
31698
11804
46648
13735
37552
47697
23622
32399
45871
7437
48174
16495
33998
13933
48901
18435
46587
15842
40972
19330
27274
6989
31823
280
40212
46928
30463
47497
37519
19045
29605
39080
48854
29957
1280
34152
40259
9300
9543
29064
39199
37673
35497
30293
15873
15062
27151
46980
35248
18752
27256
43960
6526
9551
6916
9782
17460
43409
16592
29413
29736
11384
40413
12223
4675
6047
28075
48801
49198
25346
34445
24297
21141
20718
35507
2351
39077
25135
8266
19999
32121
10566
2468
42834
15713
25927
5369
33811
12435
22352
24512
29743
3058
20914
39710
21076
36299
38133
49262
13928
37688
46573
37537
45962
47282
2052
8386
25918
45796
14093
29404
6885
8459
30935
4185
31887
34100
48883
12956
17128
5624
46923
583
2943
19598
44498
32219
38419
5256
25577
33329
42536
7134
32325
37343
38214
9959
19273
121
30752
11526
25329
21561
19538
26416
34788
27197
29599
43066
36422
16123
6485
167
22761
15286
5356
3137
9955
42330
33334
18936
47195
8633
21938
16802
16875
27649
22459
12009
48918
20488
48629
45592
6424
33206
13898
43210
3618
28540
24737
22494
24432
7126
30124
45437
41142
2694
46713
22955
20519
4299
30818
7085
44854
29155
41243
15073
45160
47264
9640
41621
39158
41854
9986
563
2225
7925
36160
6000
44932
1179
12232
38321
10752
33611
8357
19360
28629
35066
8541
140
17278
19324
35572
42119
36884
48886
6580
44042
40256
3101
20274
8872
18758
19865
9125
19511
22760
33054
46953
2125
14706
17991
768
38550
34424
261
3740
26341
33279
21371
43116
37210
27173
3955
5225
42730
11012
26015
40885
38398
48281
13570
47988
2797
33138
46428
46737
26964
16980
20549
18940
10380
3157
38751
10325
32091
8243
24379
32628
43250
10987
46314
38611
33961
36270
12962
35617
45100
31935
25175
22652
24345
22441
6907
48501
31306
36203
45026
18421
15171
44434
44313
30311
34012
2214
3669
2686
5553
29692
31386
47432
32595
25805
6670
27518
42712
26257
19361
25664
45510
20825
1898
31718
39793
12352
14515
41707
34886
35918
10170
14885
5066
21362
7198
7986
33974
10670
39181
15251
30879
16893
9892
15367
16390
43812
42598
4041
42088
7948
9686
11333
14309
23992
19376
45159
9699
34563
5136
30131
9214
951
23797
4156
5673
47303
25139
43959
16041
16710
15868
7539
34416
2230
27384
29893
47288
35786
48217
44190
47079
10663
183
15721
2467
20903
11570
10356
47325
2197
37832
36526
20779
44889
23599
9938
32467
8007
17246
8514
48641
28561
36408
10286
34539
45082
15888
23310
30596
8089
18423
19351
31049
12737
48114
40489
38157
23644
5977
31463
24074
45059
45415
20021
38217
31947
13991
14871
24340
14982
34803
45668
48428
45952
15026
33052
27024
23935
14017
3021
42516
18407
27896
28118
49301
5588
4409
20888
27726
12178
47096
36944
48497
11148
27259
26957
24720
16514
23641
15783
32453
22095
16169
15893
47702
30040
22866
20290
37857
40426
26784
22929
20758
4556
35537
17627
36106
7639
34393
22043
33582
44702
9413
10690
14401
16644
3468
21684
10905
32334
8185
34029
37162
49050
14773
42454
19821
20271
27652
43295
33092
43053
32226
10754
30858
20841
45847
37496
47853
1807
42795
21308
23990
1868
10843
3586
43638
20454
20456
31113
44472
24319
41992
8159
21194
24918
241
16463
4580
36696
35752
36011
16879
39923
649
18007
34312
3895
10967
41815
29975
21502
27541
32804
26525
44198
7933
18187
33879
35317
6984
37256
2902
16270
48726
46503
46766
41547
1418
35003
48564
16561
13404
13936
25144
36555
20898
30548
182
27101
46697
36301
36249
25138
45238
14573
14429
14844
45441
20527
49036
49438
17805
17302
38945
47286
38067
43778
47371
47066
6402
23469
4494
47567
4654
48560
22249
36394
6149
7709
14259
9322
36969
28268
22272
19373
6055
12310
20159
4925
42291
43781
29647
47318
2615
20880
38406
22106
45103
8272
36878
31853
42916
26299
49978
31848
41943
6192
15017
47267
47172
47579
24620
12492
37893
35857
44133
18445
24848
28077
3147
2026
21881
26006
6238
21450
44747
12054
30372
27591
17967
42922
20713
29546
26649
445
28369
33945
11879
28155
24565
15414
40421
38101
13433
33832
30523
45335
27968
28068
45170
26718
1595
20622
28414
49703
29184
36774
38804
28078
49902
35607
9566
13627
24438
20843
5836
48516
7489
45502
33887
20131
2585
3218
10067
437
29292
13069
42540
37711
20690
5076
29541
36183
29752
18464
7319
22978
38717
42825
21775
48725
17600
10412
46294
8718
48543
38314
9796
21825
15675
25152
49790
21213
44575
11599
17495
15897
43653
20354
47294
48411
48262
36721
22121
6508
34697
3714
26792
6315
48341
35321
9380
47523
38417
26831
46870
41215
45175
33696
46504
39954
19909
45516
27945
1991
7841
4715
5894
1393
23226
11677
12368
10431
13356
37326
17575
16581
25721
26339
17445
49329
29351
29214
22428
5982
31744
24219
42669
39547
13040
18592
1798
43897
46349
11693
30916
9697
31975
34001
9936
13313
49228
14749
39019
41889
39767
35105
35215
13720
36487
20013
32561
42426
46448
40680
27400
2955
1933
46932
36163
34108
778
7718
19347
22430
13000
39395
12409
5924
38354
4198
18475
45966
15427
36243
14952
27879
3952
24625
38222
22995
18727
46209
47351
33499
18252
21454
187
30811
37422
34564
21577
48088
2864
35775
48306
33841
44399
24037
19175
20706
13267
41987
38318
18062
25850
30849
28655
35491
46281
36171
8245
20547
42727
0
12723
22117
25198
23157
13544
16713
14702
3838
13213
40957
28917
43649
37848
8335
27484
42407
7613
36074
42281
1468
11727
27047
9157
27450
26235
49974
39447
34016
27882
30884
39256
28420
39258
35420
36960
31455
41230
44606
12216
27482
32062
13736
34883
15491
49151
7475
8575
38201
15326
18986
39941
40361
33935
6351
20830
13174
27617
32046
14591
30254
45424
14759
11438
4078
19138
18113
9603
24072
9663
6076
30958
24903
29524
16393
8100
35357
1523
8623
29202
10879
4005
43075
39635
44094
44565
23064
23751
10019
27094
20910
9578
35556
42751
14087
987
17696
49517
34194
33232
30948
21704
25762
32962
38160
35309
40385
47337
39559
18843
29970
25263
11547
35596
11689
19125
22567
33743
7946
15261
26267
43953
6684
30296
17915
35805
39491
24494
42589
41277
20240
11022
5712
24964
10000
10666
3594
11486
8707
32208
42624
36117
3320
28700
35492
29243
33999
16726
17428
33430
3514
21948
39587
13275
16426
39143
17745
9166
21119
32981
31321
406
42581
26243
35122
8932
2894
44095
31370
29317
49259
41365
41259
11337
4722
4194
46282
22680
11217
36514
34073
14738
4601
9912
9538
6150
6394
27527
20542
7736
28730
26395
42378
16036
36322
614
6488
2023
14716
15988
12513
9547
1853
47834
46215
23941
2696
4689
32284
17549
26709
45137
8793
11212
32028
13550
4389
19185
7441
24676
44474
14006
44387
41465
13927
16447
6179
38428
21491
22294
32025
35862
9406
13999
7433
19444
22783
31974
45024
21896
40356
35406
8703
9483
35502
39374
40257
42504
48741
115
43099
13289
28174
46262
40723
8962
20489
30986
27265
30378
26301
16002
10773
23763
47552
21042
31863
33889
2166
48087
22039
47728
39450
15575
48029
12754
10596
37206
46750
37736
41998
40583
43513
31510
17610
15206
8906
28660
18399
45272
23316
25829
4684
23965
13422
10750
24554
27306
4917
9556
39135
1114
17339
26936
37120
42774
40968
31329
8368
19140
30305
46986
16286
33261
3343
41114
4773
8339
10791
15732
41969
42820
12764
17308
21002
35201
21434
7377
38492
10189
12509
36349
4660
25193
46820
32608
13816
17035
7209
43556
48899
5697
13662
49566
16094
16210
25698
34305
33580
36931
12995
8164
1803
45839
32523
31950
16329
42423
45017
2953
16339
35039
25782
13594
48634
30633
42167
28111
32245
32581
9405
32083
1669
17028
27576
26650
19620
19942
6313
12287
21326
21679
4507
28426
36646
31303
14978
28232
30312
35414
7114
929
7438
37910
10756
28712
12557
46113
6509
26450
30451
42325
3229
3424
41770
42337
23847
14169
36936
5202
23544
12818
2664
30909
30738
10422
48067
6045
29316
35901
48595
31342
21908
48345
1593
14235
19018
8481
21922
10292
42804
24264
22278
13439
17806
10896
25055
21984
29621
1896
17646
16242
31170
17964
23206
43267
42973
22886
709
26771
18308
48509
14724
36647
12645
38429
47969
20743
37247
12653
10280
2119
30280
11519
21743
45873
20710
10649
1888
14587
43261
36617
19596
27706
32283
18354
13722
11209
48565
4597
35403
16010
49140
42038
42674
32560
45602
15931
26516
31328
47944
38839
5436
45049
4372
1450
40415
48914
13443
44860
49154
4323
24890
35600
17923
87
31678
49691
7582
22910
19016
44081
16488
2238
21250
46132
14513
26291
36948
18181
2936
8437
46426
6332
32386
23272
275
5404
5183
49023
29286
3847
19043
32748
14637
29927
6236
29855
31305
8914
23013
10793
34360
9960
13743
31459
47163
35246
41915
6672
44011
26375
17932
4825
6649
40300
33330
44420
33377
3631
28241
32905
18561
17366
21388
6454
42679
24436
14899
25650
21768
49488
37335
35390
29992
16377
48121
16232
29701
9430
4550
7019
23704
47508
8580
2427
12080
27133
1424
6341
8044
11509
41939
4882
26966
22346
6668
17321
40813
5575
37382
5343
41018
38823
48938
33846
48692
24568
42150
27335
39297
5602
26689
4617
9624
130
16055
49711
6404
38829
14329
6468
40842
15160
47938
42251
26059
5751
49503
22099
23069
40035
40495
14601
4768
14843
18331
33781
20196
36770
30138
23385
38259
16167
9048
9965
22076
25014
34795
46626
48504
43356
48490
29699
17467
12414
41583
36992
16346
27411
7859
33792
43870
17281
31186
32473
42481
21472
7846
46041
22554
49384
49016
5730
7046
44983
46286
40894
19015
46559
34299
12693
17114
5471
32039
1445
44526
22742
5467
35974
24525
46666
20972
3195
55
8228
41201
15899
38554
39824
7526
23354
36254
46315
5684
12970
13470
31429
31256
19250
48457
1436
22398
18734
17872
45652
14388
9510
5477
27353
8166
47074
28191
31233
15278
13589
28280
4373
48826
6455
13017
16582
9871
21411
46358
38824
41274
36519
49629
20293
47276
21201
26133
31224
47564
6957
8338
5562
23470
45748
29224
41263
9550
21554
23952
19653
30719
30304
98
28052
41239
37873
23762
5377
22225
45147
32685
41622
30009
10627
33624
2033
36993
30925
41503
37942
41337
14577
40971
27606
18383
27768
30643
15067
2676
9861
571
22842
23780
4977
49406
21939
26900
1265
14224
43133
34723
25845
9755
22330
6917
47405
2189
20778
42225
20467
6356
20581
33162
25827
30134
39846
33634
46180
10976
2500
48071
38170
69
34007
23969
10488
31380
32953
19738
30027
31577
40612
34474
37305
42631
5499
37518
34800
5941
39916
37959
10179
2095
29280
21417
32043
31423
12616
29627
18074
11897
29895
28982
42404
41820
37113
36998
23706
40782
13031
41796
43481
33599
33173
32292
44165
44016
43352
36082
7731
27946
46241
11314
4911
9980
8237
37041
29044
1336
11845
27822
29710
32644
43164
41537
19263
26314
16751
23775
317
10047
30700
14746
34456
8045
14154
12446
9464
6572
25676
11269
48021
18438
23842
17863
21897
20435
30127
36159
9507
21900
7511
33784
14863
35809
3193
29733
12214
36115
22292
1020
36631
19204
10952
14186
16318
30774
2660
21916
35384
45815
30842
41715
29688
15941
38076
2758
9434
14274
33836
21366
1416
37978
14318
12897
39242
48385
10167
4791
28215
4155
5802
23273
18189
45339
49570
20482
29929
26275
10600
18027
39170
5957
34041
26474
34212
6120
11264
235
7179
11979
8471
36730
30440
34951
7928
38722
28395
30978
12998
48740
34468
22611
35124
45866
9365
32598
27102
31074
23869
1639
6097
39512
4859
34809
34556
43442
18842
38099
5419
14398
4949
27878
37636
24627
5583
38188
37609
13810
33681
44018
40263
22407
7391
10603
20569
25083
1759
30014
24837
9953
20765
41482
49393
45232
4439
36374
8022
46916
34950
6546
43747
4671
36065
16180
22356
48823
40510
46078
27928
46756
2498
28226
16753
5171
3262
3898
19301
31014
39961
17253
37042
14435
521
45376
25598
22576
35631
15144
16928
14610
2053
18327
47604
28350
10244
48045
38481
37400
11665
33258
13043
29798
3294
33303
11262
495
37829
34553
42977
42087
19323
17641
3598
9922
10398
13026
42513
19869
24321
38319
46947
43274
30518
42319
9152
10401
26005
12893
47941
13752
19826
1100
33643
10111
43697
46243
43257
18300
5770
42633
12328
47035
36981
33876
11214
32381
47069
35730
8270
40557
30237
22017
1375
37561
33648
37766
34955
36443
213
45633
10744
24372
34674
6581
24902
30985
2375
39727
19958
40871
10435
33567
39108
20319
13403
40417
9952
31425
16182
7234
2028
15954
6437
8254
37429
13883
24592
18679
17757
13745
506
5196
13918
46251
12885
38754
38634
36387
2897
29267
18868
26201
47939
17807
10640
12630
14119
31741
18337
35386
38196
1928
18965
9358
12949
44698
4801
28789
17207
30078
35417
17171
37727
34577
42246
24406
22204
47841
9635
1423
33298
12741
14593
27262
6016
48912
37074
24891
45155
24393
41234
41456
38560
20640
42007
33516
10818
15354
20119
28849
12940
17936
12571
26492
14772
31747
36893
33965
3643
39219
14634
21396
9263
21164
11191
24106
4118
15276
18085
11090
47128
30729
48447
37678
39943
11582
9144
27455
26984
5269
17956
3153
6355
22373
8478
42869
12627
36263
7002
33637
28990
45105
34238
391
23821
30276
15660
31019
22697
48574
39655
5435
45973
21968
31914
46577
31884
17044
39772
8843
11382
27892
37080
3624
2875
23339
48284
17333
49122
9950
36964
44481
37336
34065
5123
3647
36911
21987
15751
5513
27216
16852
26987
14098
36678
26789
6255
19209
9736
3990
19105
21541
38450
29948
31579
38859
25260
23625
45201
33774
37140
42526
37751
5754
31709
25941
27586
49247
42301
14550
17356
38854
45080
10781
47382
4108
31165
12586
21351
40148
42449
42772
12075
38812
1232
9828
9570
3036
13709
8028
19941
43065
38809
20317
43936
35001
49420
44812
44927
8492
17326
32319
17919
48917
2625
13429
9520
11404
12997
22577
38128
38443
36075
2208
3053
7020
5306
5210
14132
13075
12729
30570
6763
31159
10119
40805
18324
4070
41686
27625
15423
22481
2928
2177
16705
2972
20502
22953
15898
43763
11794
42018
32566
22862
49540
6259
41224
35524
35487
8593
4731
38080
17112
21466
9908
25326
25305
8192
13848
1106
9119
340
8025
43704
559
25823
44259
19807
38426
25282
29651
9652
8907
31089
28168
23907
24714
41397
12090
12124
7191
9426
44326
26606
33388
30142
21789
3602
5412
41685
30660
38889
35035
15325
24351
48559
21258
1594
36859
27658
16749
32378
24527
26524
23629
22105
47619
49618
8636
48459
32940
4336
49605
19121
41374
13957
36363
26049
6733
9961
16583
29372
16979
42215
42760
17672
40022
42757
13206
19319
41663
31965
8279
38152
47554
10517
22791
45119
24023
32536
30701
21481
13896
31495
40826
29624
23697
36108
45547
6603
22750
3579
4666
26223
47805
33210
30240
30459
16248
37708
32807
13759
18796
43234
40571
24975
7576
3055
40491
5769
25448
35771
15450
3636
36209
2959
6539
30629
38092
12489
39763
38232
36450
14823
40101
41376
36161
39341
42709
21240
40771
1473
34756
32315
42445
17228
33621
13104
42602
26493
12218
26872
49238
1080
30171
4035
49721
11941
18517
11534
48378
28759
42194
12072
6640
15682
790
42562
3222
25289
12644
8706
34874
7329
25514
7226
8867
30266
34773
15650
42764
16136
41942
15467
38008
24382
31820
16816
29780
32317
3755
40830
18033
44368
24408
12172
44193
17213
28682
24542
36650
49245
14002
17435
38091
38293
1202
42614
34335
41615
45681
41738
23114
49104
15495
47204
3407
19830
19828
8694
33919
17790
13571
49446
24029
8495
18349
26124
32709
16858
37698
19442
24871
20989
45132
28467
20731
29519
21566
12601
25181
32679
5137
6773
13367
18377
3272
42072
40783
33840
38446
44124
5573
17470
49786
1674
4800
49237
22286
10611
38022
13747
42742
40955
40054
13565
36604
43337
264
3279
36888
11098
38269
1739
34535
24055
20648
13931
46875
45779
10816
13334
32925
33733
47899
11122
47243
7194
3573
16429
3793
37348
32916
2637
4080
39204
30798
45862
9865
42771
31241
49241
29674
26382
11208
10557
30623
32451
40432
13189
26703
18858
31761
12465
1472
41779
37309
14951
38440
25791
23979
21519
29296
42521
49909
41213
47961
21708
27854
1626
13496
32725
11258
46404
22438
30216
42844
26107
23411
26173
35726
2754
20540
8093
35481
31240
29197
5709
16935
37478
23496
34860
29836
26755
11260
43398
4485
35482
31958
35912
26874
2763
18956
16697
29785
37950
36024
38967
337
2398
36682
33028
9440
31995
10960
40831
16361
44749
27988
33736
31070
44188
981
4470
32346
23461
34989
47813
21152
27106
35046
28445
6269
17493
36134
27070
26010
28356
24784
44471
10256
40862
14
6032
33327
23220
28519
12051
3829
12531
44175
5401
20442
4950
14965
12735
38296
38030
38497
36880
3107
23332
12701
3450
40652
29415
41595
8675
32659
45771
26346
47307
27954
16146
38999
25572
11300
23131
30477
24875
15107
47917
3010
10421
7700
32223
3489
8819
17061
6359
27361
48201
14875
38642
23284
47984
37739
20879
14851
670
2417
11152
3077
18422
11053
46724
20654
37103
21013
6391
29431
38413
41748
1735
8423
45511
34646
675
19223
7099
18153
29100
20857
11848
27441
35853
15786
49127
11080
3613
23244
24034
13362
30959
20616
16464
3723
34237
41962
18224
41657
5109
19012
856
23154
33526
27999
29760
11527
1087
3048
43907
36951
16170
23217
5603
9839
11716
46977
33933
49852
30917
23891
31768
24579
26153
20546
46443
5430
5155
48920
22047
46693
41170
24654
43964
26186
14250
45678
24041
11597
49994
39914
12316
9600
46533
14960
26471
5069
24906
10263
35583
19135
20005
34692
27817
23685
22827
40192
18807
40727
10599
40224
36840
36975
6943
17160
27528
43376
47908
8106
10858
14519
29057
3291
42872
37449
18985
40484
19252
22281
2529
44963
13152
45288
2050
11951
37035
49644
36509
17172
26272
10248
12338
44644
30219
3075
9667
44961
6721
36973
40146
4417
14754
31444
19729
39196
7059
19829
44367
33140
19597
44039
11087
5267
4681
7335
43822
34729
19430
24713
5866
30569
19108
8948
48236
24145
23459
14451
28942
7137
1777
19331
4316
46124
38620
19882
40408
22975
48377
36843
591
10914
35
41835
35027
15838
46738
47679
18620
38399
3473
31229
27447
33785
44296
30609
9539
48895
36141
32260
15280
22790
5213
36274
49794
14870
33318
49509
15108
2369
37774
26090
19762
12102
24581
2448
44730
5018
5400
13583
4053
49427
34123
18617
25250
5129
39384
43688
15399
11459
44337
29347
24290
44825
16411
12407
32221
3358
23977
9385
30605
22617
11127
28916
6712
25900
33574
42887
4726
13034
12539
9306
28741
14547
27343
10609
7649
9825
49110
43962
31045
16067
29708
2820
29285
49344
17256
42926
46242
2474
10949
10675
12262
20231
39997
35262
6101
7513
35100
1208
23549
1283
44099
27089
46002
47111
49114
14152
12517
27921
40122
28179
12981
22730
44948
10484
33714
19056
30994
20518
1703
32243
520
238
28988
38619
46638
15317
28826
20604
12222
17981
5657
20258
38626
25754
35250
15516
5776
11721
22164
8762
40281
2727
22509
19638
44319
37259
12389
34866
11633
5105
33078
38211
3653
12046
32848
45169
28012
2485
31707
8614
26027
15861
20376
26853
43087
7270
9586
23986
485
7175
30181
17785
35378
10909
27038
8443
16804
46699
18658
40312
13734
5685
45178
15034
32919
22497
25512
46779
48797
12348
4504
35320
3255
12757
12901
35503
3498
18078
18042
49518
16689
2251
48926
27959
35098
14001
34017
12516
32772
46353
7599
17102
19931
5911
23741
8879
25015
3416
29512
37770
47071
30953
48176
8712
617
5448
38985
45855
27380
24350
38253
3165
5688
44823
42079
39611
20040
32930
24711
7956
5633
1407
9355
23502
22832
15661
3904
3033
11349
3554
28184
34944
2583
39666
34372
6470
37365
5958
15055
15637
8577
41514
17873
44012
36806
31473
28671
9204
12406
9228
25437
45316
45195
38341
28401
6345
32369
44041
12173
38564
7534
38282
11705
41797
17062
37174
4278
29703
31844
38903
18003
40638
42296
27171
11378
23187
46145
33193
25893
8818
47103
19952
23090
47987
22415
35088
49078
2186
16362
23767
28403
17553
13664
8041
22083
32903
28181
3081
45699
49331
46616
38894
32306
30338
20002
1133
46507
30290
2447
21055
3767
36377
37333
47970
28362
8076
42001
43305
5839
10459
35965
34937
16250
41551
33367
9480
22934
39974
35418
278
104
19478
10745
42370
633
21000
26777
25035
42819
2391
16157
33126
23793
29835
19355
19160
18676
123
2653
14563
16715
40109
19517
6296
26277
43611
23075
36457
8280
48164
36886
19033
30407
46909
34078
43581
17105
21609
8312
7022
46470
48474
41764
47881
34090
10193
11542
18014
24218
18792
45621
22924
13248
38024
45249
25747
30746
21009
20912
8111
16350
48803
22959
29189
12258
4843
42874
42321
36739
41034
36644
7017
5722
34014
26599
40940
32627
46497
20049
28931
848
22247
11630
25646
45490
22873
30526
45273
25131
22726
16917
4674
45388
44524
46922
11454
37901
646
2906
29049
19134
29894
32615
4288
30597
27830
47141
47434
30581
229
26834
48436
9768
3732
34267
17041
33715
48269
9035
22719
20361
2963
16122
5222
30072
22772
38764
11449
29867
37296
18854
11115
43032
48465
11099
2913
11328
2220
25381
44534
7256
44078
33354
40711
35139
47993
5349
12140
30253
3444
44306
39898
1923
43691
37830
16897
29932
21556
11612
5761
13396
41477
29676
18497
4655
33305
13783
20185
29495
11574
17792
21077
3461
47157
913
27966
6923
48605
31636
40785
40746
48055
46421
15147
46332
38604
10314
45820
39173
34011
37204
38752
40551
26198
49642
45429
27277
40040
38047
10070
30745
24200
36318
6427
41721
13451
11591
27477
10518
45089
49531
34698
11784
20485
33472
4895
33727
31616
42364
18120
30012
8920
40600
41103
8771
3381
12302
20342
23401
18282
44158
49318
42368
17810
33482
45139
26044
11362
13353
15610
37653
6646
25084
8952
6398
13187
36168
8918
19117
38680
29890
36459
32880
40529
48658
28586
29223
19678
2579
35300
18783
42235
15462
9592
13904
31301
49657
41519
43847
29182
21047
39580
19681
11552
7097
27132
24614
31726
2410
16089
4926
44678
49942
45096
49465
47361
15831
16299
33167
45248
11228
40973
29275
3873
33462
40285
49843
20606
28589
26616
39959
954
34530
13869
44128
30997
37725
42991
31406
49392
13172
31041
30652
15814
7634
17994
26588
42375
25879
2164
2203
5676
13833
6027
18703
36312
47167
5693
14422
25678
7373
5705
8001
18772
45775
22366
7374
27496
27004
9581
15891
48712
34899
24640
14625
43773
23939
31732
19981
20209
4358
36244
37994
17972
44808
46690
16489
6435
27881
29073
47093
40647
8956
5453
30931
9773
48112
4249
23135
2386
24966
28824
31988
31796
26175
16567
34341
30494
7903
7857
47836
42342
25725
37005
35401
44243
25335
37551
3022
14986
26729
33053
6983
44406
17204
7218
13173
7273
22359
29129
9903
31504
35322
38982
4951
11430
25914
33852
32206
34386
33376
7408
25717
5181
1329
1264
2994
31752
38199
18628
10030
11296
33412
20194
41087
49491
20816
6629
37639
3576
41759
14644
49460
26793
47742
5723
45449
37052
6002
48449
10494
2352
19701
42879
9292
33854
13801
17885
48056
6859
36252
25231
42612
41984
19395
3930
3769
39935
36725
21274
44079
8511
38998
23359
32590
28419
33278
12169
39444
6257
45714
37253
30508
14808
26925
20827
38166
34385
39995
25831
18708
31187
776
3175
48489
26808
43629
36608
29007
14533
42467
8969
15843
2328
11938
47498
30195
21773
33290
3944
40966
22600
16104
44705
44076
36437
31499
27934
3817
41356
25556
3742
30826
44804
13351
5875
48979
12988
46672
17869
14155
11497
42725
26589
37437
27036
19064
18259
10132
39628
35929
7798
5108
38278
41642
6669
27710
23287
8429
27364
47880
46891
15335
10742
48444
29763
22729
24270
22088
41724
31413
27897
1529
49623
17688
27802
12464
35852
33820
838
31860
17594
31195
37269
24728
1002
26376
11104
7076
40427
29115
24602
27521
15501
32341
34102
39496
49849
46377
30046
3219
28290
25964
8725
4922
15040
28889
20466
34195
8887
16641
13507
38347
21169
42943
43828
26340
28728
30834
36496
33453
3115
14979
12763
38658
8219
48570
21382
32367
44231
36345
28238
12661
26571
42686
43658
8741
28322
22349
31409
48001
39123
36308
24740
32332
14442
45564
30259
19116
16323
12183
13900
7347
4099
30079
31954
18680
12726
22837
23975
35020
17608
46876
46246
26630
19454
13676
23418
4495
12536
33767
49337
26733
42048
49161
1509
32077
31685
24423
43992
25222
19363
39239
5142
6058
41119
37274
38965
11538
11654
48760
37217
49143
9104
27481
6666
20227
42476
47127
17466
29094
37342
37124
40883
32407
44742
2538
43338
24959
30021
21484
18449
3619
43666
6328
38233
40154
10160
23249
15706
7315
45983
22317
13990
46373
5654
30785
23613
47401
15260
49648
32941
28511
47421
2295
34044
42082
16757
2155
20608
11815
27743
44992
37938
45342
6387
46024
33478
31183
7776
5455
36923
36142
33665
7081
39585
34354
29575
18355
40467
38678
9726
21859
35822
26423
25990
36536
3977
1238
43138
43229
15140
36353
32835
44396
43942
43323
12983
40470
32734
24928
40311
679
32454
22339
29811
39627
24651
19180
23826
48594
35428
4532
31532
594
918
27868
46763
10732
3478
24951
7150
6212
17607
31581
5139
15486
13212
42618
48684
1225
12076
6944
40839
43579
41194
10059
48534
27104
24516
34656
31098
40769
32190
49170
28541
49583
13320
2998
49574
1390
38663
4924
13056
29726
36572
29015
48025
18067
19096
35664
6196
32559
29550
23044
25825
37599
43721
10515
20689
48335
23121
31619
38490
8777
31617
25043
16719
2795
29171
49614
10077
45299
18911
34472
44530
1848
7478
30727
44417
2720
46031
15374
16102
39910
5729
43652
4333
48628
29753
4839
30159
46367
19093
15424
45877
232
35171
22304
18406
44706
10293
10088
45136
3197
37858
33866
27421
18938
33973
42457
19806
16315
45843
186
17287
25806
26850
24874
5273
27491
37226
31005
2964
34823
24618
43684
19902
47912
17241
36881
38445
47181
29850
13243
31372
20257
21940
14554
18069
23839
21259
34734
19614
39264
36393
19320
25365
27594
14514
962
41953
31990
49890
6325
13561
24325
31314
11870
40515
49505
48418
9951
26211
1018
9123
5691
37208
2684
7457
4981
35010
21256
4458
12836
422
39530
12285
19191
15901
43315
11882
37034
19662
17449
38220
44566
13274
8361
27840
4698
8498
38810
23305
25828
3467
44215
39372
29564
5609
44378
3632
14350
5438
18482
31024
27399
17832
12381
30725
2040
49965
18829
40066
10428
45837
33762
3196
30782
26099
35286
45702
27177
43792
34597
26720
25976
788
25500
17649
29000
24302
44579
48273
13053
24553
32239
2900
5843
27515
46405
6339
2068
6625
15469
49828
19290
16778
10342
11886
42846
17959
18050
24596
15757
19182
10362
26392
12881
9905
37494
25003
24712
29799
8624
21474
28352
27344
38757
742
35045
5395
1871
7609
44400
46567
17569
39609
37450
11076
30928
39823
35764
25505
7832
41260
32776
25417
20672
727
33891
22215
33366
43616
35148
34529
22631
14649
7831
7504
35070
22621
27014
6079
48127
28366
34543
8331
33417
43190
9093
25405
8200
7548
23791
29270
13889
40305
7527
32600
21557
29636
13772
35017
47960
41768
49115
18751
38237
8157
910
7251
27937
5511
8186
13978
20571
26236
32107
24889
36522
208
7133
19480
35658
42077
22261
35683
18248
21319
24701
43994
46029
12371
34811
26368
15187
17491
14561
24578
19854
24283
27244
13683
3470
7929
45194
20066
42290
23715
22971
14699
18761
30364
37060
17951
48967
9729
986
46011
46606
14135
47601
2275
42698
22399
57
11272
48985
10857
30854
33776
21345
12868
37834
8394
33496
39926
44537
7774
40589
29425
2525
41884
1347
31095
17949
14931
20099
14725
1195
4975
29772
14247
18537
30990
46765
33564
30136
25716
22200
24981
30504
22968
943
1565
43428
42431
46700
2810
21241
18163
6676
7088
5001
36285
28672
40563
24965
39113
43494
46487
14201
19304
41922
32229
44613
332
21666
44858
5608
23006
20943
17796
31695
24511
25213
10384
32154
47335
22456
7982
40531
35400
12805
24386
2666
6609
33121
21526
18575
27764
42571
25106
30479
8702
40902
6053
33034
44023
13098
35926
26918
3037
45379
4748
1216
5564
21014
10961
31365
6230
31128
41366
12900
10102
600
28201
49497
32005
10451
26303
36295
4679
6102
4546
46936
39118
49168
18294
28079
21211
3851
17928
23366
9337
31740
47563
21797
39005
18491
7054
33165
47197
34965
1205
41534
4878
28096
26656
17468
2973
35586
35397
30646
13606
32291
13370
33902
508
15100
20579
33143
10519
22019
35404
40858
4221
46924
46245
45597
28020
1059
32856
3551
20162
8123
8530
32279
13826
4836
19131
15621
4855
16069
9498
5163
4048
30365
32391
16794
18954
30167
13781
21959
24763
35874
138
21637
36879
14657
4913
47725
17072
9630
11799
35251
14118
2077
19745
47594
45494
5399
35310
39223
20449
23669
11672
34653
21418
27205
10006
16518
30857
9449
45554
15436
15790
4152
6736
12413
25285
3776
2896
22403
4252
38257
29954
9186
22738
34279
31846
27747
29916
30932
11953
34348
38818
7057
44899
22690
33464
15419
35411
9053
34770
26990
26948
1065
27931
15407
10163
26319
40996
49550
11114
42136
16394
9657
49780
9187
231
39331
13663
43336
32054
9319
39948
117
30270
45218
23798
32881
22092
10349
26825
43594
44717
19126
7838
1548
47137
8999
15578
11616
3057
48435
43558
37487
16876
4553
26608
49405
49578
26647
38457
28328
47587
48118
44462
7580
39742
14070
20661
1663
26262
7565
20709
29985
36430
18810
5915
21363
39871
23786
5773
46202
30227
32868
49529
29769
33510
22337
13908
18728
34970
7870
38060
41986
45385
15632
11605
35522
17202
15311
30568
2363
8092
30522
47954
39838
25888
43003
32455
16840
49147
25855
47615
30761
41588
10365
17668
48002
33752
473
26377
2618
28991
48656
35232
47132
49590
914
24430
21489
32639
24838
24830
23259
23984
47652
35749
29219
37985
5508
243
42693
13540
18478
28478
2635
1244
14234
15548
5888
36072
38600
5784
6624
23186
17834
31904
27246
32998
12456
3181
35881
48212
25182
45787
11702
31804
20623
27030
23563
33260
15605
5309
11150
29466
9848
40777
2784
48180
22241
42857
45996
16957
9287
12903
24841
39317
22001
31446
38422
28375
24330
44452
10213
895
36071
25125
46482
17045
13698
26322
11003
11464
13227
36426
43771
15615
17829
23932
11002
15231
516
15889
29989
38475
47428
18063
19632
40825
14604
19926
22004
13755
24216
40993
18760
23191
2325
31057
3520
29552
8588
14626
39201
37294
11576
34470
9527
13757
45517
27749
28950
11065
42783
14013
1219
24367
22489
1070
39860
11461
28279
11023
34024
10128
2523
2556
19370
36575
9774
28605
17387
38407
15112
20474
11386
43833
30120
3519
2839
41339
49824
2413
39136
36362
33898
28560
43603
34917
31589
33604
17036
28756
10942
15839
2085
41808
28731
35470
15686
24778
34227
20168
4142
46867
25609
27280
43544
47924
39396
12676
30562
21010
37713
31178
41241
23150
34527
30667
4610
6384
1873
27006
17169
17879
2388
6388
49954
45998
35126
33405
30158
34512
22251
40226
11001
29848
23453
11031
19151
44668
33336
37177
47963
28126
38924
41258
38991
16327
34558
27621
5992
30520
34490
35465
34430
40983
25061
5727
11151
17702
23915
38098
37892
15352
1721
16342
41581
11471
44398
20995
48777
10881
1916
43850
20970
3093
37977
20601
40863
38410
38729
11643
10116
46471
33408
40473
42410
11840
38228
16785
21594
38386
22676
16661
36633
25780
22462
13673
42276
27886
12679
15343
30413
5216
12784
15645
19375
13465
2297
21510
43327
34277
32970
27415
43084
20908
45352
5807
13608
20864
43461
28558
25622
9473
12018
8589
42736
30709
39753
31217
14803
1860
9333
46326
23674
9321
19606
7847
11063
32440
10388
32269
40461
34499
36316
15781
38613
25922
29762
16001
48108
12171
7591
18440
10630
36150
5971
7778
3628
41716
15361
21725
35626
42842
39734
12922
46232
26937
48771
5352
34954
36070
10202
41916
16522
33842
36657
41208
34555
16624
16620
38583
40922
3006
4517
26212
39235
31048
42486
6130
47108
11457
809
20886
38984
15963
38368
8201
8875
40812
6542
41316
16637
14889
20574
23261
37979
46205
33114
29880
30086
34819
7280
6380
29757
45202
46576
34260
3016
44789
10400
34628
34864
46645
36245
23170
22358
43874
10052
21102
26488
8154
16052
7547
42475
11192
17124
38040
44886
47783
6996
31262
40159
37388
5501
19936
36822
40701
44617
29079
33372
17011
45154
29829
13518
27388
29075
30574
38482
6861
17692
43646
37059
21063
28997
29
7860
14297
15384
7153
33169
12714
49690
25873
18771
15006
40096
31854
25036
10508
30067
23809
12911
8765
4086
10262
20499
6042
40409
43169
40853
45234
13220
14397
38698
15275
38695
48585
40671
34379
47179
5179
48470
49256
31531
10097
37625
39839
19244
42210
49029
41439
29411
36809
19059
21741
15264
6571
20249
33264
23995
49882
9605
42779
8913
1344
16033
13665
9003
17595
10585
14850
48969
3206
38153
11426
36824
19611
30081
11018
32933
16455
23814
12819
41804
23879
39698
2046
34969
9818
38692
28923
33543
32075
23238
21606
26623
30598
6222
43726
26548
41608
4306
25972
5614
38356
15474
1586
11075
40273
2163
37963
16916
41839
10496
6323
26370
26469
9779
33422
41454
25631
13489
43456
23442
35319
27838
32337
10540
7827
10180
11674
35346
18586
43772
30267
11016
34051
9655
17742
18913
8917
29009
47951
13774
44418
39934
22152
11392
47205
35715
46432
38888
25515
49033
38939
38161
41705
48765
48197
18312
7250
49817
1830
48010
36520
6886
43304
39649
43227
20334
12740
9092
44379
13085
49083
29522
39270
16759
44320
717
49841
47627
9419
42580
36477
30704
45864
18028
17130
41502
30359
3760
48842
31235
38349
15663
34398
16787
6233
35806
6794
30991
45033
48730
49305
40143
9529
31430
19686
17411
25773
9482
5405
16869
7011
2190
15585
19892
44547
2011
44947
6481
1300
44289
23851
44567
16492
24226
25884
3445
43197
35501
7305
39142
13582
48538
13568
40816
34835
36278
2089
19230
42538
48051
24288
45450
8547
8269
48484
33043
17399
14679
37073
3189
11027
27583
8662
6732
19187
26003
39463
7005
33420
29795
38423
45728
40693
43301
49264
49255
2980
9901
25857
21499
15992
15953
47423
25930
49316
43696
16621
15557
43793
42839
48046
25605
30604
19385
14335
8073
46764
27156
3615
14448
21465
19734
36947
33683
4139
14855
40108
32331
46772
12506
15204
37311
27471
39963
23837
24755
38778
37728
16204
13682
39193
21717
35436
42939
3806
37029
36505
12872
36963
33438
7010
9661
18691
13155
18009
33145
22550
43683
14611
11744
32943
26658
7286
382
46828
49413
45130
46908
35439
33813
30102
17478
21331
34306
4434
37483
24886
32280
43177
20728
39449
12511
6083
31285
574
27578
31269
20836
13684
10790
37329
45634
10430
33556
15576
31931
19481
42484
13843
32515
43779
8977
17203
5482
39847
31458
45118
33390
12530
9372
32730
47222
33679
33717
11286
35352
42121
43565
11765
24684
27159
44824
35792
32311
20906
42976
48671
8309
2697
37362
41032
3702
32428
31203
22113
30442
8604
36714
13402
37667
10352
33993
36205
10259
44257
48680
16384
47889
22379
44265
1403
24322
37926
28162
49214
18099
26501
10894
18588
12642
38324
42577
8406
14700
42610
13261
16638
6800
21460
31996
6607
4761
12993
21675
11315
31079
38849
43173
32810
17540
16266
8677
16111
20403
27489
19718
32766
6244
18135
10655
47411
12133
33280
17380
12365
1902
39427
47648
3727
11325
5518
11238
14683
24573
7936
7353
37881
46016
29339
46390
44977
6489
9512
30908
4365
36501
42559
15192
32104
34664
2867
26683
48762
46637
47345
26539
31134
39966
11822
29334
28674
14824
47992
36665
35732
18555
5156
28318
7814
9573
24111
17859
26842
2184
39346
17969
11171
34319
33768
20577
37101
41766
29462
28727
1490
3550
49020
43509
8512
25189
49725
5064
39021
15862
40036
43490
47894
25637
31242
25738
23822
38726
2958
40425
31792
22960
15647
17681
4260
16936
26527
35156
18767
37436
31381
26848
39132
42262
34507
39853
14839
36003
17247
23091
19213
2594
29681
7316
31671
32127
33459
36038
28463
24729
26794
43920
46207
613
32541
16387
1939
10487
20345
33217
24624
39484
28235
49292
13862
4858
9266
18207
8597
738
32131
10993
44441
5425
7049
35843
12331
42620
21667
45512
17507
41490
19852
11828
18678
22207
490
1484
1231
3816
26963
4542
21586
30794
22793
6633
21936
29239
48298
43709
46746
22162
543
20463
23913
22357
930
34376
45833
8301
1699
46466
16345
21583
8704
137
28059
37792
17108
28121
42472
3493
18373
19224
38456
37410
33233
1823
49282
32701
11442
23127
23113
25510
6011
22208
49014
25485
9971
15524
4344
19346
152
32396
34613
37229
706
9531
28957
49833
27037
24634
38042
49507
30260
17488
21197
17477
8797
3002
22833
19242
16744
15912
15859
21584
30341
46157
27932
1622
44917
30492
24185
22898
30933
25041
41561
7739
8062
41605
48020
6
35000
48429
18146
16563
25028
6592
37646
20555
12114
3754
2323
46540
22775
20311
4477
38827
25561
18788
41793
26442
48145
423
47631
13756
203
12871
12770
47285
31184
16679
31866
47369
29421
16977
22780
8128
26119
18811
3254
33817
12339
20800
25674
22769
26434
29718
40836
1623
23564
45495
5720
49142
35282
24146
2723
25752
678
30602
1608
9572
25395
29464
35842
6253
39361
15699
35942
40793
23218
6659
16206
18484
31748
43713
5572
26097
38927
157
25338
2141
27748
12455
14909
43686
19392
13895
29052
20785
9016
1286
9443
15552
19808
25732
7161
39808
26651
16774
8190
37715
8590
47823
24459
10984
41520
30022
20018
4239
43995
41387
11776
25957
48879
48773
49551
41392
47756
30269
47761
44129
2531
40457
21082
548
33796
38439
34330
22013
6856
46491
6353
1847
47701
38172
40806
35515
22209
13592
10590
22149
14337
6154
39842
23824
2626
9913
39552
27785
44784
43330
192
34882
13099
25763
35270
11853
37001
45229
28505
43716
42937
39294
38104
33465
23152
18470
4172
33434
5423
26364
9684
48942
27085
12043
8966
18152
95
5746
46125
17675
28130
6405
48350
30970
45578
14784
20559
27546
16575
25582
43912
46261
14218
5638
39624
10550
15197
49986
11274
14379
2848
16984
36576
43584
11874
9409
35800
25257
43111
45541
41104
46148
43472
8553
37744
36465
15979
3323
19149
29087
2283
16648
35511
49412
18815
16801
26386
21903
3607
4898
5278
7094
28684
27806
41523
35200
45378
23608
8995
5394
40008
44146
42961
43859
32817
47622
4265
45004
11785
6754
7496
4987
11239
16317
15981
10528
22206
19622
33141
38352
28422
10051
17818
21658
32767
33554
10908
14838
49010
13680
38367
10551
42383
42942
14709
28377
44233
37363
45173
27107
3308
24868
2520
47821
30471
15038
13612
40884
7878
3670
1027
4901
26508
32847
43241
35031
32130
15580
19962
26188
45043
26405
12916
27709
47858
48109
33311
47078
43212
32202
11883
43821
34754
4947
45777
10753
49901
41005
35820
24922
13322
26050
33795
26496
42537
33397
12755
28277
17794
39286
12482
12095
32403
27592
9719
31881
24894
32084
718
11909
31818
35710
38911
42109
14963
5938
44984
3233
24143
38310
8833
40400
40129
3938
18275
33414
30128
44392
32690
11499
35629
17780
10446
39707
46050
19441
38034
22158
20808
44119
40215
29637
25418
41786
12385
38280
29693
10992
27200
21702
31239
4296
29226
40970
37955
15640
5824
45774
34163
28152
16992
6188
484
10587
34426
2770
25761
26954
9451
47255
7030
10136
11436
37360
21440
36190
28912
38605
1501
42355
17893
9172
1524
21757
26103
3391
44754
5568
20958
13218
37067
38317
576
46841
43101
30275
10026
15520
32793
43417
33535
17894
27360
9360
40392
9198
26269
35848
15088
27956
28877
13641
10933
31449
37481
453
15004
42543
6201
25253
40499
31657
47396
18598
20900
48224
35719
47355
979
4227
29112
13302
5451
11032
9094
24831
28438
40000
39503
639
28695
18272
42715
7040
41422
31433
37091
45337
36499
36938
9926
21336
18410
14130
15306
9310
9420
46065
42300
10373
19090
7246
7764
38847
36967
601
13425
48639
25112
31921
47886
37947
32172
35712
20867
48686
26232
40075
35711
45219
10264
44986
14661
43055
9558
1508
38130
17351
40819
6768
1479
10148
38986
30446
18235
3404
33778
7901
11901
48257
30563
6744
11978
45538
20512
4851
41134
7822
4361
38821
11817
37455
39266
48364
29761
26595
23790
14252
3539
48072
15129
14465
13164
33850
5103
27601
9654
46177
26353
32830
14311
37401
21598
29614
31454
13938
20963
759
2274
34396
1500
13671
19837
49797
18344
2307
25708
12958
42255
14551
41125
3849
683
5063
8419
46607
15676
14558
37870
10795
30458
28513
47517
25318
46749
34465
28011
61
16326
27199
49125
11420
1184
6127
49635
17482
9602
13297
46898
33307
22745
19333
11189
13377
28810
35451
163
30766
10520
25526
12558
22589
7678
10284
19794
14292
16660
42058
6537
12231
33614
47058
14888
28581
20164
30841
6792
28901
46153
12271
48453
49003
6561
45478
19773
37526
44205
27807
3452
43809
43765
34946
37065
8532
26660
31391
32067
22582
14892
31514
27884
23985
12551
46568
22816
35167
13926
40177
18369
30042
3655
33083
49633
1740
6565
44782
44266
28335
45399
35490
49905
23406
37324
34787
21226
40478
44684
8158
27319
27994
1895
11851
19238
36211
36054
27445
46989
37353
35166
22161
46055
43436
35329
34323
22488
290
28812
48667
18307
5771
20939
44623
9299
27560
12042
36215
47680
31124
23247
31583
48223
41683
37817
42510
26971
32460
13387
29154
34637
13037
873
6777
45581
35113
48255
44897
21895
11709
45647
21437
34739
47825
47600
6392
13133
24486
35594
26092
8958
6109
18861
43860
13996
25555
5184
27164
30351
49952
44020
10597
16416
38236
5310
41881
45425
9133
5899
11837
39312
26446
46755
15020
14493
2711
33689
27453
25455
20998
4883
48575
36587
41324
12415
27474
8563
3442
45981
10586
43751
40974
19802
6363
3957
48471
21901
17586
35409
8691
49380
10928
6709
23063
12570
25742
15708
7719
5265
26765
22214
4780
29335
24090
8884
7730
11218
47871
14857
48756
24175
12761
44103
19526
8258
38609
9194
10350
389
45800
23568
40124
9683
45818
23161
49048
11993
15209
1085
8399
43399
7899
5228
38309
40333
10443
49765
32936
17515
23050
9647
12021
42336
47546
36853
9494
21729
41877
29884
36206
48816
8441
20966
42412
1732
8698
12703
6137
49324
44624
37932
45619
38149
38857
7111
23589
33498
33789
17446
36131
42746
19425
13478
26889
21544
36935
8731
8343
26577
15693
35909
37621
24455
14007
39641
8182
35543
28929
42339
44203
29308
612
32779
10845
30547
36139
5391
14571
48011
31783
931
4346
3561
9456
6358
16228
10192
1677
9565
31584
16474
4985
39758
8834
47664
49013
40849
34935
30133
3417
25962
31316
6348
10902
15726
32158
13063
4272
14179
35423
48678
45462
27163
20961
37685
17963
41219
29617
6493
16694
32573
42778
17658
32142
3350
45732
49145
16532
49844
38394
16516
14015
37286
36181
7370
24400
9013
17464
16130
26411
34188
20287
23681
40248
7758
23988
32340
13572
18534
31610
1211
8165
12854
7334
29193
31479
32117
36971
27870
44136
46181
44253
13964
21523
4736
35083
25217
1819
33247
35642
22748
25477
34220
37215
14741
20394
16138
49486
25663
19240
38979
11847
4499
49588
17574
22475
7674
1960
8156
13139
10449
35435
35866
25278
7459
18297
38255
44218
3305
39313
45791
18754
44046
41888
45348
8745
9334
14269
41735
48768
24709
32215
15215
899
36193
41380
31711
46856
39024
7569
36120
21871
43846
33081
20902
17579
34013
8163
32086
40913
24545
43911
45328
2874
7162
46380
24631
7466
30356
27869
22458
6703
4261
26140
46629
16022
31525
36113
20789
27841
39830
44229
26575
5505
17367
41157
47460
23302
44170
45569
25559
4422
30983
471
5659
19205
48172
22310
10109
29520
14042
44564
42114
33008
13917
11321
12152
25949
3486
11782
15153
17186
21012
13460
29631
47929
10725
40502
47678
14743
15179
36224
43371
43156
26420
45220
45199
8268
44270
47667
8365
43124
26862
40768
11448
27557
4240
46192
22516
43786
22231
31876
1633
21286
30886
16176
4743
41249
8792
19469
8381
46583
6947
16128
22785
38844
8876
47057
41572
31688
22821
36307
36460
25833
45252
20010
1246
13537
5245
36494
33340
36364
36591
12146
44734
18654
21766
29429
22374
36548
14983
41631
1
26080
12799
20371
26491
11595
28606
26584
42643
27043
49747
25679
47342
38114
47867
42641
48316
12778
49575
15216
3958
38569
15946
31640
30202
28783
43853
34893
20919
15199
16084
3011
47358
45254
18846
6116
36250
17946
37359
24915
41539
9032
26038
26880
39833
5999
32252
34067
26668
16321
15945
38713
12954
896
27655
33178
38148
8728
14428
2781
29272
26920
2442
14670
15951
49028
607
19886
45995
48280
19005
45341
6287
21560
47006
26466
32797
10736
45092
19229
41590
11844
18212
49360
16188
1315
12025
40760
37488
47617
17583
21509
35114
3261
1413
25936
3035
41749
40762
34225
19513
25277
13178
18286
32114
530
47812
40424
14085
9694
21457
7406
3198
19518
49568
41212
29982
25809
577
237
18657
31646
11374
7241
20848
25898
21379
38045
17943
26601
44351
41321
45807
34242
20058
11857
14602
46569
43158
3007
15394
25290
48416
44838
36635
39857
22526
36727
4581
45470
15341
14693
810
17601
32787
16929
46302
36182
19733
43673
31263
28874
15420
14887
23516
28346
4315
44281
31521
26751
5381
9784
49948
4461
4074
11854
267
1976
2419
30787
40882
32718
35795
43042
4869
40045
27147
14231
32276
34349
23198
2546
15698
47189
32676
2433
22237
33720
37705
45151
38360
10866
18613
8665
16692
5382
41280
26026
36418
19927
26064
18650
40620
33769
40446
23908
42550
40266
448
6499
7544
31882
18267
41703
12311
45271
34768
19668
19378
25548
26463
20000
8961
27862
47481
3575
49431
20981
29496
44876
44994
34421
6284
33699
16413
41057
38936
36170
30223
18630
31418
25337
40026
17729
35508
41695
24477
11548
24920
45906
38681
26255
24686
14990
15008
32562
47090
26286
2629
48802
5289
24180
30951
26701
21168
36564
28753
17953
23893
40707
17343
11826
17230
31109
28094
24901
47390
37397
3729
45651
37701
10096
42682
1986
30898
26280
4734
16541
44581
2315
38518
14522
414
37741
3675
27313
22916
9705
5475
40537
10877
40033
39442
38832
3837
11322
44883
16205
42524
21727
29277
42578
19744
4527
10898
16844
19855
40947
41891
28203
37347
20665
3160
3803
12023
15982
1678
33452
47120
42133
45970
22824
30264
49692
297
10305
32135
42170
49174
352
28100
34042
37328
4210
42838
1499
33731
33399
26694
17079
40550
13667
48422
14408
27630
12628
19937
44980
24182
14431
23950
5406
20824
48555
26109
44264
11082
12564
6605
38850
22156
19267
11487
3500
37129
27383
25332
15896
36436
31509
27251
28537
45331
46493
20927
14351
43465
40204
48063
47738
45546
37057
22891
11852
3642
12268
47252
49609
10145
47007
37461
42266
1438
7013
9532
30610
7043
18633
22988
42615
40750
258
30393
19424
30075
38950
28748
27794
30718
42184
26048
32289
7363
37303
441
27641
30422
12207
26344
40141
2091
7747
34201
24461
45338
13181
2338
27659
8607
49177
6623
3522
31541
37742
16701
2596
13867
2168
1477
28461
44234
44388
15416
7663
44127
2081
26383
5592
46492
35356
19457
7108
44261
10522
29593
40347
47092
8476
21216
20953
43677
3292
45233
42226
20029
5873
1142
8789
15422
1887
39351
48271
27002
25803
41235
31841
41882
44541
41131
14913
33936
33572
6781
4804
11414
4111
48094
17978
29678
24638
28559
21793
13238
41508
4383
27314
8125
20586
4462
30624
18857
9375
18111
40082
35410
36855
42769
24969
47570
38322
47524
48328
30813
31790
46266
20169
49229
41227
6645
39999
24932
11042
15409
9168
43819
22708
26477
17901
45636
45108
49189
39837
17095
23046
36121
44435
6844
48186
41976
18564
35722
8919
18176
32374
40416
25920
24535
22065
22128
9295
37497
38813
9491
7281
44753
47502
49919
31033
23395
46878
31441
17198
12195
43269
2185
25379
6095
7267
25503
46998
26702
21524
4061
14958
30961
24994
45009
1233
23511
14380
19193
2978
26763
42154
42372
4579
43119
2586
28919
10922
29921
35634
40752
35518
29943
22052
31626
44981
11925
35697
19461
47691
8422
24528
17604
24314
24307
39570
22259
48249
26396
21671
44651
2200
46596
20647
17238
26538
41107
13563
46572
13055
43029
23227
17063
20340
28734
32212
49455
16508
10921
25581
40642
7876
19357
19466
6422
17667
33025
3505
46941
25064
9834
22188
25321
17479
17875
29474
827
8621
39102
44725
40870
24849
49136
6528
28360
39650
20385
20997
20630
26475
43531
16239
12929
3942
44298
49085
23692
26933
25116
33530
13890
32668
48939
22455
3337
14597
12745
45006
26137
28183
41315
11636
49327
15538
3361
9359
12953
39121
2622
499
11250
22579
24829
2771
42204
23919
26507
2253
9829
38100
31127
18955
40847
4905
33073
7941
44964
26350
17193
47698
28999
41282
5388
24361
7474
356
33328
32742
44533
179
31021
35331
48321
5447
17196
15690
8340
31350
43028
14923
10972
38359
11887
33946
10988
7263
10607
45992
39822
34481
20046
26732
14196
1869
17442
46194
49477
8323
2339
36275
19755
7650
21714
20602
17053
18672
46127
28852
42691
35442
14589
5334
27005
47373
35185
34705
40449
44633
43642
11714
45594
43423
19148
8207
7440
24884
21537
10765
9323
43671
19982
49371
35931
43448
16996
5678
32859
20497
32508
24727
17404
25636
28453
26734
1001
36669
12279
37987
49534
40594
3950
30832
14237
16910
6643
15413
35223
5551
41175
36983
39908
13837
11079
49789
47781
25552
7387
43660
48650
40060
48414
18490
19120
45793
19661
40344
17430
14294
29805
7067
15717
32632
10895
44176
17737
3360
10749
28397
1505
44746
48759
24237
42097
44033
4253
41949
25251
19448
26835
28792
36625
46149
19985
49219
8070
17018
27599
35865
18495
38782
47526
31067
40398
6887
1254
48451
47424
26908
43082
17945
18897
19709
19133
44141
27165
4326
40876
16983
7213
25520
36432
8110
23449
29433
33941
5268
12753
15430
3092
21961
43435
2915
1534
43286
6524
30329
48278
39757
31705
48355
49872
26347
1810
24935
30342
9609
3629
45545
26645
25580
36800
24324
21143
265
29990
30611
37477
49865
21243
36518
5598
19168
15023
29157
38285
4480
28592
9076
18621
37325
44439
38433
8566
48143
48331
26745
49663
19721
49391
9330
10063
44336
17976
11604
18644
25130
11836
37933
30322
24440
3367
13019
31383
4136
17514
37314
35161
10833
17636
46827
11311
42500
32794
15300
48739
14204
23682
18060
42711
42131
10726
46906
41003
18662
10129
17076
25718
38534
49372
42914
36558
27891
43062
6087
46233
16330
15217
1598
3471
21025
20422
48657
21562
16337
21186
29399
22042
28837
49359
45278
28941
24870
37925
42648
13046
10246
5031
2406
2188
15622
29400
27624
47370
12882
18358
25476
19711
33905
34837
28122
18924
45750
11275
4051
46103
24754
34836
47804
30859
49181
36021
35075
35135
41295
11610
25226
36429
29366
12498
43977
44864
33826
34774
772
18191
4816
43183
5189
492
33244
25183
10238
7675
26246
40547
34972
41740
33660
46676
27646
5951
6999
19612
46398
25983
20035
8618
38385
24667
39706
36154
47030
45117
41205
32055
25393
47429
48496
9046
2941
4076
6965
10359
424
33506
43715
12668
45439
46742
9251
32534
34738
43005
25852
17880
25324
27728
6835
12473
4263
23438
43126
19027
35456
13263
11451
3378
5615
28750
5956
23684
6462
34269
46795
7235
22958
35877
14260
45979
3934
41486
48566
48940
8910
17888
39865
38841
12020
37268
42143
33560
48050
681
38294
49941
23010
40013
4426
30870
44929
15316
49800
38225
23193
11313
25634
5275
44014
49474
32232
34624
14463
3830
22704
39306
24858
25398
47136
43433
8168
31666
10289
38970
44413
27573
28391
44850
43796
46710
19913
41671
7593
12267
6044
12132
28109
32182
23785
17842
4251
8167
6632
3056
24252
20775
28249
46566
36830
2100
32920
34984
812
20917
14270
6419
27778
19811
49308
23709
6864
23100
20628
41818
29511
39053
44649
26992
27823
33361
4650
15595
26998
24282
43969
3813
11930
2326
30126
39280
33962
5698
10767
26942
4724
19559
3431
31375
37418
15498
34340
17299
24674
36582
24779
18789
38910
27645
42438
31738
41478
36985
26981
46381
645
47826
14950
46184
40981
3087
48047
26664
26791
37675
39176
37581
26004
24515
2282
28216
22679
5008
21620
5161
523
11771
31684
26681
36478
47244
5930
38686
37381
17173
15380
13650
30377
8650
42197
30093
16477
48043
16899
36957
20935
36164
24743
33132
33027
47268
655
30830
37663
2542
9392
36521
6069
48743
25479
45187
13419
38369
35620
43770
6977
3671
18389
37644
43849
19336
43479
46267
13228
42972
43483
34735
22671
11183
11359
24167
7349
8905
11195
12038
16972
49750
20777
43258
38151
18244
45551
4822
32991
8047
15053
15565
26800
4560
7098
227
36991
47855
47365
31593
47234
17598
25082
46657
42381
16090
36186
8881
26266
43192
4237
33104
48889
39420
49981
28904
7596
36395
29910
13966
29635
34015
33673
40790
1222
39721
45799
12060
32526
44593
42499
3029
18982
43332
45162
27865
22536
31803
21091
42313
4497
38517
46037
49547
5738
33012
668
5805
5765
9030
30207
40296
28804
30055
33616
13296
42190
16564
29039
49092
23020
3820
22692
47034
46258
7796
41080
21340
21826
5016
6151
2158
4154
2667
21075
29001
27535
23902
6239
22894
12269
16487
2705
4322
20541
8736
35637
8632
24234
44990
18805
22877
23849
44038
49735
1728
47306
1713
5516
27686
1097
31855
36116
17678
38058
34411
49209
21153
13557
26970
41999
19345
28103
28066
1342
18934
34453
24032
45189
24912
23498
17531
34875
1532
46603
41767
18508
31108
10527
27218
34780
35339
38587
33701
26859
39134
4887
7833
29147
40210
29951
44163
8250
13291
19581
19088
49290
36014
41120
43766
37319
8586
9704
8710
36542
19683
20638
956
33286
26334
39026
32149
40327
29158
44799
38131
23813
30152
27379
1155
38430
16600
39807
23710
20716
23630
33533
13116
2057
14705
40761
5009
22948
34856
21812
18666
33364
12955
5175
1766
19071
14959
34457
10358
9129
9695
45931
27032
47402
31534
2728
15804
27796
24517
6299
21799
16783
41527
32282
12274
31819
43034
21835
22274
29751
17195
45963
34714
28829
28091
43380
25604
43958
39025
44346
4577
17368
10276
6302
1178
43735
29728
23219
47847
1562
24452
34353
12520
26215
26438
49880
41694
17512
35358
44774
403
38465
11030
17022
17334
3282
11093
28719
8865
43564
26927
38649
35138
40742
4760
30753
4144
24144
20247
44516
6926
46082
11762
24560
15687
44032
18602
12591
42548
31300
15127
18136
39563
4642
34880
22426
19341
39368
9864
9727
24134
24274
44201
19283
22138
49373
36382
44859
38629
30325
22890
47470
37877
35071
40403
42716
42172
46845
39086
26756
29238
36228
6318
9559
40716
34464
9096
28856
20855
28237
9297
11225
36563
35782
14529
3937
45524
36284
14302
7620
46412
21115
4794
28578
32099
30355
10073
16829
22630
1576
4933
47696
19152
10272
21718
16155
14175
13001
5850
7064
42063
47055
34573
42940
32564
4059
15457
45475
32072
4128
34003
32113
12503
40798
6677
5682
40837
19871
16994
43457
47134
14200
41923
47758
49076
42684
28764
28962
42828
45985
721
40946
16619
15667
28080
16666
48794
31325
35660
16606
7785
43873
21043
17516
16593
27808
9019
6215
14287
41071
31680
35348
35955
18585
38865
10068
41188
13437
2165
26663
9501
36039
42214
5272
21473
28550
7044
6425
28981
19102
12932
17624
25408
48381
17200
4826
27146
36204
44814
14190
41544
36018
42231
9826
2000
100
11276
13854
38684
1096
16465
47964
9444
14971
25965
16108
18945
28969
48887
41074
38411
22131
20108
40451
16325
21273
16905
9151
25021
39981
40009
11138
8688
13050
21832
3687
20884
16969
688
38108
8513
33005
29949
12825
25822
38972
1588
41857
13916
38937
28617
2925
10300
46370
5803
42997
11796
41885
3182
28708
1567
1156
27647
41553
37920
2642
9137
26248
28017
47999
35523
23910
26860
19617
48315
42754
29196
10103
34068
47849
32666
29570
32323
43864
20620
902
22097
41578
38090
49005
92
38069
42062
13070
2222
6902
35040
33071
12022
47975
35681
16191
18461
20053
2871
42271
30268
40710
9165
49252
1966
25996
22674
1575
40743
2901
42596
30979
31175
31213
45334
38057
49499
653
35818
14156
42464
43395
18311
844
30160
11043
5750
38855
12720
41004
33930
45182
38867
11617
2218
11178
6495
11536
45000
23936
21048
23153
8218
49015
9890
24333
5398
27526
49415
39702
34700
25875
43431
10734
31865
7034
2423
5337
6713
38742
41174
31207
2889
6164
2534
32462
43538
30591
42670
6040
40168
3490
14120
40645
3601
20992
40184
23665
1870
43633
32538
40455
3609
14576
21672
34928
34366
14594
48668
28798
36615
49482
16835
41276
12947
21161
37716
47239
18238
39172
8939
12230
18125
29653
10379
10530
27874
16738
27567
3482
17297
17231
3172
18402
23139
40588
28470
1883
12477
1248
23875
33716
43466
20054
15230
11047
43196
45689
25368
5030
6780
32677
41178
22471
23531
14599
12373
38835
42052
9018
28646
37897
32044
46461
36023
32785
33839
16788
2849
29488
19922
49682
41401
29409
8811
13761
15437
34680
1831
9872
17647
38866
42443
4673
12251
13123
38955
47743
9937
26365
21488
27695
47468
12560
6616
165
39861
21203
2273
22299
29996
23023
4183
4238
6182
17819
18899
43886
18917
47922
29472
12696
18661
920
16613
43384
43378
41437
20719
17874
9958
11199
7320
30904
878
40190
38292
48751
42525
45296
792
47966
18631
31940
4049
44276
2162
40700
43254
33350
2592
27996
22392
27593
11210
29525
42714
16421
33338
22850
48083
33603
34373
48287
24231
23382
39858
46808
38943
28165
49626
12372
29491
26293
20436
23065
45022
47450
15091
14148
22831
32860
24278
13122
9459
42284
28533
43700
28685
23911
22089
45434
43522
37784
27786
30626
2791
48767
22839
14717
33640
5017
39030
9632
33786
40043
44745
6690
35890
43339
5658
49908
46853
27771
24171
5785
32082
41807
33739
22370
20550
44380
25355
46910
37895
33368
42318
23141
45321
27797
392
41528
38315
42360
15881
5672
23539
8829
1412
11055
39278
21878
25789
45029
46717
3700
36293
1341
29190
1431
10645
35374
42293
27889
38105
18123
49047
13905
23881
18188
20693
18100
28297
37121
18154
1461
27775
7361
11186
22672
25209
16729
6782
21688
16825
48526
40258
40003
3730
48715
24752
39138
28329
37722
7529
20514
5364
2154
45014
44970
42033
32832
30882
47974
25271
10233
8095
33395
46276
24483
28885
20139
42388
42031
49543
13234
27247
46911
48013
9072
3920
3114
39506
37536
38115
12989
24163
9231
15063
1129
28828
11647
2682
971
8808
32445
29161
16359
43506
33215
34707
28140
37072
47230
13142
39004
23343
46704
8287
39324
25102
24644
31603
18683
26632
33702
23865
31614
40422
49084
29209
25659
22623
41189
27309
2006
40603
5665
37643
15075
11141
21988
4634
45144
11786
9713
45822
16963
28005
42163
32625
22433
45932
46663
6716
25666
8630
41037
31628
20377
2939
42985
48620
38461
14549
42430
24503
43627
40960
18643
27235
35750
8398
5535
25115
8104
17365
9823
9331
27917
626
16109
10617
26819
35532
15533
32806
3812
34838
36236
22136
1568
20940
23670
25841
39987
14491
11858
43476
45087
14600
40950
29950
26682
24739
21306
40030
26624
21858
41617
10498
5285
30621
30088
46614
23433
3974
22803
18395
16450
17802
34234
20061
17527
9598
46578
8539
43525
43929
21792
35987
41225
34263
33154
9017
32447
45746
24084
22396
16355
22157
20594
49253
3903
13339
31315
34733
8336
37582
16388
13455
8113
7927
18949
33851
34588
2726
5315
49934
30277
45010
30717
40252
42850
11279
5618
49857
25075
18038
49340
15299
48995
6237
4744
11445
29585
19766
25776
15120
34961
41155
18255
38270
26271
23620
30739
47665
18084
33070
26007
43059
39335
220
37969
4147
4498
46719
47672
46285
12834
9246
32517
3300
7495
19150
49333
24157
3203
1239
40872
8733
1084
30327
22514
22722
23627
18514
22035
44327
49697
34502
29854
39076
32120
29667
49704
37027
48766
30380
6566
15628
25973
10329
48961
15213
10345
43930
2237
39494
2003
29352
1685
42941
21949
15069
28337
11169
40481
11145
8232
20260
20782
39564
36221
4646
2321
20115
31223
30437
9069
34520
49791
29668
37089
28160
42270
2007
24155
3256
5045
49004
2429
3705
23951
180
23653
27648
17941
35791
38585
48184
20315
13450
10354
23392
22408
17461
23638
22202
28157
4872
24762
37743
21424
8124
21808
39950
46502
13666
10486
6292
17031
28548
42026
14387
42491
38141
8408
9007
33445
7435
5702
26147
14195
822
49188
31477
34976
35102
8713
21287
43253
17407
22112
28312
199
11818
48568
48433
15142
22003
9338
32838
5937
45984
22026
1924
31255
25603
17587
15459
14812
46287
11491
27948
20180
16015
37704
30441
31062
10727
31600
7109
1949
2545
17769
2432
36417
33492
23412
6073
49694
36919
9781
32166
35019
14490
36703
24349
17408
9457
3363
30432
14695
20975
34930
29609
27760
4224
12367
34654
20022
45359
2101
36959
10615
45463
5329
7214
36638
15964
36507
8253
34257
45686
2030
2383
3387
9846
48672
28894
39063
29004
3761
3987
3211
38990
25834
1079
28760
20691
21433
1364
16750
19327
9870
4298
21820
40580
26164
339
11522
17447
10695
46727
33220
15086
10581
14578
33470
40754
12429
31770
25693
14662
26586
23905
12725
8431
13588
39773
27240
39576
35332
34861
13881
35448
2051
47655
20032
34181
21242
12457
32257
39728
32013
15753
228
21880
42753
13260
10112
30232
6291
20974
28208
26282
10475
15152
43808
45627
28906
14538
17876
42435
32546
10266
34949
42786
27791
45563
14421
5949
12980
14856
37508
26052
26820
47669
26022
14192
46162
36492
46307
974
27890
7588
47649
23189
16971
19691
40672
22858
5837
18971
2167
49587
45780
16062
34619
47807
41171
972
14902
49885
12404
45803
18611
19246
24835
5767
48822
35060
17080
43620
9452
40304
37612
2638
28615
23731
21410
45410
5931
3049
7018
22263
22361
9200
36546
31037
39147
43432
15044
19231
6761
6505
968
6990
40722
18295
48665
12254
9954
29311
38647
18452
37595
38820
39338
25162
4457
43970
38675
30068
4046
44598
23923
29220
429
12496
19706
8371
46455
46718
15989
5362
36174
14827
2884
20316
40032
27697
3844
32877
26210
16545
21911
33010
49775
17708
5046
31907
27245
6208
8341
10859
23841
39533
21795
12299
6107
44299
25053
26318
10234
29507
22612
43358
42558
14137
27222
26502
8613
23368
42103
26176
17973
10453
970
46378
43089
45909
19601
6536
30875
31743
20214
22363
23717
15996
34591
33403
486
33816
48627
14482
26597
44974
2838
34891
1997
32747
30039
34765
42545
26195
39522
5711
10680
49829
39305
26995
1549
37624
21592
7418
42949
976
25896
25292
828
25564
49927
15779
34540
44999
20681
48241
38530
7815
18686
42493
34581
23739
46013
21046
48066
10424
29804
31536
10127
42912
24105
3411
23819
24706
33041
11057
40419
7930
1105
11105
45964
1944
41800
33413
29960
46089
33749
5669
16027
47745
36932
14570
40506
2961
35496
47117
14546
20558
27498
32246
31913
25779
32040
27018
12036
10228
3158
19574
35734
17795
49963
41872
16319
31420
38290
14922
30977
49676
12613
11661
34958
7840
14299
41298
14639
48105
40279
30283
19792
24597
4943
6381
43131
8069
22900
15225
9750
35610
18546
39584
8384
44121
43285
33894
45473
23088
4490
49536
31918
10372
39713
31493
41557
41771
580
43570
20977
21898
18302
6686
17837
33951
34667
24043
27049
2092
42494
28623
40507
33968
40070
29883
15602
7276
5726
12205
13858
22486
13842
2929
6021
24549
18345
46964
41190
402
16074
40012
6881
35454
41930
41898
15308
16742
22807
18655
15442
38011
45922
304
29928
37071
48924
18142
39333
48845
43949
45635
5753
29284
16959
49381
48689
12392
38405
18367
13770
17272
21079
34301
49162
6329
28820
15272
6863
34209
34454
20248
28715
49895
28144
23738
43441
10313
24929
35817
45481
2926
8595
27632
7801
34231
1157
13967
515
12876
10631
38124
40179
9689
12844
34725
45557
4958
29528
45625
1394
41979
35458
13285
43137
25960
37930
12108
34337
5954
22196
30427
36002
21868
8779
22005
29995
16616
32917
18968
28046
27923
5994
13244
22402
17416
19613
31979
4653
45142
13306
7894
26174
2171
43438
44425
4287
48829
21735
12528
32402
4663
16160
35729
6015
21438
37710
43054
5187
32983
14730
9055
46168
41787
25352
5134
32417
34185
27664
48226
30201
31304
25040
1387
28690
345
36700
1495
9998
36091
14396
7236
14416
33255
49836
32682
34554
32095
43291
47343
34018
2631
18023
25808
18576
6418
37170
18253
18271
16544
37114
36708
25655
21891
17645
46957
25686
2715
49666
44151
1563
11514
45899
33144
5936
11330
45084
43367
27906
49802
45893
26158
1379
38221
49685
10757
24380
10012
14796
42403
47160
3277
12797
7077
33703
25179
32448
44493
4327
4476
25867
30940
12510
24214
14018
17348
14436
3808
46813
1384
23252
28680
14503
3212
30196
37796
25541
9803
33990
21958
9120
46514
4716
16975
17800
17274
42713
45464
22663
6035
6017
27348
35935
13068
24263
23125
49929
43900
10657
16410
22512
23143
29911
7931
38376
11694
28441
15681
35164
17882
37697
8034
22694
42176
31451
36431
47082
36847
45765
72
13685
37199
11307
37921
21206
44751
15263
9894
24734
40301
13349
14229
46384
44582
33994
45166
36401
4672
12125
37169
46959
25961
33503
47921
23473
31569
12111
3692
2031
941
942
1357
6436
14393
36421
14223
48103
44569
17107
20959
13416
46946
25117
14437
21746
27727
419
45317
24268
40604
7332
20575
28959
5643
29101
32617
37693
16048
46509
8469
5426
2659
38283
19032
29504
36867
6614
39029
48093
35555
39357
24682
16659
49117
20009
21222
33843
37765
20238
16678
10861
5027
31282
44091
5340
41634
30781
46659
44236
44938
27654
47490
26114
39398
24187
37763
48998
32180
32932
13253
35702
22394
19696
15847
41041
45570
40390
19358
17825
30790
27013
25471
48980
34179
30348
6797
15500
4443
26843
10760
35988
15801
47872
24491
18243
25711
3583
35115
15139
658
17337
2700
11157
25444
41390
36856
35778
36008
43421
41610
37773
7123
48780
13948
1091
44397
2575
35638
41664
21904
1005
7473
31664
19226
32088
11942
18835
40162
13091
12099
28536
36452
8629
8851
4454
31647
48583
5790
45561
19281
43244
34548
48978
4403
14818
19531
12346
6657
28173
48052
33907
25010
24458
29349
11163
2009
37186
33079
21660
38710
7258
39470
20276
40886
49382
5385
49082
33265
4703
39801
14377
43140
1574
27349
14321
33830
27750
33512
4696
47472
43703
1704
33629
26167
20201
27715
44149
17760
7725
10679
14607
4179
46394
12345
17489
11723
27503
14262
9469
30182
34208
21919
48837
28443
26710
18821
42522
8074
18579
19609
42528
25981
25824
47492
27252
1521
44726
22940
10800
7652
11257
14756
22147
41851
24346
27472
1931
30805
20904
8037
14375
34287
45709
14369
35569
31130
24523
6295
37982
19759
8986
32429
26629
25316
32171
5879
42005
3556
17855
37058
336
41873
30226
39373
8141
46634
36402
39358
17455
6610
19841
874
23491
39354
33942
26903
22331
3800
1971
11609
42946
7160
41863
34582
1693
21403
17995
13476
22992
16725
2233
7307
44709
8462
39255
28633
32626
8730
14745
35671
39047
28416
34262
2032
11168
6152
19590
17338
9821
5557
5087
6159
40989
22980
29663
28358
8860
30115
31083
44909
26300
10142
45604
2193
62
39462
1467
20165
17354
17597
10643
13740
48838
21478
17284
25258
40221
27701
2743
29152
7313
33929
1817
31880
9353
28038
7975
48196
8006
2649
37671
13343
44827
25772
44377
28621
38652
25739
46422
35174
47180
25946
4828
27577
39366
33540
17503
32373
23447
21447
15268
21654
34059
15478
44440
47810
35797
4304
13400
11245
21124
19069
41148
40229
29149
47158
2336
33782
13533
40262
2822
10072
7275
28464
12526
37517
25066
15135
11578
36326
34940
28236
45584
42560
36261
47309
37154
10985
16029
43823
27636
42219
39163
49768
24698
14488
33296
27509
38784
31936
15309
18070
35178
49419
30135
9468
30686
48130
26289
27293
967
21260
4363
35289
1187
38694
9771
26447
43743
22144
11911
29947
28567
40298
16623
42918
42044
266
3146
23450
49130
14267
23823
21862
29685
40065
43340
35480
13865
42731
37875
46651
32156
47981
26809
3777
44134
27842
11525
39228
9238
37367
36885
15596
246
29739
2716
36766
43237
45188
34036
3734
49665
22381
41269
16906
43880
16058
43950
11824
49035
1737
45223
40629
19035
29574
38795
1750
14469
29180
41236
460
9799
7779
2724
29660
22242
48024
10830
17217
36956
9240
33084
33750
21693
40687
18931
5198
1474
43426
14185
42010
13284
9762
4541
33337
44458
47861
29887
30716
23937
28755
31006
37152
1900
12559
23032
34915
37509
29047
26919
34136
12650
37372
42084
27730
42808
37283
6749
25012
36848
48648
45428
44334
19031
34483
42963
29314
20737
7969
37631
44672
18160
32746
22384
11995
11833
7802
47176
34826
68
40534
4486
40024
41895
31552
29664
12596
31973
18572
4115
6514
28209
39800
19114
272
28984
36416
32906
44937
9127
29090
13141
42145
48086
6037
36239
25129
11567
24284
47376
27836
18828
46516
42350
19207
33489
15494
48152
6451
4876
36080
16044
17905
35294
6282
21327
25750
32459
28357
28019
20868
32982
35538
17194
37707
5088
45384
46586
3065
22510
19665
13421
35867
26591
21257
18724
10868
49847
24704
31448
5192
2484
3178
3226
10939
14023
14486
22907
27414
32575
29319
43260
2460
37961
35517
21157
16365
3364
13717
14901
1414
39151
7204
44415
35306
47753
33586
16539
17057
5788
15747
49449
46854
24582
14970
17539
30628
2455
12968
9964
27096
46496
49820
19352
7685
22947
35859
9460
7574
1141
48380
47833
18425
32255
46821
204
20791
5344
21021
45274
44268
27810
14213
12458
42910
8053
19081
44806
30593
39089
1512
42554
31086
554
33426
34812
18457
4215
565
10408
41089
14792
5028
34867
3850
18030
44482
42646
20609
17619
40019
32045
35239
281
12824
498
14789
19929
37620
11280
13103
43645
31524
30808
27754
3059
38995
46791
9591
9670
40577
2106
8216
39206
48833
36041
17019
1773
40383
28321
49395
44484
46927
48718
28751
31063
4511
30299
1457
27408
22287
31174
39309
28287
21064
21237
43656
8739
34405
15270
20929
39401
26428
39221
12639
25771
34283
49336
560
29249
31786
41420
43422
23834
28683
38963
3356
20860
49230
4092
37000
40575
39133
41921
610
1770
41344
39543
29959
11131
11757
28409
26183
3208
47914
48811
18134
9219
13888
5483
45411
19310
25342
42
11268
21026
47073
16406
19274
21923
46963
24291
23551
43632
5199
31706
27160
30246
49257
29142
28137
33166
529
44015
40342
15522
42224
14676
4729
35645
2904
42689
26898
47216
24802
38176
45067
42312
18485
30455
45498
22649
41618
40083
37785
35745
35882
47511
23643
10041
38083
18852
29797
26122
22327
3267
22470
16240
40702
5380
12014
26522
37198
15428
6007
39606
36335
28609
25611
44969
35085
38442
16643
43363
1833
33224
12153
5883
45857
44318
13793
17611
4274
29028
27213
40068
37574
26976
28610
15284
11906
47578
38771
39439
1816
21914
29204
1749
36674
15269
26126
20722
12135
31629
8314
29543
29392
16163
34321
21618
33235
18593
19987
20270
47692
40176
176
2856
45929
1448
48000
40732
35009
25658
11670
24124
36439
5981
19689
32436
30713
7165
17303
11478
24892
39246
10973
30392
35220
19054
19843
15387
37075
30540
45754
34005
41982
32605
22868
18806
27705
535
41867
8181
23108
7254
6270
33219
33189
24453
32550
5346
12626
48933
16373
23528
43527
30456
31851
45262
41192
30981
32879
14704
16656
43463
11005
46231
48999
33149
46297
10929
4121
47632
3940
10124
46981
41963
8445
20871
4366
17743
44764
32889
38900
36489
8656
4750
1889
24507
3688
9225
43650
46079
35692
7299
33460
42983
25430
37341
24
37874
17049
20863
42732
7517
12004
17920
4837
25696
1062
24097
4543
46264
34250
46838
8096
17572
7388
1067
17386
5437
47426
28261
42640
21303
11034
30368
36671
11593
45527
8402
7902
23968
3753
35072
46784
12481
27269
15531
27416
41434
13471
45573
34293
27955
3436
28214
41359
19688
14786
26621
9643
45237
8748
43329
28652
4167
47646
38592
8782
29765
18232
27973
15047
43787
46433
31106
15128
35429
14254
45406
12634
19415
16565
35872
1304
27470
38523
21784
9437
39454
35897
21966
9077
3487
42899
44913
3980
1591
15283
33755
6764
43464
21846
44167
21599
196
7797
44641
22843
26497
14984
18826
25440
27589
7886
45483
6144
32074
27065
37195
15939
26517
36019
38003
15827
8417
16243
27679
3372
35698
46413
7522
14590
40218
9022
11301
23746
3984
37680
40052
46259
36538
26051
23355
4544
43182
32191
31620
45832
16950
32731
37570
35547
22267
18833
1352
11687
17904
23509
30214
38657
35687
34380
8259
20310
38238
17774
16731
1909
8866
18969
31206
45453
13528
1767
48443
25429
3870
10007
19436
12417
8367
41373
9775
9733
30203
24156
14512
32327
14663
36156
10678
24066
2421
49034
134
7849
6370
26713
45863
45798
26141
6766
49867
20498
42463
37953
33804
42053
36049
28703
33788
1951
35336
10875
8388
24967
654
11077
30089
9015
40023
41404
4244
20828
34777
15597
2932
4193
37433
39677
30376
22365
38304
6865
23115
6362
16244
42384
9481
754
23683
14579
30211
15761
5717
28086
20850
1850
14675
46951
21445
21020
39471
19100
34942
32599
43146
35667
22984
19115
45391
12544
8067
16760
3707
10613
39250
16920
14236
2801
23251
22007
47138
27908
33057
10783
912
26587
23377
24294
42936
6343
37190
3665
29303
43723
29300
35141
5526
29401
32032
33067
17907
33713
5282
4693
14671
3571
33532
21576
23303
30193
48096
37188
20936
43982
14446
35453
24495
49422
37438
29904
19143
11662
19066
41132
37346
16007
1815
28278
48632
30545
49548
5735
7154
47225
38893
37134
4369
30788
34669
14161
43318
2228
38247
18237
29925
29242
28347
21122
17134
29540
40104
11967
45454
26123
7261
42710
29673
19040
18424
25647
23812
17637
37340
5887
38801
22108
11187
41210
40127
29618
5481
10541
36795
14534
22181
27121
3762
25978
35421
17454
1421
8930
13231
38181
10659
35736
2509
21706
35769
4765
13831
22819
19616
19127
8463
36344
7662
8874
33137
40663
11483
30245
42703
8643
4522
26306
18254
39566
27780
28332
4648
44157
6882
22322
5120
33724
45560
915
8982
404
24287
47543
28224
42343
24442
43000
1373
9344
22062
39755
23048
20123
8648
46990
42275
32176
23558
10815
45330
10016
10493
32297
34678
20711
41573
4585
17685
34119
43818
20323
38819
30097
28836
19460
48467
38528
39579
41518
26844
41579
23959
26917
21546
31209
29863
23137
24939
23481
22054
21212
21547
1399
40475
22634
38884
23832
8791
47605
37546
15505
1838
42462
39821
49461
39141
48264
38697
36480
35808
1389
9506
43867
36517
26776
36277
39186
39262
20441
7140
18983
2539
39670
32574
44693
7359
32450
23807
33798
25293
42913
39434
35676
31440
16083
46393
36331
34802
25466
41252
10883
32379
28774
4669
12468
45582
23631
44924
46592
6084
29591
42601
28293
40770
28900
41894
49394
19004
43024
14993
25009
9056
7722
22316
37676
39370
31442
36524
42141
6001
4197
15864
30637
12625
48461
13827
49456
3357
9880
1975
32420
44552
30386
7253
1606
13705
22502
38643
2396
27272
20132
35821
24042
21098
47393
36482
21103
41756
277
30681
32263
12196
45752
18963
27275
20076
44305
11165
48502
16811
45571
49288
48997
13797
16021
17245
17192
27316
33151
9541
44853
33568
11066
45313
16075
10177
45617
7138
31069
35168
1015
45134
35930
38070
35900
40250
10936
45808
34050
3223
31611
10715
45919
5173
32081
35213
42823
6993
18329
49873
45011
6193
253
18943
25091
16586
9895
46020
12787
6808
18974
6783
17410
30645
32939
13677
8757
47147
6793
18624
29724
37088
27407
49038
16006
13126
19874
47375
34023
18725
21092
43492
897
21513
4735
9882
5370
34117
12499
34256
45770
36799
14845
24035
18480
25042
7541
15750
17998
5296
35564
8497
10738
4267
5940
17679
29830
37809
1290
21739
28634
30506
6472
19652
39810
15925
42180
5545
29944
24702
11859
42241
40170
6866
38023
22584
27087
9706
40686
17316
5966
44438
2382
34763
40988
3044
46076
48903
43932
15084
32865
10786
2519
35214
9117
15727
24794
26795
40915
20643
24054
31281
37297
3399
20210
5025
29690
34759
48791
695
42605
7289
26781
24065
15237
17570
38449
43687
40640
29453
42181
30888
20509
7765
36523
39582
49625
7542
1628
39673
34786
41054
35779
39854
29796
15019
45309
18787
634
15417
32557
22056
9427
13303
1294
22852
2108
42115
14615
31220
33023
24746
37106
26131
34093
40859
18614
13929
5694
23543
11792
23745
36561
47168
2910
21925
24242
8778
11319
23086
13127
14022
13522
40161
25535
40593
23753
6342
6003
45396
20899
11140
30051
29900
45456
17448
6303
747
24009
47454
2832
31554
29289
13764
40089
29531
45064
47874
1270
25517
7003
20093
39340
19586
20251
45869
10562
16184
48754
17993
34762
27100
44267
36680
13942
31490
36223
25847
36114
19410
17397
35012
11271
47471
5918
36050
11568
26070
24271
42833
9488
46298
303
9711
25397
27957
15824
43086
28161
29422
2737
15452
21173
3914
24080
38766
49196
28493
20063
24277
27464
29907
25995
42645
23223
40181
18368
8383
23944
7468
34639
44627
40231
34156
38904
30589
44359
40363
40450
45967
9648
39955
38097
29151
8404
43139
49478
27762
19468
23205
1934
5094
31475
39466
24978
49335
5290
24613
28833
34467
12829
9354
12762
22650
31991
20738
20937
38707
991
47657
2113
15202
29821
17673
34035
40757
47844
26327
8759
27564
49042
14353
39238
11876
32362
30514
43648
25070
6826
27505
36218
15238
5484
37475
6138
15368
5522
44960
936
15922
45708
23648
24738
21542
25295
11304
4351
49334
29379
24177
19827
12260
47768
32898
42469
34207
28994
33524
34818
17720
9534
16171
14736
19099
32603
42256
35895
44102
22216
13092
25553
18496
47590
42416
2970
12636
30350
35381
7789
27918
12518
22345
13052
22861
10415
39039
39148
14360
2514
13647
18822
49190
4767
5822
35181
5853
31218
31176
32132
42683
40586
34683
18757
27792
3744
60
4921
12760
33869
35673
37038
38848
37793
37818
40877
37502
23642
43345
18309
37220
16271
48921
17714
4904
43470
36905
16645
20384
263
11660
45307
31891
43750
19648
42286
17220
24747
6423
47251
17506
11401
39790
35802
15949
14872
21870
12874
3354
26635
18264
48299
49960
12654
22479
44609
28910
43825
46730
45908
41760
7337
21154
40776
23428
35188
39554
35422
22532
26580
35353
10255
16677
28198
23507
19342
32973
45206
24785
36140
26883
28303
800
24817
21738
14681
49939
47676
34224
33877
49490
29981
35142
2303
18784
33391
20701
22528
24376
40480
9687
9807
16566
16693
27781
41135
37383
34273
28675
40698
8931
3422
9280
32357
20259
38750
33183
18930
16775
29937
949
47144
39302
2342
36044
12061
26951
29888
33675
47152
49842
49777
26600
32290
32126
2329
306
40948
45959
9555
45364
8137
35281
20186
46812
27345
21022
3704
35244
7398
5640
41460
17110
22020
23025
3346
44185
28573
16846
4295
41564
27766
31017
10463
13691
41154
22863
5606
13494
6849
26627
6927
2335
45261
11598
39167
24222
19183
5140
32002
3078
22864
33226
28932
21574
39690
34623
44916
12444
4195
38870
39456
35838
9849
21190
25108
16353
27981
48059
34816
29364
24473
30955
1279
30153
39695
13329
26814
4936
15709
28568
24435
1025
48533
24161
7695
4042
45626
28314
2489
41364
19316
49011
38923
24705
15733
22360
48070
8032
31140
37748
9645
29682
20464
26393
28897
15449
8313
21337
44294
41821
26716
20301
23102
10635
21550
15000
41343
24244
22098
12280
8841
17749
44008
41775
5418
24803
29407
27378
43198
29994
11299
24089
14502
27185
3784
26415
10123
46660
36468
42349
45773
21127
8453
45492
49617
43547
45393
47436
38527
37289
24418
39794
16595
4405
112
27579
48784
33289
32972
6317
48779
30379
49821
46601
26034
4009
7297
17359
40706
10253
34332
28530
25229
22323
29389
47586
2931
3630
11377
25311
25415
16392
12858
16758
49858
37936
1827
29655
20832
5961
28317
45637
24780
3278
35342
45905
29105
6529
13521
44740
34153
21490
284
3783
7756
15445
27814
5319
27128
28709
32222
45540
39777
5533
31467
15684
29183
19645
7181
28575
44600
4717
5022
37248
43214
43047
32680
26690
5165
35476
27301
35197
504
16255
24717
4953
17654
36565
35553
4796
44874
39893
26726
6496
4455
21652
16085
34638
48277
5442
39550
36061
16065
33274
41529
30510
11336
27129
38574
16382
8103
29644
46319
14253
5432
7995
25578
10505
15110
8890
21685
13395
43862
6563
19675
149
41733
39385
25619
26100
46771
13830
41357
9579
23337
42201
20723
31050
14194
16735
10355
29369
29922
14008
22467
4176
34633
38208
45802
25994
18918
21625
40343
36777
11933
35608
34218
5630
7896
42261
45304
28028
15490
10139
4598
23140
5667
7976
48818
40173
3088
15393
21856
45917
40631
3672
28425
9308
20096
23437
30924
36858
33757
30707
8209
31501
10837
45230
13901
19634
19315
15041
23096
23078
18229
1487
78
35619
33108
41750
4545
16732
32518
30860
1701
27116
48608
43127
49513
38311
13222
17244
7047
48714
3963
39797
36231
24109
48015
1180
43098
10176
17352
9888
5496
23138
21125
46092
34829
33069
36099
21578
25840
14241
36986
19894
22678
38355
11890
464
18957
47028
19051
1950
20788
48173
1132
350
20636
9526
10743
1958
21162
14753
24444
10906
48353
46249
11789
12421
45950
13980
34488
23212
20133
22148
43220
21828
9752
16178
47848
13138
9990
37241
28726
4216
10326
24665
32463
12081
23030
36276
20916
15015
4802
3886
12330
44052
9122
39840
18374
4095
150
27758
30956
33375
46975
10834
4967
22122
5917
27232
41476
32722
38063
35615
14062
47888
17786
30799
18712
15655
39482
30480
46260
17279
45841
37734
3410
30050
43415
27172
37271
24855
35727
3588
49008
19809
23659
45066
46807
16574
42907
34449
9753
49258
10880
32604
37424
19397
22557
49233
12899
19748
4054
17693
36531
19657
47315
32942
40214
40558
38739
42971
5752
1320
48878
20922
6078
25203
9802
14726
31560
38202
43504
36639
33348
10257
35230
35225
26633
16756
9841
23471
8097
10774
45555
1880
16016
40900
46683
27849
2703
5801
30963
30527
29988
1979
32163
45744
42244
5798
32992
23794
15295
5311
49969
37937
46786
14606
4805
541
39558
4107
29845
1921
20429
48289
15702
28475
24707
19523
19062
47683
14268
22253
2916
20844
18770
326
31840
12607
17698
34298
482
41046
16658
9254
39378
28437
46900
21806
18155
30048
9650
10512
19983
49179
2259
34058
28977
33741
40595
41159
45924
42489
10716
4467
46907
39696
363
3711
37594
25411
31266
8377
17312
16246
6338
37216
34941
17419
33218
29666
11577
24140
36032
31938
21330
17081
20641
2426
24960
38868
28915
20991
24771
42157
18204
38180
36710
4280
4052
34204
39588
3799
28967
45521
49300
30165
10010
29783
3751
6104
31800
28651
25221
49601
19367
2117
45055
31905
15105
36169
34175
49295
5220
10741
49263
6361
27317
518
21444
25853
41351
32486
49651
26402
4039
31219
27777
17891
10667
6796
31407
34945
18615
22321
8454
46396
8666
44835
4055
25908
2648
14614
49389
40439
38453
2944
27195
2330
31849
24024
36701
11528
14327
17282
37485
9445
26519
13601
33075
37922
6194
29444
42930
20423
18509
43869
2395
43316
28153
22184
29414
41313
10531
12115
11629
47720
11903
43576
23584
37358
20766
8050
31703
28284
39145
35018
31462
43993
31899
451
4311
12044
20978
16670
24217
38558
23099
2121
21
6077
38061
24659
20069
33780
15977
43129
33833
7707
43641
36052
29099
29131
29019
42365
32021
2673
21113
47798
44432
20071
5884
46920
6136
38614
35783
30287
23283
11092
38071
48393
13493
34034
15966
48932
37919
29327
41168
4651
28032
19010
30321
20028
7997
44786
49280
37411
20666
8616
36279
46165
6914
4122
46863
11106
20797
49896
29036
44628
18600
46141
1131
5600
5781
26371
31545
17877
36001
7962
12979
21548
16418
32688
47575
13874
23996
26308
36328
17438
22448
45030
25814
39557
45688
36173
43800
12743
6751
5687
36390
24933
15252
16081
18626
18268
17436
12343
38876
20812
23129
32784
6033
38373
5185
9530
36829
442
12334
31661
49850
37201
3104
27230
24700
43440
42139
12546
37590
4309
4993
31351
20424
22911
19722
11364
21913
19508
18865
5648
39803
24248
46070
47936
48427
47654
45515
41464
1089
46144
34438
2258
22725
48384
12110
49511
32543
1074
26035
6693
30453
45292
22093
21573
48934
8988
36490
25443
49351
10878
3811
15302
3857
24127
19142
36304
5415
40756
31122
33284
47386
29859
46639
40395
32818
11019
7612
49770
34872
25919
37158
18503
34963
43320
31027
715
46486
40171
4719
20531
43200
40207
7303
46799
10938
13326
37233
2260
37905
9569
28648
46224
33447
33797
40137
4203
29971
41883
29730
28494
39639
24655
25478
7405
9274
48953
6679
12096
22731
17508
20659
216
19329
15740
23795
34115
16063
18180
41901
19980
27920
11983
20302
11923
25820
42351
43070
25496
1862
6909
12228
8857
41876
25275
38612
32602
49055
31390
9313
18115
22297
10442
9159
4539
4337
42193
37863
48869
20787
11440
6691
5078
15327
17593
49068
3883
24575
5354
15021
10343
35908
325
40289
18370
42816
33441
24384
34484
18823
11666
27248
21558
27833
35744
4463
32250
17205
20473
45023
43108
26877
13021
32908
35840
42345
49484
19728
1452
29258
17073
37759
48503
44735
22505
21759
31900
29111
1907
49776
12682
12535
44248
4375
4683
37837
21538
26592
43844
30199
48032
8401
21511
21461
31980
7202
14496
10930
23172
32592
42745
16481
7744
15572
9814
34849
17811
25802
1990
40755
19884
14811
16665
43342
430
8282
48541
35893
33738
40936
32792
3507
35656
24129
11247
24005
11668
1660
14246
8152
26498
44616
45276
13150
35195
25929
41029
16218
29809
24805
48463
15773
15403
16498
8900
14530
1783
17741
4481
46532
24607
39060
28133
40350
25462
10198
34931
31575
12093
29380
6125
21156
7619
49997
47716
15046
35915
39075
22723
38004
4246
42020
48
8378
9651
30673
42299
8102
40430
22140
35763
24952
27287
28834
2148
42101
868
19660
41279
44280
21847
18745
11532
40918
16185
16882
49823
195
25072
24209
4377
2110
30873
47519
14510
18486
22125
35160
28859
44007
45898
27644
18521
5479
29385
39868
8601
15547
24040
31196
23344
20149
24273
611
46043
7984
19085
32977
26258
43232
22747
36300
49298
3019
31374
11675
9722
42292
36453
30550
9496
18058
19575
11285
34427
6739
8307
5644
48625
1554
905
46810
2377
14332
43944
47808
9946
29946
42282
16698
31544
29402
14289
6720
24076
14921
6245
18910
2636
29871
29301
7120
30741
19459
18979
25934
39377
9621
44659
15487
47614
5655
4475
40659
31258
6273
43761
49607
45667
8271
39500
19503
20089
45623
1544
29120
20698
21468
39536
31334
101
16777
1527
36937
33369
4235
27795
28192
15882
24033
40235
21322
9764
28040
43475
46640
23242
4730
28354
37970
7371
28143
15805
22120
43105
19234
22465
27575
38239
8806
7950
43322
21253
32641
28868
13202
30416
49061
21130
8801
6573
15473
9217
34503
18306
15433
6815
41516
9916
16952
29767
39241
32758
3807
1724
27949
30176
18844
38307
37135
42948
17716
33650
37706
34938
25399
1891
27339
12583
6510
37814
42923
48548
44559
32480
28918
49532
21344
44796
35206
5719
31765
45883
2745
19625
4382
28637
8880
28528
6447
9036
5167
28164
46436
31404
18260
27281
33485
47520
26373
25234
4551
36000
8716
4603
44283
10669
14060
16147
41678
25746
15775
14840
9386
48830
3145
2084
34229
45503
24583
25607
17509
34771
3644
43724
31763
10298
45768
22997
20781
26042
38665
27082
20734
22073
12948
28778
26356
30689
9778
31025
47746
42362
7830
2159
45395
49968
1983
35875
6474
42724
25177
6770
47612
32894
39240
42118
4980
7728
23376
39515
44818
11197
44370
40490
33355
41161
40105
381
23033
44682
6855
29729
10849
20481
34925
26559
13110
3635
40731
9230
24208
13038
20529
37820
25450
48349
34822
39994
23178
34417
18356
9108
222
27479
47367
12522
41319
40628
9020
18906
47322
17433
44618
49542
8687
17625
48373
12985
44242
7366
4662
34428
901
48460
19362
29381
7180
34477
25719
16164
31072
32975
22068
26331
45114
25300
23478
37535
41353
17395
9883
40264
34757
41336
3756
27943
35327
44470
9622
41138
26674
21493
16968
35419
5012
10237
8838
3773
6478
7787
17083
17101
23358
39885
39877
30168
33347
12026
17305
347
40526
44085
31216
36266
6450
39669
43377
16434
43670
20114
19001
44888
33309
40653
36779
27054
32187
11340
41416
40865
29999
49476
26958
28939
27011
13696
42332
13310
17568
29529
42023
45305
9721
33838
21160
21802
9519
37472
7724
3726
30454
3352
48655
733
30033
2780
45776
24260
35091
18419
15126
4813
49124
15651
22659
28372
13972
45227
20350
12329
40610
7103
3625
24926
11180
11531
9981
26655
36792
9595
15870
9606
35211
32703
39827
10341
6884
4966
7938
33314
5487
25545
44159
4010
31924
17138
21579
28669
23477
10050
934
45972
7244
48245
22759
43434
22033
16192
36045
9316
30703
26226
42619
7006
24505
20954
43600
13357
19742
5073
30675
22332
17258
35659
13255
47506
15303
34307
3076
15821
3023
42584
4877
6231
31797
4965
4608
27347
37918
32519
43760
31526
11719
1599
40406
10061
42287
29509
46337
36585
46173
31667
8971
18989
40655
25252
23309
27341
45394
14616
32048
38059
16347
8116
42847
26530
20016
39636
19334
4103
47828
904
48696
6899
31503
43834
10437
9715
41060
31814
1763
17771
20468
22572
48074
34236
42269
49232
19103
25008
37180
41860
42588
16904
1996
33641
39936
2950
6344
48014
46515
18947
517
36448
36127
40503
16728
19846
19328
10469
17155
18436
16960
31693
25018
17709
5864
36626
31898
24847
3827
49970
25069
15735
30255
36484
44557
32141
47320
10524
29269
12420
14608
11277
6776
13806
25903
34109
17750
14966
16289
8973
23866
8411
47317
32720
7344
29756
44588
19450
27377
1607
31482
11310
1945
39561
26194
38912
34139
22028
5556
46782
38938
24142
33528
25176
42999
9150
21994
23258
44692
10812
21207
22376
48274
17121
27092
23634
31742
22416
27292
794
1374
2488
36566
36138
37161
31042
46859
17024
432
13383
3646
29274
21462
2072
21090
46839
17992
39200
45472
47815
3408
49640
34565
11281
12084
23454
12471
48747
42920
11064
6516
37126
20460
36532
21341
1363
1956
692
5145
26295
13366
44688
33406
18557
36943
27288
2756
7713
17389
12139
24833
31653
12059
40468
36391
818
7325
27666
48343
42391
34228
44491
48230
41474
23871
48276
2473
17652
46992
39540
12179
46027
27653
43829
28677
29255
20597
26736
41560
11793
25781
43945
21929
18467
17457
7380
21767
12826
21814
31731
2475
7484
45301
41533
24245
29758
1049
12728
15131
19087
35735
16754
49211
44036
17629
36930
39052
28289
9381
528
3194
6872
48327
41832
27342
23312
33033
45854
48454
8935
40708
49562
25902
33048
9097
2198
17791
30354
30065
38032
40591
11172
5895
37733
23276
37931
42788
33711
26669
27859
27084
4473
3503
49390
40873
26197
30612
37486
30837
21071
42006
9660
34559
7506
49201
20014
44595
32310
16494
3457
33884
25457
29437
5965
34904
10402
28384
41983
37515
44650
21794
17451
34570
3555
31836
32736
19782
36213
16212
6662
45674
13158
18519
29924
22155
3599
46345
13749
8760
34326
6966
18801
43311
8849
43815
48432
42905
17723
15347
6892
41459
39612
28159
4190
40564
1569
37998
17154
26826
16059
40658
40582
32678
47010
11237
17423
49424
42866
23930
15677
8195
49976
45419
46080
40643
41220
24724
14016
2988
9850
30806
20239
39498
33203
26615
19567
25625
42105
37334
16862
48691
46346
40517
28090
6663
32042
10699
18748
10310
43866
34504
49535
22440
7892
43429
34400
22562
42966
6490
12501
3916
11085
29245
23058
29768
29784
49916
8682
37083
44329
21890
47625
17294
14720
11600
359
22030
4018
21114
122
40295
44350
40120
42496
7666
37992
26161
21325
1776
9284
48631
25546
49374
23407
22496
12422
47595
6153
13844
31422
10696
26056
16704
11791
37473
34583
43037
21360
46517
44208
12436
20173
46846
35879
29346
43738
47446
10986
46022
4686
38520
45615
21565
7110
40206
7987
46007
16723
31411
2589
44436
48116
18881
12710
3250
13251
45661
31563
30728
5201
35049
15568
21972
16351
17283
48166
47811
28569
41545
39282
2992
24416
32474
43217
5650
30234
28099
41782
7092
18673
48207
40067
26620
28194
28418
46004
3117
81
9004
33940
35668
19687
20461
19771
29467
2492
27633
45192
10369
22685
12686
10872
10537
41000
36745
40238
46333
35112
10536
48937
11620
48073
15329
29909
30096
26046
43100
46741
19610
49938
13642
3225
6555
47100
5863
32710
18177
17849
11129
2389
31023
12288
346
35433
1650
34266
37559
42205
36136
37261
12708
46591
22936
301
15388
41066
4956
13374
41676
4068
10100
31494
25889
10848
30900
47630
21623
28512
2995
2134
14574
24159
20548
32371
12257
38836
32228
49670
33585
1258
27552
605
395
23657
29581
29333
18961
24102
43355
19095
44724
42344
5772
27035
41402
40855
34806
32254
24534
6397
6560
7169
34808
27459
31435
36543
36122
35177
16973
14833
28710
48804
44844
16372
34192
18817
21630
767
1753
5617
47363
28483
14399
46430
45083
4624
24550
18623
24449
37976
12375
44308
39621
32645
17301
3566
24873
10399
1856
36569
46542
32986
8213
7450
17803
48930
23175
24788
13560
47041
507
25760
43573
38637
31123
10775
46698
4566
8776
39152
36664
27338
49
26996
44210
1571
45991
37467
21391
14596
25470
8953
44802
19974
16444
3260
18736
18775
27944
25441
46176
44967
20091
9071
45700
6946
5080
36466
8960
13264
26911
8980
3752
40293
7477
10252
1260
46991
15519
32442
34760
16221
32168
24377
43644
42274
43916
20404
8863
26790
1597
47907
27456
7278
19212
16501
13873
37003
48531
49066
7850
27570
825
33770
46166
11332
28814
40014
29053
12112
47344
24905
11986
1345
17612
7865
21001
33435
22906
36290
8921
33773
40648
34248
9243
26757
9620
18068
41859
13767
39719
20244
28330
21930
32572
25345
17008
18515
36642
13859
41997
32789
18795
39489
21874
32823
647
36994
35871
12960
12382
28848
28129
35361
37794
13962
27109
33277
47014
5616
42570
27056
17012
781
7446
41491
24693
34830
11045
33525
36013
17955
6900
30083
25736
16672
41158
8568
33119
10918
36863
24787
37993
20426
17828
30666
30764
9454
47509
25683
29356
11363
38277
12206
17021
35630
33457
5811
18681
29819
30467
19978
606
23559
38053
48138
17487
49123
22383
27639
44240
35665
49897
11292
25344
5232
1908
19266
15331
22797
33159
44773
16519
28132
45383
40145
2231
35376
18721
19405
49577
5642
31791
48563
45911
37431
19453
17000
44354
30642
1988
4133
8769
12180
33392
37886
44426
34325
14914
10831
4433
48613
40381
11560
35424
8742
44696
9664
37167
46976
23815
49870
18958
29250
26761
22422
27744
33131
12071
34648
13584
16328
28689
1050
27536
11407
44511
47793
29874
17209
46680
43665
4135
45496
41369
10149
41944
29297
42502
9616
12946
28846
45037
16469
39040
3038
14489
38918
39775
31862
11961
7507
16521
42451
854
21813
20129
6412
9081
32928
25056
39388
3540
48542
32051
3008
17846
46451
40267
48561
44908
45694
14721
24987
4102
6309
36540
35368
34668
5348
8525
48158
39006
3994
40337
45813
25593
26510
22029
48205
42561
41028
644
36819
4891
8196
36030
37719
47025
557
45457
40745
18818
32015
41151
17429
4339
24147
8655
40444
48819
28296
35531
4815
23315
30556
37017
11253
23800
10720
17322
37862
46618
10083
5907
19192
41383
21278
41890
49807
14967
36762
32035
21389
31009
32529
10850
34528
31967
3907
22689
32657
14167
450
42076
41814
32849
31989
28029
35958
8148
15880
43265
28653
45427
39344
29612
10846
17043
32152
11126
26610
226
43419
46237
14775
15523
22743
9090
20877
31087
11224
3668
16845
20801
20746
31753
39497
44277
5549
37833
13469
21788
1636
14748
43341
20483
12845
6072
21996
24039
29562
45767
44655
20225
41062
24664
10554
28645
13265
9423
26861
16223
14295
18794
10766
29565
15626
32728
33283
24671
24085
27853
49149
48440
49856
3351
43150
6789
24730
14849
6934
25654
44801
49398
48455
5554
45098
18117
11251
48642
18921
33609
36230
45759
19431
16459
15076
38209
8278
16921
11427
1210
38562
5595
34857
10618
11158
13372
793
35369
47959
30744
40260
45974
21669
20732
17911
36343
31874
6430
20085
7636
44431
24450
43103
12015
2029
4449
25453
42169
36292
14123
14862
6533
4962
9693
1892
21710
8345
45381
20934
45236
32995
27020
27508
14768
24484
28602
45788
39057
5339
26337
29658
15528
41207
40135
20434
21166
26946
39905
35884
42485
2746
44577
38529
24559
5916
40062
17239
25502
5445
35688
48192
20757
29582
25249
40223
36361
40242
48311
12919
21463
7166
27234
29174
26017
12730
3833
5367
30706
21590
18973
25322
4893
3983
8634
16942
9049
45357
10281
35844
5480
17075
28298
34691
21178
43535
22151
12027
10457
47208
42789
40587
34959
13914
44204
19604
31378
44049
15163
47892
41308
19306
8193
3224
49363
40028
15314
28343
40423
43299
9039
41799
30082
906
41761
9126
45993
20288
18922
8823
20949
622
29793
30920
30043
21713
44585
13850
6658
24174
12780
3245
49677
43036
5834
11529
48508
22930
23071
319
38974
27815
28072
47366
9399
48745
34255
32874
33632
11905
32569
47851
45444
46005
39952
7295
472
42267
26134
17014
24446
37213
4100
4880
39474
6696
43201
6779
25887
31369
40737
2655
35613
17115
30648
28529
41904
35297
37416
44943
48824
41536
19600
49758
26128
43562
46420
49560
7855
46395
26940
9963
26547
37369
3241
34122
3398
36481
40615
5350
17127
16480
40627
9629
41830
1579
24944
45763
27328
29661
23694
2062
44907
13519
35179
2465
43333
27261
47663
1003
9146
49514
14659
13041
40185
37856
42993
5902
40538
20780
14390
41384
18350
14945
6817
12794
9388
23028
43924
18315
26816
4772
12138
7147
29628
15874
14032
46972
49213
22174
20811
4341
25481
36965
48288
35032
45819
16260
39268
20329
26067
31330
47036
38828
31222
26980
907
32326
30896
37244
25844
31793
39410
22604
21094
8617
31934
5604
18159
20583
21985
50
39911
10468
12369
7633
12781
26691
11433
49569
23245
12810
31464
19146
43526
32935
8450
12637
5507
25133
29683
37094
43784
40614
43125
26619
38864
43400
20739
44232
14045
172
45550
38313
24212
36503
11091
32368
15134
25931
41251
7837
32267
12552
37064
20151
5634
5413
37810
15973
17135
32295
18361
10079
36025
47045
41980
17118
42729
41441
7751
23415
31487
18083
38279
5649
49184
19946
40656
32444
13517
13640
47536
24670
7741
32194
4519
9997
48042
34000
26461
2420
2257
40651
18756
19765
3596
45859
49647
29211
49998
30668
25107
2403
29619
48048
16135
33310
37718
36415
23721
3845
20846
12869
21692
37308
10574
31505
44302
48413
39782
39400
842
7243
37764
47633
48305
15456
19303
48028
23486
27694
36870
19702
46988
428
31564
29451
37730
10771
202
43589
4619
45724
27478
29987
24257
27909
40128
13338
23649
18352
20477
9303
9604
48519
17189
43469
8461
18574
32945
47149
6991
33633
23781
7985
38640
42002
22090
28
42138
39831
15823
4173
10577
13973
20172
32489
7651
18776
23945
43596
41570
31570
27
39795
47496
38093
470
20495
8954
29694
24599
39988
17789
4045
8627
39979
36611
23363
33591
716
45712
43369
40616
35298
32026
26230
9411
16912
25068
2170
27872
18104
26969
2450
7255
10254
41139
43344
21551
17199
24741
20077
42892
20861
7413
29470
7889
3872
46948
34727
42127
39414
6080
20505
744
14000
7961
21107
24999
29293
9763
7638
26759
48163
22728
35616
5010
47433
9377
17996
8366
19561
33515
17931
48069
21415
30891
4976
25667
23922
31192
5653
18045
2885
37803
31542
6064
23806
35036
13845
19173
8396
9276
8121
13330
33429
26642
3859
30982
42421
13459
47661
40047
25653
17293
17268
2490
16194
4211
33835
32457
43597
36613
38343
36689
42148
22578
39618
17388
14324
85
16369
18021
30063
30465
49561
1946
46960
22904
34711
45944
41812
2886
31672
8474
21582
28085
29365
7705
20336
3476
4178
42576
13163
37225
48308
43608
32583
42984
37371
15639
41425
44476
28815
22169
30013
3794
18685
27039
45861
6316
32124
30106
39495
15947
27201
37702
46668
39322
33373
29590
33046
5718
40021
47854
22425
990
48356
23580
12380
38403
14319
8605
46046
32892
4978
7007
28365
17550
17140
23151
32861
34187
41672
38167
47539
20851
9597
33176
19440
6024
24843
24269
24073
5365
1730
9088
20128
23440
31516
31604
38326
49009
39625
5797
25002
27186
5544
11356
14255
12657
5054
48233
32160
39081
27693
44219
43166
15975
31533
5138
1052
40725
39323
33292
31608
45901
8418
2830
44719
18718
49250
12082
44894
28469
3066
3792
12390
17666
45235
6948
43711
37795
30080
11546
22182
47572
38010
8555
32053
9279
47801
23185
31735
39715
30045
26613
30358
26362
39453
22632
30489
42776
3943
31776
38638
47703
24407
28388
795
2445
1893
36384
38205
35554
49062
48400
13247
11184
22599
48075
13076
44840
7465
38477
10478
28120
12485
8132
15227
34233
28434
31883
26612
29979
12598
35828
44946
25312
44512
25868
47430
34828
25339
5995
37012
26202
4937
12290
11240
29477
20669
29801
31835
1835
28499
397
12540
17
44055
20031
444
27969
32136
35603
29654
26421
10438
24031
38727
14037
20104
9235
35632
9490
10626
35903
42520
48551
5943
48084
7546
1664
1303
32952
24888
41266
29417
25933
43224
44676
22946
46107
20407
30151
29824
33223
37847
34217
41094
21038
26817
1361
3474
37409
48437
3815
13920
35574
15865
13887
221
30071
23577
48283
27494
6445
18975
15826
28803
533
35904
34304
43451
48092
14336
19428
7811
36759
17732
40584
42952
49695
32360
3054
16611
12126
30980
14814
3080
40351
9835
11686
2691
36892
47750
42473
23424
49409
41468
24053
4758
19818
14891
29584
12301
12801
24649
44544
40323
27967
38730
36687
4393
46744
3185
44213
45737
35733
8134
31927
13301
46562
37384
22201
24230
2340
17212
547
8774
6444
15405
49749
24669
48475
34290
39648
42073
27547
5826
33393
4959
41055
29998
47065
29117
39878
9685
17023
29747
46726
41199
9688
11829
44348
14911
28338
35037
43112
984
47802
3603
9642
38759
113
19710
49935
6377
3253
35883
22732
2776
26717
17523
38364
49103
31609
32815
2852
44139
37262
22926
12738
34918
1245
28193
5248
29217
21017
31471
5998
18476
33763
19300
47650
37788
16363
33308
26417
12804
18434
6877
31902
33635
31864
17926
26722
19154
33381
24753
29892
23971
10099
6504
29002
43788
37844
9291
4659
28424
16776
11806
40448
48239
11888
21045
10994
34206
46686
47258
44164
9759
11512
19369
49589
6742
29572
47059
16925
12664
19637
15369
15232
11627
33088
18385
2151
28649
1459
21633
39307
30843
22716
29449
22081
25049
6833
31484
9311
17560
38345
24312
13335
11110
2298
47354
11468
10036
41709
1252
2862
3455
10595
24657
4752
47084
40733
21439
42064
32708
37376
42042
38580
13426
30449
16341
48039
6825
20229
10899
38515
22635
27125
24650
27413
42206
39962
4084
39733
43517
20994
36805
34987
11945
27958
43039
27590
32125
7729
30880
5104
23026
39779
46129
23882
17441
31457
13252
7368
43449
45440
36940
5286
16493
40696
26132
20986
12721
44009
49248
1978
105
21394
8385
38743
47210
25151
47876
30023
4348
32278
16664
39740
49487
15255
17613
1148
42239
37223
1152
34839
35180
46006
13763
28974
35043
15586
34753
28658
2747
39844
440
48776
40815
29298
25333
7453
17902
33995
16810
15043
34282
1151
37659
21404
31439
22084
27506
21155
28858
17979
1852
3126
9110
9391
28276
14994
289
19989
42906
39160
37207
18036
22848
9816
13474
5661
45876
18371
39180
5896
20565
16259
33110
12340
33474
23666
11036
15511
38618
40623
9288
36755
41712
21796
10629
46736
10502
35573
11173
45430
11309
14121
35092
39804
41419
25797
5169
43674
46083
11406
10601
1046
9996
26685
14618
33035
48139
24616
14188
10267
24394
44813
43023
42338
34629
47109
25187
16773
17415
23436
34168
15359
35383
5876
12785
32729
36732
5622
40302
15574
37965
42068
15936
44549
550
8353
7721
36433
39070
11056
21909
23972
1012
15165
35799
47897
38944
24990
39072
46309
21816
9216
21915
49376
37133
43262
9422
40358
22480
45673
21132
35192
8169
14447
6848
17761
22950
15191
28625
9673
45474
31103
8974
22377
41585
5552
33357
34099
33932
1218
9879
17480
16156
31416
21668
6819
3982
38538
10844
28392
17167
13892
37079
21245
33170
14933
13879
15958
28853
5527
47577
33996
35830
10932
15691
22483
16435
29358
26521
5945
4920
47246
19571
17638
9486
18333
39692
27308
8804
12497
11914
10594
18629
27716
38291
14430
9271
38718
40914
15611
31806
41614
43057
44058
20157
10042
47910
46929
41015
5818
40747
18524
11166
6838
18157
11193
19741
5060
26098
21809
41805
45469
19545
8869
42432
33281
49500
2557
37491
33523
25065
3915
3612
42309
15090
20223
26960
19292
36995
32740
8236
41278
36502
6839
47023
6894
3263
49572
24357
16856
2641
40568
200
19731
27545
45171
21697
29494
20539
24672
40677
5357
17868
29755
33068
20230
29938
7189
1082
3997
30905
46449
19572
45733
39814
27264
37990
41769
45683
25235
34865
23591
7535
23391
15220
31151
16772
22220
36225
3150
30769
9183
20925
43718
43486
39920
6178
29125
49706
12374
19527
22787
14363
27531
693
17370
38273
12229
23764
12362
14100
12062
13352
47513
9535
20379
43004
7567
19017
48357
41909
41737
22949
24083
24551
4088
1911
41739
40601
30125
24572
20450
42896
27618
376
31322
32161
427
49874
9195
24334
18116
48387
22727
18341
18791
23483
1709
5831
8473
2378
17918
42810
24135
24910
26333
36949
43934
25308
44453
16752
27753
34929
35087
14373
24353
28246
22166
44928
16881
36584
37553
43939
1994
40724
3764
16974
18183
16475
40044
39596
37946
42142
45051
44732
10465
11346
8608
23933
23695
32377
15659
22801
29439
33537
36814
12533
13186
38344
19862
46703
32358
25366
47218
31623
38631
42515
37694
28622
13704
26562
7828
24696
16599
30850
31254
19286
10777
1982
6727
4205
23011
34333
2469
41433
46161
49203
10294
6589
26924
21397
42895
24398
16448
21608
6347
45892
17055
33177
19649
14394
34485
29468
9995
13738
7095
11571
4435
16134
31250
32137
19991
37209
13209
3970
49944
28283
35034
18625
20580
31757
18864
44321
28009
18933
46716
1277
18066
31111
3288
38242
49183
36907
12088
48370
1877
9315
46539
24176
5047
17664
10311
6075
26187
22856
12156
42217
7598
14539
15150
5832
18310
9203
21224
12581
20326
9432
5912
19408
4370
7425
43109
18439
29505
9140
39657
30627
23304
10759
47879
12978
21749
31908
38142
42480
45204
8318
3557
16358
23732
45340
22844
27987
7835
35527
19381
21947
45477
26150
34259
16597
8763
38119
7448
35241
30408
44468
29221
47211
28452
9054
44216
16097
6760
40118
39953
11869
24774
37078
6995
4424
37107
43831
16252
37023
23663
15051
34048
29634
9206
36900
38106
47150
48117
10794
36097
21800
44502
25765
48616
34794
40666
937
49444
10963
16962
35415
7211
1890
44875
3720
3026
47270
6122
42832
843
21297
31402
37543
9135
19417
31815
35624
47763
22859
18427
4245
12609
37885
42333
4568
307
8328
49724
33323
32733
41652
23874
31228
34370
20507
48189
1430
1790
16071
45738
29963
14076
41040
39425
3084
37584
43248
34755
39417
34345
34715
3862
25283
3775
12188
37272
32642
2855
38774
20921
15172
33230
18768
21170
14685
36029
20707
30552
13907
5646
49878
15058
35338
26315
18090
13033
41348
17599
26485
48732
40572
12192
37415
49699
13595
47957
24660
49745
46452
47116
26555
10740
20
43390
9672
29097
13893
49302
47313
15104
36528
23504
22614
22424
3338
34640
6176
8751
13870
14655
9800
23055
28920
45923
351
18929
36872
25573
31452
8354
22596
20968
48134
7326
48507
4596
8079
46914
26317
23508
10065
6189
9607
1117
34317
20802
40860
47175
11618
15754
38353
532
26118
32059
11343
3162
19932
18198
37654
16806
17242
12632
2601
39363
7583
36869
25265
36737
47535
3064
33508
47284
25044
12959
12580
8883
3179
28221
22036
41996
44254
38723
39826
3286
31385
40912
38266
19123
45544
42791
19214
19220
5991
24866
11608
39982
13147
9780
27894
18270
49971
36210
45302
17770
32887
6908
25232
3289
30923
9107
2291
34924
12289
32663
42340
25120
32507
45860
75
8456
26066
6847
13960
24202
41167
44494
24586
22702
43118
33362
42597
2536
40110
11112
30482
9889
23602
45268
45387
14806
19947
33263
11388
4229
39855
48988
37915
26570
9095
38926
5126
4379
26091
2129
34006
19568
29704
45867
8458
45351
12002
23929
16207
34518
39708
15133
38372
11452
42785
31867
27055
9255
38077
37968
13509
40667
38770
8708
49581
39248
35173
46134
19228
731
31597
47585
5288
9378
27997
34724
11745
1301
8403
28926
43923
10308
29424
49006
38790
45152
10037
14900
10946
26993
973
24998
27155
10045
45622
49141
27832
45925
2717
9051
15072
49370
18
5662
23043
10925
42248
6519
30543
13539
41048
43530
31928
11175
11704
27327
48587
15856
32177
1435
41475
25662
185
30429
39175
6360
24069
19048
11107
15914
6293
23222
39565
31146
24955
17401
11695
44062
44920
38925
7667
22519
12573
22815
1805
16101
24279
39927
11504
16040
26172
27936
35224
15234
47946
37804
16100
23458
10306
43123
29583
15705
19859
30332
34761
43668
33374
15603
1134
25101
9874
24810
28115
25442
15978
38756
18280
33487
6467
3173
47901
37316
31839
38747
12307
19294
26593
26388
24289
13258
18836
21270
5969
9161
32395
16045
35131
2249
46538
21289
41825
15624
34030
15185
9448
2952
37747
15543
10473
34245
13628
22344
40834
46044
42743
24475
12035
23958
18044
36668
15589
9000
30661
20289
36444
4811
21951
49421
22499
43195
33549
38654
27284
18536
6979
8372
24522
7680
35902
36810
2621
14816
31939
32707
41524
18250
561
15123
43302
9042
7483
4241
12056
11634
23445
30529
4688
21246
128
14453
21663
29312
18553
16815
13479
44885
9831
12847
42433
48430
17332
21446
36950
12813
33547
25675
23556
24211
47214
38617
21705
7964
24148
47779
39947
42845
21265
4448
15508
37327
40984
43725
2005
49480
11596
8671
25022
17773
23166
46705
45035
45345
26687
48925
13061
6486
49624
21785
27493
20985
24316
16215
17567
11841
13440
14654
2987
1980
6065
19655
43599
6608
4781
31004
29542
24000
45794
1752
25506
43350
19984
1616
9677
24061
6880
43577
18559
10207
42539
22334
2999
46066
23484
39171
25706
28139
46806
21728
49744
24533
14692
36686
14527
537
39682
49358
30688
16432
30016
44489
41736
28370
4927
43933
16087
49580
47191
40566
41245
29282
22103
31026
41223
27595
9929
7970
5755
48319
20513
22784
10360
23901
9164
2147
21097
11089
6420
8642
33607
18809
42818
6968
24341
47417
43031
37109
32050
22040
218
45451
19968
40144
36376
8722
33122
21506
31682
49761
42800
6310
36743
39116
17459
30824
23479
47624
1612
25530
21610
29896
16580
3779
13382
37007
47482
49293
39900
14382
46318
4934
47474
13566
3735
12379
46636
29443
13950
15617
48645
27848
31337
39479
17502
49947
20074
47009
5132
20263
43663
14969
36098
13751
45831
16060
23827
40891
40130
1281
43776
3713
26313
13968
32352
26926
4840
12933
6349
22583
25733
11369
27268
39067
43913
43762
12561
28831
27950
31088
26435
2142
21754
20727
31754
13694
37853
32199
17329
4879
9470
25878
15570
47441
26906
38164
36090
34342
47721
11244
399
45150
15503
44622
38921
33093
23500
14981
3553
37414
29143
22236
44189
15930
28248
11324
26459
46273
28474
35754
44519
16822
39637
3154
26358
38566
14166
40366
39320
2865
8448
19876
44832
2381
12204
26787
20551
41361
21428
33810
5266
3284
39183
21986
32049
46068
25163
8664
11703
43073
39735
49830
15541
14066
3614
37423
25358
2196
16306
28588
16296
9112
17026
1733
38887
48026
27208
31737
24827
38533
34137
12712
27397
45386
37962
39921
27737
9542
590
42803
37755
15273
25266
26105
16853
23978
291
41955
33844
25810
47495
45575
30780
17759
32671
8996
24948
24679
20471
41333
31020
26200
12568
35628
20521
294
17764
3492
38137
3923
4123
25103
20124
48057
35249
25254
14560
49483
677
42962
44191
38748
49100
19118
38261
817
35768
12361
41424
19835
41228
37562
22328
29643
32342
49733
42523
24980
10501
13615
631
47983
9162
46865
25944
5762
42488
4013
21681
39583
38289
2501
21420
38765
43607
26708
22840
23144
2772
46520
39509
49717
46721
30993
29649
6448
47991
40765
28485
13125
21159
45422
19788
20033
31690
20325
19878
21676
33806
1075
20184
38935
13924
9633
38496
13344
27008
31895
18032
28735
40751
33880
38833
36529
8026
7566
19302
33949
42257
9842
6954
41580
5628
44718
12101
46796
29576
10454
7502
30076
38704
33837
3028
33912
16932
44029
30060
9868
26705
14291
46447
49452
22367
26676
13280
4521
23942
3485
30942
38547
42036
14296
21726
3861
29056
43967
45112
9065
13101
11501
38109
45896
45703
25591
6904
19289
44363
35373
48660
2632
41067
36898
37638
18645
19813
1604
13464
45197
3796
18372
853
9656
26622
3863
13428
43406
13602
30872
26662
13733
1168
48155
48151
14141
45256
25038
6615
35940
11142
48722
7467
4625
17588
43878
10689
7759
27927
28042
25859
45977
15537
3135
18018
9346
23167
2296
36055
13304
37917
4534
4533
8663
8567
17148
30770
10788
31780
33922
15274
12790
11614
49738
33569
2144
39376
960
29754
7470
2949
46429
26512
2156
18594
2692
12000
12688
42741
25122
14494
47829
38219
27278
41869
47724
2354
995
14791
24742
32819
4222
33198
1330
5402
31472
31845
37499
43273
43635
20420
13649
30210
37368
33954
2277
29271
32805
26504
46499
36927
20024
4908
23365
38691
8649
33172
22670
33622
48397
17418
21061
31288
2899
2713
29447
8574
32312
7904
4038
2333
29792
27899
35144
25660
7617
23378
37320
32768
30571
5439
32506
19399
5325
32836
16865
10243
11291
71
46628
39700
34025
16874
19543
26659
29623
3032
13852
27533
42566
47275
42829
27419
30906
13094
31141
24417
6180
13532
5500
49178
43899
32594
7918
48681
3534
26011
40964
9567
39993
8644
32389
44286
20130
32404
2183
48302
41481
44811
29597
16529
47504
16688
32540
44092
32449
34510
18342
42455
49813
45344
37434
3900
34781
42392
49793
5122
10706
48167
11437
11664
42531
7321
5444
30653
17965
10900
11556
2647
22369
24304
40869
12602
1822
18162
47061
39836
34498
47820
37389
4413
39681
26084
41646
14125
13364
3973
37995
22222
3667
37850
32751
28521
41902
40749
46868
37237
43493
15885
26149
7384
7848
25244
47476
6719
44925
24896
32425
2996
18923
33692
8436
30363
4649
38244
11334
5725
23748
14104
41240
13732
10381
908
44371
21386
22762
42477
20806
42591
28545
11697
4065
43154
42450
14532
43090
6123
38660
9544
8483
26146
34314
15837
37245
9073
13591
35545
6232
37100
24632
13007
42394
43454
27103
36060
48259
34651
4633
31339
1228
5239
37622
14371
42721
36787
41375
18720
47734
37484
42483
8084
28026
39422
5090
36554
9067
38458
21998
45968
4728
36017
37606
12853
23840
14658
2097
48897
20143
23394
27074
32788
13730
49519
24735
21279
2414
17264
20668
39139
872
23402
8528
3746
4460
35758
38532
42507
1386
20545
48395
41655
9822
32927
21073
20346
7681
20095
7195
12957
28608
19546
25394
44845
30638
11812
1941
49286
10842
5299
49649
19141
1697
40719
30085
2751
18707
11946
30814
29170
18019
48346
38588
23012
8329
39789
815
28444
27117
36513
20496
25486
49861
8063
2187
23603
21993
41875
20478
3040
49949
18894
19474
36320
1736
10787
42700
15613
36571
20585
15052
43452
22749
20517
22086
43609
26014
18880
16272
12184
3319
30695
31772
29501
47262
10903
5576
17797
38616
36191
36601
5099
22280
15477
2783
17989
21649
49559
6718
44727
23329
45081
40058
25276
49985
27466
17158
8502
41853
23967
41531
26767
35819
47295
30699
19299
8799
1561
28945
33977
11266
16883
7028
15731
9484
33979
41412
34921
44382
12689
41013
47161
2324
48482
44657
36676
18507
45507
34968
15872
8724
14609
5075
11489
44949
7500
11419
42938
5458
21855
22639
31344
36148
30536
32493
32307
32910
47395
45008
29321
6681
26259
17161
39686
30947
41232
20695
10733
30551
18082
35892
10058
188
48968
22830
33527
3306
44409
17126
41593
43557
19495
5748
7333
4359
8912
1191
49726
20318
3558
8210
10201
12292
23661
13791
48458
39480
27844
48368
22970
14992
48012
17895
47628
20952
32500
20045
45487
27433
37723
46901
39723
42198
14492
24370
24957
6219
36446
17402
47559
6922
47162
35811
36752
32345
39293
9500
35266
11425
24492
41442
47905
12766
3786
3217
7203
12063
2732
42465
10200
13979
45443
37339
47039
30762
3572
14433
36612
5963
13604
6167
49655
49254
44988
3518
41886
32814
12123
8376
26928
7409
16793
16792
36929
45003
44083
42414
47107
10862
46280
18532
16836
13849
22501
8380
38674
15631
8387
15248
12666
3273
30490
33204
5621
10011
14739
9418
39751
28543
26778
46518
49294
25114
37568
4524
37808
5946
31237
11033
5152
22701
28737
13778
16230
7966
648
25202
5856
12012
22878
33055
45426
9489
19916
2507
35147
8564
32511
41711
9993
16632
16294
48033
22482
30439
5749
9557
23552
16808
6266
6753
47919
34790
34913
31933
36093
47902
10882
7519
40795
35044
46399
20869
36319
13829
20532
20520
26625
25557
7284
46277
21628
2729
5925
31210
46790
25192
6631
45270
31734
34458
8758
48847
5932
28349
19921
39971
620
21571
7809
38987
42534
14320
24748
37024
698
6012
5379
25109
7069
19934
33997
37891
1193
34466
13047
41195
30247
8552
45693
7417
14133
2409
31384
27803
46825
18391
49525
6491
39002
7888
32662
26870
13160
46406
19089
40228
39352
42227
11790
49910
23966
1010
12928
2313
15137
34135
34544
19166
12242
26544
32957
3349
3384
25218
46325
28601
3528
19498
18150
15808
32961
47777
23677
39418
33113
34423
31341
39008
11201
39883
34054
14672
17165
33688
10195
47106
5695
39856
37240
17933
41822
30554
46833
5970
47973
10150
46073
43893
9639
35891
38798
28196
9810
9220
20956
31265
10485
3041
22665
41959
49728
1712
23009
14367
40846
32717
20038
21398
28177
1061
10556
28661
38249
365
34609
4569
18239
13250
29815
29817
11396
13287
14126
26404
28801
26343
22025
38248
7955
38240
348
9739
27126
11020
13295
10146
19280
47015
26113
511
33295
43940
20926
10651
39646
24395
9584
26144
33589
36692
4234
1140
10804
36616
49940
7640
48065
29095
21882
31252
28084
48554
29913
27296
30478
49643
44865
18648
17566
3698
14403
7659
13687
48483
21503
17884
1929
1137
36962
18378
4145
31068
1108
42763
40213
3981
7331
37054
28754
6128
32303
21052
1854
35253
19888
25932
44269
42530
23369
4338
23230
43742
39562
22901
4606
17229
8444
25207
2741
240
2139
39541
43444
47413
11952
29873
48190
20470
37441
29498
44342
15742
43657
30047
25826
37623
40848
47086
8965
791
10920
16711
33916
14226
29376
43284
49950
26372
32597
36590
42868
1204
18156
6469
48359
43263
25076
11904
44531
16222
10892
49349
40050
42366
18960
37864
1558
5786
7823
12401
43168
18993
36733
16940
797
14481
26968
13812
3164
3578
6582
31298
31585
47183
47466
4587
44572
20773
13788
8680
46123
21146
40818
26922
26921
44794
43477
1380
3112
786
45939
27486
29856
42218
6656
19905
24204
49118
15566
12041
17784
27123
38455
35662
8780
13185
551
2269
3654
5470
24194
8202
24437
27751
23146
49877
6004
43619
25495
41710
4151
11842
10591
38274
48404
12157
7762
39931
2059
47634
43231
4558
33868
36498
31713
47123
39249
32008
19631
41099
298
48153
33592
14344
49816
27196
31764
21540
21872
24153
12603
11990
30340
38846
13618
1795
40926
27114
27885
24232
30608
47206
48017
38117
44227
21588
32737
41989
42811
20554
25837
27548
39942
10652
19420
37265
11623
9843
4162
47635
189
25238
29632
45213
1799
3623
3913
3121
32888
28983
22315
31202
38139
40438
26458
5107
48082
43121
37032
30111
24606
29482
20457
46780
3657
40664
21982
10376
18299
37879
19390
17123
48954
17344
5948
21359
32762
32545
9374
21401
28348
13327
7909
12161
32621
28964
8183
41554
43803
3392
24323
5927
31135
47261
46970
49762
4187
14205
5619
23266
31188
21755
787
16604
19129
20883
10751
17558
46154
48238
31547
8122
37888
14485
49054
1388
38081
6858
4503
41511
29288
32525
39851
48890
30273
22049
25463
23400
23330
37627
28580
26607
16805
1212
22683
34708
22146
43827
49751
10854
7471
42128
27073
30143
7336
2505
8020
1054
47171
12177
44344
46206
39744
8153
38029
13215
49417
1434
3978
25482
806
16190
34096
11059
12945
13230
47462
6650
36315
40064
3341
40729
38087
44905
31868
28911
12476
41838
17602
25233
19067
1321
33719
9257
8221
5111
25050
39528
49205
21687
3962
36649
398
30166
33077
47125
12925
18401
33645
22460
2472
24800
24285
20313
46417
42629
6379
15796
34592
22618
1769
7875
16187
47832
10888
32895
3964
35739
44364
16051
31453
14583
47301
405
25416
46146
34508
27045
3538
214
11354
37234
10789
17048
32308
25048
29252
3464
236
20930
10499
5414
24313
17403
48994
33878
40508
39768
14799
33674
36179
27027
38312
22817
30844
38625
32313
46047
12681
29594
10731
49787
20171
32904
21722
44733
40976
2439
30809
42200
25971
36913
3592
46943
5253
9549
49900
30863
1690
29625
28585
29218
3128
11352
40402
13921
12733
37205
34182
18717
24332
20027
35475
2152
22404
29150
38919
31750
36246
5903
18962
2239
36794
41332
4484
467
35229
1993
34562
11259
38896
49658
39899
21534
14134
23548
42668
25178
7308
1227
21953
34459
36253
3009
30286
37230
27880
9275
44873
7060
8467
431
20105
7683
7171
1190
369
48590
48618
9756
2687
16443
44209
28667
44861
44497
42395
26569
47985
5842
11303
45244
38335
18909
37826
31612
32885
18105
44640
23388
19787
1214
29428
34716
37957
43216
37049
29140
26902
22493
3463
33790
219
2279
43193
2016
25691
6678
1841
32996
13997
40941
32494
38000
22741
49479
9914
30957
46664
19030
49958
44517
6195
7872
41752
19113
4324
25431
46064
48807
46128
6434
18035
20265
40933
45140
11176
15402
36058
34166
26671
6784
43705
37913
34748
1200
2074
13668
18290
49973
4021
13183
29423
33439
40158
43972
22293
5683
13549
320
16079
22763
20685
20625
889
15606
28691
3315
1999
1107
355
20155
23611
33237
28635
29567
48022
9078
47213
31822
9224
38402
26431
49966
23106
14834
45921
7531
40644
35325
21751
8222
48593
26115
7906
4047
26077
29017
39327
15119
23878
488
33723
9393
15795
37596
9485
6254
44975
9086
4889
37660
44855
22967
1723
11255
43937
47101
13715
36366
1135
27385
1884
27558
40174
44237
9904
9907
6226
19155
25180
36497
33555
49654
3136
3889
48600
47831
24556
11439
9397
35836
23690
33254
20106
17159
11663
45795
7242
19406
17674
25818
27607
35599
29860
34888
19492
18547
2818
3155
1162
35924
8535
15772
48442
35868
2689
21051
24405
32743
20523
49674
2493
25240
7041
15515
39848
42880
44115
42697
31588
15398
20751
10569
8955
37179
16930
37634
43910
28410
13750
35014
25124
16039
16890
46658
43389
11133
45324
56
38890
33107
35896
27203
45246
11502
16585
41186
48204
7512
19206
25412
27667
47784
19179
17175
25037
4988
38555
34038
22061
41790
19094
11683
19607
46473
39572
12633
5274
27850
29122
713
15222
24790
2518
27303
46425
43152
7128
26278
16674
49309
26675
13546
8550
36547
6929
14588
49297
21955
26433
49338
13798
4066
40288
35550
27561
29700
36176
39665
1855
14848
42621
7492
37187
8816
40944
25054
30236
37165
39493
43374
44770
7910
37031
4367
1048
30778
12877
7874
47764
31379
24642
43948
32539
47510
36089
32852
48580
41635
13656
6400
21469
46822
35704
40016
4387
4112
23846
1865
4182
29093
29840
364
41281
14050
2702
32579
21997
45164
41108
13603
6185
20102
16919
3271
43282
22235
38434
29610
16941
10049
27420
21140
23295
10544
18412
36354
3717
23174
44287
42125
44142
22269
47017
10320
13932
29181
20268
34384
26723
13946
25876
26640
36486
41049
33602
33771
7669
16931
41556
9626
25570
9923
43889
33461
49734
45887
47235
22378
44202
23566
19377
36323
15907
45715
8379
25488
16513
49284
30524
15513
18097
20686
42995
42655
36396
27257
36821
11659
37391
2341
22963
22312
39037
12284
23612
2767
3386
25939
42497
21716
14238
24169
13679
410
9229
900
40306
15641
15604
46138
14164
48864
38175
47085
41492
27963
21559
26436
31964
15643
10268
42552
46739
19875
26821
31257
37428
17472
7545
49436
12423
48893
47540
18688
28408
9525
4447
16640
29092
43615
2180
23116
45971
49404
1118
37835
1707
30242
761
24213
27229
30019
4007
13434
32173
1081
2828
798
44945
21992
43801
16126
9718
27443
25531
46
12593
8468
8018
38381
40126
37511
48383
26832
24867
19712
6767
21810
11416
47537
48079
1311
11741
25925
26013
15506
31701
37453
28274
9783
33670
26292
41264
15174
38498
36351
38715
17058
34995
30677
461
48902
49492
9467
9568
28679
48060
8788
41577
31591
41517
4814
8536
18937
2835
5590
35922
31343
34062
1744
20084
21040
10190
15509
13249
30654
27487
36790
29066
12926
42720
11073
97
45126
35570
32520
17726
12585
39360
30683
15920
34947
46552
29169
4188
45185
16227
13042
47979
20221
49980
36990
27331
17899
26923
47581
44560
49576
14935
5305
3316
34998
6285
12605
35237
23134
37737
6410
15106
25801
35008
32647
18001
10034
11263
22636
43228
6142
41044
13811
2311
16107
39688
20135
6497
43235
46210
4820
16324
18075
43764
43702
19593
18782
8667
35584
15002
41495
35558
7914
10151
11939
4356
40878
34092
8256
10436
7104
45086
739
25685
32240
8747
28714
21202
1671
35462
18263
5878
16607
29032
33959
49988
15218
30927
13171
41868
3287
10692
8556
45785
48652
45293
38493
13899
11402
43730
27933
11391
210
32873
49785
30119
17314
47399
20897
38536
2217
10497
26233
4402
10684
3061
5386
9966
19521
45824
15366
6895
38576
43021
28767
37771
23545
33171
39329
5651
45958
38951
8342
49798
8775
29124
42812
46290
21196
44072
15532
27702
4469
47242
28943
12828
4506
26408
19553
28765
31885
32674
47321
40881
25942
7703
29229
4223
11000
38958
18774
22541
18304
38212
3506
15852
31650
32022
43756
48900
861
25980
19997
510
23802
20767
2807
39159
8390
40943
33168
34642
47971
29722
35563
42055
5270
20771
17431
41589
45598
44923
18610
21804
46597
16433
7877
9540
11926
49863
37470
45778
37929
11639
11024
12244
41661
29168
15161
49883
43394
17070
8225
41009
37677
24117
27984
19724
37097
18025
9751
19170
43841
2305
30191
21752
29749
43720
27227
1834
25722
11557
32620
6930
35016
49235
42928
12315
11344
33963
25649
13095
32366
20086
42399
25171
15235
35022
19237
34265
4707
19421
8118
10513
42692
26481
5631
8767
37522
16112
38557
3216
3559
18213
46661
13786
32464
37025
2064
40797
18193
48736
33024
3511
25730
1632
31047
17584
9175
16200
15564
37798
10923
21486
31607
39103
7704
15297
8957
42777
28421
5976
18589
22431
48292
31092
26221
10423
35183
46342
29228
39402
42863
1829
14304
6403
27211
12667
2640
12055
11233
35154
6911
20708
22651
11393
28556
27237
27393
21821
28665
47972
8051
45789
42978
18346
45607
40764
22570
47522
8065
10633
21836
2138
28048
1440
29580
47555
39296
5233
2211
17087
22691
35073
46687
452
1063
33293
48906
40624
8787
20770
34890
17657
26514
39408
15418
45742
43132
35919
42228
47232
31716
15984
21453
3414
39298
24760
33056
38015
5249
48263
33855
43731
40543
31010
17025
41538
14771
24954
41129
3151
4445
27922
14949
6227
14760
6396
25446
41763
39640
11998
16264
2695
34469
17398
16408
30448
21229
45420
1333
7330
15991
21910
22240
41965
38145
2036
27712
22260
42151
1383
29135
7624
49231
43343
9136
34356
36092
21833
6133
38182
33319
17353
29492
16685
198
36306
36398
18054
34198
1095
19451
17499
46003
24443
31686
6093
40243
17543
4530
17739
43242
29455
8435
48831
48081
49996
2891
38578
33815
42096
18976
5700
25787
18932
10582
49364
9236
29917
36375
23547
36942
30915
9453
26699
37203
8066
2798
46074
13113
22137
29210
46139
35363
48522
2357
27819
2266
20150
9450
47953
17896
22075
32601
20405
15322
30430
2532
39437
41177
59
12200
5150
14906
33558
6635
2842
38284
39115
19848
26943
39525
9138
29675
24404
1008
49799
37096
34252
9909
16340
4770
17132
29789
45128
19761
44744
28482
43247
16438
32915
18860
32527
3683
13084
32521
4764
1792
7403
28231
20391
16292
34547
11606
49447
47608
2670
33928
19844
43643
32938
9142
46560
27637
46334
47989
11190
21528
20208
45519
49493
40314
19073
26320
29744
40396
23520
46446
46656
44708
46968
42132
18566
7702
30239
2358
39379
34173
47469
2425
31349
2244
42917
9145
7271
83
19019
10175
27387
30793
29260
39137
8188
41229
22311
34286
12430
49107
17257
34052
24275
9005
24977
26557
35757
16926
26310
35960
21626
1053
31398
40414
36438
42794
2779
23856
38644
285
6626
29265
33653
29641
11748
10814
28729
749
11902
34095
1782
43729
38788
1206
16412
20112
49051
27935
22822
20533
23904
27787
14419
3000
17176
27310
8844
31394
14882
47778
36268
35780
46695
33146
39590
35082
4845
36632
37647
30702
29176
16528
23092
44966
6600
746
630
21029
35392
23313
11287
20815
26273
49995
25079
39413
6532
23081
26155
18501
47516
36407
10158
38334
23586
33975
67
8112
10570
27708
46081
22178
38843
42263
1659
47785
35690
18172
46837
37390
38808
8054
49251
26753
39064
22885
9898
49159
29310
38806
49098
15728
9910
3797
4268
16032
13678
40397
8603
15818
2565
43202
47192
39023
18693
9302
436
41753
5186
23397
24635
8010
15504
42452
6367
24797
36760
39328
23894
22613
46308
27113
23231
12466
21088
39726
15277
42806
36476
40766
28018
24139
17440
48941
3400
39403
17707
39671
18240
28583
36158
6613
13807
46289
12941
49739
2438
24131
3878
31474
15211
28509
27745
27582
13636
17394
29026
27788
41095
24842
2123
22032
41123
15825
32965
20525
19920
41128
44357
31488
38699
15916
48354
34154
34661
14395
19576
24645
28996
26430
4626
17010
46401
4275
42734
1686
19776
6308
18040
6842
17782
47018
11781
39581
48415
32435
39129
1516
2250
43007
11839
40809
42324
24480
19366
34291
29144
30680
1077
38584
24481
27597
42439
42106
47711
44335
20121
15175
41993
16949
25644
5462
48677
35589
6525
28070
7252
39272
39289
8784
6335
41938
18379
5032
36355
48945
31789
2587
22938
31890
14715
28584
12150
2882
10806
7424
10141
38568
47918
42956
7031
22180
5182
6748
31253
46590
44061
27473
31333
5204
24047
38507
41288
27282
7485
6674
32884
38375
23361
28050
11006
32178
49191
27711
7781
47893
14542
28213
12937
44973
13633
13112
18233
14043
16486
36419
37512
33575
25692
46303
39799
45986
21715
950
39983
49471
10997
390
25296
13331
27119
25788
12646
15333
10035
7014
27295
16452
14439
45228
32456
3582
31478
18554
2870
18077
23001
10078
26379
17131
35954
12467
10764
5891
26294
46304
23729
44173
49918
26558
21869
18004
46595
33682
27371
37015
18096
23820
26385
46252
7113
32723
15247
5517
26033
31658
45471
38251
47573
46263
1778
31099
14358
31892
22395
10758
8305
5151
41755
16127
32335
3396
2272
24953
25842
38190
35539
17406
22814
8071
10748
33118
8460
14217
6411
30500
37122
5779
47212
44275
24562
40152
47499
23213
25063
2312
43078
18526
40139
28326
33853
3149
3798
37166
42836
48983
44284
42919
7463
17259
28351
24543
9636
35216
47545
7686
21521
10588
28073
44040
47839
37703
22000
4789
21095
6543
4766
3814
30749
2907
15689
38510
35416
31028
6935
46195
27431
2405
35516
43894
30639
5052
46945
37148
16946
29569
8415
35520
23294
17722
24557
40522
25786
13646
49585
6336
29518
4360
11779
45323
34521
6756
32302
8363
18510
19037
19746
7664
12656
47955
14896
4777
48976
15208
14461
29629
7240
19216
49502
5990
35471
32726
15848
37890
14273
11074
33410
41559
42740
30772
6597
18642
7048
36765
7549
22474
18870
36768
38297
33360
27759
48800
3
14544
39586
18201
49743
19219
18022
29942
8508
34534
45217
29383
19573
33831
17336
37534
41193
31645
4661
4033
46272
45697
22990
17845
46178
12643
12236
49571
24749
34408
42888
10779
42039
6941
14520
13449
7767
34833
35489
44089
33321
13132
80
3143
44375
40542
25096
48270
45325
26072
11243
33019
40114
38118
21053
33080
39342
2206
47932
17034
17900
30460
24976
46505
35803
46306
24413
32287
4776
10592
28793
22320
1811
25034
42107
44558
42805
11530
28638
5852
9027
35938
14129
22736
47755
28222
20946
33243
7392
46225
14212
26062
10966
39771
7393
310
36470
1851
23705
29478
13130
19482
2613
1668
20837
16159
21187
4867
17528
2380
3235
45467
16364
43790
27448
33871
10685
21683
5514
24045
43591
34296
18161
44683
29878
32364
43858
48724
23122
42149
8493
40447
26810
2300
24826
12971
36451
41070
2254
5502
31180
27067
49026
578
43883
49845
29273
17715
33160
20893
48003
20357
49630
49879
32837
10214
11544
45240
22867
35956
41068
34069
41535
16485
10208
42773
21850
42664
2610
23646
7283
17133
5796
33695
36593
40712
32305
24751
47277
26549
8231
13593
36903
41341
19419
38914
16771
19810
881
8151
22798
40868
30306
11236
39785
26654
24804
35849
14111
36912
9701
40820
34854
14407
44626
28740
20646
36864
24447
45285
46000
25795
27678
36619
23938
25024
9769
20762
25421
22523
27611
47412
13486
1775
9329
41255
33992
36624
1035
2004
22192
43424
6446
35923
43120
20662
23860
18468
19803
13838
10029
17937
6574
39288
32755
21924
2574
2837
1708
2124
32948
42826
22348
39592
32426
41310
17628
7514
14099
45408
26952
23953
42658
5893
46201
24308
5586
35011
3988
38502
19354
40906
44766
44199
22515
9628
38526
33639
25140
615
44056
33190
44867
29419
8803
18563
32155
11159
23873
32499
27549
44661
46481
48369
10462
19663
13531
28821
43624
2863
1977
19024
39889
33322
32363
46490
14567
12130
24907
8855
43956
34876
26598
31715
6651
25926
33047
23667
2997
34320
4120
18730
7192
22804
6459
49095
25185
29246
44393
18169
46347
10327
7562
41819
11706
18418
2451
12624
40074
26749
35798
19215
3047
5279
30225
45461
28228
41326
13071
2690
36242
42728
44304
40493
49781
5304
30586
23494
8223
19194
9637
15707
48391
16018
7461
10798
23614
38112
9495
9371
23572
19372
34295
9250
7469
44834
42306
46240
10386
12250
37616
12202
28367
31859
37307
10516
22545
466
14278
8238
7516
35493
2219
29964
25451
22707
1121
36105
45938
20694
24094
25672
14712
43181
12842
49964
23476
47529
21106
2443
6224
38001
9202
38803
38917
1530
45183
11619
2672
44496
15036
32735
25304
13707
30320
37011
16322
28023
13982
9728
4755
35835
36149
32057
29460
18413
35627
13175
40909
3186
13514
42871
48540
9227
45868
42389
49723
5387
44829
1306
17724
20567
6071
23976
3745
48835
33442
4437
39386
40607
28251
13787
33379
46777
28373
25174
44857
36238
43255
1183
37493
22393
39166
38079
38907
8015
48448
32770
30697
36597
30650
38915
7980
23931
39457
4427
783
1269
8835
3379
8300
15911
7
7602
10107
1547
38483
15003
30481
42723
44527
34712
42159
32533
12333
22875
42117
27911
14101
47616
16490
5713
39887
32421
36383
40573
8959
46653
11015
19957
13737
44323
7515
32706
28938
24887
17346
46376
26054
257
3604
12332
29212
37797
29213
35847
46529
1696
38484
24937
24411
8668
33615
35773
46467
5262
48399
48323
23779
28093
9270
42992
35889
25588
19684
48674
18995
47766
47580
44143
45224
1099
45960
4600
49345
23982
25992
12592
41896
39265
44247
36741
17640
4941
45247
45718
39028
47915
34751
33147
45888
25484
18408
13407
9758
2805
6506
5766
30007
38014
26882
29539
13184
22574
31674
43147
8868
25945
49332
47544
40726
12975
3296
45107
42685
20876
46474
28340
39832
2606
6807
16864
14697
16026
33953
43984
33139
30345
28285
32242
44550
16461
14920
34971
41069
1402
1126
35208
15579
42222
13773
21220
44118
4745
38873
24685
47842
2844
23909
20126
15962
7350
10989
43625
13097
37419
20353
28163
17485
18597
46111
46979
49544
3846
2617
21529
14124
5461
47247
26693
47170
11962
4175
40898
22197
2620
21595
20510
46888
38408
6937
17616
43097
47674
15111
32790
20337
40090
20037
20355
29102
5993
32249
25284
15545
5317
40001
48576
14785
17710
10377
13510
13657
8234
26688
35506
4602
1901
22511
10476
10084
12312
40990
38499
21730
32272
997
33259
36124
7988
43617
45485
49496
18273
49287
17618
24410
33476
47840
17295
44132
6373
13792
43162
33276
32143
30302
41844
12136
13481
30017
4391
21346
5247
35198
25033
1093
47660
16902
29687
6118
12555
30090
38241
15697
7836
3905
44911
45920
19667
34448
11533
1758
3969
12320
28527
33059
18711
20564
24078
8697
14010
38143
22847
2285
43551
24132
25317
6096
36567
44010
40497
8263
12524
7679
37943
6791
40613
22436
34576
36488
25723
49202
35438
34313
48856
5792
38340
18907
10560
1541
42606
4599
18504
35257
19777
46985
15242
13179
43359
33039
15109
25228
13718
16004
7148
35184
24643
2060
11561
30169
20079
9631
34501
29332
14404
11007
6466
19895
43876
27983
43851
12226
25286
11559
33864
12011
31963
32414
7230
44182
14005
4915
38252
13197
16870
42718
29109
15720
37048
770
48577
10860
24027
6471
13389
3701
4690
43692
26332
15432
14417
41335
42047
40147
42492
46944
2331
4605
35132
21933
9893
35837
15060
4954
31364
38271
39709
17318
7716
16247
33858
5953
18895
19951
23701
33428
31415
26192
12397
37387
12782
21774
46798
37650
31697
23105
22870
6008
47193
36758
11635
20004
32119
13376
29160
7237
25262
20631
46877
18699
40625
27398
33824
26179
29737
25256
14841
11684
17381
43189
3089
47597
35678
35272
30282
40660
40316
7078
33287
22598
33978
47995
6562
15136
47083
13136
36857
18584
20189
49152
36033
10407
8540
20178
39097
29638
1603
48006
18780
23233
36952
20942
33387
26095
3001
6595
12319
22059
2226
29384
38880
35718
40986
21664
8360
14052
8858
23567
1376
27731
48098
8826
5975
36738
45727
19050
7670
20041
15906
6591
7029
10039
26028
12479
16896
6750
22012
48793
31909
36767
42258
32842
1072
7268
609
7646
49317
20451
21545
18978
27525
34197
38388
35505
27182
37868
39573
34730
33353
4692
8146
29711
5215
21745
25388
12697
34824
41609
5921
5410
31201
28761
5251
49835
45828
13146
49760
49053
6305
32829
19819
3689
23845
15811
25467
22757
46382
26387
42622
23148
46815
10337
8355
20281
21841
48592
30300
16796
40286
835
11008
5845
16037
6333
27687
13998
30914
45047
40471
23117
6321
24904
10916
41840
5854
15184
31489
40234
49537
44903
27877
39741
30251
39197
26298
13611
41781
14728
8726
14088
25886
15482
33191
47671
47792
38165
22109
24986
9296
10316
23754
23756
22860
11944
30445
12803
1875
4392
22587
948
15752
9128
45065
41550
31465
45203
37231
38363
5539
34480
29831
25167
49594
26361
17621
26193
23318
11707
24013
21390
24391
9748
21508
19000
35829
7430
34610
39555
28716
3685
44863
19393
27770
24882
32800
8877
1930
39951
46620
5124
47238
39381
23749
3585
25769
17676
43069
24758
36620
36197
35265
44066
20134
39229
48950
25835
19627
40202
46028
1408
36866
7233
12030
38716
18144
7197
13417
49705
33257
23997
38544
9703
29931
10624
11640
15395
30107
10056
38700
2205
830
7221
34560
31336
11572
24577
3177
37249
41668
32094
5610
27021
22538
24791
31169
24984
12399
28112
1112
1257
33320
39992
8717
10194
17317
44656
44594
9244
19202
18174
45459
2935
14233
27588
35777
27774
18386
49662
5814
6261
47735
23534
39882
46758
13211
19797
28081
41878
38960
7642
6483
17585
40574
27062
19383
36096
34617
30261
3532
22411
45953
24770
30383
36685
39956
17037
28272
14523
32394
22503
13277
10810
20174
5007
20070
43976
38275
6211
44147
35437
31193
22333
1947
43157
23594
2734
4857
6769
46077
45094
8430
23325
27409
12796
5844
47695
35362
49226
17327
40684
25141
18694
1465
11205
37768
6953
45392
10223
3747
10970
21167
22009
33509
20439
24125
45504
44669
10166
32472
14886
22544
3985
45827
6052
7351
41946
39423
39217
27267
26136
41741
13689
34703
25356
26890
28909
3303
41977
22527
44510
49192
10832
31596
40592
8315
5294
9589
7993
44343
27571
18619
34478
39000
4875
35261
15929
15440
13497
21251
33618
49408
18210
34127
35367
14980
38009
48477
45318
28387
23582
30966
17682
22969
9863
48885
10650
19805
2662
1170
36852
35689
7158
43239
15421
11866
18024
38256
27437
536
40945
8610
8325
5542
30821
25524
6098
24020
12148
23817
21342
14884
34783
29702
22446
14763
2774
14733
23004
29348
49860
23513
22289
20122
49341
3699
27682
22421
42787
21695
41443
2316
37539
43386
37194
11394
26479
37984
23561
40376
19068
27485
47451
28125
21624
1400
22961
589
36110
49892
48908
1013
25201
12567
26895
32175
24082
621
24823
44542
35611
11755
30972
41865
27320
34441
3005
25419
6553
23018
27790
28045
33256
8976
4607
26381
22314
27206
35006
18670
4786
24786
17703
15411
4593
49668
28538
43416
3676
13635
29706
46831
40962
18935
18228
18241
9514
21320
12759
45608
13381
37884
4483
25880
33901
44419
22469
10270
18710
24390
34261
45216
25123
38365
15797
49328
49943
34776
33507
7357
11025
29436
2880
20677
39913
41831
19519
42444
39336
48078
35277
293
2318
40987
3843
676
10523
45168
32185
39720
4371
29976
35326
22397
34347
11353
8850
7795
17330
29604
40728
34939
21975
19907
9352
44177
27818
17300
14645
25261
8198
37104
8979
7266
3166
26543
1629
6634
4930
21049
1818
36410
17006
26528
22993
43335
36539
20587
45587
24508
45061
3758
36865
49007
11783
15024
24128
46842
22718
8770
10219
22375
28497
39619
28411
33546
37458
16914
49218
47890
34355
45826
27663
17767
19487
8043
42011
12771
38191
43946
33519
669
41936
15296
40857
27461
26511
24160
36258
13144
30736
28766
22053
12058
27015
3855
37986
20796
21353
2280
14386
40662
46156
31837
23182
21843
33100
23216
48210
3159
15536
16651
14443
34268
21677
16608
13480
14146
32030
33471
16903
41494
592
41905
20768
41297
40315
31562
21081
26276
9366
36506
7490
16895
48695
6898
17927
14865
12817
4540
16746
45886
43175
46204
14177
48609
23598
16165
10331
12860
32646
14277
4778
13241
34589
46781
23610
37928
109
49271
19388
32512
42707
49225
239
15959
42660
45046
40434
43370
16509
43203
45298
12777
3739
6417
28207
26769
45099
8894
30434
46996
6978
10404
9585
13498
8899
33669
12353
18769
725
27373
368
21448
1223
45242
33915
10956
18867
19309
39738
9508
44339
18845
38102
12337
17342
19402
23880
18891
19456
6569
21733
33598
47996
36891
7905
21074
1867
31302
5159
46934
3071
1115
12619
44407
31794
14347
22925
16976
279
45295
17210
39
27940
18632
47775
1646
9881
10104
13956
6006
39150
23207
12820
6369
36348
4881
41639
12087
35430
26878
1288
36103
30516
12750
5964
6579
16441
37264
20740
16789
47772
15009
24098
24178
33175
3791
26484
22535
2643
7900
11278
31101
8676
4565
44933
37160
24425
2379
883
35275
25759
20202
1475
5013
9260
9066
44122
43622
13165
47334
42468
6730
31290
41677
5944
24227
30431
25507
39073
5877
9002
49501
12033
27520
9416
21596
24247
18873
7543
4492
26151
29024
20715
23200
45766
24337
47143
13935
33352
44793
30197
23109
32014
30874
925
42998
23180
18219
27540
23110
30313
2109
25089
37279
29556
11479
39445
33359
49044
963
36423
35587
33186
20455
45370
12711
4002
36570
11517
26414
38733
14251
13700
48361
16316
46498
6994
9876
39428
5397
2466
44580
49652
25766
46832
9511
17385
37337
34278
1840
23126
29930
8413
32535
45882
23228
33630
32349
30105
14354
49146
4297
42161
35354
7119
32872
35894
41699
6952
24580
6593
25518
32713
25848
49031
34710
32218
3283
35949
28676
48115
29657
34953
41824
27028
46030
12751
37427
12606
32244
33050
35238
36212
35512
8594
44815
32227
37865
21740
15938
15549
23742
5978
47485
25160
14183
31347
40997
9509
2149
38288
11831
17307
47956
28230
2571
32591
28430
40637
46684
29034
9472
29465
29315
40850
48358
43630
25968
20059
13054
49671
7342
26127
37145
43550
21335
11801
12351
46869
39724
20702
26336
26738
37600
48981
26735
8023
18716
36535
24531
35742
48880
31137
6415
43225
39743
48708
32612
41727
16121
28937
41542
32775
24725
5872
22213
41322
29786
35921
49249
38703
8178
25954
16588
24482
44065
29490
6743
18437
15928
12480
23383
40056
16023
36068
45731
46969
41065
24510
23773
7288
22298
9885
29071
24255
1094
16141
45644
36314
27985
37396
28495
32209
4563
24718
14537
26135
4376
2310
2933
26828
42025
6223
8180
45596
21219
255
37130
7274
23590
42307
40375
31275
38203
2411
23906
33339
5593
4083
38379
37495
34663
48640
28627
23712
38504
49552
21665
26279
2806
33324
41852
13871
49307
7592
28887
27304
48513
45707
5504
44689
32524
24262
8038
12442
19979
33398
48916
8019
23248
27161
11480
17170
40115
30756
44972
22418
39886
22737
49171
20658
19778
13194
13613
20674
32833
30934
27824
745
29237
33365
6409
1644
36747
34350
5174
49932
32963
45289
39468
24690
42694
31643
8941
24537
7908
38392
34665
27392
32667
47515
3852
20048
24465
12221
32338
12986
38590
26594
39345
35753
35932
714
12395
33228
8091
16826
30534
47174
45131
23962
47685
47279
21282
20528
16687
4098
19452
49375
28881
14108
9169
31561
21512
37597
21301
11717
32773
13726
13079
36020
37266
41568
43010
20141
45215
29906
36955
23432
13637
11912
17861
49193
27696
12324
49199
19343
29746
17747
10183
10069
35247
24051
11421
15771
31618
41874
18420
37456
32071
30913
32497
38689
41414
28953
20314
45306
45193
8828
1961
45825
41350
32433
13347
21644
48424
26728
47283
36895
935
9241
38377
29067
43582
42377
17817
38749
48571
13686
47155
44322
25057
25348
6772
3682
22087
14837
41291
17071
6714
1726
10711
1602
28886
38316
28532
7606
29061
45743
48090
9074
45753
20675
35312
41448
11230
40029
29905
6850
344
31245
4994
31363
33971
401
20147
29483
21349
16175
31691
16813
10891
31447
47704
32174
4614
28185
3412
40856
36629
32375
6559
41847
48016
11367
41498
24590
14450
37476
14445
28510
24808
2768
31773
31720
37189
37991
43694
45792
39101
23324
23512
37598
33064
11014
21492
37779
32578
33748
25204
35459
29146
45260
14996
9819
16035
37392
14142
27034
5407
10564
10593
35268
18729
19602
46437
40536
37370
27746
20611
13803
10091
25195
20365
12727
27534
9029
146
47588
11699
26602
22412
28566
3581
10768
25587
12164
11580
28364
10162
1064
6206
15917
45284
12569
33596
44562
41497
20635
8611
7587
8683
40081
44195
5521
44833
41777
3961
20025
6103
505
2946
47643
32314
5782
12103
1922
48352
37445
40100
14853
5860
31091
23750
2821
41145
18107
9475
599
28952
43480
19426
33986
21622
24768
42012
6823
1858
25702
5823
15858
43915
26884
29326
26171
10368
35562
8652
48623
38656
12611
41064
34742
10301
33697
36793
9320
43088
17306
28484
11399
25464
48989
17677
32914
12873
18122
2181
46982
13958
40275
41706
30402
6475
30206
35345
45829
28788
552
24536
13729
25504
31085
28776
2090
14079
30122
34125
42933
20120
15850
11583
33678
49313
12779
16958
43418
22265
30750
44993
29156
46882
41457
47591
12684
21105
25373
28769
5560
14957
32003
27406
11111
5758
12994
9815
20030
36826
10621
24721
12547
16354
7410
23859
20286
22976
5464
30776
5820
8715
32118
33619
25306
26574
23925
41641
7604
35199
4220
12774
32822
5704
7176
31984
35906
29012
24276
4171
48582
44767
26219
12545
4430
17960
39179
43679
2817
14303
34083
17289
16214
28053
16880
28779
40488
15054
23964
45654
5446
6432
19740
12965
29787
39337
13188
26673
47304
40807
5113
19097
27690
20634
833
27143
2599
24409
3269
49675
10619
32063
41160
18056
8538
21724
47641
16422
21375
17870
1358
22595
36305
32504
28630
24136
25298
40097
31395
12742
7510
21228
44096
36367
12203
39225
19003
19429
13124
11078
9273
26827
14064
4997
35548
30580
30705
4149
23619
14423
13100
12210
17687
34834
11805
34844
2942
42487
33705
17462
1526
4515
18560
21003
44514
12908
45758
35941
13391
25710
26899
5817
41012
21805
48338
8173
37463
22712
21312
28692
25508
37322
39529
39027
23321
27900
18941
41649
32588
21770
22127
42322
40379
23510
8696
31994
24931
40949
18474
32188
6708
29485
12167
35995
37260
11397
17541
48307
45928
16828
24846
43430
7691
32584
46355
4493
8072
932
38302
6920
5460
49549
44603
25741
32351
43266
8446
39811
15196
4797
28654
33590
6492
22518
39929
20409
27568
7117
18755
43270
42802
34462
42512
2604
25669
3823
44006
19887
28811
32196
3818
46193
15819
12744
711
32987
11685
33805
2487
23389
35685
28809
48179
19515
32913
41906
33934
21358
42422
4418
10919
49402
46465
37746
29398
33411
49457
10769
16020
20177
7188
45243
39353
14459
20491
17100
11246
29177
12687
45891
23757
20657
45209
43219
15059
41016
22933
11103
44596
42849
48785
23716
32197
30922
4077
16267
863
9403
48884
44021
1182
729
47682
2079
2086
39748
13259
37945
12768
46427
9940
35625
12134
3533
20562
43499
32018
12176
39459
20932
5812
30962
7314
4350
45552
1729
30817
24630
888
18647
25497
43529
44592
34184
35504
7298
43989
39291
1802
16681
2223
148
37899
20524
14666
23579
40977
14521
1700
17347
19868
4230
43114
34887
40367
27960
36815
6170
15037
34028
34677
24113
2619
8246
31093
30476
40079
44501
2857
22417
22828
6277
46701
43789
4629
34841
28498
29865
16106
26535
41217
41927
19477
5491
45034
1365
22838
5728
30853
26783
43871
27805
15233
35684
35738
926
206
31586
35986
40772
7873
18704
25093
1581
6169
32763
33249
30539
40131
21249
36920
22385
23776
8911
17576
20988
4873
49827
24046
16990
30272
7528
44154
42927
48546
44282
16288
26234
32296
15007
1353
7338
35193
30929
13354
39334
11872
11875
39689
48599
45245
26840
3866
7001
25374
28146
39507
20362
40916
27671
19313
26249
7957
5320
19727
46873
18639
19953
656
14622
35311
34158
44105
49972
32220
28686
18456
3960
38103
27893
49383
25575
39157
30885
28863
28723
12273
14742
44246
23159
7102
18746
13237
19101
33444
48972
1362
44485
48957
32148
10017
14414
31208
34797
15793
37439
43804
41788
16403
38599
43446
40901
21100
26467
9389
143
25294
45120
45400
7404
40487
6416
6441
38044
6314
15822
33042
47822
49448
45655
36623
22060
2103
5241
43259
6806
31955
3587
41169
45073
48790
18573
14757
4451
30406
30590
21393
15259
21272
28961
22329
19943
15318
9396
48417
9462
11331
49774
47350
7732
39508
31470
32623
19584
12003
44548
41690
36726
33910
6401
45990
15969
48633
8606
3221
28041
39880
30173
41014
47623
21408
2350
1761
43122
43351
28758
35946
41386
33031
44416
44694
22713
45726
288
342
28797
16376
21614
36441
15155
19184
6804
33927
45639
13221
30435
18098
37019
24722
18884
10003
7016
19914
34574
13336
24363
36119
7537
8559
22994
42111
17511
28148
1590
37530
27112
13937
23725
7973
34657
23196
333
19496
45497
40695
19928
36104
36906
39375
23349
2895
26881
33917
8138
30599
18471
36027
35899
13727
10235
2065
29689
25542
37008
18612
18269
25086
9384
12209
48553
32214
17752
31952
26581
38146
6243
47203
22023
9282
32648
36656
12144
16298
31722
38773
27964
11473
6200
9571
14665
29013
4740
6368
13314
17252
11754
9474
5264
31659
859
10525
24600
27532
29227
19628
29179
48150
1857
49869
29367
13348
26163
12050
12554
15776
38052
8130
42687
22771
4817
27332
6311
43334
13728
26378
24067
18110
47022
28359
28254
8790
23465
15921
30603
45518
23789
26483
11490
30606
2614
12859
17168
17561
45027
7135
20603
8036
23210
14127
779
26307
9382
16908
7105
9845
5135
2934
2418
46088
35033
42876
3327
26287
41102
47221
14977
32318
36442
43298
25407
4848
7627
24834
45476
41892
42280
38696
18086
22309
7884
45601
20745
21964
10324
22813
32781
23076
22638
18582
47099
8520
31733
29881
29059
21412
21894
701
48340
20204
40548
30493
47131
26546
35393
40069
11144
12483
45052
11428
23914
34413
32878
48557
48874
588
44225
30064
2199
39392
37402
21384
35880
7121
33794
38174
29386
16366
24088
47229
12472
23857
34905
7808
14735
47178
33006
34693
16934
38378
27476
36047
33984
19046
45196
48936
34517
30722
42056
44871
33058
31512
32483
41602
24261
42357
27418
27457
4637
16332
14518
26460
40355
20790
3674
12243
10220
43048
26204
48836
780
23291
1964
3329
12159
22018
42427
2449
39607
35355
16307
8260
23747
21065
38491
39364
18011
36226
33
49769
49584
4900
11773
7032
14944
19249
21227
28832
44384
44221
15943
24895
44589
662
29885
40037
4939
4040
13508
23727
47603
15050
32568
39718
3975
6487
184
4161
45405
7125
24532
11375
14343
23286
19697
20865
47610
40057
6915
22996
17185
15481
27340
4680
16569
38154
47796
28587
2437
19719
15642
13655
42960
1679
45781
4762
19272
35293
6912
37545
31522
26238
23651
36915
8433
32438
2769
26426
25149
24190
48943
48812
35186
46269
22185
38489
43501
24299
6056
47770
12354
26554
44013
17913
5463
25006
9855
1974
2496
10821
3501
35784
1905
24220
39234
32769
20680
28117
9265
10416
2261
18523
48761
48041
35766
45749
43091
6746
13909
20101
29132
40456
12515
48506
19217
39177
21779
43780
25247
20386
9070
33185
31102
40617
48228
38542
41329
42146
37093
13808
26217
28554
41110
12370
22794
19831
6862
44211
10558
7023
28212
10943
46053
12190
17097
29646
46864
24970
46554
38488
23285
34311
20973
22450
22522
19321
13316
15832
13487
1861
40599
5324
1011
11507
39884
25357
17269
4385
31280
10338
11339
28614
16132
49907
4695
43074
15784
10429
40958
45682
14214
35081
25729
29601
27773
45786
22477
11715
13523
47556
47188
24795
19832
15389
7290
23635
49163
35755
6925
44430
35981
35364
8500
4782
25424
35951
3645
37184
43061
49059
37258
47409
44445
11119
34074
29254
16647
1788
7656
42078
9083
21673
21355
43026
3098
17787
29231
44805
45680
39903
14582
40560
5002
11658
20411
7571
12160
8942
2428
40198
5799
24454
34533
13472
8750
33803
47104
31915
30684
40939
311
28447
25967
27883
28476
40932
47713
19785
29903
13148
5312
19111
20309
43233
12327
44316
25382
43548
49634
10658
4992
43901
11878
21719
5465
20228
19413
27426
49079
3168
6371
32749
6009
16739
28869
44759
48221
34910
35535
5019
5347
48528
46748
41398
29876
33297
6851
37138
16819
7087
37112
6456
44244
19939
11682
17605
44779
46707
32333
40811
26949
48850
39045
38466
16961
12823
43717
32613
40907
47257
26839
47827
45739
17843
18106
44728
7842
6715
36910
47302
22154
14562
38065
28294
10535
20614
7595
39849
25105
14750
7891
13385
23868
27683
5110
49693
13111
18778
11551
27684
15664
49851
47980
15379
24025
30743
18916
47362
43199
9223
42379
15692
18595
8455
33051
22296
3063
15625
21383
40917
1359
38659
9934
13235
13651
30265
16470
39292
48817
28704
33211
36817
3171
43128
22435
16225
16964
15927
33363
46774
49108
44488
23184
46179
38563
8080
23640
8286
39699
33003
25892
10304
35498
18512
44653
29014
49886
38216
17623
21205
32854
12802
8414
45937
14153
44238
5293
16868
553
26991
6268
31719
24694
44463
14938
10295
49868
32012
21517
39859
6845
9487
45280
8472
35810
37232
7400
37924
41447
2917
40978
1451
5061
9968
2974
22142
4704
19057
14874
877
10004
29195
42192
21655
37973
30998
20144
10075
384
32258
2764
48855
3214
22244
33315
31675
4031
35701
32897
31708
11113
42242
864
32010
41349
26209
35372
36166
36862
47898
46574
13399
48293
46955
13002
16503
7554
34993
44107
27382
4037
16139
14468
34264
5086
2262
3840
27826
18972
44437
23621
26748
41226
17434
27289
28985
3015
43583
849
24680
31075
31038
10567
47200
3697
23948
49158
19077
29040
42583
27725
2440
28668
7647
18347
16649
30346
2462
44002
44466
47541
18242
49740
41623
22387
11910
14331
24471
11294
42273
8316
28507
5849
35273
21581
38021
22608
15514
38041
48702
38018
23947
14565
19161
40437
16506
17240
10514
48872
17188
17077
5629
20445
22058
34595
3621
37278
30537
13670
476
18705
16049
7934
19082
35870
5582
17777
36909
37009
1963
25599
31377
43814
29244
11917
15022
26470
40359
48199
46665
46997
17426
31396
46602
28405
17589
44757
3124
31605
43908
20308
15484
46757
33479
9806
44024
13298
5102
42859
39633
33098
30101
46109
38305
29412
25323
10625
11134
30669
39310
33734
34726
6034
39765
25734
6213
10322
45239
32401
20756
25764
25720
41075
166
21747
15362
33690
10114
13768
33534
43425
4153
10025
26818
49086
32469
21070
40317
42752
15339
19933
21236
40802
3266
38996
39281
29978
36129
40116
15997
5221
12321
10746
28535
31125
44756
22492
8115
5375
15668
8465
18359
16473
46211
3995
20792
27739
48214
14941
32343
23734
19752
16028
28850
9268
3236
49742
36602
8029
43820
11444
8709
11170
24732
25013
2578
26956
8284
47717
27231
3258
28149
28732
20348
49591
26486
15980
27975
35519
2407
29354
30030
2179
48915
2887
8162
21266
10172
18182
16803
32705
44995
21405
31160
37255
24253
26979
16743
25606
12388
46140
400
35693
32607
14103
1419
28552
23475
26762
10245
14682
28331
20724
11985
9860
40844
45258
29010
30361
11863
22386
45553
21298
35588
23686
16812
36043
12610
29085
29234
2548
43997
9716
36309
45890
29571
15999
21991
14936
18516
42185
44918
20235
44349
10382
36621
44532
3371
39864
34747
31149
24095
3298
28628
10931
38350
7932
19624
33494
45115
10209
27130
33424
46546
21083
22915
6480
48296
2671
23861
41719
38362
36079
47774
38874
39090
26714
18453
14545
43006
35076
19889
23811
33925
14116
15866
34986
16153
41604
6048
7856
27907
7152
30336
22888
17235
46160
10722
20891
871
27152
21645
12092
11498
31624
45329
14170
28696
47926
9363
25836
14564
13622
38672
49592
13115
8936
28752
48061
939
32765
28119
35928
42373
40477
15657
4516
45141
15794
46322
39127
30222
37095
41115
41284
40866
29659
19178
30252
43549
44513
38224
40136
48488
24422
38043
40791
24249
4204
45969
12838
14846
26142
39652
44077
2530
35846
16985
4328
42009
41501
36471
24359
43009
32907
37280
17473
25401
3388
44324
14507
20367
1694
42647
7563
13102
40241
30215
18605
12433
30468
660
16650
30791
48857
21553
5652
17683
40352
19563
12883
43978
30724
9131
19490
7486
22983
21575
1043
4165
42990
8684
16375
7978
9740
47263
159
2248
46580
10450
28229
13599
17734
46635
23016
37144
3383
26367
10028
35640
28295
44551
45125
24397
7184
25196
49197
31953
18747
23530
48615
6082
24496
47806
10472
39198
14767
15736
3785
34116
45085
21198
27174
3736
49917
47054
19963
33456
14836
11188
14585
49953
29969
41019
11810
29420
39749
30069
28030
12106
25073
37116
10147
32700
44273
31870
23650
40308
47767
34690
35157
19483
13648
32783
12166
11916
16791
3340
43044
42247
45174
16889
47780
18802
12523
34159
15012
5987
46650
6821
2827
6234
527
15444
33221
3082
40605
47621
31543
47380
17866
5372
24943
3884
8752
22662
41864
48304
4157
7464
8546
42182
30517
47752
42830
19534
7689
43360
42327
44256
1665
34138
7810
34673
48036
33415
22687
39191
18990
43403
49468
329
3890
15164
21239
27440
10622
31274
2612
7800
21016
37214
22044
48840
38830
16151
15461
49242
4809
16967
24633
45999
40153
18541
43221
331
26712
4810
45333
34778
12917
4547
12066
40165
28031
37558
18092
47693
23195
14301
2143
13028
36533
48701
22295
36966
1649
25414
35258
22290
20303
23916
31432
45018
26088
38514
1765
5793
40011
23702
28817
17311
8846
760
41530
40740
33161
13949
11626
14102
21066
48494
23194
29029
17858
12175
22709
33419
11932
7635
37183
7793
16268
39553
23604
33341
22006
37838
33483
5569
31225
43903
10269
49936
41391
42334
22347
94
34134
46386
1144
38920
16524
25584
44155
217
40961
47990
13721
45281
10785
16884
4257
40269
11523
24816
4931
12715
27370
18887
23805
8304
22753
21464
5383
2559
45628
42289
34873
44460
21686
6665
15905
25145
42297
17827
4501
29331
12976
29343
39792
1635
18081
46598
16970
25343
34433
19337
21365
7623
7132
3766
26355
11592
43014
8991
6085
19359
30419
40561
18743
5049
11877
31247
24019
11453
48227
10573
1676
6258
15451
15577
36958
34932
11051
5141
32061
46886
6183
47773
38651
24006
8746
21409
10110
23160
23221
20175
8723
9290
22115
31331
39546
14752
802
13795
36750
28643
27962
28380
19693
33807
40799
17765
1917
13688
39247
10704
4841
16892
21516
16861
36217
24191
26451
45332
16261
10033
23054
44664
24130
20331
13903
25899
44553
24661
10718
6005
43791
7482
41887
20834
24195
43559
27099
3347
6279
18323
23722
24629
4317
38467
5089
29391
49090
45124
11861
28206
6619
25874
20433
27622
47359
47629
18637
7540
32109
31117
27276
14477
23371
9776
28620
11213
35876
41202
30564
983
6938
48334
43077
23168
10803
43020
47562
2322
40453
38931
22654
41810
34706
38728
23292
46418
21884
18382
35582
41789
49134
18051
14024
22405
37769
29766
3479
26252
11496
17950
40931
21707
41592
23229
22168
41645
48374
13477
24474
9827
3552
19277
25409
20982
1368
5197
10953
35943
25473
22921
45015
27122
39359
12588
19793
46061
27429
39301
24569
33571
47044
14280
10452
6547
31060
5605
9156
30334
17590
17296
88
22811
15948
26692
29141
39787
30964
42029
26670
5635
47305
37740
22262
2131
40319
651
12475
21112
37440
48049
34927
24086
45025
43151
28626
22706
34203
690
47415
16263
26812
9317
45539
33860
28288
38177
1580
30822
34845
19784
25360
22380
31267
49627
34979
12734
38056
28383
10260
2070
16093
47736
34112
28316
46329
35365
14454
13753
48750
16453
26302
14691
22977
10644
22254
48421
37172
29089
29991
16907
7415
39332
22343
47228
32899
38878
7323
25755
14041
4255
12752
25800
48987
46379
14374
31670
7919
41471
40208
48606
33216
40609
21163
5763
38825
32553
3836
30029
22072
21347
17704
29914
13824
34601
46527
39872
16891
19743
41360
25909
25799
34634
45363
2508
22855
40792
6165
46036
12575
17288
8924
34339
23799
1203
43888
23652
26665
45530
48525
14199
23061
18390
16571
19666
38227
604
25975
45500
40828
20183
28454
33899
4293
15340
23342
14956
49804
8322
4630
20056
46850
36056
30881
555
10226
1406
1199
13024
22615
30297
34120
13567
31036
48589
42099
18432
1684
36286
48386
34785
14948
4708
44028
28412
40821
18883
29544
4362
17469
23707
16981
9947
37632
2597
38287
4141
48425
13359
12187
11667
4307
38783
33004
24995
21369
11594
48140
25794
37516
30644
30157
569
43563
14630
15291
12350
36860
43019
30685
38263
45447
18017
16092
22586
2947
41778
45190
29696
11996
46321
44212
807
25432
12690
35118
30496
42415
8990
2088
1453
9691
27363
16911
25353
9610
24315
9973
13556
1250
49718
47102
11900
22389
12142
17310
2591
26697
25533
38902
17137
940
44459
23405
46609
20297
11222
22892
42855
48636
5905
42547
19715
22302
47952
3876
9089
21311
39556
16646
36083
30912
2263
16654
8135
3896
13308
15334
7863
19639
12909
17886
43905
41660
2927
15186
45660
33089
20726
44839
34798
11102
38328
26661
10187
7074
28930
16331
5757
36126
1261
7714
41267
41918
39834
10346
31353
38800
49432
48162
14595
34103
29548
48445
16407
11493
17116
9859
9731
30289
13027
37310
20447
49684
46604
46130
1605
22119
11919
46344
39318
10917
8893
1600
26290
9325
48588
26866
9915
46095
9873
22067
3397
1914
18318
49469
3030
37447
3693
47862
23472
19516
32164
11484
23336
41745
29136
43375
19672
47962
40092
33199
47869
33267
11154
46462
33552
45138
36461
26244
7423
383
24150
14063
14612
31825
32189
36192
32891
14499
16211
40618
15587
27283
26706
11540
12426
6141
2054
37587
44729
7963
49027
544
46925
17015
45290
19098
10691
7688
39816
1755
21357
39058
5861
35748
45614
30847
16630
19896
30939
46208
44849
13794
38581
19935
5059
36984
665
33022
20335
22845
25142
45176
20829
12672
14355
5154
34587
25215
49764
1378
44272
35314
49672
16652
8929
21971
32150
40055
31977
34126
39589
43249
14636
31901
30
47967
300
38260
48500
30405
10552
46054
12795
24381
13413
10227
49105
35050
19144
5133
24358
46654
30433
15820
21294
44959
21455
46551
15734
35210
3716
48248
45630
44736
1051
741
14480
9201
47038
24775
49091
47916
48813
11227
34920
14988
13020
21338
30221
42632
47381
24637
26330
9666
32007
33989
14925
4529
23257
17484
32665
21505
29225
11935
47105
40888
49515
27783
27188
25372
12604
2098
39918
4866
12648
5906
28262
1578
28123
43855
19287
17510
6590
17867
6951
38194
21123
8008
26824
22096
40377
44153
38814
6364
22872
24996
36648
5741
36015
49608
42405
36827
26743
16669
14797
17141
45113
42070
28722
31008
30035
12833
39168
17565
8814
623
21126
31392
38342
8585
6163
35551
7561
45930
15256
19643
3634
5062
36109
33501
19582
26214
154
12747
3311
12253
47201
2983
46275
35785
27799
24961
35841
12246
35407
31251
29510
45070
4446
35296
11476
21902
23457
37394
23181
36397
9712
39532
47800
15298
41849
29705
38120
15780
18292
40463
22788
9307
21600
11601
41165
24956
2623
44935
22057
15696
23897
33947
30971
10302
18326
2709
1175
27562
27080
6272
31131
48698
9593
37227
22979
8781
42955
30104
20610
22546
32192
39560
15673
10330
31144
19251
5411
27258
10504
9837
30331
11482
23656
18847
12220
34922
5558
25866
41150
28721
39130
43806
43985
23034
6869
40774
1672
15497
48951
36771
34793
1673
15033
21709
21494
30691
805
16818
20415
5747
47835
15599
23331
31546
2246
12943
23830
6502
8373
47336
47388
27939
39875
34897
20885
49557
25474
20835
37889
48637
48586
44956
5846
45851
47392
14215
30690
19435
7431
18702
15159
2400
10559
17250
1514
5067
23828
44290
1377
17577
24681
30292
21208
1092
11622
1538
41371
22199
4641
32359
22700
41597
26643
24310
30588
44385
47606
35396
49070
46899
21283
41972
5587
9233
48246
1494
38213
27829
21852
25612
49126
46392
15762
47733
26444
5721
8189
8700
18222
28308
18365
35680
5548
16203
30655
19053
37902
34247
23087
26806
48795
29207
7223
2344
46439
24462
22927
48638
44862
349
14873
12512
34578
10335
38366
5271
28492
2789
33423
18799
2555
38673
45676
27063
35165
17067
27559
16374
15289
40010
37658
1161
9163
19671
44043
38635
32589
19834
33389
43872
489
36403
3332
851
24673
31296
45669
44017
34650
47457
54
18840
34909
1247
6717
26823
36067
41548
1948
35134
20714
48251
29458
40778
18141
43534
3275
10542
4827
4456
45946
26913
1036
23540
25527
46918
22668
49411
37267
2945
33791
49554
32684
1251
19995
16695
20965
9588
22239
40020
32864
34635
7151
21059
45762
17887
19591
6252
3703
10064
28948
9387
9792
16140
750
10085
23597
10820
18112
47860
47330
41304
17271
34146
29560
39042
11467
14219
22189
20870
6147
30918
42784
16446
19525
8142
20598
18759
6976
49339
19838
49094
3921
37273
4970
12694
39303
42265
36666
22902
30190
13847
25907
4030
45878
6654
2528
29563
28840
26177
46548
38639
3097
31513
26
30828
42034
49719
5660
11590
41417
31129
15764
7354
30144
34981
36356
42209
46219
17644
12197
3986
45056
12514
48309
14158
31834
47379
42735
10762
39371
13120
30616
41826
48649
32079
30198
17163
13281
26830
32157
13224
47459
38567
41926
33335
32496
38075
49527
44074
24914
12563
22705
15360
37527
3339
26856
38
23452
23008
9899
43495
30735
3251
45875
12037
30760
44086
29679
5780
42037
34702
23066
276
19465
33436
40832
40431
47037
15005
5787
39299
13912
14409
26074
19714
37146
34598
37014
32567
3458
13093
47265
33754
28893
36048
49073
44654
29775
31366
25164
9700
36979
4032
2292
46169
22537
43093
37557
42126
19912
46811
26896
2878
20269
33342
42021
18901
44292
6049
33030
28480
39232
11347
21701
1654
48344
27820
18908
33152
11038
22226
34699
8277
7772
3543
11581
15095
37442
11130
16730
22388
323
25608
18951
35878
17120
47602
28167
44003
27634
37050
1299
25380
10602
13315
8078
36175
13442
34982
33425
31424
31873
15974
34743
31096
23523
16491
21601
7727
8389
20522
42156
20948
13573
46921
8332
23158
24506
39687
23912
46094
48136
32145
20556
46301
9709
21507
7657
44235
8109
43362
35887
5420
45590
7655
30895
38250
48330
25118
22258
5865
31054
36901
25680
45488
31807
20347
34863
2957
26012
47021
38525
46879
35335
47673
15154
18606
19664
27976
18469
37451
47453
34842
17290
48578
15465
44047
45671
26932
44180
24049
31730
25493
704
31167
19314
27354
27381
46760
6837
45433
49494
10480
45269
5506
26116
29186
20744
13659
12117
27391
18502
41774
8194
18726
31197
30036
36201
20511
28371
1955
43966
11379
12049
28670
29251
49930
11980
18429
46887
25132
46617
12495
14257
39431
49646
15011
11029
4016
22715
15833
11355
33671
3611
39276
37540
13780
49001
45522
385
23691
22252
42310
9641
19945
7712
26326
11588
20192
5985
4289
10432
9463
38138
31121
36925
43106
33772
7491
15629
20003
10955
3541
9662
15714
10222
12691
9583
36511
21215
41757
38409
3213
3246
38295
45927
25489
47427
18890
13555
37002
39226
29902
37876
36078
11766
45263
45736
29986
42650
45797
1968
17054
25005
14648
14385
42232
44100
16367
49451
34388
23420
17914
32237
33266
23164
44620
25928
20338
6438
13502
14221
1518
10086
10500
8625
170
7071
21225
25059
46385
17763
40433
27041
12181
7164
23783
25410
6530
37949
32571
15817
7082
19295
32786
28922
24468
28406
36562
16691
40675
43695
4968
25882
15559
30231
24149
37069
41532
33432
335
763
4612
29662
22048
43256
8533
22150
36894
20700
42174
35994
17104
13765
13161
21587
35952
29725
39020
45412
126
20373
22667
49931
13087
12746
33783
47507
29740
11724
49921
49959
7625
38591
46015
7079
10584
1165
1317
20339
1332
48392
14040
9590
22163
7783
26075
36924
39958
37867
38055
36311
23240
19883
12827
86
44554
3991
20232
11632
27060
43081
22653
1127
48133
31723
756
3589
44583
6734
7979
15081
7219
4127
46836
35978
6814
8004
5597
2278
24860
30074
38393
29159
30185
7205
39215
16256
46557
3369
6932
25594
14690
34009
34111
23169
21995
21629
40389
38218
39697
38066
16799
3446
33036
47505
31766
48485
2843
32461
15884
18919
33380
48142
19833
11035
41273
4217
25027
48101
36381
12678
26328
43637
43712
26965
46600
43554
34632
49894
19449
42041
1965
29833
8392
12914
10825
568
33356
32479
26348
20667
14402
2116
38420
35431
21817
43207
19400
15908
7340
1022
42272
8439
48023
32752
29241
38072
16859
46060
36229
24947
49291
789
45955
19473
17417
27236
3874
9402
40524
6457
14495
45374
1992
6627
29322
28286
34098
19200
44050
18398
4159
11136
40523
31150
34590
31044
7692
12089
39274
18291
37618
9987
27042
32390
45706
4753
44797
41598
39032
42401
9342
38922
579
48622
29828
25628
27677
45638
37098
49356
11041
8842
3094
34176
20234
19380
46256
34243
28055
4520
30676
48537
2698
26399
14136
35998
13375
13983
7693
35093
34740
10156
20501
20889
15332
29967
22909
16072
9906
14263
32234
35602
26104
41296
32513
22607
18298
21642
23300
40817
34858
27905
6482
43919
5130
49611
47965
37055
7556
39644
3242
38964
27066
38454
16871
43587
45167
6924
3317
10188
39946
11358
6106
27800
6903
48157
1323
43186
10672
17754
5645
28855
11738
30973
41954
9026
25673
2811
25090
21299
42371
11915
46247
22616
41242
46759
11182
16769
40294
24962
1596
30987
10479
14858
39155
39815
7378
28147
16253
46152
23410
8240
47031
5715
32423
4233
10610
40739
30560
18738
25540
44475
4819
38050
35633
4101
48863
16297
2045
49000
40265
24189
49024
23863
23955
13609
13049
24647
48922
2804
23439
16978
44731
43361
33021
33115
30000
31232
21109
42590
26513
32288
36303
45838
47527
14919
39505
44652
12384
42470
14061
9680
2503
25735
15173
24877
27835
22390
31679
6038
43025
46331
40328
36618
22051
13820
4400
9757
4303
16161
44880
9989
48721
35260
13475
2836
34420
2362
39928
16476
4089
23899
14317
26374
41109
16898
43508
17833
15685
691
42815
465
22285
37425
19725
19786
49597
26686
38162
37151
36137
23409
2150
43856
28718
23755
20412
25571
4865
14065
23836
31782
9794
7009
49135
30044
1531
27642
39285
2345
45535
22513
36808
15656
22628
12005
41704
13207
45294
26628
42285
865
18314
35399
9412
39932
36037
38183
21790
8873
1940
36773
48753
46484
46685
34983
26352
6061
2289
32000
7829
18130
11306
2515
42817
35301
15143
25237
6458
38245
36551
29908
35038
14357
8813
48195
31831
29192
39660
36389
22368
1768
42582
22227
16559
30846
6556
43300
30682
8359
22432
48297
39203
49429
10044
9154
49386
29691
17622
5328
34425
36187
35579
27569
48037
4312
10076
46734
15619
9134
20688
3831
13062
4347
47824
44769
42208
5524
32322
9037
6688
12432
19106
20241
9659
20087
3617
36987
6578
20465
19910
6752
44846
412
31572
3887
35056
38487
880
39227
699
33250
4576
16848
28242
29448
21737
33847
40193
27504
19986
43621
35714
27410
15158
5058
25621
32699
45366
28172
230
4667
36791
16054
3842
35933
13856
11871
46387
41836
28666
48703
48256
31157
1466
5819
32760
37709
45593
4592
2722
20294
28302
27757
45208
49602
14110
28069
35054
40268
44365
2930
14954
9318
26631
10312
35839
20402
15305
27903
35121
47346
21656
48318
680
38332
13652
28851
26855
18970
44667
22944
30389
26672
35618
21427
22275
12505
6723
35299
18216
11830
17916
6250
15057
37649
34475
7395
64
1411
8744
15221
47749
31638
24164
26239
24207
17147
753
1196
25670
9696
30622
44597
3377
16379
30183
31264
12640
29953
8582
29852
37958
34919
21436
9761
9674
13225
36917
28114
20472
33345
15627
8199
33072
38038
27233
1098
1938
24162
32348
46019
4398
13200
31631
36628
19588
35674
18753
29839
29669
29262
40172
23782
14464
44584
4399
12347
17298
11764
44646
13524
7743
25832
4277
26083
44638
22268
29086
14080
14413
2502
35962
18912
47501
17150
36084
47032
1682
14678
42061
25830
42885
4345
9059
16116
3074
45844
16655
42028
30189
37131
31205
33421
8805
30001
36835
48626
46444
19948
3649
8085
9208
14731
13290
26766
45312
9939
10996
15895
49088
20881
22484
21857
20875
24605
24205
14734
22066
44819
20007
38474
234
15965
40334
10555
32492
23499
41429
20148
19533
9574
24845
46312
10703
42585
22588
36970
48935
28987
20156
17518
30565
18043
24567
34675
35944
1702
19308
20582
21144
26213
44372
21033
1302
49049
30113
6158
40808
41179
8107
35284
31082
9927
16076
15789
16
46949
3521
30883
18236
9840
30943
5180
39084
45836
12201
46183
13660
41117
45435
65
48183
40469
21888
17581
1645
29834
39355
39835
20330
12987
38370
21522
45361
46227
35581
39511
5692
28944
46476
45186
6067
7038
19506
32966
21619
32757
33595
31221
49701
31852
27990
11671
47435
14483
31212
10046
11892
48646
35804
18392
15093
40180
37775
14339
5384
46133
11613
10014
40378
30954
45110
29309
16295
28979
11232
17815
13048
44715
30469
35536
17358
16577
31832
18609
33194
18914
12359
2903
38476
48300
30950
12317
18477
15363
47875
30248
20042
5072
41113
48536
29600
46526
25491
5101
19552
40072
12083
14881
1285
37044
5263
15816
3822
19705
22746
5081
14334
31652
36051
23816
12891
34397
11305
26125
47942
45177
33251
35111
30698
46317
21087
4733
17002
24844
13447
46189
49613
4960
18665
37588
8129
30006
15971
43745
32170
27519
409
49710
19842
11889
36603
17304
25694
30411
13414
48877
43707
34572
8133
24112
30751
22942
8909
26057
29360
15101
2588
45657
20794
9791
8077
24229
19305
10321
34107
40187
29068
37941
1825
35323
6601
20923
25863
42908
34473
49753
25483
13505
32361
49074
26788
6330
1192
1845
49563
10873
17524
46236
19753
40930
13401
33904
32116
21811
43955
41754
26603
22721
17980
27779
30452
25191
43974
46072
28678
19579
10647
21145
6286
28508
13453
6131
15860
37679
28432
26910
16454
4073
22826
8494
46198
1371
31293
31261
18543
40244
16626
29338
24292
26857
33745
35703
1801
21328
42095
42171
18946
13529
33542
32721
2367
6088
34060
171
41687
48371
3979
45912
16511
32673
33150
11088
46104
8
37457
9614
47744
27294
45529
28843
5040
17821
30758
28564
1340
31960
26076
43690
48651
9679
24254
10273
28744
5926
41784
20490
10673
43595
2765
47694
2577
3936
44898
1952
43411
44979
43117
12283
44224
15470
49853
46108
30488
40246
26740
23636
25600
10964
48171
22014
30026
16181
6787
23464
28415
5100
1489
37432
17733
33155
36028
33647
5194
42974
46356
21636
22145
19659
35212
5838
30965
25707
10548
28468
5841
43277
37417
23983
16821
26648
11696
37300
3425
38019
26160
3301
49876
26887
5029
17129
7021
25629
34571
2287
16484
27581
19261
7452
24688
5743
30674
2019
10811
43068
13877
17187
12275
36734
40085
23136
44480
25351
27530
44414
20190
40183
23073
7518
10874
23514
1470
30058
4380
2267
15662
26449
44750
24378
12638
21148
7994
46621
45431
45397
36472
27776
15718
28839
40654
28892
17497
31445
16277
41318
44401
21332
32683
3658
12016
42387
22675
35189
39881
24466
29396
27366
30103
23987
6202
16877
39656
29826
49696
11323
10425
16766
17038
15400
9853
10614
11390
41056
20798
30513
33958
34394
30205
17360
47945
14991
8265
18313
6735
37613
45528
41257
20945
13078
41286
829
44687
15224
8477
33565
28502
17793
30250
30614
2394
24179
44183
34318
45343
22591
29394
42390
12966
16428
26166
10490
18525
46855
17183
48181
28271
16309
13446
3013
48193
28733
7296
37670
3722
22625
28325
8105
40166
13511
38395
46829
42651
18570
40486
42600
700
7690
23576
17405
20742
41406
45879
33605
11329
18348
4352
34779
5623
16841
31015
6023
44145
45936
23934
43167
30249
4806
35344
16530
14082
44539
26804
14505
6548
47274
34200
30326
15518
39094
28738
20264
10717
3385
24731
42437
39218
8861
19507
36400
16235
39608
774
29652
36928
9741
40303
45982
22034
28107
32693
21482
36251
49204
36007
49246
23766
1935
26440
7626
5095
1305
13177
11966
47786
15223
19061
6701
11010
19368
35408
11816
7045
27602
14230
23991
31115
32400
27467
21050
48614
6334
38952
9199
39178
14778
28257
32329
45327
375
31460
7947
35466
22935
46131
32672
694
38330
35948
12865
14227
38094
33943
16304
31724
47048
268
43618
27740
47920
13784
39852
27977
966
31871
41256
47026
26079
13240
13987
37053
26801
37016
2701
18719
3562
6985
37063
32697
20430
12655
12935
18008
43798
39531
37852
20111
22928
17379
19595
27846
31809
40919
39267
24930
1504
9561
32926
13394
36724
42260
22002
24327
38333
35770
10417
45717
8672
48788
14288
28151
4180
1397
14275
8161
11408
19891
40539
33799
21305
5313
41988
34148
21093
49002
26542
17801
19110
33343
21497
32336
49731
33886
25330
25423
35412
40325
16843
10466
48870
31040
27512
23306
9160
15408
39693
23708
41794
28092
6568
9497
1800
9431
7749
37056
10709
14569
27804
9061
12032
29847
30110
3901
9746
30831
48119
1786
48971
30617
24485
1545
27953
2814
3738
3202
41908
9060
19692
42363
28488
9068
13620
39164
32198
32102
15344
30530
20382
14203
26359
6172
49884
20328
32162
17069
26695
4266
43881
48244
33451
31016
29697
26156
42223
3004
6685
3085
16414
14176
663
16948
42747
17211
27513
31003
29858
10947
47372
44878
9576
13386
43826
43178
32139
25947
14089
3819
23000
20592
74
16535
10144
33896
46689
37923
47882
11096
13587
30091
2735
33346
34414
41020
43580
33187
39131
18803
17190
38329
43033
11132
22319
10441
8645
957
28619
44328
21854
10411
44093
22221
22642
6235
29278
26719
26321
22658
10351
22485
1443
46217
48965
18581
4627
41584
19621
7710
43172
7481
18091
44619
2550
14876
27914
15378
33174
47331
42466
36704
36580
33923
36783
17699
32481
23314
16824
839
37825
12870
46762
9188
13245
597
34859
36798
43383
36178
43060
5933
35385
22229
14266
41562
29578
9690
10623
42701
21380
31751
23446
42158
25248
26849
21603
28640
22765
1564
23503
13242
13954
36445
41798
8727
13140
47364
44665
46062
14424
36549
27057
43734
10224
31078
19512
36769
17413
48456
29116
47458
3313
40714
30328
38382
34997
28864
15074
20729
44285
17988
25839
4907
40861
41427
46368
35004
4838
49846
6832
29841
13785
30005
8896
29639
30541
17414
13105
33158
40590
15031
4081
32422
49385
29247
9577
31287
34695
15349
23362
8248
29042
19167
10526
26129
30049
14968
43453
12240
46709
23215
17177
12344
22768
37802
26829
13526
47532
6606
43205
10406
5237
3481
13193
43675
45874
5637
19695
12259
17525
39214
43385
49920
39074
6931
25046
8206
17325
40567
22257
2846
34232
19940
19485
49539
40354
47177
32658
44904
28890
9113
28970
38522
11797
39114
15266
49215
29377
38615
19845
28883
16500
7200
42283
14860
37983
42411
20793
31492
28471
1809
26482
44639
40535
25737
37482
37375
25364
45881
4732
11970
11808
34489
47383
11880
30473
22917
25004
19318
30139
10374
12769
37173
37745
3170
49081
33718
15694
21807
42975
47024
19633
11550
12674
35969
35767
1918
891
24198
3144
6617
27181
45589
40232
22740
22463
12091
8059
31559
9942
49567
4537
23854
8127
29130
29489
19885
31132
47000
5910
627
48896
44161
31893
16913
29791
36712
38229
42505
12566
24723
5920
8298
38054
5935
23235
31986
8303
2782
13819
8902
48853
31982
39548
2923
22031
20705
30578
45468
3472
18905
2841
14272
32745
14500
47339
17249
2234
18448
16504
16781
20296
40103
37153
34275
29589
18158
42069
31694
24840
46599
19925
47449
22491
12031
45308
45390
33828
5153
4691
27040
19432
20396
19041
4644
4087
17999
37128
6326
33349
16933
34892
2624
22666
16558
30360
26711
29538
21139
47406
1496
40788
28000
48567
43056
24576
33777
48550
3368
43324
41591
29517
45525
33029
42599
18330
15594
29340
38524
27952
28101
33416
29677
31032
43935
43655
34128
33823
39210
44792
2294
38144
29025
4591
35717
43767
32236
34451
33548
28618
13580
49210
29395
23527
643
273
29671
3605
46753
46903
14210
40720
27033
28526
47236
48326
26102
48982
4620
26678
22647
887
1727
15792
20754
19254
35864
18902
1034
34460
7185
24716
31403
49260
41053
27162
15798
45957
7035
23542
11742
9725
8327
14310
35051
37123
6181
18479
19685
3848
26609
334
16817
7155
33944
39120
41152
47765
34851
5280
2760
19039
22336
7454
45532
41008
4886
32443
7369
43303
21426
10155
38358
14825
18170
16131
22714
33642
22999
43890
10323
37115
34895
19222
19955
23255
30632
42129
35975
16762
49688
43240
43467
566
13880
42882
47488
24815
3956
13825
40460
35963
1209
24979
19898
36342
26241
35647
27608
4548
26641
6699
7498
44631
18580
43292
38198
44828
37657
42527
13023
22353
22913
45997
34040
33895
31368
7917
20990
9050
6950
36016
34978
19065
19288
6520
41444
32841
30229
3433
15479
3885
38845
25843
37999
20100
32655
32798
40321
27529
29551
28223
28088
20822
14528
5968
25267
31976
9347
21343
26666
1370
36336
37030
34645
33909
38901
31046
8711
26700
48666
7272
45265
11216
16462
20976
37377
46733
4063
7799
34991
8214
20109
26841
25208
23326
1894
1879
15089
24331
2069
41247
1796
49072
45579
11177
26617
3724
2757
4526
13190
31272
34443
39674
25369
30867
30015
41042
1469
21889
18652
4177
7658
38207
48688
34043
36763
15030
40705
42644
21277
6433
31649
21617
11739
40880
45212
30585
39195
29721
6428
45336
47097
7503
28039
39599
38543
29782
17890
19322
14029
12849
22592
457
12519
4201
6105
31408
20619
3677
4279
41747
11162
10641
36897
30094
15828
29048
32416
48420
47455
16258
5928
41995
49165
4043
12237
23049
27738
39243
45071
4420
26454
30838
25402
18859
27604
7555
28061
46220
45214
13412
28449
14764
41484
41038
6531
43968
23145
34600
43447
7578
7427
46646
30937
13669
44262
29139
16012
13504
8516
23973
35254
43714
24662
14894
22887
37672
47223
27224
41625
12294
47159
40191
45755
15246
24339
45506
22782
4861
4131
14365
9523
13319
26838
9747
43928
16371
42867
28473
3276
36042
5707
28747
21247
3992
24648
8557
38299
28060
1687
35190
44104
13490
33578
21536
35351
7173
31598
36530
26480
43410
9615
30244
45146
12386
31632
12441
14078
36425
48679
13605
36317
17276
41051
2573
29430
23374
44507
30601
45942
45369
38111
44067
16830
18121
24588
24806
14946
46190
10962
45566
5393
46218
16662
7551
19856
13501
22982
30641
49467
22195
10317
1169
15933
1396
32430
40758
28980
12920
11825
44830
28243
6830
49979
46320
2075
37076
13875
2787
4450
24044
40368
4025
27924
10941
16034
27369
36627
34076
11472
47626
11918
29771
4682
26403
48832
24467
2693
42563
43667
33394
49040
33659
45701
10534
20544
799
13022
3183
14926
30025
3382
31496
14912
45403
4912
36796
47787
30938
19779
26646
41762
3953
23961
27025
9580
20617
40386
29533
35175
41385
26016
37292
3574
22869
31739
11508
30343
29074
30486
6059
42456
40596
73
876
42790
11893
36370
808
13444
22078
42420
13863
22818
43830
35150
4386
38306
3809
40435
41827
4015
33601
9933
49311
21780
38968
18145
43174
40992
13317
26782
23208
31959
22555
41238
31969
9627
2135
29586
43546
37033
29266
20487
2951
14187
36583
39452
41237
21121
24108
12578
10081
4282
45053
34094
18590
2422
21007
41991
784
3427
9985
26846
12403
48992
1533
2883
21058
15328
23095
19739
18764
40851
17050
23601
8992
48975
46769
26357
18338
49439
17554
42374
9361
7269
5584
39631
37317
1056
10739
34292
26786
3496
5077
3014
38062
29923
15569
26478
33214
46288
6557
42429
48617
7890
5330
11898
23883
26112
6639
44469
28186
26858
48097
43275
29547
28841
27150
49806
7845
37503
42066
45156
15592
11708
47968
26907
11481
49426
33135
33626
2365
25783
20717
41180
25494
2799
43613
20417
25297
45161
47584
3544
9513
43015
17917
2320
37045
30369
11351
12923
17533
7141
12493
36658
11013
42677
46040
8349
8862
20632
18258
28711
13575
10390
14198
34750
8267
10697
24266
9047
38396
28313
46535
46632
22423
7740
24058
6771
27755
5217
47422
28265
12272
31361
40287
31476
35276
22601
21176
27141
46200
41994
46674
25134
30347
7460
7579
1109
20980
12211
1028
8523
49268
3409
5433
9867
17975
5149
11125
8641
2704
15512
664
16747
26264
25602
22413
14046
33304
22802
39978
12788
32824
32871
24621
30600
33608
45801
12064
23270
9749
20605
16009
15788
21954
17517
20561
7025
6778
4631
4687
26495
8827
3810
49712
32503
41643
19677
31771
47356
12487
44771
28694
42089
8296
16082
40240
33480
19505
12579
8891
5494
30944
47327
25403
26953
13516
14555
12772
14867
44790
4291
8308
25445
38908
34701
49523
28688
7668
32069
39610
43699
10117
18031
33409
38796
12850
47658
28574
4374
6247
21174
5574
36076
23183
38851
36467
38682
1033
7553
20193
34649
34719
38941
10239
33677
2873
16885
49639
20408
16118
15265
24075
47341
42944
10186
14961
42883
12474
44423
41674
26897
26741
37762
49678
2319
18700
2803
10471
38641
10108
38650
45133
19211
24064
14584
30907
41073
33747
19816
37869
42665
49926
5733
34410
13463
13089
7854
14048
44951
379
43902
2829
43191
6337
37156
31508
24479
14962
30757
29108
2486
45076
49169
30820
20233
8035
29164
18214
8810
26837
7279
49489
31142
4003
26637
6100
46974
40199
17029
41461
33551
24814
46463
47850
8984
9014
46958
603
13981
23455
173
30714
27279
21640
426
20266
19796
17758
8052
1718
18733
14467
12732
27857
18649
34815
36380
46819
41025
911
3788
39022
19698
13577
18321
31576
36896
34045
3608
21905
12864
17903
8144
47819
14151
13955
29695
41182
43478
48062
17852
21659
37974
14737
48948
38397
23356
9681
48996
25301
23974
40641
9261
43142
47947
4790
12434
25425
22682
42862
1385
2656
24172
9087
21179
18827
49244
1335
23256
48520
37176
433
3091
35233
41100
25547
43918
49046
3068
36751
20137
25812
10159
3664
36731
34172
36659
46723
39013
31827
26029
16162
18059
48410
6551
38025
4916
5424
33849
23660
14330
46164
45933
46483
42335
13944
19840
13554
34511
41250
33893
46919
13415
21367
41449
7245
28973
13309
23035
36233
47647
22865
47818
9524
48744
17065
16005
47592
28195
10296
20300
42428
42568
44245
25016
39945
33737
29857
16451
41270
36338
26148
39616
26309
45760
44896
37686
27000
24821
35993
45181
2639
35731
30391
25714
14557
6576
49904
12595
13629
47400
24767
8719
48403
32629
49144
25206
2940
47521
44817
5114
14660
48737
48661
35649
40606
15669
3265
33938
27947
36026
4008
47020
3743
5368
47479
23858
9517
41121
46720
38246
10115
35939
34280
18430
32606
37651
15070
23758
41731
270
27769
8678
39684
205
23163
15250
42237
46223
5833
30200
2584
44473
24429
16046
4436
15748
44361
35529
36222
38486
16546
49596
2201
42102
46008
36568
39524
49416
40634
43952
2416
22055
2560
46768
29055
10721
35566
2920
39812
23112
3880
35366
18850
47249
25985
4243
39632
19276
3725
16727
7362
29794
48275
6854
28459
31466
27765
42093
27329
22637
42213
25092
23765
4871
26914
30426
9196
6090
25999
27676
7416
8895
39798
1882
775
36982
9925
2721
16425
14181
42160
32087
31568
26997
10095
18984
30059
15534
48476
8928
31875
1610
14640
38662
15085
18458
46056
49928
5053
9988
40967
49470
27402
17375
17534
38007
27468
494
34253
41320
25392
32809
14405
2777
36605
42447
49993
23176
8391
7967
32065
42613
19243
4228
48211
5024
22766
46116
24824
11423
14245
15593
29862
26285
3456
8972
35052
34088
39820
24699
34055
41021
16312
41149
48441
38676
33939
43046
42057
43737
32019
14727
18539
12469
14536
10328
38601
17659
39461
7364
48068
42929
7383
46544
25212
14710
27566
6221
44450
151
19872
7893
39109
36151
34415
28516
34799
2582
11097
7429
18677
11521
16663
41039
37345
44714
4390
9343
22773
10575
18192
41072
29175
13128
29302
45949
21962
43891
1163
3691
28310
33282
26490
44602
41045
34351
7225
49914
32151
7971
48699
40272
11198
39050
5947
38441
16915
24736
29408
28956
46255
34087
9232
11049
48365
19956
24052
4200
39049
41629
35333
37118
10999
34105
17537
29579
27312
11395
945
22094
19159
23340
11850
43391
34943
27741
31699
20749
44515
29745
21400
38512
4647
40545
32487
46843
35123
20332
38875
48035
45310
16549
5452
22800
9477
42799
44443
4412
1903
11788
36386
21837
38134
28465
7687
45377
44677
29406
21520
8014
4854
22914
33890
10632
14509
47088
12840
3192
42155
34515
6028
24726
43512
20760
26799
26836
2654
20530
49955
34082
31236
13143
1243
35263
25576
39478
49041
4818
33505
15809
58
17492
20776
30491
45723
10126
44798
27860
9033
37155
19157
15441
34343
33870
8351
32064
29167
17844
47438
7983
46299
49481
34315
33268
47549
12264
3285
19162
17156
4421
37753
4528
48388
1550
15028
6175
28462
5703
7677
14276
11649
22896
14972
29633
1981
45032
25449
41314
11749
14619
25858
28311
30218
4071
25490
49673
25671
14376
47689
22024
32068
30679
247
3894
30779
7632
46391
12529
44971
46174
15950
22129
23981
26068
17985
23728
16556
37556
39432
20901
31919
41858
40404
28544
26760
18208
15492
30056
6788
684
28036
13800
37872
38064
38793
35622
27827
25641
34363
27627
49808
34685
29861
19976
3770
28024
30528
31660
4355
37430
33863
14359
39819
20397
44101
3637
39662
47799
30424
13067
17952
18522
24293
519
8466
43276
5791
41415
19122
33698
7285
9326
8276
6918
1624
29188
25728
44629
20444
29163
39685
39458
29259
27866
1573
36125
7618
3220
4334
48031
39438
39107
12326
18360
32828
37285
8690
37529
661
15485
32651
23774
7012
13282
42586
41368
46861
24498
27612
37637
44449
4638
8518
24689
773
44447
25906
30140
35163
46305
4468
5236
45172
712
46852
2833
37617
6971
24608
36347
39010
41848
21263
17736
4737
36462
12698
46250
44556
585
18249
44772
3415
39783
45610
42953
39149
27463
11326
21285
47878
49453
18607
38501
9983
7897
11718
41637
4264
45586
23111
30057
14878
13846
31456
42688
28928
2600
22956
3227
48336
44206
5601
14673
7645
27523
16399
33744
40781
32509
23852
46775
30619
41990
41743
41206
16402
23673
44608
10638
36934
34807
17143
10799
34211
37524
2454
13520
2731
2516
40942
26040
17113
13156
31145
5427
21761
29712
34104
7422
42639
136
32495
10693
39906
42659
1242
40452
18266
10218
41665
48194
34847
45031
11021
33045
15915
22552
29802
28442
48861
28175
25885
4226
7813
14621
22985
20570
38416
6013
10886
32949
33302
29993
46338
22754
33153
33431
18064
32204
12024
15281
21470
28547
21101
18698
28903
37805
28577
49779
9023
21435
18194
1585
13036
16675
47866
38712
42065
37591
28612
30731
19763
34537
21527
13545
2914
40462
162
36449
27307
19270
23128
28743
42122
2169
47582
28113
40504
5869
16684
46801
8013
27424
33728
20453
20217
23237
29808
4665
14769
13081
8766
14392
13201
35528
43752
43996
46541
31172
32624
48928
36162
38720
41571
38895
21054
46438
10477
18675
47662
21555
2048
19720
6711
22521
23957
43349
18696
48913
35552
14248
32863
35182
45666
49239
42348
9862
49018
4713
15319
41611
20381
35382
18876
33085
27220
41850
30692
5392
49368
45019
31081
35387
413
45675
48888
33184
10876
44851
32304
5298
39802
43678
24068
22011
43468
22923
43754
572
28106
48247
41489
22520
8551
45157
35707
14372
41746
10934
12532
8160
33383
3469
33691
44110
29127
30730
28034
39537
7375
37
38556
27888
32816
12915
14548
14244
47
31013
48219
27302
14915
43676
7735
30444
31100
36980
25749
49512
34964
19764
32954
24593
39390
6889
11669
16823
39780
6248
5764
17331
32115
39093
30525
4564
39347
1171
18415
42848
12507
16847
18053
21062
16712
45650
40775
39031
13828
8753
42765
38883
31662
24783
5540
5158
43545
45705
31270
15078
36265
7499
8798
22792
5321
47437
49792
27998
39964
15766
19751
34614
18920
26772
12440
28794
23593
5342
44171
15563
18667
15715
13802
19690
3031
44345
10225
34390
41389
34183
41133
38035
22444
14650
27315
6074
34075
30450
7921
24246
41334
16389
2302
19389
23124
1016
26864
11846
8807
7447
14191
26626
4763
9178
19570
36534
3483
30561
39850
38981
5162
45514
24093
24917
18668
32033
7083
32427
37783
22540
14777
43397
44019
11431
42418
12052
47484
32147
44803
6426
37772
46151
39009
49984
12621
42994
46343
39502
27322
28636
32956
36413
40086
37474
22466
443
27516
10062
21771
1897
45417
40867
22069
49520
14306
22693
1026
23275
47568
21209
19275
30797
2981
4082
40528
31529
19647
29041
15397
37163
33103
5454
45057
23308
26228
49831
27007
14349
40194
18851
44570
4531
36388
45040
24476
40251
34952
34831
18695
28007
15937
35316
18199
12306
42756
41185
37251
20349
29305
38993
23998
28064
12079
48545
15348
23655
38089
29426
42695
15249
18119
3232
30462
44071
21549
16073
33981
11541
36922
42110
48390
1349
16700
38744
19969
47012
25224
42436
20733
25085
19494
41394
19445
10216
31857
11248
30149
13492
35598
24880
46099
37839
32264
34395
27098
4014
27178
4999
11026
42638
17775
32410
1631
21865
47754
26312
15903
13945
22419
36031
38037
16673
25325
12490
22998
32080
13746
27241
46416
24857
22605
28074
39574
42951
13170
27674
7586
7821
32563
27875
1139
8970
31352
32937
19145
13716
15998
8068
43659
12594
46619
10307
44411
30771
898
9281
24878
35371
28963
45842
49423
30711
38017
3933
1276
18766
45870
8527
3546
44045
45044
2479
28043
26351
46871
37304
8486
35041
43840
38906
25199
33668
18225
9441
17529
35705
47464
20655
6673
18080
33809
6186
39003
17178
25567
454
43223
31956
35030
22277
5706
1566
5318
21068
1149
42901
35691
8786
48713
2299
7834
28713
29939
3928
22660
15048
24010
7458
18540
25648
47487
22764
16628
1498
32951
33955
45975
16786
11417
4590
4664
29558
16526
40699
36918
11477
40995
13814
9158
36427
4472
15167
2066
10710
32756
34566
23346
15386
21376
12182
16716
36836
28965
12589
28799
5097
21720
35209
48549
24544
30897
33241
20118
4067
7056
33500
46155
28927
34641
36063
7861
8294
41410
49243
8888
44135
39486
33721
6534
20107
14197
40084
21960
16099
38589
40164
36340
2553
49155
19221
23263
14729
26031
42413
3330
18215
18463
46084
31427
39330
6648
20344
44821
29698
18195
30613
19587
6062
5092
22116
38500
39630
24908
374
34429
24879
5680
30298
21086
2457
29973
27111
44944
3375
3345
46359
28647
274
32248
34235
33829
22710
16636
20090
36735
41196
15710
36040
4124
25007
2605
37412
43998
28436
8560
34049
1620
824
31434
10971
21027
9040
31401
40852
39069
10565
48439
39236
39949
15410
33301
29514
8622
19072
33066
19467
20398
28234
5117
12447
4972
44831
20050
44184
37666
7183
5283
36143
39892
38575
29475
43049
32711
22781
8208
12504
42593
26448
26039
13925
14091
9447
35823
23179
9707
35641
5291
14559
1291
26245
7190
45074
14541
10579
35380
5205
40353
16605
19293
14149
33201
42032
39907
26553
7653
27851
26811
42104
24018
25979
20839
286
26611
27492
37971
47408
37860
34606
25613
47644
6535
25705
44366
47906
43651
14322
42162
12622
31097
47384
11769
49067
29750
25157
36257
14051
34316
41473
3882
42140
19196
9900
14055
44048
11676
34713
27974
39890
16024
49223
885
36132
39485
14165
17898
36683
43507
31926
24225
12478
42243
41231
30663
20160
34294
39902
26944
40284
49516
25987
47877
25523
4989
7381
13030
24392
34124
21616
6981
30903
27204
1756
7073
8542
11908
38331
16699
39676
35452
42166
32383
9277
30118
35585
18997
15466
22973
31944
10829
33455
19781
44064
46550
7339
4410
31729
21333
244
12502
17270
30748
49553
3706
8229
19532
31018
34586
45123
41651
16720
18015
43462
44775
31943
20712
13086
23298
13551
49119
39041
12508
12098
47859
30475
18094
14779
4694
8321
35089
23505
46682
11160
26254
18689
16158
46274
47266
35934
40051
15722
3326
9857
2975
2224
33133
35858
39604
38298
26868
9877
2725
696
45005
27704
8147
22829
44404
3824
16849
37062
28131
18542
14084
41116
17564
38816
21539
21515
37196
25359
9824
49056
36504
42130
4899
1689
30775
44666
46371
13701
33966
21932
11418
35291
5919
22371
36237
45093
35708
11061
34980
5880
42608
35724
27837
4775
5335
41795
11226
21133
48597
34546
36577
18878
38862
31283
36874
47231
16262
23885
33271
17471
1937
8768
30902
23005
44054
48505
43805
35324
34513
3516
8609
11747
44022
15680
29471
19501
29291
34936
33911
19026
4384
35597
21980
31795
29707
15802
24687
45558
20516
3523
7559
2607
38096
39876
23024
17174
9132
3342
37681
43510
14384
35728
1592
16860
1525
13906
20370
26556
36053
46585
39014
31198
20440
1078
959
43365
33588
29611
10236
20211
45641
11543
9644
29427
12185
37787
39594
161
28791
49891
32105
49464
28219
15607
42067
45856
29727
49782
28082
12252
10958
48727
41001
16368
12550
481
19463
19502
29098
1432
21604
22991
49826
34659
22932
39703
6378
18866
39975
20220
25272
25269
35304
31076
15760
14831
23051
13457
5341
12298
33610
12848
10824
2802
8094
9085
35950
26390
27553
44826
37967
16765
20819
48512
7291
11856
19650
15338
32016
34885
22565
17261
13710
11680
18535
11409
30412
46494
40927
18262
2240
28044
25371
42144
45823
41974
21662
37361
46032
2372
9193
26994
41358
14628
28523
31999
26704
22945
20153
28097
33550
49096
19414
34789
37356
37373
41272
21564
21280
45111
37235
40401
8681
32576
29814
5227
30687
35723
1398
29940
4300
38371
30856
49212
1587
4404
8658
41653
12736
17236
23021
42315
9618
39791
27863
2633
22699
10608
1962
19174
17711
33124
32968
43845
19504
39260
19673
43271
44712
24241
8187
49387
38552
20267
35343
13423
4132
1912
35762
7112
9304
47115
27852
20446
24615
3432
33407
26754
49267
43606
26930
11964
38593
18545
11975
19386
14817
48004
32034
17191
41184
8943
13553
46488
2977
7871
24945
34190
15787
49458
14592
13129
42446
23289
43799
5214
45210
26551
26253
22143
40117
23501
33746
43130
40581
29516
5371
44610
38401
35191
42611
23384
8503
23573
6554
41338
13168
15567
40498
43543
37948
43669
2087
1437
24756
42191
22306
30291
36420
42221
41268
23444
33948
20418
242
7093
13527
20359
19034
20664
22624
20167
37168
49039
35337
18276
10865
48909
42173
22224
5258
17778
29825
36873
36334
22857
40669
12391
16798
39043
8350
4536
30318
49881
33134
5701
757
13365
39829
1314
36198
42385
37700
23123
14232
29555
12131
12837
13543
40362
37566
22447
17908
40511
30370
8903
38655
34805
49352
38447
26472
43979
36227
3111
46939
25039
16702
40380
41265
49323
6738
25270
15743
37628
10954
45104
11167
14647
40501
30423
47931
14696
36094
35855
26746
23423
2268
46442
19189
6689
6945
34901
17783
46435
8993
23211
1906
2766
47868
20967
24546
22669
49864
6366
43092
24335
33628
4285
33242
9548
28292
11956
41971
19528
41130
16430
28501
21782
4514
13699
7851
10344
12341
38606
28076
5242
31781
47571
7820
21313
14703
26982
3322
24538
47271
8230
43811
1186
25509
22606
48669
43685
33541
19325
38086
6464
6301
4247
13719
31189
13775
4552
13661
16031
34878
44030
30555
19002
46743
5934
28491
45620
48125
13294
17830
16395
736
49093
19994
7341
5209
36281
27134
18530
40789
31491
26023
20858
6741
31058
370
11405
33544
48964
4407
35580
21589
8177
45659
34403
27902
25243
11976
18837
14642
38860
7358
7660
27813
43943
35028
41033
40091
45226
21607
30582
10708
6997
12416
1326
23733
26180
13876
16642
17090
46042
41493
47050
33827
17481
34244
9599
14516
20011
46967
7385
25173
269
36707
17910
34439
42331
36232
17396
45747
34151
10870
14701
3477
23142
44713
96
7163
13631
49708
15644
44900
14391
42891
7428
771
16117
33625
42354
22686
44486
45354
16851
37046
16356
25150
2452
46608
2252
29961
43523
23094
27017
27668
21744
9249
43865
38495
34434
13271
26573
15623
36645
27970
32652
31052
25452
38187
10730
31502
36883
3070
17883
36527
7365
49172
18403
36941
38760
38516
5074
127
45319
37102
30073
33011
30763
39894
32844
42986
20752
3370
49463
18065
26231
38753
7600
28947
2334
34114
44891
14412
16173
26157
48846
47080
40744
10419
34791
15769
17443
45211
45446
1837
40569
292
12277
23301
10867
9102
18538
24859
20198
4340
40078
923
32780
39967
49303
33386
24338
4998
27635
25740
29020
732
6515
37406
2688
20753
23492
20199
1493
35700
12599
25143
18825
44148
27144
38602
36861
24223
1120
26165
6972
7817
39969
8735
6585
21918
1289
37466
7149
20320
26565
17452
23480
20399
28431
9918
42556
2
42003
32108
17848
20515
15886
20158
28267
12450
34519
3763
2483
18218
13337
46662
10885
11200
35557
38028
48573
34509
19944
40155
1832
23022
40959
42546
2677
19472
49903
27517
31824
44390
40786
33758
34810
39321
39087
44291
45772
16523
32424
36681
40759
44505
20026
38469
43797
37896
36667
3858
1090
32501
27596
8464
6256
14553
32565
31523
11256
30303
7346
8255
1297
25630
25501
46880
34309
147
6288
32485
41216
35359
3790
20052
18889
21217
16224
14821
47904
35117
4676
44962
16831
687
30315
46403
21041
42015
19630
30177
41526
6275
37465
3122
22453
41845
4129
46119
16095
23350
5246
38842
36240
28260
28842
10509
11366
25988
22507
26073
14652
26401
8947
4191
30795
6518
49063
28590
19569
32587
49999
9623
11060
42236
15634
37525
33957
38147
18556
8925
11913
20842
6019
34032
17078
24626
4656
12930
18185
19851
49612
49922
14308
44506
16733
11067
23133
19863
16589
37357
33873
33700
14535
25121
12879
19070
31309
12452
41613
30789
27326
43180
20098
21689
49541
18996
24472
37778
17424
48728
29734
27226
19654
8480
16878
26069
31985
37887
41505
41248
14613
46136
22810
5003
21288
35980
3119
49195
38792
5164
14418
19949
35228
18061
19412
7868
40715
8915
2908
31468
7264
38930
13975
9153
41968
16872
32385
33333
42699
7777
34432
38882
30615
38169
12017
37117
2368
20285
2570
12862
8854
45916
377
21990
43835
16174
33732
28835
25943
39038
5119
32750
19674
49586
21431
23084
48898
47153
43208
35221
35644
396
44464
42884
27721
28472
10448
15156
20163
5333
47112
10287
45741
36825
44931
6939
13032
25094
45549
15434
43328
25310
2819
43083
38123
32681
632
18583
23522
26560
11520
31613
23333
37043
29781
31957
30020
45180
48612
22171
18465
16922
38200
34097
33195
48324
38506
5984
20651
46001
5332
4979
7972
980
7494
47903
2482
32771
25000
14783
34359
43051
7550
47064
37819
49176
22391
2153
12927
31912
18380
15630
8679
9339
46478
34327
18133
3413
24872
22077
8507
567
25984
4419
6570
44297
32129
34704
23421
17520
42295
29812
5815
30054
24141
28895
22300
39944
13145
4453
46745
34021
7915
18731
13672
49636
31426
17490
1113
24030
373
13420
13431
41325
3728
48552
22751
18151
36247
32618
42564
39909
34825
29933
40335
38571
23171
46917
23338
9465
28762
48347
12950
1874
33825
46226
33331
28777
32100
3545
40908
47248
19423
14122
43159
18601
48285
1559
29256
36324
734
18987
32165
47528
30878
46800
20366
42627
15738
44260
18786
12459
1970
49538
13378
24126
9298
19822
41855
13564
24807
31966
37912
7086
35140
49106
28844
7939
6320
19279
38714
16722
33477
8997
41052
909
8647
18279
27497
23274
17384
15447
44369
18037
26108
18334
19235
35207
31971
22943
17947
42147
549
15241
24622
20250
10022
19312
31654
31389
38051
12193
44546
42981
39863
17816
43331
42666
1927
40552
33581
2044
34336
39593
18762
25821
46885
17099
46238
46271
36756
44258
11153
32947
20560
4471
23519
30052
12029
38479
1367
31668
16349
21778
2918
1111
17671
110
12999
4935
46627
40621
35069
48778
10852
12418
24801
42982
31332
37997
11798
21110
45574
2563
2213
40339
18888
47935
41143
29388
4984
30519
33742
15649
37583
44252
23067
5065
25413
46158
3120
43102
22123
7521
5620
36877
10822
36330
28105
43990
26614
15525
9723
15770
45948
19904
45286
5768
31961
30011
2812
24383
9109
11434
12400
16998
34593
19510
14286
11505
12189
17535
48258
37866
29363
3321
11860
31090
23203
34625
41910
26531
33587
25869
31313
17432
30474
39095
2399
41
48865
19998
42298
26464
33654
34061
14265
15745
3459
15768
41345
2845
6216
9262
21500
31400
30833
45036
25610
17277
41246
43701
49221
41828
1577
20044
20896
1503
8440
7455
20072
43733
2042
12786
15200
17027
34070
38189
49365
41919
11940
15539
30309
43079
29353
35274
29972
22734
44456
3499
24062
5021
38155
14314
44837
5974
24057
36782
4621
9237
26412
25872
28386
6740
25558
10285
34081
19817
33448
20905
42509
37604
42903
24016
21750
7916
25534
2471
25816
9248
29493
19284
12120
34660
28301
33672
35432
23107
35814
7723
13406
14854
37287
16537
24900
17234
26962
19996
1237
42356
11211
19861
18690
27736
43647
45407
5922
35655
37444
10427
46114
3359
28593
32354
5581
15080
45382
26441
43354
3366
20001
26096
13645
6812
22015
16827
6820
6961
5599
24236
11827
46239
16708
49077
14012
26807
30031
44939
48170
36556
32092
947
41933
27565
6973
15582
41485
23921
44500
11513
7414
21700
18634
26847
38121
1395
7754
6022
32811
13804
2242
47891
32577
11128
2290
28707
29473
43096
9785
33253
3073
12831
5093
10897
25168
25963
36152
29592
13191
1040
28525
41079
20406
12635
9809
27058
27631
42254
3535
989
41973
18316
25406
27376
43541
8457
48409
24764
49441
3390
44671
45012
29248
10761
12208
9221
35128
29790
14105
22931
23451
43769
43524
15336
36165
7000
25883
164
19699
22452
48265
41101
43115
32808
49737
13535
18118
2976
16944
1295
49137
33109
3910
12822
28015
4868
20653
1497
7752
41393
47324
10763
38451
35854
37605
13057
28898
38281
5495
19897
10217
41007
31728
36844
5416
44317
24119
7881
3526
22401
46295
14504
46214
10387
6020
602
1904
11009
44934
37318
28413
18715
34302
45062
4754
5670
5390
6802
45445
31483
37212
39079
15700
2549
39603
20401
41082
26912
36916
33049
952
1060
10646
34121
20629
7215
48875
19203
39725
17505
9106
10113
46324
34896
5131
23768
41418
19398
1680
25147
2661
39185
30137
20969
42054
16807
44457
31788
39575
13006
29526
44312
18493
20252
16576
28202
28169
28597
33779
34505
23671
19493
27538
28451
8981
34902
29764
10521
42796
32732
18926
26222
22939
11429
7665
30415
47757
25327
39472
21134
25465
18454
46018
17500
41967
33213
8831
4562
34165
24919
27346
26058
12967
7124
8721
31917
36339
30740
40665
34524
12141
21946
13288
14689
27225
25579
17857
15540
4834
42573
12376
29480
39521
42092
7989
47690
35328
37127
40388
5543
27266
25681
14580
36698
20036
17557
45362
41513
39659
14694
44492
18528
13953
27926
34561
22593
30521
40483
2785
20080
37111
42989
40730
4909
4332
28233
13461
4571
36939
36022
17047
47040
19014
22568
25596
27435
2984
24470
43222
8000
49069
11896
40046
40346
6307
30323
570
42186
33722
44785
1836
44082
44034
43722
3616
5473
24059
11679
22449
19379
44586
30333
28913
11849
4236
22409
48234
46170
8117
46010
14106
23890
15219
38494
46702
17615
35269
21690
17496
27812
44037
47976
38780
15083
46897
6187
45148
36691
7024
13066
4842
42220
10665
3567
37026
10974
23778
44536
3380
44700
25111
6655
38390
11652
38735
10712
21310
17606
30840
48462
30659
9222
32739
47329
36831
48408
48486
7720
13878
2130
6322
22434
19038
2710
17954
47670
48892
18998
7476
25562
37807
2017
40261
28806
2495
38084
27598
37181
28884
30502
39092
5219
24881
11179
18093
24584
29936
27228
35910
40674
4271
17223
43533
17412
35966
7585
2627
40004
16668
3365
6372
8489
24077
22964
35759
15765
12438
41408
27212
5570
43719
26335
20730
11403
43321
14031
15759
43983
40436
30587
24809
21378
20295
23624
573
20847
49620
25958
38303
22558
18039
16918
48464
43076
43926
28555
33801
28702
27439
23943
10118
22755
30145
40322
29304
41347
45368
28865
31226
38540
29735
11700
30284
38150
36385
23474
6440
4294
5881
737
38949
44090
31896
2680
30466
2603
11972
22085
48839
38327
22918
12070
24663
45106
47133
26999
28394
49129
35116
26724
24678
31243
39182
13410
35444
38725
11370
15806
39716
49473
39091
17020
30262
10137
26752
27423
31601
35850
24772
41675
45809
7008
38463
10015
4657
6818
35869
41931
42759
49556
24497
8824
46978
10403
14264
18980
19599
28780
44879
49350
49173
16866
46048
6992
48412
45350
722
37281
44704
43058
33892
11475
40864
25550
4892
19112
13836
10152
31317
18697
17117
8257
10612
7866
24081
46292
28854
43857
29126
30807
41912
30693
32649
22655
22575
26085
44954
16989
144
40175
1425
37550
45713
35388
14802
4714
985
25817
41312
17878
47489
37900
8143
42642
38158
7159
31847
9742
7318
47550
49736
18871
17059
7584
17082
9492
41496
48175
15356
34542
20979
40125
36123
42229
9820
46644
14479
13600
17822
37724
39778
1506
20807
41405
35133
3690
12921
39729
31278
20895
24652
25468
4853
8809
47077
45605
30576
4852
34569
22074
32994
20833
22897
26305
10969
7882
20814
39001
34084
20535
17017
21943
12707
32890
47145
10543
12700
23575
23886
24362
18332
28025
14770
37828
5358
49156
24983
13674
28830
9025
6653
19864
491
6143
9979
17222
35109
49343
33013
9057
22232
47726
14627
26162
30337
27723
17066
36581
24469
32356
28433
20154
17465
23317
41599
48709
36823
30212
22167
20400
43238
41026
40138
22414
7131
39110
46199
26934
26325
4518
44976
47940
8224
19258
1667
38940
34132
17632
7958
15756
36458
22724
27809
19993
8695
17450
40186
26419
48799
34210
35473
29390
48676
33617
3695
23760
31929
3248
6229
31700
27692
18511
11821
47569
44087
22560
2850
20799
2681
20117
15551
20017
10951
38805
19626
16284
27019
25436
27551
27412
37861
41940
41689
19104
9984
37927
9028
28489
39477
955
12387
22981
44112
39261
27930
28320
29283
37282
32434
16548
11083
6477
27003
20390
41772
12565
44965
11242
7895
28571
7589
23927
10230
10547
14362
32387
46402
141
10714
24165
45945
38966
7746
24733
30038
8967
2668
46336
19556
26120
8573
5005
41521
32886
34612
9340
39085
22643
17938
1392
35290
45784
49109
27584
25682
41586
33970
12800
23803
15530
18709
22778
24500
47349
32654
20578
42954
8612
34948
30018
29499
47512
27782
15652
8347
15877
46441
36876
24617
15190
11335
20536
18293
36977
47789
22805
17254
4952
20298
31758
1681
5503
35405
19028
5300
26268
26955
39211
40203
25709
30952
3633
6963
13974
25389
22307
2965
34611
15244
16939
49838
35863
21803
8545
10089
35347
16043
35047
41307
2956
23118
30447
15045
27901
29058
875
36167
34274
44444
32376
27350
42216
3402
47291
21348
17694
8734
21120
37541
1160
4196
30967
22338
40222
4425
28763
43279
42853
9724
1262
40112
36772
11412
8204
32979
9991
27756
31861
25590
22476
18072
9173
49022
38389
20082
22406
25775
43388
7390
28001
37236
29078
32643
12241
32801
40458
49603
42112
43882
32825
20572
8075
531
2078
6621
26437
48252
2730
45421
32547
26030
35021
16415
33060
4982
16014
624
21602
30204
28211
14345
11289
42014
30209
25
5632
29235
49871
46708
35635
39383
25071
47494
49839
49946
4146
16311
24258
158
13195
8509
31889
21670
13445
6281
4024
31558
39968
16579
43288
12716
43473
11920
31518
1313
26208
6871
29096
5829
3610
8285
4442
24424
24295
19547
13159
7696
12652
4096
13866
11223
32955
46147
3406
22703
6664
39796
30317
14943
34476
12047
24864
11500
4584
4354
23201
46477
43602
31292
31177
1031
7748
120
5664
19497
43317
21945
21060
30575
19967
22114
27336
16202
35756
46185
11456
29476
48707
26929
46389
27650
40879
40002
42964
22622
40357
15201
18544
18671
12006
8529
39930
37330
38184
30394
28002
31920
22439
12984
11692
743
25940
20356
3204
37108
36272
49528
31580
28021
40969
32619
9174
23999
27499
44383
23082
45790
36474
30773
36541
43585
26251
15205
39436
22159
7421
13623
18184
18531
38892
5327
7412
22549
21116
11095
26582
287
23954
46143
44906
33484
40149
6218
5224
44563
39661
3163
30894
32020
48468
30352
34144
28813
37291
34855
18230
7096
25690
33086
3512
22284
43148
40622
32866
34531
3694
13223
24415
32
24100
8699
13256
30796
19499
11734
12623
37682
24369
33291
4381
3891
40169
16269
2590
22966
8898
28239
11317
10211
7232
34288
7699
17906
34226
27428
7247
10251
25778
6541
29779
31405
27081
9838
37468
39730
37981
367
26796
16782
28156
6453
2047
25052
28968
25454
19757
11713
28542
15723
47583
18483
1019
28089
23678
36360
27452
40952
46872
37141
7694
32795
35827
5870
13270
22922
16997
46459
49399
28607
9438
40509
160
1743
33082
21416
21395
1959
23583
11072
24120
32415
3395
42086
26256
30109
1153
23647
43213
42425
24256
27798
41667
2073
4575
2408
21631
36464
42861
19332
37601
23202
30532
20206
31382
417
40283
7432
9786
25913
30154
22228
36636
4310
39124
39421
6731
16398
10020
19551
43230
4034
11549
29018
4479
20039
44137
16335
49310
38357
13947
3569
45398
18669
35065
3180
47169
37934
2986
25239
35614
20427
41172
21210
15716
37349
11376
10168
11768
23618
11155
15782
18819
41469
2080
47254
41964
24691
5207
39476
29452
39315
25846
19585
32098
12866
27184
22107
26604
35977
34130
5041
7419
14940
14998
49818
35264
29742
3423
45145
3113
37159
49564
41063
15245
42341
7434
9190
36989
15350
40099
35080
7322
32839
15290
36717
4831
45077
22160
10023
2683
31842
10912
22478
2742
32193
12992
46101
7142
39764
19437
22820
10143
33246
37635
32259
47732
35653
27688
24239
14624
6479
16631
4406
831
33856
4158
10371
6357
18129
17364
20826
22641
30535
35110
19439
19458
10101
28591
32686
3993
29607
39866
6636
36693
36589
27198
43593
14937
35455
21471
9766
28486
19680
41050
2595
13902
31387
38548
33972
27912
21233
10813
29469
46513
18841
31000
21182
46965
43578
33418
44504
38627
316
17617
11981
1312
24364
24792
13643
1116
42979
21899
30404
22972
6805
46824
6967
2511
47122
42177
21321
14240
4482
21829
44333
803
4396
27145
3660
4701
37306
19542
11989
17039
8203
9351
11116
36495
30538
15455
37323
40382
30868
11811
33522
30755
19562
6407
3249
33325
12174
35916
43777
10171
34552
12896
34071
24347
44991
27735
41566
34900
41718
4125
37164
15616
39161
922
48266
38815
31163
14077
10700
28757
17125
38400
21605
27183
25230
38444
45367
21189
27299
21627
39044
19447
10241
41378
12309
4302
30188
31817
33657
30310
38168
26130
34249
12239
7684
45645
39035
8056
34676
21138
7426
4028
14370
39325
5043
23536
7590
8729
2919
27689
10840
34908
7564
23735
22720
44279
8800
19780
3116
23074
6522
43567
49208
22464
45915
40163
8885
965
6503
40280
10890
24710
24373
32112
43682
16718
41633
39105
39415
37501
48209
9294
47196
11470
10661
6834
11357
35146
49992
19147
24876
10827
29608
27603
2195
3264
1522
29361
15904
31850
36077
2436
8856
35398
37250
29481
49400
29616
40048
20849
1274
42594
44599
10982
328
22825
6157
48363
40041
4863
45631
46096
30664
12408
22046
48532
20213
5909
31199
14473
32843
40874
29330
48450
18095
16417
34813
41702
13325
18034
38243
38129
14283
32408
43160
6955
13441
15620
34682
14904
28299
20820
2541
45365
32274
24501
14809
4286
4588
37239
29382
9155
3484
45880
25989
16947
6517
22962
25544
1066
38537
32382
8989
33026
29656
21873
43011
35741
44130
5118
7386
7360
2175
23348
2675
18682
31259
44508
18414
41487
41342
5106
4846
43022
2521
19911
14723
29912
595
8615
42153
20736
24851
41479
39510
28342
24403
33664
45095
25287
15871
49164
36586
4189
24110
33404
30634
31810
39843
12067
12673
37988
37806
18742
45225
17977
49593
40049
40492
17376
41214
27120
27752
43987
21377
14003
45695
28725
40076
16209
31805
38122
19500
22313
10378
48685
43537
43746
43393
11758
29359
32216
40540
11641
17847
42402
1024
248
13515
41153
46087
34063
42886
9745
15990
44605
25785
40597
39429
40910
49664
16091
25367
24224
48960
46830
41708
15438
27801
10204
49440
39769
43095
4164
8692
17151
26533
4652
25849
31340
47185
4029
13817
1969
22626
25597
31897
5641
1198
33017
18800
25838
29062
16216
9554
33288
30544
37087
1779
24852
5036
40340
2893
28827
9856
2264
46105
1692
27029
19339
1296
46102
26833
19006
47186
17631
27401
4572
34193
26904
33561
31373
10178
32111
28600
26534
11881
48844
41928
14406
23989
10185
22920
30816
15581
9678
21999
12425
13741
4554
14780
7206
31311
7990
2025
8099
8572
13438
30715
33095
19768
18674
2834
27971
1328
42134
36839
30186
40399
33473
20272
11655
3252
41935
4923
9400
21339
16168
26805
5091
7420
26698
35575
35463
27046
33666
27449
47403
14788
43661
1787
3096
8510
24818
42316
25894
33130
30572
23578
48731
12618
496
4974
34992
11518
14908
49057
15810
38485
6112
43308
21931
3568
31714
7737
28795
14460
37039
18959
20589
19880
18366
16502
6010
24513
21647
869
5146
3230
47638
12861
17232
19236
30003
45757
42663
37270
25128
47215
8174
45761
47923
31230
47187
29962
15236
17961
24789
36661
36673
14877
44162
11466
35097
21024
48446
36118
44607
32862
8933
16086
16114
9148
4582
49840
18388
22010
47491
23441
2174
8395
47534
7788
15429
44004
27609
197
5466
42123
41776
48956
38427
4432
17684
22303
4589
3781
33245
20663
10093
14058
41833
6283
39365
31602
32867
30678
37576
22531
16854
42690
30062
19642
47326
26216
20933
36988
34687
24036
25032
31110
40496
37640
44465
33760
23493
47227
1488
12068
37136
20588
29868
13506
7706
9408
9797
10249
24692
27585
42245
12238
38254
14014
36064
20543
38412
35236
48986
1540
35686
22553
6726
14617
9009
12342
41271
18055
10092
8002
20813
6108
35042
47360
29945
12704
16568
42471
49683
21861
8686
36954
40516
41204
21721
9805
29843
24070
45479
4897
1188
48569
14898
45884
42768
33859
24942
5396
37331
32971
7755
3309
15556
33179
45088
4798
48653
19488
25336
3509
18466
5084
19137
19260
33536
12363
41950
2041
36588
16780
4258
36085
15372
32846
44483
34557
10385
46752
19554
47739
26863
9185
45513
31998
30066
30804
12748
25362
46460
42511
32437
21142
9357
27915
36006
15288
49139
7760
43402
35058
7312
11927
37648
6443
41346
8837
47442
40824
23884
41948
49097
47146
39406
37222
26885
3771
43518
18274
1760
14651
18793
40370
10662
43245
16717
33976
44140
34764
43268
12245
44763
20064
27742
23771
36652
34046
15967
31777
17335
36596
29434
40544
16937
21875
21518
42188
43489
43488
47287
33127
4342
38132
12582
28698
14290
39213
27136
42604
24820
387
16590
19537
13369
45648
17521
6824
30410
21786
35646
35461
1642
31498
49911
49396
45466
36035
28047
15924
31549
41176
47883
38646
6246
1309
23787
16257
20393
29107
48027
12880
23737
49175
2644
36359
31830
24989
44707
42196
8705
7402
19514
3525
28782
37036
37246
28770
4991
21276
13712
19540
21845
40211
47718
1324
30710
49632
30163
17320
14828
36184
46728
33764
4119
2890
4026
31515
29864
29665
25396
16468
47004
46351
32502
17556
19158
22080
2969
15373
36112
31428
27023
24014
20395
1145
22774
24238
47126
32128
24354
43885
6039
13169
30495
26284
25376
8017
37940
27722
45885
32225
3270
2960
3335
41209
43437
22176
3435
19700
28252
46881
13236
33931
33272
6140
20626
26205
36606
47087
21572
40934
23345
33867
8244
37299
6758
3280
33294
24344
21967
34066
12145
31727
5259
459
33661
1039
27044
18288
36147
5759
15867
9417
44675
13708
2562
13299
7575
41730
17425
26905
28378
41027
37840
13911
45482
28992
32103
3626
6134
3310
13976
19009
37565
13969
1789
41435
23903
23197
44711
2581
20279
13930
23413
21314
15919
40182
47190
1691
36291
25703
23752
46582
30512
35295
28389
42459
31162
8635
34027
26541
13621
14163
40576
12798
23093
35104
34772
46222
32542
13198
6498
12398
8482
43971
27887
14150
12322
47027
39717
19847
3237
24352
14924
34486
22717
37147
18431
15446
24811
32085
17084
27053
9390
47184
9312
16540
46630
4783
11767
8600
12889
47398
13044
9167
14883
26078
48229
24487
34549
7954
19384
47416
48261
45692
39184
17871
23269
388
44068
4856
13579
27396
16653
28539
10303
21648
47281
47722
26730
26086
19475
21498
21150
23404
35303
32633
12669
39443
32409
47613
21732
35513
21072
46725
38831
32858
34447
30732
11535
40890
27462
41624
3929
14057
10981
15755
13614
47217
39518
26000
1462
35970
39349
49319
25426
10847
13915
1292
32347
34202
27068
40160
37776
7178
3108
14826
32027
30930
35219
33427
38374
20526
38126
14326
24306
40843
36713
3757
39257
25077
919
10470
40800
13473
9634
44614
15330
15013
8370
45346
1601
39426
3548
225
13569
32759
21893
15342
12534
17573
12335
41043
25916
32631
8064
37298
25966
31879
47776
42474
36820
14381
4785
7907
19022
48919
46364
42957
31412
22187
46112
6199
33985
27660
2402
15807
25433
20679
44249
6408
40320
28336
26089
3641
46253
32978
49120
15096
14635
9314
1483
45251
29897
14687
5292
13559
16442
25516
415
15188
31606
39088
34912
1572
21372
18433
31651
16676
23149
45611
12942
23606
31816
26715
17136
27430
23592
19007
41024
29818
30825
22767
14168
15065
35985
42555
34129
5434
26009
1785
30579
4174
47700
35559
5082
15262
17661
32169
20125
32388
29603
13025
26768
13607
48852
23393
38391
14598
46171
18217
43588
18627
31527
5493
17856
23877
42495
10913
38033
44376
43368
14719
21011
37374
10125
20023
6893
38768
46912
43601
7407
41436
29442
32582
23843
36485
39752
31191
9197
41289
24675
28611
11004
11252
42947
36785
14813
13596
32078
22989
48517
44847
9064
6155
1843
45205
30557
1181
7996
2002
26220
30288
12952
44340
18701
38791
48923
29731
41181
36329
46369
24548
33600
21763
11181
17206
20253
36185
1055
42900
21612
34401
4020
16614
2990
108
35204
37732
46300
30765
13346
35360
14368
20324
21255
33488
11653
22629
30366
16042
30783
26110
40678
5613
8840
26561
15149
9177
27337
41802
76
5821
513
11780
37119
18740
5170
11316
36409
6051
8985
40514
3864
11948
28641
24121
36321
23132
41966
49680
12839
23290
44601
30438
46715
1240
34141
28875
48881
19915
33897
30892
41656
9184
42878
25341
30228
14097
10563
16627
45951
15337
19297
35203
4578
6260
23241
11802
4256
39492
40391
6203
48769
34381
35716
16707
32944
31594
7004
42179
36654
10893
16110
14346
2385
39745
82
44360
34877
8714
30271
11207
5011
13841
4441
16596
23014
8046
47394
20615
38027
42628
17153
37020
14713
20438
1543
14173
42303
35149
26978
6204
39658
35886
48535
27210
38721
33468
4452
3462
14171
25758
7317
15364
26443
20081
5892
33252
11545
37462
12247
25361
4870
20596
45656
17003
9098
46524
33900
9891
36424
20008
13542
32853
34214
48113
10491
33531
40748
8149
1486
42696
7449
47558
40197
10366
2840
37851
1356
48808
8033
19210
31171
30996
12617
5509
29899
1899
10319
16219
16520
11752
34374
24301
12918
18166
46525
8599
16445
45533
19758
21965
29832
35913
22186
25309
7401
44716
6630
13484
7224
4986
13072
10242
8794
49089
12105
9930
48260
14632
33240
6280
47444
8519
44978
15183
23101
13886
37523
40239
47977
31673
29670
15849
1058
4784
1282
21232
23994
11503
31238
45078
18498
9962
22609
49052
33652
15887
22756
40512
24940
8815
7411
3201
34871
42317
30657
40721
32384
6879
19770
16736
24509
5079
39869
32985
27127
8082
14316
9976
21230
47553
48675
11566
194
9461
3012
34101
28976
8576
29405
8785
12718
44097
46678
6511
37405
19858
25427
5038
19074
24281
26871
24375
6700
37712
38163
48907
28250
4110
45360
15458
18781
36972
15712
39287
31519
28150
2598
5035
25137
22957
19409
28008
31358
1102
39750
38740
1797
29264
14646
15468
30421
39162
11372
2102
48772
22620
8432
27834
36753
40038
49272
44005
43511
118
77
7306
12104
19382
18441
36405
49206
37972
35094
4902
34580
29521
35162
14686
834
33300
978
3709
14420
42027
26506
39082
37645
44521
8490
26389
12775
31500
6197
6910
32380
11118
46961
9101
40059
36978
34161
11450
27623
40157
4349
49526
21591
48080
34378
3710
35789
47982
32475
19651
18173
25784
25279
12890
6860
17001
12314
30812
28273
6267
4160
38871
29748
47219
32934
10807
24012
22102
32522
22233
30362
6890
23040
32271
21165
40668
34223
6896
8176
21387
23537
39527
18016
22951
36574
15608
46647
48755
26852
21682
24003
5794
20369
34868
34622
37355
37836
29934
9401
39891
2796
13312
10968
40773
4001
36256
34446
8306
41022
39754
25595
47814
10418
25657
17437
25583
20573
34575
38579
41303
26047
46458
4973
29065
11730
11772
42398
34064
10024
30108
37099
6831
36908
11524
42592
9787
26260
9242
45184
28576
8288
14067
43251
31436
13552
48129
5308
31417
36469
43412
26297
33440
20203
2744
13503
25307
24604
1110
4885
6442
5112
20375
16584
10796
18325
27898
23585
41569
13456
12767
5732
32070
13977
4319
2176
1103
13411
11737
28866
31856
25302
21032
34143
7480
23759
18076
41893
19825
38323
13598
4604
5639
41780
7143
32256
33862
16536
21452
46785
26094
3209
38026
24832
19959
25697
40602
31357
245
44685
30100
45994
15542
10391
30487
657
6710
15377
14038
17227
15443
16245
13634
23689
35137
46778
40814
28304
42881
49113
39781
46849
43852
5353
1460
26184
12815
142
9356
28439
27422
30876
44632
36128
49714
33969
41472
1722
41630
11955
19201
31599
3537
21118
48944
11775
5355
45687
19239
15957
37407
1268
38724
4444
34444
38934
35063
9833
7992
593
8732
879
12463
37182
12991
29877
33663
30852
11288
4618
22210
48235
13117
25532
48009
38116
46039
46049
3451
28582
47272
12094
13363
40626
16680
3998
32181
44881
5486
44117
20492
24715
25400
38737
46848
3536
31932
23056
37699
40053
4105
2526
38110
14835
43296
22021
20503
48572
19181
8598
16278
49951
43392
24836
1122
8407
27436
29983
19960
46457
37548
16953
22880
47762
34914
1640
47308
45300
15665
32638
4478
39244
43698
24916
39205
5295
44561
49430
16995
14095
30823
9582
31190
23497
1717
21876
11681
15292
40188
48242
9008
23615
24259
27395
24911
23956
20938
15499
4718
40513
30819
38459
45817
21329
15365
35330
37607
1159
30768
10184
49234
697
11787
25982
14364
2104
23571
20043
14474
24343
4106
10980
34933
17546
46511
5988
4368
764
15910
31828
43325
39387
29502
20448
32179
17701
32980
47618
27137
2236
43145
12427
33449
2738
22603
41292
5979
30889
8088
36153
17328
29345
25770
16601
34934
29054
44748
43071
30257
2306
34605
34331
28876
1278
13106
41462
37726
7090
12857
24490
42968
30217
462
44207
46555
2241
4771
15453
16724
12445
11638
32636
36719
5212
3421
31345
28275
14440
41183
9503
44780
46051
26261
49437
12119
11691
44955
31949
31173
31308
20261
35441
14147
9613
38346
28604
21318
30946
8587
46999
20019
39106
19857
1634
168
40365
9522
27404
32845
33125
2477
16499
14953
32465
11777
1176
25001
48700
20735
9442
23042
48481
26152
7648
24008
5492
2061
361
38338
45980
23560
16633
18567
14174
10755
47705
17324
34324
41017
43347
6160
38763
37006
29134
32009
48664
16458
11728
25777
25031
42996
47113
5472
42738
46860
15636
31983
19298
5238
28624
41466
33164
6265
26576
34792
49752
39664
31154
40119
44952
4574
26225
26394
27243
8755
16867
5243
20304
13119
26413
21364
3234
28644
46926
21171
31161
21373
4746
30851
49923
34688
12719
48317
8412
9466
39746
6558
14466
9545
48240
7572
34057
39939
19020
308
49378
33511
37823
6352
20687
5777
31277
30511
31318
7952
32532
29294
38962
18012
45499
37614
39940
13321
22264
39679
45523
8964
8114
24385
15688
38706
33061
18202
23482
814
28255
15476
8310
20275
19917
12807
6538
29803
17526
29838
39917
25661
44777
7062
41261
25569
11587
30829
4738
11838
31359
7594
46754
9045
8882
1555
7070
40371
48126
32316
38777
1638
23867
2879
46561
26879
5996
37687
47269
18565
27763
43568
35964
1339
23060
20971
12170
10671
23848
40111
36968
37514
46328
30573
18777
16550
28027
45685
36557
7277
3437
26181
37586
49686
9972
17476
39216
43502
23265
48487
13358
13760
37257
47139
512
31112
44352
36479
32528
42090
483
15803
37500
42858
36346
9957
21191
43931
48360
2922
23029
6970
21008
49321
39504
46244
33726
34911
9502
11999
49667
44768
33076
8749
6936
12832
8275
8802
19535
20928
34406
17409
22529
48148
42514
10687
16734
28616
13860
3017
31951
3924
25813
38258
1226
34241
30357
841
34721
46100
40735
870
29889
39691
30485
15601
44479
1757
5
9702
24968
36081
36188
13340
29323
15141
32419
15741
13380
44741
27673
28935
47723
41823
6822
45745
43294
6575
21271
45153
40195
23633
17224
23517
25088
7951
25811
9932
5942
33680
8534
9364
44288
48635
20291
38947
13934
4353
38339
45275
26727
42781
45653
13961
10598
46804
14903
41582
1716
13436
14711
49330
38976
8016
26916
49681
9975
48591
3039
32060
233
22324
5882
882
34391
47297
6810
3018
1272
49132
36996
36776
43414
44528
17643
3152
15918
36803
41546
19589
34110
3597
44192
25910
4060
37238
30968
33490
5612
30220
16183
39896
17382
25554
22808
13393
43206
28291
9105
11194
1511
41813
16901
49462
38301
45595
22758
3125
44621
12961
27845
20292
17371
33475
23352
26983
17475
12168
16186
11516
24488
38223
30712
45320
22889
2284
28455
42911
6841
30708
41811
44674
44412
39237
3336
4658
41340
37276
17421
40412
21501
14487
41327
7826
1030
29046
37157
11249
14807
11058
20809
46735
25904
16166
18257
39122
408
48187
28054
32090
6725
17824
34796
6476
45058
17838
46014
10278
260
15382
1844
25618
21777
24017
32727
36904
19966
16401
44695
36630
13697
49899
43136
6113
12118
1876
34364
12155
6324
24865
45978
39078
12137
37520
18284
30995
48396
6251
47557
20704
18953
2008
48144
42616
19387
6376
41221
27904
586
47483
5459
42915
3140
35007
7733
31821
39701
29216
24883
41136
40923
28355
48423
1401
33725
224
18741
30436
18450
47140
45165
10082
47760
48206
39761
26138
14239
39897
4538
49045
32413
30382
44787
35483
27784
14026
16721
2669
12974
3733
9006
2750
21406
39924
31530
17596
3333
46987
23398
38670
48007
39104
49060
35305
28417
636
30640
19906
4751
6604
40219
21264
49555
31414
17291
28460
32660
1083
46235
24366
11109
39016
40633
46500
27088
5037
6382
25264
24002
36838
16696
19282
5004
2049
18577
25188
45764
3865
1849
19583
4329
23017
28204
4064
16945
129
43176
18608
19029
18164
16820
21193
6706
15130
4670
5147
4314
14680
41600
1806
33765
3530
49700
25499
8852
47870
4474
7260
33987
24973
12048
34171
26182
37664
46423
22350
7524
49659
40106
38597
13226
9328
41932
21475
25155
41086
47816
29342
10948
17056
11937
43113
867
29313
29630
35953
31888
34145
47514
14517
41105
49983
27615
46966
10653
49150
7757
27483
18856
1032
47707
18132
14325
19918
38709
4712
22688
42400
27108
43346
38437
30815
38383
19491
20955
24368
9264
37665
37575
38741
215
29622
21848
20593
3134
19790
12191
7839
9063
7170
9710
38621
21235
18147
29849
15376
47838
41575
26545
30099
38300
12073
15994
6980
10318
31903
45282
4573
24991
33123
31648
34254
34334
10164
28739
31615
38264
11415
4000
39591
2067
48717
18041
11267
44957
38688
18562
41431
46787
34431
19186
37293
45297
13279
28225
48763
22246
19541
8356
49314
39036
25917
35959
40373
48102
17145
22364
1808
27843
31055
10392
30503
25223
5677
49025
30792
33097
20068
12597
16497
12758
9021
16618
27050
15815
35549
38509
40233
12318
22266
30330
46547
23792
36260
14162
20060
3715
30893
35169
20280
10333
25370
5668
36371
1741
32580
3782
31622
5428
46137
2740
5055
32392
3184
25793
49379
37935
10664
3563
35106
31520
6888
24360
3191
6724
10808
5476
17064
10347
32840
33091
16013
49357
31279
816
25487
30263
17456
21292
39620
360
2346
49912
18190
29432
32285
47049
43072
46956
44887
19438
7532
13134
9765
19623
5681
19640
26247
33040
30848
11928
6790
41426
35801
40133
43749
39488
33358
7222
13868
10334
41507
48787
37354
6139
4022
20918
1507
16348
40494
18251
37132
24526
44922
8602
49347
12951
10032
13530
44125
48499
8922
33032
24564
927
21309
31683
49472
40236
22362
45849
6374
46581
3475
16795
28071
33044
3466
24574
42124
48524
8754
10410
15546
31535
33613
32950
13813
6350
37813
36997
23506
31367
3103
42408
3893
26915
25744
6641
38746
11895
17799
16982
19407
19164
26487
20170
38074
26961
48828
11469
5789
42361
48466
21254
2317
1537
5323
13203
35737
26018
832
31702
17712
39605
10828
23002
48342
20015
11270
38608
31843
36399
23375
33378
21712
35845
35661
43013
4242
35349
32047
5042
16047
5488
14964
19716
21044
10309
31397
7560
3376
44197
46075
36414
10396
25851
35005
6512
32281
42233
48313
22173
17341
6460
16622
40276
11973
36510
28522
13992
25439
9563
8024
6549
1391
6901
35370
394
32931
48781
29956
35997
40200
917
11515
31214
41834
5591
44958
32893
11899
2866
44455
46615
45640
30737
9836
31376
27864
32213
637
24540
31669
23888
9247
42843
3020
34344
28787
9528
35521
11929
16148
6680
37068
35530
18713
41725
28562
17013
2255
40636
6389
43532
17865
10120
24757
37459
14455
421
5825
2401
31388
13861
38468
43868
18779
41619
12462
5421
15475
19264
32207
20352
34670
44634
35495
7345
11650
2461
10098
35155
14361
14075
41463
4830
2971
11293
730
7742
2444
2954
44930
19899
12109
35636
3648
2962
1987
37243
30734
30243
21018
8409
2446
27176
43963
26071
39263
24570
41163
35917
40994
17458
39499
1088
36157
38197
6429
3244
26797
17106
36454
34174
23700
11511
32882
21354
40307
30114
6390
43155
20047
28693
39668
38049
26552
16056
31327
32138
45079
11759
31869
34169
26636
41650
10169
43744
41717
48970
35565
18128
35086
29778
20200
25447
2888
9612
48810
28971
38195
12706
20493
43895
27700
30235
958
43757
27202
36133
18205
2552
31749
42479
12641
13610
18520
15791
37178
16965
27839
49859
33385
7168
16281
12308
48643
46993
11400
21838
39356
21381
31946
45002
28067
23053
23488
19257
46341
6070
11411
40690
20656
12336
2111
37914
7036
37799
26867
40217
32827
42782
1637
11867
12149
43165
10863
18336
39048
27149
8086
9668
29003
9760
18400
38661
49848
15210
34338
33960
3167
6698
20374
4097
47538
9373
49510
45283
1864
4085
598
36434
34442
48398
4206
13578
10620
25539
28458
4850
47312
8302
47791
30911
17016
14605
31450
19658
10719
26274
3529
7042
15098
32909
35318
8795
1584
10131
21129
35666
11368
5366
2128
14109
8487
47237
40034
5441
27138
17486
22590
18660
4006
35315
47731
43542
36177
10819
44525
22986
34568
9458
37010
42108
3228
29030
47135
7177
47857
46296
8496
42574
12683
46090
40442
48008
38879
32803
14668
42382
34358
7898
17530
41723
6853
7806
36786
49595
49729
42551
39976
29011
43045
47675
36670
17552
11873
1308
343
7084
31481
48621
9878
4466
8030
1463
4270
8830
1560
48977
37696
36241
2982
34894
43484
48974
40838
12300
3651
28993
7631
40845
40338
42168
33612
39460
47688
38582
46415
3257
41783
42767
16279
8012
29287
40736
8485
20840
19311
2905
45576
15591
44509
23632
11389
48159
14864
36640
14068
27012
28518
16360
46537
41666
1839
5810
43310
14131
42120
9594
29106
49822
44625
36327
45311
15638
10533
18139
18928
4357
47668
24101
31158
10461
23155
38648
43404
5567
47019
37460
8405
33538
43487
16077
719
47414
21421
24646
49888
7396
37573
37592
34196
439
31356
25220
24941
41563
35663
22874
16543
19245
8031
27190
33306
1125
11185
26505
19285
44989
18283
5778
40270
15304
5774
37040
8491
9546
13009
4209
31655
3828
49727
4273
8083
15114
1748
28182
31084
1502
37150
37538
29076
29128
10784
4320
39230
23253
33180
25565
17181
6564
48473
2651
16282
25461
14868
2480
3067
25480
6513
29980
38956
43626
12356
23260
23587
43520
28400
4747
2524
43170
9267
7671
9738
26975
44710
5923
20962
16763
43604
32498
14927
24793
16291
1023
46983
48064
21748
190
13010
41504
49506
46234
36679
28116
47407
49679
47333
29403
15027
26432
26391
30549
46221
39295
23007
25390
42909
35377
5440
38448
27643
39623
10021
5116
19013
30384
8295
35725
9115
13951
28398
17935
6747
34522
21458
40479
32614
25315
16538
8426
11732
21234
11196
8554
39647
39430
1863
19615
25695
34538
23526
1683
41751
25434
40897
5647
7708
27016
43951
34506
8908
18206
27333
36034
3420
46673
40904
34131
12590
33920
102
15841
28861
31968
29104
36899
25743
46549
7196
5023
5345
34962
48984
31071
48250
20212
29088
30595
21863
673
28699
18175
30726
6843
318
30314
22308
23487
12695
20911
38068
33761
34523
28227
47332
31181
22326
22372
8626
27831
41924
34186
9439
2752
27442
2569
37735
21885
11174
15763
22212
11931
538
49650
685
13324
1038
22504
32017
22437
22882
17555
15830
27767
27139
39535
2191
22041
47148
37642
18426
8393
8136
13882
36889
22301
12709
49961
19923
8886
48598
33553
21917
20599
26020
48815
29588
48904
3580
19608
49621
18816
8274
29486
11462
29770
8281
38671
2216
35851
43598
4940
47456
31116
36789
25460
24828
16741
17897
10701
21781
801
49962
25536
40938
35514
28546
16424
43381
2013
23928
10510
3593
46862
44816
19136
21480
16587
42461
35925
5218
27458
31808
39732
49443
13839
26680
47357
13754
23254
32989
12717
22711
44987
49967
35675
28515
32556
32923
13151
12705
31877
29072
48132
47278
27405
29684
34487
10959
3869
16440
38545
47008
49495
42676
15517
8561
44940
49346
28925
22561
46279
21772
4269
45
1791
1172
46722
31056
37633
38265
22854
39054
9476
32593
47566
27076
4723
16560
49354
18977
15653
24168
47067
9414
40277
42490
5070
7816
33517
17372
17909
16436
28269
32431
49661
47051
2038
10134
47909
6210
39326
40998
5314
14688
33486
3972
24060
7216
20475
42533
5226
21525
47013
13210
21950
28872
31204
25169
23637
27238
25638
49361
29853
49796
37125
45556
7220
11139
40102
16667
29573
7538
44590
41096
31065
21883
36841
35604
21957
21423
11488
36406
46118
26509
41302
26977
4308
24750
29008
49631
18446
5403
23277
12888
12878
31310
19365
30999
49289
32924
7922
20187
4116
34300
12113
20226
42634
27680
29713
43922
6836
17144
765
41861
45889
22644
1582
39970
15353
5303
40657
6586
4019
7698
47001
40578
15571
11843
22429
30592
46012
36662
42572
21496
44487
23282
20500
43043
36500
47737
45448
28845
40980
42680
7786
42672
18732
36871
15010
22539
39937
44856
42569
46284
13809
26170
44543
8293
45402
928
35256
13776
19198
12431
45734
32133
8264
11868
28450
40767
43319
48825
37975
46751
25748
15535
30635
7654
18765
47046
35670
21711
2232
1128
1731
6399
2527
31767
46360
14805
33730
6340
34322
32293
2823
17665
836
9869
3127
29199
20254
25617
2415
35472
44499
20673
27916
8693
13283
25953
8812
16233
24445
9920
32855
24561
8945
12256
1652
44223
47226
38596
18863
35434
11435
9811
2027
21851
27951
22905
40579
6550
34814
28706
8273
49924
1866
39473
21361
42873
47224
10926
44451
16612
45805
45710
2221
21128
29172
25029
1656
2650
16397
9111
4335
49207
44353
10031
12147
25624
2182
13965
36216
7998
15553
705
903
34089
43877
31595
24240
18892
14790
6523
10911
33299
29680
38505
42075
45658
46410
39922
26563
39901
35478
29006
15598
47852
37589
45413
15671
32101
40632
1147
4232
20299
27069
42775
34271
1583
16927
33142
28924
2441
1985
27425
12127
28435
41156
44721
42671
42797
34308
5607
4702
777
3712
14180
33814
15561
6190
13008
5611
49730
37092
17374
19171
20181
11282
3109
24822
21860
48949
42329
41428
31644
36660
41879
26106
20859
42406
29121
37139
40042
29325
21019
26731
13131
32692
24992
42035
8772
7558
22834
27154
49622
28128
20255
6018
40006
9428
10855
3405
5830
24197
8720
1784
9309
4023
12249
20612
15315
22987
23546
36036
27979
10340
13082
12776
24520
45907
26938
28244
40017
33583
5450
41691
31246
9332
15853
27856
2349
25058
24683
37684
35648
5301
5376
23299
40360
14281
14228
11360
5855
43727
38095
29441
45629
17052
31114
15987
29110
27072
3099
40196
42320
9658
43135
35510
35937
10549
2826
42678
39786
19635
34272
11485
8247
38872
44166
5541
44761
46453
36235
34906
37544
30992
155
2229
21441
40520
40476
29886
45812
11124
20671
40372
21849
49809
46135
38664
21057
42959
35002
11474
21290
5714
43496
9945
35395
32516
20116
39888
21801
14340
15704
22524
13096
24298
34147
25689
10511
17813
11463
5478
3825
21370
17942
16768
27168
4414
23435
43450
15385
19644
48325
31981
36357
38215
30335
13731
40027
1614
9121
45677
29203
21459
34170
18126
30295
21815
34608
28681
1446
17267
11555
4586
15544
36740
2504
22064
35888
34221
37549
4109
47461
48089
29935
34599
47884
26265
34213
42164
27995
20065
22355
7292
12972
18569
8291
45347
34607
46454
34604
23550
42749
27142
28205
12154
13994
47347
13742
34389
24188
21487
525
35242
27542
39965
17626
20644
27427
4570
17717
12235
13065
47353
47431
19789
3188
38438
20553
19565
10353
16479
44131
1998
43553
1881
15287
3748
23328
17109
15117
34022
40429
11712
19713
14036
39061
35283
35307
41809
32201
40738
21485
26229
13513
3902
46826
24653
30618
1989
9646
8410
36595
40954
27110
35860
6905
12963
18558
43427
998
31138
43519
28102
12219
14793
14432
11743
22695
20389
36748
28057
10405
4711
12863
35467
34616
22342
32851
33800
13690
1821
16096
49459
25935
45941
21906
47220
37288
31
17444
45149
49466
23524
1220
34603
9116
12629
1666
42904
39960
29393
33491
357
24137
2276
10181
43474
38826
20306
2020
3362
16767
18824
38470
18692
22836
8689
35078
44752
46851
14341
44578
45314
10009
19307
1762
46017
30004
41421
10002
33584
25136
29373
20216
14987
37579
49454
13176
28210
16400
11446
46545
24138
34579
32286
13239
5230
24181
38551
4401
41698
24938
33686
45075
49619
48748
28258
28333
46122
13409
41729
34728
26354
28247
47727
47340
28822
2136
12001
26191
25385
28802
3003
4945
17273
18462
12263
36804
29191
23744
39867
37578
15890
45207
45091
31811
19814
15737
45222
13196
25095
1101
27324
32273
2037
35914
26618
41626
4757
47374
23399
3106
2456
28905
14890
18879
32869
8562
33117
42369
21180
31271
29206
46913
24993
20957
477
14305
6596
28514
27432
34407
26453
18664
1045
30567
16038
49812
11320
46902
11327
14774
5555
4700
6365
17957
3917
34365
3491
28056
47895
34497
22912
48367
20020
16305
283
40685
5847
15381
12856
10583
8558
44174
40278
16686
11862
10288
14009
46631
9754
17377
34375
29200
9041
35861
6667
41540
48602
10240
33332
9034
23262
11494
18641
30531
26499
15214
36778
14189
7309
20459
4325
11722
11642
9714
30651
41587
17093
27724
42135
20652
45895
49236
48104
25956
11569
8057
14524
4011
6671
18640
43728
32300
43143
28570
42755
15480
45505
34239
4645
31421
4559
11149
36101
46789
12851
25154
23730
21151
7080
38630
33401
34758
49037
31185
37956
21926
8651
29587
18663
24552
4677
41841
36475
2470
47290
33018
47095
45947
8847
7622
35561
36069
10838
42367
10348
39464
42780
24781
35449
26489
13771
6661
44822
29357
36926
43909
38693
21842
34709
21323
47209
4849
42503
27733
21149
14674
22022
19163
32452
18127
38636
32870
25652
3926
13015
31537
6086
23364
23532
9649
34270
38946
49778
41679
20887
4017
22170
19849
42821
17603
21892
42294
19132
22809
18533
35694
36961
25804
27059
13872
9252
19079
38127
15725
20078
30146
2430
15032
41355
36392
5115
28013
16220
14323
3932
26185
22581
42386
17751
20642
31555
1613
10539
18832
5666
49579
21956
28180
4225
4219
26087
14249
1536
47747
23853
13014
43795
44109
45902
21514
49837
5529
21646
19800
48401
15435
20552
24348
31639
2348
31393
33156
2576
45814
15169
26537
6046
10363
46895
2459
20278
36711
546
42030
42841
40464
44781
49102
18278
46197
42199
32037
411
10040
11283
26143
1670
19479
1253
22733
43927
12412
16838
6697
534
4720
37554
18599
14766
49805
37555
8596
34720
5297
44996
8317
25699
46106
6774
37142
36219
2719
6099
4212
19422
38877
31681
41488
19988
37855
24011
46556
21979
14568
43654
37791
42288
25950
9698
34594
21184
24530
42152
42970
29952
38431
44251
41549
36280
44915
45926
33597
48783
7207
19804
7812
30636
40201
21639
10229
30871
15496
7382
2911
14761
14438
17968
12364
5857
33529
282
48859
44648
26316
25790
42175
41023
30975
40445
35824
19801
29459
30161
32696
26452
40703
175
41126
497
26169
37790
8184
47656
18029
40985
18735
17504
18964
22796
37615
3331
4929
8131
5497
4963
46506
25236
37767
8987
41388
33402
25456
47885
27703
36834
32144
47439
13371
6111
41920
16483
46611
25620
29114
46575
22191
14143
41842
40140
39845
2788
12165
42865
13639
46187
4609
20351
33952
33709
43153
13703
23281
42189
49222
20191
19199
32596
12892
27929
17639
36087
29410
20378
751
37846
12053
16201
3527
22038
12675
48952
2194
40787
28534
20094
21442
41140
3495
7187
21563
4595
49508
10995
31399
7107
24493
44429
37880
17197
28664
46508
28673
12278
438
2948
9258
47598
16333
27158
30425
33913
5699
25159
25895
13799
20856
4168
13625
8055
49722
2748
35015
1915
3560
17940
11631
33874
47202
36289
43226
24541
32826
11977
46519
21736
44454
19798
27858
20127
22461
9407
11607
12553
28402
19195
42793
23703
28880
34817
40018
16542
44882
45257
23898
26744
40518
635
43836
13943
6567
25796
11410
19177
47182
44529
5235
43879
28135
37332
10138
35340
39273
2561
30988
33493
29686
3024
20057
43312
31119
5531
47809
4364
10090
19208
35129
39539
15573
33644
40784
9737
36690
21456
46809
18197
34037
13939
6599
39111
23264
34440
43732
32712
36697
8825
34079
3949
12913
1366
42875
24356
43887
19853
46773
3141
37692
6289
3600
24974
32964
9858
9601
36297
24598
38078
10780
2173
10634
27895
30767
27720
37489
820
39912
47640
39569
26909
47846
44027
48492
32370
42864
17162
14917
17700
33285
40465
48931
5959
32875
17669
31284
1658
13884
15985
47121
30274
9844
24566
45416
15257
5457
23341
38206
19446
42860
13045
11992
28361
25148
44250
31002
6171
1842
27619
35743
16833
3542
28773
7389
27480
44428
434
15118
2397
28309
40466
857
22846
30339
45438
21941
33924
16873
49418
26021
18221
41400
2966
30123
14820
48301
3231
28663
17119
5858
15103
19791
11736
28825
33157
14905
6878
42238
11991
7643
5795
33793
23250
38595
24611
8251
7968
38781
35334
9446
31813
27285
8923
32630
23889
32372
27446
10053
31133
46613
15351
48348
21096
14540
25959
46883
5360
40935
18048
32510
48058
30319
46270
3925
30472
44836
40142
38348
27761
1146
23236
6906
7193
29532
6148
48225
2499
46570
6695
3661
16572
19703
41330
11215
10071
18101
41118
13035
4832
674
33964
37752
48752
18114
31120
35740
18442
26203
3132
28701
38549
22130
21937
29640
6501
35601
37408
22427
17748
42045
19278
3045
35059
10841
20645
18952
36684
22542
13815
35074
124
10197
14069
3935
30533
23293
11297
51
42897
48034
45101
48947
12702
25568
39514
6198
31922
2076
22508
24317
17862
17439
18002
22133
34696
20195
15956
22776
1267
16343
7750
938
4044
18261
11447
10677
24563
7944
22881
26536
9886
21634
25745
27614
11422
32339
7616
11086
17345
20145
12722
31710
7186
34362
37845
26349
31153
47948
34281
43218
17111
11235
42352
36842
39600
19629
47475
18460
13060
34630
37883
24658
7231
34671
26667
45612
18411
48706
43813
41173
19850
21316
11219
23271
503
740
30861
33437
26652
6919
42085
27417
27372
33273
1609
9675
35443
10835
38320
43016
17262
24038
11365
2271
49320
21477
42396
36945
558
36553
23495
15396
16383
6110
33433
15555
47081
8904
16283
28998
14830
8501
8352
8949
44314
7974
44645
23581
20113
13398
1410
45719
309
49270
26439
20368
30949
41958
34039
3240
49889
47165
35788
29506
20273
34387
17562
40527
35226
6449
5351
18231
21787
24004
20327
2178
23654
15285
18143
46475
23322
27086
40553
39207
1688
15056
31785
11553
46026
23466
43586
4150
4685
16053
24502
49975
18265
12366
480
40646
46776
39813
21632
39100
42043
9851
36463
28650
39759
35130
34567
34525
11537
3774
8946
14145
3805
14747
13059
20818
6119
6647
39446
15926
1943
3570
2993
39253
6081
15092
31993
23188
4395
5538
9619
8364
45028
5277
33344
20360
14071
31878
15932
43824
20062
16460
13855
34368
1124
23279
8796
36435
17987
24371
10910
30349
4874
48407
37585
9562
34636
24936
16842
30866
2207
20283
18211
47447
3897
31627
40691
13692
30936
10637
3912
41596
29807
46531
10957
322
6029
48782
42212
43605
39841
10210
17544
6921
5014
5571
14258
6068
15320
33234
32321
37630
3826
38761
41372
169
15635
45720
9956
9226
49101
39314
24913
43002
49637
40692
36046
16208
29337
36135
21005
378
2912
11312
3871
32412
33469
22744
29257
8944
10395
33400
2706
13051
49187
25186
25104
35571
29290
7172
38916
33326
36598
19824
12383
2361
25924
46464
34085
45534
25952
13758
44758
19558
8369
11885
8740
43988
21117
38480
49756
27855
15181
27978
49546
34033
21136
35643
3591
30747
22282
18551
42587
24115
31677
48959
11891
26515
31721
42854
19603
18340
3418
22443
49269
12680
6987
581
27991
14206
16193
25492
43561
30470
16755
9350
21443
31592
13834
18281
25626
45054
42448
2652
29958
11763
32004
8362
23574
8543
2564
2860
31566
22217
42889
1734
41203
33857
35776
43842
48111
18684
15863
13922
33518
48670
46857
30281
12608
49276
49434
11050
6452
46265
17393
15146
3640
44810
36637
31762
49312
27330
47241
39362
1138
19799
4143
63
12394
641
39275
15301
15071
31362
26397
23662
40309
34276
44523
38785
28599
24193
49275
7959
35023
43144
6060
41059
49485
7981
42653
8330
42022
41470
38559
14531
35751
33371
36663
7058
48154
11611
28986
13512
8521
44663
38705
16064
17958
37421
15313
34584
33466
6637
14159
22812
46950
21927
19756
39805
46942
28946
42311
45050
35972
19961
35578
28142
41985
66
27699
34230
30034
13766
9147
29672
31148
42801
35772
5737
3696
7923
19975
9830
32468
30150
34479
39809
1675
20924
23097
13941
8975
650
23960
12122
15042
47419
17788
31801
4181
47299
14449
37952
44123
32418
42259
19268
35746
12077
46340
10008
3389
37149
41162
42814
22291
40094
27189
13919
3787
45542
3868
5326
43498
37944
47124
17966
6117
32738
32616
46962
44088
25242
3765
10889
24519
34329
34627
31663
43306
10157
23833
13153
49815
7581
23609
5443
7792
35815
44293
38415
418
21028
24092
3374
32664
33106
314
3795
46930
16336
38013
17922
20892
9256
13547
24026
4823
44604
35796
38840
17735
47323
39788
16955
6014
36832
12977
40253
26406
953
28557
42739
10483
24431
37569
37754
16431
4069
42925
45267
8522
40525
40697
3401
13341
17146
13624
12448
19990
33074
29194
999
46937
1021
49741
14216
2039
20748
37004
13777
17237
13205
1130
5546
25378
12809
19471
24015
14019
42567
15035
30501
35235
3834
18548
7525
14004
13818
30497
27367
24456
43307
7614
28784
12128
40150
46584
45935
27539
39817
29965
7935
34999
24079
19549
49937
32689
10247
4821
8901
34686
35982
41565
48054
33662
23052
4207
23396
31227
17728
6043
132
12665
35243
6660
34916
49224
5756
34246
5000
36560
40840
49772
17248
22205
6813
49116
46770
11220
6217
31104
22305
32990
10048
45163
33751
1910
14869
36341
7443
38802
24558
6294
10361
35825
30374
46816
47708
17706
48694
34361
39643
14707
16629
25589
16517
4555
44427
42557
6500
6421
30945
39736
2096
36473
12739
9832
18381
847
18529
29077
23628
18591
33382
28385
24114
14801
43938
35013
16515
44843
15355
27351
5206
37143
39985
49433
12765
16137
47377
21069
9935
31676
29822
26218
2759
3293
468
23003
36337
39601
24433
358
5760
13585
43067
23414
2355
39319
17091
3353
43986
35341
39862
28178
32253
28190
25757
45409
48966
8654
250
38997
14072
18087
3948
14452
710
32653
26053
19227
5871
37731
27732
37629
45013
12158
23243
37989
5577
1325
18518
9075
20784
44278
8994
10367
23070
44680
17184
22673
36102
9897
44901
42681
33497
3622
21295
1813
44743
4301
8853
49746
17730
16496
19707
36651
26590
31443
4290
14470
29253
6413
33875
5885
15774
28166
16639
23278
21977
26567
11907
17513
21983
7050
35833
5950
916
34870
13360
25023
29577
15879
14744
40080
18384
44568
522
45662
27077
27444
41396
21111
5525
1409
36749
32265
38645
3577
47934
17362
43863
43552
18744
44538
26869
25259
16290
8701
13368
8565
39056
6393
46667
10606
25623
36807
32694
9362
10983
44914
9770
25923
14800
6463
16610
19879
21291
23940
29515
49167
21969
14893
30461
12265
16017
46610
21944
38185
5816
19950
19047
39308
18813
24499
26281
9801
45241
8544
47311
49065
10568
35682
17164
42501
43163
39174
47091
14094
18020
44222
7201
12846
15207
43634
44331
37577
6319
12931
9415
10950
8859
13307
31858
39663
892
46480
34367
2674
23525
10529
47164
46954
10420
37761
32900
45976
43491
30630
13392
24949
42535
46348
34869
35474
40532
11644
24399
5469
27811
37228
29148
14207
315
24819
13039
5338
7715
22806
2646
26168
47076
30656
2118
2082
15307
36155
36579
46414
2160
38905
34801
22341
33227
11273
46952
47548
5468
39316
17756
26345
3494
11760
7210
39222
24927
16690
26764
48038
29328
769
44031
13192
16839
45493
42544
9038
35457
5886
5671
24183
35920
33463
41218
11813
21039
3531
14059
18140
39252
49957
25026
23
14338
18394
10887
10332
46163
34284
13985
46874
35577
23057
47782
34080
26775
25912
9744
47151
36196
6290
33658
26503
18109
42094
17221
26747
14342
32918
38667
17042
27488
6728
19760
28563
45624
13590
38961
43839
2115
10975
9665
5708
32753
44902
17538
27311
22661
5929
43443
13214
45465
3247
24272
34019
22871
35787
11921
46216
27254
22101
79
22223
10636
6867
25190
5515
22735
7497
42264
49628
8011
37498
44332
40107
9259
47994
15526
43179
15132
3443
3156
15875
35053
27079
6620
6129
44169
13541
13558
34741
40519
9079
12576
12614
10250
24759
34532
20034
12439
3835
4594
14907
20650
14929
5565
12360
29977
84
7780
48100
31665
2304
42722
40673
30024
33101
2494
46817
39722
30307
3025
42434
32330
22779
32484
15983
4971
36516
14498
29051
44535
46212
25704
29063
3832
10668
2083
32988
45853
19594
38432
34689
313
35947
34072
22551
7310
29709
48596
23041
43372
16177
14256
44303
29416
40005
14056
10182
5580
15493
35989
18915
45255
23876
860
3606
42762
14842
37200
35832
45259
5257
19253
26526
3686
3426
48806
46283
12078
28138
26061
17986
47130
23426
26227
25268
34496
18638
22795
43379
27661
38235
25303
19338
103
46424
19107
36005
48431
3465
41430
4378
1859
5177
2227
11341
41432
29602
16814
12212
34216
9103
32514
3860
5389
25891
43640
16370
18124
28300
33202
28572
5490
23804
26494
14897
22288
18405
22126
37211
5361
32715
36365
9425
34884
3639
25391
5068
23280
35119
46835
48973
33090
14115
29919
8119
16439
43357
49522
15672
15439
17007
42654
31437
27434
10135
46110
1164
25537
20305
29084
30414
35971
2481
47741
41947
35048
26468
26566
44448
7089
5530
11373
48198
23038
15243
6986
43030
8242
21231
47404
15138
8145
15189
8515
14172
5229
35389
17727
32488
32661
15346
27221
6145
36694
33704
17085
39059
10215
46409
2712
11039
44679
16779
3328
9777
26972
39806
33208
29898
17580
40329
31756
4557
41543
21621
12039
4643
38436
4496
29738
31689
35090
29613
11048
19092
26974
44690
24623
5967
252
31630
40274
3344
40780
16231
38685
20996
6278
30070
42279
21830
38267
15758
27554
44701
29236
7770
14400
38513
4199
18005
15460
20110
8978
17094
38623
46938
31107
38767
44791
3403
48867
36729
28217
22193
16419
45716
5889
2373
7769
15178
5039
1177
5302
37904
372
40290
20205
34545
3524
26024
34804
18988
11637
24853
17243
6828
32230
12677
8637
48375
18473
9682
14128
39071
41262
43293
44200
27318
33120
16105
17378
37448
21822
45988
16562
3060
36259
31941
35695
33649
39208
17545
48438
6798
4632
8927
456
13536
18256
32324
22194
48654
17420
46291
37507
3302
31942
38807
32946
3508
48208
40440
47199
30631
7621
5125
6431
177
14113
49325
29615
39991
18603
4903
48243
24798
38231
21268
4699
27375
6156
19992
5596
6209
46182
41377
34
27273
18447
47440
32231
18494
15679
30162
33188
40911
5736
44116
21678
42529
18900
12453
21037
12537
48161
25498
29454
48203
18319
33231
458
17292
1695
23085
20537
48030
575
49977
47420
1655
42950
15799
21399
15995
20188
39277
40704
38690
27403
42195
44540
493
39614
8845
13769
48351
28390
6375
14939
6300
48231
23104
16761
23416
49925
1485
33883
25724
39825
9404
39367
39096
19694
33229
28218
18179
27250
25459
32857
33845
44495
9210
40123
3441
6327
35542
40299
46456
29446
15986
16800
32813
47863
31539
10924
25067
38136
26159
12556
22597
30887
13724
13653
8685
40670
25420
4561
14832
18499
34404
24173
13107
15472
34346
30584
21543
37504
5127
25194
46788
2360
6960
29915
15271
6484
34926
20097
9130
12419
8375
3966
4918
13910
24571
14804
39279
26060
23675
7753
26634
12830
22340
40717
32490
38541
14575
37729
9499
45191
18853
18797
9383
28339
17392
28136
10735
48690
42278
24414
8505
32960
46740
4192
32929
23844
5050
7775
49615
42187
14751
45038
10991
7926
3169
17983
34205
13278
15683
7144
22657
33181
45179
45987
24595
27179
22884
19530
13706
27193
6642
366
2859
31324
48958
46896
9553
34310
24547
34903
27510
19262
17841
10279
36736
14184
27524
31355
720
8108
1154
666
36780
45231
22283
2815
29530
9335
45501
45643
17319
49021
29997
30344
4508
9269
7167
33197
24612
41792
8983
9
41078
29368
5172
18006
6675
17921
1886
22566
46915
47448
27175
32205
39469
21104
46469
7509
18862
25197
18872
47609
44660
12437
33775
43287
38687
4130
39192
33937
10681
16030
43623
755
8427
38508
42397
36599
24050
21638
17753
49530
7523
14378
19427
40925
25435
11028
19078
14999
23713
4710
36095
16098
12886
45536
38607
37611
3945
47998
3854
17642
20421
1828
14641
47056
37842
9080
15454
47645
4779
22198
40297
6054
27605
6228
23900
39339
9928
29844
2991
17660
8657
20284
18604
478
23209
26036
7239
37490
42761
8205
31894
14096
38113
38837
20480
3584
27465
6811
17840
17060
9181
13823
45537
46671
5316
3959
45858
22091
19730
49071
4709
25030
7287
46847
47712
5223
24460
46528
10639
36107
47173
42579
38572
27187
31571
10389
27672
44820
10277
33094
43289
37882
43662
38435
35484
27052
1539
30869
11094
3312
8217
31480
42207
30777
8531
19241
46510
30733
49641
34091
8897
26338
1014
25184
24243
43925
41058
11371
20720
38361
38472
42304
16320
13586
39770
10054
21867
21284
34383
23835
30919
12731
48402
28062
36868
37404
14497
608
20380
16591
17068
11656
8864
4847
33980
39595
46228
17086
8639
17662
2371
46310
17266
28639
36264
22219
8571
28270
35999
37717
20763
42945
45303
16396
3454
47118
49533
37321
49788
7259
20838
16551
27010
10944
10826
37086
10221
41047
34684
8524
29984
8058
18904
45914
7745
41093
42603
26500
17103
10275
21200
5422
20725
10605
27191
28888
9205
1449
48862
23103
15633
8416
2924
17548
42277
27876
18830
36677
20092
1263
37801
27657
5322
37571
45355
39399
27665
2314
48202
29901
4510
26424
18322
26684
27670
16380
30417
37608
38598
16512
8227
41309
40093
49153
41773
36283
45918
33882
28197
29598
37572
21275
41124
28407
18869
38708
3517
6395
28315
47110
37843
49689
18375
15267
27454
22602
48758
41632
46642
14208
42328
20484
25100
38005
39711
2699
25951
16276
35911
15312
17768
20853
8506
9058
3393
32791
27207
36428
47830
43571
28816
36493
37878
45665
2071
40310
18353
4140
22045
16302
5537
19520
3841
13995
32439
42553
30172
15942
31802
44214
10087
3130
11573
18247
25566
2055
28481
10447
4990
34832
21769
14021
31497
14279
15894
16303
24412
39984
29133
37352
15813
11565
2778
24769
22573
24428
40565
29463
24451
13208
33712
17690
1415
21694
16357
44636
35509
30316
41367
23319
23529
39705
23162
41407
42636
19269
38975
24342
17349
35029
3118
45264
12658
38679
22442
28907
18010
14049
3238
44478
49388
29362
20182
20764
17046
39986
28051
672
30862
4615
2107
13576
44111
40282
49759
13432
13154
36004
13108
16437
34821
49773
45698
43706
30542
8817
28949
35979
8039
19749
17718
201
29103
8871
24585
20176
49261
11231
19042
11458
23980
1381
9024
15719
47063
43080
5254
35983
48480
47053
27105
43521
46543
46440
18289
39747
19509
44422
13167
19044
45007
6840
48291
30484
12086
49990
44059
45845
29974
2001
28823
12261
49355
8060
38971
11646
24318
1751
17651
48095
12151
11819
19374
26409
40227
32754
27511
28631
12939
21476
37542
30385
16229
6121
41127
15121
29535
39675
14035
35826
10413
32993
11965
49166
14047
41197
40271
29118
2794
16525
9398
42877
20277
39156
37366
5260
31656
19736
37193
46931
30921
38797
29732
1954
46534
11954
6263
3906
47659
41254
2476
18196
20166
16019
32554
29891
41726
386
6225
43455
7945
6173
1337
13626
1287
12895
49428
7920
1872
18552
3749
23467
1764
18706
12910
32058
1372
1230
26939
40683
5625
42837
36610
19188
12852
9293
35713
31248
42652
37191
35375
4983
44051
10357
43141
15029
7672
3314
2775
12821
9743
39731
1742
15952
6594
47467
15162
42050
11054
31551
16249
7761
18328
40822
14985
49369
48581
12008
47391
33513
47911
13989
27451
46097
16352
42532
42323
32471
48821
1331
13779
12227
22895
7991
28259
36976
35062
5378
24221
7439
43574
18138
1662
46793
33222
24899
10801
13011
29276
19977
4862
7294
47576
15471
47706
16850
37197
43001
37192
47978
8569
7853
41680
14352
2685
31937
16956
49906
5188
20721
31696
49982
33236
42305
10231
11265
43149
12843
3453
23777
42424
38822
45509
35024
17713
27167
9149
29968
40230
27993
27209
17009
29645
642
21764
4721
47817
24300
13388
9949
46523
30877
24439
49653
46375
41002
22664
45679
28477
27563
42347
12454
26199
8836
21552
27972
36849
23808
49757
9992
15198
42637
3430
25347
39011
9896
29387
19169
855
33685
25911
1136
41451
22008
14732
12255
33450
30053
362
33577
1698
20805
10871
1029
35541
35968
49450
18428
45200
27031
17390
45606
41083
3176
45266
16886
3918
30032
49771
41287
15646
34077
31972
18939
48770
35812
10853
47129
27500
43973
1173
42748
41914
2792
40920
39393
24464
8591
29741
23946
11624
31200
1641
27628
3428
9671
41085
46374
12065
13574
31833
26886
15228
41970
31289
7033
23098
41843
26407
43364
38573
43816
16797
33063
2658
45903
13485
24158
11381
48085
23949
28154
2522
34889
41370
31930
44424
41092
41244
39760
47653
27789
34494
31538
2337
14411
39475
17798
10492
48472
39233
45349
36641
21818
40953
12162
11147
29281
26032
44982
44060
14525
22050
37738
30960
46121
33636
2347
19812
40216
19735
10122
49131
9884
13525
1047
9435
11753
31517
37350
7348
7488
7887
31073
18301
48647
41638
20741
37757
38738
7773
43063
39549
34881
1619
45559
23688
26196
9345
14383
8951
34620
11984
38897
10383
6683
48491
19371
42308
18636
47709
7943
27061
32911
10414
34973
36607
1746
1041
4134
25974
16943
18739
27816
24719
44841
45072
7601
1738
3042
22172
39481
2127
25815
36890
34010
156
39441
2543
5532
20006
10315
4408
44795
14034
299
181
22739
24923
9692
11809
49322
17948
44403
3911
17695
47310
12349
17997
3892
25513
27626
49043
18108
4094
39465
15851
2209
29513
7803
43246
35760
11229
15016
31291
35973
12500
4739
36754
11982
19747
13088
35227
13495
42441
31179
22139
49832
7327
11894
3778
48962
49803
988
34412
48220
49767
31997
11579
49989
49265
25727
70
41616
26579
11460
31798
44699
35761
20852
40521
23357
14243
19873
5523
20941
32398
14566
8297
24963
34769
31736
19259
23427
18749
6801
8326
13491
6094
15203
10728
13466
22569
43785
10978
46115
42967
40753
31507
19411
26283
37295
5939
4824
21827
45021
49783
5745
7768
46714
39046
46058
5997
49435
48389
1185
6705
13262
34644
2645
49713
10656
3564
28188
42165
28033
10904
29344
686
35720
20987
15177
1167
47052
5190
12749
36296
1589
33888
36744
14030
23045
23541
28141
20363
36550
46366
30428
8442
28058
38421
41603
32967
6870
19750
28429
30092
4058
41700
20772
21762
37780
1706
5559
22037
22230
26240
28785
47260
30084
18102
37906
28878
20088
18616
2390
25080
49638
26779
47607
22851
27355
34377
20538
25119
25731
49283
36352
39126
2464
34681
7282
29554
24280
35621
17925
17740
14556
46117
29187
28954
31778
41323
49616
31872
8155
25214
26891
33313
19139
10299
1004
30974
18723
5195
23926
33269
11342
5898
40326
16301
9031
1319
21641
16409
1932
23320
44355
14209
25126
31916
45852
2463
10205
44912
33539
487
14631
44446
43171
29045
23668
46091
24116
12924
35057
20872
25354
46747
35544
10060
24639
4792
46339
33914
25993
23887
9812
31299
21221
15406
18981
28108
39613
45940
5211
19247
47730
41191
5085
2453
32687
5547
46792
12215
8916
20761
24441
682
8421
13162
1000
37691
9171
40611
20136
49185
42116
862
46408
35781
35427
35159
44156
4995
31286
31784
29800
6089
35488
33521
4250
724
15507
47518
10546
43639
6177
17670
6874
9978
42609
22799
7825
13658
6942
39571
49582
43516
15431
25715
47551
32029
42541
35107
726
45404
20443
48479
20590
42980
36552
36761
5536
42965
48333
36144
15357
31034
45954
17912
2544
32974
6114
22255
13216
44518
16057
5809
5578
1725
32405
25166
46067
34731
3148
20984
15426
2786
40899
41961
4860
32640
43459
2847
17096
38853
34736
2593
12313
22110
6135
330
45897
1346
40407
22648
27544
16553
34541
2137
48018
39128
43755
18000
24985
46712
11387
11678
49893
4749
35103
31276
12460
46818
38969
42935
3666
17233
42380
40015
49299
46935
22082
17924
26380
19676
10802
47253
12660
48515
23335
2510
30720
26425
20416
22100
39919
43290
8517
15583
16615
46052
1557
38173
19296
35218
21699
13619
46388
17355
25668
27656
25047
17970
17820
36875
28423
7146
29714
37379
25549
5143
19350
46670
15678
30583
23639
34155
34550
9395
47011
36368
211
41659
15648
7570
2126
3951
42250
45729
11770
33908
14501
16125
33270
9245
41701
28506
23462
39015
24336
15609
37602
3439
16124
15909
32959
5563
193
29456
39629
31635
38178
48434
35095
6041
29776
19555
39977
14462
22646
16745
33620
29806
31548
49600
39119
33821
41742
31550
6846
38677
6785
27140
9505
4741
35234
17705
2707
11084
46625
39694
48188
46783
24103
39018
7885
19058
32146
8619
4318
46688
5208
509
8320
21643
31012
33819
29879
39254
27537
16149
3510
15415
9994
33317
40178
17944
15913
5897
49716
8470
45489
18057
18393
32397
15094
18376
39578
48611
35445
9493
6928
41816
48579
23239
29031
16234
9967
12548
31962
49521
3652
18722
12811
4091
49915
9790
425
26851
40585
24267
41714
22849
4678
12129
20682
6765
811
13616
37669
35127
46268
133
2831
26518
45711
24695
37464
24924
44271
44587
48286
48493
3678
44723
34694
4465
41300
41275
8428
35350
6762
15800
9974
33593
14603
10489
44358
16449
42630
10393
37254
45580
8021
23373
39818
44114
1427
19218
45414
1298
921
4
44942
49367
39405
3449
7673
25469
29378
24489
10154
20627
19156
15116
47710
25273
39066
7399
21819
8998
21269
1925
41106
41696
7791
41515
17633
31419
9114
5373
48310
15993
25349
17766
2140
43283
7552
42080
10027
48644
37531
46045
22135
48099
16313
7508
19416
24761
14795
46655
31348
22619
36248
32922
36545
46605
9941
1007
16570
1878
6207
16152
28800
32393
25227
27942
6988
25255
45603
15749
22548
4166
7852
26845
31312
259
27707
48329
10282
10173
8475
9209
13714
5696
2353
22876
2869
30566
34679
27522
12323
38511
15390
1354
19443
1104
47790
45001
33443
47298
11017
12486
45356
7445
35077
6956
26400
28879
44098
22903
16275
19049
43012
32958
1754
22234
6312
34482
22165
19954
4093
18785
44936
38336
9043
19775
46257
19291
12615
8934
18763
36634
10884
14758
758
13350
35576
43278
14859
4202
21952
25881
27359
35639
18714
25970
33002
27153
11957
41975
11988
34491
2157
12248
44852
13276
7072
845
11651
20387
13782
17453
1249
9436
28921
6868
15746
14225
25856
17582
44356
23031
19772
3373
42770
5121
32458
31725
4919
18200
20950
41506
41395
38088
21615
44807
46694
26973
47043
17542
11628
38624
821
24303
42733
40349
43107
21879
1042
7265
44574
38125
17361
12527
30890
37661
35158
24387
7864
21921
34662
3719
17536
9587
38983
14866
18246
37662
34862
5287
12907
15145
7637
21839
17532
20236
43500
44309
29920
44892
2533
26063
15502
26568
15358
49698
46565
28995
6704
16603
18798
22250
540
2568
40331
8101
23570
49945
12783
19176
11936
5689
45491
502
11385
7676
30278
25862
3200
49913
31105
43947
31031
30594
46890
18820
562
295
27550
29324
31066
17551
40071
48106
23372
12410
7352
48120
42137
14508
37028
20862
15180
25639
47933
9789
19021
16404
17547
31486
7229
23246
44968
619
3199
45548
13361
13693
26893
28240
39202
46213
36255
46681
9515
27980
36609
30147
23917
40324
18049
22016
38932
16887
20920
18492
16900
16466
42902
19396
37827
44300
10817
38046
20639
49425
13538
29185
223
25216
38387
11625
6168
39638
43187
27861
29484
45322
32802
40500
18073
20486
1439
42506
43514
42458
10274
31925
14472
17738
25997
3856
26605
36298
10495
46450
13121
46316
13379
41122
14293
31992
16142
5734
8150
32537
12028
37454
18991
2256
4491
42565
43161
21307
30759
26888
40505
44776
7091
30224
42575
8674
29329
17850
31717
38308
10545
32134
28396
43708
32406
25328
9847
47684
1820
4812
17776
37533
6262
11135
2554
34536
18622
30285
2512
6975
36220
23288
1824
27009
25377
10965
35099
12045
42051
42178
49898
24389
27965
31565
46803
2790
5901
27321
27071
31064
28989
32038
16894
29027
1942
14698
41791
40559
32097
48182
29005
32702
2370
41413
3888
9213
31578
38701
47477
48040
11855
39672
40156
893
29457
4636
11554
35967
19619
33667
15670
43366
8009
22684
9917
1630
23156
35609
17860
12405
9552
29566
34142
28035
42252
23430
45850
7116
11562
26366
29033
7608
35499
41541
24215
37547
31260
38546
23535
21569
19271
21015
22498
27300
9367
49887
12651
39209
40924
5157
41010
4138
12491
46834
4502
40555
34717
1229
16507
48498
3069
33467
4788
41164
14039
21674
43884
41897
44477
25627
35590
28705
10823
21942
41440
21613
47715
19704
16241
10776
45135
32976
15590
13204
45588
35961
44635
25274
44178
24539
38732
28307
25098
9732
46521
12270
12577
9010
3881
46035
40688
18149
21978
17263
37312
15836
25865
17686
30373
4864
1926
48168
37695
36378
11865
7061
38594
48558
45872
24997
23119
41929
44998
18571
48019
31297
13993
19197
22410
1953
46649
28746
5519
43758
1420
49669
35709
9118
37066
21981
7228
7157
31838
4170
16573
1455
8940
32586
44953
3659
7879
17930
27662
27260
14664
31886
10674
38668
5744
28427
8040
40
14794
4057
47503
23387
5240
16066
42890
40965
29777
16113
42478
13149
17309
28466
8170
29500
25211
48495
22919
26043
18137
10782
31007
34140
37996
15323
17892
21392
1350
29022
4727
11295
43975
25113
23347
3741
17226
39642
1441
850
43838
23199
15845
46892
5724
13534
11832
15892
7568
3759
23297
28807
34031
5096
37290
13332
19055
25081
40220
36269
25241
13012
13435
42393
32997
29233
43921
16709
48820
37202
7355
39615
24320
24799
20237
47530
18443
20494
44152
209
18886
15944
30559
24286
7208
2356
2506
14930
39311
3052
9575
44347
8640
34297
14426
21199
4640
42353
29559
41636
8848
7397
45039
46419
44389
6162
39190
46485
7818
36812
33000
33015
15258
23864
48405
26875
39534
28914
31590
17814
1482
44950
587
43458
32432
31319
796
23079
41720
19080
14852
34303
12424
49157
469
43802
27386
6346
32006
46933
886
19172
21248
5520
22454
13305
34164
24668
11969
35834
12007
1338
7257
25011
2412
1166
24309
23892
13311
28870
15612
47443
24118
34596
9218
24154
27501
29440
6063
40420
23443
35079
16000
5579
6982
28104
25097
28124
25051
11820
21920
10561
43204
9324
35984
46479
27048
45783
36332
30865
46188
39828
7136
9560
45458
46893
47005
21293
32235
11380
20873
27460
41445
8451
26550
15724
24610
36207
25897
32634
41088
12097
49366
10682
21080
38989
12293
8892
39189
8334
19930
4036
23720
31556
39712
38140
5561
15960
39369
38531
19544
19893
43898
6729
32001
18227
34191
29306
4429
14312
37674
29371
37277
46669
33812
46278
30192
32777
24170
4459
13483
22547
14861
26456
1271
35885
46167
36655
35669
15844
3324
19670
25635
25701
29536
36302
48282
33729
20437
32299
47060
21036
25756
11864
18578
17971
14638
39622
30989
28363
10686
10397
35446
35898
46323
40348
3027
40823
40073
48697
14755
27961
5962
49991
7644
45730
15448
34162
36801
7039
31634
35654
45804
6132
39055
10271
35153
20219
48729
42081
42508
39776
29716
5034
8537
30498
28771
24773
41423
43832
1647
13109
35477
7924
30670
21691
40245
2435
17519
5890
13166
9124
4321
38404
29070
31094
47245
20508
37435
33684
44044
44181
35447
12898
11
9368
5874
23896
34840
4284
7436
49784
12793
20103
7379
1327
37378
23177
7324
38811
5813
24457
27097
23605
47751
35790
15229
34923
13988
45480
44341
15166
29162
46489
18653
48774
4488
37821
30984
31043
44080
26410
31746
10161
30827
48723
43085
31307
48366
7249
17363
37980
47500
35231
39169
33753
29545
15122
43188
4218
41670
13725
27910
19348
5835
19489
40530
4583
47075
9804
5485
4613
17215
40063
26901
31051
38886
30141
8447
17216
43917
14633
24311
46186
19723
29165
35469
32984
7068
42517
42758
30926
48798
41299
8743
8241
539
21252
2825
25687
19669
45102
7066
29208
38994
27022
43628
4787
29336
4428
35379
31692
38772
28549
37420
49866
23165
27495
4509
47473
752
47463
42809
25633
1556
14829
2359
48128
41450
13286
24402
39933
16274
3996
28245
36411
43768
19839
24071
29082
33454
3549
20055
11284
19165
10851
2215
38973
37822
28376
41187
26121
13257
42792
29723
14475
40031
41381
31910
34848
48601
27913
40794
30112
44160
24152
42635
25871
23408
48521
41452
40095
40549
19820
977
32122
45562
25986
48673
12225
37655
15835
24099
9433
30483
23714
38885
32812
15279
25428
37218
28158
10290
36781
23521
23311
29773
47611
25045
11492
1217
14787
9875
24925
1234
25511
8581
29720
4388
24199
5250
40336
10199
46823
785
39416
20307
15392
36788
49087
41934
31323
36194
22681
28187
12470
47385
37786
17483
1617
2749
1719
26739
28110
12562
9902
3304
5528
16703
18506
39602
1071
48107
46093
37656
10433
29307
28345
28344
17812
38610
44910
37756
9977
6276
33163
26945
48746
47677
10106
7343
49599
10702
43528
43407
26418
25688
23367
24745
8061
43794
40318
20075
16195
7912
34452
39412
4793
6205
8175
38852
11361
48539
22937
15321
35677
13638
43185
33921
27828
47166
40087
32275
12584
38834
43555
7130
4186
43672
38913
24601
10001
26041
49030
48868
11564
4431
33111
25386
31249
18287
28940
25528
25525
11161
338
48253
41801
30721
25890
15777
32698
39925
41846
30696
35450
27514
36764
33579
48123
19484
18404
27270
4932
12303
1221
40889
20894
48990
44760
31637
19618
13702
12685
27365
12304
7726
7055
5160
47114
21680
31143
33007
1551
35996
5980
3656
16236
20152
26462
7805
31155
21368
526
5144
6652
38978
21425
4884
35672
13695
25864
8346
4628
19557
38683
16025
4184
15483
1404
39391
6969
26429
18203
40247
37351
13408
15785
5148
47596
41937
8526
26657
17313
11117
12814
45649
36688
46313
5307
2172
3142
45934
25314
43739
34435
41952
41682
10604
9536
32969
46797
42662
43539
18568
49814
24589
24296
37413
38535
39034
13548
5675
24529
43741
24463
6383
3804
23920
49565
12671
47003
1542
8262
21089
35560
15854
7883
15148
10464
13080
5851
638
207
90
36146
25767
1273
37084
24192
20874
4513
32611
49407
7867
30901
32241
3595
3299
7037
14348
32217
6612
48733
37513
10580
38012
7999
14623
48562
27253
1480
6439
6913
41352
8048
42249
28446
46025
29279
7940
31035
1618
5955
26959
18903
11164
23719
25153
28978
39451
542
7311
24988
41951
47072
16050
16150
4833
46588
5252
41903
12234
42856
26803
43482
15767
15600
45129
1017
33129
29081
23596
39517
42924
49610
21853
13
15001
12393
41081
26154
42440
36705
44670
23234
9141
47348
7628
36282
23039
28399
4411
42230
21650
12198
18618
27001
933
47794
28742
12217
8197
46472
23796
37175
6809
41293
41084
19124
19903
40441
15014
5020
44120
8839
30515
5083
36974
46150
1207
43309
40956
38471
13373
47154
23419
7394
15099
43689
35252
12792
21302
23351
37085
27394
26742
44941
748
20179
5840
46354
2286
14880
13355
28873
16280
19418
19870
8420
36202
30179
21214
11585
23463
35394
36273
40630
33136
7597
30401
40088
30658
18773
21413
42831
28598
4955
47599
7794
38959
31582
28065
17808
37641
33148
26865
39343
41957
7807
22071
501
33262
1780
18226
48873
38521
40533
20566
43631
8289
23485
33872
26721
31022
16683
12912
27718
23588
28282
11589
17779
3731
34852
11698
16855
13016
41253
44405
20312
33316
12791
6306
33458
24587
30087
5783
27691
7301
49279
31557
38464
37275
6692
32411
5731
49748
8003
2035
5740
32238
21734
13064
25643
36592
46679
7790
3504
12549
17166
19391
38425
39424
28847
2210
4313
18481
34149
23724
41688
41035
24329
3355
34493
45380
32477
38135
14543
924
4996
36145
24594
36271
32552
40689
29445
42717
7238
49606
6618
45121
13199
33787
33562
11814
35540
18814
42040
25161
9919
35194
45740
43050
38193
35096
31431
5006
40369
39870
29350
16199
33631
1611
27669
14506
22487
7293
48710
39290
28457
21580
29717
47207
840
15900
40121
36491
18052
32203
24210
1651
40237
6025
996
39538
19476
25977
34471
22218
7051
39973
36483
11756
23417
36512
435
9982
37446
27095
33766
33009
8098
44226
15061
39651
23895
24186
10576
8878
7630
35486
44230
23490
2736
42893
22472
49194
7456
36999
21593
36333
30381
8449
29620
12378
45042
19364
18500
11011
36850
17494
2161
10688
14313
26237
12806
1454
6803
28264
21533
39996
36313
4415
10094
19679
24203
38006
46229
27323
31294
30754
26596
11761
11645
35271
40829
23872
32670
34775
14140
28960
43892
46894
10553
1936
3086
31540
25458
25313
12982
23232
45418
15082
40928
43439
10
34996
25860
254
2132
32778
25383
15883
46411
39980
16338
9429
15972
43104
17275
21974
17656
16764
6161
22564
30649
43110
407
1213
22974
2714
975
19349
6066
32555
26190
17578
14441
26564
7557
37824
38929
46844
20452
18839
12266
24885
1235
24419
30507
36622
17383
28004
1772
41722
40541
23130
33967
13157
3046
25020
44442
25955
45989
19605
7027
35108
32912
20419
37061
46866
11884
17139
12163
49442
14629
42417
48775
40661
32262
5589
46365
32294
8646
27026
31273
38179
41817
1513
8434
40854
30387
20161
34402
446
46729
3967
21824
545
38603
49811
7629
20413
5203
48849
3737
45375
17280
43420
14298
27357
5868
49182
19086
40061
30398
44985
29534
7913
32184
813
33384
38276
16510
27992
34160
41146
18305
36784
26139
16938
18444
380
1433
10869
29875
20769
22770
43612
823
8139
47748
13713
35651
2762
26931
36455
26296
45613
32901
32186
44612
13644
10698
13796
40167
24228
47925
37777
11602
35278
9708
4623
12411
19769
12884
14074
44307
18848
26707
13970
27925
14653
7505
22952
47094
8499
4705
43636
22879
39165
20637
39467
47338
49819
17323
17889
39895
36369
38082
7053
7771
3497
19075
2616
15226
20783
48693
48858
29882
42623
29268
9564
44325
16547
35991
34004
40394
7763
10578
20697
13135
46563
10105
24869
37966
49825
8261
4104
16300
42898
33062
32669
23862
7977
26329
16293
31775
37939
45373
17592
37610
24697
2458
10153
34150
20568
34189
9012
12699
35774
8659
19256
1804
37619
21928
48469
24703
25798
47029
44691
24063
18178
2478
42807
29138
12543
49099
9189
45609
47769
5913
30002
49304
20803
27194
23855
45806
728
12904
26360
49715
119
20245
22153
39188
24934
48610
25320
48851
34222
48376
20621
32782
12276
35992
21570
34618
1266
18646
1519
5904
2327
18339
25210
35623
23698
2551
30694
42702
46434
20073
2491
28266
48332
18488
13913
20140
28014
4756
2235
16555
6940
19008
20321
616
16420
41960
34219
21334
36172
45253
8870
12521
1657
39154
42549
21866
33623
21035
11950
36653
41627
41576
44555
33128
39051
39007
23870
41567
27305
30553
28857
4961
24766
32656
40472
22543
38731
43497
47368
16625
35196
671
12282
46372
30403
26002
11834
33759
26798
14822
15371
7533
21760
455
28531
4928
26950
25877
3105
14202
20600
708
47397
21585
3867
14765
982
10434
35170
10133
8090
31812
26696
2343
36214
2921
35267
26679
13984
39737
26639
29870
5914
26985
41455
31945
30155
46120
23623
22627
13269
5566
36208
28189
33102
43038
16598
8211
45565
11241
46063
28305
10057
23068
26770
48955
3909
12938
43035
16986
22325
21611
3976
48876
28896
47565
44658
5828
27629
28503
2114
11290
45585
42074
21886
20414
34020
19536
16003
44421
14025
14928
43348
3821
30390
37081
7015
38745
13418
5234
10836
2739
46692
27389
41870
38503
29557
46814
23645
39435
31164
8333
26725
2824
42017
34461
26427
23429
39667
5193
41200
20146
48841
25288
40951
44503
45279
48137
41620
47465
4525
28819
1426
43536
33370
39348
16198
21823
23204
45834
556
47873
25340
21317
7472
27651
24777
44310
858
36802
9798
48530
23323
38669
23676
44073
15701
45943
30175
31633
25632
37907
23555
3789
20591
16088
46293
38553
13654
11044
19486
18451
34843
23307
1546
31059
10937
13864
7262
14366
11121
31268
42060
27543
43999
13885
24776
48662
44490
17088
13857
1069
3946
29606
3802
29205
49281
23456
42675
19823
24021
15282
41317
17089
37047
15829
27873
40741
17157
7212
9521
16061
28440
3295
45751
13467
29851
47930
45097
48185
43759
37221
12034
15018
4423
2733
16594
48290
30301
48141
35765
5742
29050
30129
2892
23736
4549
191
44720
41294
31061
37849
34551
2063
5862
25200
18812
16809
23569
35222
41382
30607
32106
10439
689
31826
34437
17689
12194
46495
21765
33865
28656
44762
21137
42253
24396
30095
46023
36837
30845
11657
38633
25062
22645
14300
47300
7577
33818
7075
1745
24972
34744
1241
17725
7782
40459
41077
1471
39012
1794
39062
38039
48044
5071
48279
37721
48792
20774
32609
28595
40676
28379
8889
28579
18103
43373
8504
41692
47156
3123
17563
46330
25601
38787
43664
7100
48663
26935
20534
964
3083
46889
44408
16265
596
39411
21567
36010
36946
23214
21783
4397
25998
36062
40598
26324
37399
42024
49128
41601
38586
29926
18687
34960
46858
18992
30213
6775
33192
36294
13292
19025
29016
37242
23379
41097
2309
36440
41111
48659
48544
10005
25158
41765
12449
43848
39440
8348
23190
9091
15654
12713
42822
3429
18549
28496
21723
48267
22841
8226
2204
22899
11146
38779
296
16863
12297
18026
30742
618
32446
46641
354
43264
15176
30184
41467
24151
16115
44848
44084
5359
28975
32531
31769
40134
14955
38286
9944
13482
48871
33655
18790
37110
3243
41510
43904
1256
18277
21430
40249
45811
33014
28772
11298
29263
28281
42000
48757
36073
26520
20333
29370
48630
44
30509
1119
327
25915
44391
28145
47666
26101
11751
13268
39304
24555
37714
6786
30400
16834
11348
21791
39597
32714
10707
38478
7451
45143
43965
2034
7804
20364
16924
40151
37105
42016
45045
49545
45721
45460
11071
29178
37022
47797
40694
8438
2010
10140
49598
48705
10055
28899
33834
21530
7661
41522
29418
13328
25560
39419
14456
8488
14144
37252
20676
9285
32774
21034
6050
29842
12116
30180
38272
21006
43280
6722
49604
23595
43610
16740
20866
32089
2853
16308
7880
31166
49956
20703
36195
27169
2540
30395
38881
47943
24365
38473
1150
3448
22823
12100
41144
47637
47937
17962
42113
44362
44075
39545
17929
49266
18994
6494
2665
11673
2858
13488
45068
18079
44783
36953
5474
10074
11603
33735
37563
40718
43575
17251
20699
8584
35240
178
47542
7462
21175
10467
25640
46431
18351
25586
6687
12670
12428
32610
38156
32268
49660
38234
40113
45287
18896
35679
22468
24123
40189
3268
36746
42240
4567
49064
25651
15961
16748
49403
30194
23607
19924
7444
38858
34495
31118
47352
42870
19529
1201
30464
14457
35176
7139
48682
12944
5128
16888
29823
33988
20138
32441
21661
43957
48478
4774
39873
14261
4942
27574
15157
43592
21181
15068
3801
47887
47478
12013
13681
30116
1334
34002
19394
17974
15489
19317
11959
9176
1973
25563
33861
33099
8638
24420
9793
13345
40454
3679
47771
25019
40619
23460
40835
27214
39542
25700
9341
9720
19881
7858
48827
26947
16832
6707
40025
19717
9143
20557
15425
29596
36066
46731
47119
21223
29080
29450
36643
2431
27374
4523
36447
13723
2281
42008
45371
28860
32247
48339
11510
31039
2876
30910
1711
43681
3210
31001
3999
37077
41354
35302
49720
11037
29091
37219
8937
34399
16344
30803
32799
43515
27847
17074
47740
2630
16011
13342
46254
19564
39683
7937
49504
34672
27587
2967
36833
48905
23565
24206
35526
34514
49709
37567
23268
35907
31011
7129
6220
23027
18013
5626
35591
23769
29123
44168
15102
2093
7711
20246
18737
21099
20576
34643
39972
13272
28891
31587
15968
45704
28127
8592
14916
9272
29397
3348
1316
46085
32744
11968
18131
29827
8628
9638
47997
47900
18234
15558
19919
14762
40556
15730
26019
2537
18416
21352
9596
26780
47378
2374
14782
24233
15614
45663
48604
18168
11807
26323
40639
14667
49707
15463
15168
41411
46675
26529
13959
48529
12069
33112
27502
2021
30130
49645
10713
14810
15151
24765
12085
41453
48268
19732
22335
8292
48764
41031
8773
15562
28603
4844
48738
42649
9052
27620
14997
34975
5848
32073
44722
37528
25384
43413
11729
2022
33225
6092
30174
9943
23761
29648
17854
13390
42046
40999
46350
15254
19577
43569
29810
36515
6191
8290
6588
22243
14138
48891
13789
40418
1781
35187
45961
40841
28642
9289
23679
9394
30839
20750
26986
20563
25225
38073
47845
45900
27223
29083
14677
42234
25387
39300
40485
14476
13630
31147
34053
46530
28063
20504
48131
23562
21315
25246
7487
32309
30662
10440
34752
14427
49397
22276
3708
47642
14942
5498
19548
17781
3072
22633
35120
6745
16617
41669
28882
47292
35485
18527
3102
33105
3663
8397
36813
34106
3297
10723
25574
12057
735
25753
23626
20372
11302
19754
9182
34492
28805
28596
33038
44673
42824
5908
9471
17180
1812
3434
6638
6240
12040
36718
49315
24104
16634
19973
27192
2145
45389
33646
36100
5374
524
7573
46397
4208
36009
15401
10038
30625
10196
25905
46984
6876
46059
14976
36111
19656
24166
16143
43194
32200
33559
41612
251
9278
24813
41166
19470
36699
41091
47068
39259
28958
3133
23963
21696
18285
42100
31360
46973
25334
1627
37871
30098
32031
7819
3662
10426
34977
22351
6891
31156
10778
24305
29215
33594
17635
7328
894
17614
5739
13118
2938
28933
30420
32211
48295
42840
16988
4148
24591
9772
32635
43775
11974
19109
41917
40255
16609
39490
40991
30546
33020
16179
35055
2247
27825
21963
7065
5859
29375
782
21195
46940
43817
47589
39544
18363
32470
2243
43008
48720
40570
24619
45436
36921
38380
10066
9537
8087
22696
9970
42183
31211
48749
44755
47445
21798
14776
49075
44150
2761
12902
20915
2572
48320
9817
35259
41640
15976
41098
8926
30294
13711
12855
11101
29261
23173
341
13462
19119
7530
14581
44884
22
47958
41363
21402
16993
24096
39915
36854
32695
10481
9795
36914
10375
41011
1793
19060
28095
7738
8081
29553
8400
39065
29549
32491
44573
21531
16217
25751
45127
41305
11203
24946
28565
30148
4505
17255
12305
38953
32724
36310
34500
43981
659
19011
42726
17427
31335
39989
23036
35957
20392
13018
15391
9676
29060
48704
2015
34647
34369
21429
32637
22179
629
31948
41871
43736
34177
5808
26422
20684
41594
18487
18808
9301
11971
46805
38262
21185
3419
46098
1073
21261
48860
49285
24251
46363
45684
38085
25614
18165
19464
23062
14552
33656
35657
29487
21183
116
4616
43774
45060
27217
17809
11204
9735
37426
25713
17315
15618
26369
22203
11443
43590
27135
2937
14011
11052
28448
26081
18893
47759
43991
32023
19434
14669
43313
49017
38577
20282
37510
19190
40405
17051
27580
42719
10261
31687
48372
9370
38769
41552
11688
45063
16635
25585
34392
6271
37960
10809
27714
8620
24518
15324
12905
12443
16837
20215
2265
6964
21834
35807
38863
49732
8660
12484
89
37954
7479
27180
22534
25792
49273
13293
20747
44703
6544
262
44919
35464
47389
969
18505
36695
866
17990
15212
39990
2558
12969
27358
2909
7611
33918
9305
48894
28796
49498
11350
24007
33239
22559
12990
16682
40254
46468
18455
37224
38988
26384
26988
30620
16578
31642
22698
7697
10990
25375
10571
45568
28745
2058
45816
7227
18942
15510
33881
20878
33481
25060
5056
890
27118
23810
14356
18088
20624
38452
35479
3565
174
48619
48303
43572
23224
21078
35125
17357
16533
27469
41744
49348
33212
27356
37315
23381
37909
39269
24448
22211
21479
8764
21422
30418
13617
44520
15729
8191
45616
22273
16423
475
40482
6737
39739
15125
2133
44788
48124
6827
26065
42542
12936
10121
4281
39879
34215
35592
41446
28393
1481
11690
27090
10043
34251
48419
33707
17851
39224
992
2424
22525
22354
12789
48237
1517
29023
8171
46593
38204
13300
8938
26055
10747
42626
21056
48711
1552
7960
37344
49342
22610
43807
15923
2212
47273
32011
29955
38186
19965
45020
25921
26578
45690
5636
44069
41499
39957
38460
49133
11156
20607
5827
39125
38933
35402
4944
11803
19462
48294
21976
41978
29232
20410
38230
10482
42376
9084
31799
13468
45894
29966
41662
35440
6507
12662
7607
2609
14434
27166
36057
49111
27610
11731
111
39231
32466
44697
6214
37301
20759
1710
44373
33950
9212
36709
23600
17152
12756
39756
20256
32066
18245
19052
9478
3062
13853
38337
28697
6628
15739
18838
32140
49810
28306
18849
31978
39526
7610
3839
29918
10737
16285
21973
19455
8239
47250
16381
16196
1447
46553
5656
14178
49687
33275
35936
18220
19592
37894
27989
10792
37452
36722
37898
17663
7156
19128
29523
48426
34655
19646
45642
7376
37626
33638
20810
38192
24504
38702
26025
8425
19964
6933
1458
45567
17463
13384
14708
49326
31759
10864
28199
45401
36358
32764
11308
9327
9170
23422
53
36373
34626
30864
21147
4440
40039
11934
35067
6584
41211
27255
16385
12010
34718
7300
43209
41732
10532
47913
5276
23664
16103
27638
2192
3207
38171
19401
7869
27368
15521
3650
47681
41913
846
27078
47387
42019
41306
42268
47986
41222
13232
46691
47686
37841
35279
14879
18459
12402
34737
10080
44637
10945
44870
42498
23616
36846
26117
7302
48122
43018
17746
17762
34357
32820
22490
15064
35494
35595
16527
22382
47896
32921
14643
1995
45583
27091
14028
14157
4004
5534
28687
32123
34746
38942
22245
39654
41483
3919
20343
40225
31182
17033
45735
46021
20678
37492
19560
48742
48584
30672
47240
24603
25475
1492
28010
33514
43460
17655
33312
48991
47714
29941
27131
36287
1715
34621
14415
32530
35606
31371
2014
15293
2968
13971
20907
38561
3110
45865
20882
35068
44739
45577
39626
212
10265
26644
38418
38570
20613
7501
3721
33182
40474
16987
19972
40098
826
44877
21651
38736
28966
3325
37403
11465
15294
6873
28871
49200
35255
39998
43906
28818
5178
39068
6331
34436
21281
24421
17839
12074
21451
12541
34585
10676
18999
10364
9421
5973
40205
4964
13090
37854
22500
19737
5512
28838
13581
37781
46711
44274
21172
804
49180
44053
42482
43980
48848
33209
48200
447
45358
45198
48222
26224
21350
48624
48911
30008
16534
8484
40810
30802
1197
4075
10444
20067
28374
9788
6242
7115
3971
32548
9011
17719
30010
12724
40892
31970
11432
2851
34666
33926
48076
14740
45830
38632
13246
7217
22134
30558
2755
8424
46142
30647
47865
8215
43740
15711
14114
43134
43040
37580
26854
10915
48814
34631
39568
17744
9410
26773
11137
21989
29479
14815
3954
19153
25350
20428
7701
7682
42852
44057
3547
4890
44662
46400
38954
13114
37690
27867
23772
10589
22954
9518
31126
7965
45722
5804
26941
9808
5331
22533
13835
32505
39938
24184
46623
8583
29201
2517
43680
40428
45904
4489
24897
26093
9234
19938
35534
32365
17201
23696
1720
37393
12377
3941
6385
37021
16557
24328
18882
34450
36537
6949
39645
8968
302
33351
23723
16505
44686
6057
26473
6249
10291
41925
41480
1913
32233
1528
5281
25438
44461
22183
35927
3939
46571
21698
41285
49445
39653
33756
10979
21742
39523
37302
48272
26178
371
42202
37789
1255
34180
18804
42071
20821
23267
11424
21635
39704
11949
23718
25404
10130
37560
35546
39904
48165
36578
38861
30665
28790
43184
18550
30308
17831
47042
25472
24861
22563
25087
34784
6036
41509
11441
14222
13073
32796
15550
1275
28500
18046
10394
8299
44106
40833
39404
17881
46579
49834
29035
33037
20388
36412
35699
28404
31168
37811
34722
40374
21597
15124
35084
36728
43382
19970
36234
34516
17823
10297
8756
3281
47560
45526
26892
44809
17422
26206
31461
10654
44643
6694
46732
10206
18834
37090
15066
41837
1123
10797
23431
43272
15855
42049
13840
47296
8452
7641
48843
39513
19232
39520
43753
46536
25422
40681
49875
48518
2773
24796
43843
48156
40313
26145
34419
36887
41030
41500
19900
46383
25170
21158
14271
14684
21758
47259
19233
10336
14718
27083
14458
29173
43861
47016
9924
35308
1284
19539
5806
8252
9533
44295
33676
28781
2112
29021
14092
1648
4622
14083
2202
11733
31567
9099
7367
20854
34409
28613
11710
19340
48603
28972
45291
32544
2657
21108
42314
13233
44869
13182
19708
38210
48809
20823
21296
11046
5983
23380
35460
25616
36379
34850
33096
9349
30801
17004
46589
15310
30121
10018
24862
3908
49148
38031
30061
24677
19265
21657
14315
47280
16251
20755
18659
45372
33446
48786
46126
42921
35747
43961
43837
25642
49012
35500
36559
30577
34827
35064
10507
49573
10174
4799
20696
34658
2816
17609
3290
48177
49766
16923
17098
8822
14020
38762
16273
44301
47639
31704
2384
39251
33087
49410
49186
312
45048
5775
11261
8821
37831
3931
39409
18750
16008
20476
8761
28083
38384
2376
8220
27871
18148
47480
324
8661
8570
40875
7174
29568
30505
13500
44522
36720
39112
23515
12894
34086
37758
1615
49362
11062
35793
17650
10998
28657
46311
28382
32761
48993
7127
1661
41956
40411
16552
34382
45572
9180
49763
36262
26737
17208
305
32704
44108
1570
41112
48882
31987
48382
4330
13632
27941
9669
26189
48556
35280
18596
4416
3638
16172
14027
837
3095
30037
10705
46794
26288
1919
11987
39634
28176
4611
24921
45277
2808
14033
38622
21532
43353
47843
4117
21653
21244
3673
29166
42302
36325
766
8179
26455
48146
3447
37760
30170
15878
17934
6829
34285
29318
49058
24666
36199
39017
9813
9734
30028
15554
29145
26813
37593
4254
353
28520
25645
24628
24812
30941
33563
1972
28490
43252
29230
20432
8653
12934
11069
26815
13003
21385
23818
46802
21495
40801
582
6545
19036
8950
12692
38519
35101
46633
13897
44138
23970
7766
48314
6465
3274
26540
26465
24863
21004
24893
20469
23553
12295
32476
12835
16386
15097
47425
33205
13180
10458
15253
27438
26585
34133
20660
11345
32821
6959
47525
41076
13217
9379
23072
8374
5867
40650
16456
1158
12538
44926
12773
29869
45646
36350
2809
24326
17265
33570
33504
42013
4464
27298
41713
24107
44196
18296
49306
42346
16287
12233
47795
12291
44576
21084
26037
14044
19767
21840
17260
48232
18967
45158
45632
2301
4706
4910
41409
28324
41331
14307
10191
37284
20913
5363
45315
33566
25991
12600
23850
18396
11960
3590
21887
29820
48789
4957
46624
23296
17680
5456
31906
22495
20431
4803
41090
3965
49080
9001
34455
21844
21356
32675
38719
20197
5986
35794
48160
21831
1382
40713
45442
21467
3334
474
9653
16144
36012
46086
19084
17982
12461
37911
46335
30409
46196
6611
4062
47314
13963
416
7615
25219
21304
4012
18855
44737
4214
28253
12186
5594
18167
34463
11924
31029
25078
11383
1215
48322
24708
28263
9948
27219
2146
5686
4292
10409
22594
23740
131
15
45840
13058
15940
5191
37815
625
36086
44591
20633
29198
47410
41379
48394
44611
1343
6241
18635
29626
48312
35025
27325
32052
24427
14054
27291
7442
1310
9211
25774
44025
32350
48929
26445
42851
13894
21374
500
4050
31030
43052
45691
37812
13424
23403
48734
819
15744
36267
10506
11800
45069
39212
45672
6962
2877
49220
29461
16954
42460
34957
12451
1037
2634
47864
23693
24235
26758
47574
43560
40887
8963
31410
1464
17498
48527
34767
139
28319
31080
27334
35145
3100
25538
41558
14819
44395
4742
17474
7052
40291
11506
20224
8319
7122
40410
49216
15182
24909
22965
37964
45423
26008
22063
19063
35468
35568
10770
16991
564
1360
11120
39551
16070
24201
25319
48218
37443
30077
1456
3161
47636
35706
40903
24609
16226
28720
28934
35976
39501
43614
44315
37800
21877
14572
2663
30800
21731
39577
33495
33983
19890
12494
25870
39380
36059
41512
12964
8212
32585
22027
23557
30835
20383
6577
35721
42083
13454
27157
14107
33196
26653
1491
2718
16080
34907
24958
16314
34988
11750
47620
42813
11746
44615
15370
35292
33065
45910
23015
3440
11108
39194
9179
36675
47533
37070
29240
12587
26532
28098
44866
37689
22070
37521
47089
30371
6166
37051
9191
5679
2580
23918
30899
49121
31194
32076
28662
37908
38775
28428
14282
39714
25281
15778
43326
8172
33116
3318
28170
6461
18875
8337
49702
11455
40796
32183
29119
32167
27982
25937
29037
41866
1076
34974
20831
43748
7026
38653
1174
4331
37338
4946
28220
3853
32353
44144
29222
19566
5800
10616
34652
23554
16471
34602
35593
9854
5716
3187
5585
2270
667
21907
21177
41785
12121
49524
17092
42673
13323
46501
45835
23047
16909
22079
14620
11100
11221
27572
31506
16472
13748
42931
29642
39487
9611
4283
29537
6552
32551
27938
37480
23533
3043
44263
33001
48406
30238
13266
22400
49138
32224
22118
15488
4343
7356
2753
23699
9139
27075
13832
20993
114
42453
8631
21218
22256
20262
10258
44070
23448
15527
18364
13029
18303
36816
6124
37479
17522
19860
19901
1814
49854
4487
31231
31760
22640
40649
13427
18950
2813
48946
3174
1189
5166
5409
23838
43401
31485
19326
10805
20243
20218
22677
38351
23225
4914
44126
24825
961
42932
8344
21449
28594
27170
23726
10977
6883
28955
33885
42595
48191
33822
16334
17864
26785
45250
15404
27729
41728
1224
15375
6897
34853
26001
17939
43914
48866
31139
35245
28341
32896
37782
30041
9921
21192
28936
38107
5900
4807
10856
46905
44895
19
14847
49414
11711
11318
19255
1967
25156
47319
8126
20944
36372
40803
6974
28808
5044
21934
28659
27286
28504
22177
28016
28553
24265
32056
9455
23489
38734
29774
26989
18071
18357
26363
6755
9767
32883
30723
9969
32210
30241
4835
47033
5663
15239
39220
34008
48178
39153
34026
2567
23743
12659
13005
40804
32549
35856
7536
20692
34178
26750
21703
20479
38414
10460
45090
41198
11994
34782
27919
2602
18874
34820
34199
28037
11778
47493
44778
45591
17571
46512
762
23825
41438
2120
4090
37750
12107
9082
7145
15079
35217
12649
35152
20909
11539
479
19795
47316
18831
28551
28049
49032
22238
15695
16237
39766
48735
47142
2678
5989
37185
25205
4231
23386
16531
26638
2043
1653
34967
1520
28717
14242
25592
16120
13013
10772
21085
19815
29043
40929
27263
26967
10724
37816
32831
39117
44220
30230
37018
2628
49217
30324
27556
1086
43941
19344
26304
12612
38786
20083
9283
46009
3947
39774
25938
17853
31911
39083
39516
41981
24028
16254
30375
35391
16310
38957
3438
37564
107
49855
22473
29759
38539
46522
44194
20683
21419
46706
2497
43017
30279
38628
21864
7372
41137
49755
23080
22556
47803
14284
5674
11720
27555
48963
4137
26311
1535
46159
14410
652
25127
36902
30499
46994
49987
17030
12841
1920
33606
37364
21262
34985
28632
17697
15840
14989
34994
42661
24374
43471
38462
42744
5048
42518
2535
22883
20458
4795
13790
23788
24898
35288
6816
26873
27717
6406
1444
13448
24656
41907
46248
3772
39098
42656
6274
2245
5176
33207
36573
3190
8382
36845
13940
9866
32266
28517
14895
36706
14389
48716
6702
2985
23518
944
24196
52
1068
12019
44893
46175
23784
38565
31774
26263
24744
4535
48147
12887
19682
39567
1714
12286
2012
3034
26572
19578
40608
10165
11206
29650
5336
23327
9369
10572
16133
20358
13597
10642
31755
36594
46361
42442
41673
15025
42203
38909
44113
2308
6622
31625
3681
30256
22271
19641
19550
28323
8670
3780
3215
17691
48687
20817
28256
18898
28736
26802
40443
3138
4512
9192
44239
22908
25529
30671
41862
27215
35061
43485
26111
15113
36715
4072
43782
3239
6644
5960
5690
39099
19248
45221
3875
6473
32850
9253
18489
39146
29837
22248
24521
40921
23192
10283
21483
30208
702
27290
6146
33520
36882
35287
48805
37137
31438
42766
47651
29813
27249
25684
45543
39350
40077
29715
11143
31136
15902
29113
321
43094
21935
41941
37859
4969
21776
42617
13333
20795
16457
393
41628
8140
32719
47047
18966
15812
48362
48005
46971
37668
43954
39397
36
42326
22786
6682
18362
16154
20506
24122
6521
25969
39678
13074
22789
36933
9207
49558
32153
15049
5952
11774
26774
1006
13821
24950
29435
39455
41036
49475
44630
40682
29341
4948
37916
31621
37380
9852
19404
20960
22190
14934
43387
12
15703
39617
14974
22270
93
5098
48149
27093
46445
45913
35026
13923
34258
22124
13762
33956
6759
35426
9931
11202
44800
2018
30784
30132
40562
49353
19522
43314
15412
41658
26207
40734
28003
23658
17620
20341
4668
7182
28902
15240
2288
27713
34328
38020
2979
24355
41006
8324
18925
26045
32902
11735
42098
46652
41803
13077
43236
6587
35612
24839
11725
4248
17219
38036
30178
723
15193
5057
21753
41945
44872
1625
47928
10370
46677
14714
4169
6304
37603
28006
15464
32478
23617
11823
27064
33396
45486
32036
32320
15039
41607
2387
34732
256
43297
32344
37013
34766
8042
14656
38856
35143
24056
13004
28867
44187
99
23801
5972
4056
40827
28200
33693
14798
37398
37951
5026
43854
1643
15584
6583
11615
37720
36775
40905
48514
2861
13739
5449
4114
37469
11413
13986
10538
5033
39245
14090
12296
44179
34745
14053
91
42705
12973
11835
13562
26342
17400
49274
2708
41899
25677
21267
44868
47699
42091
17984
13405
34047
10694
44410
21300
42798
31787
37532
17755
48169
41458
40709
29320
1747
7843
463
45452
21030
22893
27772
40393
13952
30164
14081
36508
18397
7118
28786
36130
6852
43405
10901
7953
33502
14285
12542
43896
23680
16405
42750
46761
16145
10729
1428
18209
25363
21135
23468
33200
42059
628
48523
4027
46327
24850
41697
16554
7844
38048
32482
36200
23425
27271
6527
4276
30396
17591
31553
15869
40779
2094
449
7605
7911
2566
33545
45531
43810
41758
43243
45109
34966
36088
27115
25017
26457
16467
18047
13675
6298
41647
12213
15588
3627
1957
39874
42358
17005
5429
12199
25656
16857
28862
18186
15529
16671
9424
36456
48053
46362
1143
1771
33016
27297
45041
16478
25172
40763
45956
8669
32741
25768
3515
18656
31152
22445
44186
8548
11621
18472
48215
38424
6602
29561
14526
35945
28487
42737
25861
12143
12574
22175
33802
33557
24636
44063
2513
5255
3877
22941
16119
44545
8049
29872
39033
