3411
1555
16365
40130
23042
44310
27300
23255
45776
47857
45469
45707
38895
6889
11948
21513
6487
40880
46885
13111
19889
26699
23032
28634
18932
24242
39447
29094
18395
41594
49144
31962
15277
48495
18964
6260
19369
33863
28573
8021
39286
42112
44260
27769
43504
2442
6013
13678
28336
35763
782
39678
42328
2842
26213
29531
16623
47541
24588
43518
21341
29386
207
1397
7841
34273
14873
36736
31040
14622
21472
43176
13291
15865
19517
29550
32521
40398
38745
20925
49054
1560
9821
11021
38009
46942
7885
18580
26790
39978
23390
24346
46733
21350
32291
15545
27637
48868
22015
44400
28012
7967
20708
24388
43816
16041
14586
13085
26736
24946
18850
41107
33710
22652
15330
381
35263
34252
5231
47939
49072
49057
23620
37294
16750
31689
4828
504
27269
34078
2474
27130
45813
9071
20046
46070
41421
15694
20732
23742
23508
46370
29660
44693
48895
34113
44013
9817
12844
35794
36642
25883
25892
1180
48829
2329
5988
26852
48668
41901
33411
4251
24719
17406
13779
40809
30206
11321
9931
24158
47375
13060
23604
12459
21713
30760
21132
12591
16140
41656
3871
26029
10598
9767
38898
39115
17631
24343
26732
7296
32911
18334
23031
47588
21554
3531
7248
13477
4032
19431
22912
34108
5599
14764
15065
21851
30386
8815
41339
44668
46986
34488
8678
15582
12043
24907
7501
37442
47789
35232
35387
217
45600
41689
10262
2219
23064
24649
47753
36673
21703
26068
17424
1587
11601
32696
18088
20099
49157
5546
46292
66
1259
17366
25001
10596
40200
6199
42594
49418
8859
9350
11738
42066
18455
38830
36098
8159
24615
12930
10489
12071
9164
7595
29438
24236
15298
33323
22714
30357
40233
48660
23523
37860
44670
9991
27373
26745
39746
40992
14933
18437
39290
24585
1932
21262
6064
4090
20654
26183
8353
43352
25697
45856
40545
12248
49148
22435
6883
34545
17043
31502
19583
22300
38675
34554
36438
34035
45809
25832
7582
7166
42191
30166
32261
5595
31143
32738
23365
16282
32171
15632
10805
8884
38207
13345
25575
29440
31493
12247
37195
49038
1034
11529
42208
21110
42422
42864
40732
15692
37273
23177
5264
34502
42072
963
37110
1313
29235
9428
23767
43055
18320
8907
29494
36896
7001
37038
20635
32804
23188
34982
46724
5852
26401
17761
24054
31985
46255
9200
45385
18808
5862
9225
16022
3743
18452
49459
36291
33313
42027
5309
11917
36229
1033
14188
40111
38995
9384
41435
28039
21824
21105
44870
34988
4164
49246
31645
41143
7206
29790
36666
29476
25370
21613
17622
44416
27743
49370
19288
43792
19119
28199
9690
47460
45227
12673
24889
6596
14434
49444
16907
24820
46213
31925
19337
19153
38253
21637
33802
15786
49909
31644
39998
10347
22087
43711
35441
44290
12936
21224
41257
25820
1713
10530
12414
34171
44083
40251
45138
20108
15479
36395
5333
1010
9569
42447
25244
4551
40523
10181
42298
39207
163
41149
24128
27881
44144
37941
38736
34215
36128
9659
19803
43516
16488
13756
19020
47377
16746
39034
48667
380
26371
35382
27585
35362
20627
40022
46309
35197
17078
23478
40565
15202
36249
3277
3350
10508
42958
42690
6867
6805
37380
18018
1605
29955
18583
28996
10506
13495
24802
6383
40896
27353
36259
31866
28647
32562
37336
37787
16734
40152
7804
35444
33946
40086
39965
26640
37931
32556
9214
4138
18393
12689
39877
26873
40216
8595
47509
30220
16826
40325
10134
7968
14558
38582
48330
13765
15262
38105
34257
26943
10182
37698
3843
39835
37623
48077
25386
3505
28736
6171
18638
40995
10526
27469
25157
25126
9523
26608
5214
16394
48410
49646
38351
22756
41061
16991
6168
416
32817
7625
44845
290
31765
8166
27312
29625
17661
42492
13949
105
4791
6445
30737
7112
32771
18870
37140
31672
44887
14407
37436
28906
32124
35562
41836
28940
9511
7375
5107
8846
31881
42267
49774
6546
7018
28864
3480
41513
48841
15112
44642
8979
25989
30958
15208
8330
18757
7956
48289
48038
10571
22283
13096
18985
38202
30983
41089
10383
48494
42443
43011
23116
18102
25775
28096
30254
31582
47183
40669
22649
19547
32700
13734
49470
11442
22309
17021
6502
3230
48714
3794
24717
41002
44692
17428
48635
45461
2537
28229
35353
35211
36256
4172
24197
36022
35681
48582
5565
15522
46656
39652
49010
17621
46705
34541
11426
36268
37318
17787
13294
34373
30242
8047
48203
35690
21564
22943
22083
10958
14253
5289
26221
33910
40977
41055
48560
2986
37817
22174
3233
29604
42706
32695
5290
2836
6514
49195
46556
49468
8501
32537
9167
12885
42888
24654
43030
6065
29631
47515
47746
1326
43576
39883
6931
49317
25385
18092
19742
41011
49446
47013
7617
31938
33159
15395
39638
3948
36681
12967
14883
35590
34614
4284
39289
13150
2731
9853
42496
11700
22507
30995
49681
606
29203
17211
12081
47929
45199
5798
22761
48543
18940
31799
21120
12359
41817
30749
2391
21630
28821
40888
44599
19892
11188
25101
5298
47021
25563
1823
4254
21678
16219
1592
8715
47611
15565
31082
26092
38528
39975
37468
33393
23469
38596
25434
20578
6000
44285
27719
25674
11873
18989
22460
16506
23176
22686
13584
20296
21033
1321
29259
29103
17878
42436
22752
32268
2764
32115
9667
20877
35036
31888
27161
31508
33886
13903
49458
12300
8519
38295
226
26030
9563
1944
19776
43375
476
9960
13207
34864
5335
3093
24616
31124
7665
41583
48479
20277
14017
33247
12636
18182
18138
32000
2381
47353
8459
48620
47713
2583
40406
39579
2555
27909
21676
20427
1931
419
3964
49626
17865
31346
41082
26133
15340
28209
8587
39343
39818
4342
46822
27717
18978
30828
16808
8082
48865
5367
29545
15734
19450
8254
40528
1235
10345
17475
34072
24340
4263
38764
7744
48320
31588
34889
5140
22382
15673
20472
41300
12869
34364
23168
45195
15919
44330
4558
9749
43241
35405
41848
14344
23231
4161
6697
8311
46684
48398
13915
16093
22478
28079
43347
5650
4067
39878
8080
47057
47240
11146
42829
9763
8843
45940
40074
7262
47933
17717
13403
28912
46650
2592
14697
27077
19864
46636
9446
7429
12563
16142
8525
12582
2589
27183
3650
31717
38547
35754
1068
950
39213
36752
17302
45003
4522
47874
4211
28196
38986
17217
39789
21231
3930
36609
25181
22481
43684
49920
46146
45993
8177
35544
33221
36063
15721
17626
40254
36301
22227
8880
44691
10704
6908
24990
26045
12668
16580
30681
28981
11097
19512
36044
15860
42030
11336
1589
46056
41377
27474
19751
26751
49786
40122
43337
37663
75
6384
18122
36685
14415
7232
8162
32794
29658
49131
47601
24911
47098
19038
37104
13395
49498
17863
34743
1822
30916
26553
28134
40527
42792
36823
46765
2180
33349
10884
44107
16139
19321
49140
45064
387
39515
350
7283
10765
36153
38071
20930
16804
13230
7696
24347
15256
18096
22355
38363
42002
34795
1044
18004
39027
20477
12273
28154
41124
42836
21530
48247
39828
48769
16225
43927
19049
38695
42285
21307
24243
1770
11746
14808
30222
46649
40261
29303
13886
41750
45060
32332
31744
46800
45803
8966
28433
47412
9159
6126
13261
22635
22557
31600
2410
2260
24053
1668
49979
3032
9797
35870
18448
44559
6330
5602
22615
29004
23737
24821
23257
47394
48187
29009
31572
5002
9661
37635
5634
47532
2845
12477
19202
21775
35411
21309
750
17458
8019
10807
28406
17833
1588
34543
47088
22327
1246
36046
10208
26032
13062
42832
39695
7882
9556
9387
6296
46297
33567
6630
10690
9810
37511
40116
24729
27488
33756
15561
8496
36346
27022
35450
34102
35600
35276
43814
756
22073
38227
20745
33042
26963
21920
15361
1396
31974
41461
38619
41012
17725
40858
1975
4072
47489
9613
16025
17875
30270
30192
38121
49373
3673
42420
1443
30306
11540
3605
12860
7021
49100
4136
31486
42647
49636
46327
13679
8946
23989
18016
44775
19849
2556
3107
34797
2769
11835
38661
12074
44233
39741
24231
42570
43047
43863
11782
5041
10533
16013
8915
27673
37343
4797
34843
44730
49430
45162
1115
46529
45624
28599
41071
27806
23002
39490
25807
26172
42710
47253
39669
34697
48346
17192
47979
48669
23569
4047
4226
16968
33538
35241
15300
26630
37877
44073
24980
14045
1503
400
6934
23587
14647
17262
15449
17892
49239
14442
4312
4511
10360
12695
23700
16132
20680
27621
21871
38914
20633
268
13172
47792
3181
32028
43277
35135
14081
12883
21958
16480
5132
23203
9118
38957
40327
33797
14012
44106
35082
30151
835
24594
36928
22469
44212
28162
39578
5884
31631
11019
35628
28891
45712
34448
20580
11628
38280
31168
25806
13133
49344
42940
14914
32899
46238
25158
40113
20744
16820
33867
21236
8841
21997
38175
45289
9698
15607
4266
22888
21819
3958
10743
7411
30687
4786
41153
40026
24498
9165
1596
29378
49737
13174
18633
18254
908
4553
10071
37230
30388
18797
37432
48249
14053
26794
13110
25429
6186
6760
8615
22268
42347
5803
46666
30228
44989
26155
48835
10710
3219
5683
46941
12334
11926
10257
47101
47036
891
45204
39612
37736
6998
6580
36118
25886
36865
41388
12858
14691
47535
12525
13598
12021
8774
11788
9701
16584
12848
27744
21392
24945
35168
42883
34264
36165
37908
45673
4108
25368
18680
42417
27420
26488
7938
8906
45665
28073
41907
42304
9420
48295
26483
4574
6904
14410
39871
1760
30540
11669
36973
22885
37758
21490
35369
10141
41972
33457
41685
11494
11425
4743
13951
12313
18487
9397
49308
26558
5114
29763
31348
48632
47251
14667
30102
11732
28175
27011
47725
11730
40621
33780
19258
34731
20609
1529
10888
17980
41775
40427
7230
1012
38649
20007
24864
28583
13789
26418
42993
27859
26462
27277
14705
17158
49367
10817
44307
5863
7522
42624
27220
28485
22514
35949
18284
16592
49482
13516
40161
31114
34031
19895
1337
35756
27807
38705
36739
49509
40716
6892
33847
38600
15487
676
27945
2458
31844
8712
2083
25296
11756
32421
2567
32604
22870
3715
34560
34415
36713
19043
48280
24799
18493
19775
14471
28023
46386
12299
39
30591
26934
13304
32666
39790
49942
47685
40729
28512
17766
47669
20438
37293
13848
13454
25514
8161
49513
4245
47433
33240
6280
30754
11253
3266
22549
49437
44358
40905
28105
36279
11318
12342
40005
32243
26800
41249
20045
17845
34487
27801
12330
14027
29332
8756
33072
15679
30896
38683
18078
23679
44420
6114
49494
16833
3698
33269
33190
46374
17018
37430
30800
17773
20096
20817
810
343
27599
36722
26950
6586
9441
17081
26236
17408
29423
10810
41220
25665
47269
584
39779
34904
45596
35782
25177
14934
49499
4931
41142
43237
2883
47941
47420
44252
37977
3197
48593
46777
2613
10621
1498
21259
5279
12832
13524
4770
20774
23250
20660
33246
40520
33501
27274
6449
31190
27886
6686
13758
26268
29027
35313
871
32213
40390
30568
26679
44784
14751
24500
40278
40749
26109
23669
35283
41859
43044
13404
12942
37792
2810
17620
43762
6223
35278
15378
28129
19893
43289
35217
7145
40204
38308
14892
29302
20330
38272
11998
47073
42274
18036
28410
25460
28165
34053
19144
41178
27663
32951
11977
43936
5502
45831
33891
5084
39472
46908
17529
12971
13410
9234
32157
946
34659
884
7799
9744
8387
27581
11795
43278
7825
39495
7253
20523
32694
27836
5791
45956
22082
37773
38007
15685
25627
8157
6517
19166
49591
4197
38808
12585
23840
10012
28635
6110
22619
48677
5457
7207
42242
23677
31614
42665
6068
19970
1779
46186
19869
39499
23826
24448
44623
34608
10774
11291
7011
45685
23803
30470
37168
4185
19030
48819
11224
49735
1561
2094
24720
9028
1811
28757
29556
35474
38984
21660
6359
9946
22014
37693
45774
27872
32751
11861
9430
808
560
23715
19285
24545
9954
19250
46520
30416
27645
41341
8098
15703
9035
7933
33973
46314
24285
30938
17157
13204
11483
35742
25022
20071
21628
5086
3986
26177
43559
21099
42975
49693
7362
19729
29024
48706
44865
4449
13005
38850
19767
42084
26788
14549
41313
32044
40845
211
11411
5037
31867
30287
48852
31237
31935
8664
12431
9111
5772
11946
34010
2440
24838
36149
14213
35546
29566
25075
49123
28973
2560
32541
31774
33043
9584
29098
13068
9651
17928
45073
42362
9725
32193
35591
9092
3511
45824
29489
31286
49204
44239
19414
38312
34140
2783
13844
43468
41179
32403
29928
13866
30661
40547
19967
663
44207
48757
11083
16306
16171
24378
2059
28817
2356
33296
9735
41970
12533
10636
6822
23504
26533
3119
30109
24433
15363
25301
4893
46984
27042
25548
40558
49762
48615
4618
41713
39714
13834
31381
7999
20269
31773
16516
27424
2698
29967
32259
29358
24211
6472
20366
31806
35956
35093
15325
15857
1726
22534
3787
22480
17768
39326
5779
31284
29779
37239
42856
3213
27422
42660
18372
4766
8026
48089
24825
17686
42508
5814
19636
1564
21956
17505
38179
13106
9239
26235
19212
551
35674
34761
23392
39563
31587
23345
310
32341
1674
33932
15693
1856
18821
27489
40017
25381
39748
6683
23696
25379
9389
34803
42719
20624
28768
48110
983
49434
48795
27279
2322
43340
8261
37730
7259
44066
17106
44446
2729
7063
46626
12607
718
15783
18834
13880
29402
12341
42666
25533
14202
36680
22479
3377
4153
28541
22921
4695
27937
49259
38036
28987
40060
17494
8180
7806
13048
36656
48672
40271
14965
3460
21670
9299
44410
30093
24590
14829
49608
4678
9919
37024
21814
43267
31050
3990
43299
31113
33417
49794
10645
2484
13444
37994
35918
28099
11263
29157
43683
38101
36015
29593
9694
2704
49710
13364
12007
40478
46775
13250
33053
16455
21320
28574
36794
19721
25307
22188
10266
45891
48977
15444
34852
22237
19510
47323
19183
18736
49848
9604
35577
25750
32173
13581
5512
45627
23518
47409
19485
44436
43135
15250
13121
27149
2038
26171
14019
34386
46335
22868
21692
39554
32566
6007
41801
10434
14782
32978
29701
25880
13170
8154
6705
15568
23655
26930
43845
36537
47138
31337
8550
7820
23766
14339
4881
22223
17612
16395
29309
48147
11213
4978
37626
21294
46303
4937
6249
21654
23950
13218
36934
49491
42401
7246
18853
24077
14574
14481
12564
18771
19243
31132
38297
20025
46455
48616
9292
38211
42055
22940
14844
48821
40056
43175
47809
19584
43019
40399
18165
24132
40994
10656
49514
7919
32481
28682
16087
8053
302
6794
44226
886
39056
33055
7264
35998
13144
24390
11195
49612
37518
46480
2526
20521
47350
38021
17206
11274
7185
6302
7297
36020
20889
21923
35115
3555
17041
34785
30795
2838
43256
7714
29088
34122
19693
5284
8364
8050
12764
46648
29314
26618
16554
44898
40526
21909
26572
22666
9902
44250
11635
33722
16079
14153
13887
25419
2193
36360
36667
43185
42672
23951
39201
32424
3395
20863
45784
17014
36637
18772
34844
33186
27770
7643
16512
43193
38945
44148
40803
5611
26981
7463
29879
11128
46728
29590
15815
45729
13599
24664
15738
17115
20772
32301
28258
23353
7155
45354
33757
22833
13669
21763
13745
34531
36083
1333
13299
6304
37143
36017
47435
29745
15214
16446
44671
23706
45512
42065
40468
13503
49818
20403
47577
1636
8805
33141
42349
13484
2464
15583
45613
43166
30819
37971
25366
29120
15379
23994
12132
37703
23192
36931
17019
29017
29860
42188
22618
26667
46677
47980
40078
32238
17391
26188
13372
24918
10413
1965
5303
48652
12496
25288
10009
16320
9025
9312
38287
12464
48524
33959
46819
22184
3410
36444
34316
15870
22252
26985
29026
22190
20932
23556
48407
33412
24100
6282
16213
40472
34822
22388
15724
45088
490
3481
34133
12387
47964
26424
41883
37482
34704
31409
2125
45997
382
46163
1403
48051
38769
37988
29785
34281
41962
48056
19019
11592
1998
29053
27816
402
32947
2171
44652
37297
3059
32085
1787
17498
40310
11087
26126
34218
36618
29388
43665
40985
46832
34724
39990
13178
21343
13502
31288
16077
17045
1611
16151
40018
1114
34464
14350
28461
12260
9986
42453
46188
46758
34286
47719
11258
7866
46807
27973
7652
7045
21526
41722
21853
27094
20632
38450
40842
37373
19689
17245
34892
43790
38772
19317
47001
23689
41566
19669
49578
15041
36351
21951
16197
32888
26796
20122
15598
34888
39851
29921
3055
15185
3693
3995
8247
728
42062
46602
26702
32986
11134
27745
30198
5806
8929
40578
21558
19372
26939
23530
32465
6
13767
15718
25388
49582
17808
30629
44707
21560
8371
29454
15127
46483
3379
6636
47868
3536
24400
337
41186
7028
5104
35958
34340
18522
689
46587
4760
17754
19298
39212
31684
24866
47086
38511
16044
23466
38415
5893
43128
28938
35325
14948
40649
16416
22456
48774
4467
1580
41929
27578
31347
42788
19683
12269
20110
15744
26638
45498
6619
10850
16363
18839
4537
11805
43736
37163
35066
23912
41730
39516
29910
543
37596
35552
12205
26579
46760
6921
3807
26476
26760
18400
34062
10218
42080
34658
20019
49820
31816
70
48622
45183
11375
24967
11597
2201
32396
38660
41336
46426
20381
8283
421
15494
39842
15010
35875
41177
25012
48487
20409
35964
18100
38343
1825
31511
13331
26894
23923
25692
6801
30382
33924
10049
35316
48145
3155
35291
25278
33540
48016
14814
29122
47322
39466
4007
719
40594
26342
26404
39194
1419
43949
34820
33134
41381
15204
39077
20788
42215
6608
35260
11089
28115
29422
37946
49879
3889
37551
10617
34620
23076
20670
23359
29188
35332
27215
49022
29087
26735
49876
20384
49778
28420
16133
29618
25867
21232
11495
37181
30165
44619
19452
1190
7409
43674
8975
5566
17309
23435
45098
42383
2341
12009
16949
40449
27172
5840
48535
44297
32639
31853
35152
7710
22313
43971
49547
21367
26615
8183
34879
23179
39778
43678
6263
30866
11437
14905
9628
15398
48257
49648
48850
34030
34526
27348
13974
22285
26650
6621
19913
30982
26359
17348
21052
14066
38933
41037
27289
28901
27620
9449
26844
48744
2790
11830
2174
41167
13666
31749
12318
30696
48355
921
26654
48098
33293
28696
4307
24937
10597
16304
47093
20810
11105
48900
3421
1899
14229
1410
10007
46635
2926
37589
23477
17173
27027
33763
8556
27000
19080
10914
10122
33607
1205
45924
3595
48421
35493
16493
49388
9273
19819
5824
11364
30697
17149
9182
35607
7194
6602
36325
18485
33665
8696
21254
42484
5425
45706
45082
38786
16731
21980
48178
11320
18006
48149
17320
25672
39407
23488
20221
47150
11762
47641
34685
29787
38181
3622
29793
1360
23356
25685
17095
23103
42893
9691
12438
16209
18344
6827
34190
16437
38819
15884
2515
30273
3104
7268
16231
38466
29361
3417
611
42586
11270
28851
1755
4073
15828
11520
13463
49023
26324
49689
24622
17082
33888
35598
15207
27771
25018
20080
20996
36754
30211
48897
12257
24495
16296
29883
1653
37614
6364
33915
10665
20396
1792
28101
3448
10127
17651
48469
21742
42545
33868
45698
32486
16860
39484
41096
44495
36284
47650
28612
36190
27304
40448
8209
19178
5868
3590
3178
45104
47522
45890
5117
33807
49695
49095
44139
19146
1906
9205
25961
38204
43424
36203
11584
14318
41391
23458
9673
9843
9775
22996
20992
18470
8991
9687
49082
33509
6618
16863
16588
38142
26260
13606
24326
30589
40892
44855
8950
41288
29249
2294
10614
32997
26113
16602
14981
30333
27473
28251
34172
35978
2347
31743
29446
43875
38400
13592
230
44045
33775
36135
4341
20064
48122
41983
24827
3616
15495
40765
9317
9348
22741
27552
19830
17992
33547
7480
38966
25778
31780
40422
7138
48748
4947
8052
25939
27002
44977
32596
35736
27355
39277
17859
27282
19123
13558
17697
13531
39079
3248
10776
21198
4705
32704
16034
7049
16872
10523
36884
41190
43057
1244
17203
12245
23371
12368
19496
37340
24189
451
42073
13405
10945
22352
38781
29185
16740
16200
9349
18375
43138
21903
24203
49772
24884
23688
43950
29527
30405
14585
39494
30455
44997
14656
1122
7188
26737
30579
14391
22392
27976
29269
42277
33569
8864
412
26432
33904
44883
7096
38082
34707
34434
9136
36947
34104
9974
49968
29788
7855
36545
47413
1369
9006
21328
48342
35641
32889
35734
43607
49133
40592
10470
39158
31052
46932
6959
33039
7076
45206
34199
20631
19627
38503
36275
10488
28262
27205
30193
4236
41680
22907
15490
26059
17032
45241
4817
16959
19273
32570
25504
18173
1571
16418
43294
38487
48503
9697
9367
20975
40816
9565
35150
22043
30941
32854
36480
16625
19306
47495
45
17797
43107
40281
34111
21098
22744
34897
161
45621
16865
29568
9378
23273
35612
36725
10856
34376
35142
25543
33655
36391
13815
27431
13087
44937
12163
21664
1305
45164
44037
703
40827
34496
8511
24949
26492
40407
30927
15316
28346
40412
37080
3671
32838
17877
2980
22171
39183
49079
14300
3944
37992
31862
38590
11775
26314
16220
40791
571
30953
34528
1604
37382
44603
1528
9705
24288
29341
20347
29768
35404
28216
28624
33094
32041
12221
45588
7943
22041
20605
7824
40768
23292
21773
15142
42332
12955
43105
34055
27629
28666
20318
25842
7523
44973
2113
20440
36651
21020
8837
36089
47358
2675
23915
69
11036
29010
40570
27332
1146
47454
25017
8588
3598
1648
19750
24046
33409
10518
49918
48657
28197
10768
14864
28664
46744
10000
13117
34461
31912
29851
1032
43662
44688
8786
47111
18368
38367
24253
24438
33791
29385
4847
46878
12716
27893
47652
20998
7761
5743
1296
475
28831
1603
35986
45209
41974
20676
43738
11860
9004
8242
49220
15246
16074
1659
49714
37712
25654
23636
25146
29771
44595
24984
40075
13845
12413
47848
15885
7843
39476
20561
82
13319
34680
18687
8751
49922
18003
35926
3712
36867
23252
7740
14474
45658
24414
2111
1995
19901
33388
40974
24381
40740
22049
1876
47732
48277
27965
8273
21462
46557
31398
13797
22119
9973
10535
38628
46955
48644
5971
22789
23348
684
30241
35709
5709
7664
30781
19717
23711
8760
26891
45390
33120
16046
46190
17015
22965
33611
34503
38515
5253
5213
12946
15542
8819
29129
26352
6491
43768
7960
40757
20148
5782
10705
11500
10451
545
3330
22898
21280
14274
49512
47761
33745
43564
32547
9005
34114
49487
14735
990
3170
25415
48091
17197
6575
43254
46567
12018
22196
17726
14497
45315
7431
38728
4745
6385
16607
36073
19976
4163
46586
32612
21765
45349
35453
23800
25129
18423
1247
23811
45590
4806
33705
40539
9001
20252
45467
11225
46322
48826
44196
16156
31329
29140
45975
6329
30164
38488
8598
33250
19033
31792
44064
6481
36963
30353
21129
34497
43425
7267
46922
45529
20831
48318
24562
21979
27547
1524
39083
23331
30852
37272
42944
11266
38809
13841
41975
28792
18564
26469
6390
7495
14886
35784
16603
43770
4531
43330
30929
17673
32527
42752
27142
17533
16644
4120
23402
42152
22506
35318
36799
3904
16247
41360
34648
20665
31397
26874
3399
4377
38392
33196
15702
18157
2352
48951
27711
27268
47361
10441
8185
38824
15906
42281
2143
15905
3626
31752
40208
21041
23797
19293
19050
26266
33622
2785
29575
5426
30373
4889
13155
17900
43941
27841
45041
23337
10167
10417
6121
16384
37885
27112
36869
48732
25967
30506
35236
16859
42429
29841
27904
39957
31766
42630
5980
21840
41675
16280
42351
33774
46925
7624
13169
17460
8216
42511
31897
29374
8202
48613
10477
5307
180
44983
45014
30727
40326
12487
33331
14617
29951
39722
27255
29782
38238
7978
48863
45248
33038
8281
21252
43691
42471
10882
19174
2256
183
28238
45346
27167
7020
23938
7828
27910
2815
11641
33693
16905
29216
30298
27690
47546
49852
39389
5258
49899
4746
33766
14127
18857
9450
4625
28818
25051
32331
28187
44914
30609
30904
26915
22208
31706
2368
8593
44892
30516
11170
25969
45219
8752
38818
28649
7211
41034
2933
10832
20947
38566
49784
40176
29062
20132
23617
40683
18314
34260
27118
29834
42984
22084
38884
16050
28181
31333
33684
43316
43171
47825
14595
30136
47920
45569
37727
11567
40522
12598
44485
45475
32377
36095
41356
17466
35853
2472
24832
3568
16805
32449
44014
46298
26054
15558
35147
21919
24678
46498
33041
46951
4547
2992
6447
1901
43748
25274
10841
29676
13119
7475
24068
36141
12101
24643
46347
1958
14736
48004
42833
34609
12369
825
28809
18416
7075
14561
4595
18377
19169
44016
7678
48202
34331
25060
7108
29135
47762
9938
39519
32624
43488
21519
7774
19227
22431
5099
14531
11940
565
19802
15950
14077
3173
27045
1181
39893
38766
43248
30888
27664
16130
39771
5212
1915
33969
24548
3654
18859
6185
1936
1535
30680
9977
41008
4892
28291
13167
35040
20673
44821
9109
9871
48947
35545
41438
16051
5164
17064
143
45672
18463
37384
27111
22003
48843
13806
45001
12835
22328
17666
24348
47787
22774
787
2063
33586
4178
24932
8592
6582
25600
16670
7275
35067
49137
3795
19948
49398
1461
15789
5266
14436
13196
16920
34806
18535
10912
13697
27969
7217
49802
33047
9891
21762
1863
7723
31798
31584
15887
38777
4542
6826
9181
43688
11154
45311
7355
36854
2612
41088
17112
10264
42598
10587
45090
27119
8010
177
29086
37438
5784
45180
15740
28465
31226
20437
31480
10589
43381
2251
23102
5143
30272
25691
48278
20594
9179
46702
667
26192
30839
8892
8221
29616
9652
4061
6243
34229
2889
12686
7476
37919
36874
9820
45680
45141
26824
48559
18625
25136
8986
39205
48454
12586
3255
42402
12571
4665
13392
34382
42604
15774
36748
46430
39916
49477
14080
23651
34970
3688
23739
41765
48136
34834
18727
34847
8529
23957
28808
47731
39840
44255
3748
33314
2091
18145
20675
42544
38897
37793
9373
29603
48190
39755
6727
19467
46851
5034
11683
7818
3662
47802
5450
14746
14596
17784
47286
25840
4117
22896
40361
8621
21389
2788
18364
5012
46583
47248
4928
40105
23196
36938
32455
36209
42057
574
21242
2561
42820
45531
4488
26253
11505
44474
20725
37540
13370
9032
39743
43131
28106
48384
17896
5079
46595
7167
22451
43765
41134
35419
29691
2768
29887
19499
14232
8389
35193
10346
49749
24483
33096
38838
11576
45403
36587
28310
41666
45634
1099
37847
35894
8580
27364
47573
30390
49866
5308
9689
4327
42683
24725
29995
35309
30322
31358
32061
18586
33781
31110
15912
34700
29344
3760
27550
27961
42573
47169
22541
12662
40174
16527
17121
49956
13446
38776
21208
26090
31564
29934
13661
44722
23988
24813
10306
7675
17123
23724
30686
40924
29158
44511
9114
11952
35246
619
5000
8852
3438
38770
15963
28405
28089
42682
49126
4773
6849
48099
2636
407
45317
44624
40044
15927
17537
38704
29653
38972
25911
28204
47365
32564
35664
3232
7004
12989
11583
16442
19859
9780
39444
41960
26316
17602
25131
24301
48300
22874
17519
43598
22999
16386
15459
40646
26201
27197
41014
25854
19697
45587
20306
37904
993
23209
43205
34817
3051
21443
45402
28235
37362
9670
36778
39832
11016
24233
41514
20304
24473
46714
9940
41589
48402
25489
11915
48924
49447
14378
41623
41574
42552
8174
7729
47289
29865
42325
18726
36354
22013
14486
28994
13029
8792
46338
40588
29263
27445
18163
31759
9051
14166
20358
31528
37399
46638
1088
10317
33203
41796
30233
7326
43887
17485
12555
39225
37630
32188
31823
13837
34115
14172
3249
17048
25941
26086
30683
3193
1812
14115
44581
45423
27800
10933
38682
44540
7520
29211
33182
7366
12531
46079
1082
18965
19896
33849
10113
662
44537
15739
14763
29981
43901
33966
41791
30940
47873
33553
32178
37435
11981
22537
20488
2436
39744
26094
16748
42677
3679
48651
7144
38070
48943
29106
49061
44048
37884
8833
9034
47449
33626
5762
45633
46142
20173
26805
25128
14923
976
22126
25946
43074
3604
42562
3459
17713
556
12244
22072
49401
14035
35298
15958
25300
46960
6626
46095
36356
10611
4275
41942
28695
43300
18942
16716
46532
1314
1686
7308
2750
30058
32522
47041
17289
42809
22357
17936
7273
44745
17913
28377
16325
21782
9695
49321
14160
10648
39023
47079
45239
33444
352
34841
12217
15008
20085
5340
35001
32073
20696
15814
26605
32720
16508
1169
49359
25190
31265
9796
31002
49884
8766
8899
31696
35233
40263
17037
40059
49450
20653
19815
1272
2024
18050
20395
31550
17143
24067
15793
33475
39406
21802
7052
17627
9813
32589
27214
12999
9848
2188
35912
30106
21565
34268
25917
45536
40763
32941
23187
14277
43370
33718
42553
26914
36757
31858
3228
523
41282
17527
43812
20761
31354
31782
43925
77
46680
23300
48388
4314
2277
18568
30263
30986
42503
47700
35643
41304
27056
27748
25696
28776
16152
15611
41309
1143
19000
12824
28423
32004
40590
29503
16640
36980
14262
18176
27266
24521
24772
14849
21807
25191
39558
160
831
8191
31193
37325
17762
10867
47890
48720
8416
3289
3491
35064
33489
1243
14552
6758
30252
38928
40764
30646
41289
38664
42379
35188
10773
13801
3361
33502
18169
11314
28932
11463
4296
36625
38180
19262
23526
12230
25502
32262
30964
37033
28049
7679
13066
6841
48148
49983
42731
8873
33302
20326
31945
25250
15254
23480
16102
44072
32766
14548
42221
23018
21806
13377
37734
2599
48082
31267
39610
48549
30841
2385
24182
25968
48387
3428
6348
42194
29253
869
45410
16135
19389
10557
31531
4104
42617
20858
30010
25786
31300
38815
36895
16457
8388
20364
8112
11129
21577
33692
32905
298
11868
5096
25833
38246
29139
13574
1910
28745
6416
26085
33927
48828
5756
9939
28760
38927
25056
46747
45589
26343
8331
13325
22932
10357
2071
33798
35565
34474
29933
46820
45203
48459
33821
39348
10678
20897
31338
11892
7115
10985
43660
94
49006
38206
20177
45608
15792
10066
22740
10750
28081
44901
29797
8219
12443
8565
39923
45511
13624
9085
5938
27915
48689
25944
24951
786
8101
15559
20982
12362
39294
28055
30739
25492
12145
9477
36834
24632
31474
16489
7241
10022
34499
21207
40949
1217
15318
6985
19939
32445
30218
33761
22423
6488
21850
28315
6454
45388
1254
44659
40609
36544
47795
2470
1062
34712
45427
26098
30436
47301
12212
46616
25080
28750
30320
11698
9933
22076
43338
18920
25689
3274
46154
34093
20551
6059
44840
13948
47442
4672
30414
26474
41128
4436
35053
15849
3467
25348
28660
46218
6096
11753
4843
37942
10728
19492
4048
19196
16681
43725
16965
3130
34875
29151
14176
18468
172
826
2829
31753
35935
14138
33040
35757
10205
48316
17298
30525
5073
15587
6981
16624
25299
30464
10388
11232
34951
5380
15324
39117
15722
20630
29058
19318
25540
46692
24055
10176
30360
15061
32294
17932
5336
14342
27097
48856
2511
35808
14744
38530
22168
42413
42082
4130
29872
3405
22753
29184
13816
23600
23596
16819
4448
27951
32908
42329
6101
18555
28019
35650
38925
19546
34816
19523
38477
46618
1001
1658
44613
13825
9415
46373
44259
28370
14475
35556
28884
7620
1758
44029
20880
29330
25551
22602
24427
23219
24619
31785
37330
896
33208
1843
33685
43815
20979
48878
2662
17528
13911
20714
19940
13889
40036
33989
19365
8654
5103
12798
1045
2868
20541
24459
27185
617
19563
25990
49728
26609
2489
14478
34033
28529
43938
11190
9802
45019
38871
26153
29431
1401
13013
17727
31248
18681
5135
22810
34929
25847
35290
32896
2154
44844
455
26472
42369
6457
586
36733
45791
11286
7626
45451
47655
42775
8232
9468
30203
42645
25878
34519
19349
36747
19244
27716
31206
39088
42937
25774
31461
19026
25558
20241
19445
42684
49462
1556
47299
23829
34367
14777
7446
74
36608
45275
33353
21624
15831
20231
37039
7245
33059
15259
30044
37448
3928
38519
19823
253
23092
1091
10310
31172
13102
20865
28897
22726
10746
10139
49216
39635
33283
48775
18203
17582
14004
19672
48210
2573
31683
21413
34606
18217
45460
2089
14802
29529
26195
6345
24567
36196
21267
39428
2013
14931
10303
42898
23021
43076
41373
1053
22057
41293
40615
1469
7821
19220
37738
41176
4894
47018
12258
28422
47849
37567
23171
23216
24468
28990
14069
48173
15160
27318
13479
726
34071
7973
40349
4018
34026
28480
4271
6789
38011
7840
13295
23660
37204
36741
27676
30327
16775
15554
7092
46496
31484
47277
46387
32053
47570
23862
39370
24610
7879
37974
8978
21347
49927
38427
1279
10947
47192
44826
12469
30638
38239
25418
486
7775
19295
35225
47733
17692
49113
33908
30129
30139
19241
22127
36731
32459
9429
40025
41279
18399
41935
36974
605
13032
10240
10048
18550
3096
7062
2647
3977
37857
36185
24606
2850
32490
3645
17327
23524
46973
49518
26926
19488
35128
33598
33031
4008
46974
23341
18321
40160
31332
1743
13090
31818
5508
18142
33372
7172
10968
2855
13804
28421
8355
16606
18187
46958
4627
40308
22519
37419
45812
20730
42053
20760
10051
47423
30892
34302
7433
27826
29336
48112
47247
33465
10210
21332
45699
19430
43735
28249
31739
2349
16674
18794
48065
33273
34826
22258
3738
14761
35555
39298
1483
36993
29281
29071
45351
5688
28517
28504
34164
1388
3145
43341
2308
2238
377
44421
15961
30025
36887
44756
32131
41101
4818
11585
36104
39620
44249
21523
47389
8115
44043
41208
4053
25979
27797
30677
18120
31173
32548
34170
21731
24689
8764
30163
26704
37102
20400
27901
8614
4563
5195
27391
40158
47130
8753
37259
49783
2439
38949
43561
10647
28927
14911
7733
15141
31630
40411
11973
21552
26402
29693
11110
17956
26636
38948
21326
10739
3426
21023
7709
25656
7390
13719
8813
48726
33923
4908
52
7368
35410
36281
17615
29238
38072
25210
8315
9314
30675
11836
15103
4495
37874
438
15977
15371
32907
5548
8904
35489
47184
42045
16359
7393
39831
10432
23334
7530
25573
12047
44978
42486
28717
3874
3818
42392
15796
9740
44700
2820
17994
931
5131
9640
42303
9221
29136
32063
12131
13561
7031
42217
31414
48919
39234
31754
389
20402
46877
43285
43605
21902
22231
16369
35962
38421
17821
20637
6603
11011
24065
16145
46294
20837
29312
11701
47854
10921
35030
23044
3200
22960
32315
18081
5773
18476
6550
35226
8262
33894
31986
46513
46005
29752
18403
38486
38223
13965
42480
30921
26309
41778
27065
43804
45606
39169
36102
13876
10017
20711
1100
31536
29893
3445
41422
2134
14010
10731
34278
27897
22098
20902
25796
11792
21143
24730
16922
25666
47406
36042
12206
25645
11149
21402
35524
38680
37733
17286
38610
30234
15317
24680
25324
21450
48391
49849
27278
37248
26453
36828
37437
28338
4438
36817
48517
43722
39230
26687
36193
28092
23057
23588
24867
7907
10801
48476
487
20253
45575
42584
11648
46215
158
7683
16382
31746
47957
30037
9082
37834
39860
16909
2624
3406
41771
33836
9748
49334
38826
22971
36652
46326
47914
12399
34964
26662
23521
46812
27294
27078
40071
8898
31611
3001
39477
44672
1140
39801
9805
42723
35848
43643
49265
16706
27236
40491
45851
26513
33951
12242
30971
25923
38701
34124
11586
8552
40047
36972
48741
3418
4066
44677
35198
26799
34563
1434
22089
38724
41117
10102
34389
24691
35882
10472
30011
21097
9622
675
23844
16772
49363
47187
23920
10390
10779
5056
8627
3798
12479
14784
43094
15347
24863
38332
21065
41362
30981
32578
18386
33980
23619
35933
21783
45250
36178
29471
9807
15972
37334
40222
14470
24593
45644
6653
8253
17891
24226
9220
32484
25659
33242
37333
3314
20063
42478
48168
5121
23741
26876
19816
19630
13637
40624
10428
43209
42771
14605
16224
5262
28442
36075
8352
4374
1879
3022
292
129
45077
10510
17790
45431
16801
3073
44502
23529
42871
1689
37957
10640
41626
26893
9048
49186
18798
33067
27125
43163
38859
4480
5074
32598
48823
8307
2216
4281
32886
2742
30421
43354
9770
22560
4395
3665
37865
49384
5961
10605
11301
45787
579
3755
2714
19223
4513
13964
41378
8009
11970
36143
18285
10562
39335
7243
46360
49419
47188
44399
2851
24458
40490
11911
47356
49263
30251
19774
49919
3686
29957
37500
47173
42982
44813
23812
14278
22749
12985
39718
5706
8738
48347
26632
3823
22933
4300
29971
23097
2655
37776
39841
6040
46482
36077
9596
9544
22343
49911
44067
37486
41043
19684
39663
31066
17463
23386
37344
2603
12674
12651
25053
32094
23378
10453
126
29366
22253
30855
29844
34664
10461
47461
6137
38459
49541
22850
26938
15656
3765
24599
33335
44556
18101
41046
14494
42292
2004
11891
9264
35403
24262
24007
28490
20669
47912
18259
34996
37222
40395
34984
16183
32931
4842
23642
33990
26994
49862
9967
39697
38159
49787
17566
45722
28380
7898
27787
25795
32399
48997
18028
21760
12259
9088
39701
2179
15723
46707
41225
45480
5128
15409
35351
15129
31563
11958
20057
38672
25361
23140
16751
45893
46175
307
38013
19713
41033
19660
19549
18697
23593
379
34154
34863
48383
33146
6590
43274
36807
20216
35833
43627
18174
28591
21569
43848
20217
20532
12140
49132
38500
13826
45426
30402
31009
21933
844
16672
32806
19792
46710
27851
34044
14646
11284
47182
1549
46732
47386
16955
33152
11091
26970
4897
31375
6771
36200
34271
47962
926
17314
48192
46261
30094
30207
32864
1594
5941
16402
3811
6085
39170
4583
28111
39788
20345
15934
20516
29979
4321
33985
36269
16328
18340
13980
35319
33006
24574
3208
47681
44651
13988
28931
43555
25405
47859
20825
20301
34163
35655
28294
6415
45896
42963
5957
6940
20223
21334
1669
37952
36440
44980
34632
9575
44007
39061
28232
14536
25625
39209
14075
36417
37718
41500
37424
19102
45903
36322
27954
39479
29451
3024
22260
9107
28988
6906
9737
522
9611
29145
30759
35100
9719
45281
5904
21471
11086
46630
6428
27709
5385
12637
26225
39503
20920
47712
33658
24510
33255
29137
26148
44110
33860
22271
8306
31910
28667
38293
22937
45145
5225
3166
20571
22449
47995
45899
39949
1374
36076
2917
4711
20031
27967
12134
11288
34311
45594
12388
47261
33592
34654
11201
9483
33619
27485
3282
49769
15515
29405
22828
2041
31738
27510
17872
28221
49952
30019
31311
32629
18451
49592
38387
23965
34622
4851
18799
40292
14086
44412
5630
32809
14321
41344
36564
4629
46270
39243
39850
17572
36497
35103
17184
11194
24379
40191
42669
23012
24075
3769
7672
33736
35025
28721
5774
38313
30130
43864
15105
12268
26242
45602
40114
32954
25133
10703
48820
45726
3391
40115
14841
5274
18276
1431
43519
374
5888
34741
12407
39731
40919
3364
14248
30587
25712
24576
36515
20183
7291
16829
38296
19085
3680
22441
34590
49017
3778
10469
48717
18695
42096
28190
22385
13486
113
26877
24912
23990
24402
21586
23132
15689
40341
40573
20303
6606
3756
22939
47326
10327
33885
11778
27960
25063
35660
46267
13045
22984
36485
6977
7766
49851
9038
4559
20885
31608
28997
13019
33354
34246
31705
45872
9040
9421
37302
44395
20219
2000
8356
48827
30627
25283
2944
27936
10128
22464
25347
41738
17720
18867
2646
10580
47508
24042
45568
3768
45841
31335
38357
35413
40153
29167
24008
1079
48163
4925
15454
24546
46200
24460
889
46195
29025
1382
11834
939
164
1517
8046
27080
531
11900
17094
20235
35817
31339
2427
1165
30172
37969
21454
49466
25658
17624
42686
19527
48344
25799
35322
18891
18426
46247
22631
34656
17435
25325
27237
42093
32780
43332
32980
39397
37124
17817
12179
6731
11741
6132
16447
28916
23471
2672
45990
30411
23149
29962
38952
17903
2264
3754
37949
29236
16060
27124
18968
33351
17150
36243
40738
35928
10691
44690
13475
4176
41006
20746
41172
20557
16898
12302
5029
46957
8961
49141
23914
1466
48083
18129
41784
18988
18546
12346
443
47080
22569
25739
30897
47271
46909
43383
39950
24060
40934
33034
3097
18613
15668
861
28802
38707
22849
38552
15249
9398
842
39804
40404
24972
39933
36446
39696
1576
44419
25593
6784
18959
14689
34955
37433
9157
21438
35183
21603
44748
4909
12984
40460
13984
19382
24959
40091
37695
28715
25314
32152
19217
14056
36342
40810
1258
38613
48596
34839
40931
13053
47605
2621
21366
21449
42184
19128
40901
8737
20287
16985
45103
49583
21150
35435
36488
2379
34410
2877
12115
19820
37416
42469
41466
12391
2859
11562
23791
19142
715
6641
17730
6899
7574
32955
5763
27211
49674
4683
14005
17249
24879
28102
48170
17649
20255
23485
42680
14575
2302
17598
1701
17677
16154
40045
34337
36303
42270
37825
28908
32725
28321
12966
14113
43668
22576
10798
39157
4808
39342
35737
47938
8926
36528
1996
14712
17182
36166
3638
1835
40701
43980
19984
14958
41965
13586
11025
11633
12366
11355
41210
31789
9460
21733
47318
20436
20987
41919
41144
8121
32546
41105
6605
49510
18069
3915
33436
36624
35187
43832
46978
964
29891
6409
21535
30308
37000
1047
7372
4127
28904
44966
8383
21492
49111
31648
19591
42213
9806
21281
19727
26452
31656
15901
34359
13274
10989
10431
4397
8516
5254
29710
28240
27887
25648
32518
25294
25391
25972
14916
40936
17685
41070
17054
2958
39064
43653
33545
5671
40574
33450
31809
7556
1880
19929
43428
1731
25866
38090
42449
43362
21663
34767
23241
19204
39667
48326
48746
21701
36968
12137
34348
8918
17407
49756
25260
8910
2423
4638
22266
14052
39786
41861
15506
20130
16608
29728
48322
38536
34765
32467
6813
45765
14485
46248
15496
45177
43056
20694
8100
38711
25761
43855
32305
5130
3746
19621
15440
33919
42818
11858
7260
34119
18342
48436
32342
7345
38562
11711
6987
44859
10572
18352
47131
5453
25292
22221
39892
20588
20048
22821
46938
882
42764
44640
23124
1911
1942
47185
1383
397
14545
25002
45797
1011
34107
43567
2688
2759
23928
42990
5857
12876
40908
43549
46931
14997
45520
42352
38165
16691
18353
12158
11445
37898
45326
29843
1195
23762
12498
13468
32679
21385
22729
38354
36730
26077
9291
40466
32139
7419
35856
4431
48390
42575
6308
28653
6054
22074
38626
42967
24536
19954
44286
34894
5930
40569
20751
42092
10898
18733
29507
7238
537
38911
21789
1090
29849
46468
7101
7640
45649
32554
43889
13017
10609
9878
40437
5022
6080
19991
21758
32752
23892
15451
16657
37295
27920
44197
48325
47569
27697
31353
35207
903
24627
7892
24377
30885
31152
30810
9865
30802
16492
1422
32885
16059
7667
46902
15688
42142
35877
43253
10934
34184
5810
10311
18316
49461
9400
37530
32180
19047
35143
42533
19418
16444
984
43060
27204
33385
46584
32753
39307
48719
13473
23681
44458
13492
31732
9866
39758
20117
26353
2680
4995
16254
39268
6520
40719
18533
17683
18454
34481
8794
15631
11794
44201
19626
41807
48902
17718
15898
22444
16575
26278
1649
7265
22185
44801
11760
28160
40812
43493
48184
20538
40506
16473
11161
8532
34334
18387
4952
24941
3283
33754
41199
27981
32642
33326
43079
45701
15809
36729
24857
15550
43584
34568
18354
6632
32868
1060
24101
13852
2656
32202
22824
46858
24694
7132
38525
31903
43989
36091
36010
18800
49221
27101
8836
21298
48745
14514
4183
40589
35764
24572
33442
9320
13323
40950
20507
4380
32736
17514
19615
38220
46124
25352
20942
7479
46047
25759
5217
7386
14868
22059
42869
33206
873
18591
31411
10966
33490
49565
29987
44765
11324
39263
36640
21969
40721
35602
32309
7771
44584
39783
37199
4713
29192
24557
14539
49871
44153
46216
28056
49125
43366
35684
19316
32098
29737
17908
32560
24882
15441
42633
12012
36966
11431
34449
27407
14319
17378
20320
104
9870
9795
40291
21880
43139
10365
10097
9724
22829
6687
11676
22922
6018
8203
41233
36955
6453
15019
13213
5651
15999
19671
43563
14288
13909
15820
38586
23865
9680
21486
15647
4834
36140
30435
2420
39279
2930
36396
4538
7236
4739
18093
6955
21149
34290
41525
15400
12856
35968
30004
39186
22886
708
2395
24020
25049
33972
46094
38171
4489
24240
22755
38917
36307
20184
23143
8704
43250
12948
9672
40770
16136
3338
24330
47888
1411
14950
21164
21829
39311
45816
27107
40622
23286
15131
14827
41800
12705
31445
38489
37341
42035
8289
12951
10800
26247
21118
21690
4853
17264
45570
36341
32137
18905
45667
4824
38559
11697
34507
3020
45286
18044
39941
17317
46900
44299
43372
26765
27435
7858
8169
19567
44987
7654
40736
37517
25827
27895
26368
44437
5315
19686
44612
46990
10137
22679
4775
5403
6205
29819
7162
23507
34125
24676
31095
6527
23738
4550
44140
21007
35525
29645
42835
3503
9653
46205
47163
40083
45933
19141
12649
2577
22323
21027
33467
19240
514
35601
38020
23756
9160
48465
1162
9827
43258
13499
34357
45510
44117
40067
21573
13631
8422
2706
41686
46897
46206
6024
5451
5170
22893
22115
1353
29848
315
49348
9599
1215
6843
42852
2066
36174
38086
22120
3044
18121
29621
19008
43888
2469
32057
30960
11173
26584
29926
47971
25783
21301
31855
47693
5713
32929
12683
3152
25846
43913
24156
31185
3519
49198
43458
4366
44974
27842
11864
33002
21058
46167
14811
38182
34126
9814
336
21295
33506
8953
4042
32086
44972
23174
9098
42981
45122
27763
29213
46024
22772
4255
33259
21344
26301
48080
42901
18770
18196
14518
14938
24229
44684
19191
32584
17377
45684
36521
43312
38563
42331
7642
9980
16086
37361
25130
24726
49120
33809
10576
14591
25677
3239
9778
30926
671
35596
27066
10069
34303
47975
15681
44444
29041
12119
38264
5122
36019
27512
29146
23850
26181
1476
49520
39414
7511
18336
11763
5837
41968
21635
36706
39148
38848
42403
25338
35822
8393
1394
46337
48771
5257
22875
19598
31180
42100
39219
26066
3660
12902
49205
4740
6039
24363
11040
28983
25013
34371
33251
37735
28186
22720
26525
46149
41127
45471
7878
26707
10799
3905
30009
45179
22700
21394
5110
37185
10372
26835
48528
2510
24849
32136
19936
30171
29400
37316
18845
19031
19851
15902
45260
196
20535
4326
4361
7810
44229
45212
43086
18713
5913
8583
46198
45474
34469
36533
17756
14775
24314
32374
42006
46678
22446
44065
32592
26928
40970
49987
6991
1400
42005
27528
47475
36056
24148
41471
3192
9322
36426
43207
18166
10380
12751
28791
44917
45687
37440
16861
43612
44137
37851
21266
14672
24731
22278
15365
46365
48175
44274
1485
33699
25286
13732
36619
12528
25649
12065
48927
46884
42454
49108
30783
31108
12614
17178
38052
24421
45487
25798
10954
24955
48057
47530
22879
29243
4121
29965
37083
22047
30670
37138
8165
46718
760
22272
35018
6053
24202
38651
41248
23548
6720
37923
19708
18529
17967
14949
30292
36596
24221
36760
21723
42151
44223
48470
49262
4500
27234
39904
18596
1283
21784
23733
40260
12706
44532
21028
10586
20895
43592
1577
26712
45869
5191
37715
38349
31857
47048
14852
33062
46033
37982
14087
35843
18779
8624
10190
36758
29716
3597
39368
42694
45532
46333
40379
10588
29744
4844
34529
34958
46020
29627
20941
17344
17710
18087
2211
9603
45264
11262
42175
45174
31553
43210
9244
5540
14291
8136
24398
25447
6870
37571
41000
19039
42032
12679
4152
17603
28095
5057
33193
46398
23281
32671
21931
35324
37531
21641
15984
25099
20623
30183
9481
3661
8714
1735
2309
24200
4914
40887
31996
29945
8327
27812
30478
7888
6349
14373
24034
29396
35304
4598
38594
26422
25636
16024
38570
24356
3658
11646
47952
16421
4223
4485
21067
11639
28108
2849
24923
29363
44790
16601
23048
48182
49679
10248
9269
8237
10284
8170
22199
33082
35944
13190
6776
17108
39122
45988
31424
46531
46231
23204
16914
4119
40704
10185
3388
23127
4700
22513
36061
1145
22995
23992
4043
30843
37853
2049
40319
18732
40723
12113
15816
37106
255
2146
5374
4617
22787
31141
38261
49709
10338
16294
13630
30061
6701
16372
39530
12117
8102
12700
49422
11706
6861
25763
31559
49060
45022
31864
41185
32878
41418
23434
37526
28272
33150
14042
38226
43744
41615
17909
14458
18826
13538
18467
22066
20258
13259
3558
33724
20375
43398
38161
862
13939
13236
34029
48117
19603
22727
4367
28173
21071
3579
24272
35617
29172
8175
44785
17341
10039
24739
5994
28268
29063
14947
7934
43840
40654
23816
28922
27861
36232
24376
25512
46575
23942
42001
48010
34494
29764
5828
37192
3435
8206
9988
6423
9786
19068
31779
22952
29817
28753
27756
5091
13668
45457
9432
28708
40039
1418
4796
14625
23963
32994
40608
32293
32353
8361
47407
42761
3570
23448
19915
39561
8110
26128
5464
30886
11742
30650
3433
38963
87
22766
15572
20083
16626
15472
18318
6200
47780
12098
33777
14919
25951
18204
17225
49817
24804
35310
1098
45320
25152
32768
22130
27380
26892
48281
37383
11901
11070
45663
20846
20544
6533
22222
21393
1117
28072
46074
44814
45840
10730
7963
9625
25915
35287
39776
42751
6543
40280
36603
48125
5963
41899
4134
25596
35666
39906
47705
36472
29222
8118
40175
44484
30649
38834
43589
25068
34159
1221
1379
28992
24261
28947
28024
3877
35878
22745
19006
31637
12894
12439
46912
5808
17284
45675
16127
11770
20937
44039
1667
9258
48682
19993
35702
18332
37190
36796
795
48918
19367
35819
21349
3244
33272
2969
48340
2586
34418
21123
29442
33600
944
16404
2712
43290
28031
15750
37267
44435
13999
35105
41530
46627
8084
13703
45442
13917
36783
6567
16811
2568
35720
13198
1064
24072
48630
38910
21239
19528
4368
26565
9816
37604
12160
31708
21541
47722
32021
5836
47838
35437
48837
17300
13546
26399
35704
11866
40939
43091
31574
32713
16158
30240
5025
30318
39346
43774
43203
22170
42306
2317
26169
37670
25792
25205
44697
31981
22245
32462
22866
48792
45567
1144
20794
5990
49118
45525
8249
21169
10320
24624
38194
13389
44281
1729
12631
42372
23385
109
35031
18998
36274
15368
12661
39199
24393
31566
19407
6512
18456
4027
44234
23887
14467
12787
33654
29840
24997
24489
252
29500
26254
21340
35580
6285
12274
15716
6246
24644
20331
40651
33948
19312
5559
37708
20042
20486
8648
4520
40741
2488
37499
19400
43219
46910
9091
24695
9948
31854
24571
6504
48761
3716
10378
20939
3783
23675
5400
29279
39709
11654
42220
11391
39145
43926
16018
18675
18519
44715
24419
41158
27922
7456
24154
21370
9495
157
39803
37496
31817
9438
46901
31022
21126
13989
4461
17663
23070
2223
2206
3859
9512
24851
1479
31213
36561
34180
32022
9850
45943
48553
37876
49441
17381
426
6925
3521
9466
22785
33101
49280
18631
5227
27028
24349
2541
12655
44375
27492
422
692
5475
48971
7087
44528
46882
44339
395
27150
16891
32230
36532
38751
27598
16000
31568
3479
48324
47422
25757
16475
19290
38713
2259
39713
26361
47054
30899
13870
8037
49485
17109
10847
22636
42202
28389
45836
8463
11003
28867
12314
8749
32010
9696
14532
32383
21940
33188
6511
14584
15007
16137
15314
23670
35256
27032
13892
1153
26430
29092
33769
10680
15197
995
48666
27795
39468
6073
43577
16689
17902
43496
9489
32043
39244
47817
7010
21184
35041
23519
18126
21085
43680
19951
47362
1131
1514
38684
20194
48986
40218
36967
28823
21963
44463
46787
14693
33256
46358
30089
17771
12640
12753
40822
39900
32471
22600
27413
3251
27099
21939
4781
33080
26241
681
39820
35073
6343
8409
33365
8085
30345
19807
32756
35286
23872
7295
18614
36290
32159
31184
3080
41558
22310
973
1745
27593
48922
26386
40179
47264
43730
25676
8782
48386
43948
592
42020
12045
16344
27735
2892
27523
46857
31043
4886
37913
4879
39621
8722
45147
16097
31277
8029
48030
7566
23707
37766
28109
43685
10495
4845
21158
22453
11884
44725
9023
13112
34829
46634
6370
28195
20645
14151
41900
17241
10818
24325
35360
25345
32760
48264
14523
34491
2661
34994
37890
15635
35285
15134
35900
48544
38877
28100
33687
35092
41671
17068
14661
29200
13702
43445
6796
5375
40143
9547
4217
45748
44047
13254
32100
21631
42850
16362
8988
31642
1606
42088
31214
18282
42908
48232
17135
13116
10729
1151
46034
20853
6489
30509
45628
30651
2686
18552
4276
7088
44179
47851
44906
13739
43731
14645
13297
15432
21673
14271
39596
42849
16414
38692
27708
21730
31579
12436
10900
40982
11230
8923
38652
42790
3484
2890
37147
29530
28707
35129
47580
6635
38564
40456
35511
28560
36622
38954
41277
34936
34793
43868
34003
10626
590
34744
17568
20655
49668
36975
40553
36376
19980
9116
10243
29226
14546
30384
27465
12609
19115
26664
35058
48638
15155
40188
6376
6256
42762
34633
16565
34933
38127
3559
41852
4383
27840
10078
28582
25848
64
12644
16057
7147
23395
36097
32655
11690
12615
17948
37477
45889
43170
29449
37549
7046
6924
25879
3212
11392
8912
23443
8111
32683
14280
42041
16217
39260
39977
23239
4491
13786
37546
33264
43609
10471
32227
27459
6288
18860
6585
4297
46850
3822
513
48804
45825
9072
20999
24035
47880
26081
39297
5156
44364
48244
45703
45847
30545
37655
14495
43331
14445
11691
49376
1663
37386
29048
83
21561
21559
26604
26759
18052
37064
13530
42555
17746
32121
45620
46407
5126
44786
32410
31848
7883
32622
17590
15229
45704
36031
4022
4621
4989
47042
31885
12276
22800
10455
5953
29823
7247
2116
19341
14951
24234
28830
21427
19354
11037
19096
19089
49309
46118
35345
3585
18427
17371
11404
12090
49801
15917
41886
25744
3298
49759
26347
31964
49744
5291
44068
8186
18014
30043
31004
7222
17996
13191
7867
11353
39065
28428
24089
13471
26468
29856
20933
49808
25006
8885
15729
14244
16168
5855
48194
47312
40001
49941
17930
21491
31453
34324
13031
27307
10601
48768
11246
25728
37964
15788
35788
10169
12575
14957
26438
44964
43403
20712
27751
221
41057
12450
44287
16482
8155
28013
42827
44010
33930
25790
20220
22105
27180
37891
7286
38104
20500
42143
12355
28963
4990
16733
5537
33505
29393
14238
8716
19667
48364
42156
11956
17420
38019
16604
28921
35677
13716
41396
10099
30794
43527
33772
14272
48662
7213
18520
20469
47140
29784
5138
18241
18119
29736
34028
39254
44394
6716
30430
15625
2819
28871
43979
1990
49519
27378
44149
21270
12994
4084
8604
62
4612
18505
27813
41445
96
33531
48781
37101
48542
25855
8132
6872
26366
20642
98
2435
6869
25472
24337
4587
44545
12806
17747
20095
44166
45136
18201
15652
16440
48422
1298
48936
40230
12732
26167
12507
44871
2665
3562
9863
7692
6435
17534
37158
12097
19313
39504
19187
3574
39936
40861
16199
3439
26509
18199
11459
3852
21201
2822
42548
14302
35497
16500
7184
21119
19711
38780
9906
49116
41917
26118
24991
32491
41121
17796
25743
30847
5922
40364
8126
40334
18645
19067
582
43728
10937
26362
5188
22287
35051
452
8044
39700
32706
28741
24524
22626
45650
173
25653
43560
16189
27845
46555
14329
10083
20238
26087
3261
32016
20123
32015
45952
40492
48250
47720
13176
2663
23383
10784
29459
31481
365
15892
4095
9019
43538
37838
37978
43232
10942
33343
464
12035
22259
14973
222
22166
40013
32123
40884
19641
19845
22901
16661
38773
30989
9915
47309
37178
1903
46681
427
40439
30422
22804
6187
35224
34325
17216
4670
6056
8767
37820
8324
25681
43783
8534
19451
49706
33394
24362
41627
46755
33229
1432
16529
8358
42590
20354
7895
20039
28167
3752
21406
40382
35686
46930
11611
7175
1306
20748
12937
45308
4857
34173
43672
24145
33515
14796
37271
7706
12188
21287
9846
25350
15594
29093
38078
8128
18347
2931
39765
40336
2120
32946
18206
32733
8187
31869
33792
9364
14607
46077
14187
29920
29614
23534
19664
38759
28334
28214
44447
31463
27088
26864
5643
28554
34276
12053
15442
8286
24472
27968
11073
33066
18127
11954
7579
3734
47696
38535
8728
23189
176
46345
47670
17538
25189
34637
35662
14059
22783
48939
22499
11139
47770
30452
44940
9579
10687
15511
42432
5313
35909
32203
13030
46196
30647
32501
9844
22433
19101
49028
3058
27388
38518
45306
16289
30821
16274
8634
21095
479
16245
47463
48507
14412
46873
21685
6215
39672
44835
32289
19734
938
39045
49505
22445
42837
44891
42326
5923
37959
2374
14778
6331
6657
20562
45652
7918
35177
11415
41770
6690
6052
48460
4360
25938
45476
13896
35618
49404
13163
45584
11418
31671
27714
2262
2271
14014
31554
40028
725
33869
11103
10923
48486
31349
10894
27789
40149
38831
32599
30196
29376
2760
41305
30472
6761
1513
36202
33499
13573
34095
44810
48371
16521
37616
41743
27063
2606
48213
3854
39142
11496
21901
3896
10203
3348
30648
20349
17336
22344
30592
20891
33595
7600
31551
34353
13373
11709
48545
46140
3369
32563
23075
21228
2554
19625
21297
1124
40457
29953
28907
19394
21499
39081
44742
45270
21883
36810
4831
5991
31476
5742
44157
2236
716
1749
9854
24839
6113
39647
26044
36011
27048
13835
27873
39382
39000
30429
30348
21766
28786
7152
5711
32921
26127
43333
21543
23258
16653
6411
44187
9203
36583
36219
33084
11337
28071
4557
31704
1452
36925
31088
22020
9765
34407
17794
35993
31849
49701
41329
4220
7671
18636
13547
46397
43876
3327
1300
23397
23870
12285
25079
23924
15717
28703
14898
30394
33277
47628
15387
29795
23319
33109
36674
48752
4548
1024
16669
538
46323
23006
24528
13285
17564
44557
35615
9567
1078
22722
37991
17516
44135
3668
269
8192
46547
1920
31569
41380
33964
39603
43369
3253
3541
23247
9776
20742
35376
10531
33628
7097
18923
14388
5075
22075
15006
48286
17850
38556
27467
49960
3736
27482
27572
26651
295
3069
11647
10840
27329
37008
33307
47278
44105
3685
19838
43376
31352
19304
8420
48920
48394
34999
5995
14246
33697
3495
433
48806
30262
30176
26101
3945
36192
3550
37731
8226
26861
3027
17340
22982
1472
47007
10924
25226
25014
17465
18391
21054
25753
44050
45777
14599
41087
34265
26138
14696
32903
27683
38976
29002
977
31448
9487
108
44086
9254
10670
4443
15084
12561
27487
13752
42649
44627
40524
32018
44216
8171
23849
42254
33940
10874
10826
35470
28233
28493
24754
9617
2017
33651
44589
25259
20699
35156
220
660
28508
39895
22708
13527
45198
45376
18251
43051
18140
33960
39679
6078
46134
16774
3284
5377
11207
1424
35017
33078
21715
14245
11522
36702
46203
10124
19426
43571
14362
40916
33276
16683
10095
12405
36380
16977
24922
41357
47594
6962
8861
29104
39567
36790
33944
7592
22100
39974
31091
40121
36036
17102
28307
4478
18685
23722
48009
257
26166
43410
47010
40639
28148
19923
734
19235
13231
41870
4200
34572
16810
45251
25889
40089
46233
4055
20065
48240
29712
44648
20243
39102
4666
28385
25758
8048
36282
9122
6952
32778
24073
46447
19681
6631
998
33424
34966
11218
36798
45292
47765
20316
30777
34409
43465
3989
42371
44522
27994
26122
2101
36937
20256
26028
47500
45798
10959
33228
11290
27
26289
37044
29765
20844
14783
31520
44126
12183
37682
26916
22333
11126
24428
14386
8855
19927
38186
14837
2618
38669
36549
3370
4131
22854
27950
18245
30297
13718
46911
29901
22564
658
6074
24626
45702
36837
4336
16933
7782
15745
17828
22502
15569
21039
6089
22830
755
37802
2320
38971
33301
4945
15630
48894
10748
2015
38279
24583
35801
5739
42067
22500
26809
34819
3826
48028
37357
11100
29260
44334
10023
35424
29578
843
37093
4101
7792
32722
15375
8823
21216
40781
7271
22016
44200
46804
44150
2138
8235
29803
33175
33381
48381
32874
49529
25831
31187
11365
42822
3423
845
12078
23463
25994
46139
3607
31195
42705
13724
15946
23462
43467
34134
14615
10969
15821
32667
26396
23364
5324
10277
20491
5469
20367
27382
47815
7094
26761
32091
33344
18579
26610
32784
47136
25054
27819
16180
21044
28441
26021
25721
1542
11196
39881
15823
12130
18483
28812
36161
4012
45072
13278
42168
49624
20719
8725
33336
40554
30943
43309
46609
47116
46572
20565
8343
22211
509
9627
30622
42008
37976
27423
30951
12691
4181
48973
24966
2997
3077
29334
33845
45609
42646
41458
36399
7492
41826
23491
37798
11856
11385
30245
9084
14971
24064
43162
27649
31978
13188
13280
43960
38974
2532
28058
1275
34972
13430
41885
41840
16295
21848
13919
6928
46622
14190
38377
13287
13857
40831
30276
45802
31456
49289
2801
30588
7168
11122
45202
20120
4939
39562
17589
42689
1156
4784
41952
23414
1850
34505
13275
4468
29711
17105
5447
48614
48411
4577
32540
21633
540
39659
29339
19472
29919
29772
40042
48458
42868
25905
46981
4922
21907
338
833
27275
27749
11079
8135
8225
40543
31613
40961
1330
30643
36177
20457
24057
47143
8951
12503
46324
37725
2293
11606
26628
21274
42138
27174
38315
25731
48405
36388
18498
19715
23644
7590
7726
26067
26206
2744
18541
42951
14846
11787
218
34758
47978
33690
32312
18447
41786
45488
3363
31444
837
28619
14356
785
16083
8832
48377
38291
32953
22490
10922
49538
5703
30653
29370
3100
38350
9930
23652
13221
6920
35174
35820
31245
5826
27138
15228
6733
39922
3564
10502
21987
26823
38119
11133
38014
10379
2392
20141
35273
10512
37514
764
9380
35245
43109
35077
39291
7601
16531
23517
39858
5044
24578
42011
36935
36901
40996
48167
28440
46538
34575
46551
3517
26808
12802
10170
20186
22959
33498
9941
13336
317
15639
22738
46712
33149
26303
45263
49602
37602
49295
4779
32176
12532
41348
36616
1946
28691
28205
46240
28224
39016
44850
9932
39211
36163
29154
32190
39161
42656
35653
2780
2237
12576
36422
34518
37804
5233
2525
14838
19360
32786
44768
25351
271
9526
30662
40587
40625
1510
32376
31788
34196
22724
7872
18751
32699
46217
9485
32825
10440
19138
3111
32515
8934
37414
19449
14062
29786
23238
39861
42956
4189
7632
24258
49008
32948
14108
22917
25215
40084
26860
8641
16403
17993
17925
7528
21741
4561
20067
30409
34392
46308
39093
31241
4631
28564
24023
14209
21734
17271
42286
17596
22530
30039
8517
8670
44577
29705
11516
35608
41599
18007
30946
16269
46645
49160
44657
45887
16230
20508
35759
40495
39401
43873
3770
9593
10838
40061
48783
7314
41893
48844
43628
46444
6990
49381
31887
37280
6576
10616
22554
4379
28819
46776
24280
21405
10875
12968
1507
31883
7095
8385
38804
8178
22393
22006
38403
37171
1900
1806
42114
8211
21791
16989
41613
12472
47556
8705
37188
22405
41063
21011
47077
9685
18384
7555
49558
19074
19442
3709
15889
21197
20337
31316
46
37640
28626
14361
5757
17295
13627
25480
32027
23217
18472
46300
26988
33942
11966
21431
857
29820
45470
9738
23577
15868
33438
44248
4774
41610
25929
28941
12014
40987
40163
2666
1285
12335
7986
43769
1191
23634
23086
15210
20445
8845
39106
14664
1094
13288
40829
2924
44398
13601
45085
11754
1820
26512
36273
18357
32605
43620
6469
35383
40224
29133
7893
16728
12036
32861
22812
30572
9305
47432
21516
24656
1292
5934
42895
37269
9492
21595
42355
47879
24341
30500
6475
32398
6515
30741
40247
12073
10593
22503
21482
22123
19303
44663
36492
46948
27721
16928
26944
27506
16974
16153
29439
30833
1069
31650
15501
2501
43693
31240
37134
117
20849
1748
34272
597
39859
11311
22758
20049
40532
12338
39670
19326
44268
40142
27956
48079
40499
32401
46771
12552
12601
19749
6136
10564
17690
8784
48221
22305
28327
12161
22682
4868
3325
16549
29250
29306
11656
22069
8482
36437
32697
34998
27818
19211
5575
41259
22462
48447
47254
12312
43739
6375
13203
4227
24087
43304
47855
17432
41361
32737
33999
36753
13108
21102
41369
9120
19782
34233
36148
44152
5478
33083
28330
3985
37235
20157
1228
15649
16427
7182
2710
40929
3860
15483
48933
16185
28674
19620
8818
14901
22261
48435
11325
35035
28137
2014
27566
31736
38330
26209
463
37553
9270
27436
36891
18300
42481
33993
5030
47203
12624
34591
34696
27020
4768
43494
1000
29536
27627
45743
10329
7803
7084
745
4453
23475
47168
19206
13902
36922
33900
7581
28668
22186
37605
40832
15985
12339
25340
17680
23875
40914
11450
37673
5471
32107
33818
3191
44136
30208
34542
20510
22209
46406
47288
49196
23236
34423
670
13730
44658
39622
5822
20871
49795
9374
32381
42232
11135
24658
46225
30523
34132
8651
19772
19985
45710
6914
33170
17691
38282
15448
34174
33981
15766
49139
1087
21148
2033
24161
34076
20968
14553
13115
31276
5154
14803
16698
41324
48389
7381
28308
37872
2673
48243
14180
46887
41522
1263
41298
32763
46436
932
33015
31933
34194
28153
46668
38752
19587
3008
3026
45140
23419
32727
43198
49274
29056
5179
45694
31560
3453
43523
13662
49597
40616
11124
13216
32819
38892
23618
564
5242
41573
30501
34668
23317
15169
31477
15267
1935
14032
12105
45010
16639
41789
22535
458
31928
6118
46675
43897
35455
49673
4234
8401
41164
6629
43021
26152
26599
35913
34706
29399
43130
9073
2894
39619
41027
32785
28476
1585
18438
36405
39724
11451
46332
33104
29266
45666
699
6891
4261
10637
30269
2517
48640
21227
13680
11882
49998
37624
27069
39648
46809
22320
1618
27678
13394
20948
31995
29700
11867
20777
34624
9629
45792
14747
27667
278
33557
33647
21545
622
37407
20548
39915
45727
10827
23792
46479
9447
2030
44089
41747
25655
39175
32182
44753
44755
2272
27133
31037
7725
48039
26923
17696
10777
45585
44563
27303
45508
6190
23776
7869
6943
21372
1467
31673
6638
46266
7294
11996
43703
22583
22946
34080
27655
48304
27811
9852
20351
34619
48260
4289
14192
22788
46341
44827
46561
29775
47032
32836
48585
44709
30237
8489
35658
19731
3321
19634
2441
44869
32962
18246
13638
4985
20894
25445
30028
27073
21040
19110
26854
18198
18512
16131
20596
47877
21695
5558
21905
9358
46511
12351
28066
39262
35136
35137
6807
13968
16866
36309
20373
31815
45102
1904
35209
9424
1231
28773
45350
36786
38385
21335
19029
35395
5921
42159
23525
48531
2713
39780
40681
2156
8091
46013
42343
10722
11441
37637
2432
47609
27018
48419
28314
20101
10217
1166
28893
23003
48846
34479
13317
8394
7538
26685
39330
16524
14462
25365
46371
7135
15612
44853
948
9921
46679
11034
24317
6360
13799
11393
39155
46928
44888
20971
34645
33303
37328
48749
38081
29487
26486
34688
16094
638
15399
11183
36116
38338
37094
45233
41254
23991
23770
40857
43368
21547
47209
12593
854
20292
18404
29493
46084
29055
17798
31293
46104
414
41947
5371
11532
3980
37591
36787
13787
49910
12736
39952
43115
3231
21714
27480
2476
13099
34280
35522
8647
43671
6918
45047
33199
7410
8351
24554
27896
39252
13839
12947
18112
2090
37351
34821
38106
943
13927
29117
41291
1727
17042
38008
1183
388
26299
29221
36610
33524
22470
32367
16345
11268
32145
11631
13265
36157
37507
16786
3400
45070
42014
13506
29989
19577
1638
24155
38534
44596
22026
6479
7299
3719
41964
19736
46448
23201
37128
47743
1373
15278
16266
31441
36392
17678
32311
22457
49847
227
26964
40724
14710
5003
35798
30532
37770
1691
37782
45280
11063
14723
25371
20528
38635
32080
32557
13597
8871
33983
43177
39369
17495
29292
35402
22224
33713
19139
418
5544
19877
49261
28494
43707
46328
39371
20904
22645
8531
42670
32005
9250
22851
20200
40814
31791
28543
27250
27739
41567
12912
26683
1531
37680
6800
40217
9894
49377
47081
15156
5111
1771
41915
46197
33955
49162
26771
19843
10734
9154
32575
36653
24028
22935
44096
9742
39375
9261
25912
34679
21771
26633
3849
28259
34651
3606
15888
17374
24295
10439
32684
29162
17751
25780
37363
37954
5746
44104
8888
17247
14215
42920
7506
46544
4264
10021
40686
36012
33223
19300
18228
48738
34440
38098
10448
36930
18706
15824
4741
48962
2499
6670
11828
7141
35192
4410
14540
10192
36522
10179
23987
5379
11751
757
19157
16769
6468
37807
37205
48729
10043
37881
27543
49557
42591
20577
12694
19594
12190
36780
38356
38573
27516
21468
21021
30772
45868
38869
1853
34855
21375
37003
3974
39386
15842
15987
36871
39196
22737
22574
3209
15205
13995
20489
32585
24737
32464
48268
26992
16963
17260
26051
39668
11766
812
2684
15573
444
23108
24925
1499
35563
10650
9555
24106
42489
1881
4139
2902
29348
42655
24693
31221
39830
37515
568
39197
32940
42565
38679
37463
13136
12316
31913
41398
40000
37586
4433
4415
46774
39224
46078
17462
7509
30389
13151
27427
8676
5732
20782
9372
9237
15005
47898
7735
48911
16853
47262
37697
16894
29
16749
38075
14461
18298
15443
30758
11594
6505
30495
15709
36347
1547
30641
41284
38771
10462
42970
19221
8732
26750
18141
18673
34807
43953
45416
32117
26887
24699
28345
23907
5652
22808
38670
5294
26637
5106
25254
46795
39573
16010
20319
47947
23197
17040
41512
24513
19652
8741
40581
25582
27403
11781
24251
43213
2372
12898
45622
21659
26833
797
30640
43275
16376
41497
14268
34618
33466
13991
526
22748
49535
30191
3966
29808
41151
35611
6597
41251
3551
28899
13673
32114
32975
11434
1308
32067
46721
46293
36330
6836
40921
4776
49822
3774
18608
41320
1301
2039
49984
47071
25231
2056
43012
36310
38575
46199
26207
14521
32344
28086
31092
15032
6014
44576
22301
11430
4011
32645
12421
22263
17679
40775
23424
23769
12592
37808
12803
20700
44644
18662
29316
34452
46230
46905
9677
25890
2295
4088
13371
26705
41529
20161
23565
5014
12908
6750
21053
46355
9490
6893
29884
12325
33666
32210
14809
25619
44098
3037
18123
10115
23432
12702
6442
30122
2103
6669
9217
26216
34213
15473
2711
46409
27974
48803
17107
21831
39948
16400
14282
38209
30453
41350
27411
33179
46061
758
37558
46306
33664
44602
38643
45846
1236
49472
37896
43909
26576
4855
35214
21890
34978
43785
2990
24530
36650
33711
28191
45494
25713
35627
8460
29149
18048
5959
15929
23327
48205
43291
37288
17804
44832
4614
21743
34603
42699
17868
8397
8616
16629
103
30915
6432
33210
1316
37653
39703
4274
14225
33831
42906
32352
15024
26137
10053
32803
22650
24777
31182
21111
3477
6169
21421
9564
18183
16724
38517
41818
18409
37651
37824
32245
45166
42611
6192
12060
19540
23296
20764
300
10221
42733
12722
2496
38370
12965
13793
19531
22164
11015
28678
28552
9752
49764
41953
3997
39805
11043
38783
15059
1307
35539
7925
8083
29042
21017
4040
43123
27862
27209
25040
7396
33472
46591
31179
33423
5384
43181
45224
15577
35969
46073
47
666
28004
5142
8117
3962
43422
4492
40583
42016
41565
6204
47981
20385
38775
10823
2787
8421
9683
3538
26419
2
13769
37836
14208
19622
1354
31479
42599
2533
45094
23667
9811
38861
11175
12430
10538
1331
15971
45986
24328
39770
40329
42128
1949
45551
24432
49571
18209
6965
39960
14326
25887
32633
6309
26337
26564
32451
19200
41196
23788
41880
21575
32976
17036
12589
21458
47083
5160
8350
16912
7039
49663
5421
47347
6241
44531
46594
40299
26680
12656
19323
30182
31892
11240
17096
49873
17938
19739
14976
648
18356
6724
26601
27505
22068
21137
33751
46428
224
33839
5273
35749
25853
25043
15599
20278
25836
14371
34746
6954
40954
35000
12594
20682
25931
29966
44262
29288
44108
42320
11849
40377
27497
37211
4076
26747
21592
15641
450
44332
28524
27092
43773
33728
11209
19095
4293
7783
24380
27181
4882
14995
32431
38656
11716
17779
28532
32198
20198
45770
47741
11001
33268
10767
46830
25870
24666
5423
38048
23805
24581
27451
36239
2291
13652
33484
17552
4724
46041
25631
12068
42461
49760
48431
12490
3766
40473
38924
34657
32808
20648
28027
24254
18244
16721
47502
22944
25264
8410
23366
8665
35654
28107
4057
36257
8589
8638
19274
28357
5543
35237
5168
37487
16192
14102
38560
14704
35458
14338
41620
42009
25178
40102
21420
2191
18917
46794
26882
1680
20936
43537
28219
1884
34212
40687
15424
28646
26665
614
33145
46971
32286
10312
24170
49343
10087
8684
26142
3397
15547
28407
6083
8469
4060
239
28845
13704
27778
25694
47369
646
2869
11637
24670
42022
24144
821
8657
1992
4343
47050
9014
5060
37010
1989
25708
16864
12231
35023
41834
38030
27707
40012
30078
14807
32577
33961
26518
30631
14241
34380
7322
26787
44965
14216
41663
21059
26129
37292
40479
21556
7107
11479
12016
37073
1392
36122
17240
24030
2674
629
40405
44373
32974
2398
11627
5707
43034
3322
47993
6006
5300
34191
47540
8095
35466
19888
42979
23232
34000
21265
19518
29084
26231
45681
11661
26717
6420
31234
11276
33689
43416
839
46290
22093
42720
18464
38401
35906
27484
22321
33949
18688
38870
33076
21012
14140
26966
39026
29033
1565
27701
26903
17124
9849
12861
30278
34673
43212
29115
19536
24466
19957
27117
5696
32571
656
16708
40889
6217
44277
37562
19444
27135
2963
41081
6037
11614
39283
28170
47241
35471
30678
4345
5972
47427
27814
33661
14002
21078
22140
323
18817
13726
36782
1527
4597
31146
6234
2135
2726
640
33127
39549
43904
36058
36306
9484
16677
39025
4071
44818
39265
29599
28458
46239
34886
11142
32516
39518
43153
31117
37864
21606
35592
39641
45852
48179
24239
215
1765
7785
3835
47818
25501
26952
3656
19886
18475
5918
37962
19817
31306
40118
340
10328
10158
42504
23339
23748
9771
1845
33439
12712
2575
34203
2137
43801
42695
21826
949
17785
29143
13512
44082
14610
41913
29187
24709
16061
8981
7989
46778
33496
35020
18609
17233
47619
21929
26215
46009
24040
6579
21277
358
152
26629
254
32335
33192
16476
43798
24587
13153
32506
17827
1317
29774
28408
2601
37965
46318
1711
10766
26341
25964
41731
28041
27280
36332
21480
38710
23407
4401
49374
35127
10497
43626
44968
8555
4656
7697
6568
43957
8689
3485
25459
11378
35561
4707
22403
27486
49269
22398
28586
495
49428
39559
15900
8271
151
7700
14982
7839
39282
8257
22794
49858
14364
2687
3923
38608
12982
33129
39009
44628
35205
28719
9791
3548
16252
48239
13089
36632
12773
26582
12056
31402
33116
39078
29758
44796
25095
18516
21803
28464
27764
3078
1251
12877
26257
10263
22220
31601
6441
13742
39683
7007
2591
41934
45995
23747
27031
1211
36043
39379
7344
38546
7780
5068
24920
40279
47796
48100
42674
2978
32894
46723
28358
19804
43737
4640
44276
49087
37548
43882
9170
28053
1110
39014
41535
48000
8014
46087
14360
2106
36211
28756
16494
27493
23902
23716
6493
10103
8168
6672
41429
12385
28652
19171
7777
331
20084
21258
32349
11313
49770
30225
4123
29160
1982
45362
35708
32934
8569
8547
9344
3841
35457
27262
28744
13186
3109
7732
38143
20443
42018
25207
23603
18755
42874
23786
43763
4749
27258
16967
29924
24208
26196
2425
19873
12943
43081
5682
21860
9914
12720
441
43464
48646
14490
8586
19013
10475
36581
28456
18627
42862
25321
27500
34667
10114
25999
19077
5974
39899
32714
3775
44004
15359
20043
31542
24471
48987
40754
37059
43824
5192
32673
5601
10056
19710
42557
21432
37068
49088
49593
7083
19564
2141
29127
5256
20820
29110
5705
16693
24883
15920
23184
37346
5622
19737
44902
31254
45236
18099
3931
40414
41703
4698
6679
32935
26116
2638
42797
238
1338
44646
38663
26280
29547
48693
34868
3619
18053
11947
8138
16285
10037
39894
28618
24248
20962
12774
3651
5965
22857
47114
29083
32279
30577
15194
21331
24311
49074
9783
12889
37968
23351
550
43611
11784
26245
6535
3376
46311
35542
25984
18682
15541
28680
45231
27490
1703
6030
34959
2300
48400
9671
23062
13104
8305
25290
34428
5245
33177
32685
44607
18355
44356
4960
510
36654
9519
16160
10791
37906
19231
26848
48457
5627
18446
13985
17139
5960
46264
46361
8720
35685
40894
5102
19330
42902
41593
5094
12613
411
35852
34214
30284
4387
43005
21750
31761
25590
30620
3824
31607
303
10988
8075
23774
47344
15701
12057
34089
23398
3667
44794
30369
29134
3114
26395
47925
32214
26391
11689
47917
23456
738
3933
42276
41024
33825
13794
46067
8719
21872
8480
5222
15274
47754
36735
35941
13193
40967
34176
43866
40690
28842
32095
36489
16091
24738
37212
10932
18928
28505
48960
40830
18178
22858
36016
47217
43543
31680
34750
17234
36929
2625
13214
27401
46524
40927
42715
32273
49005
47907
44441
12170
32793
45999
33702
32153
39358
47686
44505
19352
13154
12295
21445
10864
12367
24164
30625
45430
32567
9332
9280
20180
31130
49300
3469
1229
22629
34240
13
29319
9156
23610
13807
26670
23852
2243
13219
26856
5321
28388
25071
46158
6699
45023
37585
36755
45247
35589
12216
7026
12738
8607
1252
7204
42070
14283
22634
29070
19847
19111
20009
14447
41668
40626
15234
1136
13238
12445
4948
13354
5812
42395
45662
35966
20276
6859
27911
2524
42494
8582
28972
31223
43932
22056
35963
7037
1687
41871
16201
17490
49357
31758
7738
23779
34534
2057
26040
20023
39955
36822
31824
37037
4941
4325
13482
6274
3881
43777
43355
13822
7285
49645
49279
6777
32750
12671
12029
38733
47474
2717
31475
19624
11009
12415
28641
3799
48718
5328
46150
21674
33237
27095
24321
24333
425
5619
45638
49914
10984
43466
42251
37747
35472
31920
1988
31282
21506
35112
43003
333
20390
40634
28710
17368
5987
22796
46042
8829
42472
45034
17978
4719
5977
28841
25991
47151
45258
37098
49151
19906
13755
35532
32447
43397
44049
11928
40441
21429
44811
40269
16149
20790
49394
34069
3256
35014
33716
46422
27933
37750
5331
26002
30872
14129
18148
6388
46979
36292
26283
22801
39473
31793
17219
15260
23516
23566
35997
22341
30598
10322
2350
38849
13912
37769
27597
4244
48909
4938
2155
49525
45302
19593
13954
25965
15754
49488
4148
35464
29525
40343
36829
24273
36296
26710
4481
32423
13455
28225
16275
33875
38096
23694
14734
16614
38890
25448
45278
4107
29050
27927
34728
15471
40699
44388
32362
27753
2808
44679
15180
23734
12396
39821
44342
38347
928
47223
37828
29201
3773
16258
42838
22967
31158
32140
45205
27157
14395
32234
35039
27052
24012
5931
24921
5673
4841
5579
11066
16070
45912
20958
12434
28767
44744
4756
23315
20859
7462
37685
33783
11812
26384
33753
5920
5818
17167
44957
24005
48764
47059
13626
13639
4794
44099
3710
37545
19497
33581
48686
17510
32873
11999
34914
45519
39303
14953
10992
9329
36908
35148
8994
42455
23314
48385
38178
2377
48864
14795
2417
13199
26076
11348
40138
26775
24965
20105
30499
17195
7757
10020
15338
46219
1178
41897
27568
20229
22172
24544
34034
40077
20639
20334
25479
2044
3893
2215
47045
29217
10545
26403
31865
39522
23306
11957
31784
25462
23570
6730
2426
9768
23374
35113
16908
8549
43301
44088
6460
3356
24117
32664
19124
48360
30045
35707
3609
17801
17187
47214
6357
34394
39777
45185
29638
37034
10286
20509
20284
44954
42342
33768
43874
41204
13445
19073
21756
29142
16577
47883
43223
27681
45616
15981
19525
25
23562
32765
16981
3115
45196
48416
40126
809
41238
13426
8889
7791
26484
40568
22610
3814
37656
25044
24037
31991
7455
47122
1364
28051
38318
11590
33750
620
45932
22978
7816
18872
7767
42724
2668
32287
14859
23547
15247
45648
31909
40147
42926
24409
27284
17767
2709
7648
47823
34692
29977
48711
20299
31860
37243
11381
44687
16836
10483
15195
37449
6378
34799
31246
10672
39657
17388
14624
30706
17867
29089
9249
28648
20595
45256
24027
36641
12062
12741
26927
27429
22270
41126
16242
20350
27226
29251
41261
44841
24312
39799
40906
32783
19214
32427
28892
25824
17468
16054
19656
33157
15597
44791
5249
30689
7292
25092
14116
24080
5011
2466
43517
10610
33519
13470
19224
14098
9390
24494
38852
7400
20715
44963
42174
8291
10119
6967
29565
27919
11927
17306
14195
7931
3793
20374
23780
26961
28323
31512
11769
29656
42131
11808
48530
10961
15725
6193
33954
23492
34573
36207
41910
7057
45459
37276
12099
4825
14177
3809
22522
209
49093
27502
39536
15979
8740
16124
503
43257
26061
15051
29742
10513
34018
22065
4603
48578
14076
15601
34523
15966
26003
45753
2827
1793
36568
25851
1171
1597
9015
17844
46892
1919
14608
5272
44006
40193
5196
1963
11984
41737
19056
49729
29271
42588
3267
45201
23079
46651
23322
13947
35228
11523
27409
33124
30711
32439
47368
460
24464
20162
34181
32338
19168
43307
44215
33108
49177
2886
43240
30290
31222
48156
27296
6554
24024
39159
22349
9656
47790
47019
26070
45574
28250
28381
43020
48343
24001
8114
42998
2176
38624
1168
8757
26998
26145
14822
30267
33987
16155
4837
48040
19988
9665
31201
16897
49546
32979
31150
13069
9024
47002
34740
17849
16019
7939
49211
15826
21696
37047
39797
42275
36862
28598
39312
20297
30874
802
26295
25019
41083
3610
28813
38213
17339
44052
30277
4934
49819
5842
17168
37472
8947
4316
1040
28621
28993
46793
4356
39752
49237
28301
14879
48790
9612
26219
47583
43363
18291
2149
25096
14866
19912
38426
5568
40855
28482
48428
8643
35288
15623
20126
14650
6346
14774
37887
1582
36775
262
18981
48451
37464
40886
36350
24903
49629
17741
8309
17379
29964
26940
39459
43434
23155
40656
19299
6245
42250
35595
46288
17508
24887
35972
7040
16198
42378
38409
26698
36045
39699
38578
33982
43961
25417
3216
19740
31368
36842
836
21836
31133
28779
16747
4593
10349
25947
1303
48525
46560
39418
5966
47110
30141
20051
36555
44315
6574
46307
1154
19336
36327
38994
22113
46446
45392
18833
16273
35970
41707
13978
46770
42791
5269
16856
4591
46489
37483
21651
39322
15996
23687
26993
45229
20515
47909
43226
42190
19278
2446
49923
1021
18358
45434
8559
41669
49267
44676
16241
178
39136
21661
20622
1937
40786
12011
11871
39416
4348
8933
8524
30344
7964
32420
36960
15350
7570
39258
43603
42249
24671
6969
40743
17133
8724
30816
106
45711
26806
4918
31239
31417
41959
29338
9008
2354
30845
49291
39508
31452
30137
3328
16870
26763
39336
12850
32231
2494
30295
11387
37450
12358
35463
15080
31374
25715
14366
11962
4910
18993
1757
6564
17961
4699
22964
27612
37100
32573
28506
12841
14049
7847
41021
20914
6600
4859
3099
49046
27394
24591
24741
9644
7351
30048
38988
2547
36850
14628
35520
5609
18015
16058
940
33406
3955
43124
38499
49825
32392
1199
47716
20205
42297
1393
31449
27449
5433
25789
20004
26727
35499
46976
683
3234
41028
13744
33433
41200
28452
4858
31019
7686
31454
39327
34285
8911
5081
29498
13020
46754
28733
43007
18312
38093
41816
48115
40843
14865
14648
11924
650
44151
10919
10394
37570
19716
3241
33254
14955
4413
37314
3189
27450
11609
1141
47144
21888
27972
11704
34578
47842
46746
4674
31546
27418
47870
31633
21833
45123
13197
34818
18986
41702
10209
49595
45875
40144
37831
2117
7192
48490
26925
678
48940
32228
14786
38058
29068
39824
20069
23857
7464
36103
33069
5183
9318
7074
28952
42613
40038
12881
9723
24022
45991
4286
32670
12775
48
48492
22394
4912
1541
44293
49903
18191
37071
28603
11607
29936
6389
21101
39365
32912
42740
20059
28169
46080
36263
46854
44115
11666
29169
11549
7833
19001
20079
2576
29496
28281
36699
7932
17975
27354
34346
41950
4836
43152
15808
28777
9889
21548
43985
24484
25272
24000
31328
2270
15011
39517
3642
29973
40989
47034
25755
29365
41241
20188
2548
3337
3323
22639
29804
36432
12277
33504
5146
38633
43853
24031
11728
32200
35886
11092
17322
10377
27392
31344
34721
23173
29876
2121
21691
48236
39246
11269
25021
13279
44331
43644
45148
13836
34427
12983
37319
33378
30365
10299
61
19396
27768
31048
18590
8901
14387
21759
16648
14498
17587
41325
27320
28228
41534
46192
25323
16807
32884
38827
33258
47186
23834
14385
21510
25493
31850
15307
4230
15085
17893
12974
24049
20291
38789
27668
10344
48766
38033
26881
30988
6783
22805
36468
11617
4143
30219
9975
20058
10943
25182
37938
46052
43958
7128
29734
1198
49114
18858
19644
6713
14396
27635
12600
7120
49435
21249
32345
26780
33147
969
7136
41608
19635
36362
28998
49561
49078
38726
23882
21861
41402
12522
35096
18660
17039
19483
28778
21751
47861
46695
46106
38404
36130
47430
40235
18317
33806
12379
5979
34562
17670
10693
42339
42564
5659
46168
20273
19974
27866
25363
4691
19380
38185
34297
45591
30533
42500
36795
30075
13541
39823
2962
22169
25110
40212
8510
35689
14984
17915
1368
37722
29623
12759
27217
42437
23328
38999
14659
25802
43314
18597
478
15893
186
32740
8456
48207
12039
4429
5373
4372
47236
22669
11227
49540
38455
28919
45507
38542
28324
7316
23261
48441
31583
34592
25830
40885
17443
1572
40515
42310
6614
27386
11501
36510
4177
46844
16848
9993
5320
34516
4543
45614
32104
24707
14128
29286
37849
3878
4564
38391
18115
27633
19944
2268
31364
43945
10663
47692
32112
12133
47575
30003
6553
25372
15178
35585
3845
37194
9739
13664
23481
14915
41226
6042
11293
13973
46993
41991
9841
22165
11550
25826
32883
19900
17531
14456
29636
22757
48397
35849
37099
21857
6947
41808
35981
46214
31871
43696
12549
38475
14009
42935
13565
48678
328
28163
15575
30617
155
45048
26179
31434
20129
45604
7580
36661
23474
24845
12337
38527
38366
29671
47291
33382
30330
19432
39337
16008
26956
1898
7588
34001
29589
23683
39705
47020
44308
39410
18360
6340
21869
748
6587
31730
42851
33214
38396
2246
5658
33691
37327
33596
44325
13803
12707
2166
27615
17086
24989
44799
27035
37030
47487
10457
48996
46109
25891
16330
5317
3718
10479
30457
15468
45818
11934
22437
43682
43732
9664
8130
13960
1288
10194
33497
14100
46503
1157
12293
38937
22032
19066
48176
9339
47767
18961
39650
34689
47615
30673
19133
1800
14597
14034
29925
31351
10146
46088
44319
4641
15206
45378
20147
40211
33392
45050
1436
37746
36712
23150
36450
22064
19236
30979
28783
5412
544
37182
27034
30027
4496
45593
1295
28080
21568
46342
11596
9782
5564
49511
2653
45478
29095
29177
1756
39172
7906
17782
34561
30574
4081
38659
13943
29327
283
30753
17116
25871
2115
22274
29491
2128
44583
13933
10019
27463
44031
47392
28878
5112
5973
19302
7614
10624
1106
44992
5538
34043
7988
45970
13648
17358
39958
24151
44240
25007
24798
22581
3529
4421
19586
47747
7549
48904
10047
49569
34748
14742
8279
28754
26444
15836
31682
38618
9375
46282
14930
12378
49921
43708
32078
13189
34416
10224
32411
19904
19942
5570
10701
22248
10283
10939
40652
14016
48166
16997
19534
15047
6698
26890
48230
236
34307
7621
46178
12995
44100
32507
29766
5801
3501
31120
11890
37524
22009
18215
6324
49290
25953
761
5687
5777
24134
34703
9535
28836
12162
44379
37924
33418
47702
15029
10231
23336
40309
6095
13655
43469
39182
10016
38026
21322
12141
24235
27820
32659
17550
47950
14201
41584
920
630
47399
14472
13476
5394
21985
14228
46136
39769
28002
31283
41385
10901
45417
12284
11745
39618
46420
12963
43652
37036
5591
23836
6905
11413
20800
35390
49465
5485
26917
46437
9141
1493
22728
25499
28726
42426
13922
2587
46611
12419
29077
22509
20677
29923
30877
26507
27452
11123
34694
5701
31202
36289
11569
29824
36631
15733
26545
34559
16128
14988
2267
38593
17396
41436
2388
6976
40070
12263
32526
36197
38323
25894
20471
1002
21046
11014
27544
41597
27454
45646
28372
2399
1842
44680
44093
30255
17575
42673
40393
9047
12241
7380
43638
29991
47776
13838
19903
33649
5592
17446
42742
8
43902
6492
10623
17454
37015
31136
28032
15827
7650
38930
3728
38189
27462
33346
41528
48707
37042
15997
37841
38035
15661
14438
44344
37458
8707
9546
12997
11552
13906
41390
15585
9000
1076
7779
14295
42877
38236
7864
23284
28945
17464
6559
32263
38292
28962
45576
21360
6770
9527
26135
40613
39762
32581
42616
34992
28562
47915
24898
40762
47115
33275
23420
14106
266
3602
23997
41486
34253
25213
28418
10931
14771
2029
40145
33123
29343
6321
48367
41751
12635
36453
32529
2857
18585
43058
10769
3749
30691
27636
28909
38904
38283
10011
24259
48676
8378
33615
17315
24136
38678
23647
11307
216
37388
34812
13695
33361
42532
27606
44714
14440
37265
48915
1797
37692
1357
14980
30576
45705
5674
45257
10090
17038
13267
16982
33677
29350
43298
8744
27471
15525
36181
27440
20134
24070
3704
46689
34424
44422
37017
4915
37193
32717
35821
3733
29118
36853
39098
11963
27618
13847
21780
33975
7862
9012
17467
34612
42760
47285
14663
41448
18366
2160
29805
30032
41860
31
34753
1752
11023
48283
26441
33958
38653
1073
12473
19821
23560
33419
16056
3677
45069
41772
45296
18046
21455
6555
23657
47834
35007
28266
30693
45645
37742
30127
2694
28033
12588
37689
572
35238
18083
36553
19233
42737
41575
25083
30803
48189
41303
15360
11880
27530
14677
37557
9105
43348
15812
26996
28296
44591
33634
1893
28602
199
38051
21338
38532
36455
14848
35980
40389
12849
1746
44907
43655
8059
32928
15658
44915
32414
25710
37926
299
41367
4732
43318
28535
38950
18982
20011
28246
2848
42609
37291
14423
47181
47201
13575
10808
13811
21622
34566
22336
31675
22512
10713
2477
35271
22822
28709
33239
10946
4400
22856
9620
18032
47069
5513
48950
18047
4900
31745
28727
36927
32482
24690
5348
26532
727
5689
5942
15176
40909
41831
27650
30148
955
18359
9351
34778
747
8079
40739
32206
38398
6474
1953
36452
3514
49813
15354
11282
48848
33522
15255
24290
21380
43733
24701
46806
20687
25634
41693
30413
40063
4721
19118
5031
25291
38219
27322
13623
7181
27817
41580
5820
21010
29982
25331
37225
27162
31027
25664
37763
49972
14643
27622
44622
1807
36348
5295
37041
32387
26766
6238
38919
15930
4528
2478
24026
33165
36559
461
9834
36723
35557
32587
44993
34405
10381
7984
43142
16699
28325
4967
1628
46396
40753
46972
41481
17198
18879
26830
35029
36902
18392
32586
14347
25966
5843
38545
41564
5759
28780
14048
4526
11482
156
40125
23557
41162
26014
1671
36136
8935
25214
17205
33012
9184
5235
23169
43802
34129
37522
39164
40876
44656
26279
21037
23316
44499
1666
8938
43507
9571
23083
21650
25466
17333
9361
44085
20955
5967
10295
41945
32212
27059
4078
25987
3526
46421
29005
13955
14694
17628
11897
38658
39986
30644
24088
2076
20236
24609
12961
38549
31217
34358
13398
2534
22582
31701
18815
11517
31716
14167
37509
28593
13434
14641
28488
6044
29669
2408
13735
35515
2319
6882
25862
49990
40697
16456
21894
24437
11452
39053
17702
19170
32789
41092
36825
34368
38623
26613
34777
21362
1344
14119
9086
34661
49755
47202
4224
34177
6835
9605
49552
23648
19501
39440
7320
13175
8370
15653
11670
9245
6134
15571
41154
9682
16098
21839
12083
35356
32853
31873
2266
5786
31426
14332
47219
8199
8057
11598
11408
28622
28416
20128
26733
27036
16770
4898
3539
45142
4186
39124
28459
30990
31693
357
608
31321
13256
33778
46008
1940
20370
12818
42866
45858
10751
14173
5802
363
11236
603
42800
22791
47779
14432
29411
45499
27330
7727
13035
32346
17644
32734
11859
20608
15135
43114
31662
3875
16874
20599
40518
695
32569
3624
36959
3011
13594
33449
8458
31005
48568
3545
20481
26114
5865
3135
4162
15771
45720
25760
31519
2908
13557
45406
6143
8633
23015
40494
2493
43052
47283
7877
19648
42839
19530
43323
22739
28639
7703
4490
30987
37179
42897
39989
41501
4803
34247
15648
46257
2390
38314
41212
22548
5442
11181
46808
10560
36152
40288
30187
9958
16471
23781
43441
36449
12336
38233
44282
29240
1707
45356
11467
9256
8625
16513
2893
19044
3190
33965
4976
16616
22257
46241
20419
38741
5506
40205
9235
9801
9961
21974
7223
33870
38962
11524
45772
41632
21374
21481
9346
19416
10895
39251
41062
36133
32758
20098
2403
17943
26982
45464
10905
37806
6463
11446
13363
26375
29195
46495
8449
30520
1089
39627
13782
2523
2999
37573
33110
45758
11228
10352
26556
10054
47906
36261
3180
6712
24685
44003
26220
22684
27508
13640
21317
45700
40706
32090
41403
31171
33049
33925
18722
24292
20036
24493
40900
23145
35692
34466
1646
42071
27870
12392
45089
41742
46719
26941
22471
43067
40246
14416
21697
3311
9646
24830
43004
43632
242
26815
18846
9058
16498
5097
28784
38864
23357
10082
36365
2994
38453
41552
46499
12809
2960
34120
775
1318
4133
22001
13132
15998
12476
30281
6230
30797
39793
31383
21108
26587
47222
5937
38231
24264
35182
32755
26365
28523
17743
48956
47516
12878
2863
29020
37713
12935
7786
44019
1905
28414
46612
27273
48101
15581
22325
47258
11428
34166
29131
37097
22096
30844
45910
48356
22542
15833
45541
36241
3699
26991
36335
14353
26906
31428
12253
2053
19931
37180
45994
16598
8917
14425
37732
17343
48365
41440
49056
46339
9188
14776
7716
35792
18623
15219
36940
45481
21764
16579
45789
46840
2276
17403
48753
9968
3951
22182
39249
41462
30153
29958
33440
3952
43324
3318
26544
11435
3475
47060
5463
23807
38668
16619
40133
48618
21395
33683
9732
29911
33846
45504
13171
7886
12052
23063
367
41328
2505
31041
49242
40585
39754
12042
301
39728
9657
6235
41030
40335
17912
7042
9402
8427
41837
43208
2971
49284
44536
26038
38866
29800
43849
33171
39425
496
10229
36
33219
48961
40164
32329
25945
49781
17658
17421
10622
32196
41453
39076
26022
38646
8877
22055
48931
24858
15311
6228
30451
2584
15272
42473
37277
15462
2563
46305
33474
25187
35494
15732
366
17436
34462
22485
39897
27397
21296
1661
8809
27613
32536
29353
2961
14051
48327
38790
34372
36461
8314
20289
21047
31769
1545
49206
47531
2175
21612
25589
5230
24403
36978
15646
8560
14287
49282
5597
40999
31932
39232
9706
36836
38010
19755
46789
29276
36367
25105
23272
18848
15864
14621
37114
16064
45599
11935
41379
26088
11994
20862
102
3991
40674
29342
38399
34602
21686
6058
38192
30007
23260
37659
42569
36498
48453
34991
20062
34375
5493
43741
13200
20268
45097
12634
18686
28097
4100
34251
16204
12328
37813
29265
3066
17857
18778
33487
40675
20615
31501
42260
23611
5050
45739
20873
8853
26198
32147
37475
10405
33597
26908
41065
24310
15276
30707
35550
43520
20239
49601
16680
19335
23287
11130
22187
33286
18558
32012
46357
34138
4850
13578
16047
26379
20768
18592
35890
16043
20620
49986
36595
47307
36843
25206
16239
27905
634
15629
45578
32442
17682
47159
49248
494
15404
48547
7848
6017
11068
42241
17605
40268
9741
38327
18864
47610
45454
37622
12174
45052
14832
9800
10002
4742
30024
13424
28840
48363
39383
30700
42786
11414
5787
16738
13247
5123
20144
4973
991
17963
21176
42255
24822
27091
39540
31778
7218
28758
15174
14715
23330
18436
29922
6902
12215
9360
4800
46756
36815
9757
15485
33233
18234
613
34135
39195
24805
36000
30125
10986
42026
2213
40801
49893
25618
38979
25980
45773
25515
32218
24749
17848
8153
30190
5997
29915
21936
27438
22146
29698
8546
22843
43893
32163
7992
37108
25407
19595
38748
41662
11518
32654
2145
40548
39042
35526
25839
34973
11020
43743
32970
42485
42451
5445
34482
27293
19599
14991
26754
18477
19674
1938
42393
8544
12048
12454
9845
26249
23640
31380
33375
30655
10819
20369
23190
19120
10762
9597
2837
38606
40571
43749
21157
33992
49596
48141
6483
34361
35667
5174
35495
41354
15795
33790
12023
40840
19082
34615
38969
6858
6426
6871
4568
31951
25703
17838
27316
46438
30811
39557
4965
2735
767
44146
16814
24119
14210
8039
7337
45312
19361
12224
18538
9896
46980
28520
29280
47884
5614
5419
13388
39276
41998
35991
44224
36023
34333
27640
25023
39981
44335
15282
47886
48162
41906
15680
3023
45061
24744
31768
28771
4607
14653
43510
18327
19358
4904
30374
31319
25090
36014
27168
45927
6930
16642
38836
40680
14085
29694
44060
21087
35038
8668
13067
46509
45844
31651
46413
32754
5486
10962
1994
34514
30260
16053
47822
48270
37054
41700
16862
30041
10323
45615
29304
12914
635
33679
33173
23848
45178
15576
48964
12597
12005
29561
38056
47876
11514
20806
35713
14186
628
18306
19880
48798
16290
17470
41550
37902
35973
17770
32364
34626
42933
33367
21542
682
41253
47527
33706
12063
6045
14665
25132
32832
16240
48108
288
21225
26734
952
35026
9416
13533
35462
3943
35854
6247
24796
17331
3167
37636
80
21605
45780
18668
2697
18835
12144
7428
8295
12107
37588
9560
39834
23020
38597
41823
39202
36183
20776
3508
25069
39287
23981
32118
10890
28662
5657
2637
26978
24199
28971
23254
2755
27869
30553
38474
362
13022
28527
23630
35418
9423
14813
37162
26057
5629
9060
44774
36297
31473
17180
32857
7948
26520
39680
19552
44912
43272
16630
28803
35861
792
6763
14520
28034
48974
32795
46076
37497
47100
10736
4815
29969
32324
45458
10143
47783
19072
9475
26450
22191
38744
7240
24006
16934
19017
10916
30264
48521
37467
30583
9530
34329
44429
43695
43954
30482
12663
29247
2748
5727
17357
18992
7123
7830
25427
35032
43975
49442
15942
48442
4422
35634
31340
46537
8787
36818
22844
33058
45771
42523
28261
32968
49800
45690
42592
7838
33373
12102
8405
16499
11354
42037
15014
13916
5830
35080
22806
46886
18744
47697
26898
29577
36811
875
31955
47162
29152
16465
1138
17972
26724
18605
7012
16099
46369
35939
17648
45884
45156
2796
40347
32144
7387
8441
35938
4615
26857
43224
13862
45668
31496
18085
25632
47464
25268
35811
6919
24935
37709
36389
4099
5616
11162
1135
32384
41072
40788
5891
6707
31811
26001
43525
31039
38384
28829
30105
7395
5435
26597
8626
38855
3687
27060
1111
14853
39084
33437
25058
26935
23403
11800
49898
8854
35121
4579
14831
22573
49782
14731
35172
22419
35339
16969
3498
1790
18584
31042
1290
30324
10359
18021
7990
16854
37279
45656
22396
28881
27600
24564
33461
19185
33578
19016
33249
3620
12191
34501
3465
24964
26019
45651
9858
47033
45751
38847
2608
23609
20649
44632
23860
10782
35060
28450
5539
10702
13580
5172
7758
607
11090
516
41687
4788
29510
47944
18029
12384
26275
8435
1616
27340
31516
2158
40370
28328
34783
37409
39313
35275
10581
11852
24443
20870
6227
30718
12730
38985
16509
17092
19131
3659
10525
34121
21544
26103
24868
38170
430
6195
9979
10879
18445
2218
28103
45118
16367
15915
46295
8987
34047
30063
8601
10296
5635
39017
29112
5398
5389
49957
26377
29034
48879
22008
7118
7444
20355
43169
39271
6581
29453
47897
5065
19605
30793
16501
17221
7309
41166
16876
41943
46279
15393
23275
270
45297
46940
15743
3450
24904
9278
19287
3246
37289
9392
28974
12768
2344
18742
2909
21498
49249
13843
9219
49296
7800
21257
10118
27343
7951
3162
16120
43984
20855
13487
21384
30115
13195
43871
22673
13332
28540
1637
11905
6125
17832
7525
38441
18346
2167
17826
4923
17772
3560
17509
24183
24854
28661
46497
28834
47726
8122
49568
47869
2502
6715
11177
994
16448
44317
35268
34571
22719
42091
16954
44041
40525
12901
8220
33962
25577
17020
11692
20802
19388
40365
25118
43781
35996
5241
39924
43386
46629
4780
36187
6782
16744
25148
22381
37200
21272
44614
33334
22225
11851
26537
19370
47949
39737
33631
37643
33988
30690
8755
36424
41192
12830
988
8639
48968
17258
45926
38140
2194
49086
3106
16336
4604
15339
2977
48701
33169
22532
32499
10529
49588
21494
2846
44967
7200
42015
4306
31359
26781
17185
25777
19455
6161
25031
7485
36334
45683
9055
29464
39566
32510
39541
329
26557
37366
11649
40024
28585
32001
13333
14305
34178
46059
5137
41198
29998
21279
28686
13123
23297
44927
2812
20499
25308
38470
32418
3524
44900
36401
11436
27586
28822
19402
32397
8711
48946
43491
44145
38195
22523
14420
3618
2353
42264
31956
18684
49318
23845
8012
10574
36507
6203
17193
38533
38964
45223
23908
27283
45137
440
39875
10908
4514
33678
22784
46748
35805
38148
14974
30121
20423
23966
18737
47328
16962
27733
10887
28298
4025
41576
41698
36607
24304
5428
43663
44838
6201
6509
408
30694
3430
14793
11078
28444
43221
49161
24815
14015
21336
48440
20021
22925
2434
6051
34296
28746
15216
25823
30831
31767
40029
28617
15705
10270
30339
11147
37119
5201
10594
45740
38305
5605
7113
22200
8729
23160
7226
22604
16103
15466
48731
23571
43795
40493
23298
15191
44578
49962
16815
35240
49188
19538
29596
14250
47970
48037
2507
38637
48491
28365
24019
23628
42637
19762
1625
41634
351
19925
22212
21271
15664
42579
28460
12508
9633
33018
39111
44634
13374
43325
21190
46740
17442
40221
18987
34279
44585
23646
23622
24352
45228
23719
32689
48504
31540
1358
5664
4805
28084
11254
8801
19279
4385
26184
24173
1923
41847
2597
47102
18500
40321
9119
31399
27511
35581
4420
45276
24370
20908
15279
49101
25727
16879
38410
13753
4751
8011
37197
28007
19232
29079
4373
16313
41629
28110
13379
26302
7440
38816
7453
907
30199
45679
23147
6845
30798
36921
5858
22421
32205
35354
33784
18689
40784
33093
49421
20061
6529
39404
5088
28521
27699
28890
42140
36041
13120
7139
26681
46046
28008
25509
9882
34674
46741
30282
26588
44562
6264
39118
32858
24215
33345
27074
38118
39521
23945
48890
10869
4905
1454
30607
3828
25709
41532
29523
37410
24353
30221
12418
10712
43472
5615
47640
19461
12529
31389
15529
47589
18536
15302
8402
38521
43136
15111
45850
23123
44863
23879
46553
40076
21504
5585
40255
20753
29484
25716
10563
30042
41197
35948
43630
2069
10253
27041
11220
26058
41395
27984
40213
18171
33312
19275
6779
32310
30162
17921
45864
41639
865
13415
41758
13406
13440
19932
7516
28616
3301
5181
35830
35016
15323
24225
30054
18635
23367
12502
35220
6120
5119
18033
38505
18526
5053
16594
28351
14193
49042
4193
23859
48641
45207
34250
4210
2818
8246
31836
21409
47910
9311
19728
44866
47338
30808
38371
45079
3834
37218
2172
33564
34314
45377
39538
8478
46026
43529
10719
30103
28948
35931
14046
18569
5528
7081
32337
40895
42201
21043
22820
11369
21640
48013
36191
48552
41272
17931
31714
32006
27434
26227
40964
20461
9362
23985
5625
27100
39996
45091
3513
46246
31657
28322
35344
26460
33723
1607
41255
34786
44626
12189
4442
47107
41223
11564
3247
25913
1207
14090
8789
33026
40617
13534
46039
21642
48018
26999
17879
46628
20206
11902
39278
45754
21290
28132
28200
12715
10569
7587
11178
24812
30419
39325
25269
28806
24899
45761
19112
41285
548
8967
37174
3432
26957
36591
40194
41206
33095
23956
30554
9545
8214
27076
14460
45057
33507
12708
40692
9193
32788
12812
21906
3462
19035
1979
28894
14845
33638
6061
4250
1441
28413
27648
120
45595
8107
29419
19665
45424
24365
40505
29323
25800
10859
22970
16089
23537
32949
42510
63
8585
24186
49868
20480
36048
44103
35303
30668
17709
38155
45757
32859
22671
40572
34105
37445
36353
11513
25208
48126
1956
24819
44038
47319
36285
88
7044
16714
35431
31379
10356
6817
14170
17188
49018
7971
31101
4706
36633
16080
41612
16638
22375
38174
8137
37859
8958
49171
39529
9434
29462
26945
44683
25620
46514
30717
10184
7239
23755
20710
11629
4353
2905
21711
17523
43149
40642
49366
21645
2016
1922
6823
40408
23453
15333
19813
44448
20008
24485
15095
36708
40611
42735
1622
22156
33995
33142
45381
44017
27252
24974
15357
33471
42875
41821
24850
23884
22144
24780
8339
16253
5395
45853
15049
31895
26464
39019
6373
29196
5717
32821
38190
41029
47538
37790
32318
24957
24396
13861
18374
2736
29379
45839
34670
20346
43419
37575
6303
22746
23934
20114
4268
48970
7482
49883
49555
6547
46918
5062
4823
37621
18243
19261
34539
49360
24668
12568
21109
46954
1518
8927
38462
31626
10949
16927
46194
5462
46589
28040
34041
3628
40079
5456
42411
3147
6129
36636
4727
42550
1769
18861
32762
2187
5341
25485
23302
12904
25431
7343
18509
25111
7237
44387
39757
15038
42784
38550
39109
30096
19359
15082
40362
34811
31457
31342
37484
3647
25822
46384
43872
41129
1435
3447
13621
29320
11081
39384
34941
17917
21536
35901
36701
42828
29666
47524
17604
30740
21989
3113
33070
43197
23415
27188
19990
15899
6647
38996
37491
47212
7685
15610
9513
29256
8413
26870
1867
48021
12711
9884
8020
33414
49453
25614
10499
34477
32930
26439
11395
33156
48610
13674
45051
42170
19908
26529
9553
28601
44529
24462
10820
12682
35605
29622
21822
10659
15108
44470
9722
12755
17760
15706
31726
3596
38278
8770
27158
29463
25343
9559
25258
655
22277
33402
17147
37625
7653
7801
6333
47623
35903
7365
4567
46669
31625
48500
39274
39080
44279
22351
27159
43658
16663
9648
32842
44999
15327
36115
16268
14671
17923
2539
31659
44653
17296
23301
16737
25316
22616
41032
25829
16177
42615
42144
10575
18062
17155
25475
38016
23497
35985
4199
48573
12899
33548
15200
48282
45291
41995
15055
45857
13585
31934
26233
10140
27203
19468
23335
46182
48220
46838
20778
40600
5789
15376
38761
13233
48822
32215
40369
29871
9785
2854
42619
9500
36695
44438
45985
595
3696
33362
30340
34421
12756
22488
18553
30593
44872
11539
26428
31468
25863
18473
31948
27270
26563
20424
24902
5667
47317
29762
47308
18811
2384
41137
44828
15268
48722
867
36554
996
6573
4258
44361
46848
25424
3844
49062
15410
12373
29665
15714
11317
31565
34139
4494
44547
48515
43699
25104
4924
18453
8983
34585
4512
6106
141
27441
46665
1093
29717
30615
14489
35800
31973
12620
19192
38725
39338
24761
29182
2629
43623
45163
39458
31157
33387
14903
39677
35863
25608
3907
17199
44868
26493
38275
12896
37236
24792
24115
48414
7122
16352
36473
11347
24296
11487
42704
3127
45222
43273
48642
16745
5517
9401
46845
13924
45039
15294
29003
32175
36226
7420
22763
24257
23941
29996
7718
45318
32359
44884
10189
16664
1683
30659
2229
7731
16146
47689
40813
3326
38595
2912
36604
21013
17560
29038
30511
11555
47379
2918
30984
33880
28976
39870
19702
43400
17812
13435
25052
33998
38893
47335
17457
44283
4929
36172
42890
41224
43276
40708
17100
18777
11366
11399
46624
19566
8453
12760
30726
3264
3648
39451
31382
48770
36110
44713
15535
38047
47234
26065
42164
22383
14750
2224
13823
9529
14365
40836
22106
43413
37308
15120
26936
30789
9952
35825
14381
29163
11167
40081
46693
29166
27208
35289
14637
21875
47928
43101
48002
41115
35867
20361
33669
17841
9199
33653
10915
35022
16678
3084
25963
702
6612
11243
38197
18665
33295
1440
15764
5952
49861
49747
22235
14435
10505
36857
31103
36501
45848
35659
35336
2991
19381
42078
29992
46242
40503
19543
42585
11533
43558
1310
14666
7502
46959
20850
15233
23303
1465
21859
36776
47547
36009
9369
14968
41183
14469
22038
24457
26248
47293
43557
9917
9947
29573
33486
49611
23037
42097
33232
39151
49543
3456
37146
22551
8081
22765
29960
8797
46277
27498
49585
40751
49305
15991
48903
47829
7126
18693
15396
4329
22362
4249
49615
7541
25942
21616
24445
49528
46389
4201
42467
40785
35015
34546
4005
39367
6660
42520
12941
11943
38507
19743
37525
23851
36511
14175
33320
45109
22429
6948
32161
28117
42234
11171
24618
14001
11626
30813
48006
5679
24107
48998
45723
11759
25382
33176
37286
18593
19588
23164
33698
21282
26005
19770
25070
4125
32155
47905
12202
14419
47735
28297
48670
42509
32628
19188
7589
13118
38265
44352
36159
9631
49532
35281
43217
21038
35874
7720
5059
24667
42927
39660
33788
49516
41876
13321
30917
24579
48154
31129
371
36264
2401
38006
25722
25320
42323
41469
5574
16191
16068
24429
16317
1127
31372
40562
6019
36495
26690
4039
14825
40187
24079
41753
48647
26457
19712
32363
7171
15286
339
33938
39112
26455
42861
194
13996
15344
32440
11233
29475
39514
39272
7165
37995
45630
4184
16507
35124
45760
33061
5175
21636
44465
31856
5299
23321
23758
9343
3552
23585
41281
28382
13187
23310
32321
34872
41244
31972
45360
46170
36487
40132
47125
22936
13543
38458
45119
37690
37939
24384
14298
28542
8321
33281
4932
27559
43837
14989
46521
16966
49973
38520
42696
24504
501
39191
44718
142
10064
2003
7808
34617
31251
6873
18717
12420
49887
19014
23948
1980
5949
10684
38464
36536
45674
34338
13749
42488
1280
21411
41365
1665
32306
13646
25646
18172
26193
8894
48566
38512
36366
25971
5499
33956
38720
13701
43092
30519
41825
40780
43411
38822
40156
39107
42678
28339
6810
38934
20852
28061
23772
20124
47643
604
26318
31629
47104
46947
40195
22949
48011
35610
2940
27114
39533
17707
33694
9992
17671
38091
48958
43502
42560
35101
43246
27067
17352
32827
29193
965
18349
21998
17541
27169
32174
18581
13041
8957
19676
8069
3431
25819
22890
26413
5876
28400
32837
25048
11814
25955
40513
18308
40048
26096
23725
18653
36486
21079
15593
24565
20013
47748
10716
49806
29598
34046
46727
5715
26684
25640
25810
35178
23500
30536
9506
3151
19529
4521
44580
23061
37006
42779
36068
7610
28130
33937
30485
20333
41119
26657
23828
18525
24201
3385
3557
28306
12570
39176
33429
5276
15457
5365
4927
31378
38805
9243
19012
27535
44492
1119
6097
27876
36804
24453
37421
1104
46103
15492
33153
15438
6767
44218
25394
26147
29853
22998
18350
23126
11997
405
11360
49640
1249
6627
30632
3310
44155
13465
30014
15806
6351
14721
30036
25588
23546
6847
17788
48537
49633
30366
34248
21390
16987
19158
48041
12000
22697
41677
23544
5162
7471
23632
15667
39308
25818
6992
12733
42668
11846
46379
38276
1334
44636
12513
15465
23917
36463
8479
42991
43615
45920
7150
36057
28241
41411
29481
31555
45538
34699
35967
49392
5487
43661
14487
36499
10761
35079
12922
18147
10876
32479
34815
25165
27517
8635
31126
44363
3864
39535
17585
8488
26807
38183
25176
31447
37856
6295
6495
35722
11273
5613
39464
2360
19969
14926
36949
26026
2896
42904
37574
26899
13708
31750
26849
5799
3623
32620
7129
2327
644
4098
40312
5186
37948
15794
12777
46839
6283
34854
2803
30459
22987
19161
29620
1914
132
29757
3510
31703
11750
6884
29939
48929
3530
46798
26202
44254
34077
13882
49773
15128
49178
33074
788
127
48734
29986
38901
14526
10697
20171
34919
47934
16052
24607
23564
33079
36298
17513
20736
7449
35633
21618
19154
15121
49620
15566
23312
13222
46287
46243
23785
38785
36155
34960
21522
19495
37156
22709
27788
27175
47593
16612
29097
19371
19962
2600
35365
6109
16528
39496
30483
1077
25610
15921
45339
5631
23568
24127
16223
31203
36628
10215
31846
16718
16996
37780
42430
10419
1408
1694
4873
16410
42697
27822
22384
798
47598
12724
9885
44272
45128
2153
39020
37459
7472
18270
29947
29585
40184
29521
2055
46249
31497
11342
10033
49726
6071
8486
13568
29541
4509
5603
16065
37819
35374
39480
46161
12743
9453
37775
19460
35267
21841
11048
49622
21738
42499
7497
2521
30949
29875
34356
5382
43617
44469
14078
46691
43129
49024
14711
20026
6747
4902
46917
31356
25954
22948
37258
685
6926
14626
23112
27145
13894
47828
528
34962
35961
39411
25057
48333
42841
507
27383
47694
10256
2118
12546
4581
18719
41510
1052
1889
11811
2005
26325
26069
24847
48529
49168
38587
19357
23896
18030
2957
7517
31770
21139
35300
9052
29994
38909
3175
43922
31073
12176
49785
48810
20809
16126
47529
43823
23059
47472
24807
8572
31345
1341
26208
1913
43072
21910
15551
49872
7282
26143
30934
7856
43269
1730
13812
35340
8061
30948
20621
27662
40129
22232
34690
39666
35335
25393
18976
2315
31142
23291
31392
32320
15215
19042
44384
3963
5982
43670
27015
47771
15013
48831
22768
12718
39560
45629
25027
34002
6381
27665
20604
47841
4757
16125
40295
10062
27916
14606
265
10889
5747
40417
47723
327
31252
24244
12895
27064
19796
42394
33853
11561
44956
42253
28179
47396
39421
47199
16551
28917
7332
26524
3052
36574
23944
26762
3429
18880
3920
37845
19910
10418
45169
20814
147
30456
34922
37855
17399
26741
9920
6365
27200
35131
13025
5347
30905
2937
2397
28729
14252
44822
30757
48335
42769
9190
5632
10494
45545
36386
21582
12500
3927
13249
31822
21146
6339
36714
20250
10692
16281
2730
190
48887
43099
11433
9716
36645
18707
23479
8065
25684
17976
48062
733
5932
14977
22593
46697
8703
41374
19145
27369
29242
42924
46460
43911
30665
16534
30902
1139
7338
34915
25893
6046
19756
9574
48045
4529
11559
35074
30610
29190
9922
16766
38326
4609
42365
39942
5909
20010
38926
15475
30354
18401
41073
46655
25377
32942
45605
5998
32855
13982
26267
24130
38746
7117
17811
19117
46977
41602
34584
38079
44347
49767
45447
13206
35567
39163
42581
23249
33241
25144
21521
24506
43759
32707
29756
13910
24727
46803
24512
46418
30074
14431
13226
26501
28700
32023
33422
8777
16842
6499
34641
37818
32799
38
11923
16760
5636
30887
1673
2402
41010
46366
566
44058
33126
13831
13360
14341
37912
4655
10342
32657
16569
11876
44939
12745
46400
7751
34737
29483
4576
29682
21430
36771
26300
28595
29869
6047
33500
38584
29907
40037
21386
7116
42896
3236
21551
3788
8956
26434
15418
8268
4589
31472
9703
26246
13056
18237
2313
30666
19509
39637
46466
14023
29780
41323
22646
21873
42410
12870
31369
16767
29738
38157
19730
29713
43574
18253
40447
46210
43754
24302
5964
26592
30158
26331
2170
46470
48533
19921
44452
37274
10935
7359
11655
14463
22342
45715
37911
32336
48796
33044
14024
15123
48814
48204
23121
27772
46761
210
49332
32772
17591
13612
16838
31490
3593
9580
40576
40330
7876
12639
26528
48214
30530
36696
1125
41909
25337
42445
23831
39006
9192
49827
47484
41670
40605
37933
11988
8412
20027
42711
38696
45561
11028
43634
44236
35125
49301
28348
46025
42288
43201
1356
8092
26100
2131
18149
3269
11674
41066
41464
17904
34669
3164
12305
12272
26354
9126
15002
18935
45905
24681
15355
39994
5376
457
27594
4769
15136
25874
3504
11893
37183
13335
26072
35343
4351
1934
15244
35200
7637
24078
42857
16704
4804
40467
49931
18128
3959
28344
22495
33292
30338
25897
39976
44552
3050
26955
33245
46481
28825
29912
13809
17958
552
136
10714
36623
25516
42354
5572
13583
34662
40933
42456
8424
36638
6848
3195
48374
13950
41637
34039
40173
25586
34828
25707
41408
14306
280
10789
32106
25546
16370
28669
24987
24436
33843
35021
38939
20470
11024
4364
49440
15157
49183
31478
44519
45915
11376
33122
14104
48312
36569
24776
47085
42287
7942
41227
49407
21396
36762
46965
25513
13242
26560
48014
15845
30326
34313
15414
8783
44451
31990
18249
20899
6531
17186
40698
12868
48889
23959
4600
46933
28850
45951
28742
3916
19825
26838
14754
18897
1722
23172
14935
37208
28118
26847
40100
12888
46473
20590
15871
43637
45486
43833
26526
20168
27727
18743
1130
4516
16730
26768
40536
6374
48992
33511
21647
13507
4752
30980
33803
16481
49021
38386
29870
44675
44433
687
42036
14101
44032
15710
46000
46010
39537
42094
8536
6877
9281
47902
20759
49096
33852
6878
7321
15241
29257
13210
49473
15521
15158
36234
27977
19464
10447
26063
2879
10660
37455
46833
22198
37661
28436
28954
5494
22438
41764
36457
26475
4371
2173
33977
20662
47064
47860
27372
4292
48027
23499
41849
25375
5120
14174
41521
32413
9462
21147
34917
21509
47160
17376
32777
24705
47148
30117
8481
30611
39902
16491
13438
85
22703
43351
23542
24179
49534
11571
23921
38510
9178
4474
28570
42938
4552
28467
3892
37348
12466
8826
6067
39993
14962
36246
18768
4515
6806
2955
48328
18761
33952
28390
31960
14203
24247
25174
49163
22308
9712
29675
14131
27519
37917
41263
13899
14267
48921
34605
12962
12660
32369
21794
38625
12910
16121
2856
44805
31271
42608
16671
7873
14333
7
47056
24620
47827
2150
10191
7114
18671
44666
22299
15060
38873
10013
17412
27235
43639
21865
17837
8113
18730
25724
24422
48584
44558
33844
20610
16023
33087
4565
14511
4856
3043
852
15018
42879
14500
14600
25643
32663
22781
25409
14198
3924
49867
9908
11052
23599
37130
3374
1496
17474
22369
2404
17248
36123
14231
35427
10519
37897
15620
37564
37301
8886
2551
3446
8196
3390
39087
1678
34009
44550
3580
28739
18503
5024
29929
46644
26718
17629
4093
49576
25433
42109
17968
22317
31718
35916
45914
27030
11357
33539
3013
29170
46043
10197
44496
40826
4204
46137
10321
33212
32844
22732
17530
25723
12449
28592
22968
248
49304
43622
14484
17238
22923
35847
30621
36064
2535
13858
33019
43108
20487
19778
17028
42446
23639
21501
23513
34920
23370
26779
5265
11475
36039
22356
31724
16553
44070
20054
4919
45336
22575
34116
23363
33931
40068
13450
5661
46097
23605
3675
15672
16896
6164
42518
29581
20160
36283
16244
38382
16656
48291
22988
13006
2240
17831
4446
31295
24677
1224
31036
46408
14026
45555
24282
12422
14785
4594
37023
10400
19456
45009
13849
44931
30059
15337
2363
14580
29670
28239
20921
33389
46107
49395
17204
6140
536
16924
19393
27126
45965
12187
8319
10658
48704
13542
30637
30214
39548
17073
18711
22718
14979
15779
41887
34887
31807
45307
40599
39837
47428
46768
23905
2220
1543
24936
11827
16849
32866
38267
21376
22428
44074
17483
3763
7224
28448
27105
2993
39787
15227
21589
40387
6620
29126
31049
7407
29206
28300
38983
14581
31923
17989
11101
40284
30818
36669
27642
6748
37928
23166
38810
49948
25150
25344
22872
38214
24550
1323
31539
33810
47521
48128
24982
3365
31489
35940
39434
5623
18741
18518
48193
32682
22520
22152
4235
49618
27405
27005
46135
19979
44834
35693
42353
47600
49312
30565
31100
48587
49292
21973
36179
40401
40323
46111
10094
26115
8793
29318
36770
18488
43475
1833
40604
17880
33643
41676
5466
10534
48546
17500
6471
10436
11503
32835
37434
11845
9798
11187
45132
18649
45466
49548
48818
19554
22985
5369
25293
16887
14708
47836
41141
20411
24645
27503
12142
10787
1230
6684
44172
30502
40637
34779
14758
49544
25908
28279
6668
32831
42280
11774
13932
11796
36808
29903
22267
30907
49688
16292
38868
32183
41268
42356
10860
29297
13528
25275
19706
14389
39512
12757
46383
3320
44154
1083
29472
13201
45096
16792
35505
31911
2097
32395
20960
1647
20360
31826
42444
48680
45733
14862
43999
32323
30561
15527
41679
4676
26223
4888
43702
49215
23382
32813
21439
22080
27182
47887
27337
17548
4010
13252
33744
33760
20505
9041
13091
49240
40021
24084
37011
48893
11289
36170
2516
32026
45100
3767
25164
482
32676
49554
15092
17392
36088
40715
31391
2967
48418
43865
1494
11406
22525
41155
45938
3666
25228
20377
33420
10515
32110
28085
29426
8437
14847
11302
4358
1828
40004
21838
8849
10014
47488
26641
2602
34569
29075
34627
1355
34092
14171
27857
11349
38103
47832
49700
38004
15799
24108
40283
15552
5
35771
46870
41755
41515
15957
27314
33137
41275
7391
9108
25183
41228
45934
23783
46818
31522
6443
39580
47651
40293
2660
14095
39306
44625
45749
31987
23425
5833
42754
7274
48601
11982
24958
24329
1551
5654
47797
2941
30397
11141
29408
39968
33270
31144
46044
20812
47190
49135
41413
29707
48873
48303
33020
23264
21305
29859
40678
42776
31965
38889
33704
6417
40806
12086
20312
28029
22432
29186
11029
18211
7540
28544
28613
2375
15526
39811
10987
17635
49623
32373
4943
45736
25667
28558
20207
15071
19561
32270
11215
20946
38958
23977
30882
27317
816
8266
47572
27776
27479
28824
34747
40760
48685
44831
40821
9186
47416
42212
12455
3632
6400
6696
28337
4016
39999
10403
32523
659
21196
37956
25267
48319
8963
29272
13864
40696
17056
49732
18714
10454
765
44076
2817
4974
5590
22018
34490
35827
588
34
4813
21978
32631
17825
37927
483
22565
27116
31159
8717
22848
902
24604
34091
26042
13074
30167
25450
6674
20136
29232
41833
10735
46100
45313
32924
30939
4295
44994
44590
20376
6393
24515
24636
49992
46722
38765
27342
35716
38124
22440
40375
1684
31668
32276
12939
4793
37654
42796
22092
37404
5993
33851
24817
45892
6935
21646
31006
35576
967
4926
19458
9262
45936
12838
16585
39280
38107
25426
29107
9435
5943
2604
37510
14817
43282
14452
44116
10516
7035
34681
22723
10824
38177
28837
34990
31828
39423
38123
10151
32919
5054
5105
20836
9876
24979
18672
26947
45871
46797
42074
34478
23180
1041
43591
25629
31442
47856
1844
900
39693
9143
19215
24931
42359
21899
20047
21538
38066
18135
42117
23368
35790
26902
20044
43029
8145
29424
4725
36672
13622
8590
7987
4388
33572
49025
5286
25962
15903
26688
43418
21727
27738
46720
41219
35652
8250
14867
21533
8386
8300
27461
12424
35891
37886
23344
18501
2361
6221
37069
27775
35439
935
38529
6846
36336
11455
11608
29619
45564
47551
44312
7287
45027
26110
5446
34256
44247
9327
49643
24482
30701
32360
40997
17329
49454
4901
16428
26813
21116
3726
4206
7899
34976
26392
37260
32774
7768
45827
21881
31427
30531
40915
2455
23584
13257
26500
10059
48254
28827
41872
4215
16532
32909
44101
12374
11806
41678
40541
23877
46643
47536
37565
15787
40673
32435
38676
34756
1805
20805
1654
11032
17795
14359
4024
16222
6956
39374
43484
38147
7618
18302
18324
19210
923
6402
45669
3829
27163
11153
3563
27796
42103
11816
32998
14522
8139
13829
48892
48452
29591
24121
3176
175
9609
29657
3921
42374
12926
14057
44377
20492
37226
34671
15087
3101
26349
44362
31308
6706
4880
20237
22153
4272
11944
26429
37960
18930
21302
3329
47228
4159
20572
38828
48840
732
20953
48337
13469
7905
36923
23635
40984
6216
16798
36509
9465
47973
4651
29406
26611
25784
14139
28663
43178
49838
46102
36986
274
30131
13042
47634
8882
21167
36719
19559
24287
8403
22531
29460
31556
11112
42028
28728
39932
11474
2421
40232
18224
26459
44314
4113
21192
21835
31294
49900
29615
35523
16961
46988
44124
40168
30431
43104
23878
49581
49004
20586
44372
37840
24252
754
9581
47805
9893
24014
49052
7498
9195
42344
15236
10994
49895
17543
23802
49408
27877
49080
45526
47106
20339
8693
25423
28989
29799
10401
24672
46423
7065
4546
26626
8425
27545
4475
32892
776
47840
4635
20447
31208
1375
33555
46623
22297
41067
25123
3033
23221
4864
47831
40658
34312
11118
28463
7439
44643
28642
20784
4624
17275
20032
17484
20758
19828
49503
472
6394
49936
3837
16454
38767
18574
17308
13401
8152
25033
41754
44213
25184
23528
41266
27700
24628
27644
17595
35504
34813
19194
15163
16385
38445
34168
16875
46517
16035
27058
30446
39235
784
47918
22715
21995
41420
23361
7790
44028
15140
22704
18137
22340
9267
39534
27024
22147
33482
2913
12266
5036
40489
47229
23226
26210
15600
15654
17069
13570
19943
32109
21710
10825
43757
43485
3273
35070
8367
8015
43686
48870
22303
37092
10005
7191
28244
28857
7161
11572
46029
4359
16401
3306
47255
11027
47647
48463
18297
14640
26834
17753
44298
18113
37502
32726
26649
8294
24683
13461
44941
26784
2900
29108
13262
34094
48153
20963
18200
44355
39394
47367
19201
12735
19186
21787
5919
20228
43456
31443
14352
34517
22665
7659
13386
11949
47089
18450
11840
19703
13339
48084
4685
1101
29941
33748
46861
16319
14887
3533
43588
8043
21168
29572
10202
4437
29750
38376
15696
11174
34351
33856
48261
46579
31794
2771
717
32477
21203
2934
1595
19037
32897
29418
19108
38888
6518
8541
4063
21210
33050
5287
27536
6866
41805
481
37020
25752
16645
14110
7985
13322
43724
9129
20750
29473
49907
7957
27686
8940
29315
36397
7977
27286
40431
45314
34022
41424
2867
711
40302
47465
36797
15570
30600
39587
35547
28149
3226
29239
18272
35490
48937
19148
12192
49610
32588
6167
41449
45972
39921
20582
22598
18639
17988
2562
15875
49683
8382
4765
1055
18341
8812
14706
32493
37312
46286
24611
23289
11579
35508
11985
1129
37050
12343
30799
43261
39261
25624
45213
40965
33316
42929
9209
9789
7644
41977
31287
37065
19894
28393
18837
6157
12627
15644
44572
27456
47225
2130
22931
7638
2086
30830
47903
45724
12211
1186
7822
23043
36245
915
7724
27734
23271
541
9803
11304
30669
16422
16277
5337
10386
44159
5771
14375
24541
7106
5944
47987
5386
22407
34362
3332
34642
19057
7405
39013
47333
25809
19054
42021
39745
35554
32944
17971
38797
15106
31111
6139
49175
29663
44566
35537
20860
42842
24514
16329
43404
35646
41109
5536
37121
31957
41715
2833
40270
1054
2348
44385
38688
6424
19879
10144
37932
22046
36710
19266
39296
41118
20169
39964
41093
35011
10733
12933
10206
17138
6367
41628
33708
32105
23503
45515
21293
318
27491
36147
43539
30104
1971
20593
4840
37748
33811
30168
11231
6462
37001
35951
19412
24323
45805
44246
49460
35189
31064
14357
39316
21656
48654
46057
19364
14135
38799
3992
24268
38929
11344
22086
20327
48522
5662
30098
26487
49241
7995
40348
7698
65
42988
20671
6465
41916
2067
46682
29900
349
21747
11672
8181
46016
42408
40689
40228
21531
45923
5018
42846
48991
26552
28656
38734
40445
27815
44417
27389
34896
24924
25977
16316
3759
47520
878
6945
2152
44611
38632
36630
36047
33325
48501
48350
26867
3789
12404
35919
41920
31593
4407
5874
9054
45187
32937
14858
8997
38634
41787
7707
21799
14525
3496
26132
33357
49748
6802
5344
29164
43234
21333
33674
41557
33733
18180
35812
28915
18484
22734
48301
47342
27760
6382
33587
8700
3346
7056
3690
8900
16526
36579
6418
7712
24423
19270
2185
43601
860
20018
47483
8776
1631
9557
45024
4573
30179
9826
18325
35762
49720
42130
19441
1248
24318
39826
29673
14111
33796
36236
3727
8543
19642
8561
14457
46542
39920
7417
41551
9879
25604
28863
31376
47052
16665
9700
11823
49164
24836
40640
10902
41967
22786
10651
12495
3534
16692
11296
5882
32274
14091
23235
23005
30889
19632
5169
11797
45558
22865
45182
15193
28172
22617
9733
11725
12109
39736
33897
3758
35454
42978
48171
13449
11740
38262
31314
9301
43986
39585
19163
31654
11729
30288
18382
16101
42435
43551
36932
2365
43813
7413
48655
14179
39817
23697
19738
43187
37370
8320
11831
30349
19136
14836
31250
49844
4885
10172
9266
10412
29837
44582
17759
39314
41488
43454
27134
8973
834
27122
28375
17752
27576
11222
7404
49232
28675
3902
10568
40731
1142
10057
41502
25764
34594
17212
33032
32987
29298
19983
29539
48341
19482
40897
18758
1933
19806
36409
7784
30112
37439
6484
3063
26397
42031
26619
34918
22373
16332
30671
47119
20449
38268
12046
43000
12395
32590
41273
31517
15230
37554
17397
14310
37785
49995
20012
15356
10763
36697
16157
19034
29331
5695
8256
12545
46535
34631
21484
46402
15839
27930
42675
27630
10068
28347
8366
23060
29630
7060
38100
9892
42638
25700
12271
17061
19539
23969
46252
47911
27216
45455
49007
13314
30761
28681
16754
19986
30526
35680
47189
46155
35231
7041
42755
36558
48520
37309
763
34943
13095
19769
31690
13165
3118
353
16563
23883
45433
15628
22029
22161
38288
47675
13593
46063
2628
25401
3218
7763
41683
11650
19415
40735
27207
39723
49930
17705
24655
38551
43244
31291
7450
16301
19403
41517
47871
19928
11047
16953
8033
49150
24011
26495
27007
29702
35809
31370
8484
17674
6284
22017
23946
49338
14609
2422
43826
34770
14657
42863
18080
14753
33453
46923
37303
48812
35107
12108
19779
5894
31450
47759
44874
29528
40317
2026
48807
11536
21769
15626
30787
25420
8230
16453
9898
10292
30133
47552
25536
24147
2139
39452
48984
20808
37677
20342
47341
47679
4009
29409
40342
40110
31922
700
39071
42650
20734
42222
7711
16566
2200
36503
3245
44543
37506
17223
45173
3954
44206
34406
9602
39864
14570
35738
31258
36314
31023
40303
10591
33712
19339
39599
7929
2784
10260
24586
28278
34081
24066
32826
1449
32241
45653
18876
44405
38080
11695
9045
12350
44053
1264
33207
13600
42185
20905
3840
29387
9774
17619
31331
4237
9709
32559
22633
37812
43126
43385
18117
25773
5236
1619
505
17304
1081
8618
2050
39043
49325
35396
15772
49402
20053
43755
17242
33614
45664
38249
37493
12542
31795
33330
35085
26273
43455
32052
10161
26769
22316
11622
15426
47280
35619
4623
43962
45172
13553
25209
13941
31430
36377
22927
33046
21562
8509
29544
25605
14505
26655
14145
47511
39626
22413
22762
16942
13232
30603
21736
21529
29445
13675
34938
830
33726
22924
6328
1167
37173
7124
29655
36870
15584
49551
3603
42150
43497
12915
44847
17592
11305
41368
35378
40316
37595
48285
10664
26
14990
31634
47491
19515
39033
45769
49776
35485
9746
26643
8698
24794
31176
2658
31119
19083
49579
7054
23789
6242
21128
42747
1182
15222
40073
31532
16373
40485
3343
30770
23535
27740
1973
45143
1071
530
4170
26312
39527
42294
37070
22552
14567
18540
17030
7384
38368
13393
7272
44304
18691
40638
7441
44329
9472
17884
26451
28807
28986
32594
5849
44975
27068
34790
43821
48217
41193
348
34752
37315
34429
6815
2700
3825
26186
2376
45267
3299
2872
18418
24300
41465
8788
32089
11493
23810
22973
36126
20771
40282
34842
7085
42571
33370
8962
15867
36598
40586
7874
49857
1184
24700
46852
29776
39126
23980
30679
15295
13194
36590
12393
27759
29011
15874
19592
3723
17655
8925
49355
39845
3780
40718
48068
17922
45450
35408
2689
13381
12034
5159
22853
41345
22545
19618
36428
46138
11632
6663
14861
38168
46548
40318
20288
287
13266
2198
16038
24718
28868
16946
44077
29652
30212
38955
25135
20517
3413
35006
19682
26105
30769
22701
35460
41548
42663
11825
28699
42641
14566
9260
32272
23490
30358
28958
12267
23576
16003
10101
2142
4964
27854
29474
29435
29606
25203
36620
46204
15777
37125
956
15922
8164
16813
28672
15265
7250
14163
26050
6482
36180
49129
15113
5267
44878
16011
26580
40944
22346
49339
38102
25612
30824
8457
35366
9699
3132
32050
29165
16232
22809
13900
10851
41865
42823
21590
7356
40844
27554
15802
25384
3062
33115
12739
30156
32677
14424
18952
47400
24153
39730
35184
38303
42587
44186
1873
7019
16633
5101
32926
41157
4895
47124
22027
45954
1200
21135
28378
14374
330
25621
41518
25849
1657
7470
30722
28555
30066
17995
9943
4634
41156
38645
13015
18049
4525
21591
43991
804
49306
45234
8548
48339
5285
17977
33840
39066
888
25835
19134
48888
25769
12855
9134
8263
19268
11964
6980
44267
18054
36358
24508
28798
32933
49823
17960
43
48608
11938
41578
20112
15312
14331
9124
16148
27942
7507
10468
29008
28547
21156
16694
32583
5758
44820
47558
42825
5861
40272
877
21145
40779
26039
7151
29171
76
20749
27758
45741
16634
471
32148
15877
20450
41482
19504
48111
10084
29415
20757
41622
10843
23350
49724
44130
34701
18703
28299
31196
13856
37081
112
1255
23198
33106
33602
44773
33107
34989
1007
18038
19462
30111
19832
32634
37966
24250
13521
2610
40603
1289
34118
10963
27561
233
19433
23541
47678
6623
29637
29308
40328
37901
7572
19219
13771
33430
42524
38321
19137
38557
18002
18218
29081
29580
49147
284
13860
39070
3509
35311
39381
23680
14760
11877
5835
32553
6115
18313
43689
17437
38108
18575
35002
4871
7598
8384
38801
38642
4221
11975
2642
25740
13255
48060
2380
22239
48406
4440
6211
22983
18275
28050
41797
42739
38022
24442
24294
26024
14557
9662
15431
16822
23949
42717
18417
17911
13983
44876
4135
27616
15025
46528
41041
28978
41655
14368
15446
49653
25253
19935
25461
25706
15308
10537
30149
7597
26672
14088
36258
46179
42243
12819
13361
5775
29036
47118
19882
43995
28057
32902
20664
39391
9094
35117
29180
15022
49656
43150
37275
44353
15343
44371
45398
16487
34152
45288
36737
6091
43890
34600
24
672
44095
16591
34530
38017
44008
23594
35795
6391
22167
42817
5692
40657
12398
39807
11971
15592
16342
23900
17499
11049
48634
33895
9166
2938
22861
38115
26880
43144
4344
3549
23205
29059
16104
32029
33838
28350
32495
38674
22767
24051
25055
21191
42799
47662
40040
21812
3090
13481
29729
42714
8195
16960
6151
35388
37935
21604
18888
32497
1016
21809
2739
18654
9089
40986
44119
37167
12209
31371
41930
34036
45491
20215
4338
26767
8743
27713
47513
29283
26431
13946
38882
22048
13663
49780
28112
22173
8974
18193
46053
36878
3682
40787
44641
42642
45659
5352
34275
39564
15147
36800
17539
42626
39413
1895
26974
15309
43040
36277
41442
13970
45660
14150
46385
49811
10465
2127
40650
44454
36225
37123
19745
44759
17953
12924
25857
2659
34801
34979
36433
9926
15489
11972
49692
40275
16988
21368
49669
43778
36745
44781
29725
1222
1043
28145
5281
16144
325
25555
43228
39553
18544
6022
24036
6645
44473
28331
3831
48181
5573
9068
29997
18329
10709
14555
49556
7993
8316
14084
11507
20522
49169
30807
24748
23165
44220
18168
38491
8290
9399
24563
5009
22832
1753
21864
28688
22034
25435
13632
4578
13914
6446
47145
34146
38218
7575
47302
48518
22215
7773
40337
23212
17555
26536
37189
41333
18326
22710
31324
6911
41075
32769
41103
1848
38965
16790
36517
12353
1051
29583
24995
110
23276
46997
45242
12151
42127
19758
4408
11371
5804
49915
10018
47977
39493
45225
32158
34130
46403
4180
7133
42551
1474
5580
32698
9323
14178
7197
2087
37950
22599
27757
24713
3427
3392
14212
46736
5238
21303
46766
39215
36844
39430
17547
21426
31831
47146
13928
16779
11580
23308
16970
16586
27349
17067
40425
35838
5970
46336
48119
24734
12851
48912
14996
42135
5197
38915
14812
46391
37113
44792
11990
4637
42531
24846
33551
34162
12243
35719
37310
39721
1293
39863
243
49031
14384
14639
21843
33917
6081
9642
38699
42530
35807
44256
27257
39827
35528
28202
25295
43191
6721
38858
35145
14383
15916
5208
31756
12789
28763
6005
13311
3494
48348
24305
38997
40477
31786
21134
25406
34211
23436
1084
44979
41315
27046
12309
12710
20619
29218
48548
25592
8504
30258
341
44546
16030
2968
11168
44682
32328
31198
47715
15660
13002
9751
14804
42667
3045
25062
17641
31231
41966
15851
24560
33289
34577
49480
14616
44163
4848
11102
24507
38561
49958
26773
43594
2878
31350
35799
28770
43600
26315
43667
668
36324
21801
8620
37863
16066
40799
13611
42415
9509
13309
7376
35911
13967
8610
25474
21550
36379
35984
49268
9411
10896
6611
43249
7527
15749
45181
32828
23175
8650
7025
8007
36005
13185
20840
4029
33652
18786
16703
27839
37282
15321
48725
42766
12996
39057
39552
43508
15726
11308
45863
25233
11502
41820
34167
33645
26407
40124
22178
35247
19558
21672
35350
33629
36013
9117
22024
46329
3344
13971
34390
25751
20854
40157
39403
45341
20570
8258
6088
39747
27248
24420
20693
9309
42653
42315
43146
11330
44295
5766
18781
34718
32017
40165
6240
18524
27043
35859
13610
49875
26801
26440
47844
30751
5767
43809
2557
1103
39415
43841
17214
17829
23838
12432
12556
42081
40556
10973
33896
35804
33743
45801
34885
35927
25641
9887
20388
8780
40627
29526
19612
2265
6155
44664
4158
41590
12831
40864
115
7333
13337
3925
44514
48158
14021
48572
8329
30505
13400
10742
24535
31982
47177
25463
46193
7100
36983
15088
3094
28285
48223
33682
35920
6035
17698
27271
16550
16636
829
43319
26390
2741
45764
20300
32539
21496
11668
5219
49065
18428
39127
24297
37523
30362
1332
30814
13824
9252
31514
6362
16179
40664
39264
16646
10809
10165
1005
40647
23128
8444
12538
32438
18995
9368
47440
36657
35154
33470
22807
24062
31619
12116
45191
47498
45343
2020
22326
34522
7371
30155
7660
2620
37451
1163
32993
4411
31678
19375
9196
29535
13689
13240
41052
13131
14038
2108
16973
40790
33428
43283
14351
41746
41428
45904
7914
32731
42662
21425
43531
12323
29868
34237
974
21932
13143
17757
12433
27924
31825
22132
18949
11106
28203
43196
10389
31491
43247
14036
42314
27408
44535
26865
1462
43437
25812
7817
34269
30331
3983
35078
42134
1056
25787
35503
41415
12239
13656
39939
29607
11397
7156
38977
24276
38256
49575
18051
49515
20534
14354
9727
17522
38698
39060
48484
14476
22280
27884
37584
44456
47490
20678
3110
16341
46022
1278
30742
15838
511
32611
7947
9081
41256
5716
22597
244
24138
28497
13341
36319
2328
36572
8054
855
33893
739
43742
39318
21321
39808
19532
36767
44897
35235
26291
43606
21009
22981
32055
39872
25279
22841
17608
30328
38172
2054
20579
48945
29794
24192
7567
36267
4613
19305
44005
25995
2159
31943
30480
25794
42801
15231
1348
48851
7756
8798
37810
8360
38050
17819
20202
17274
41180
28184
1426
20321
48256
2036
13872
22625
20923
49185
29781
16134
7300
38875
38611
32372
37720
24891
28551
5023
7521
47660
13047
567
12727
16834
25669
24682
31127
16234
26645
7467
31710
16768
49464
41658
45255
24047
30955
49667
18607
22637
17818
15289
30022
43353
43547
1057
23013
9994
29984
27562
19533
48965
593
34411
20995
22365
18657
25124
17131
33009
41559
44401
642
17810
7997
16161
29878
445
7367
37215
4114
38814
5439
27360
23156
6700
20986
49570
5260
28376
44802
24914
46726
18177
49417
37555
26018
16574
23514
23893
44178
18694
22894
24351
9721
21503
34137
2031
39756
5349
3092
41100
37729
40641
9592
24491
47305
5251
14065
10154
30596
25411
24492
30337
14294
44877
44561
19459
37311
38588
8613
34729
38274
31698
36349
29749
35706
19150
12795
9707
48789
2064
38045
37135
15713
4785
28697
21897
4596
33574
30334
9370
29138
32299
36882
32635
36372
18622
11945
15674
30157
48090
1610
22408
47810
44570
28401
11303
13760
9454
25762
47649
26190
12437
49734
24397
35672
17611
27109
999
28534
34647
36832
43982
8049
38607
42367
15948
39435
44717
21283
29225
45290
15423
6773
27334
5019
24534
6816
1312
24412
8745
49411
40403
23028
22859
44238
968
5867
15463
8308
32608
18877
48928
13562
2520
25811
4940
25387
3138
38903
43262
30215
12489
5520
46274
39399
47775
30491
11186
41925
8473
47022
13080
9989
15167
36601
33081
36743
7721
2290
41274
40975
37916
17916
21180
42725
35530
36763
24736
14340
6562
17261
3215
37814
27539
18056
23282
3358
17367
12521
27675
5839
2475
26328
10907
49605
48923
3781
40824
20070
23784
47426
29207
47092
2746
3160
3089
42989
41292
23581
35787
30912
26723
14499
30570
31164
20997
21474
27737
26979
12051
28636
2325
40304
11789
13443
14770
35057
46165
22104
19617
22691
35989
15852
23998
30138
37963
4382
26406
6207
19378
29355
31884
46346
17079
39761
5793
35774
28747
27072
29802
3586
15058
9290
49978
18836
45577
22380
49696
3000
14675
33022
45688
38802
30439
18868
49051
6604
21359
36132
9276
16072
47674
8553
1506
48532
46211
24298
29509
4962
47811
8104
37671
14370
13501
32014
39581
3735
35631
48106
32505
13709
37529
37072
1391
25541
48113
19934
31924
33386
49380
4477
7013
22731
49214
34653
16039
7389
41349
23909
37503
37999
12823
19725
12059
17633
33535
32102
35739
5790
25506
32283
28417
40911
4322
20792
27054
46462
34538
45126
13647
35885
15305
42992
37446
29427
9125
45382
13342
13141
33632
19852
39139
39174
15553
289
36445
37304
49741
11624
40009
35549
23487
19199
17781
1385
24160
2205
22133
40096
6452
721
26516
32662
12389
6561
6119
45721
4256
24479
43565
15052
10834
15326
30720
37788
49765
30792
7793
35506
13253
36311
23207
41939
28426
27406
20282
49448
18412
42044
26367
1526
26473
67
25726
905
27070
11553
37261
22690
36784
15042
44305
2792
26256
3452
16380
5077
27357
38647
49330
34255
6123
1204
29248
37829
16972
26968
24617
32179
48357
19709
7676
9501
28386
41146
49379
32814
8089
37456
36175
39607
43553
34663
33483
38865
14888
17535
5751
34195
44348
46916
47506
17737
42812
40035
45438
46991
38390
20242
2299
11752
43619
13146
45299
35118
14690
47218
17574
5637
47736
2186
7911
26976
13818
41047
32702
9804
33787
18936
24679
19898
30031
25219
16195
8067
26585
30861
42340
38176
49815
25005
28226
15334
38496
3129
22705
49745
38251
21649
12106
23293
48930
46349
45909
47585
46619
28722
35333
26774
6995
24930
28826
22975
43880
16676
14748
20248
38749
12001
11922
11294
45962
1512
30385
19277
29293
10271
9189
9759
6915
21352
15798
39605
33077
37120
20916
33339
22293
40181
35594
49816
13009
28875
39954
30779
12817
1851
14660
10452
16840
39582
5387
10166
13613
47127
14107
37198
44598
13382
10258
8390
250
18280
9288
13014
45947
47680
29608
16561
7958
30945
20393
20658
33491
28869
6355
22023
12987
13500
39247
45781
10309
7330
37339
19443
25626
23629
29499
7203
32076
10873
49752
33920
42380
47549
32797
19578
26095
6163
36182
28222
31026
34510
34475
41653
30858
35114
25143
744
27614
19511
4747
45521
2891
40774
1677
16515
13177
43822
4527
32348
25195
2723
7157
24307
31586
34890
33140
26842
38935
44616
45795
40419
25038
30578
13338
28379
7349
44292
14258
32728
37466
15544
22085
30801
14559
12458
32528
14834
20199
40551
35440
43271
34254
39798
31210
18223
36711
35162
46202
2860
49307
2456
23191
7215
44962
23111
36370
11471
41318
19646
44737
32453
14064
29649
169
49002
21049
8642
29258
22606
44798
9720
4826
6086
45793
11878
40819
49382
40082
18676
45200
9793
16450
43279
38043
4555
35760
42736
29751
47537
3805
4876
7705
5832
20667
20378
35791
3956
27882
44961
32811
40236
41814
28264
48948
11338
17946
45420
12320
36742
42061
45767
30658
11151
12664
22692
31875
31801
13952
9728
23796
36434
33591
7961
13959
38605
6725
15074
39800
24943
34827
33688
2915
5149
71
15033
47728
33485
41209
21487
30076
39766
35169
18507
29661
13310
19477
4684
13555
37986
30420
26270
13820
23265
23210
30477
34057
7079
13390
45598
5467
14309
6552
10491
41387
8806
6057
36816
6421
38825
48502
19597
448
30299
49799
11164
32194
38616
46075
16357
5350
18022
22501
34151
48597
44789
12291
11438
28565
38215
679
33862
48161
46952
17729
4560
5020
35613
48033
39054
391
33512
10130
12975
653
21896
4991
17950
48032
31244
48055
8653
3126
24463
2821
9337
38630
4633
4680
16084
25145
28650
4821
42139
37264
40277
18104
42296
16621
19421
43786
14398
36605
30015
27141
23483
27971
4050
5817
34187
13004
22942
45919
21371
30448
6820
19783
11848
16483
37172
10717
17416
6986
5163
37945
10771
25376
8376
34773
8267
49349
26549
8398
5721
20511
30180
35813
2369
24369
31056
23423
12793
36692
19203
12630
28449
49011
35394
46283
5115
34857
28522
27421
3744
20232
37338
37391
14058
7599
28302
45184
2921
13766
6728
22099
41938
35087
26139
29829
2724
31433
25218
4673
32674
44382
47355
13536
1909
46792
39528
21959
47403
31775
17613
43914
15932
39474
46362
44123
42101
40938
13264
27989
22540
32692
30415
6661
12905
40092
43585
5560
20245
21419
35715
43229
40534
21626
28326
34484
40470
44761
21276
45127
43645
34513
10775
43059
34244
23673
16687
7554
46510
33310
46445
38320
39953
14970
2027
40266
14781
4394
12002
39437
4404
19015
30961
10132
44808
12621
16647
44955
2254
9365
20780
33855
23446
7478
423
7557
10842
37149
25741
8487
23714
13925
8179
45755
33637
15691
22193
29230
41353
40633
33909
18617
47663
20187
4896
27998
3901
4111
13073
37711
29433
46002
14003
3591
23343
37761
27384
17549
20539
17207
32693
45015
16
10227
7681
7634
31467
42431
46757
43697
41547
12893
10528
28880
34141
46534
21018
31742
14871
38640
28123
24915
48152
10278
42618
49742
25576
20752
17047
40808
36151
35746
44141
43009
45516
8431
31211
31901
37537
31950
36238
43884
44674
23926
39055
24010
35507
29643
3286
195
7994
45718
11595
39838
48297
47252
22482
22291
7394
6895
40960
42269
10402
44415
43118
10424
4983
20383
34558
12569
19478
33160
12676
16752
32636
45953
32494
18652
6258
44860
34349
16994
42814
38666
19032
40671
16159
18599
10353
25160
28472
25039
43260
5531
6501
9949
23502
42358
43489
1645
34968
46469
7216
27346
14940
17951
8687
35468
47372
25934
9033
42007
39938
34574
4417
8807
9874
16773
28549
18548
21972
28234
6239
21849
49271
32920
256
37405
42187
13145
28283
36744
14530
5529
29465
4310
31083
30514
15077
21327
22663
11440
31118
35988
2396
1970
6170
30460
23873
19735
4807
48185
1984
28242
4611
12713
2340
7459
37228
1993
20496
20901
28705
43515
18262
42145
34183
35119
12723
43935
33248
28597
4999
29237
34188
16360
39354
29119
17080
45321
6063
38991
2411
41646
45030
20412
7562
47820
30862
27848
1457
49213
23388
32686
44689
19208
21447
37397
35937
14538
31257
37704
46674
36892
11509
15883
18775
8205
43440
25114
37489
9070
13114
18292
46256
22699
44564
12557
41937
33158
22091
7868
13616
15650
37481
32116
42765
24712
16762
39684
45452
6464
37973
34596
18929
5912
36069
16821
31599
23106
27170
752
2068
6299
41389
34730
31810
21798
22585
45900
39228
45405
46502
8245
35578
46171
22586
32184
7606
34086
32316
7616
31047
20643
9710
813
31886
20701
1925
21348
27865
14840
20211
25330
14293
40966
22880
6830
38531
42388
22929
6648
15377
29392
38906
26753
20118
38003
8334
29715
39299
8190
27447
43915
14835
22335
12049
14345
41664
29113
35166
24621
42778
39281
1398
32881
35272
9541
49723
17160
42804
39173
35447
41854
10993
38418
26338
24538
44517
39363
20226
43481
4403
1028
3863
17940
46404
14157
22079
36317
49287
27458
28853
26948
13357
32084
48177
48567
24960
20100
17653
28227
15907
228
1148
5361
35583
29401
41591
41007
13641
35582
15659
21785
12566
20683
245
3125
14507
30232
1042
24444
27151
49272
25137
25638
34219
47166
10995
13459
41717
13993
47751
28333
1575
399
30023
39400
24711
18161
21127
23749
6958
35420
2144
26011
11541
5304
17962
17927
49888
649
41188
35516
23
48439
12236
17337
601
35637
42996
25735
25805
6651
41114
44450
14122
9965
42934
24394
29482
30790
4302
32385
41478
847
25957
46129
37186
7093
17874
22425
38339
49856
2964
36002
6448
49753
17597
35925
26647
44030
34678
47813
41400
37443
26170
28589
34403
33403
47411
32843
6181
36378
19842
32088
9173
47850
11531
11136
11665
17888
37889
46889
2814
22463
26446
15437
17553
12383
46598
23279
17325
49614
28748
18005
11466
11472
2052
41948
38167
18197
680
2245
34300
40777
37313
32303
29030
43857
25364
38811
2316
43093
11504
20527
45441
7571
7615
9745
8426
24844
18011
46709
49143
24675
16186
9169
9212
36206
23511
44772
26073
9549
26783
3885
30378
12665
26666
37582
9736
19846
17338
14413
19348
43920
39802
34431
47710
148
7544
49030
44011
18208
4430
32441
39253
37465
49391
1635
4839
40859
30850
8706
1134
1877
43435
6180
39156
41688
18875
39366
38198
37014
10180
39539
49676
42941
30715
44328
32250
4630
32647
4953
40486
27466
49804
3634
41806
48063
23119
15791
38241
3547
27444
43640
46475
1421
48008
14480
35673
25121
8866
20213
49846
37018
7819
37476
41302
19885
9044
35538
34719
40065
14551
20149
26481
20884
36542
34745
33814
41884
40953
27143
49469
49037
22095
33764
24131
21356
47801
4875
37980
31393
9543
43448
28355
36880
12629
40487
44991
44936
39694
22678
23509
33138
15698
17807
22941
8280
29210
40711
27810
34155
37296
1593
12800
1219
36634
19907
2161
21779
25241
31125
45411
24716
13587
21944
19537
21060
36164
40476
4970
11388
40846
26567
18941
9836
21607
15624
23522
39105
17593
13966
15596
3830
2574
37210
12903
13552
12493
34891
18556
8545
46985
46209
3912
26466
32887
7578
18504
23295
92
14219
25804
12442
12688
1475
9153
26989
25948
5176
48423
42047
42601
12829
21172
34097
30549
16305
3140
1459
9191
1170
49351
31580
31605
29116
37253
17885
31155
14695
5004
33007
17231
45913
22793
25284
13550
22990
15768
15491
38941
28412
12526
4891
11056
8659
7543
18626
2795
306
32644
37560
23820
5604
27196
3674
3122
37645
13173
27417
8466
38005
6427
9338
36423
36924
8269
49190
43174
30467
21576
41980
47644
48317
22613
6946
1477
21744
521
24465
46003
29826
28468
23532
46066
24763
1624
364
33119
3764
24126
34319
47866
393
23417
11287
2336
10027
33905
15614
20150
12547
46081
18305
20818
10290
25315
7418
21003
26034
22097
39082
14299
5845
49358
35203
23729
27626
17091
10183
17910
26224
43550
29895
48292
403
5996
4605
13000
13366
35929
15114
30849
705
3861
34504
47999
6988
144
28211
2048
15175
48972
46641
37590
49842
22620
45804
36716
20484
10543
56
22149
864
38154
27186
17328
10164
27173
35735
48172
34735
31262
10906
10109
40227
40979
37298
19333
5346
5530
28846
28367
38452
36676
10148
25199
42855
33850
35765
48541
17659
8310
28670
21477
8688
28256
10055
40567
30558
16957
16952
26984
12595
6751
36773
35656
9207
40137
9366
19454
850
37057
43511
20462
44500
11054
48279
16445
33441
31874
38073
30782
15190
4242
14716
1429
39409
4562
38448
41296
6692
10198
4412
11688
17110
13651
12446
33003
27542
5404
27398
27964
22747
41822
40890
23026
21870
38589
36500
7976
28752
37084
37800
11678
20613
40619
5761
49929
15460
48229
45327
21532
20591
22466
16995
48694
32313
16067
25003
9123
28795
16841
46725
5133
43974
22947
29051
16948
21852
2676
27564
20954
31301
26330
46890
15742
24570
21160
28217
3018
28396
45987
28849
49638
16611
12882
30748
19704
24650
16618
3740
25162
33871
35090
22902
2318
48258
42396
12786
24829
10671
36382
28615
29537
38731
27871
11203
9227
22969
44943
11166
12577
37593
2775
4003
12685
15974
30699
20466
937
37046
34874
11546
34013
20943
57
7303
32239
3316
26211
1559
26174
2429
44189
25500
23937
23743
38201
41214
30854
30489
6617
23442
15983
44445
29432
8931
27610
27299
1710
39460
10287
17565
8027
41949
45514
36339
2358
37241
20464
24756
20307
8733
5280
8429
4334
10324
22371
27341
24996
29932
36266
200
16337
3275
10466
38128
18856
45372
43414
10297
25754
34714
2040
11396
25252
45329
26886
24410
20040
15518
35635
6856
6272
3724
31412
5877
12103
737
6749
24760
20587
37428
26617
49662
11298
33823
9867
12232
30870
38887
23664
8341
42772
35432
42782
26443
44367
9149
37126
24993
49779
34258
27049
43772
29727
48557
17901
20845
497
48094
34408
11004
40917
44455
641
23237
29357
39822
31571
38420
9304
17354
48839
20479
7430
31695
31763
28711
21383
23874
21030
32863
43983
26346
34355
29651
26932
45254
12821
5587
30763
33593
18611
5815
22517
25711
35034
9467
49690
42348
44861
42283
771
12481
28021
15944
27914
17577
8850
7043
1964
31131
17455
49217
38857
12510
48035
27361
34388
43037
48993
3150
26969
9872
25734
36705
49293
47645
11844
42085
6377
26372
31729
37867
21984
34208
13901
4219
32967
1018
30963
33225
15143
25261
12054
15952
26682
35710
33460
17200
14183
31595
27526
44608
9183
39574
37882
14972
30351
24697
19568
49112
12605
27221
20874
43664
25860
21408
21957
33234
35428
26749
48273
42324
30618
18269
8993
5078
36704
6214
27587
20659
24195
8475
49070
27402
8072
26200
15878
11790
38791
729
16510
15537
21971
13699
14985
5951
4878
32791
4105
1733
13792
22159
27513
13776
34321
17246
34413
36981
35416
48290
21278
2169
24013
17775
3161
32258
27156
40501
24800
12121
44472
19059
13677
32308
38998
32812
19125
41496
44183
48294
16181
41724
36476
44180
28581
46169
46031
42425
45888
34899
17117
29754
8989
9888
121
28245
15524
29022
30367
22489
38085
42338
23134
32525
41023
41856
637
29679
26786
30342
40726
12703
41359
39992
3254
1508
9174
37842
37501
11989
27136
49109
43679
41386
9847
4714
7493
149
40475
16415
14806
32770
6033
25564
13605
39037
11599
7850
23854
29659
35181
40368
38232
36761
18561
28252
36803
29345
22660
40301
30805
23582
26185
42262
22640
19938
22648
456
48740
3882
45534
6718
31061
30020
10155
12717
36900
23589
24332
33363
21525
16627
6837
25522
29035
19327
12550
28913
41358
24791
48869
372
5807
29587
46012
20698
45028
31013
29356
48793
49896
6539
38891
4690
39987
219
6658
23847
18010
27419
2540
46989
12139
35946
15994
46160
11272
43910
18091
6323
32958
32209
6755
27476
34565
26826
39125
18279
27553
33036
26827
27605
383
40733
48985
27240
19106
6907
37858
31390
45408
23645
8842
29950
21377
17802
38951
1239
20
18226
30764
14686
16207
21925
26255
35264
5936
39898
49044
4523
37648
42452
37028
38125
7854
34576
41240
18729
32141
19021
9918
8937
33916
44176
22338
19911
28397
3644
49991
23099
38092
48603
7887
13514
47872
8834
33695
14227
49389
46559
6257
27494
37597
859
48523
9862
1389
3978
6711
5021
30412
436
15683
44749
20474
17518
28914
36546
20452
1855
36766
781
23751
12769
21981
23846
32918
25037
32334
3522
44258
9066
31422
10433
34987
4830
40238
26907
19653
7902
16722
26600
30959
39890
9516
15804
23077
12462
16118
39373
19434
24093
11292
37322
32829
38059
7412
1399
49912
46112
3880
39340
14994
5748
21608
17840
37469
38153
34016
40862
23004
9204
24973
26106
13821
45036
38738
7629
19574
19785
44174
16356
42197
9758
10089
46173
1282
44685
3416
25803
37240
31079
35842
34287
42048
41926
30257
15401
38539
4085
47608
22623
39825
7719
29592
21072
42923
49835
23671
19252
10607
10362
10343
27481
49603
43624
39848
30785
31610
30954
34925
36343
44610
18492
48069
17816
1072
42889
17501
7189
19491
43015
42406
23663
31415
6366
35597
19723
7406
41262
34042
29228
46459
38138
18973
37390
9037
49654
48794
22751
26048
38285
21507
6233
35579
10848
42259
42299
40782
24178
5581
10745
9668
1941
43487
40220
4771
42089
11359
27732
41944
4352
40750
13725
45305
15068
9561
32428
25149
30656
3403
17267
24426
45544
22302
24063
42648
27906
48506
4916
21069
25607
32458
47237
29546
16632
9630
19553
23538
3402
45696
31035
22918
36872
375
14363
28928
38439
36429
18407
30804
10236
47945
9859
2314
18195
28902
17181
38221
38565
41205
35513
12499
17512
2457
32990
14880
27313
16174
6050
5407
29825
44899
13953
4006
40968
24193
29254
12397
42693
26744
10724
13711
12892
47969
25598
39319
44018
17588
20607
29347
6996
2234
24568
7916
33640
29724
45056
41999
19753
18909
8656
17997
10514
41265
14022
40823
5354
6714
9784
5116
47078
29340
12811
1761
19109
9873
4054
27472
18785
42405
35342
47852
31602
13362
12213
32149
43188
17277
6787
34101
14367
16518
46783
44270
38146
8045
36390
49226
31260
32256
41773
39137
21
6729
14564
47830
44424
30289
31992
47239
724
1203
22374
33028
41441
24963
34580
8275
35234
46568
36403
20770
7127
47901
27047
28113
26212
20244
11449
8284
33356
41563
26785
16679
43110
5533
35098
43045
28394
12866
23943
30400
30931
1639
32083
12765
9425
38126
49427
34204
3886
3296
33953
8765
43433
2721
26642
15539
16322
35699
15130
27433
27689
22963
15348
4191
44376
24447
34486
13063
26041
30947
1581
15493
6756
28514
23736
958
24411
7458
15421
34308
9326
6545
10334
580
28257
42381
3272
4809
11299
25495
42859
4034
33454
30528
22002
47930
11898
3407
20793
32723
43597
24750
7915
47108
24263
8223
20285
23825
23695
39646
19673
26159
27439
20028
37777
12093
47784
18919
28600
2843
16318
26007
26356
42770
49567
18969
26627
36496
3848
39707
30594
21125
12587
5879
16890
12315
30682
16032
42040
39443
18650
34005
38735
18159
31976
41749
36371
13152
10138
4971
14491
39436
39453
27229
3478
38609
38434
39049
27008
11772
30614
38062
38508
36888
8662
46174
2444
1704
3785
49950
13603
19167
14654
11322
17895
28131
5896
22318
16587
20731
10153
39180
40742
19228
12363
4145
18582
4502
26504
5409
25919
48684
5740
40963
41595
39351
9928
49257
8500
39031
36821
35536
21131
47966
45384
14602
8674
48705
43940
30462
34923
20652
7953
46836
7149
47364
33672
6548
14594
17000
16504
14941
14154
37993
29501
1240
43788
12203
35364
5359
46183
26436
30399
32952
19465
8578
49809
26729
11904
27558
42519
46943
6305
49313
38456
21153
10421
45197
1480
16423
44947
21828
18894
3847
38921
2695
37379
11157
33984
1578
26946
5741
3812
34908
26499
31581
8542
6406
12534
11850
25487
17461
28046
24289
21724
49176
35054
32767
33000
17933
10852
15881
45832
45071
46772
44849
30857
25574
15962
14537
25996
43843
5917
24069
10829
31959
34234
11563
13832
2409
43358
39321
29168
3646
39544
32847
28282
18994
47839
46863
6332
21199
49319
42913
45395
32999
21122
30504
12865
35636
21170
15281
38938
6294
6334
15616
16845
11477
26425
30197
27010
17693
23259
36614
30492
28862
39945
26252
6232
43066
25678
36252
4763
42763
24525
11886
21917
38548
1201
5216
40991
20978
44221
28847
47415
46410
20410
38361
37721
27376
870
39482
25702
27853
40249
28608
28161
978
41650
35480
3206
10467
34354
46302
25357
17991
43328
46603
20797
9076
46802
8758
16597
47858
48305
18242
22203
48926
24527
43423
13239
1035
13874
49425
9363
29680
24266
10718
30417
9982
42487
40956
42219
44638
37025
4811
13743
36244
46934
27880
18396
5288
5887
23454
49940
7327
37843
45084
21683
45373
5730
11568
20907
7765
22826
37633
30496
17694
7673
33528
34677
41954
16374
3165
37232
46464
27225
45238
43326
5470
17321
10565
35202
45150
5523
1363
38424
25949
26583
45768
35730
44109
13683
22592
12750
11077
3982
38755
21070
46615
40817
2644
43476
40023
13596
201
39328
3708
4035
27446
28371
7342
46390
18774
43141
40069
23858
46131
18315
17947
21879
28685
4606
25437
33601
25440
2942
28577
35308
13698
17071
34075
30487
26905
39146
25815
9999
12746
48592
38352
25637
7734
26616
27223
46573
41892
49449
31537
35222
16542
37417
40384
19470
6685
37165
20380
41452
32317
39062
36295
9440
39982
28920
21976
3994
10444
2100
24895
19362
48988
41810
15439
18883
2719
35307
21464
28536
47563
43043
19822
14072
21223
37768
37066
17307
38345
2809
24260
26259
30312
11045
45429
49621
8948
35043
22180
43125
45948
37381
46117
47803
12037
36675
38222
22367
41022
18139
47553
43886
29519
28838
15602
23918
24786
49316
27365
9819
1813
27206
46099
23975
6971
24342
10812
41135
47443
29175
9003
40783
3359
22742
42942
23038
40267
42610
49180
43451
43646
41423
14503
36430
32616
41667
44243
27932
2261
14284
23962
22213
33279
44122
31243
42997
16976
41364
34189
35106
23606
25714
19391
37581
41133
23384
40602
47637
44257
25097
26323
41013
17882
5458
37252
23621
2285
13559
39614
23929
25644
13328
46310
32036
2536
46123
1902
38088
39706
34454
28353
4535
21886
12200
32045
13100
12864
29828
49553
31062
10493
34442
39624
9100
26742
25211
29278
39597
5491
37822
36885
27874
35500
1987
14308
43335
434
46159
35461
33541
20264
13109
14993
10269
35614
20192
9347
44771
6146
11163
23953
4257
47446
19149
1846
7870
48880
25453
31273
33213
15536
38034
40703
31533
24859
1664
30692
49098
1652
4692
43443
16260
41914
22733
6982
14394
4451
28939
37684
20094
14453
7067
1725
18362
46891
41987
45922
15004
17166
45226
9923
26228
40540
18971
17706
22219
17939
30512
23412
15145
22825
1029
19002
31098
27832
30128
28275
7755
20222
13520
8302
21619
32281
4958
32945
7946
41470
48401
4518
25875
2871
7002
12252
8438
22399
37609
9904
34064
28970
46841
41078
27702
36971
35566
42132
30142
28150
9799
12726
27885
7121
34202
6542
44504
275
49433
34625
5700
4668
31591
44950
24476
2965
7361
48519
36221
19036
47196
17783
1789
3583
13659
48832
35527
6719
29662
34698
28550
22376
2802
35887
29032
29914
8094
32964
47313
7089
47673
25881
41340
1015
15663
39489
3224
36751
48197
13316
46983
45192
25452
37504
36627
20005
6138
38835
13754
42207
4370
1433
15588
24401
47990
19972
12669
6643
38712
16364
4450
40955
5744
22773
20392
3353
40725
49680
28501
40381
43906
19573
19837
25396
44403
34384
413
5455
32433
18813
27176
6229
49071
1456
5178
13272
29791
10291
32739
22179
46672
36466
12331
17557
31839
38000
13869
7434
37533
29695
23142
20882
42885
13913
12483
49326
44169
39636
3187
42373
26240
3085
43014
7219
30534
43070
31403
34054
44232
22110
43116
24833
2956
12280
36785
24217
40388
31937
192
19254
1023
27246
32638
36101
20482
45976
22595
3471
28930
15291
36053
38307
13383
25765
41863
42639
9213
18587
2331
1777
8606
20952
45101
31263
49340
15936
3412
44867
36856
23023
40643
40717
15856
20552
33577
24322
29268
1121
40311
33073
48621
30310
22839
24110
16764
459
8146
4969
18479
47835
46662
37127
31592
13436
31975
9404
31954
34650
27222
27006
40320
13504
5986
17520
48513
1241
28961
32613
11219
19650
37615
20612
18441
31980
26168
8395
8803
21924
26527
44873
17029
7745
29246
32514
31099
21601
29827
24948
7742
34341
48885
35456
31089
29628
4369
37987
24842
30928
16012
36918
26308
47047
6613
25901
18734
41222
32322
25873
38923
43018
47039
3143
2247
20404
34702
43380
29735
31635
24577
29836
47958
10821
33550
10831
38344
13451
43806
18213
28430
42482
12088
6412
9039
39152
11417
24862
3047
42327
12218
18855
40628
7901
21810
25662
21805
11508
10707
20674
14125
14377
10803
10112
31238
40962
48723
17183
21753
6269
25531
46593
34008
39128
31721
26023
40324
36375
2513
27765
2945
29159
24818
8759
25309
42162
18769
166
5220
3476
26983
12372
32651
8143
1013
20967
48687
46817
25032
9589
10255
39886
14132
29885
43666
7533
3968
43035
18489
32437
20994
10230
13871
31966
7633
13961
5693
40937
40747
17708
4935
37662
48362
24872
11422
6738
15184
10755
22986
19516
48742
22484
38894
38038
30017
43412
8977
5670
10092
42167
36003
24897
3455
6368
11180
39887
48816
45193
1430
206
20569
37618
9016
36788
22641
43917
14221
7514
45279
43462
13490
49660
8369
11992
3060
6158
18784
18376
15288
48861
24081
10555
12913
24788
23153
13093
18801
4144
4454
7142
39588
7534
11538
13672
16837
12497
45998
5522
38992
19392
43264
17664
14233
19498
8278
24345
13355
21797
31154
42064
41393
45355
28604
36589
34433
11630
39420
3117
45370
1491
40971
32142
30407
38498
14401
1959
42567
37947
48932
14681
2148
34391
3029
10199
23666
17235
4972
19399
15642
40103
19260
4966
12505
23457
18027
8891
47708
35669
1265
19733
32834
43053
24470
17701
32513
21152
5834
321
5881
5424
37077
19489
10316
39390
11312
39846
35399
14430
17919
46759
23814
37550
9110
41485
31679
46998
673
6598
48779
39357
7577
44112
751
37139
45709
15293
35065
8124
47533
49497
23702
7936
26922
1492
45133
39738
25395
34450
49152
40090
23352
47210
16441
40661
14459
25579
25028
30910
22836
20266
15780
45194
43618
13727
15139
44012
24220
39217
9377
38162
30406
10435
9473
25617
34301
37892
39184
25491
44704
45211
35330
5841
11921
31406
2102
42960
46125
17380
49994
48656
1478
32224
6347
32068
7500
8762
1473
7177
4294
16978
13324
34309
17822
47325
39674
15048
9626
46571
6456
35477
11204
20965
45980
29291
9663
21403
17414
6276
37112
47926
40507
46663
7335
9010
35999
44848
15978
41025
5755
30
5297
5722
40561
48209
32632
41989
33446
3056
31669
47976
10159
506
41102
11251
47005
9542
20485
10427
30815
48262
42387
49635
11899
35954
49069
13817
44478
35960
36876
11039
2634
40433
1210
13212
27551
19933
1309
17986
32549
36066
8347
5275
36505
6218
33416
15896
11722
23251
12990
20769
39359
22717
25808
14204
2995
10046
45582
20883
31988
2605
3168
6673
647
7505
49013
43924
13691
22350
43720
14568
44142
38840
35839
4212
2230
46484
42442
22401
27081
27038
17009
30079
21189
11088
26872
11297
6569
29890
33027
29687
21194
18181
13750
40883
45759
8567
40959
45389
1216
42554
40215
1365
49675
22412
249
11489
16590
48473
32347
25223
25446
41401
48581
32800
25488
16346
34950
27464
12095
41761
2181
12143
11783
31890
38472
3290
26843
4693
29917
19429
22404
48690
11259
38012
40502
4434
40595
36977
24906
3730
2932
20983
22218
24284
47157
46049
47436
1343
7277
7234
49933
4059
18189
17973
39759
40150
35379
23222
33834
15769
49127
27016
37998
32169
2479
13710
3914
31915
14185
7551
13147
14587
29557
47220
1319
27963
42602
12297
25567
39131
38481
41762
12234
35731
40241
6287
44560
21885
47332
4755
14752
11809
22145
14929
45921
23125
25287
10196
7593
7006
44935
16233
21025
31562
47473
17033
6145
14662
17789
24526
19182
12940
33168
43575
37372
11780
44340
12540
4726
30461
23574
39408
29543
26380
7392
33618
16458
32959
49824
47703
8207
42528
547
47346
32544
49607
12964
34956
9679
18893
38743
7164
23545
42909
19245
49891
45562
23360
38132
29468
1662
45937
36969
38277
47695
32943
10279
18748
17665
30829
42111
38413
38479
15850
26017
18621
4986
49400
33978
35481
21834
17525
14493
33004
17861
18260
31278
18724
22930
40245
33185
261
13159
24933
49490
5576
5885
38336
20724
48444
3762
20399
27213
33537
10430
25730
17351
35056
33826
32519
47035
24175
2490
34336
22422
40313
17835
33815
28082
36054
25336
34672
28036
25389
1061
14422
37389
32430
11458
35409
30401
17945
49797
28
27691
45540
45808
3468
1223
25438
6001
40789
22638
9133
19887
21823
11993
805
35881
30529
23056
5911
34849
43447
29183
46456
19405
21314
21175
30920
3857
33017
16555
47768
15603
26530
3354
20116
16190
18277
37375
3250
4649
46363
27890
34099
23983
49865
39792
29816
1245
4735
7881
3440
27808
22928
28387
9550
30113
27750
26281
23494
28208
16163
31020
15904
34085
19542
45358
35050
25594
23234
31628
4058
14316
21721
14563
39285
30584
2631
2683
42102
9515
47505
22515
7809
26043
34911
38691
24633
709
37866
21273
29114
11817
44757
18670
45440
16119
24928
46749
24532
17599
42595
49859
466
37387
24900
35047
2708
18034
15605
2757
35473
44823
36271
43978
16033
19514
47351
26828
26716
29174
6144
18379
19639
17172
5653
29514
33180
37861
35959
1352
15595
45654
37234
13728
40453
25464
25481
16761
18106
1709
45269
19610
38240
24255
25782
38032
5204
24033
34175
26675
4541
32019
42865
36535
21669
27501
21587
20819
31606
36087
2010
39114
2623
45592
27563
44432
26187
19875
16435
16631
23493
6291
28731
33864
33488
42543
43394
31366
48137
27290
22539
13525
38322
42385
42629
42750
15093
14726
35266
39632
20193
10052
18764
1818
10024
19267
17764
49492
29974
10944
26329
14509
24021
701
27705
45530
45917
33606
42729
49207
42105
7695
25985
15067
35498
13161
1453
91
11605
40694
43238
27986
22954
48015
29520
16085
5046
17545
45513
159
45612
16015
6160
5948
49260
35862
23968
1058
19322
8959
43647
16255
42644
43907
42302
45210
30021
4572
8914
43767
23088
47965
22273
49501
31984
6002
4389
30092
26506
5976
25749
9750
13777
37592
45734
28042
1917
44111
14902
19264
40455
17721
1643
11453
23910
11895
31413
35305
39891
2512
10910
25262
39424
33130
13684
23379
34261
1123
17492
26590
23118
27323
48907
20406
1960
22603
4280
44426
22562
31305
3010
4737
17750
14668
49694
35425
24016
20281
36361
23549
9521
32489
25902
21877
14083
41427
11255
37331
24139
18274
3177
820
6337
34865
44209
15531
42470
46738
21921
23952
26175
30239
34014
9240
15858
24205
22424
28844
32288
21555
14067
18150
41799
47469
6188
2973
22251
2509
7789
26646
49840
15555
32875
20980
23552
21793
30835
29019
32672
30903
43905
21689
12518
33282
49970
12737
7512
49202
25234
3260
46465
28369
35108
26350
47566
4810
17423
5680
23993
19481
24642
18577
20597
26755
41217
29888
1213
15841
18967
46939
28192
17084
20251
49361
11708
3420
39073
9457
35630
22816
24232
20709
4428
6840
37160
44661
2242
48854
10319
16272
2222
33585
38027
27988
15405
24612
18723
46291
18643
35982
21019
42121
30404
11421
1567
45444
40374
35449
28967
20121
37779
20735
38156
41596
22795
30730
14921
866
7875
39138
24102
31469
48466
18434
25550
43677
7743
11358
2669
31833
41997
18389
15801
3801
38028
20556
6069
27580
8272
44605
2278
1968
10677
49212
13289
35571
37045
8005
21928
47373
45304
14828
21315
41237
15931
44443
37566
23484
22233
41873
28124
20546
38856
7515
6650
33996
28411
20247
25695
47959
47276
4179
16408
18863
34470
19165
22792
32542
33957
34623
19956
47270
31859
11667
49055
20906
28640
11543
21598
38846
30248
27957
22390
5907
25635
47134
6942
45495
6128
19374
89
8996
21261
45144
45221
2252
4942
2151
26678
3813
4664
38793
15137
43501
21330
36883
37681
30181
35806
38671
2611
14894
9517
40713
31949
43329
8106
47542
36648
6595
34400
31104
13038
37371
31552
33236
44729
40672
24373
12110
3625
9325
31841
17734
21034
20911
20600
28738
49314
6038
3082
9654
22837
1328
28755
28014
29328
47648
34512
9
27878
13303
15225
14533
3929
31121
1516
27860
11082
6244
23162
22953
6278
3380
41509
25050
6510
45785
32008
39843
35280
4202
15028
203
44025
23069
43530
8799
596
36910
27178
16353
304
24852
4082
43259
36230
9714
16172
1590
26706
11786
15523
342
15873
27794
48664
345
33112
17617
14315
49713
34117
39918
42165
22286
3535
26960
25200
21694
38301
47603
23081
40484
17652
18457
14414
29913
49946
32807
10753
30891
47026
16371
48067
14889
47028
34871
1928
9050
30590
16193
28427
49048
27825
11370
277
17049
13209
749
1039
18624
21808
6857
33950
46083
28143
19376
43521
21241
46393
32048
18612
9812
42466
28280
49341
20887
25138
9427
40993
22860
28861
11486
48617
28342
21112
38823
48564
39222
34438
47927
6682
8313
11537
16308
20602
5809
36658
14513
32623
26078
7496
8064
29863
17301
23501
28136
18629
6523
29354
13875
21008
24861
19338
44698
19181
29346
35377
16167
18086
10156
31408
19162
18725
34399
18896
6182
32610
30291
22702
38429
24874
45501
32232
5089
773
42495
21960
12781
4262
24424
2873
9148
4141
42634
9761
309
37724
14303
21975
23346
916
34323
20133
107
37678
46864
45861
34726
41334
25042
6709
32
25346
31355
38111
33230
40559
16675
19129
21546
19941
31834
17583
32535
1744
38145
114
49327
46236
47635
33656
28985
3121
24961
47847
10080
20729
29873
2190
27468
29664
26264
13334
25841
14631
44042
28343
7955
17025
21855
5338
41843
989
46208
12168
12308
15843
2114
40849
5669
10740
34205
34483
30305
18701
15390
8103
15755
13419
2202
39926
40104
46704
20533
31087
9388
15179
17830
28924
40101
35671
12572
15021
19469
4907
10149
12040
9022
21410
45151
15499
12628
25776
43705
9113
45054
31997
48462
2864
308
28088
34598
6762
44389
19589
3368
30296
17093
14011
43167
7844
26656
12648
26448
24600
47658
8661
16107
30733
11067
34800
11439
25329
42785
41039
45978
20525
17650
34557
12642
14199
3689
14944
16406
16459
22676
15728
41568
13576
10504
33477
40797
32254
33830
14975
48692
17213
10694
30321
43379
2437
32046
16090
45159
33404
848
32024
7896
41299
11346
24916
8713
12077
8538
26900
6494
45483
46458
49155
8277
5505
39570
10239
23263
5846
37601
25904
46530
44033
29613
14611
47714
44027
44199
12890
21677
18094
33822
45800
42226
10816
17349
15453
2633
18899
30508
23984
9431
34446
45928
16284
1644
29434
9838
23693
36462
34283
48044
10265
33065
27654
37669
30786
11283
14577
19409
30073
9442
12608
24486
38163
18431
49181
36994
33337
44800
21825
18402
30809
20707
41312
16925
40180
42468
31649
18598
3179
3223
26355
39469
27306
46921
28563
13963
272
9230
40535
21451
49964
11017
31658
44763
28121
32165
35171
49609
43022
19788
11309
10866
7897
38837
45955
24555
43631
35008
41769
30755
19081
22226
13028
22158
5895
2037
11916
5448
49471
42336
29061
38041
473
30962
34840
45731
19007
13082
42583
17687
23495
46068
45266
30249
3872
34509
10590
43946
41617
10998
21177
44635
37471
28614
4350
14403
23193
33202
40032
26037
25928
19401
42878
49982
47889
28265
18152
3500
32779
16037
21475
31674
13956
19526
27980
21699
6851
2019
36474
12292
42000
624
42787
25914
35517
41106
14818
17218
41745
29477
14893
25975
19213
28734
37532
13620
3621
29156
49834
26972
18258
25578
47279
14254
35548
28566
28087
30547
3419
17
11111
27571
48733
2248
9319
3071
35161
40367
27850
46126
10634
31737
10446
16468
42033
18271
21892
15245
8391
44001
39255
13320
44571
12969
47284
41690
22368
18495
29420
40123
49036
3584
8526
35160
21644
45105
34198
48990
26339
29852
16650
33767
34230
31898
43357
30985
2217
7110
4216
36250
4288
13920
30481
32128
33881
39134
4331
34882
35375
46639
39446
47729
28951
36478
11053
25988
14392
44120
21732
9536
42252
12129
34288
10880
1708
47954
13229
19281
20407
34649
16100
31460
28453
17057
17360
6208
28539
23416
7842
49961
13023
22315
18825
15807
18832
12354
8373
15304
42158
38757
38524
7639
12646
15882
33071
33089
35134
44803
18420
37067
8609
26310
47295
29906
45982
8936
9194
9103
21912
36942
2107
28068
14264
4849
3919
32882
31643
26920
41604
17120
15500
16040
33309
32561
19205
30604
26414
37159
49504
16299
40298
31896
48963
24870
10918
6055
33014
29877
10235
30735
9907
16176
32002
30051
7913
48509
6544
7519
25882
22339
44069
47466
39852
15835
25732
39734
10212
16169
378
21578
15476
7077
40877
16042
28984
21593
44231
44760
32225
43729
10420
38460
35391
12643
6251
8922
32059
31169
24059
5901
13609
43544
48066
5848
35243
12149
3472
2816
31941
22045
47654
18945
46065
33627
777
35086
6572
34330
28495
23200
3630
10978
26561
44359
49687
41657
28692
6532
10631
30698
23482
7904
30395
887
6665
44524
19130
10305
49258
41337
7451
11064
16407
44192
31215
10385
37016
44173
47123
34226
24809
41455
15484
44836
14728
2919
30507
7680
38139
15609
41875
26954
13140
139
24452
45344
40051
20308
8574
43365
24782
18365
33317
25876
46642
26049
4933
6028
6693
45067
21818
35747
1112
22876
34006
14592
28045
47668
32675
27147
43474
12044
25909
6610
285
5391
17732
37290
6655
485
42210
39785
4324
1271
38572
22353
3131
20265
2226
6577
41036
11826
43089
40714
37781
25120
41165
9307
26053
34916
21719
22389
39550
24669
8490
14707
27039
13830
5624
40913
26858
44806
4014
38843
4391
6961
15817
9063
30900
43172
9128
40563
16368
21557
4021
31074
39601
2011
28496
34848
38037
48586
21653
16855
30515
15146
45929
26693
3458
13891
1324
20625
12810
21090
42382
24651
21215
32032
41446
47772
41343
3949
34485
3601
6786
30494
38406
20107
17356
35936
43374
41654
38990
4363
30200
5584
9436
6322
32643
31926
30082
636
4137
7962
15752
16166
23144
3003
24597
7930
17581
29632
43500
19297
33518
24256
6897
41243
24556
17405
41035
22777
37598
28643
20972
21284
42118
20176
49029
14658
15319
33749
40660
2664
5676
47560
462
43573
46471
8287
621
23837
38476
10282
43734
20113
48536
1311
41051
9210
34451
11913
26230
35398
33829
13688
28816
37263
25657
48287
4149
30433
27264
21354
39940
47742
21515
35072
15079
21621
24517
44986
38794
38693
48886
18222
13340
22835
45984
32075
23138
21428
24467
16581
2799
33902
26694
19690
31969
27537
8723
24267
37815
27680
11865
33458
23624
16568
40866
49209
6336
34374
40593
31292
19092
13775
34845
44368
2109
22204
26531
9995
846
22090
22010
41308
11544
2804
43943
28070
46376
44087
2791
12953
38412
17920
4232
32709
29085
26358
41798
29466
47306
49333
15464
21246
21318
17479
36512
17364
23586
18962
48872
21994
31000
31702
20421
6654
8433
49066
18712
15090
42559
34567
6275
35146
34910
39671
7290
39631
15741
49423
40945
47923
1113
35357
48231
35206
24518
43393
6122
10804
6407
24246
17375
23709
45695
43861
21446
21434
28766
23017
23761
42732
17394
40798
40244
44913
11615
46525
36094
12584
28064
46992
15830
11941
38205
4921
17324
31747
19383
36357
3612
26458
36894
43977
43023
7748
41973
18283
9760
41229
33884
19286
13460
12944
10407
770
37996
20280
43321
25245
439
10458
7160
26912
4979
1584
18323
3262
14441
25895
2099
45983
20554
36920
39461
36223
26480
40031
26412
37152
47740
17208
37062
26102
47994
27251
6821
43835
33023
296
9638
25556
25747
44896
39356
10008
704
2196
11634
48833
10948
8151
8679
13318
31423
26420
20717
40214
28835
12815
6266
34825
2051
14685
30185
12287
38040
13693
24789
4530
7358
29364
29381
29605
2553
27948
49230
43303
31852
11245
13607
45744
20512
8804
23486
45843
23505
36007
11333
12448
31470
48978
27113
7109
3691
35476
28140
47704
15273
15862
8924
5454
27190
30566
24880
37657
41194
29720
5028
42780
42722
27350
38817
40920
41855
22151
13692
7649
5850
37207
36841
1159
731
39029
38737
35442
17177
3007
45396
4305
39542
36715
3409
41392
1550
1537
23827
10976
48703
23304
20305
22906
39606
24640
8340
10241
45898
43036
22118
14967
31014
13051
27025
7794
41537
33837
20909
39653
36991
27952
45677
22614
41756
4870
39509
11640
1721
17634
12842
27098
8735
10970
28684
17415
46412
24142
7261
27442
15110
45946
25483
2841
31421
9970
30911
32880
23000
32496
24828
2813
2485
47752
46051
34971
37278
6497
863
27898
11694
28530
35922
13649
1830
18351
6970
26130
13418
15976
42687
39594
36160
1019
16877
9379
46769
39565
42515
47457
39625
5043
37830
22919
49671
8299
819
13192
42907
26869
22201
44278
17065
20629
34711
15655
8123
34676
36028
41491
33701
43200
45492
1926
34867
19325
31259
21417
30851
15700
18238
44721
15967
17503
8182
14986
48437
11248
40198
47180
40679
18699
29579
78
31507
16310
44819
6646
44903
42597
43186
34445
21898
12008
47657
47614
42632
45833
5076
48780
8407
6363
17224
3681
5510
16915
9558
28724
46457
46122
21752
22312
23801
22664
39248
43155
38225
23974
27358
19311
1775
5472
43807
3608
15819
36703
46108
44269
9448
40990
17175
10298
1897
19791
7225
28474
27179
2305
44326
19269
40796
46687
2497
26889
28718
22150
32606
28155
16686
33776
26546
46549
1120
17899
18255
12719
1206
13277
30271
34412
32319
38141
42819
499
37470
49429
15209
11810
20795
45189
36065
1862
15621
44945
5095
45208
48860
16979
24598
3973
21634
26335
28559
6041
2208
32391
5413
46773
24198
2582
27087
13942
25507
11172
7008
33523
41841
23408
10459
15057
17914
30000
39591
39944
8515
18943
29066
24096
38440
37641
14799
35802
30081
11521
30441
10195
9470
28016
753
10655
32009
23178
43199
18394
15546
28475
24779
2082
20585
19790
2920
42337
24954
37512
26958
187
10855
20448
12604
4378
7636
19424
10250
11235
31320
972
20547
32487
24841
10546
29902
44895
6092
10398
40027
16115
40252
18164
25061
45093
18410
17266
44350
45717
43712
20075
42900
45728
14506
45601
27661
42783
16237
24099
38084
3542
19121
6951
45422
35261
35465
3796
11212
1916
5928
48636
15502
17609
13549
15445
36943
2981
10339
39661
168
40190
7760
11095
39040
46433
5226
24344
42753
9619
17714
49478
22364
44143
35694
2096
45971
47025
26163
23855
7099
5702
14330
45981
32862
5776
42547
8930
4459
19633
43156
39445
14769
17722
14103
12957
15715
42305
25924
19126
33933
19759
11512
9660
6455
12050
21469
19768
18600
36611
22459
24502
23115
32087
18921
40529
21080
49637
48913
10268
48925
43377
33163
43031
44924
30132
31030
34435
18851
18984
41045
14327
34444
8419
3692
7504
24283
594
15622
33098
8591
18906
10160
1261
44321
2763
1983
3139
8942
7403
3225
49059
39427
44518
4205
15346
31107
11499
37350
48448
25122
34339
36280
28437
18432
27375
2640
46753
25113
45409
30177
11909
21091
13940
34293
8443
7576
31236
3357
6338
1188
7148
39438
4376
27374
44406
16560
36300
29946
19347
4083
16229
33621
21567
6049
37594
44494
22926
386
35068
39874
20052
3894
2462
36859
32820
42806
4482
12453
29241
40662
3461
20181
24074
14642
30936
5728
26598
18508
1451
25916
36720
32292
23890
33562
31178
45375
48307
6525
7832
27679
43599
35179
32971
17072
4187
13008
13092
27718
25360
34145
334
49562
17805
32901
28176
19732
32255
4697
26817
42621
48242
34547
30311
11071
27754
9895
18491
30387
39481
41844
3714
26573
4265
23661
36988
26478
17854
30352
44343
48338
4214
25439
27310
14257
47604
48702
9551
48314
3387
36793
47562
34636
32747
15370
8920
11748
44370
43681
41264
34532
28018
37751
27670
43621
1536
35061
1834
6440
21682
42335
45043
18953
24968
6522
7249
27377
6717
19
7016
17164
20446
42224
41956
1212
2565
33991
41495
36084
4792
1488
10567
29612
26594
15872
37111
15303
47922
41809
21219
15037
40209
25675
840
39868
19486
10737
13407
20000
46152
49158
15563
5319
44911
46653
18551
22322
14094
15406
36421
29028
2088
47213
33714
45253
38069
44766
35829
29220
1695
16497
33197
46417
35751
11527
20365
11031
30719
10971
18162
35165
10953
44241
44880
31687
20259
1826
5345
38359
36806
24952
27858
17506
44425
43367
43760
37270
13058
6327
20918
13052
31044
43112
986
1702
33427
27995
814
34067
33510
46805
10904
34414
10289
116
22662
12652
26725
600
18072
40177
22039
8428
5532
1102
19173
18745
16739
18170
36100
3899
7560
25107
7306
20090
30368
45357
47991
24803
2738
14297
21911
32099
4667
20372
44736
45121
36678
23472
1676
38760
16278
24881
42361
971
26770
3074
10125
39592
32900
6156
39344
29416
16605
32327
1728
21950
4799
13375
31021
41473
12178
19719
35042
26818
27534
29838
36253
25029
36585
9730
7923
34975
14243
5908
39740
46700
18293
5158
14346
9405
8493
35712
45479
33563
32077
40922
7937
37122
48855
35509
35045
30535
47015
31084
7668
39455
49682
43173
23262
47630
36493
9226
237
9880
41533
34859
19855
41116
37019
32538
22063
8645
975
46823
33379
1347
28804
18429
39595
46856
12986
38973
40530
7558
29894
8652
45125
46275
29208
5821
5831
9528
49527
4647
37756
6994
44542
19833
16361
31249
32146
44573
7186
48784
38717
13076
42593
8790
40203
36912
44411
30791
48801
49115
43593
48758
8908
26415
27148
28943
19995
49730
46399
1445
48767
31165
12382
46515
17002
570
1795
11551
20692
25436
17571
23531
1325
6936
33696
16412
44793
31567
9146
9272
34610
41890
1407
16431
44650
3442
47459
41603
44631
9456
6875
19565
49067
19535
29584
35729
15429
13931
44731
15434
2696
26695
33610
37249
15941
30924
36813
21066
23520
26191
39396
49192
22395
45035
37349
47471
36525
25959
4616
41405
2312
18045
21489
33304
49235
14234
32520
12827
6485
12981
38055
20270
11681
5270
8596
12229
16331
17739
11390
41585
8468
36345
39688
23763
21609
23024
48345
42925
27773
2828
38677
47072
4997
28318
3771
6237
5892
13881
4626
42181
27867
15009
41598
29640
44303
10872
9018
3349
10371
16014
14393
7708
502
13217
29324
27722
48073
10685
44486
22347
43687
12364
41902
45725
32705
10532
19476
38721
23806
27802
17083
48074
49796
8692
40171
35195
46944
31261
42268
13712
46476
22883
41732
30440
20020
48296
26764
17502
10261
31058
11821
37783
21373
14743
25455
21245
13125
5203
27495
9634
19004
33742
33827
12744
20362
43032
38681
27938
24774
4328
26284
1608
37970
9236
7421
43700
7311
47437
34551
18838
20417
21064
27532
7658
24785
27949
26574
723
32648
18330
4812
32425
43252
30768
48760
23654
34011
47349
49138
28454
49033
18958
6486
1336
16522
8374
43808
36906
1583
5753
21493
12854
10770
44673
30052
3258
39961
11610
39727
1883
47244
16486
4602
34540
2594
12670
36494
43951
13343
45557
21086
41763
47208
2275
34455
16709
31003
25559
19953
43727
19256
12638
3319
43119
16235
42439
39689
1050
35623
42204
25008
14158
10727
14273
10738
16028
22436
21205
18287
44996
18950
28762
30346
49493
12017
13757
30873
23050
1785
40873
769
7657
15477
10368
23705
42063
33395
189
39750
9587
5329
21268
40054
44333
16803
46054
38598
34742
48607
29102
48378
41757
36078
8442
29624
12250
29685
12288
5477
36374
46176
18547
9342
2929
17422
6082
11755
22037
36490
35828
41098
41120
43934
16036
44885
33358
14614
25454
42566
49967
7460
16227
17222
28637
26437
18873
15895
35406
41456
22240
18060
23068
3474
49110
4154
17058
28429
40497
20733
38813
39946
49362
1038
40322
12725
39486
14619
14137
8381
8404
11319
43495
48877
13717
43478
15861
9021
30201
42512
1335
3235
18397
19600
19964
26364
49530
15591
22137
19786
32839
10558
39352
43471
48201
39349
49901
19413
14402
43834
8408
8119
35123
46226
48174
13722
44699
15613
33401
20430
1892
31655
19810
35915
21051
31812
43512
38591
29384
47819
4646
12486
27582
34417
21643
36431
11061
41556
38497
21882
41450
30068
11815
37717
16495
14856
27416
30771
27782
38829
17820
40112
10147
22555
36305
28360
44856
17272
22241
3095
43457
27604
24366
15534
26975
37638
27089
43391
5495
13833
35621
32503
42574
18692
22458
1481
47053
46504
25927
40006
44711
40170
6293
12028
21202
23109
15322
8276
41660
1377
46570
35977
31618
45714
16935
23405
35560
29290
43929
27291
44390
37485
10792
669
36954
29602
24722
37852
4479
31394
11120
39008
18207
6183
33377
1954
27659
3895
13166
40436
8527
42688
41352
41084
6528
34493
16429
23775
39862
20197
48366
23323
24595
2443
25140
39583
29456
46221
16816
47336
10788
18192
9132
18390
16005
15050
21949
26296
20945
29741
35632
37317
616
14237
26158
12920
24270
22799
47865
778
10540
3617
6997
49354
18678
18013
5093
15480
13513
16396
13168
43427
18763
27766
17281
23066
19177
6225
3737
13981
2529
26326
5792
31691
4156
8564
28785
22558
9036
40450
7058
29461
9074
13456
14451
22760
46395
15708
27260
39361
12175
21415
28854
48989
33057
35348
9591
38210
18542
39664
29452
4608
15513
6342
41042
8808
40020
25682
42811
35569
43899
8452
36684
35229
27033
4405
19700
29064
49917
35218
6570
42606
42209
42104
8465
1345
33443
15211
35208
48999
47082
25059
27555
40471
20922
21001
36964
20444
7048
27999
35898
46625
24171
36213
7536
28491
39086
1591
42106
23429
44316
12524
9287
22195
44851
5061
23078
10720
42815
5118
23982
39178
179
43211
26232
41832
31728
11662
3853
40057
49053
39654
32724
42058
47984
30732
19062
46827
22370
7373
9062
30161
17607
18659
40635
25270
6369
31045
19699
14149
13376
21304
36092
49
47204
5561
36709
13228
47076
16885
23299
39927
41416
41125
9909
41338
17839
20014
532
5092
4270
6403
32555
432
10592
20456
47038
23746
35133
41160
21922
19897
11326
49200
40693
12172
9562
21846
23011
25523
7304
44738
19319
14956
34048
38373
14969
46191
26387
48751
20389
3360
31905
10485
44928
9686
46486
38879
8791
15154
38768
41905
20029
46527
37786
21844
44549
10675
25430
45906
17600
43692
45369
40614
44726
8264
45581
11356
10108
1521
4279
39002
3858
25332
42628
12278
28052
30490
44743
11182
47814
31847
2095
8513
31663
11448
13929
13759
40620
31145
23616
19793
2306
23362
42529
10999
49424
24360
9426
14762
3988
36240
30268
37402
40344
15381
8995
47149
16334
47597
18435
21217
997
34277
24336
2468
30116
46133
25884
10997
9572
12666
17141
40256
49256
47992
18233
9969
25036
13741
17142
38134
17876
12580
37989
2001
28424
1495
12321
12092
45081
6677
17419
42912
20940
19670
5754
10077
32824
11974
44938
17515
48606
23558
20672
17858
24355
3259
39951
13180
42025
2590
44949
27979
20081
8062
19218
20473
25925
25000
22938
18610
26904
26851
45268
1890
14020
10500
25976
31561
2951
15342
33514
43102
3810
5999
28237
16812
17676
22621
29105
36982
48321
2682
48169
31994
26131
18361
42441
42013
32742
39094
10682
14249
34128
41332
48198
25229
18606
36407
17385
17438
49754
23782
21934
4087
42563
25457
46234
40080
41231
25973
8761
13402
43694
19100
563
38451
40396
41699
12690
35850
11582
39398
6689
43751
48755
13808
39450
36984
27728
42905
5480
15928
30317
19058
31138
35868
12426
5718
15116
25748
32082
23728
35873
34161
1378
1234
4051
31889
3695
9158
39575
7684
7032
37116
44592
2098
14939
43407
2702
2777
23979
35371
41319
20453
43442
45419
22427
24801
36957
36819
29540
36081
6087
6588
26408
204
36812
5608
31694
34056
31638
15385
18766
5900
33463
34579
41903
26238
40500
26814
33816
7849
44839
4273
18886
46613
28855
36384
5805
27570
32275
14428
24478
47599
2406
1376
42966
26791
41969
9469
14638
49586
47554
13556
33929
38502
37055
12672
13071
42319
28725
12180
33793
24981
17524
4013
45161
1700
15320
11261
10544
36851
20017
11703
9711
42172
46577
10116
46869
48898
13007
43568
49928
45020
9623
45735
42502
48643
48905
43965
44998
38631
26416
29551
8491
39074
30913
39317
19989
22430
40136
39568
16727
25198
3291
47687
18339
28312
21382
47936
37307
28247
4418
17347
25524
1161
43854
20679
14820
1871
5177
16496
19862
3890
14482
19506
11664
47642
20074
3827
33328
9026
18924
48574
3437
12783
44487
47626
17815
27518
16340
44175
43183
48488
14063
37154
43830
26000
37007
2136
4652
19926
20003
24367
491
14320
4132
7014
41940
48424
31297
36738
11380
589
16939
22622
4650
48876
20431
40940
34038
40128
46132
17695
35869
22141
34160
14998
7154
24503
24140
19190
16392
38803
27483
14263
7837
23340
17369
47565
40182
2414
29571
1515
34439
49934
36125
24383
34643
33543
1810
5293
5431
25073
34023
42010
9766
32721
43719
48477
14281
34063
10131
47711
16173
3614
37378
10797
273
20290
23721
3520
38650
21709
41173
33533
10395
21042
26426
39035
41060
27706
13975
36802
7098
37012
42216
17955
47766
18160
48721
24926
23307
36326
45265
46929
49661
17478
29558
14304
27540
39991
24885
31404
36566
7490
22134
10072
6937
11035
40952
12006
18125
6434
33480
5155
46860
23668
43740
259
31322
6194
30006
16797
24450
14334
10630
25400
19084
40659
21781
5656
13517
46862
21423
22000
29362
15567
45462
10106
13046
15805
11660
6834
33011
38902
14121
7363
13958
15618
46018
10391
12157
2221
27189
9452
24052
8594
33566
20078
20542
6615
11465
36308
44629
45261
34629
6874
1804
11208
37229
10364
11205
11671
49294
20666
42218
15989
2412
32223
8477
19179
27192
36427
31051
30294
3747
1629
38718
48563
25156
5296
18107
11010
3594
23954
22571
2949
16321
18422
19320
12801
41232
8472
4497
13588
24335
6601
26494
20037
31666
26340
26726
36516
11075
49119
5042
36060
18674
24167
43315
16338
22108
2758
32658
23964
37393
13243
47462
35392
7091
43649
26470
39360
14261
17113
3867
2581
2227
34878
1350
10839
35957
19801
13044
4977
48739
6004
47395
3057
11651
36475
43756
47227
8969
8038
46785
48805
47684
40253
11578
49524
25416
3136
15617
37634
23228
15165
23730
10956
4315
24105
32957
5640
3745
46843
7754
3576
23880
28194
21884
6974
21549
33205
9486
49245
9860
198
16461
29150
29295
49026
20442
34781
16795
23712
38270
28533
30933
49102
15329
22249
43140
46488
31771
7798
37392
696
38758
10941
40591
4733
1782
21718
27362
6565
29726
43334
45448
13241
22060
45074
43320
31505
34570
39099
15461
28882
3005
8423
49456
39347
16641
10219
39751
45316
22543
44237
31578
21248
27381
6159
41511
11995
49081
1579
24531
20537
19271
32716
21754
14718
31341
21361
20830
42214
1405
47545
16688
17134
8822
45333
29307
24724
18469
26534
35381
35625
42311
25581
31787
44336
12033
42867
41734
26093
24430
46686
21999
15020
23090
21955
31851
30095
49746
32922
29148
33333
18589
31498
42368
9588
19480
893
27414
4476
38245
46319
33945
4728
43161
37040
18637
49954
43675
16250
19505
47501
5415
11340
11526
33861
2519
18205
18494
36772
29349
20497
26653
41932
1854
12394
45636
35052
45619
46272
3683
40273
22360
34810
2751
44306
45580
47290
5479
3271
22612
28576
20787
22288
45393
21745
9310
9743
31054
6224
1520
33970
28164
10699
22454
12345
36936
37088
25082
19387
1237
20775
39857
42973
25451
23206
19863
7281
22743
30919
29141
17294
21424
16858
688
48276
37752
32551
2407
30002
42603
3263
5914
23978
16438
49926
18309
11200
16655
44523
26033
22725
1546
26816
17675
20363
42364
424
46576
18025
24454
35063
2339
40709
12919
10333
26746
30636
45322
27062
13427
40058
3820
32531
47846
39116
37686
10909
40871
45873
22769
1969
2645
32298
5113
2728
46144
30894
10759
26578
1712
25297
14454
3942
19005
7280
19707
10228
46915
20641
35215
23580
38537
8622
25456
48579
16276
37454
41207
39729
36890
49738
7319
9242
42059
44023
26307
9007
36394
20433
21448
9978
33813
47534
44985
19340
25544
21081
8721
12261
45397
18031
3969
3499
28934
790
25720
23320
30743
4643
22294
10313
27590
16789
22492
38494
1656
42183
27997
23311
42546
34153
40498
16243
31298
34881
28462
4160
26229
34940
32378
12270
33305
24603
18486
45284
45002
9097
9856
40943
16783
4399
12519
9177
11807
36418
29690
44341
28965
27625
11478
4536
29909
14733
44574
10846
48224
30853
5098
35587
7082
45763
13526
46657
43327
14918
38329
18073
30879
33782
19824
6410
1025
16839
39556
17578
45880
14289
40202
6824
26942
38237
9406
41017
45080
6855
21778
10612
10688
41076
30391
30778
36868
3470
34401
11041
41845
22465
9911
2231
22262
30372
43498
7859
21310
43356
6397
21488
8240
37369
20549
16071
41782
3918
32220
22021
7053
23094
18705
32031
37148
47921
45310
49436
13682
2826
20191
15945
46405
31419
20713
41169
2753
10086
8779
17280
47383
31720
40363
2357
22409
35005
24569
47618
15562
6094
25821
27781
48226
35908
35258
37629
14061
46452
35223
22899
49650
42957
24908
19283
10936
8868
34284
12082
20439
36995
36205
3851
48157
13205
47281
22330
44165
4645
15876
12096
45012
4738
5013
2522
37979
26226
43718
9650
15412
29101
5356
17161
10220
42556
11189
10878
19071
6735
26108
11625
16943
46590
47486
29031
26373
17063
25663
31028
7030
264
42526
48102
21856
32710
33529
47139
38468
28794
2330
29832
49711
48628
29227
46562
1681
25034
3957
37899
1152
29842
30143
8612
13351
7252
43137
3088
3124
9172
48034
13412
24826
21707
29128
32983
31790
12220
12701
720
7473
19917
32973
45055
45065
4677
22081
5124
47908
21381
29130
49076
20125
25256
19658
18247
14126
9881
15574
27588
7924
15064
22855
18008
32058
12184
15102
48534
36040
42389
10830
17491
20684
2715
14891
33740
30275
8921
29395
31029
30812
23555
26997
17740
49892
11352
6880
37676
5577
13934
34225
5726
15540
42146
31464
49124
21602
49988
31015
16479
48368
15992
38851
12265
16576
25045
16286
37797
41531
41138
46731
17632
5414
49475
49791
39478
19471
1741
31835
35321
32307
15027
24003
29161
17169
16771
38224
43154
21412
3105
941
22175
22275
17786
22078
20426
40380
39241
26178
7293
14946
12780
529
26239
40865
38622
3036
43054
44567
20428
17335
3040
27894
9831
41894
23575
41218
14945
49766
44787
15918
19999
20927
30396
16757
28470
34980
31590
3816
4409
46427
11710
29533
42075
1724
22590
38266
12647
38144
16520
49001
48370
16327
3488
40338
2287
27425
38601
23036
29012
28156
17229
14114
21195
2500
25119
17763
19238
46815
7860
17871
35459
35352
48765
40644
22058
20310
38782
36204
31967
1509
7038
44750
23656
16323
43595
17398
1601
32619
13049
2504
6831
6563
3652
42163
8502
28865
44971
4337
10929
8928
1799
31802
42427
12361
41366
37521
24909
5646
37164
47514
20545
17614
44710
23539
6198
8074
32446
39140
38112
31274
48455
21076
12237
18461
3072
35253
12070
48026
27803
13795
20990
10187
47221
4384
7641
4052
7159
19905
35400
18408
48132
20928
1682
20016
43782
37879
37460
36617
45293
36846
27852
49885
3017
34907
8528
6008
7488
23904
7350
43439
45566
40350
46767
49989
31166
42206
6048
39547
31046
2244
31624
38719
13352
25408
12934
29672
30471
11525
14679
34222
35642
15213
8440
46708
39432
8506
4381
40030
24481
8363
20154
44190
5325
37642
36586
7317
12938
24308
40201
47581
7715
25560
10517
10863
41862
45855
2972
37541
29586
5207
41712
4038
35359
39305
23450
28966
40108
48245
32595
42505
21927
2431
32703
48776
35076
31160
8001
42691
40878
6868
41652
2232
35151
3333
7611
11184
45811
48580
15737
24843
47246
17856
42534
6255
10374
35661
44933
23947
13124
42748
49223
43192
9445
12886
21414
19645
25247
48379
37639
33639
35584
15238
17654
45969
21580
22891
2085
39984
19747
32992
10
24723
24942
36875
7991
11121
30562
46826
28630
37611
10135
11881
1918
41417
19839
36578
1460
37905
32687
4838
8344
8952
18406
47937
30086
27012
24219
25449
23925
38716
19968
23136
16938
16530
23223
17104
21620
28991
25153
17215
8522
15173
12156
3808
17847
12880
27227
43064
9877
2545
23007
42124
45691
39760
24582
15695
38299
24840
11735
35037
47878
18076
9246
46050
6404
30040
1801
10706
184
46045
2671
9924
933
37869
18549
20408
8970
25237
24559
16999
4722
42872
28876
42506
17243
38242
44934
35897
49500
25334
16537
26758
1927
40682
42931
27798
30993
27970
14676
14912
37368
10396
13026
28486
6020
1660
46779
32011
6609
27755
410
16048
1688
13854
19647
15341
10891
48017
2157
8537
19978
46536
12126
906
890
13798
40097
24150
13327
47027
32652
24194
35603
8672
9905
8835
8022
40854
3384
8462
28215
47894
21089
47798
23305
28094
22862
48713
31140
7408
796
14936
24185
27395
45235
7728
38980
42247
32386
33620
47568
35299
20088
42391
28198
15186
10387
1858
30550
18506
8304
6853
24634
25353
23084
25816
27762
9409
46493
45686
19010
22908
22735
12874
48562
28979
49345
13608
43931
34456
431
31396
25355
34861
35122
39046
7454
14123
2797
33148
26593
44000
12171
3207
2514
20089
39051
2865
42195
45908
30175
26442
28968
2074
34952
7334
25981
12678
12645
3227
16895
33252
48695
42107
41661
45493
18219
37728
16832
35952
15045
22124
46661
22229
23016
32802
6530
40793
7945
37760
15677
12371
3300
34317
43690
25510
27577
722
36889
5697
30976
47024
12
37688
24303
43168
34186
21584
43746
48599
18531
15657
23867
26871
22348
39571
22176
9162
40818
13617
5871
35773
32871
17584
11765
9275
32092
24228
36248
7739
14680
44539
20336
37283
1074
41882
2720
90
32405
8120
39387
37544
31429
31722
30445
14328
5621
44079
7153
48361
10275
10977
7090
5327
19575
4920
42418
3970
26277
37013
13458
29284
17447
19384
35857
22955
23073
7596
17189
31916
8326
29368
45332
21746
49631
46926
26514
23437
26156
11534
49227
10482
18704
29798
45571
38360
36033
14184
21144
29760
5708
19850
46631
14547
19018
14612
16945
31365
43976
46259
4423
9131
19677
44506
26798
28611
34954
22713
12416
48369
29867
25142
46352
41941
6379
10350
32879
17126
42614
16600
23745
34179
4708
20190
10892
4171
39315
40192
130
11843
48359
12574
17332
45859
49174
17998
21029
41815
39223
6759
3103
35714
28142
13273
12853
17070
46017
2832
4332
6910
35789
28518
46519
12463
38094
42589
13658
11960
44040
35315
19209
8785
15240
4620
46284
6792
30923
21316
5906
30573
43406
14963
48376
41221
9824
4079
5332
17563
18874
7503
28126
6500
7301
45394
32300
16700
15467
41040
2725
1600
48575
23342
38860
21221
27944
1158
11345
42223
25277
23309
9175
20791
11323
18615
25650
7998
1690
47418
4510
34884
7894
30424
33872
49236
47942
24157
21617
4150
29830
13040
48700
48382
20833
7357
30806
40891
32988
23833
2570
3567
38389
36139
19899
11658
9408
16424
26792
12872
32366
42734
21893
4671
24956
13453
31065
32744
41079
32412
41250
1951
48054
42853
26505
3599
22647
38120
1420
19777
14290
26931
39309
25528
46582
40579
2021
46368
6212
27261
31310
7339
3401
33936
22238
2323
11454
29633
33971
34935
31803
45087
35091
1544
11113
11096
9861
44604
16112
27929
33005
27741
41091
18931
33616
38495
13529
19685
12539
47625
26832
5322
38883
2416
2006
11976
13772
29600
45134
12960
29352
32189
4729
29968
47165
41112
40509
15880
6286
11573
2093
45977
19342
883
20104
49264
27055
48144
20260
13306
45842
15073
48323
6279
4109
44662
44156
22668
38975
47458
49075
7499
22577
23935
34228
24207
7713
677
3720
38044
29047
41159
2424
4686
48551
7909
28673
14270
38703
10618
10794
45732
13182
33319
3466
20352
134
22852
24580
14881
23871
1484
9410
3171
16238
49039
36649
6025
26804
2324
24434
832
28740
48625
26895
30745
20368
18664
12788
26288
16288
9494
14978
36119
25322
3217
12863
31078
2935
12623
4396
17312
29296
72
37929
30442
3265
20991
42994
8890
46970
40903
31420
1929
15894
355
26697
4393
37332
4075
25933
39735
19508
48483
48659
48334
1798
21705
4701
32681
6371
2228
43438
36233
26006
41327
47764
33786
43189
22609
42248
20917
34655
21913
32730
29777
674
3362
37833
24638
30551
26623
38886
17114
10105
6252
39967
30521
37209
2607
29310
27609
25251
30223
6808
3577
5200
11575
21466
575
14265
42651
48558
2460
25660
42257
32552
8201
7425
5588
1952
40834
12754
7374
47434
14148
38432
19011
29570
29274
6865
20716
48611
13738
25047
2861
25349
19924
19981
6652
48263
4068
47441
39362
34185
7210
46696
27574
24575
33238
5229
46550
44695
19881
17496
6799
15634
30660
30884
17024
33534
7926
6273
22246
43810
36484
38522
25335
33029
26535
49969
44300
31174
31961
40462
25380
25172
28255
45111
15730
48934
17283
951
20857
35104
20636
3021
22556
20628
3229
34944
32597
20328
12836
7722
19519
8342
32037
11038
11875
34905
36727
30475
14768
47582
19436
25298
22771
39692
25978
25494
1831
10473
21528
6147
48271
8879
21996
46004
30840
45328
18
39524
28774
49172
33824
42225
23637
1803
48396
14601
2943
11747
25193
10865
31510
37644
39658
13442
17544
44337
22476
24135
28363
37921
27843
19003
779
41493
43164
25167
1791
49254
25369
22282
14369
11062
11933
5058
28895
1149
9067
27557
12514
32470
14727
26062
48787
4167
30774
42768
4283
7524
21962
911
32661
4419
38302
10802
20848
24092
8003
23129
49924
27791
17573
21518
32380
39068
5397
29963
41759
24584
25194
11179
6248
4375
35783
45283
30752
10376
26489
35879
38309
24988
35384
19663
10669
43065
47717
16831
49122
45549
924
28185
36996
37026
20224
45168
40400
37401
35009
41957
31216
40206
1070
32625
26449
5535
45130
33274
49644
19836
33133
8649
2911
34948
27371
41059
24324
11574
33644
6769
34082
42741
4208
11050
38437
39393
42803
42631
15753
45775
3984
2418
39959
7302
31296
35572
45115
29444
609
11717
3408
20651
30825
49657
5083
1487
1065
42950
3252
15283
29054
4260
36905
30935
12357
32093
15975
46969
22281
23269
18789
27658
11914
2914
3876
31471
1080
17099
22030
16719
48791
31032
5157
1342
25622
45334
36689
7257
33605
17540
6265
34065
34242
17318
28158
41923
28144
17704
47451
8982
40867
22596
1981
26933
12653
42943
48763
17526
36506
14565
39764
8954
5144
49953
8943
16398
24814
23958
45964
1617
37103
8876
2060
40356
33099
20898
23159
41426
40141
12146
40394
30008
30654
17031
26222
46701
45692
22716
7969
31191
4829
49346
32485
23030
27525
2258
3791
26782
11720
32708
1599
11768
24710
34776
576
16256
1630
27864
35055
5725
21986
24152
5534
6461
17441
30486
8396
28575
6177
18221
14810
37090
47066
16076
29730
15879
46055
48308
2639
9828
15520
17855
11798
320
23597
16556
28001
28782
29124
8251
14573
2627
36029
4298
47986
41113
6436
38393
27515
48600
13157
16869
45217
30204
7609
20703
38015
5416
30224
35363
24758
20888
38023
18042
39930
22863
26829
23704
18820
37415
27195
37985
22197
5355
44020
30688
36105
28471
31401
2678
6029
34197
32916
13493
28292
48716
21291
6764
16880
35355
31900
47824
29244
33348
34798
28455
25392
4241
40155
27688
39119
12370
33554
34112
14737
49335
25630
24940
18804
25845
18415
46304
13791
28253
5277
2858
35917
27499
7807
15098
34856
38627
44091
40511
23698
12816
22579
47621
42798
41170
1132
36096
10561
29949
26743
16652
37118
8336
26204
48882
21495
13990
33935
45647
6695
10242
46647
29642
10696
28588
32135
17316
9241
45013
49685
39454
8359
27983
25920
45862
41878
22688
406
41077
45560
33633
13510
28860
43669
8285
5880
38135
3157
30029
33280
22247
3367
35675
36410
17171
18849
43453
9809
48688
46608
24657
30932
29916
3592
41921
28815
10384
6639
18604
140
31483
8666
26107
12412
36602
13579
44
47578
27356
25486
23795
11398
3641
10074
7111
46028
31921
5263
36079
29147
47904
35294
36945
17103
29223
46280
17662
5127
2734
17417
84
15560
21463
15151
20779
46814
13263
13462
28432
2616
49068
38732
5838
3287
6116
4703
35502
16178
38087
19856
44804
47629
16063
40702
17292
15422
36560
45167
16397
27946
15015
803
33144
347
47245
47596
1502
19155
28076
47135
48288
9385
40957
23512
37878
16212
815
38947
37520
36524
11874
22510
39085
14854
6541
13551
6335
20001
46539
953
43796
21230
17293
27198
42930
38784
21339
6413
18405
20335
16293
33021
21306
35044
12283
27729
49474
5698
47682
26417
34193
47804
43998
45011
10553
7974
30624
48104
28911
16300
28000
40695
13569
1685
47243
16196
12918
36567
15720
21263
44843
14633
41044
27823
10337
4192
30952
15394
48206
25505
45059
39882
11379
38936
41058
49027
5248
21837
5080
35110
34068
33913
20685
37431
45716
2752
31904
11072
30575
18462
31068
7307
21704
21397
28120
43858
12138
37696
165
19609
13103
46296
33911
30542
3856
12761
1762
8303
14674
14235
44921
36337
48310
20382
48797
15369
30410
10393
32060
21459
43698
25354
14724
25998
15606
17964
31499
35921
36278
17365
16732
5411
24490
27710
19570
38577
19687
35678
37795
40935
14039
48146
35893
5562
21015
27102
48485
43399
9955
42069
46429
14311
43969
7889
5847
47043
124
47132
919
44660
30859
28716
38046
2007
30316
2732
18908
17476
18887
9678
9890
6312
29267
49751
34912
806
34066
33732
40772
46023
40874
21990
27154
19292
4466
16725
49128
46454
45176
39177
34282
22685
42051
48019
23798
21485
14156
33819
19027
43218
14629
8483
34419
42507
5886
4720
12785
17255
40623
10615
35976
17814
30724
22243
49315
35695
21264
5860
11310
42366
37628
48772
39395
19156
40420
47194
19417
33663
9505
41477
42623
24446
6740
41951
28402
10806
4165
33859
22994
4748
35141
42233
17148
20234
47799
1908
3083
44021
369
22974
4155
125
44182
40066
44195
10429
4961
13764
43395
14554
46671
13706
43554
45895
24742
16505
46790
25746
3821
17669
36413
43082
19757
26344
24766
45682
40046
5441
28439
27985
20822
36538
29542
5856
38913
48698
46903
6888
9458
38025
4501
11093
40397
36845
21404
7174
19808
37955
20415
45214
7548
46786
29023
693
2518
7602
3806
8636
8447
6174
13783
23643
34924
48624
39167
34823
30323
42558
36573
11955
34061
40109
3067
8632
7630
13414
10408
1620
49703
2452
35531
10031
15266
25318
4406
6496
7944
20060
44919
36385
37254
29300
8827
8831
37079
41031
36577
10837
17776
28839
16379
4458
29417
24811
32840
12030
41536
22707
49632
17362
22627
42627
28584
19197
11443
42115
24191
12501
31207
12991
4426
48577
5927
37961
10315
3028
6791
29553
49097
11368
10216
41981
26652
22035
43317
14450
30522
30300
30721
36387
26004
33635
11485
7229
41908
48994
19172
32869
982
16409
35048
13761
7972
42635
16055
37136
12460
42954
8328
4517
44114
38714
8521
38807
7341
20727
33136
19294
39889
3070
18490
35230
38187
22256
46690
45563
20949
13248
4688
42386
45287
34147
9265
14739
4045
36550
42462
48681
8603
14479
38290
11145
26263
23349
35892
34835
8004
12887
34291
11461
44894
49826
29317
29502
43715
30418
1192
31077
36779
3932
27546
13696
38509
38340
48982
4718
15104
33064
6433
7438
48293
34060
39179
49231
38199
31264
35932
17748
10249
41804
40378
16697
32236
39323
44002
4463
29383
28290
20249
13399
12859
29360
2976
32472
43069
49173
43062
34169
32852
45107
37305
17051
17026
41375
36647
45885
15083
42911
47480
38247
24735
33322
3937
44825
31197
9981
7071
29646
41933
15924
9268
44054
41858
2393
30869
21514
18012
7437
21441
29326
15891
11423
37082
33731
43503
1384
24350
34192
48299
25442
36588
2473
40410
39973
34768
18158
48935
20592
15923
29252
35535
20626
7270
15747
19844
26831
10358
39237
42227
12225
33408
7982
7651
8750
7753
11739
25898
10579
43430
44712
36774
4644
3703
27457
2481
4086
16903
49092
45008
45155
31487
43750
46580
11362
60
35855
14093
8746
4277
13898
7608
23578
22674
21436
38160
36664
13059
39682
35609
27086
1788
19447
7605
37870
9201
39782
15101
14191
30450
38331
42108
45413
32565
38723
48914
13135
16309
32143
12762
10050
3883
9371
4860
49043
30880
2876
15670
1539
15046
17778
7846
30613
20704
29610
27723
16667
41936
13011
19234
39187
27943
13921
23885
41090
6231
31080
36112
11929
22504
8844
39630
28706
36329
4173
2292
37619
16439
26897
29497
26510
19041
42360
24475
30205
8188
799
18035
30608
9717
8772
25542
8870
28362
40469
38899
31609
34235
7663
4089
45158
19977
15589
10232
25225
39590
49103
8998
16291
15458
2558
41767
18997
14791
25422
40358
42899
24728
25257
610
46698
45829
43145
23085
7970
30033
3366
41016
8418
14678
41540
8571
23726
24249
44816
16387
10783
6254
16377
30832
21687
17163
18444
45778
40872
7102
13665
9302
10661
41322
34468
10927
35884
14805
20254
4899
20203
4484
42341
23376
17430
39108
7328
24639
33262
10548
42289
49521
9443
30827
12632
1262
24497
14544
22656
18616
14745
15411
39876
14635
32211
8514
30016
3039
10542
8439
37029
46415
45303
48061
22776
18938
29329
10029
48234
43281
39502
22207
48092
10786
49814
49247
17119
16452
34090
25837
12196
42042
5134
14376
14895
46516
10171
36113
44615
9046
10507
19748
24477
500
23906
46316
20747
4994
41163
45171
35430
48754
35570
16351
46093
27171
40186
21285
37137
2925
31685
30695
6399
21055
46987
28956
3739
10067
5736
17257
11374
45062
36368
28677
43120
18884
25204
41269
44527
45391
13879
48432
4028
17521
38300
36333
14738
18037
25518
20295
43302
27958
28859
38739
10967
35049
42290
12516
37063
2126
31307
19419
1532
40134
43450
43342
38248
21014
39284
46961
37958
10036
22255
30432
10920
6222
22779
10038
11328
41889
46735
22979
31800
12950
21722
39257
30465
10657
20041
47230
25562
2075
21970
35306
40519
35099
8215
33521
21527
12286
17383
19331
38812
36646
44244
30123
4575
7827
24608
24413
36470
5525
21068
16617
21365
5166
43780
21077
1962
37743
5897
19688
25906
17969
7518
26919
11026
34463
10996
22011
41355
23701
31783
48380
47103
48372
30060
47303
39712
7369
13615
16202
12928
8349
17623
24043
3515
10200
44923
48675
15762
22477
9822
5935
45068
45625
36886
4622
9532
1414
49599
10117
39880
9144
24120
38411
10629
41472
37206
41546
36276
15226
37105
16251
26789
42086
15149
44782
31971
18655
48957
14236
9101
5440
39165
40560
43134
19947
26909
39676
30302
49659
38603
19607
34583
16078
25974
48427
35097
49630
8032
16264
16937
2351
23710
133
4993
33189
385
34772
36477
31621
29980
18278
23888
27507
38074
18602
9832
15296
23561
18831
5666
39816
6723
41720
48845
34136
38916
18304
5600
901
29214
12411
24797
39149
48446
18433
15671
11234
44720
39462
19918
41645
19562
45045
18103
24129
8184
44488
26456
2182
23387
41094
5323
10030
13729
42434
14146
48445
21632
1320
13408
5240
49365
14904
45623
539
9042
11460
13496
24174
16660
34957
35718
40207
17353
15248
26568
5915
25532
23572
13480
25086
4996
48186
12246
15640
27672
40418
30973
5660
49580
8939
11277
10233
42479
22061
13055
493
43266
24382
10294
37613
26918
31632
20513
39809
35755
3396
36833
34535
17979
40730
4269
30018
42939
5334
23096
25186
39869
27132
13368
5090
49372
45298
16490
17089
11012
40744
11734
9957
45271
26274
2373
9595
6939
13567
18202
40544
25552
32226
2282
33492
24109
41321
36459
13842
6060
35385
898
34794
11125
9590
40766
8073
15125
33315
32741
1978
32856
35421
48093
48395
22148
19500
48107
17162
41294
21188
29100
5869
16658
23940
5218
22103
49980
30556
18266
2084
19858
12619
24469
48979
26189
47390
22524
9715
40148
38068
14542
5228
38433
24271
15118
14074
25356
41879
41721
14325
38402
17639
36613
29322
10673
10520
17907
17008
14655
20903
33290
14073
28805
47061
19937
17174
21688
38574
6898
22680
43820
38483
3507
33092
38284
33224
23764
28391
41706
28487
41881
32351
27651
34969
26160
43994
35551
48497
45215
16799
43470
7812
38193
11515
45959
1442
39546
28119
2546
2461
49830
3242
23686
21444
47316
49716
6477
4505
36224
41895
44346
22044
30957
44509
12440
12091
37569
13998
5015
6236
31868
33118
527
16092
1977
35159
28484
34708
26538
12602
29942
45465
3102
11613
23399
21954
2043
18588
9855
41633
11331
13644
9356
2303
30846
39052
47147
26243
16701
33560
599
14669
31115
15675
22486
15699
36355
25921
16248
22827
49032
6414
14275
46763
26262
46027
27352
28689
28713
2778
37765
38798
5151
9840
10481
22587
5617
27959
914
2767
33532
26802
46837
38485
10175
10010
26577
43426
25359
18904
2506
44464
9997
33114
25611
15203
16971
46907
18110
47105
36398
37087
12970
31712
10940
25496
13962
31367
1991
23267
27903
16347
35543
38397
29807
18333
2168
29505
31275
22527
27040
22022
39839
39685
10881
30469
5929
43080
3976
26370
42807
46816
44747
28425
21937
48838
31220
9790
11593
22811
45640
43100
41835
30071
28964
46268
47496
15242
15313
28969
1371
15188
2459
43548
29123
18439
35452
4335
11713
30918
9247
20329
20603
37850
22279
26562
16390
12461
30762
20111
4758
4140
46313
22028
30005
15388
30978
8156
11813
14007
17724
17179
26701
13572
13365
44807
25738
3292
25100
7119
32600
19315
46762
33630
18256
33374
9171
21355
41020
37324
8851
32265
42949
33549
33211
7776
11889
17190
21391
40386
18791
44930
47062
26360
49739
40332
35277
33588
3855
36138
42887
31622
40835
40630
34024
23080
14874
18134
39608
42160
41681
23431
45944
4890
27565
23793
314
13519
41317
34059
45347
7959
21821
4267
35249
49356
14433
12537
30970
3108
48482
9493
34684
46060
5684
21725
41694
35947
45331
34457
3553
34397
30210
43184
3777
13276
8298
44588
45249
11557
47067
45779
4239
31313
12311
27838
1242
16847
42017
16350
15069
27913
49091
44271
17062
44204
13215
41314
20201
34552
37161
46392
6105
12852
45886
6516
24187
17346
11693
10276
5125
9875
30091
22831
31597
39813
10551
27934
4320
47899
3220
15939
31387
9147
23333
42141
7594
6396
14925
27108
44491
38845
28384
33624
44184
36062
9433
16825
28935
5401
23473
469
21588
25109
36540
28383
44404
29892
9095
1193
28316
45866
28122
15189
13425
21827
40007
42039
35380
22914
591
44439
35816
1857
18916
42928
47207
15548
43147
36415
2595
19474
10361
38863
3846
3281
10559
41211
26423
14765
27529
29429
15070
13802
7003
33162
11560
21566
28135
38067
41122
14954
42580
41095
8554
12240
21056
8865
7080
1737
3424
34877
27326
19475
27166
20688
24162
26378
6957
45301
15383
11675
19694
31919
1046
29845
5427
25844
49666
30341
28531
15837
18460
21889
47314
17636
23054
49012
5109
40549
14920
14380
27669
40923
17011
25383
34549
39873
16485
21597
44976
3993
11653
7228
20152
29831
8461
48516
34906
14324
42246
14323
6318
13523
17252
47109
46784
26056
36992
31069
34243
9222
4097
35244
17610
25538
25188
31535
32354
6589
10698
29582
2743
47683
15275
31842
20166
10325
43122
1425
9910
24762
19052
45552
16944
11275
41174
39589
16111
26025
27256
34760
24159
16279
27071
34315
5063
15257
44349
36018
43635
9056
1750
44926
46441
10573
9257
6220
5545
39121
30170
48251
27575
6451
41181
35670
11702
39392
20325
34771
346
43090
48131
46788
34521
15510
29588
42622
7005
15586
35062
27687
21104
5811
26614
3873
5064
35687
13589
27272
14147
18466
32649
27137
4586
12193
43580
4470
33599
12417
28141
47370
18411
33243
1763
11991
46350
45713
43349
3676
16147
15251
11402
24125
29617
35823
46164
42738
8071
2538
20458
43569
20691
25221
14943
10006
9573
42196
24522
20529
48842
49590
20896
2718
25067
49320
279
44291
16867
8297
28269
31057
23658
21520
14164
29000
24440
16433
45783
43113
1615
542
2009
5735
9439
24877
41851
2983
39220
20414
36439
47387
43180
1864
24227
28231
34131
43997
8814
37326
34328
18796
23973
36907
5035
48118
10539
24746
11870
27521
49371
45974
492
2615
22993
43486
5418
21708
23623
47816
10178
2184
2197
45881
38946
12879
14397
12013
39275
32120
7158
37922
25046
20985
9043
14260
9223
43236
14593
4425
48311
30836
29282
4062
23744
7622
35512
3278
47354
49533
41054
26055
14801
7935
8392
41911
23573
40240
41539
46201
9900
41621
2923
12681
20353
28874
36502
25899
28926
31416
33200
43541
47337
10960
35164
36750
23672
46071
2772
18565
43881
21820
41258
41553
7051
27736
4392
29486
9053
32038
31523
6043
47292
19541
28152
45407
19696
46676
5182
22845
33873
13972
30144
49977
27982
46847
45368
33493
43838
36406
10354
7034
633
34851
32297
1395
35262
35644
23035
35109
3967
32872
1570
46913
30332
38130
42433
42490
6534
47672
8640
29532
45810
44431
13083
25441
21400
47769
10780
18230
1413
46706
45742
44702
32125
19916
47398
32474
32047
42203
48866
17580
29560
36004
18000
40932
12120
42636
22695
26793
49077
20878
28607
13139
18996
45819
21379
47932
23133
27051
38122
34385
48059
30329
15201
27684
37021
4998
46048
33024
38516
43570
43883
11767
28955
31343
39487
28628
12622
20910
49916
10351
49798
7047
49935
7073
35389
27767
27947
7383
22991
47756
20838
25814
11332
1887
29287
24009
31218
8838
12025
1253
23375
37772
43704
42498
2754
3489
45439
5460
36759
41432
42126
8197
26739
12457
44479
44746
15800
23141
7922
28305
5005
38774
48222
936
47265
26482
46919
35533
36999
2338
1817
29686
394
24417
49154
47523
1947
44995
38473
15911
44081
12796
17311
30623
39711
36008
7815
36877
27656
42370
22004
23602
16122
20478
29899
22042
14096
4869
31777
25609
34931
19662
33573
33308
38324
23913
9769
5677
26668
8955
36903
44846
22882
11679
34774
23288
40684
4044
48609
24888
8099
25303
5642
39329
47343
18866
26400
33773
13657
33132
34965
31438
33166
28631
979
45401
4571
42821
30557
42501
7746
5184
13385
39101
18824
8796
41927
17227
18915
11329
36791
37242
12667
43071
38978
41674
31594
6478
20068
43042
43513
41555
22611
43579
34025
49839
13439
49932
39925
9099
6975
1444
45146
34148
33874
23889
32865
35975
8671
39725
16711
38504
24721
23496
39884
7427
40440
15982
694
22802
31492
14
1841
17232
33215
34267
24146
39302
3046
28629
2430
2701
25983
47070
7457
30147
7050
32492
27267
39710
23014
48786
36030
48917
47913
40550
4049
38298
24372
45040
46949
27478
16695
9315
41409
43389
4854
29937
9238
37247
42824
10974
39133
25163
8218
44094
15292
35373
18746
36557
26082
27239
28627
18913
14399
7436
35445
31827
28765
47287
3528
22443
10643
33608
100
30393
33299
33739
47794
19324
8189
40289
12079
24816
18776
19502
1218
18759
8055
47250
43479
49539
49831
41245
1786
41
41780
2070
38753
36414
22580
33201
41961
3086
35347
34332
3159
2335
12484
174
21943
3664
4750
27928
16020
1126
36615
44423
44324
39208
46975
25859
24112
20167
18301
31128
356
18055
35638
28781
8375
11677
47688
30498
14417
1412
12094
11773
30047
25699
16583
21214
39586
43041
46867
47452
21816
49415
34241
10247
21615
4026
7813
1697
15505
48598
39698
33994
45363
34527
15063
41718
1557
2998
23413
35095
19065
30359
19309
6633
38116
45958
49684
12480
32197
39341
24374
35492
3751
43758
39853
39739
33091
39675
29647
32034
27295
9393
44489
48227
41168
20876
8448
40597
45657
13893
21456
42854
34927
8446
4819
36302
42657
8193
20934
46506
46799
3112
39457
17253
40257
8579
41619
16541
5193
19560
27131
17894
44645
43919
32782
23476
27021
2280
24894
10336
46895
5209
13344
45432
11779
48151
43714
30569
31845
40346
46565
9916
24435
22754
6896
14772
13122
34289
4354
30434
31821
49159
32402
37915
41828
16214
26692
40941
13642
15408
2839
25326
31494
34788
42235
14872
6667
14214
37617
24209
34109
20066
8941
1059
45139
21107
29390
45671
48995
12558
3482
44051
40510
8768
32656
23461
44046
32715
20275
10681
2806
6315
44708
30146
33680
8862
48561
39376
46207
9316
6268
22102
44609
14732
30878
33899
33575
20524
39198
46260
18017
46348
20843
37224
10983
3331
21369
21508
7137
8317
1299
4877
48859
30343
3527
33719
8523
47639
20359
6298
31189
45165
5194
15503
12993
38513
14652
25527
17657
46090
39097
49224
23869
13714
28466
15026
16736
11002
23999
1370
13518
25900
5173
27849
18954
19301
27199
46541
37944
15310
14099
28399
41278
28193
15686
36814
27685
32890
241
40856
13457
28879
14899
39577
39497
4662
10414
20530
30628
41728
44719
37395
9583
30585
12085
17400
22957
15956
26080
40443
10234
19572
18235
19550
45916
22420
41922
48883
27044
17305
11837
30756
14788
38422
38150
2580
47499
11104
29382
29511
47676
26074
20959
577
19053
6726
41519
35971
37347
26730
34420
40098
47620
24542
2531
21761
22067
5040
581
46543
11416
43912
37048
14875
8208
24386
25960
3561
24698
49322
26696
4866
18803
8096
35758
39036
21465
12075
7036
40958
7814
17433
8677
18001
18844
45756
34350
29082
9231
32260
36734
45834
43993
24773
23067
45232
7313
6281
34305
34749
29335
41484
6387
21614
2233
7770
44948
41397
19680
41846
19835
9632
28062
25825
2495
10152
46507
40314
47701
46545
2690
3546
36287
42744
26659
43263
23313
45379
892
40828
5760
38854
35864
42986
14800
19025
3636
37799
46552
32568
5925
2881
3572
22642
23863
13245
39513
41260
10476
46664
48133
28260
36195
20495
15556
25772
49387
13563
13286
30868
24890
34621
25168
30744
5749
22911
15938
30524
9151
24044
46120
1939
15196
31513
18521
2065
47094
29739
7831
38255
48493
19579
27281
24331
2596
35012
47738
26015
21777
15813
2454
22442
27682
29181
46359
3706
9009
33025
48070
20035
23452
31503
30476
11979
17532
20139
35089
11127
4031
32290
20356
2987
3305
5141
21401
11757
35846
36323
46920
49386
46879
2279
13353
40290
9713
29773
15252
2008
573
20815
10785
7289
32070
25566
37505
10638
15107
9224
49577
10442
33217
46472
7646
17269
9554
9772
38796
25570
30065
28959
47574
40432
12554
40294
20082
46232
8445
32615
21658
36050
30001
30250
17170
49050
46563
291
31529
15697
38435
1447
26251
11244
11476
19088
46151
11094
6599
21524
1972
40767
5199
40773
5547
8965
16844
16478
48959
43010
10293
14448
41716
7422
14071
43361
46086
43415
26320
47126
40837
5827
6010
5594
47410
40093
23533
42932
22536
29437
30049
8400
36188
17723
40015
15818
20151
41136
28133
27351
20728
894
43898
41992
23713
41184
31952
9839
24848
34050
22494
25521
9655
31863
15150
5145
11238
25015
2543
36805
21460
16913
40463
49963
48443
15086
45124
8002
48648
45807
35320
33432
40496
5326
9289
5221
26517
46904
29448
24596
44764
35733
47424
3389
240
22418
2569
6524
36926
9610
34274
23579
21035
49311
26012
26467
17128
21166
28503
2034
35871
20741
26369
12456
42205
24876
19629
8699
24299
28044
12677
32443
13313
7699
28446
8533
17809
19827
17472
43827
19090
35553
13036
16031
9334
41267
42079
3012
1147
28313
29245
48218
1868
13305
28277
4347
4303
35851
46508
47259
7183
37707
26317
43970
5496
26522
49531
19613
1008
27292
36847
41140
9754
42947
36626
14189
35907
24165
17576
49219
21311
15152
12511
27335
27746
16628
11744
41347
24274
23819
37284
22447
16413
44466
9187
31175
46040
48853
47699
48824
41504
7917
35676
19463
13780
49445
40838
8840
47982
13220
31667
45477
39022
14700
706
41560
16283
10186
14932
48274
38729
35965
44057
11737
43227
48631
35
47788
4304
30664
16263
36425
19410
17359
30657
36106
30090
5644
42880
39104
37444
1907
29719
42522
36606
48043
23830
43625
23822
21815
42876
19307
43143
17715
35191
4570
45611
11638
36411
4386
36242
33779
31999
32849
429
16307
24505
22654
12763
5085
35826
917
10073
11410
43721
29325
36688
24878
12906
48858
16777
29806
35728
19524
12223
44909
26837
43027
29397
35679
25652
30381
28083
27715
20576
3091
2022
48353
38200
30325
29403
28037
5720
41099
36198
45639
36671
736
8241
20498
12784
35844
23195
39171
8090
25503
41819
43583
23821
34216
9127
20970
7199
26286
26676
19351
40700
37231
44862
41363
33542
47528
23468
46670
21988
39772
29810
35700
33352
22071
48966
24389
43528
24275
30977
32915
2761
26046
7851
24971
12198
45930
19601
40983
16434
29549
39849
49324
47493
20531
41978
18281
9669
31840
27106
21585
14798
16297
41018
43204
41562
42166
43657
6153
23146
9537
35487
6688
21712
35130
23161
740
32448
20272
27477
17556
36162
46825
18947
43160
27921
43233
39189
14155
28178
31072
36562
48778
34733
21183
10886
12909
16823
21435
3815
48200
11872
8167
2588
1891
20583
35185
37321
22566
45503
19754
46184
9496
37221
21623
26348
9476
19637
3065
6130
16781
8675
42702
15846
44507
13350
10683
15890
10042
15767
4402
38319
29721
39419
29733
4182
36318
32406
27019
36299
28230
21100
11239
44381
38554
19397
10930
15301
36662
32201
35059
46253
29839
42757
40918
30380
6819
34597
24082
6662
21162
40504
30062
12055
9083
30261
9525
2657
48417
43096
45016
14779
45745
44442
32475
16303
25642
24238
12520
39681
7928
34759
5136
21288
13010
45352
7187
16975
38077
2632
48138
10091
47011
26035
7764
7494
44990
20723
31224
38602
17719
24790
18335
25529
14348
49041
45676
47090
10259
33721
23551
171
17390
28457
20072
16349
3898
8857
47274
34613
27953
44022
9539
3317
40533
3556
47690
31652
29927
13057
13548
46143
13992
3761
18563
8619
31676
37667
38417
43651
45794
34004
40011
36154
32603
27254
47730
44161
5596
6111
44959
24834
24743
27978
28477
12782
25698
27228
43371
30834
35010
35210
49829
22529
31598
8194
40333
49165
37903
4679
6133
28356
31968
5800
22306
46453
8769
42087
27096
10001
20618
8710
31357
44386
53
32151
36086
4247
14636
34814
3497
39463
3838
37832
19614
7861
40663
45049
7105
22730
26669
42652
32280
13851
29359
41412
38408
29688
28620
20647
29668
43604
1705
20721
48266
43344
34058
15514
2578
31177
23911
4610
49810
48255
11018
30909
7880
39141
22088
38490
15803
1829
2486
27992
2571
18257
48910
11373
3049
40761
12344
31436
26595
20558
36682
39442
31200
36570
26797
34796
12015
16936
0
10772
25117
27935
29783
33161
28676
46089
26479
8148
38095
30876
23034
37478
49722
5468
7000
6671
23396
7550
6358
39120
15220
35606
37706
1838
25623
21667
40139
35157
40804
41483
22770
36629
34937
20811
31558
29215
30684
44548
15470
10732
35024
31229
29639
14465
13202
4778
9163
9255
19655
17401
38667
9161
6694
36987
5947
31805
21244
31139
37694
43405
14165
23649
47029
33842
7125
38993
626
24190
28054
18130
14722
24623
18288
11642
14756
20476
27638
30304
39096
5518
44194
48354
31116
21229
45404
29470
6624
5390
14142
1250
31123
28852
39795
26313
5975
1784
8944
22780
36265
46127
22062
10796
1566
2910
46285
49564
12264
18539
7666
7323
26125
17303
47200
1277
17268
26008
41725
28361
21817
25469
32476
44621
32833
4112
13508
11855
23515
18023
2782
49641
20912
34997
15765
4498
30055
47961
43024
11211
11492
37285
35586
43339
11879
3518
43879
42539
49484
18753
44035
39523
43461
23325
4033
2641
35767
48916
46273
44508
34850
37447
11903
19132
29654
41946
33075
30552
2862
9538
43656
8450
13737
38317
39320
24149
519
42448
40552
45542
25216
29908
14512
44168
10849
38604
41048
25935
43761
35768
9618
11801
32735
25615
21795
23717
40052
32914
23380
47282
39753
32444
21387
33267
14018
39616
22521
37107
12612
42692
5381
37196
19576
46269
37035
35433
6558
24755
41490
43745
21891
49625
42019
22217
44586
41189
4398
30303
39794
15528
6616
1985
14516
19872
37668
36270
15866
19890
31958
44158
22101
14182
44857
33943
36082
25232
10318
22491
45324
45157
33525
47627
38543
13478
38878
9112
39545
23897
17130
36167
15758
25537
3578
28398
43477
8301
23853
34508
2203
11199
34217
34775
8863
15133
17700
8338
28138
20616
29060
28435
6142
26498
18990
46522
22881
9959
48052
36749
30189
40444
46673
21289
10484
35777
27128
19420
25412
3640
26554
30883
10747
24293
10778
12227
6644
18289
30626
23183
44138
23324
4390
24986
14439
28900
16203
38523
42916
5690
31709
43068
11316
38638
6261
45670
4556
45845
32222
17023
31163
26811
10449
23598
11951
30087
15773
40287
33941
428
27780
23986
9818
15970
19404
18735
43701
33452
10950
44453
6016
26117
20663
30235
23676
35075
1260
34270
19761
1759
40043
31465
18619
1924
9138
6271
8432
13447
22878
35521
17640
41642
44812
3222
2359
7920
28116
38629
31235
33368
43793
15549
34974
11429
25403
14301
22814
41307
8497
11150
46148
5443
1642
5189
7573
14529
42661
35033
4102
7908
15469
9049
10492
18414
36659
47478
49545
26491
21952
36199
6250
19950
34426
8856
46315
1563
11401
34224
24823
30612
37422
44701
36035
12923
14797
49405
9624
612
18063
5853
535
9096
6594
42873
48800
4534
24753
41239
41794
4632
5067
1031
30766
31527
49712
49369
15419
48697
42881
31832
31880
20416
41503
27824
21739
27249
15280
40434
19760
45129
44538
27396
26140
14535
32013
15138
36331
10813
28447
26157
34304
47948
12185
27726
19741
26409
19800
12084
7435
3790
25093
49481
22250
6189
27912
35691
30259
10157
34345
16246
34869
22051
18710
24969
24474
31360
38665
5956
23939
37871
4913
10522
32208
7474
18805
16892
21868
34946
1717
13417
21977
24781
48351
29559
5796
41494
20422
48075
4539
34143
26465
47587
8773
36189
6852
46325
41463
15822
26825
28210
5244
18482
33397
27549
24124
41476
2979
7176
45966
9381
14870
31458
36316
11680
26383
25520
41038
31268
44969
14082
6062
3487
36090
5129
2283
28171
47117
37061
38820
38425
32269
44396
1778
32996
31918
8077
31425
6498
15757
28737
4070
23194
33265
48649
11156
5283
44414
49678
32938
28918
8507
585
14952
30595
2954
41161
32602
7635
6306
32816
14910
22411
47517
12275
20418
41631
8747
41788
2693
44817
28017
29333
21476
49285
4065
46007
43373
39613
32191
10486
4874
44493
38689
5663
4203
46461
14670
18240
44164
23933
38001
13211
13422
39885
38060
34876
36866
41790
49965
23041
29321
32339
23278
47404
1063
48629
19248
11055
48196
602
40127
18618
9061
24886
26237
18747
1214
15986
22546
18232
33641
30070
38514
49691
15153
10861
32823
45528
7331
49145
9794
11484
1349
41838
18911
10870
18862
44162
5368
49870
446
19959
31515
10254
14634
42421
4584
533
31010
17004
16785
39520
3288
32219
42830
29854
26620
28157
12256
16571
49550
40969
43800
26047
5366
8726
6084
24768
18830
9621
15615
4023
18620
20929
28896
35293
28886
43633
43048
17966
6300
10795
4832
22183
5854
46865
36911
30967
13483
8629
27082
18975
32572
47661
6538
2549
41891
11160
11791
35417
18828
22289
25098
44633
26959
4588
35697
28507
7662
36381
30517
25235
43480
43799
3347
43444
6675
21084
34157
22497
39947
32404
6466
3701
41425
9355
12441
23550
6117
8417
18236
16393
5147
25850
42046
17728
45446
9336
7086
38482
28451
39815
281
46037
14355
31016
33727
28499
19061
34830
49736
19692
37358
9823
31204
42965
29255
5420
17278
37184
33997
10207
34200
46883
27387
11278
45632
31385
26644
45353
21918
6702
9286
30159
45063
34404
39784
17918
13619
32711
43908
28929
22366
35835
1386
26164
8754
15704
44970
10301
48050
1202
41636
23723
10501
40231
42596
20261
24625
7401
23554
12517
17630
4835
17299
4116
841
1176
19638
6913
36321
3087
33625
20038
16420
21625
11
49733
16049
27504
32923
44208
39665
19328
4231
9899
39691
6431
12004
11335
9936
26496
8778
12127
28942
31227
39292
37461
34158
12616
44728
17427
18698
36858
559
17981
42230
38501
26896
2002
48302
23095
38449
33765
42999
30864
21947
49035
9228
48554
27053
21776
48219
41148
49966
2901
39095
25869
13003
9510
49251
36539
7448
40860
36732
43431
17824
9419
39628
19135
24045
39266
2178
40542
39214
26497
17355
31303
25465
11144
27785
48237
5859
42238
38567
15960
48708
19975
4041
7796
17459
41673
21461
13326
39412
13084
43049
33494
33914
24913
38750
5465
30820
5691
4717
7209
5628
9507
42309
40928
44920
37816
12573
10348
8830
33376
2382
22234
47763
7797
3198
46824
18369
13413
2189
32166
19996
42805
3950
21163
4944
32579
27991
42271
45037
40771
39716
6894
47380
4252
42713
654
38169
43918
48109
31024
2311
28128
3441
20826
9600
11457
17873
32845
38117
10711
21312
33877
15666
24901
15604
49999
41869
14322
20493
3753
1870
17780
14534
25239
28953
20460
47153
32229
16451
229
23922
18133
23996
2691
47006
11715
21211
43850
46597
43002
47467
43421
6341
30283
16267
30716
18294
4064
22657
19363
18024
6034
18328
38867
16878
29380
10081
41709
26234
34695
1438
235
29855
39333
27847
22846
10445
45877
20737
9825
957
2906
7691
31989
33725
6422
15926
7324
899
33415
20804
21165
46523
5292
17209
1464
8244
43409
4299
37345
29508
22304
22467
32748
24509
1732
8248
5794
35227
8070
33898
23163
14908
43900
48058
11334
16919
18084
40794
1359
13224
25281
33284
36547
45689
40264
23158
42847
32277
2996
6178
17799
12031
30956
43535
6184
22194
43794
25180
10633
34239
2286
18424
24978
49142
48683
42301
3142
22139
17511
47494
8051
21094
20463
49121
26463
19798
25549
47357
19398
25569
43505
18225
7254
24488
14405
30449
24058
14411
11511
10409
19914
12204
5250
13539
32895
14583
39439
27677
17434
24566
43791
37233
19356
27940
10085
14337
3525
19257
23441
14006
31031
18419
4213
93
10679
41733
27631
24686
36006
30708
44275
21319
1155
11315
3375
42423
13873
24994
11663
16886
19946
33612
20022
47778
6127
28248
39471
23527
48134
16432
48715
24983
14029
11339
26550
36074
6634
966
37365
11295
945
19521
24614
27596
5434
14256
3030
9335
13828
45960
35254
41306
20827
1766
47374
45546
8869
9079
32850
34993
29931
14964
18311
3589
2332
6862
28693
23778
29740
17154
14043
20086
45500
25517
35486
29273
46621
37359
35995
710
20420
3149
23426
12465
15914
21579
25458
9953
15811
44133
46518
35558
20030
37981
47806
37027
19159
49479
17897
23735
12136
28270
31488
18721
7603
14159
33285
5032
21964
10129
35412
11280
14961
31318
26846
18819
8573
37244
20875
46491
12530
9497
40357
36582
22400
46113
38383
19556
32776
34306
35429
23970
24896
38328
5437
15353
49303
16017
36504
12251
5449
21680
37411
45876
38133
24327
6625
12104
1030
28587
22472
30997
47232
23489
42038
170
20091
8667
25224
25064
48095
45527
41050
17774
23757
37053
1294
22834
39467
12973
12186
12199
26539
44476
2273
49604
40189
31623
32749
32848
33298
42154
14896
33901
17055
17959
36855
13225
7070
36643
27592
8492
12058
5553
34804
21299
4103
27288
3483
41527
557
38269
36158
11853
39239
2800
18783
20077
4687
31616
2164
2789
37647
22202
354
9615
6012
22053
46019
858
8893
45246
2773
17990
45918
36765
48834
6003
8781
18852
32995
21269
10487
42346
18991
27232
46699
31482
29285
5958
33582
30101
13937
625
18156
24601
39988
28340
11802
46592
29078
41342
1634
30635
16873
35446
21967
881
25339
9357
34556
16007
40355
27628
29450
24687
6678
39010
22163
22568
9635
6270
27224
6480
28063
8076
10425
874
11566
7310
5607
23040
20262
12541
18728
8362
46382
13667
40691
20796
38379
29534
36454
36359
1107
33400
30672
27187
47956
23614
20225
38907
31740
22915
21031
29846
27647
38942
2480
27520
11723
21275
23280
15223
41152
41554
9578
33835
10111
29046
13736
16545
4118
27057
45006
24549
48071
34630
46162
10375
14815
35648
47113
7208
46317
27123
5968
39525
7279
11108
225
37462
26953
46898
30663
3204
10811
13540
45565
8795
26089
19902
11214
6933
8476
7535
11838
17681
24757
31764
17883
14508
11343
46449
44131
19891
12696
37702
39018
25425
22378
40151
2840
35019
3868
47388
30731
49412
11937
24496
39781
37583
5962
23967
37074
7487
16788
1773
13251
47049
21648
31102
138
20976
7193
41971
657
18841
28125
16931
49526
47833
33544
8236
44837
29972
8415
774
36831
48049
13300
16643
34981
10496
22361
48023
21209
22916
6450
18175
28658
13039
34220
33785
25173
29173
23058
10822
12166
38706
38461
22434
1967
5237
46354
6842
19876
7173
38388
10536
2988
35221
316
22129
14773
38615
3627
8322
18812
44294
44490
3817
8577
20227
43803
4349
23932
22450
10897
40483
24602
28502
40383
31686
23001
42777
22823
36108
4311
34492
29049
41015
23759
20861
31363
16113
35574
18871
7585
10758
11528
35752
5541
15261
44754
19649
30796
4323
47009
42412
18572
5556
21574
4795
23861
49390
33139
312
20835
36441
48862
34327
37364
26820
45374
12767
47385
23148
32627
32543
23818
38365
7469
38395
49807
929
43225
13634
6317
28687
25539
48799
17444
31894
20519
39153
10619
8173
31485
31876
14406
12956
4957
40748
24416
38478
15366
3633
9437
38286
19140
33359
33033
26276
48408
29792
9150
22589
41994
20503
39385
4499
13884
30188
42199
38289
49368
28374
48005
23540
42625
1679
1613
1865
43345
37757
20267
2508
22958
9139
26543
38362
1273
18265
8734
26075
40010
35688
913
39100
3120
13472
29478
44637
37495
8018
31977
5432
44369
43842
16477
9142
37166
23750
5569
1116
49805
44097
36990
508
46874
2834
23253
6011
38967
46604
45522
11920
38191
19230
42903
17791
2110
27990
3068
37170
5795
32111
19640
34682
762
3502
7591
49255
26203
49634
36293
8611
18077
9461
2072
8495
22324
28759
34824
8323
11530
1882
35902
39742
24172
31653
24212
27231
25534
22511
12365
20145
10307
8036
46177
37203
28434
5785
25587
7452
25410
19437
47417
40488
15115
6077
45482
41213
18105
34934
4744
3210
22036
25737
11645
27328
41877
2342
19022
2885
45882
30738
12917
31008
30313
13369
36571
9218
40033
13582
2830
25745
15172
34900
40430
34100
26625
6314
25565
6009
38443
39190
33231
33738
14092
41130
35370
30244
41928
28311
27103
11758
38673
25266
41372
45295
40305
32678
28944
31577
46353
12072
3532
32969
10903
31199
40800
38842
49652
45535
27399
23768
11419
38862
24831
47940
19746
6316
43797
16941
15017
45907
49406
49976
21832
25443
44253
47206
8824
16271
27696
24759
4122
11155
9386
14510
4863
43392
45188
17860
39629
326
15669
15126
324
1816
34051
30582
45579
28982
51
21182
39270
40685
5459
6768
5816
41705
33306
25580
32390
32164
9913
39911
21675
10644
19075
17984
1930
28011
4196
10366
27619
6864
29109
5983
39983
16793
20087
15306
46834
9354
40210
17237
15543
44732
32466
48505
43885
20984
12959
25679
3588
31504
44188
40815
12659
13863
5210
6785
42312
47525
555
48514
28995
38585
49757
40041
1633
19350
47564
1381
48817
35451
26821
18666
46115
4157
19659
2564
41802
44752
41215
42848
9983
26986
6560
19366
43928
18641
6739
12478
23045
41276
14200
21735
25956
14890
31451
38346
23091
33383
48097
31495
28659
11046
15232
48540
24561
39966
15897
48499
36419
23029
19865
37784
37420
36109
49191
19448
7398
4736
24793
22117
16298
28843
6507
13070
33350
38833
18642
26435
43050
36529
3908
6467
35274
639
46220
6521
29930
2394
15253
5452
8498
32127
33648
17712
12485
30236
15450
10280
5875
42384
7701
6557
20988
1026
4339
409
13979
45032
47586
8608
20429
24533
3035
33052
26146
47671
23049
11132
27828
31455
43966
38568
48480
4462
41346
7426
21329
37909
31070
26570
24869
41793
1458
48467
18020
34370
46739
10632
48087
17924
3757
24551
11250
15778
27996
44606
16226
18108
1108
6219
25768
29205
11085
46914
9321
26134
26298
18307
18261
35781
9972
23601
36563
31081
35111
25526
41581
578
29554
25852
8028
41301
34895
22608
49040
42099
43235
38484
30723
35349
6072
20966
18381
46381
6392
21611
9927
43825
39865
5150
3935
16562
16830
22487
6226
49409
41792
12290
30969
44597
40159
31620
37984
1225
47968
10868
21440
6710
7104
12155
15913
15299
33288
45029
34902
10104
13788
2737
16333
32524
17044
6075
47709
44205
17319
28364
42961
39143
49397
35479
18530
33865
19722
39995
47405
46276
19883
4094
26883
38581
7461
38872
26606
40225
26398
14109
10925
40286
41383
5087
41406
5504
30497
5167
32217
38940
21638
36948
14541
37934
9208
16009
8867
35872
22107
5731
47176
48413
8097
30773
24056
31509
34395
22329
25116
34525
10456
44647
10367
20705
26658
21991
35484
15435
9869
35196
15397
43916
47972
35081
1489
6292
28074
11008
26722
12740
38599
2334
10917
42034
4471
11965
3154
9216
47340
22143
11420
41795
25087
38254
14924
12349
33979
25797
49496
31302
45116
28557
10121
8140
20475
2805
23626
34564
34326
3493
21250
28950
22295
38708
2419
15164
3678
12697
41736
27212
68
73
48891
40802
19069
992
17806
45300
46936
13411
21652
43350
17656
27891
37610
33878
21286
41723
41520
30474
37032
34393
27923
48241
20553
34947
5402
17450
10474
3382
20263
31075
36080
41605
29518
36584
23053
24662
15119
8539
33675
18511
46737
37423
30347
17755
5549
37176
12728
36051
11707
47967
39465
43473
38109
2012
34710
1860
43659
38234
19545
19679
5989
16882
23240
1696
32582
16358
2413
4259
45897
26485
13421
45806
35616
31660
9962
14379
45901
20690
31281
45386
912
15943
45823
23460
46128
1530
1372
42318
38042
21002
40345
9352
42228
12194
3098
34544
1014
49337
3772
45973
43305
4142
24237
35212
2105
20589
7688
39506
16593
16108
33056
48941
46585
28309
41216
42995
27835
9474
6664
49793
24953
41996
36212
24540
16045
30154
19866
18562
48510
652
11793
24113
42773
27359
29189
3639
26123
11005
3697
32989
28883
16998
46564
11257
35501
40688
47845
1160
849
7305
36593
13935
11603
23248
305
21453
43921
30544
14223
3702
31899
5723
20127
46032
13770
29043
2487
9508
32393
44686
46463
19291
45485
22192
24048
27939
14759
38257
9206
22750
11936
42211
5685
36034
27674
13784
4639
31405
44769
20185
16088
23072
40223
8093
22483
18058
1173
12327
6429
9077
41643
31711
21693
6021
45131
15937
25680
32877
27084
44932
7736
9658
21770
32574
29574
12596
8802
46299
31893
48728
44230
45175
34017
13088
42284
11623
21804
12222
44383
34652
11832
39422
47384
43265
32097
49775
27325
46796
18944
33579
4681
17297
34945
18895
25868
28810
15497
12875
6886
9520
37943
44203
9829
29864
13790
36286
12843
37755
23467
11185
17402
5310
5589
27193
23459
3800
23404
39154
30667
2985
38337
26327
14259
19781
6963
34182
44407
43930
21876
37400
12491
43856
28114
21063
2386
3566
14682
26868
9731
37975
5778
39879
12658
31942
29016
6135
39833
6173
19345
15386
44289
12181
26091
37737
13544
27191
39532
19787
13763
25030
49467
4569
13061
730
22498
21600
21234
37652
43103
16610
7835
29696
37723
7276
6833
25572
42133
36997
17085
11862
16075
34369
12617
14444
8108
32653
14152
33912
40677
29074
40575
5864
3123
162
46157
1291
9645
27201
33451
15053
18331
15829
44533
47311
21982
4503
11863
9418
28526
10686
46036
47097
22644
42095
33709
18089
31585
13184
49020
15413
12210
6798
42795
10844
15331
1177
14571
49003
43297
48183
33789
40710
1409
13292
40307
11405
6540
29369
37827
36879
33568
10245
2831
7778
33369
11206
25930
30026
42870
10063
13307
46640
12840
13179
39855
5829
3705
24368
7364
30703
49302
49522
2133
37488
30403
39971
19087
1872
31927
36939
39288
22884
29522
34365
33478
9912
16287
17536
20543
41982
39634
26862
40095
20581
34366
24354
14408
23154
39331
643
37631
41145
47257
32977
35302
26322
42658
5765
25020
16589
41990
17050
7884
79
38657
17957
42884
11281
7508
18068
39686
5985
25834
27907
26673
661
29601
36032
47667
43506
27379
21930
18367
8617
7553
21185
40413
6210
17263
22050
3909
23608
3637
27244
39475
46254
43127
3334
22452
14579
12401
40584
43460
47231
44235
392
46569
45750
37699
34238
24970
1751
11736
5950
17765
13094
8233
20455
38558
17440
36027
22759
15372
23856
27693
31012
34262
11907
23277
47030
9135
44482
10646
6165
8239
36594
45950
19809
13397
27061
35282
17862
2552
13633
18696
31931
49457
28026
37561
37687
31929
2650
45790
48142
33013
43292
12219
15512
19246
23438
26607
20559
12523
44864
38306
49375
16339
30634
1553
46414
44084
47242
21106
12488
7604
25289
23093
46751
8348
40653
32483
8013
14168
39806
1609
45786
45553
35744
17546
37238
8682
3669
49843
20371
32545
27579
25077
38874
20956
48626
17890
11409
47559
9616
3158
22547
3582
44783
6202
46894
37202
48954
3784
6737
31731
5198
34378
24279
23389
24291
35815
38580
20520
39160
3611
7329
13282
27210
35301
8142
4472
17711
10603
16782
13977
14627
17800
18559
37115
43284
41665
12375
43764
47425
34227
46633
5268
24806
33571
48788
9451
9649
22572
37620
6811
3879
18946
49743
30243
26967
17744
4585
8709
623
12752
16917
31727
41080
46500
34471
3031
31830
40429
16081
10554
46893
37658
40154
4867
17001
36458
18111
44893
29512
46235
49894
1548
23960
260
39007
41777
3999
9755
31017
41579
37741
9285
32247
2079
35724
25701
19987
11896
4473
24652
31279
13827
10666
22798
7445
5405
42497
32972
3016
2844
49225
36909
35295
6093
35717
34921
13330
39091
3581
15925
44090
11098
32237
4661
48811
43396
34715
31304
2766
39773
4464
5392
34156
39003
44705
25781
49506
27883
36913
5582
21720
23400
31518
11600
28866
23440
22980
19878
26393
40612
31440
40557
29689
43676
11818
11226
41744
8597
46601
7717
30767
42397
5567
5152
27430
5781
32415
9376
33300
8127
41607
46116
30217
24216
18907
33209
35475
37848
49104
7542
45186
37801
26151
34675
27013
14942
3972
46494
19580
48730
8000
30377
12429
1238
39929
47935
48908
2825
35780
39997
49572
25936
19705
29759
8897
26144
38839
38281
32691
690
16165
11252
27140
32830
1824
46734
41246
42193
16893
10026
2288
28003
21237
46098
5171
17846
38364
42758
35727
23765
23027
7336
47633
42060
25311
10836
16595
18966
28749
38908
47017
45099
46620
48471
45817
25508
5483
38841
32150
16375
23089
31930
12482
26197
553
20564
19581
31814
8932
3540
28712
20348
12298
37710
2362
49925
7354
21006
48777
48199
398
47320
22909
13432
23285
12792
19619
20073
29796
20279
12551
40720
17853
23690
47378
42945
41630
42640
5430
38024
8163
43084
27724
41638
36904
22712
37257
29714
17987
22448
33707
14358
38555
13814
19960
9407
13522
9345
42749
36826
2936
23809
11469
31086
41684
28799
18066
21193
1315
40851
47548
45252
15124
21323
37854
18632
19079
25671
32358
13075
12380
2289
25861
5271
22331
16073
7623
16109
23799
48265
35748
9359
43602
48594
21048
24392
32065
34352
33396
31776
32478
12548
33609
1602
18319
43562
30652
45435
27287
13614
21004
3463
12808
17866
2235
38702
23699
3053
37774
14909
41955
15351
47321
21171
34961
21220
8718
35622
32690
17637
49350
17985
40459
2249
40376
26803
16249
23506
42350
6966
4906
20900
15362
48673
42971
25373
10991
13423
35779
35397
9229
46967
9594
24176
39812
29313
15980
33906
35491
5045
47721
43787
20951
33195
45894
38727
24631
43097
24703
2241
1706
24306
41827
35292
2077
2559
27804
44788
32167
43075
46431
44733
41719
27692
41454
8116
48756
32796
19604
34201
6949
16466
36456
29674
47891
11389
25179
42921
3941
31093
18902
43243
10075
14688
40480
41270
42582
34498
13429
31707
9104
49083
40981
28905
5686
6536
15951
25374
4427
25134
48612
26319
18471
15382
40446
38617
47453
16208
32668
45835
30865
35367
33517
35361
47051
5710
24180
15284
9197
2032
2274
33456
31230
33848
47063
417
17007
17569
46646
35255
10136
46742
29814
18074
43654
37990
46320
34150
12032
11221
14987
15345
42123
16735
43942
38960
43401
21174
26547
5282
27889
33294
37665
28288
23326
17456
37893
9413
8292
19009
12167
368
44497
12749
27443
22563
10583
30361
24752
43859
34802
14843
48944
40676
43006
30279
13158
16117
21187
5476
14789
960
36899
16187
44515
33589
28091
2635
40707
45989
1448
43532
29644
31530
1006
4222
47544
45273
32701
27120
37552
41437
37608
41896
36142
11685
8346
37256
22109
15192
42936
39355
17451
25613
39405
15455
9641
37492
8144
11644
31317
35876
21679
26551
43586
32154
1428
49537
18216
26421
48576
29233
36120
8030
46659
34550
39110
39673
8570
47016
29956
25719
824
34722
40869
5764
30202
4833
7179
22887
17136
7552
35144
5017
4493
36985
37811
9478
29978
32991
7996
9522
19147
49943
40607
10028
20317
1066
23559
42538
45117
18554
18537
1406
4723
31011
14701
880
8379
5851
37535
19385
8763
6026
5844
14885
38129
46281
37353
23100
32641
21243
24665
45319
48825
45383
7066
46424
33903
42077
34343
31194
651
5215
5180
27129
2058
39649
17842
14543
19854
30152
25147
23157
22332
20155
7169
41311
36933
47734
36599
32375
3182
31059
18829
17481
24339
6537
31861
25358
48671
8086
4340
31891
35845
43972
42756
24357
39433
13681
1017
37474
23290
9976
12390
23633
11169
12709
44026
49698
16326
47315
9762
12195
25094
41587
33857
4456
41384
26269
13945
21749
4004
33636
7163
44521
38137
22205
39576
23055
42600
43870
8968
925
332
29428
41867
3205
43061
47963
18118
42886
293
17034
8821
13545
34587
9726
27390
16993
28489
31715
45626
26502
25112
31557
5883
10752
45502
15775
5770
7024
31435
4802
16105
48085
21716
30231
5526
17077
47896
17326
4019
44875
4469
31661
25952
32729
7950
48072
33481
47707
28009
24097
10649
49253
987
12447
8883
8503
38341
28580
29699
19724
37385
40514
44982
2366
37151
6592
36565
13160
2692
48121
22206
2018
25302
31410
29882
44587
30038
4435
31151
43963
1362
22903
12468
40839
40898
47758
30867
43524
10599
45820
20754
32876
28870
47895
32576
15636
29153
627
13281
21113
16557
23804
8377
46617
17016
7981
39913
1505
25065
36580
3335
214
49483
38709
22007
32759
41811
20467
37056
4954
8129
15859
31641
42409
33366
44127
2927
39690
46871
38235
10721
33876
38931
10981
35942
45078
19411
49877
43364
11007
20174
36691
21342
22363
42681
44413
2853
26334
49416
15684
34644
6438
10201
36220
39206
2544
45472
11444
10725
344
9498
2281
13464
44210
17965
38779
38259
42459
8357
55
33261
17373
47249
46703
27569
20494
33963
1719
36548
17146
22553
33659
1558
22667
24015
4715
11839
41290
6124
49717
35987
6885
22337
41600
17929
838
16673
2253
1650
14589
12332
44320
33155
14576
18669
17288
14466
12177
6551
34007
44167
43151
38541
24039
30213
15988
34443
6804
47837
42540
7221
13564
44251
45830
40435
13485
31545
25705
30991
11761
7871
10980
4445
41123
16538
29678
43482
22661
28320
38956
34074
17313
5552
13944
1698
15474
12684
41480
47507
42399
25432
24529
45979
13302
42400
18252
7583
35423
17645
34363
22160
22358
28651
13396
45230
49672
18702
48808
19773
32732
43025
35326
41569
37983
36526
25390
34837
29261
25421
36597
1715
13746
9944
21032
135
2255
18167
37888
47718
2307
16984
38380
359
14876
29204
33332
22897
41740
3842
35950
1957
49347
11942
33154
20974
29569
15043
20212
29178
26351
8681
47924
20340
42279
927
17937
7235
32235
11058
42709
37559
23678
11237
28797
7278
40930
44942
11506
19428
31808
6150
38932
20137
23451
24098
11427
16884
19507
3543
40631
11432
39238
29812
32939
30676
32356
22210
45021
42483
5823
4619
17361
16517
6398
29943
12610
7631
45387
28183
6506
47191
2823
34604
9353
9412
48088
43545
12693
3270
5461
37803
9057
2035
27607
22588
26913
18497
22624
484
7769
41988
37157
7266
23444
18603
2528
43805
44830
9586
35651
30890
34096
15509
15848
34898
38416
2824
37894
42781
1085
12807
15832
37223
5261
32450
30503
30712
1004
6659
1632
37043
14400
7424
3340
47419
45216
36660
36958
6978
1256
15910
23740
11570
26345
36201
31748
9693
25843
34977
39470
5039
28352
4282
20387
33758
32394
25222
37237
37117
18263
35899
36953
3148
48461
15735
8905
11833
39645
42363
18268
28751
12932
3961
26965
42263
7834
4648
9011
18865
47479
14335
12766
3587
40847
45747
14286
45282
9482
30097
477
17285
5620
1351
47171
38230
9075
30238
6953
49832
38905
45607
30747
44795
47175
12340
10098
7140
3381
4460
47786
48272
32893
5408
24137
18124
17567
47447
38166
48165
2132
28723
16001
208
36746
1802
35745
44842
39617
1525
16947
35705
2370
10613
43952
10627
46069
22559
46141
12306
13246
1020
33559
49310
46968
21968
23039
12776
36218
44741
34310
28284
35701
42858
12734
11069
48135
38244
25828
13877
31386
5738
43182
39378
11249
16726
7325
15651
19344
18131
9531
18421
6968
45550
44600
33580
36952
47439
39979
28579
8282
43973
46237
25729
23727
22842
19611
33565
48737
5027
28872
22414
34123
11724
34476
16355
19606
3657
512
16096
33220
7670
40120
38900
15969
17551
17952
19513
31541
27863
27014
40737
44418
48983
19425
42572
12714
40219
47882
31521
36520
22307
36231
45586
36721
18927
12988
16756
10480
46614
5001
33341
38419
25074
22131
44080
17606
21161
38110
16615
8008
1655
7377
48619
26812
38730
36420
37360
20313
17097
15964
47760
32207
31837
36070
41086
40755
23901
22319
3313
4507
33882
26810
36251
44128
18818
43001
15269
20977
39038
22659
32818
10862
25688
23685
8811
46683
44062
13284
29091
30606
3373
42407
28127
47297
7569
16141
44575
29351
12535
2722
35323
8172
27075
30426
20866
48571
19329
45371
37844
15790
48496
21083
22864
390
27050
45942
47867
18567
31627
5551
49277
47095
19113
49156
29090
42718
29983
32007
25196
2874
28174
8902
36338
4169
13113
49639
26855
5583
33128
16261
40978
48313
23876
18822
36443
12118
11300
40034
20611
18980
14830
9518
49721
12356
23631
4930
14317
18640
30012
14823
22797
47121
17504
9065
15290
23787
4207
41487
20890
19493
1500
19582
12435
3034
12289
32130
23447
27029
3866
13384
43313
8646
30230
30064
6408
34986
7214
5051
46011
37078
7564
27522
13367
24939
16262
47099
31917
40833
29080
32285
15855
15003
9576
8160
5933
37425
23332
11620
47584
41614
21178
47724
35564
44770
6944
23718
37580
36864
38792
38136
32517
29389
5498
16484
25141
38173
46599
9106
11542
3573
42265
21502
3006
27931
27524
16469
9942
47179
9681
12867
25519
7759
42843
1794
33178
1232
45635
16343
22544
10642
5052
6850
48867
15532
6172
5393
10373
31400
39623
40274
29778
1463
3240
16622
34511
40296
2428
28578
46330
3936
47448
23087
35866
22570
5639
35284
42972
45135
14719
46096
38959
18442
35726
9059
31232
6900
21983
43581
5339
15171
36898
23139
38348
1859
23832
3940
23625
34231
31446
18573
16780
49420
5139
4355
5509
29626
18760
7656
15425
48426
20109
5819
11000
14714
46752
7863
16835
23903
3309
2707
33431
37762
23117
24118
20765
48438
46014
15374
37374
34318
30107
37587
22314
12813
35723
10871
29747
17287
10509
31946
21130
4313
20159
48590
47216
5239
26071
41572
13348
10754
13895
30085
39905
23071
34019
137
41407
39507
19180
33135
43629
4772
23470
49542
23114
12779
41479
11718
9271
28546
5734
20341
962
44654
23773
26305
24143
27595
27837
19794
41399
41524
35422
35027
30118
36639
42316
43829
31544
1562
25530
31723
2774
12425
37005
35994
30597
33642
9504
29809
30319
404
36383
1598
19764
2199
42810
36235
11621
37937
10926
35974
766
35201
598
40546
12164
42414
45154
16753
1742
44462
7612
17935
20964
40531
15637
24278
21124
154
29367
20915
36944
29414
49107
15433
15498
3717
1574
4903
11657
28936
5647
19048
46263
23208
13751
47617
6513
40648
48164
2239
25597
447
36541
46435
1568
44125
34480
39456
8820
1339
24104
30444
27344
18934
27333
18057
48691
8881
8644
34344
27899
15072
38228
29337
22505
15389
7298
3156
29144
32925
15039
3850
18363
1450
35647
23653
32417
7178
47953
5769
1470
18098
48955
30906
44102
2593
10460
44322
7547
49947
29132
5768
15428
5246
18039
48429
20567
41538
32242
15198
128
17201
9566
46356
26271
12857
16259
772
46906
5048
783
2147
39656
41003
14819
17668
38853
36769
21737
15761
48595
20560
46367
43215
28889
8087
20743
46321
45170
167
15557
26490
20454
13773
33035
27412
24977
10793
30875
1266
45108
12020
15384
14588
25170
39888
14913
14562
9168
7198
13636
36099
1187
17254
43293
39001
24404
3544
44480
25628
22508
1718
5429
24375
34586
3996
44483
42119
8576
3891
16143
45678
13671
48813
21867
44681
11556
38018
21842
47267
25202
18925
23358
23972
45456
38844
20702
49699
13072
17239
28366
20119
41641
27146
33526
14269
42521
28317
8887
49238
23607
49275
46966
10620
33113
5278
42122
44261
19718
1022
34665
1009
31804
41963
40655
18378
1128
16539
12076
33068
38089
25242
868
20233
9901
37281
5655
38273
21887
38722
2699
11217
11684
24086
14455
27646
4188
39854
32790
31697
12687
38358
8058
35888
15608
40140
49189
14730
44553
34236
2297
25838
43408
4209
13554
43526
38430
18337
43214
818
13855
11407
41505
16817
45641
39339
40870
46876
6439
21155
28206
34832
19152
12249
14025
25078
6778
5750
43311
5301
16729
9274
30119
267
41768
40853
11176
24787
37875
31253
49396
37022
37355
45190
13498
8669
35837
21479
33804
39072
35645
22033
20210
46660
43726
29371
18383
2727
9013
37177
39901
14242
5606
11464
5311
30709
25282
16702
4533
12846
11242
14709
21702
6301
5016
29564
4487
39791
38212
3729
16578
48727
29961
16535
7561
4777
33421
48674
37538
36471
18810
8945
26357
46927
33391
16620
39380
41729
14787
43098
6437
49208
36956
26612
47989
15533
11377
258
39572
181
32950
19752
2045
29801
49889
14833
5550
22475
4660
583
5306
9548
19675
28419
13629
30922
33227
232
10566
7388
36137
27302
15031
35741
42457
6352
31312
28273
42110
39227
14133
48078
11887
17625
11143
16175
38961
36037
46262
30998
25801
23373
9996
12772
38369
11367
3116
12352
31735
41085
33360
27104
39041
41741
11682
32860
49803
24418
45737
27827
11696
38131
7952
4175
49549
27993
19930
29833
32609
17409
18970
38754
23777
30080
5388
14312
45879
4362
33883
42743
18948
12400
42345
49015
38553
14220
1118
29563
12410
17035
45738
37085
33008
2389
12543
14878
48003
49250
4444
23120
8731
897
46581
20526
49647
25817
26686
23246
16958
45365
30186
9093
47881
2209
15000
30642
12805
35334
454
30893
5521
7131
21050
14060
33167
18571
28139
47691
10193
31149
25248
3002
11577
15023
49507
17594
20644
9963
19386
20344
29191
28683
28732
43753
828
12515
30314
32233
9303
24111
24364
17497
34083
1736
20540
28698
34880
5436
7836
17372
9833
46478
41711
12544
14217
15990
5202
18478
14877
30438
28035
25725
34292
8133
27243
41829
26411
25304
5314
13258
5318
22416
31001
35955
8563
40566
49476
22601
26980
24547
32580
20146
32637
34639
2648
41404
29594
38311
19229
5026
39188
44501
1693
41739
37771
36531
36543
40131
40300
12066
49431
7687
23131
7315
47260
28937
32325
12748
8518
14473
37091
32508
6887
48539
17191
36121
45799
30645
23270
24860
33355
22112
25511
40072
30705
18937
12317
28511
48724
11719
29479
31820
46351
32138
28814
34098
46001
44617
41888
23025
1814
11384
30925
23244
31167
43968
49058
14792
26064
29789
18939
2367
6781
31639
37214
40746
19998
36352
16388
41297
7258
36551
31033
28999
13535
8739
10300
38762
45815
1
36600
28569
10463
14702
14524
26199
8345
26027
29709
4814
39969
16311
16543
20931
35668
47327
5070
44263
19503
11285
10041
44222
263
48228
853
2471
4046
12814
6964
11115
33737
2654
43492
26875
17886
7009
25736
42707
36690
32532
46166
44833
49589
30822
17310
44925
30908
13349
30581
34110
5474
24230
29014
6780
15417
5563
24732
19473
3569
19799
33974
31071
42300
18979
39058
2343
24076
7312
21260
37480
41958
45865
14443
36055
22838
29609
42962
24684
1189
35434
18793
37789
8430
6754
8274
19249
7954
5490
25255
43111
9232
36726
16164
38778
38800
45762
15840
6076
23708
32913
45453
36740
47576
19805
6854
21728
13650
5342
12428
13268
22972
42969
1699
21961
19076
19714
25212
32195
34873
31097
11602
33469
35934
16791
19438
26182
41985
19994
42136
37129
47120
7256
37683
39267
46995
41326
15947
37900
1621
40050
35575
6774
21916
20957
9313
40243
40315
7263
32020
13308
44618
7489
33686
29667
42
23406
42561
11165
30871
33556
16888
1471
26508
22264
29229
1614
39240
22961
28556
31677
3913
30336
918
44380
11473
45038
32504
14336
35540
36131
23613
48661
20661
16755
39245
19841
47744
18898
47215
20842
23401
29706
24976
46229
47382
3779
6812
24871
3079
16170
6788
15645
32064
44665
16613
20824
44904
19395
42535
32156
43959
21024
43028
19377
48048
2204
39644
28075
18295
47211
33010
24184
40053
29052
22474
48637
9935
11051
47198
41868
30965
22387
21540
26836
35620
32278
286
15504
48526
15089
2779
31076
16889
47826
4519
26385
40946
47141
40666
54
42137
17156
17517
42012
31327
35257
6571
22877
13181
49905
4582
12262
11743
28020
13391
10222
23122
12704
9382
24204
16558
18628
17145
16460
10654
2491
33407
40951
49790
47983
41376
17487
37201
47592
1164
5946
29524
31336
32326
9606
10854
35448
6549
18370
15212
23839
17088
768
40667
42918
35883
4734
13223
36067
25771
11803
18026
24808
47843
20646
35880
2046
40668
38493
37664
47892
24778
33858
49878
25910
19829
17934
8134
12123
1361
36523
22
13840
48759
21767
44751
32815
19945
23824
4963
1367
47023
9202
3307
42192
11119
3836
33321
18716
27560
14857
42333
4782
29458
41570
24853
29753
40354
36107
18594
14613
10093
5482
21136
36860
7927
8455
46750
11137
41053
15287
42186
33508
36469
11588
12618
33143
4753
31688
20773
191
4801
42953
47853
40508
39836
2880
16426
25639
19439
14112
7645
14030
46416
32906
41433
11616
36464
5069
30335
11256
12282
21926
29072
3486
49399
10790
47698
40811
19522
42282
40262
5752
2438
34705
40237
31947
40162
23227
36670
25997
37175
39633
33700
23592
17974
44958
119
24613
19992
44882
15954
27792
44266
37599
3750
14687
42291
35905
21235
4439
7787
26503
40481
14683
37191
33151
20803
6680
34628
26591
40106
13387
15844
8060
31843
45421
34595
2378
43896
4465
8903
9718
29018
33426
1037
38065
49890
41489
1269
18481
36552
36917
23381
11950
7693
8551
23659
31186
19868
44440
3672
25888
29076
29881
3383
46334
3137
45031
16951
21247
42330
35139
4285
42712
25367
587
2904
2448
42458
15995
15415
38263
47591
49882
43452
6490
44703
27475
12834
20518
33570
16004
45058
24169
21452
13107
10511
47445
4092
41984
8063
39531
1886
4716
32511
21159
7134
34506
26120
43008
632
33198
27790
31105
24313
1404
41394
49655
1586
42125
38294
18557
11699
9396
17236
19390
46062
645
21511
3979
10595
21862
12069
5343
21398
26258
28025
24715
35252
44568
28567
247
15516
22550
33347
8471
14492
21117
22040
43937
21005
10760
29555
12080
13987
38342
8909
14097
9639
49677
28957
17777
45323
41242
13126
21505
30548
10363
29562
6765
36777
32160
37796
34727
23266
45066
25249
42919
47757
6425
35649
28188
8530
41647
31225
38444
807
24133
21726
1768
31734
470
30293
49573
29373
7382
49613
43088
17393
6860
24091
8217
16436
37880
20856
45330
44202
43078
14040
48332
10304
37508
14794
4590
37306
24733
13127
36612
30543
46994
5503
28287
25327
35180
26748
16462
8411
42307
18513
30975
36129
30160
28263
20892
23318
13785
19259
1327
26013
41523
27152
44981
34607
17323
32456
47363
28147
32177
19198
15001
13694
9830
13986
36093
20056
46935
21594
36194
44475
8066
17449
297
6141
6704
48645
3237
20501
3670
6353
8131
17542
35312
35510
4056
22528
1287
40879
26389
2585
33613
17226
11841
1554
12159
19666
34387
16765
18194
9031
27900
18709
15217
1415
13129
49179
33001
45489
14790
18882
48456
18090
27311
48743
2214
31993
32660
20309
21800
5678
49697
45957
47046
18667
15538
44824
49331
38876
3600
4861
47875
11910
2882
38788
20034
20435
26621
19247
49270
9176
6350
13329
26937
515
17330
14922
43944
18496
30605
23355
19698
39931
6108
42419
40019
14449
4884
48267
5955
21946
49649
15430
37096
7546
10382
8878
40229
31134
43194
8697
44960
35818
35331
17887
24704
41692
29299
42404
35132
42261
10399
1540
5038
45262
21497
37745
31914
49727
11412
28392
15763
16315
25633
20142
30034
39810
26036
47613
9283
32172
23051
11554
6361
27589
4166
39655
21022
38378
3721
10035
23243
24050
10676
9130
49908
16926
34040
8872
3512
36340
26884
48849
46343
39611
5969
5488
30863
42321
17493
14741
29821
1945
11705
28833
38715
48901
36861
36789
47455
14992
11978
32419
26218
42759
41191
2042
35393
1764
11480
22706
39910
25603
11099
39162
48392
27115
40598
23215
9328
7072
34792
1455
22683
28059
21416
1468
31936
954
24630
17387
10392
18040
25159
45053
14917
49243
34087
19744
3731
3345
44374
1220
40474
36916
23567
41696
31907
2140
26559
47602
20170
38621
23033
40464
30209
8006
41601
35251
30286
9598
31219
12294
21596
33103
7379
4124
5719
43429
4709
26124
22284
13846
20208
10065
8399
31543
37
2269
5232
31870
30950
46730
9463
34103
7017
18510
43956
6909
11306
2609
40297
21062
33479
31755
45418
37953
6209
3490
4540
18750
18795
4017
41201
32761
23047
10628
5878
33747
46810
5444
43967
31290
47273
40442
1226
11612
4975
6112
46540
3276
30050
39796
12560
4654
15797
28293
44952
29597
21757
11350
47391
39492
17013
37907
10267
39273
1196
19544
22672
14630
43268
3302
25428
7370
13859
28207
42726
49708
20755
44217
49523
4240
34808
11382
16932
13850
41710
1976
13721
10639
49134
3537
31153
5302
18754
25742
23256
39069
30713
5668
11158
30571
9851
47393
19216
35488
42536
1380
6066
6175
23377
15035
6319
8566
41351
47612
35297
6149
4822
14884
48076
24415
6901
44776
18151
44706
33604
42068
11721
41316
21313
6766
3404
40146
8637
9637
25482
10708
39200
2450
30370
18972
4483
46685
35930
43572
1538
25169
30466
6267
35761
37577
24673
35683
5649
42541
17053
46380
41704
3613
48143
23808
30685
32357
23104
16265
5507
24647
43819
8628
44198
39642
1109
44740
48024
42952
45443
3238
3492
43789
25265
48238
28898
1839
6722
42463
30901
18807
276
8663
18658
17342
26772
31819
19406
24702
17384
4846
13654
17445
39431
16635
17426
193
3257
27955
28047
37936
40438
46394
48412
40769
8325
20338
16430
38083
26311
5712
32314
31170
13237
26571
27037
17733
39985
26304
16228
46607
49904
30099
41171
32199
43017
2974
30379
7170
3971
33016
25497
33762
36768
7029
8558
38216
9886
13905
5527
39129
4865
36400
28610
40632
46147
37846
15770
23510
1815
11961
39500
3355
43590
28633
17836
9676
18097
27400
39908
12650
47862
38763
27347
22177
31664
20172
35314
12976
14033
23595
15507
30084
23225
8318
39505
37169
1894
39334
13781
18566
18532
37759
26778
21388
16921
16910
9925
47152
5033
44678
49758
41230
48627
6790
6458
39569
1852
19965
26962
36663
23074
38467
45149
39749
8296
14651
31067
43636
17906
30479
23543
7347
3449
5797
7195
21133
13571
24265
12770
45428
17230
18296
42910
1888
21418
48809
47998
43384
19814
13079
4308
15181
24123
35265
25016
9140
28438
4988
17251
48511
47821
21142
27259
42240
36781
40910
12114
48773
20514
38943
16758
26586
17942
10464
17395
45782
42525
32745
28332
8896
3862
35639
3523
21655
26376
13602
42834
25535
5165
8017
49073
48399
246
36830
47401
14999
17334
12182
37972
32607
42491
26691
38335
34165
41857
43230
28483
40734
41447
20739
11013
33131
39598
29044
28832
28789
20204
41682
42700
10570
46222
1092
930
10397
8158
46846
31741
28177
28220
17220
18700
4248
30968
32984
9444
13994
39526
33030
36363
22892
17132
47800
5648
36514
19479
29065
27671
49229
8686
9708
35170
48298
11822
13137
33603
46600
21874
27556
43033
15081
8748
19909
9341
30616
25025
16216
38881
5733
25471
31109
10314
24041
45237
32304
26839
34015
23612
48508
41918
37767
15148
8660
15036
41414
558
38614
16659
35328
21478
81
43552
47638
46487
38258
22871
1832
44214
29866
47298
33646
5898
15364
17153
10524
25683
33253
33833
32122
13532
9756
28538
10145
47037
11267
47205
23274
34831
6703
26461
24371
39090
28067
48847
29264
8874
9029
45437
36677
25785
24543
205
18458
15297
46610
16523
27238
20103
36576
43831
21953
47607
27265
49149
21629
12527
3443
48899
42676
48639
34209
18827
49281
1511
1912
18918
23105
30619
14266
37075
38685
12797
10079
24320
28568
18515
48896
18663
29443
7242
45867
25238
17196
42576
26756
37579
713
31781
41252
18814
33051
41853
14382
11148
23082
43206
11456
39402
44649
36946
45517
46072
49084
19265
36208
42313
15782
37406
30383
15711
42789
25024
33812
6814
41474
5357
16916
27846
15447
19239
40618
46688
43587
11394
19078
3897
34032
24646
44565
21668
985
27241
45367
46713
35496
18956
48605
13235
35176
13537
30458
10426
44075
29015
16871
6519
16546
13491
16548
46388
1150
39501
22591
34555
39814
4949
28069
7857
19771
32371
9464
13715
2681
822
18132
26521
48216
40392
9777
11140
45925
11714
10237
10582
16006
16069
41727
8204
43709
6999
8505
5514
38097
34713
34377
34870
6979
34473
8265
34582
26176
20465
3454
15756
46829
48881
34467
3649
40461
7628
4233
14230
6036
47985
19272
47785
49715
49763
47510
16062
19551
9279
45380
22397
49750
980
37266
22136
42029
19024
33670
44193
7689
13433
10326
36483
17823
14117
48550
31233
48981
32407
11117
39113
12471
14684
39651
41069
16335
22873
5206
2550
15731
24281
23229
43509
16787
44510
49993
30423
2210
45490
3819
18009
17570
30463
20913
27653
2897
2811
25276
33222
44071
5492
27308
9636
29490
14349
29818
28638
20175
46880
12583
21213
4544
4309
26405
21599
40250
4549
49981
15335
35163
15940
33516
24865
12451
30513
28166
47414
24214
29057
35138
5940
41866
7694
2947
4037
5370
24919
49426
42844
16906
19107
46711
698
7385
8839
39609
3009
20766
10204
40169
43828
10578
29552
6253
10552
13269
22334
41864
35514
36965
34913
10635
26555
9078
39907
47238
9479
46364
13723
41330
36556
37329
5351
47381
19094
32035
20050
44061
6566
22391
20302
7202
33244
37914
34967
19840
49777
3643
31055
37086
28572
11565
44227
3214
12173
40629
33342
27017
12124
22813
25591
25402
1866
3506
30842
37578
7607
5945
4365
7231
14105
27925
45042
7423
39829
27496
28623
48150
16449
29198
31615
22311
37516
32039
32379
31906
39639
48269
11764
11854
5641
24696
19765
40339
30788
49486
14598
48007
17125
7661
47646
9306
23842
40452
2263
19040
22630
23347
24334
2498
39912
22244
41004
18999
34295
46962
32688
42272
18214
8270
42171
5252
27367
44301
37997
1390
47421
49594
19099
15367
20614
44498
22677
14409
28548
35175
19766
35190
38918
30046
47481
5737
44245
27856
17059
30974
44555
18061
38912
38333
20657
5481
44541
6757
11109
45348
3741
47774
21092
14206
15144
40402
48949
16743
44409
31242
28645
36764
18788
11491
12837
35766
32436
25599
41701
16983
43026
34789
36416
534
19657
6960
28159
6197
18523
49439
23329
44092
25770
6503
45463
691
32775
6797
43847
43710
12657
8971
42390
44264
46899
16547
30285
48259
4955
39353
20055
43903
38480
29993
32936
35865
45719
7949
8919
14713
42845
45572
49788
48474
29467
19631
12376
20106
10700
46434
6649
9211
26709
8150
31361
15099
8234
45610
24917
3981
5984
3144
12377
5187
43459
39856
44953
36979
14247
12826
16710
33164
22910
25766
36169
35250
45018
26060
26674
13489
9277
15935
12633
32630
26929
30256
27404
38374
45878
15488
7529
45996
49955
31209
6098
10857
46121
43432
19263
46881
6325
31979
7674
29988
18922
42023
35568
45533
10450
11776
43016
40645
47272
41748
36215
7811
4001
37883
18595
15380
631
3342
19571
20872
24487
19105
569
1739
31525
39218
31094
10025
33832
40259
29495
36465
30725
11327
25779
34223
43877
10281
48589
48225
15218
31437
35943
37542
37753
17005
18543
23894
10173
1837
11193
15707
10584
15519
49944
26272
20490
38457
742
8149
31983
46888
33327
14013
34717
44338
15224
26079
24653
1027
24449
43869
1534
32461
36460
2786
33520
42643
9773
22782
36171
30775
10744
17745
21858
3203
1626
11210
13705
42664
29001
11363
3832
36288
27298
49768
6473
49725
5047
10416
18267
34379
46866
36728
7227
3336
28151
14907
5305
16572
35559
48020
25185
12992
11197
34263
42464
11777
27263
38885
33734
21151
1714
18731
3938
41009
34259
3451
38438
9864
27657
34294
10498
41697
3312
1675
118
11198
6023
7539
35346
24095
25693
40517
45992
8025
20394
16904
19189
42891
40795
39193
15078
33340
47014
22584
44129
6932
23682
29398
7477
15182
45746
10302
33174
29634
44526
34903
36114
2982
46813
47266
14028
47781
18373
35173
32132
46828
47310
1651
49854
24391
40409
48710
20839
46924
15486
48569
5185
35438
41097
34764
11490
20115
26016
19973
35663
28933
30580
32264
13591
25813
34533
45939
25139
15040
28702
44311
36820
12945
18465
46377
49587
23732
1427
20398
13358
2492
27591
2112
18885
32718
43608
19834
27698
14372
30674
12839
17477
47359
22698
4787
19046
2667
46474
7979
47429
32463
16544
28509
49106
28274
6476
25089
18184
16567
46271
13865
32033
3947
9115
46554
14590
5511
12347
34142
5598
13505
20274
39028
12402
39256
25554
43390
11042
19346
49201
34298
2298
2630
47793
13260
26154
38694
41019
16536
2916
23841
39350
48434
31289
46153
35753
25444
31681
37576
14000
44471
40902
28596
23214
48874
31205
48358
30053
49845
15853
48633
14569
45445
8213
7033
30178
12654
25661
23199
14169
46574
11652
44132
41287
29045
11264
44910
15054
38787
44694
44113
1836
29975
32530
6470
5939
15748
2703
38662
30546
25992
23008
6213
27410
36186
42153
30135
48036
22526
29847
35990
14504
36849
38049
4246
14292
29270
32069
43836
13244
12828
43295
23113
32062
31757
39935
15044
32186
22214
36144
9753
10975
7513
43382
38920
36085
49719
15243
18082
36976
145
13130
29767
2326
934
33097
43436
33425
1523
32426
21346
24635
33102
9263
39015
16095
38636
33759
743
3196
4317
13356
43610
38639
31534
13687
19103
38982
35329
42178
4126
23230
5704
47750
5825
1209
30174
38196
18767
5586
29811
36687
38381
23815
46030
970
49385
47557
59
33717
39715
3341
7255
17643
28788
49455
21115
29858
3199
31395
13740
22997
18425
40248
37691
9702
7023
8109
27704
45618
8372
30195
25767
9837
40980
1501
21074
41111
1552
45849
35992
30564
6708
25317
36262
39417
38039
31872
34458
5417
7584
37675
10883
3141
26471
45017
23211
10913
23409
35116
40331
23130
46715
6131
40423
28877
2310
49298
26333
24277
34342
4455
26660
1486
28516
26548
4506
39012
15953
10602
44858
9704
24455
41542
25305
14143
28295
28980
9729
42056
35186
12026
19028
14426
35194
20807
36655
10045
29880
45436
3414
10285
3833
16852
21563
42513
43891
30484
43775
49342
42840
49913
12027
34459
12978
11535
45752
42946
42793
22818
38756
47068
27110
2966
41545
11686
39768
21103
2321
12153
14197
14390
22354
39914
26819
11192
46872
27567
4959
8730
9607
9259
38063
29394
16472
46745
43013
43239
42542
25088
19848
5681
12833
19608
44916
28537
8337
10188
31462
43195
40705
49009
46667
37418
22128
21292
16417
40776
32382
9330
5557
5890
45113
31272
46015
39011
32267
361
47055
35317
25903
22236
20093
33854
33054
45110
41776
19091
28404
36369
33445
12112
872
31596
36294
18933
28180
44460
16399
47632
44767
33204
20944
40577
45364
43063
49203
2301
48001
25154
29938
26149
9514
42244
27026
48665
15373
24359
41506
22417
41651
17027
16206
46440
37873
34149
6863
25651
3172
14118
42179
32240
20706
12238
360
42493
46038
23233
18212
26427
34037
12214
10308
23391
30837
20924
8605
9248
19870
10142
43540
22966
30710
40117
16215
37268
41175
12470
35239
47376
12771
32460
20459
37809
16596
2364
13676
47782
13494
30860
29441
45345
12698
3394
33263
12467
47003
21378
24714
16519
43613
41460
28793
27783
36482
9779
45537
10223
40841
20720
10990
36328
6922
24181
49860
3308
7064
13208
35743
46477
14162
27601
8828
18816
18114
9030
31266
26841
8494
30408
24269
2952
29209
27415
23354
18677
6277
48124
12148
18955
2970
31612
13142
37412
20722
35401
40596
47174
34755
43117
49702
32389
41467
38250
38243
19966
35028
6628
16929
9934
8332
26634
32162
21830
14196
44951
19122
1885
42155
525
25986
8512
35772
36313
7910
2781
18545
44392
11842
22675
37337
23794
38953
39510
28571
3953
26635
47470
40665
22005
7360
3732
22655
41068
14130
9383
22643
9987
24406
12949
1175
31377
21729
45112
12536
29212
26921
17066
11271
34754
27652
24499
3014
12197
16685
33890
49508
48420
24944
34853
19422
41774
19104
10226
19310
8228
24245
45968
12019
18951
46533
19143
33546
38407
10370
6752
13033
16312
8034
1286
48430
9868
18926
26104
30780
5516
23411
4096
39210
36001
33735
32867
10252
30120
4174
33364
41571
44716
6099
6419
41475
3911
17012
45788
44734
35483
95
36024
25397
24018
10162
11159
37287
1716
39030
25473
47156
415
34949
47256
13748
34763
34683
36479
32056
4658
25885
49463
44854
20785
42239
9488
37342
41492
319
39324
49336
9747
23971
9835
45026
43534
20574
7212
22052
38821
34020
49616
12254
24516
24767
31407
45092
15751
33650
8540
32640
7669
39763
49664
34787
15619
45573
29425
45539
32614
25733
1437
29648
10355
19720
37427
282
3803
36998
11138
34049
12626
28910
7103
49094
22594
370
24589
14218
6405
47677
28043
49617
17843
47348
6753
48031
13097
30229
20563
34616
33413
24708
30930
3934
14519
11033
27428
20686
39732
32502
10955
25606
4330
13509
7865
24770
47178
21082
25285
17101
35593
32712
1174
23107
7346
14343
6839
5665
13162
49489
24166
7823
31713
27230
12279
131
34883
37868
47330
15270
35338
9764
44185
16150
8976
32119
14136
30184
10541
1416
8024
27830
6310
7690
48352
11468
47339
1417
10982
16559
42177
27603
10604
35640
19867
5924
27784
9788
9152
465
29952
40899
27127
29377
24648
10004
12333
37744
48046
17999
24218
22077
20798
31247
19242
42083
43106
11712
29896
22904
30823
24361
28977
29611
31573
32365
48139
9459
45854
10979
2579
14937
3324
37839
27242
27831
41370
24947
45449
21300
47727
26020
20156
13885
27888
44889
18380
39719
48938
50
37095
9883
49222
20634
46251
10076
42049
5364
25601
14632
18273
37187
17559
44273
34070
26715
31053
2073
8288
21671
31940
4767
4981
46185
49166
35426
904
37109
31640
17558
4074
20993
13227
29039
40555
15530
17703
18802
1490
2387
5316
18648
33172
47476
12147
15825
32296
18708
16511
35368
13497
37376
2465
38394
33729
14528
24511
8312
9294
28769
45243
29407
42236
43988
817
2614
48709
6206
5813
12581
48096
18869
15349
47555
49064
12509
32096
47656
47268
11636
44428
39166
12022
35914
27165
27875
25009
21045
3243
42450
29567
20006
33590
35436
8630
34221
33384
36839
12884
13660
2337
29197
44402
22439
17881
16525
28528
15159
44044
41986
33495
46588
47226
5554
6102
12307
28445
37150
10490
35824
2225
14226
6743
21900
45484
34520
29999
39917
18528
26845
21218
33266
7146
31063
1772
789
2122
21717
5524
36071
38229
45543
48736
21539
47397
35071
39021
15012
21140
30586
6508
9102
10273
9577
16533
35836
34144
41026
22945
1097
21657
45415
43867
9403
8575
11771
18910
18854
518
13024
32591
11749
49619
18957
46212
10061
9002
16405
42149
31228
22628
20868
48555
34723
32101
9674
19440
39388
46114
14404
42987
14517
1723
25246
30356
16210
26911
12954
20763
44284
18576
33968
43288
2080
32071
41616
40580
19446
12010
6079
11883
39039
37452
21154
12804
20813
30194
5783
20829
14050
26332
31334
22533
36527
26433
25273
49210
47294
9417
46372
47864
29231
27219
3694
15578
39204
37408
35665
35624
2023
21073
7941
13134
20434
3939
25872
23754
42983
3303
2884
9964
33398
45949
21512
19098
29202
28090
40366
46606
12381
42189
21036
26757
35803
4115
35904
9524
18070
23868
41499
47755
46344
19831
5926
20164
49864
33187
40373
17926
26141
33552
17202
33063
20182
33324
42308
13101
24188
28655
46301
49560
19701
4128
15810
8736
36304
32617
32079
49273
45244
14134
38431
29457
4457
12921
29516
24873
9951
30736
42860
21351
28431
11202
2025
7205
34635
30630
13021
2598
43713
38968
38740
27437
35814
2257
28146
34207
30114
7563
20286
29770
16236
25220
36124
38057
665
38002
45473
27917
4694
45548
17386
697
24929
41904
22426
28665
3280
40820
21748
11581
11687
20638
6732
18773
39135
29436
45870
13283
45822
22254
35796
33060
28704
13441
14860
25328
31699
15676
25690
26589
25525
39044
42612
19226
47539
29822
99
36792
42716
3019
49833
6927
10521
36644
36665
2081
44777
37778
22379
48565
17864
13315
3393
25717
20314
38325
11930
22516
40712
5410
12360
29718
44544
41561
43158
3186
26990
41543
8680
45518
28473
40119
8212
7078
41280
11403
23170
23665
30134
36156
44134
30704
25468
13347
39448
42398
39231
15170
27336
48512
24399
3339
13001
29492
26261
48875
11216
30274
32509
22950
48208
34909
29455
6100
22493
23065
40516
5108
23881
39643
19207
17127
39604
17228
9297
9688
19585
31636
16956
28690
8562
36408
43039
8243
35219
25230
36127
35889
30227
20343
4452
39004
26602
24309
24315
27573
16366
27297
33907
20935
24002
11060
5497
43360
43894
19789
29275
18914
48449
27301
43387
13810
21096
2467
36210
21706
42685
27720
2794
15097
5205
20163
48253
49452
7015
15886
34866
25319
18388
18075
35327
35629
49705
45642
39937
16940
13271
24592
13883
43992
12061
28030
4151
40875
27426
44309
26951
7682
19555
7483
14437
2875
11131
42980
909
48696
21665
32965
4015
28479
28946
16806
22962
45631
2899
34846
33235
42607
22162
23464
44667
15264
40912
14041
36897
24456
47142
17291
43449
39259
15781
6196
8810
18179
10577
12024
4762
43220
20598
11885
31384
35924
10689
45603
14418
37429
21204
37701
48468
29976
43420
29944
35120
43648
47040
47300
43287
44944
22803
17122
6444
34245
10899
10478
30309
49393
38540
32003
11888
3436
16720
13635
22607
26083
17941
42377
40976
12122
49502
37739
29650
17758
46963
7348
12820
12403
14477
49959
25673
12135
12845
13474
615
24663
1754
5399
8056
45874
9643
18890
30398
13298
33318
14767
12406
3048
22121
49228
6941
24405
48275
45554
27023
46512
31751
13888
34601
44881
11548
10060
8658
41813
21233
20668
9069
33584
29305
3351
12506
5358
42113
6015
26180
41434
6372
27538
8255
30702
30280
26719
45941
27245
7890
12825
30140
42605
46490
14502
16114
6734
49665
3174
34736
45106
27821
12977
3081
11497
26447
19628
12152
49850
23338
27834
2119
12675
46716
36575
4663
18143
33866
35248
11820
9414
3987
150
5501
18153
30013
48159
11361
48980
8673
12003
9692
36491
39242
7397
37246
49812
47955
38747
19237
8031
48235
41672
27144
28048
48129
30996
38526
33291
12038
3434
8980
38569
17688
39089
48712
23422
21138
32787
19490
13590
7891
9198
41310
47444
11733
9570
31500
27617
9540
2463
30246
47543
6176
561
34430
9215
40239
49378
1999
35279
35199
48653
25413
41781
29294
42917
39216
24114
49881
43844
32049
2192
13378
31362
19860
41001
35750
40185
3922
47345
7288
10964
11488
3064
28513
32025
35094
33536
17244
32960
31034
19060
6923
489
18787
12553
14618
44171
33715
29469
21915
44365
4883
42266
12226
2948
8335
664
21774
5422
25571
18881
31373
33755
19334
38316
40881
33527
38700
6166
24451
26321
11906
35860
30994
46743
33926
42050
36508
36970
31326
7442
43242
5618
43566
19427
19651
20092
33513
4980
31183
45931
44593
29391
9734
8227
28609
8200
31162
1573
47996
11545
30942
34441
45693
32429
9340
16881
42894
24910
251
49902
45005
2852
16354
10410
17411
10608
28644
6584
47408
33468
26136
28925
14842
40850
39956
10641
34932
27247
29421
23046
24771
18646
46868
40014
4675
5873
47706
5008
48489
9296
9984
39555
38648
35216
42955
33820
32251
44393
18878
43336
20379
19255
36145
29121
234
45046
16662
21364
29073
741
37660
26293
28201
21057
7318
23691
25958
39928
22687
4218
43776
36717
322
44922
21740
39005
45335
13907
11618
11080
48284
20893
48180
14966
16205
43202
33371
48602
823
41625
23641
46717
42147
37396
7568
49658
13595
42024
27533
37145
8848
5981
20246
49761
35386
44211
4657
42826
1738
33801
10828
27455
8238
28820
554
41234
4077
40087
38158
36247
4147
2129
9020
7484
2835
25922
13420
38989
16257
29412
5593
26097
28481
4195
41005
30173
35296
40907
33329
16741
48802
36255
14181
38454
5910
41195
11247
46119
1208
35858
33561
13050
2685
16707
12208
17949
14900
21788
34928
10625
15955
42985
27844
48591
44225
14649
12255
44727
21437
45961
12409
23771
35698
15687
13577
14560
49443
15162
3457
46006
33673
8999
8702
30030
1276
22992
4659
8992
30473
41203
7545
37700
1896
43165
49089
29595
44696
43378
47155
41691
4291
24927
31797
37740
15183
8623
34465
24004
17689
25161
1067
11829
8365
24319
27393
12154
28329
20617
15834
23213
18499
29372
19871
13560
19955
876
36827
31388
26287
45337
25313
3926
8708
40925
40172
1322
41459
24855
41588
25484
48830
12778
9945
33111
32512
14240
26292
2622
25970
46956
14572
32330
47172
22406
33921
16609
7190
26777
25026
8535
9394
15965
5223
47456
48123
5555
15785
31418
47665
38654
25072
46578
2212
26282
48969
20926
36038
9155
2649
18840
40197
45325
28515
13164
21813
23790
29708
4642
7059
21993
16649
33939
21251
44551
26394
40482
22956
37155
37543
12791
24637
25066
36026
8380
31269
48105
14582
27385
15746
32185
24520
27541
49863
49975
48215
32282
1281
29155
21796
10107
24206
25918
9614
41283
27962
6320
17870
34320
29761
20165
26738
19971
27643
38612
34995
5612
47512
40426
49945
30265
7465
36072
25545
4759
42964
5788
24810
41850
14703
42460
11727
49136
40276
40371
47943
45076
11114
46605
40512
9787
10911
17486
31813
16082
24385
25490
5866
28319
37089
11074
46092
30126
46411
18310
17118
36693
25263
40893
21755
43157
11558
37539
5992
28730
15358
7481
41549
18630
47304
4566
29176
14468
15909
8485
30728
11044
45218
42475
43955
32074
27623
7352
2870
46035
33617
3386
13466
33183
21433
38436
16302
35102
45945
35407
24934
8499
9903
2888
35414
36592
14692
8599
33048
19195
21966
45661
36686
45730
31547
10288
31270
4198
47791
39372
213
29037
30035
16802
3038
46278
49049
29067
40454
44191
43839
39485
12125
18299
44908
11229
49731
20869
32081
36914
32932
10214
26382
23955
32473
12916
3202
41785
19874
49233
25378
48029
43343
46546
42237
5872
9284
15993
34930
22473
3444
41766
11932
4911
4761
39150
16027
47438
16763
18806
47096
12742
24747
12680
38164
4951
10238
26575
32249
49414
23394
33473
5633
45505
48155
9608
19457
1297
17469
19063
46331
13713
8141
27611
37262
13428
1036
1796
39962
35004
25035
3725
24769
18303
39075
34422
16182
10088
12111
17742
8985
3075
3128
12578
35834
43817
36801
13018
32870
32910
46085
40537
24210
28903
11847
46223
24892
36513
48246
31902
32168
17282
16314
23283
10032
18095
3707
23930
19884
33752
32801
24985
32253
97
33746
20695
16123
5484
10652
34088
33260
146
17898
12444
47595
14421
44516
19643
33257
32626
32432
30364
41912
43851
35337
15564
10600
13768
22116
10126
48053
2183
44569
34739
45399
17672
15132
3279
3285
45366
48782
2345
34805
20786
10858
30826
5610
8470
45220
29506
36679
13086
31018
19569
33448
35153
26566
34599
31060
37377
3887
13908
21483
26878
27345
14882
18718
38447
8210
3797
13868
25004
32126
28078
27009
25877
24168
28498
19654
43077
7353
40391
43417
46964
19070
41182
33100
33181
39059
41735
22216
25085
1366
19961
46443
29755
47087
38149
27366
22658
45766
7655
12408
9480
49938
6984
22345
28335
30633
44055
49047
47916
39980
49413
1086
40805
28764
34791
18144
38334
49323
47000
49045
25125
38697
32851
46999
36863
1774
17098
8451
25943
35711
49353
40521
8949
26290
15517
46467
29692
38686
47624
39702
32248
16552
45821
14983
41419
16348
13312
10070
2566
32650
10120
14089
40606
41508
36534
35785
40166
2482
13747
43179
47579
202
42375
16992
15328
22230
48604
38896
48836
26511
49771
8964
27987
47653
18889
44034
41640
32669
44360
22122
9455
1641
14055
22377
29990
2333
49495
17194
3975
4789
44345
20097
28212
9491
15690
12871
12952
46082
32042
13431
49184
11386
16800
18188
48195
12847
28787
36668
8913
1840
48415
26603
15100
28625
23410
33503
12504
37009
48248
13853
32743
4754
34500
32066
13618
5259
16851
9950
35797
13296
40055
44354
38203
35740
7677
8414
25788
43878
34693
1819
22913
16016
39304
4968
18449
5247
43446
14720
9533
32108
15030
21186
3473
30848
12303
3153
10606
46652
26084
33594
33271
29874
3398
42808
29301
26924
3372
27305
3782
22181
33623
14307
23961
44503
48404
1740
43556
9300
35732
31575
26542
13012
12900
5578
12235
32221
42816
26515
14717
17279
38687
24241
38310
6103
43542
34052
24938
37823
13467
29985
37131
32257
38981
32355
20801
20851
48047
12386
30488
17554
20919
36404
42176
28887
15580
39615
4599
42620
27966
33934
22651
2346
36021
8259
49563
42474
39640
49182
15968
28065
11498
17638
21684
31431
41056
47468
39774
34983
28949
45425
6148
35831
25896
26581
40196
29746
11824
21088
26541
19175
14124
42293
48583
37403
42922
39048
8436
46831
12897
17017
1640
4441
39972
19487
11065
16684
21583
10272
36824
1781
47631
40451
1003
27003
38471
23498
25478
48331
22276
14161
17983
44181
15662
16378
24764
9684
13762
37453
10225
43038
24029
15420
42245
474
12590
23813
30069
21700
46946
4524
2433
23019
45033
16411
12087
40003
26165
38414
43231
22905
17482
24706
40636
13078
7468
34893
17363
32601
6107
49789
31188
26987
24224
41108
6090
37153
21255
48762
24573
7788
37058
37320
5500
9017
24824
10845
17769
18348
46801
47550
8602
36049
41760
40465
18842
34939
4486
26708
22468
2104
14501
33671
33657
29905
38970
20294
18644
38252
24025
31719
18186
2733
20847
46764
18892
40353
47518
19332
4333
48464
17851
335
40601
1878
15122
20550
10695
6031
46782
20821
1137
3998
19114
12128
28038
34073
11619
33799
14211
41635
4783
13566
14205
36694
1340
38113
41577
6983
44630
45114
46180
39123
42527
48975
28500
14780
26454
16463
49869
46181
35776
15579
35696
30714
48750
17488
15094
6746
9324
31524
5406
39867
22889
942
20823
3293
16809
7491
8354
47974
9937
42090
4508
36873
36809
28735
10003
46425
18064
31700
41839
46058
49099
9121
16923
10330
1257
9087
2959
23835
39775
6307
7378
20311
10244
44449
33887
29889
28761
16026
42730
2762
26099
40825
35158
40998
47044
17345
44735
43706
13686
19343
29179
35810
4689
42278
2670
38423
48906
39426
12100
18661
7532
28349
35599
2989
780
15452
1095
49841
23615
707
20271
9585
8581
35341
25547
47233
38506
47263
36951
41271
28368
18560
49187
29029
1227
26863
23899
24439
34780
48952
12512
47519
39032
47749
12567
46937
27639
47084
34437
28654
31323
27926
11983
45826
49299
36530
34232
16818
19051
49197
11589
30856
4636
26888
37367
29125
33191
37951
9064
49193
21945
30999
44036
33434
10556
10653
25476
43717
34460
8771
47960
2776
2383
22189
37255
1268
13149
27548
42568
30108
18647
38463
18474
3575
27805
4194
7233
42959
3221
29959
1439
101
42537
35443
25362
17129
18517
25982
47275
46492
9499
19373
39491
49971
759
895
29862
26194
44779
18443
15482
38076
45617
14222
3554
4532
4424
32284
212
33297
48130
3888
36217
1943
40759
20178
35657
879
42148
7704
197
2061
32898
19949
41931
17111
26840
27460
8464
13969
13270
32985
12979
35534
44459
18220
39332
39970
1423
16582
16902
26973
22632
2207
38442
49939
19661
35270
25498
48481
1875
18231
37749
47808
27742
30077
41708
9331
10853
23268
41049
28553
13904
35372
1827
36216
33558
33090
37051
30443
42273
38592
43747
7399
25280
20189
12474
8040
47352
1049
39483
14550
13628
5902
27584
29629
19093
7466
16474
22951
45240
47807
25616
4225
35786
46596
33668
49218
45497
27324
47331
12972
10527
9293
33184
44929
10674
24558
13957
44918
8694
28286
48976
42229
42357
38690
42831
42003
37607
30784
26720
45086
32266
26363
17646
44669
21467
14037
26119
3792
26388
3903
25858
4106
3464
27902
40973
31161
39092
12822
4357
6828
43596
31112
23591
5190
25151
10547
2807
32680
36176
7940
22292
17276
7749
22694
20740
6676
34425
43499
15784
40088
4987
15062
20425
34206
12790
48527
19276
42974
16464
28545
8683
3870
31096
14850
25864
15863
48252
39293
10965
28720
1921
16570
12326
35167
15271
16759
8434
33530
14698
48212
17137
17684
18248
15075
45277
1387
47606
48349
15392
28373
11659
18977
11785
33947
44594
35213
34963
35841
4730
41611
44905
2651
39687
17076
34589
1569
49328
19958
2747
25670
25127
11591
14515
35529
21200
49034
22372
34687
6929
2163
14144
39295
20573
21345
6972
44525
22386
41104
9090
44357
22012
38054
24751
32204
8742
21772
27624
9990
33662
26250
2677
20650
29857
8775
947
2284
21114
22265
23098
35775
5055
34646
28060
3742
8224
21553
9971
34838
39498
47951
49821
13653
33794
40258
47296
801
37217
17429
1767
33771
14766
49276
9027
10726
21173
36919
37227
981
22778
19466
42182
2092
19408
46501
46450
48025
23553
20002
40352
36373
30746
31137
6607
25197
16883
9568
31665
30124
42416
31439
10015
48498
9966
33986
33805
13290
17410
37646
40360
23583
10404
1346
16850
2530
35793
46130
46091
18155
25704
47885
44408
46526
44015
40424
5694
26689
35626
43895
21093
21610
17452
39602
15665
30734
34836
48375
14824
7531
4243
36835
10422
20783
34901
31760
1267
26622
36707
44655
33800
10044
45597
47137
24163
40848
21240
36700
39147
33879
38353
29935
4319
39866
8990
10503
35945
16470
34021
43280
11986
35358
44481
30527
27514
26700
8600
44886
19826
46227
25076
45025
42116
41898
6032
17006
20981
43852
14729
32488
49704
13733
38064
7853
33105
10163
19520
3635
28594
24090
37076
30567
26297
45412
1270
10177
5372
10133
7486
26410
480
4682
5082
40942
23703
22111
24835
11351
13448
4228
41139
3865
8916
43522
11967
13926
49451
18715
28010
37394
20441
33676
35242
23692
3211
3965
8816
28028
34858
43085
47900
22764
46811
19812
39909
37498
1997
21222
44327
4731
10668
44242
44457
41976
46244
1197
33795
23817
37536
373
17425
27761
19795
40
25686
47664
30425
22605
30937
6775
13064
40904
17738
38987
19284
47235
4820
11030
47012
38641
29517
19355
4696
376
32498
25856
2946
9929
46637
3804
18413
17431
15168
16696
32133
32846
384
49085
30560
6380
19602
22895
5072
18679
36315
1734
27432
17735
26850
29897
21407
41783
17152
46853
33730
43642
43673
18823
49329
5903
48329
5007
39449
24765
22518
16029
16391
36025
14855
26150
9815
36222
11869
24692
43346
3201
12599
8023
28005
47485
32550
25932
42671
45902
19691
11022
30817
23242
7055
26540
36228
21845
26596
36059
15091
19780
9471
27001
34249
40972
29006
37031
25950
26569
37473
43245
44378
10251
44534
42882
20973
28923
30392
37672
43990
12980
27315
33216
44946
48309
28182
856
44170
39511
47329
27602
31998
44879
36941
10110
32295
32533
18043
19314
9582
15258
29513
30895
16425
6401
1194
17250
41331
40852
8972
6591
17586
15759
18903
40372
18740
12911
22019
31970
19726
46245
8655
19253
10443
12169
20143
2679
5243
26795
16901
12907
3802
42043
6259
42424
25687
1986
3946
40199
39767
1974
39543
21786
26721
27319
8800
10893
18570
45911
18079
16668
10550
22900
34985
9137
43779
13359
38880
6950
44056
20575
2643
11587
27276
34660
41648
11265
20196
29918
33667
21768
5675
4110
35703
9601
3297
34757
24408
48042
6313
27731
35155
4887
45000
32746
27868
47195
1133
36184
5066
43616
37925
34593
24856
3653
31603
3711
2745
29683
47334
34732
29635
2415
22934
36412
10781
10058
20697
7772
43964
42549
31549
31570
7526
30639
20640
27809
2355
41830
46558
1627
27509
33226
32252
20504
42976
22976
23465
6070
13037
4992
29262
13670
14276
32792
7143
13488
45095
17699
8695
23009
42727
43578
41430
3571
37300
4554
28213
23369
28828
45075
47497
27833
14839
36111
19590
37835
39024
49352
7269
28443
26714
29199
18264
4238
25041
24605
49974
8042
18041
24523
2028
29111
33390
793
40285
23843
37352
42161
13625
13293
18738
19963
48747
33922
17480
18480
9422
26010
453
10952
45796
41444
22154
10877
4030
43846
23919
26901
23650
42914
12862
40351
48623
48409
37441
33681
18440
18210
49853
40428
11819
29013
17889
21181
10335
14255
35682
33338
1482
23186
49906
5473
3422
41131
48315
37568
18343
16794
45309
19818
7795
17265
46982
10549
5729
8293
18983
34666
37323
27908
30253
16846
30601
34537
3133
14851
25166
49951
41236
41979
27793
13437
46485
33218
26663
44468
13720
7737
27892
32805
25399
29007
49536
811
18116
4069
2445
34782
24783
9298
223
37754
26519
43996
25084
31025
43251
25227
27774
16221
31135
47074
9808
20767
38304
27703
33464
24461
9534
21908
4146
45342
20738
47737
16540
4002
15177
29234
24641
11424
37821
39943
10213
20961
38446
12731
25477
23181
35084
4000
43483
13774
34398
49566
18229
18250
16827
30518
40167
3425
86
24537
20179
20879
19616
20606
46064
19811
43159
44296
22711
2866
43270
21572
17579
122
28077
23898
313
34762
23731
14863
43723
13515
28796
5006
30914
24177
35573
24407
47622
43046
4862
46791
29096
42376
13027
29480
28888
23823
20076
2898
26244
17413
33085
21253
524
34360
38372
44366
22094
27632
25091
4816
42728
8105
10833
26866
420
10340
43536
6741
21698
9502
20102
23449
20214
5899
1048
37060
31617
47526
10957
23202
13819
488
25010
33841
6832
43582
33194
46265
791
34784
41541
37719
6736
23886
517
22689
41586
39963
6104
38806
47659
17404
21854
14757
11804
38469
27093
44852
17022
13930
24286
49718
48679
5330
41498
18371
16637
30765
15109
40868
41074
15285
41609
28960
42746
27695
40183
42476
5255
39203
39168
12452
9897
28243
36683
19695
24962
46375
42703
40099
36518
23895
29289
37600
36320
38492
5978
1185
41286
22296
43811
8147
1776
20323
37967
15719
16828
13645
24539
44778
7443
18809
42813
32621
35140
47931
23752
25568
47919
8685
6916
15643
37213
10168
49252
34335
8231
23393
43650
1504
7022
17270
29904
25103
40107
13976
24085
30447
34299
37528
22653
25793
12165
42076
11076
30083
7975
41644
8454
1670
39047
49063
12329
6666
9675
6191
5638
6744
31156
10885
11341
33703
45547
46950
34638
33380
42169
4704
42317
28743
3565
7980
48140
16389
44512
4129
46228
8016
49574
23445
17905
16776
28492
3315
16682
22538
26776
36214
43083
14054
17090
18185
32409
20950
25647
21238
49886
44620
27327
16211
44147
31647
4287
31877
32982
18900
2887
47371
47167
30944
49019
21457
36173
16129
11969
31548
17471
31646
25937
22269
19097
16796
6890
30371
39844
10437
23720
44984
28022
26217
14008
42802
18146
2400
11987
735
25584
27725
48373
30427
17736
47154
2304
12559
32408
41714
19282
21337
21473
27368
17350
38271
33828
47112
9185
49244
41695
42180
2617
4545
32072
37862
35541
24094
39067
49014
1874
1869
40745
47065
32129
45160
20689
41842
8474
20969
28772
7068
34127
44815
23372
13081
14725
28478
32841
49559
3516
10749
8584
49837
2047
12603
35953
40016
17144
42054
20681
19557
28104
33278
5724
33462
42322
8895
16184
17616
32030
35478
32719
11383
16564
7416
22138
2705
12296
44177
32457
2371
38114
16868
15959
37049
32343
21517
18901
18963
46187
18459
28415
21792
29815
7903
37930
49606
37805
5148
35983
13138
8631
6526
8035
45285
34686
39488
34581
10246
31181
45400
28403
8847
47482
26112
28671
40135
44219
37219
5954
7447
13890
27941
4036
1847
19952
32113
10100
48403
25306
7845
22696
28354
6903
27829
23294
40863
4764
123
31299
15869
42465
11241
16717
19045
562
4580
28093
18067
16980
43490
30072
42915
21941
34084
21256
41451
28098
39300
19484
32388
30110
41335
27855
24875
16106
12067
23185
3041
42200
31944
1105
25081
29548
33583
13409
7027
9857
48120
29576
39896
18847
43073
21357
1780
44601
1096
44009
21570
39233
24387
37714
37705
23010
42438
27155
12228
2165
15627
19160
37674
45963
24745
49167
23936
18578
34472
46419
5153
7966
37826
49438
44758
18974
34725
25467
20536
32469
37132
15239
37918
36698
16950
2527
30972
17176
25585
43402
6825
27583
1179
23662
30355
12606
21534
44467
39250
17003
49170
12873
9391
47503
38576
2984
9985
546
30559
15427
23439
34634
27339
47197
38217
21639
47616
15682
32452
27799
47193
25561
26121
19184
111
33459
42428
1533
26336
20483
35469
43752
6289
44430
16218
18430
30350
46439
13234
3786
18912
18780
16002
714
2756
44280
14044
7702
20140
47008
43463
42514
37133
31085
36881
45860
41507
42774
28304
17010
34691
18322
10415
10835
46189
6879
24784
46101
32103
35721
34809
26671
41235
13065
2765
182
17418
28223
22693
37649
4601
23135
15117
1747
4253
28590
32051
15034
21212
18690
17561
49584
47893
8960
49880
3700
4790
31122
29731
17389
1692
13778
23052
11191
29311
24116
33455
39704
23916
25217
44427
38208
6803
42767
17647
44461
18601
10814
231
36168
13643
15221
35482
7061
4950
20881
14239
1720
15199
49627
46781
32468
28510
15016
19289
49642
39717
12150
19919
5916
32416
40416
36237
44078
42948
30169
18109
28858
12721
14047
34942
435
4712
49016
30307
18290
17562
23421
25553
26477
39269
46694
37479
10815
43133
41443
11470
43255
31829
36756
6829
11447
2793
3194
26731
40988
47946
4872
24519
49117
26111
4982
467
39181
520
15776
17473
11279
23563
33660
48538
2975
17660
36442
31879
39130
35003
3042
8252
15854
20298
22070
27309
30776
20332
33311
21141
25271
28276
20502
48160
14603
58
27660
37612
49364
17970
2740
7900
153
11481
6993
21904
41606
21179
19596
6793
14285
23674
19225
9552
15096
48953
33817
13700
37413
9395
28873
26624
26214
10715
12998
24103
45655
19623
16713
21500
45883
21061
37527
29430
23110
30145
27085
29488
45828
18065
49432
30563
37534
5571
37144
33287
40807
25102
37216
47075
44762
40242
5489
22670
43546
23101
5010
43981
25583
18136
16194
24905
44391
5071
27786
37002
22410
37335
39364
16824
21627
4168
41468
41247
3184
2195
27079
44579
2847
37764
34106
37547
22142
29835
17642
38544
43286
38832
12348
28885
2770
9253
28606
22736
16712
43614
28800
17165
41202
35259
23760
9295
14314
10040
11400
32480
5100
25312
12611
47129
2123
12322
41150
11006
29704
3185
48081
2626
6326
48127
33117
47571
16990
39144
1961
26949
10756
49985
19064
40722
498
31432
3722
39050
20293
16502
20816
24141
22920
14927
36852
16383
2483
40947
19127
30363
32361
36364
38428
20555
38151
21965
7196
43388
22359
6386
6593
34210
22496
6356
25310
39132
49600
37457
14079
29375
44797
24795
40234
11919
48884
3684
11925
11116
29219
27004
45637
34640
8176
6681
29677
7130
12494
48815
31538
22135
15263
39377
26703
20135
24992
37920
21681
30375
1955
20718
29898
5161
21358
48857
21537
23427
30247
18286
49997
40178
42517
15638
16599
20391
26381
37494
37837
31796
39903
14296
6637
34079
29447
15161
6742
24688
3146
23627
17793
20584
26713
36635
29413
45837
19193
20315
48064
35923
24196
48116
5699
7284
20357
37556
47450
13918
45044
24395
49670
5645
31315
24998
41779
21470
37726
22402
16443
3917
4278
14224
4301
27608
10096
28303
37572
31309
23418
27777
20131
18782
13511
4827
35769
31733
12207
2922
46658
15391
7244
27164
20781
40778
29485
45643
27879
5234
40610
40538
6809
16964
43216
38571
12692
35518
36838
28679
23927
45361
37603
3
19861
3352
2939
1304
12310
30966
47161
2451
49278
24061
41187
6152
37650
3900
34524
12929
46654
31692
1783
13183
2572
6917
21581
14816
8088
35588
23224
7627
16573
31878
36436
21308
28714
22125
6459
34432
34396
42256
28006
7802
13878
3631
33435
23137
24338
4447
45152
19678
13416
29224
1329
20828
26523
22561
2542
7852
13685
9503
43860
44554
28561
11908
20230
10406
49897
2078
32981
37245
13796
6027
13148
37141
49153
39301
5211
49628
36150
41147
4653
11107
20506
39720
19797
33410
3655
34515
15315
48022
49874
3294
14194
44988
15456
4984
27139
40727
36260
39551
35069
34716
43514
20405
5312
40564
32927
7415
35896
27184
2716
21016
6745
8825
47360
43296
15352
30226
29769
49996
49234
30538
13897
21353
29948
3713
12927
20568
15076
14488
4290
36435
15478
46875
36146
46172
14556
25236
4504
29641
32333
49792
14604
24083
19086
23167
26205
22578
13105
41371
16918
49707
2928
21895
48967
32187
40756
14031
44809
18154
48871
16911
686
25342
37794
43771
43533
37250
48699
47402
46378
29970
23866
1284
11462
28189
40002
12041
33405
11953
48556
12301
8406
39726
17382
45083
35088
32340
26306
24659
31090
19023
13813
39236
14821
45414
46110
45583
16270
32271
25865
20451
49105
39226
28168
46289
8229
20566
20033
46250
49286
961
45259
21206
13054
24358
43359
31192
48478
40882
4229
5353
15056
27712
42334
38355
3415
16843
27975
5542
14755
46835
14141
15949
45509
41544
29723
25940
29861
34402
35840
32665
38465
7559
1233
21790
31526
41924
27177
27531
29538
29743
22775
20756
13867
2449
20799
14960
17075
41993
46340
47504
1402
36950
21075
23433
32368
32181
10928
31106
43818
47492
7912
15736
17601
8727
49403
28775
32216
40670
30881
6938
42157
25192
17667
3776
15402
27666
27218
32434
28657
43987
49740
6583
47031
26971
24480
4702
45120
17803
6395
712
47164
34383
36724
41582
24552
1612
9998
311
1302
33928
28267
22025
7510
27730
25926
19296
1950
37563
19548
44530
30898
37004
32961
15166
25011
800
17716
23218
32558
43087
34751
30493
5905
618
25668
6691
19222
47128
22989
48433
47170
17159
37606
19435
39229
22819
6989
15590
30602
22290
29684
34322
25993
17982
18792
294
12324
9792
44739
48450
35415
22461
37354
11223
26977
27253
30056
10123
20257
43641
28409
44477
18843
922
40340
18634
43190
19494
18739
40385
31212
2405
5626
41649
38620
42698
36402
15973
35083
13016
14464
29410
26995
15416
31838
36227
22847
17448
30537
15847
20324
1966
30150
32192
17151
1497
44318
34045
12475
48191
11604
12958
36254
45708
37679
26859
15678
26677
10211
47091
11057
31772
442
46842
25414
5363
17290
10174
24038
21847
25718
24629
45245
20726
45838
5224
24222
30088
35467
44302
3188
23931
45967
7750
29504
39733
43892
27918
38579
24017
11547
7220
27752
4020
27083
35013
17256
34926
12319
26879
3183
40415
22415
32757
14869
26752
22054
37299
185
25240
10332
42098
14070
47224
19353
31325
1522
20938
34862
2619
47158
37519
8984
31604
8858
17046
37666
15403
21666
41110
48012
20886
20024
10662
36447
9251
46945
42578
14644
42120
35778
18534
5889
49937
12641
32963
18656
36893
12565
39600
29697
36272
38029
11643
48942
32454
31459
7647
22228
30599
43939
45004
16986
46451
36451
35979
32350
3004
4346
39919
10150
3839
29722
45506
17944
3906
28395
20656
17439
41516
40049
39221
2250
4628
37142
28790
34953
10667
32302
32764
24425
14826
33476
11931
8508
33447
13452
44513
36848
22867
35910
44121
34453
2177
4956
22977
20601
47997
42745
34738
21226
23684
10411
18762
45340
16138
851
25106
31589
38922
49266
47324
46855
15727
47745
20240
959
6179
34860
37052
1809
48472
33125
22840
2652
44520
30539
48663
31148
27694
13800
2903
41812
42198
29681
18527
16666
29748
19982
37940
24223
12794
38405
19379
32244
15407
38655
38538
8078
7983
21121
32966
26173
45935
31255
25404
46312
24441
40094
26910
3076
34734
13805
22031
47636
44724
17749
32134
25108
35832
3615
9145
20468
26052
18502
11726
27370
29515
38260
43766
16324
48306
48650
23151
28469
33976
13936
20138
36718
43716
10764
24674
2162
1446
15633
24213
17259
34436
12758
16021
8467
45556
4852
2447
11152
8068
19857
21662
3910
39345
6622
10972
40752
6881
49146
30992
38644
18239
37490
14928
22869
34548
26648
449
39063
11673
26031
47988
32917
36519
24032
10938
33892
10331
35204
6162
32170
10757
44434
36312
5360
23753
27321
23428
7741
28848
33808
49090
44323
29940
27448
23995
33576
46156
14427
7762
34027
46401
14578
26711
17489
36621
14673
25907
39310
13923
17273
16654
43862
43132
11260
11084
45274
13346
30376
3304
12427
1274
437
12729
6876
32400
21325
49199
11731
4669
468
28632
396
40265
40458
16690
6772
17074
12281
47561
45338
17087
22567
3061
5672
41803
25595
16723
47133
28856
17210
9647
28525
40062
31576
1623
6430
6838
2953
33037
31506
12064
40085
45814
38188
15332
32534
14251
16715
1172
10341
3169
12201
15237
14740
23022
41410
8222
7402
12562
13731
25175
31038
42892
17618
2124
36344
23455
30750
18385
17370
16900
20867
44639
18720
34495
6556
19164
19668
12423
19055
14279
21571
9842
29886
33
12089
24071
15481
746
31882
17813
26374
18345
24501
31953
20158
20209
46105
41624
46145
549
47590
19784
32810
15066
27153
44780
28254
14483
4710
35519
24431
16381
8860
24740
34769
2907
16778
42721
25602
21422
23536
46505
910
7805
48188
42701
36448
27641
37627
37895
26661
42477
39819
13707
12891
46224
3629
45523
35269
15336
32054
1519
23245
14959
13380
44723
45496
49651
43947
16467
18071
35770
24950
24837
46021
27090
33770
24553
9233
28341
41726
46953
16514
22817
44313
19763
33121
6262
34553
20322
3295
1861
28975
39429
23220
40064
18338
10585
21878
36481
5049
23976
47773
34588
13043
39934
29813
38375
16419
33088
12799
20153
794
3378
26162
44265
39192
10438
12925
38031
6297
20832
28218
47863
9666
12699
15436
44351
45524
43306
5438
41439
38061
26822
8368
39584
49297
36961
6844
27202
30729
4432
11372
24775
28811
1672
18765
32891
10951
11857
44024
30057
38795
27363
17954
36915
8817
15187
9308
21992
45359
19151
18651
49194
24999
30510
23182
4
40582
36962
1821
20283
14897
21863
40226
7069
7781
43310
39708
18683
31725
4917
7965
25171
47777
40421
27160
3163
30468
43222
32956
5870
32773
1808
22242
3054
30541
29040
24661
14527
11519
22155
18059
29732
6912
8875
23864
27233
32781
5780
20413
43308
32798
43784
29069
12625
13938
46729
15908
25115
27338
3371
7619
40359
45294
4798
5745
49855
48570
11059
27470
7340
8691
28236
2503
42129
45468
6642
39662
47567
44829
12747
16503
17140
2453
44063
12579
31285
8198
28694
11894
18190
43933
38152
7537
20195
7586
6354
11510
14749
19922
49288
31007
48233
31762
47477
41824
22298
5383
25155
29021
9282
36052
45559
33086
8041
30100
6795
41295
41132
13128
9180
17869
33720
17852
19280
24893
1075
26294
46821
34266
25243
14429
42440
4091
37220
39847
23638
48425
14207
36840
21026
14313
3869
34447
20432
33918
21399
29194
7921
6640
16705
16110
15712
3025
4946
188
37716
7730
49836
7414
38099
41874
43121
13098
20401
31147
30067
9781
29954
19176
22114
45272
41659
37356
36117
25791
5362
24660
47366
16784
24316
35895
42794
30437
36393
8520
41752
40758
18756
8260
32500
41618
23152
2749
48336
19116
10369
10274
34536
13301
4592
8568
28605
49000
47004
44059
31280
46859
49517
9956
36989
5515
15235
49130
8701
26161
22721
22790
2798
26853
29277
41064
18227
25470
3134
827
11968
14496
44228
34833
20834
22157
16116
49283
39103
14120
33741
46566
47739
17731
20015
48785
10723
2950
34766
32422
7180
3015
7829
16742
37398
42659
31908
13690
16162
14906
42004
20762
46996
45697
31466
22455
26728
26639
32370
18960
39185
37910
41526
7747
46849
24122
34709
10423
13077
28801
5519
37426
12492
13997
27121
3884
23590
17060
31330
17507
48475
27779
15508
49410
36467
22681
18019
27527
17052
42968
12304
41382
12233
38184
48393
16930
33399
28015
35149
26631
37513
5396
43148
41457
46896
18749
32593
44118
32040
26285
11939
43095
5714
28519
47812
30838
37791
20386
42577
40792
39441
25333
31670
25341
19368
9080
34381
401
7826
48588
28359
21866
28701
31256
19920
42977
7201
16857
20864
6311
42258
27285
2895
21442
27453
8690
48114
12931
6344
48211
37632
33889
15
40926
3663
885
35604
13156
5378
46632
28289
33045
49828
47666
30428
11980
8125
18398
3268
26740
45153
16651
7752
20397
48086
11912
46442
41431
35725
30266
48658
40948
21324
29404
20218
25201
26445
19853
6154
13034
21938
14446
21942
4414
7251
32822
30315
33967
17834
34347
49949
4318
34611
30555
42708
48103
10741
2296
44890
14620
30454
6973
45007
44160
31963
38742
21000
14068
38583
49686
43923
15933
7613
20989
42654
32246
4190
34012
31939
27331
47431
42679
18514
6818
38053
46432
19453
8333
18790
6578
40728
7432
17792
29703
23430
40306
25557
3960
18752
4936
43322
41592
4416
48735
40008
11799
32904
42231
20789
6290
37251
11918
44397
49598
30216
39593
1849
26265
27194
38944
22815
6656
16188
2062
32618
26009
28271
20841
13604
8557
35046
9333
34489
49383
14699
21811
35126
26885
16899
47058
25398
29850
21948
29099
19308
19997
32646
24975
19251
44288
42052
27634
4080
25756
46258
42295
14623
21363
10034
46780
30301
11959
34720
15760
21935
27747
23891
19423
42516
17453
1948
7565
21914
42173
36134
