11530
17059
38649
15281
31729
31501
29779
4244
2042
46412
32998
17701
23439
46383
16254
42267
48775
41586
37916
39260
13698
17704
24676
33738
7730
41664
21199
28833
41375
49485
20009
2523
19718
13800
40800
47894
2678
38763
18287
4489
35392
27717
3110
2457
33019
16813
10418
8985
4538
37018
23979
8521
6582
19772
15066
33470
25634
10577
40315
46838
25255
3760
38789
26099
39537
25599
1319
36341
39841
35969
10498
3437
13
23973
24214
48447
34911
49675
2378
46452
4455
30250
1320
10235
25843
46700
11568
2748
29713
20497
5203
35492
49215
11308
48021
38552
27295
49899
28689
9070
6003
985
30062
12938
44277
39499
3045
8447
37593
16868
24801
30465
30510
15766
49978
32892
22292
37324
25155
2244
15473
23893
13969
5818
20025
11316
25456
5179
22507
4145
18312
36847
33242
42326
45984
38235
37064
37865
33393
12568
49758
46910
41844
82
1121
34611
27245
21356
43795
5142
33127
47702
44917
30646
32222
34979
4775
25718
48800
47808
21823
3757
48399
22201
25303
43440
33884
34444
8375
1308
6661
49771
48246
11373
44916
2472
21071
47859
5463
49812
32241
48662
10704
1041
27250
32252
9488
22018
41703
45193
6431
39783
18038
19782
3455
15205
45279
41511
5194
8113
2934
15721
40815
48124
10672
32394
7205
100
45813
22509
3879
5841
44375
31825
37803
30294
28840
10108
27201
2938
37292
15044
16048
35407
30112
30139
7394
11425
48065
6031
40040
2088
20148
32851
39421
20226
18300
49610
37913
6405
5898
18515
20886
1158
44235
11937
1475
5382
34377
33681
5556
19228
43616
46777
28508
6206
2314
36373
21932
25805
48057
21422
26979
32425
5721
49336
15261
35222
27343
2373
25870
7922
9900
8041
10404
17843
7189
26367
25677
17547
31129
14776
39562
42195
32473
21805
43065
40940
44857
38871
267
5832
4064
5188
36869
10194
15252
44881
4686
35006
44046
24482
25127
25256
11471
2922
15006
1116
39817
38326
47173
38724
7101
29060
18338
12337
8836
18889
8659
23922
36452
14036
22073
28043
81
16170
41456
39966
19654
22273
17743
36204
33689
19930
21215
25939
25426
30276
15518
29002
30825
15905
7411
20925
9680
21256
4304
5885
21773
44275
42346
14670
30311
6359
38666
34250
28351
17965
30707
45142
9273
12184
30322
39460
16376
1493
36859
333
22030
32047
1315
11244
12089
29460
17720
13625
8164
24350
17049
24047
8995
39383
17728
31597
45726
45654
6730
25993
24663
36317
31673
12765
1678
48899
46401
41214
48714
20752
17507
6245
38679
21140
31573
21107
21426
20668
37342
39169
27497
16367
11872
38112
7453
24479
24783
32186
10161
46691
16000
12211
46564
26098
37113
37977
13638
14256
37219
40698
24701
12264
29067
1941
42949
40278
17318
41404
35725
47753
6961
19208
6969
8214
11462
7405
35238
43710
14982
6005
3039
15544
41263
33298
611
15619
44771
4233
8256
28973
4232
11608
16912
21611
14562
20639
36793
149
37311
22673
19648
45477
33325
28460
48157
9359
31206
26788
18975
1991
5228
36588
13381
27612
1344
44322
30939
13017
2738
34181
27884
42807
4906
21949
47474
1918
19135
14231
31670
26647
24314
20418
42808
4052
20574
45893
15497
26663
19668
7581
40217
28697
49969
31719
48089
17136
48184
34653
976
33879
18747
20665
39600
48439
36403
28128
43119
31242
35120
3288
33180
1372
36919
26115
841
14807
17169
2575
14793
37557
26778
27095
49349
38485
34244
15843
14433
20936
46851
45199
44067
36308
39043
23382
43236
1989
39983
30982
41827
9132
28901
41121
8625
22444
35251
6831
978
9250
16839
34253
37269
6554
40021
31010
36272
27356
21016
23878
29216
18354
3313
15027
10996
17110
28233
29037
49076
24785
46343
47912
40924
23929
44898
20004
37418
22877
43345
46213
43527
33648
28781
7538
11856
26776
21613
20506
11122
45907
34098
39242
35020
2513
26052
34746
7576
17581
35130
45993
22396
10753
31141
35289
13270
38096
27363
22168
36185
22853
3810
32669
26166
691
32012
15158
21124
22060
39671
12332
6071
47266
37379
28539
37518
48449
38468
1758
30966
41639
18313
5323
13644
31812
35444
3992
38251
36867
23335
25464
22865
20183
4464
37969
34218
32969
15457
32385
28696
4987
46148
33586
37578
3156
16824
39500
35903
23276
4848
46614
30973
45426
20023
48583
19973
47055
13796
36380
47172
45243
295
23092
8247
34855
29319
24428
44476
1733
26637
19116
39494
34761
42491
13194
45697
2027
25289
28306
6187
9647
61
29372
35783
32332
20378
42522
15652
9000
48347
15190
4790
33809
8547
1058
39449
25463
40626
2946
13897
30229
2040
47361
46724
32540
24943
5078
30785
39211
15929
22215
43525
42512
34843
24390
43794
49527
23568
8476
24424
49715
27019
21958
44200
36799
30068
10334
43773
19428
37112
34188
34316
2488
49048
5034
42116
42917
25333
15717
32032
20363
41729
23656
26058
12558
48378
21776
31061
13787
5064
42399
17177
46222
32215
26358
43621
8192
21610
3701
38927
34576
30733
11140
49154
43384
47975
35421
6788
21272
41836
19355
22855
6945
48649
40597
36909
1529
36584
41133
43533
47043
33492
27698
1578
43945
32699
3721
9062
13848
16767
9958
1843
41497
41458
11862
11871
44338
21730
35480
29536
20314
25524
28724
47359
14323
13938
23230
8696
4889
3458
39754
23811
4863
43749
15484
46211
17474
19895
18912
24400
43300
35482
12612
47008
46729
37929
22036
28058
45323
45046
15669
29335
26805
42585
22400
6484
40982
15225
25555
7422
44627
28385
31454
22579
27902
3066
22365
18967
31445
12063
15319
28974
16472
26288
17434
33776
26568
39293
48280
2656
5031
41791
3813
1695
40333
7439
7338
3631
13102
34298
40935
13238
35473
31059
47984
40461
12561
11146
36145
13772
13117
3104
6124
21594
8832
7510
35913
14087
5474
30704
39174
16666
36845
45751
28200
2781
37886
3667
8268
16578
19345
34438
40303
2443
16690
11455
3852
21844
48143
33767
13184
13237
38097
22985
25960
8066
4039
20270
29348
30039
5165
27770
18424
31846
42002
47793
6004
6376
14538
5683
24419
34954
12505
24657
26534
10737
27313
2327
39143
10261
31752
29136
25680
25856
6288
27923
25218
45838
43163
9120
5184
25642
3894
27258
14844
40560
34495
35051
31498
14860
39333
19293
7133
49108
9323
43854
12898
13402
18691
46571
29870
8738
36577
1628
14279
33409
15196
22450
25428
18184
22290
8289
14721
49842
34190
12985
30355
6036
32820
16819
4262
4430
12855
38448
22806
5061
42185
8551
35225
26201
24906
18712
7112
21314
43021
44355
27694
15792
17674
9150
34177
24517
49942
21496
41544
35395
22248
33251
11823
33098
5984
16383
26527
16172
29587
31649
143
18677
27867
11346
4980
41356
15032
26793
39755
28876
33335
11668
25761
18813
29520
18325
14241
4313
3651
38958
6627
15316
33154
47893
49739
41000
40673
38950
49269
16042
16999
30700
1795
4127
10764
33430
12485
9208
940
8866
38301
23192
6854
13666
26001
7763
34029
27272
45853
24613
48532
49738
33831
19093
17852
7105
31799
7345
6660
32713
13713
30282
38206
19156
49616
34091
31420
14766
36187
20394
22979
26455
39914
3805
27604
43518
46065
41810
44972
48717
8024
20214
34255
1545
916
8386
29264
47692
15708
41962
14380
37125
44347
32081
49888
17521
16411
31748
26747
46963
32435
24043
48716
1159
2507
1356
12756
3951
3350
22646
17958
11899
15961
15789
24309
28229
39796
28485
36473
45831
11766
34068
5143
6419
33601
41733
13915
6647
17392
48272
13926
20376
33687
7863
7376
34235
34852
17
41815
43151
24470
19199
22383
6638
42420
35418
45689
2711
23118
9767
43073
13609
44811
2958
21416
19547
15988
45983
42221
10612
17067
40433
4462
35798
26965
38283
34711
25998
43278
16717
30992
7525
37291
26586
41760
41874
30999
16323
18854
34506
2124
44646
17857
8886
5568
43757
40779
28984
16903
12050
43019
27945
21091
6947
39246
22942
3323
29362
9045
15284
36120
22530
22085
39424
48317
36931
15926
28361
5897
8333
21903
2055
45582
20375
5547
17542
16642
12923
30302
23367
30178
13379
12670
3829
25880
12691
31052
39075
44796
10604
16159
47534
18983
32254
8572
6769
27917
32948
33292
32403
18845
36670
36158
41156
37550
25032
28084
24469
10133
1215
22604
33419
2089
40086
20204
10541
40248
24623
26050
37971
7005
28995
39980
10460
48434
15689
34912
49530
47245
30852
6841
3212
49081
12140
21360
45808
32181
45952
43409
40642
45163
30508
39501
37663
3020
44323
42581
29674
32817
47907
17858
22259
26846
27165
21159
4408
13108
16701
17473
24221
5780
39064
32092
24871
12424
43249
34665
35033
3430
31813
28277
15453
24540
49820
39919
47687
8181
27686
39144
27138
30299
36275
7920
39718
26158
12958
746
13869
16614
23042
18805
13810
44036
18134
46416
11792
38711
25779
15504
7107
8205
36026
47909
45902
14118
18370
13021
26086
608
12797
3238
47978
37688
14801
43504
2460
19764
31896
23346
49597
24614
38436
26506
22790
13794
47787
33381
7076
30987
15105
41079
19774
27082
16833
13532
5296
23619
9571
28389
12199
1839
5356
6320
18639
23014
36934
35530
22188
13518
26042
14917
5409
33418
33770
18823
5576
22357
25591
22242
13229
48046
38554
47335
21189
36493
12510
21174
35273
44671
25717
9211
37449
44109
37637
42379
40104
47410
1175
46033
38011
20748
25532
3218
9832
29531
1727
42183
9125
41534
35905
12431
34829
35416
3467
44026
32189
2617
15631
4086
11104
5373
37089
46885
3044
27027
16977
22226
20503
30867
17832
47275
13709
47573
36338
29214
39000
15194
31807
6707
24714
46758
31640
15246
12241
9658
41524
4832
34213
46517
43934
9827
43301
10177
42637
17659
48278
14447
8379
36151
43737
22371
14160
21379
36779
25379
42985
11243
7971
5738
13545
42588
8131
8489
3368
44816
30724
19816
22114
3524
35679
20275
32758
33366
44903
17215
34107
35179
38271
48755
7275
22485
18921
42742
1558
11602
38663
36967
13066
23997
739
43087
29283
41102
29898
27939
816
29422
49013
12158
37679
24961
31865
6516
807
13831
16691
39820
3377
7848
21744
38611
35863
32148
42694
21187
36355
18792
37396
47833
16276
2708
16349
11627
18430
36082
12723
11931
9751
46361
16407
30202
37633
31504
22310
2235
46392
6678
46858
38389
46390
16232
1341
40380
30031
24876
34449
12009
26867
31113
5085
9041
6900
30603
22758
2823
20406
42284
14524
24293
28140
11676
17009
35081
43329
20211
22244
14227
46565
40634
48489
33799
14740
42232
20430
44264
13954
39680
21119
42085
7551
19139
14352
39098
26593
39327
24379
9772
21847
49208
42882
28944
18481
43197
19113
32518
21108
5321
29813
20970
32564
22343
14344
21966
4453
2275
33596
18447
22753
18204
3159
569
16515
34836
3340
30680
15188
3485
48406
7845
6725
49682
8542
22389
21588
44866
47867
43457
27957
24494
28659
30274
29375
28895
5876
42214
26674
17532
9180
36456
39730
31265
34202
4560
38567
28480
29943
9402
37490
42573
4357
7432
11559
42561
23812
43739
32203
31591
42279
28302
6139
37130
37261
47241
15560
35286
14545
17583
43028
40479
17785
44932
46015
18999
17624
331
32555
5386
36533
3401
40899
3328
30241
47818
46385
26065
49860
30406
29356
31585
45484
49987
42361
35661
42515
45572
16546
48732
45849
49894
48540
27289
31116
37171
12530
9524
28162
24307
16356
7966
41653
28807
23956
33675
4392
5298
8038
42165
20522
26235
49552
35532
43470
26498
11527
15953
48327
17512
26229
191
15109
2537
39774
4786
28439
42562
20097
10833
49077
46966
38518
12122
3464
27670
14228
37991
37391
7505
3693
25344
5655
7634
14804
43264
31138
3047
11751
6777
2224
41528
2379
27962
17179
250
27908
28835
45619
18563
21029
28649
44090
18053
26630
49305
22174
41663
22419
27311
3037
16056
4735
20646
34944
36345
7482
32366
24751
33634
6544
40833
22662
13362
30878
4035
49882
19958
8669
27122
24930
49479
46131
44515
13507
44205
38845
41477
35884
36139
41706
26233
47276
40682
22989
15336
19457
4733
11731
37499
32532
45563
48047
3282
26123
38930
12981
2164
4435
18892
27915
10309
6818
19889
31715
18694
34294
44506
44196
4707
46768
25535
38152
42918
42847
14300
4185
17109
22586
36388
19358
8833
13143
45244
46161
8555
11963
33695
24732
13716
379
11189
46463
8924
21520
36965
16817
36848
21696
5613
27371
45025
33494
5846
17637
16686
31437
39484
28900
28777
9725
13559
17126
12983
15947
4672
33177
6844
23402
44927
9081
18103
43778
5557
9691
918
49754
18843
8657
11949
45626
12848
6782
48811
16736
44603
44956
37395
35650
26653
16506
23128
10312
19155
4032
12488
41921
12954
11796
27748
31106
12019
23628
13198
25440
40076
31380
17202
47771
22889
18834
31613
5338
49531
36657
25380
42749
34547
43232
44643
7919
33934
43911
39859
41776
24954
39941
19720
33191
31887
25028
12444
37407
46159
49407
14012
13030
2436
15304
38664
29931
39506
10599
20888
42264
37457
32900
26368
18363
32961
18781
7842
48058
1900
29118
44048
49041
4332
8182
49093
18800
37092
23838
15808
44296
33950
9585
18359
15555
35669
36878
14041
47624
30716
29640
21938
9364
15469
36516
36755
22089
25063
11319
4141
12850
33786
22013
32805
8177
23890
32861
22445
36083
13318
11264
4563
48527
7861
43822
25180
11007
22953
37909
48391
47123
31183
12342
37872
21374
35591
2683
14327
47518
26715
28806
18453
40492
20679
25875
28021
30994
11009
20591
27050
16747
6183
30107
21704
25948
7234
24677
49463
7651
47763
9068
15633
25547
14797
19193
37282
17550
17226
26064
8454
33489
28287
46464
12636
42696
17899
42120
31971
10294
14308
34727
3579
19220
7187
7707
21349
20990
29068
13112
22535
3737
42714
28952
18920
12776
41409
16638
6632
31431
1387
19049
40034
14508
23745
43017
31919
49492
1229
39116
5717
556
2179
42554
32697
1567
27763
5603
19851
20102
7072
47416
8046
41607
42563
42094
43842
4600
48943
40886
36239
44680
49354
21601
1236
47093
5771
14634
10492
48346
5656
27058
47723
12190
31371
44291
21297
21343
49500
30236
37842
13196
20850
21117
13497
23413
13950
22208
33099
21816
15778
8051
9482
49962
21597
37367
43407
23673
40497
22658
23349
9859
33166
17145
47114
46952
47558
9006
42672
16936
49586
359
26353
7209
8926
46207
73
25901
37439
43177
32723
29479
38441
38417
1148
15587
17560
6982
34468
40253
15326
27034
7641
39302
11558
49749
19943
45246
46408
6913
11282
35609
34412
37365
49191
39689
47443
36175
22725
2651
7534
37004
19310
27971
14109
27845
23706
8651
9358
31460
27776
40087
37467
13241
23169
23339
49339
14578
38785
18119
47932
23052
19498
15626
25696
39030
14360
13983
11337
20075
28662
27156
6096
13350
14106
49069
40780
44465
14886
45956
37304
38396
15705
8176
15191
33274
19760
35119
35729
12634
48687
15245
14400
38369
28325
15836
30503
254
24180
36352
14233
3427
27203
4675
22515
12774
23934
13797
3389
23302
4927
43354
1225
19073
2399
29022
20664
7915
23007
16715
40668
43439
14930
42473
20635
38247
35713
7356
35576
25362
28641
782
9080
42198
41327
49044
9527
43712
23728
38034
28023
30419
38653
3226
12825
44775
1610
31525
28124
2677
1449
28854
49279
37398
15644
10230
10302
13705
3181
28322
4856
33391
40360
19785
44262
10144
42471
41547
47077
35385
6293
11874
33915
28521
44599
34849
42159
29059
38527
10300
41847
10041
31200
6019
48819
6587
22385
22891
16876
31346
44987
6654
37482
33018
17149
26643
36913
811
1504
45012
21656
32626
31490
20740
18777
14851
5181
33827
27384
11737
1657
32804
44108
2826
30247
7583
41461
44498
5470
39353
19595
1534
23186
21781
7469
38507
3108
41788
19237
12226
29377
24426
20836
42959
2118
30212
48435
16328
42199
6239
8998
17856
45602
44225
47180
15060
14769
9382
49411
37474
34337
20474
48704
1754
18979
9688
2883
39005
18736
37595
10574
38626
45518
10581
28354
886
15693
19078
454
49518
20328
14100
6461
33212
24835
22892
2006
358
29748
28861
45182
4106
27068
39074
26019
15695
20844
23511
42331
49273
45443
23143
1653
30417
2985
49674
26156
39478
45674
8631
20400
7794
13844
45986
45048
34566
45888
38294
25823
43033
41084
11812
47651
920
19779
36707
22821
2641
47015
36265
10643
8037
5499
29007
39981
43997
5711
4325
46114
33630
27470
11435
48971
42891
30426
3023
32068
9332
11300
35592
25215
44448
33192
29940
46174
45133
6790
2680
4217
45846
33310
5063
1453
41055
15627
47869
1353
23444
20796
12025
17326
28349
6424
30259
24270
44358
36675
22742
49408
25976
2033
36323
44712
21905
3972
19000
39988
10942
3481
23423
25326
19086
19934
34340
39722
46481
6451
8329
11580
7059
20425
7936
26084
20494
38808
3024
35780
28197
27234
11557
17867
46369
41821
32360
2582
38826
1031
41968
8949
13539
42453
17043
42715
8630
29146
14459
39880
35653
35419
27570
30057
8582
42816
32337
19735
48661
25576
27257
42533
4896
9602
14795
31960
26592
9988
2238
42297
18096
14249
33543
38309
7742
27002
42238
45681
26060
40766
26937
34889
49324
10605
36604
2340
48395
3968
32341
35945
20563
8584
6113
20622
8230
41813
12921
5571
30233
20157
48709
29733
11514
42780
32943
16513
29393
1772
9934
4342
48636
49976
10276
47729
40390
30495
794
41535
16190
1702
5527
12152
48985
42283
4739
10866
11129
2290
3673
30746
11015
40012
10475
29771
46559
39206
37071
22374
14188
49512
39289
49123
48273
43244
16368
48110
15093
28470
27183
15037
16206
20989
34121
13890
10670
29770
7025
39418
13129
30823
4824
16670
33881
13482
32685
9203
28320
4903
18608
3799
12156
5387
16943
23470
13044
27057
5708
14091
1885
10717
44556
18738
38540
24070
8277
49257
28138
30435
47806
688
21688
44732
35588
41784
45947
18660
43280
38892
15321
3697
2597
37049
3240
13616
31696
35867
7617
1859
25396
14277
34079
18742
17130
7498
41863
39337
18222
7437
47856
21323
26322
2760
44080
42066
12824
31462
28281
16083
27969
42537
17388
46433
14989
10450
11561
27124
49867
16827
44606
44209
30917
48920
23002
34581
30326
3445
4909
21661
35154
18882
17684
39930
44836
49604
49787
4289
20663
15162
3141
46813
6772
49464
12580
49908
31392
26500
9731
6529
44873
23267
38714
23300
39248
41516
45571
43847
29013
47354
3374
20123
35559
27860
2909
18936
19582
7369
23690
18135
42755
1573
31476
44401
19147
10436
40849
28276
43302
12928
48782
15550
7817
43404
27219
14345
38087
44895
36790
13478
15147
31542
16938
12077
7459
45637
30211
45973
14654
13268
35935
47560
16613
12757
12803
3394
21529
31628
29194
2773
15500
6995
21970
19334
38873
41783
8851
24096
21871
14113
27750
20652
38330
7038
10417
20507
6802
12065
47962
45204
27268
8462
27575
17859
21728
3417
21943
13779
3884
36885
31831
3235
47730
34172
35250
18714
45130
13633
12851
40687
34318
19450
32317
46978
695
15177
30972
31997
22601
23123
31947
33067
39495
47101
3398
29903
28908
9002
27996
27937
38109
4416
30490
22105
10072
12172
626
3919
19274
21631
46282
25664
309
19762
31520
47849
10553
12969
32656
2969
5041
36636
8467
22504
47062
18394
22280
28373
9266
12703
36500
29989
30017
40077
21045
13562
39729
1682
24242
14571
47085
45937
25932
25485
48491
1990
13552
10249
18034
39392
31592
7847
48218
45051
22264
35585
36642
16915
4537
49317
18656
10014
44420
25095
78
30113
12169
4178
46863
30040
34148
18109
33607
13019
30334
42850
31502
35324
17452
26208
27746
25909
22161
35331
1087
21218
27353
15578
28784
47748
6659
32736
48209
30781
39716
19725
5912
7808
16820
44920
2168
39013
8048
45698
8432
3869
46414
11534
36699
28939
16921
1960
26587
46634
5647
11222
28432
26750
49228
18044
44802
19096
1690
40741
32882
37978
11748
17401
35851
30108
17338
44585
43104
13930
14692
30697
45268
7491
33552
45375
6750
40370
19519
21961
13501
5842
15678
6687
15057
5911
13980
24342
38145
13808
23603
24652
9878
5602
37800
40893
7825
6371
24142
48767
17814
11083
29349
8155
46703
2950
37782
346
47991
5581
3522
49287
7004
45315
41340
35617
32751
662
44352
10842
36167
49523
28490
31638
15726
35467
43572
46399
2292
23310
36830
41138
44186
16758
29092
10514
47701
22875
22250
17279
43217
43684
12563
25128
7703
5619
36212
35043
49893
24620
43761
5816
27188
34722
22804
45187
48983
4976
38562
8712
15211
17613
38758
12382
28685
40089
5164
23894
32880
46242
31662
3668
19084
21285
43682
26363
9061
3970
31726
36937
43260
6951
2962
20360
6498
40650
21411
8775
12326
39965
26440
32993
4663
41638
11678
38878
21612
16444
421
2727
19733
24112
3929
49504
4763
33700
16928
44203
39675
43004
7037
41797
22
23251
3083
31538
25498
6584
37155
1718
18366
17183
20288
18124
35801
10052
49144
29551
4171
41457
37896
31014
22204
26691
16633
8559
16106
23561
787
31537
21922
37792
12549
5225
32971
32646
34106
9225
46345
49426
49732
5497
18294
639
42363
12912
19273
9234
34965
20274
4309
8079
21358
38203
46418
48512
215
27975
27756
2114
48590
35352
2178
39195
46919
20068
23127
45789
1942
16316
13734
435
14951
12041
22132
48734
395
7300
14628
34327
49691
27520
42436
19485
27054
21668
45374
27079
27864
35909
44065
26005
37329
13160
12412
48030
16240
17772
15222
14006
43707
47712
10079
35947
47786
6866
20730
31844
46398
27743
27920
22020
27868
44133
32224
16688
25560
42049
1191
28471
20840
32048
46023
26255
46524
46202
14402
19365
1762
49201
42034
20824
39799
42574
15576
24988
31623
28150
43695
23551
30926
28786
462
32454
12968
43686
6562
48062
38404
47539
12700
10042
30545
42901
18446
13075
40176
14326
17683
43777
13852
24077
428
10569
40317
36264
15275
11356
48839
28958
25583
48136
17768
24643
10182
27075
31921
27639
5407
31073
34731
5133
27976
34277
41581
27167
46494
11958
3898
861
10500
9802
140
26876
43311
2100
4072
24891
1485
41552
9968
30734
5669
11875
6290
4570
46716
10968
13975
31519
13424
23345
22732
41870
8010
22220
10434
5626
609
23592
13833
45141
15249
47489
26700
36143
33523
16623
11478
36950
29081
33517
15894
23586
19562
12392
10164
38592
22109
49107
40354
19878
11381
15971
10681
23160
39798
18879
2495
3042
30641
29608
34799
549
15837
40594
23767
38523
44394
32677
45687
4297
36749
5725
25608
42074
2847
9507
33043
9709
42230
41611
44135
9242
10321
16221
15997
26059
2342
35663
35569
48959
4466
22289
21647
28106
19175
4776
9668
38761
48977
33062
34785
21105
10636
42030
9962
38297
48207
37315
40537
30530
172
39257
13798
45169
21156
24492
45871
28731
49665
14931
15267
24164
46595
11286
6752
31935
22961
14423
9349
24955
8030
16297
19813
2945
44736
34465
44047
5
6512
47574
23967
35191
23479
36079
6778
883
36724
39596
47524
3980
16485
12380
2637
16460
10078
23094
49189
34010
5340
22363
9366
1953
25049
24207
35249
8196
30778
13258
43953
40254
19478
29273
20603
7601
31227
25839
24209
49489
1712
49087
46549
17255
26943
24521
17378
4577
3491
6428
42940
25543
8469
26105
30581
31866
30046
46632
20255
13430
4373
1709
35321
30891
41394
14940
23031
23381
41399
12351
28792
4385
12540
15461
31534
4417
47448
35305
44480
49756
44295
30791
44246
40126
8354
34049
45406
17180
14517
36612
15645
3664
39315
2503
20402
41621
22494
37051
42599
35474
23071
20816
4114
8660
2074
48425
13978
23689
38399
39894
16539
13431
4327
47717
37590
10414
16784
24860
18700
7963
24908
25849
20370
43535
30816
43127
10802
16624
425
20935
11807
882
8352
36427
19506
45671
10755
16110
856
48169
12621
40298
27926
30784
17759
24618
4192
4770
5762
28112
11656
35839
17526
38852
6223
19081
42311
37737
1789
7398
28230
23909
30284
13811
22409
26139
47078
5537
31558
10000
40135
29750
3434
3015
38526
30047
20592
45369
21208
16439
13104
19007
13974
27215
13293
20700
12207
35846
43793
23793
10778
46786
10894
5290
33967
20452
2890
11626
5939
43453
19023
49571
3059
27972
38582
24003
7177
7174
30820
8719
21860
31209
17153
47353
33522
30924
6442
39740
44553
29761
18058
47934
33943
14754
7114
46989
28224
32027
30251
1986
19149
6834
49214
5293
42999
14765
33345
31198
36855
31261
43323
36423
39271
35894
16556
39016
39719
25189
18054
41966
24333
34925
45468
47246
40654
23692
47385
11225
46781
34170
11698
49473
1343
3529
7370
8057
43035
20969
31046
32318
41033
15874
23538
10560
15665
34784
37776
28060
18329
19906
32250
25279
41974
40302
21438
23707
46012
32950
15018
45300
29100
24685
20545
9858
1590
36910
26015
30507
48498
38929
40991
15822
21799
17468
8923
14741
10024
30853
49276
39518
17497
45459
32
5130
18122
9479
27585
6542
3531
3196
27825
8140
41749
14895
45989
47380
18535
16247
40173
40832
38091
47069
1062
37773
7375
43804
14048
18165
1524
19102
24257
42837
44101
48756
41080
9935
36828
7183
10671
43856
40549
3583
39028
37347
187
6471
45150
43483
45134
26588
25165
44710
39779
37387
44136
47026
29365
35724
31468
14537
23391
28739
14544
7184
17190
46219
30054
31403
49253
10323
7233
27855
23216
49194
30519
34874
4793
25337
40112
2527
9395
3844
2865
33986
20296
30422
13210
43599
45
29740
7425
5435
36572
46904
16466
7746
12421
4741
7244
12976
13354
836
583
47105
28602
8042
1206
43581
313
32096
45917
14473
21948
7859
27811
48973
25769
30458
46665
32306
17625
41993
27526
28605
4478
14138
30572
43343
31475
23758
6248
26292
17685
19731
29806
28828
1626
15011
16132
41380
11039
46032
7164
38783
35873
21103
3022
2248
8715
27197
17876
16191
21887
47025
3823
1928
17813
39906
27787
29137
23616
37333
16953
49056
34132
18503
15335
21616
44636
1276
37953
426
7228
18600
30560
22240
29178
39602
22831
6803
43701
39726
19859
5612
26746
44968
27547
1462
35625
16397
10380
44805
8207
577
11148
46817
38715
23425
46698
33686
9175
8500
15427
6017
44649
30248
43076
8942
1597
15522
6602
17975
42428
119
33823
47532
22012
32339
23545
12896
45963
25684
4825
40547
18147
1141
32199
15520
15581
36645
33033
12904
18382
3581
6540
27307
20493
8385
14737
47995
35987
763
45725
29951
26328
20130
17409
13335
33041
16790
15059
29784
29098
37539
13231
27779
22573
33855
47429
12115
31341
27835
3615
12390
21497
42593
7693
45111
12387
22689
7979
14217
46158
26889
22023
38537
10444
41798
11361
21973
24029
45788
42313
16725
33794
7953
3098
36770
27589
46352
38361
13288
21233
43905
2659
27848
24979
49160
42712
22517
10876
17445
7131
34824
37503
17992
5081
9734
14598
35463
31288
25671
26435
37989
7560
39270
7991
44749
14170
441
26351
6964
25407
36589
39732
39172
27762
27987
27337
20382
36300
9283
31749
42963
32226
14923
40879
4311
37997
28804
43672
39042
40545
10005
48553
12099
17443
29968
21109
33641
42655
44527
22540
49137
29515
7295
24111
42325
28094
13784
33406
7052
35218
27596
7834
39604
5860
38022
6387
12581
6027
8312
26952
15278
34238
9972
39058
40057
1894
36498
7577
47970
15818
12119
16268
49704
5289
35651
16778
2338
34197
6236
6069
44337
18040
49764
4116
37393
29726
43515
15882
44292
42703
32289
31771
11879
25868
21798
30429
19405
48261
31086
48814
12288
27428
29765
37168
45320
33252
15309
40068
28732
26329
1748
6185
25135
20837
29615
5785
19613
42111
44722
43900
48252
49709
43698
46708
9219
14386
19317
16157
48754
43143
44241
19977
34439
40136
35300
10430
9511
34287
28310
27502
40189
14784
40361
21383
23213
11938
7106
31705
42121
41829
9552
30954
196
3320
15919
37
32748
2894
18376
1629
9674
31271
29804
19464
45624
290
30079
42480
16425
1874
39010
3272
5048
36871
37252
6940
29582
19866
26503
15580
4924
33642
22802
49098
5369
8544
12630
7776
41753
2397
1208
13606
25336
30595
6161
48305
20917
6519
21222
36620
6813
24359
19435
15288
17135
22694
27331
13677
32530
38044
39582
5391
24306
22143
22975
897
27357
49784
32783
785
5988
36291
16049
17017
4821
21687
6492
47825
23525
49954
39924
45666
41564
21969
6307
46042
23670
32247
10653
22307
26386
14791
49508
20008
29457
10354
24141
42603
12486
11321
37442
47646
10137
9130
8861
11624
23333
22113
6994
38545
32701
28779
30010
37453
35898
40506
11400
40000
7818
8882
38425
43099
27422
4518
47976
6317
23356
10958
38184
533
43845
46627
46312
38282
28223
41118
1881
919
1756
26760
48952
32328
22641
9432
35150
44099
12777
13249
26597
678
41775
12664
27633
12439
49774
25451
33927
8334
20600
34642
49128
17083
25370
48484
32507
10747
30117
34619
47451
33836
9522
9633
30893
121
26767
45892
92
5834
3786
48851
29043
26165
13884
24145
11097
35974
9127
29523
40009
13898
35311
40900
25586
24459
5775
11058
38212
44381
33377
34663
2487
8525
45627
28494
42369
42008
5434
39702
11988
7335
30013
44304
16296
13188
19120
43508
49146
17540
197
24968
7065
23746
32000
4676
36231
14617
43756
6567
11470
6467
2045
17753
31124
45023
7053
3306
4163
7813
7968
26022
6073
12546
35895
2388
5339
21264
12754
46972
41548
14597
18848
38133
44021
37383
14098
46146
35857
48792
43266
11770
4867
44061
4144
43846
21227
34613
6163
31424
4808
17630
8708
45941
17258
34531
25036
38268
31995
37069
26640
23818
15512
38214
30257
33978
39003
32284
47137
4054
23977
26808
49779
18815
34895
25858
45256
45885
757
4955
1893
1370
48176
15878
43798
16330
19729
38183
4651
18208
27403
1501
16482
7997
27595
13691
18681
5047
8823
42277
34050
31651
4041
4260
14679
1822
42539
21021
22149
38548
56
7264
12354
6734
30418
31215
31985
25387
14646
33557
22241
24554
36472
857
40946
39297
29999
17173
18757
31691
27523
8058
27660
40648
39704
29020
31493
6013
2158
5442
4496
48174
19652
2770
49951
9865
26221
4831
20621
46487
48525
34932
8389
43752
14243
47182
3510
44269
23734
4628
25503
31375
5908
49872
44174
5962
26529
27798
34354
1130
37967
47111
13777
16962
25187
19182
7826
29502
36765
6279
49430
24759
30091
7293
22257
22575
17014
21695
493
2269
34982
34603
9880
46490
4271
3345
21999
15020
25038
5947
31352
16266
20158
12661
29211
34424
23286
49344
36948
33558
48260
25355
30142
46766
1447
8343
9714
33347
34872
5190
40469
31969
17894
38829
10398
7033
5650
7161
21956
6591
23241
34084
8009
7858
15405
29612
33891
25157
20715
27648
12689
38997
40712
10881
23387
18982
31693
32682
31976
1147
19593
14393
39969
49813
38985
19630
30687
42105
35570
4169
42095
19205
48485
19983
28516
39317
45476
7653
12934
39239
30521
26169
15608
35014
27164
31105
28621
39114
34525
22309
39747
20815
4742
45750
714
42946
17923
6495
6313
12786
4573
48692
34110
587
44717
38547
11444
32483
20030
8228
38519
28071
42440
6935
16676
725
14960
11882
4371
24743
27210
37299
24531
30447
37624
10761
47328
32512
47333
24737
10082
38357
9987
45252
18030
7626
40066
23892
25538
1956
17657
28491
29110
22789
12937
27753
11599
37039
34230
42485
8709
16593
27991
35518
7347
15903
9660
29203
35212
46854
14744
4954
20184
22522
12100
32942
21608
5974
4152
49807
35326
44992
16702
42997
46662
8522
33402
38131
45036
39303
45976
23157
44570
21850
7731
34242
33133
8955
6100
34373
37190
32768
48266
37640
54
18341
33452
20335
1073
8391
38376
17935
20440
8187
30190
1603
17821
16549
36658
18365
25090
28741
9648
10521
25491
36784
4658
12027
20926
45377
36208
30755
37358
27482
33059
19305
131
27187
46674
31856
30126
5879
22432
8453
18856
38536
866
30918
30619
35349
35318
41449
13963
17806
16533
16608
28039
35890
35266
34903
47154
35491
5741
29836
9394
6826
11452
37001
1828
3947
6634
5972
5670
39491
7143
42016
21983
6827
39563
19873
27877
480
21622
35520
45760
7113
47814
35398
34053
38880
17668
16352
35858
37488
21176
15240
14039
12802
34038
35032
35166
29184
14918
13612
1142
9553
15015
16521
24085
42897
41803
25051
12778
11653
4463
35826
49163
1813
9088
4302
10421
37392
37147
26515
17626
36532
46600
33521
44001
7786
8680
37404
30280
39991
44319
24507
37980
4900
7585
8382
3907
29045
28756
3172
6748
40256
3875
16115
34550
21977
32195
39427
6130
48619
2572
16799
44306
48646
27387
7900
16577
4044
17879
8790
12102
49937
5275
26234
32524
21866
17627
40993
10986
27918
3534
1115
17905
36449
15361
34532
12238
17848
41047
28705
43158
28935
9142
47904
27184
35621
8392
24447
29256
41668
20571
27898
43586
43349
21819
33718
21239
37088
38113
1294
1532
47195
18723
46144
41463
45030
1905
18992
21395
45515
19789
16958
40605
26537
12321
48467
30074
26185
10257
5713
35738
3287
17140
40471
4664
28454
35916
16226
4070
9220
5819
23926
5417
15951
19962
25730
14251
18636
4888
46378
20838
3928
31467
48221
18220
36737
433
19580
3136
22729
3188
42910
45691
19909
46535
17315
526
37907
5933
1840
43156
12881
46791
27599
42288
39142
16442
30811
48318
15384
10089
41513
7250
20477
11496
1036
14234
18862
46016
46088
4930
22159
15036
48823
47141
47018
45715
40064
5389
46116
20766
23450
8716
1118
34330
26033
13289
97
35347
1270
26857
4565
33143
34647
31841
11857
25989
39809
22346
36257
14715
34798
33866
47256
16901
12267
1679
5068
41790
5957
26569
24666
33834
23535
38242
13361
47981
25661
42616
41351
31702
43817
20763
46014
38305
21667
37561
25789
32298
31323
23130
21675
15494
25114
28045
27792
21316
30596
14542
5329
30685
24525
37096
15832
18306
17158
38971
44586
12381
28484
43144
40172
14461
31891
17176
14284
6212
6025
20611
26003
29089
16597
36704
36762
33520
3414
22868
10784
10145
45081
25975
36680
40782
37158
32654
47649
24171
17261
19855
10638
37489
8388
3000
49347
25878
22115
38103
30272
34659
37879
27207
23405
5689
18146
14173
48007
44540
34095
33584
32698
37685
20891
6923
31098
34941
23294
25161
3493
35272
1070
14764
35443
33510
23532
32174
3161
30797
47068
31407
3307
42691
28018
6776
12972
38233
29692
19477
20109
23401
4990
32631
32462
4692
38041
39322
23606
12293
12430
24351
23088
27634
18666
29062
43823
1687
18890
40143
17055
36115
28549
34226
20119
34118
45473
31722
25533
7793
415
45720
46961
26704
26961
8099
10314
5822
11499
26392
18215
39352
34090
19132
4679
44088
274
20295
15579
9118
8064
399
4988
18906
28775
6722
35378
33410
18042
33278
11360
32478
18752
27489
8144
40996
18085
8797
27286
47080
28590
4525
15785
49225
21684
19955
37164
3556
21777
12925
41696
23210
10200
43893
39662
28228
44892
6283
40478
20063
16831
33657
14675
6014
12960
39849
16139
28418
41144
12154
42594
19395
27696
45921
29685
22631
5936
29477
42132
7766
3511
21778
35850
19486
10107
46754
38290
18421
19410
23744
48706
5354
3616
4452
30101
33600
12107
20761
26959
29444
17426
4531
11359
15553
46893
37077
17002
34341
22857
16512
19941
31783
18235
20410
49319
47812
4184
348
16377
25318
19044
31910
24045
24760
28295
15979
25737
34652
48812
11200
4190
42564
36860
28978
48750
21443
26366
776
16408
29904
2155
26110
48308
16421
42458
45269
17569
34775
21357
49933
25647
24704
5106
10422
45234
29944
26613
12331
19127
49121
2277
6179
11255
19853
43484
40788
17291
29725
37545
48518
3009
40744
26268
42351
45531
9902
15561
7258
44429
27638
30485
8417
29823
13468
49755
6963
36123
14156
4819
14208
46562
6941
16388
16225
13628
14913
47871
44774
9888
27416
19599
11163
5902
46882
16116
437
42682
23916
10094
44341
12957
11441
17481
30184
41818
23547
26672
34386
25471
36297
24712
35794
512
16443
36625
9741
19267
22127
16931
37225
44176
14242
8377
2384
8918
41482
42290
1020
32169
23126
18839
6050
40865
37819
13696
48151
45154
32029
43031
13650
8298
34981
41953
45411
44239
14705
12200
25292
17665
35348
4631
1607
27826
37372
25374
65
9340
1753
17936
37472
23055
40957
20032
21797
30956
49816
996
28614
4140
39646
5566
42156
39822
13145
48801
9260
15207
33703
34771
8766
4913
13825
22724
1539
15900
21793
7433
22436
11364
32304
43167
12753
26023
36732
13224
12897
32741
9554
32598
1865
47759
8684
5516
19910
30433
31384
46129
9504
889
49577
1580
15279
4194
4812
15755
46277
8032
10668
12597
34065
39566
3959
25714
11056
9483
44574
37810
16970
46867
23122
45159
48837
34735
17715
18614
29391
29648
40772
475
22928
40837
31260
29167
29166
30320
20290
40906
42702
47799
37220
40031
20720
1783
37793
2923
14812
41259
41795
11451
41078
13679
49968
9906
3210
35387
10338
46603
48883
49394
16464
15831
42669
49878
14561
31878
43859
33897
24583
19538
20323
37409
40730
45612
21088
34034
42201
34135
44221
49397
6252
37853
9885
37740
49195
43372
32051
29821
26524
22704
7450
11477
45099
16595
17247
41430
40868
6594
46804
12658
39039
15215
25973
16313
34069
9251
45118
9644
15397
1561
27391
2101
25597
33259
13347
27277
20614
5606
16589
46307
32852
2385
37070
1125
15605
6579
43995
18254
20484
13971
38329
48944
989
16565
23049
13451
10850
9877
24804
1466
17025
29304
44059
23684
25914
20601
36444
26682
33027
6581
20787
39962
47861
38461
45616
45880
27439
47218
12464
45583
7588
31439
28243
18586
13259
1274
41955
42407
33263
7737
13522
16960
36399
35158
39065
38703
41342
49467
24150
38199
11050
13551
47943
2691
47756
853
10447
22547
14335
40054
17952
44762
43681
40765
45125
40591
9429
821
26713
30182
7683
24281
13116
41255
4981
18898
40759
41157
2061
29085
32041
37492
27265
25054
11673
44377
25693
38613
6075
30058
42174
13765
33765
14142
17005
11487
40290
11263
36392
27179
20372
49656
4196
11971
36326
41717
2688
25598
48016
27014
19052
8472
41924
20738
18304
26372
26556
257
41487
15433
35336
48177
35919
25361
16122
45479
32236
11519
7721
8635
16401
9434
36496
30283
49030
45822
6651
14236
396
15048
34241
8614
20091
22323
8122
49592
21408
7315
16870
47131
48159
20541
20121
33389
33656
33429
15777
6929
48236
24313
41227
35469
8954
10374
1869
15773
15959
314
44812
44563
11890
29224
19629
8125
2184
41558
43103
5773
8003
29207
13447
924
7124
34124
31134
24703
22135
28315
27516
17147
3291
5363
32502
32444
46955
11312
10580
35924
27973
40731
15876
7135
37579
9909
7087
16426
15865
32171
27656
12353
2484
44564
33842
13178
21564
29506
15145
43920
29700
32160
34268
4861
46877
38387
49383
49861
47121
2465
23887
27587
752
5162
28829
42093
48066
21293
27721
42649
967
9651
30732
9021
9545
4932
11213
8086
39387
33054
44031
41735
11086
26824
23794
40184
3535
18078
34129
14511
38673
46005
17628
38602
20737
2197
37895
31409
10481
23864
32574
1217
43040
25771
41489
47711
24002
43181
15904
41956
16957
28671
32696
49588
21102
41988
13631
19315
10859
20409
20879
23006
2441
17471
1111
14666
44220
13701
42604
3354
42761
28994
1616
7002
2742
6631
40113
49521
47193
27580
10229
23739
44268
6842
23318
14082
10857
22398
25497
26714
27650
26650
26356
18511
27021
24844
21014
14372
35380
20710
23292
31019
19119
40999
16468
1955
23421
48380
19429
33121
35640
31078
12598
17094
12478
24599
2297
46823
27715
17972
11383
24134
16738
46220
39095
27899
49245
20069
20609
41088
17137
31663
40583
41885
14051
26918
27383
27461
9114
30664
44995
47911
10515
42978
33725
6112
24118
26210
35981
46064
10001
12385
38989
25261
16951
16215
39869
40340
23398
27977
18706
49536
20150
32645
30365
25697
25854
46034
47477
42983
13453
24402
23827
3143
39149
6110
11935
48863
41809
41462
48115
31721
13174
12091
33592
21962
15909
16888
12729
41748
17970
25282
47705
11637
16252
38467
47844
36019
21220
24408
17353
11790
5985
17913
26470
45500
15746
1300
22589
4102
17926
46746
16961
49896
25829
34299
37377
17739
18077
26844
48741
13107
30164
35003
26928
34618
3497
213
46654
46346
39771
1373
14329
3068
35005
16678
48103
2540
26504
1677
16195
17871
18642
26677
21627
32108
47883
25478
43560
11564
33742
23919
4561
22782
18610
5596
45606
20539
42618
18203
38320
7658
29730
12419
33956
29849
31027
13427
40316
19005
43203
23762
19399
13061
31658
27004
33591
26137
29908
23982
35908
33425
28586
19412
47639
48539
34591
11851
44243
45445
15589
42243
46091
45873
30725
8611
19033
44625
19481
15935
36382
14348
16587
10563
43171
30783
11020
47732
19660
15974
5801
21863
37287
11160
42089
14239
20708
21869
17349
3595
11734
42396
15667
2813
16886
22566
12268
28000
33554
43129
17276
9112
40938
47545
38173
8068
20956
13163
28244
45848
7089
7780
30819
17048
11144
23137
159
17734
32132
1488
20584
16848
15411
23930
31087
48576
37215
1806
46818
20114
32535
18136
2236
6289
7202
35361
40129
3404
46228
24639
24256
618
42798
18197
30796
42517
47827
46513
37378
10232
5996
14162
41731
18292
38423
3279
1868
13597
42768
45548
289
36053
20719
19039
15985
10649
44955
7965
4460
14258
44340
37298
26103
14363
45362
21995
42223
11208
34073
47959
37213
11665
3334
17053
23494
7350
31973
23478
25964
12864
39727
45097
45438
10530
27844
15486
41593
12908
8658
26379
40784
32706
16996
47159
1156
28982
13816
12566
40326
25743
22386
6414
16574
16402
40400
2447
29222
41094
17405
16178
27230
13477
47944
32799
23541
37783
2982
40700
17881
41167
16173
4050
14458
25239
21664
37582
35962
3028
3547
1768
15313
13283
1346
46370
26310
12826
17362
49811
39623
3788
11417
9024
29732
5264
32088
49818
28227
36201
32123
23647
3252
36292
5907
49809
7540
26904
20898
16551
21065
11468
35245
17777
44114
26801
46194
19328
13384
39979
9622
48937
8834
20249
24022
13397
23855
4113
21998
36515
11691
35165
30412
47890
17716
6256
8961
40386
41194
30652
21144
18930
1510
41302
43109
7456
15436
8510
10738
47236
5312
41188
15175
32091
20867
40236
3567
36513
6967
42698
33699
4519
15446
6558
13029
48005
32017
14422
17042
7001
35161
16988
6665
26547
35145
45841
44834
27749
9375
12812
40875
17406
44597
18699
38850
48122
41766
37814
21737
21548
30170
30277
36514
17906
19890
3774
38010
19367
18332
38940
11490
18032
35581
2032
24417
14855
20358
35862
17865
9328
48442
16492
47745
39805
1700
23476
1499
19879
19886
17154
17427
33658
33536
24140
44653
38482
10790
29576
21575
32541
40453
23617
36450
13010
10985
4257
22929
18243
29578
16497
45919
43974
31295
41504
48785
16197
31018
7142
38821
6847
45997
28148
3725
17050
45370
32729
22356
14983
43569
35065
13515
26159
36419
48204
22425
4712
9743
868
19525
16034
30356
33356
8441
31121
40439
26649
35511
44633
387
39243
21302
2161
20801
24850
36346
41005
32597
35827
45883
30196
31982
16832
13155
45721
13988
17978
29928
8594
11827
45338
14442
22847
24122
14893
33603
22321
26971
32070
15594
7685
33202
35101
30443
41256
37183
30516
4324
9138
37667
22005
31579
38680
46411
23594
9503
19168
16013
49280
3011
13892
38443
12340
17253
42203
16079
49168
29072
13751
112
5058
26
5676
36880
18513
45667
16129
22442
17385
44029
15270
33974
1185
9525
8315
18249
12312
5746
41235
44935
39461
42513
33837
9257
16989
12471
21796
10084
32914
2263
48206
29252
4978
47074
31521
18587
6309
23385
30821
48689
7077
31211
43438
29489
42211
26975
16478
1412
10706
16405
4168
43601
26847
20980
7306
12596
28188
35137
18767
24880
38671
34841
25016
15062
49517
18349
39263
38515
28547
12718
48592
5202
6409
25077
40968
8936
48688
27308
34265
10066
19784
15280
3484
11399
31444
26354
1256
13537
46626
22708
5608
6754
38306
15532
43044
1943
40153
13874
9578
4773
2755
36660
38358
10579
7623
23359
5155
26766
49845
21939
4915
4015
20284
21033
4517
39
37880
30993
11204
48216
225
11181
16078
323
45319
17256
49443
23756
2991
35354
11209
8248
36970
17211
45780
18561
7382
3312
3812
23895
48789
43901
4949
29003
25325
25209
37483
45823
2466
12515
31914
16038
49822
39813
4434
46275
34067
16828
43135
11987
2980
15595
28796
41104
31779
24716
26655
19830
37454
6906
6326
14734
12627
16184
9873
21415
17733
44951
25320
29852
13937
44509
43371
23041
21413
17196
45413
34661
2672
21689
15013
43367
35153
34119
23925
3229
46243
32635
36535
10987
49625
11778
47329
11207
6552
31363
16424
33215
30183
39027
4998
38669
7471
4207
49832
29864
34475
34048
17090
19188
12767
17844
29981
5051
12499
32321
8528
20469
2608
47685
36460
17815
27684
29844
37359
13728
2918
237
22639
42942
48808
43899
23452
34389
17886
7176
22083
36302
4356
23238
46491
41349
48526
39140
21427
13266
45145
26634
19390
35815
49519
17949
3705
41699
16031
36365
42250
4864
18177
31762
35002
47314
24878
27413
19548
40674
13916
16235
28081
48558
24870
31161
18558
37355
36421
24295
48840
39178
14792
30722
29621
30727
32928
22709
47100
24629
42248
34126
42685
1463
37903
16027
6950
13719
40429
1761
16445
3793
36432
42902
39612
1422
31179
12554
44496
7559
14695
37156
47667
14755
26020
44130
28850
29024
37430
35052
2720
21899
10852
30405
28463
46764
24588
25813
7946
49928
27334
22901
49862
27150
18523
14267
49580
43325
24967
872
38202
25564
1958
38767
6521
15333
46266
1290
25173
28352
22305
39833
11317
43917
7476
47337
30329
32322
14574
10051
30708
17669
15657
47029
8507
30880
39219
17591
11972
29326
42226
281
36408
3002
29014
28497
42438
47566
46979
33281
11500
40528
22585
198
49843
48488
27675
24966
39821
17790
38853
20058
6509
41306
38274
35479
20643
40305
23353
43645
30176
8578
24498
21042
25324
17479
11900
26751
18680
33944
16171
5929
16061
21393
29192
14411
29507
16973
24081
28154
14225
32426
36695
31639
18648
4340
28941
35478
2420
37580
21410
42194
12142
43296
13553
6170
35702
34185
355
30712
30296
3438
25758
49622
49038
25648
5468
14843
14401
47499
5365
28102
14285
30387
12338
4858
14496
7305
20277
13433
509
37777
37862
29687
3680
31317
28568
43538
22350
24
40
31945
37741
45514
18402
47174
20000
31737
3559
154
35079
40723
30308
40671
16927
35126
42731
44451
32774
8376
20065
38148
24936
17798
16956
42951
11343
25287
11652
1448
42729
25479
49618
33970
37845
5662
41209
4263
12350
10322
46231
48902
30929
45114
39067
31805
49947
48387
40781
30629
7152
33966
31283
40652
27044
35435
33626
27815
41794
10067
2499
13200
47544
23829
36479
24483
18994
30830
666
9654
24019
36852
10255
13345
18031
21399
38586
46917
32312
9436
20538
5673
13302
25257
16147
2562
30076
6732
48624
43760
5534
48731
29666
21818
20659
20649
24654
446
9423
44431
32527
38000
6553
48852
35774
38933
142
28350
24940
14500
44924
38925
32263
33340
49455
24336
4696
32184
47434
16082
10508
23293
45588
33969
38198
16273
28645
20998
36712
9307
11261
1899
31555
39136
7511
48106
24258
17902
44104
30381
42769
12213
31655
44366
26422
41441
29914
45975
11733
2528
10010
14260
9167
35411
36969
29367
24435
40434
47179
49953
41660
38191
2012
17407
548
15616
41576
49949
34962
24689
35377
12578
5053
14570
9379
4157
45352
1127
13622
43796
32405
12710
30710
10589
41902
8455
19931
1400
24917
15272
31484
4022
4973
31664
40663
49218
6081
13700
43424
41937
45343
34814
16200
9165
10373
32400
19780
36674
34166
34259
35210
29605
25435
49977
42204
27401
8407
31516
47969
10798
28824
38678
49009
4358
34236
6575
20572
14658
33553
29683
47657
1264
37350
45536
13386
40420
28875
568
40036
22683
12759
25600
567
12522
6464
29431
46589
36526
3017
30367
14827
40783
9235
35868
49050
38620
40375
19594
49568
37869
25682
21680
44822
10223
45969
1316
46152
3625
15134
23868
47770
39431
47092
22527
402
16560
28337
31446
36267
40282
41177
19549
8557
30886
32213
12402
7173
41093
38222
30028
46120
16617
41096
489
41671
9163
30606
48828
17236
12659
5125
8781
43608
25635
27229
29404
27556
17826
47007
19114
42179
11429
34149
33748
6189
40108
15023
7351
39389
12858
33228
26074
845
20502
30695
33394
5362
37245
33341
790
42532
48403
39104
4259
37618
40107
11387
20218
24948
6422
11682
49145
6200
26678
5167
17645
48859
25119
22319
9099
1383
2214
22770
17442
26633
18467
2530
48475
30842
17918
16735
31166
38952
44216
3419
19022
40980
20326
23140
13506
47389
16610
25986
12890
46646
40485
36461
4245
39117
37631
37025
39641
8624
36441
47177
14465
14873
3408
1526
3948
29882
24067
22178
41922
13680
16021
6089
36538
35060
49034
9451
14494
37702
35733
30832
8605
37194
31678
2685
43944
42725
36470
39280
45072
38406
3747
27235
47110
22627
36018
18398
7415
19448
2881
19257
6578
42128
38809
28420
3370
24014
28495
8585
37037
11175
1440
37834
9308
30533
45100
27869
19927
48602
48600
11322
36710
39044
26215
10142
18733
35804
9672
21083
44518
304
37614
23712
44433
34097
45354
2255
13463
44403
8862
8898
31159
4166
20117
15351
25182
16486
12735
48729
4713
19231
32733
12173
48219
26228
2613
39007
7397
23270
7280
4061
13328
2372
10134
44544
42635
42309
7485
23477
44632
30916
40504
30049
26267
29295
31608
14888
13899
7546
42466
29330
23848
38866
5699
35566
5432
17358
7747
8091
24243
41111
22042
11750
26787
44804
29691
24185
3687
44181
47440
3566
46446
7645
31992
49582
46613
27072
23533
24619
37321
40014
40714
44846
10666
9392
21641
17072
32651
24774
18361
25206
9338
35525
23950
42752
41819
42197
5865
31412
23347
25766
39713
11758
49717
12737
34848
1284
20869
21511
30361
48049
12694
5123
30586
21846
49641
29409
506
6738
16534
10316
6416
29368
17287
1827
39301
12870
42460
21982
49553
35965
34331
37894
22923
28656
6583
31687
10837
38599
2289
30942
28573
41244
47057
11525
18990
41059
30957
22418
5510
48342
2509
29266
18374
29285
17182
10265
11234
3487
39723
7118
40825
41367
23902
6699
23518
9805
22437
40149
20717
9236
9397
32358
29841
24325
47330
14033
30564
41948
35941
2037
42364
11201
9337
1588
26302
17644
5215
906
49856
457
16489
48536
25116
19781
14641
26508
5940
44773
22029
43074
47636
23365
12221
7461
20482
33116
12545
3603
33820
22417
26475
25366
802
1765
4797
35235
22311
34721
13565
49066
28260
19178
496
24542
14040
3769
33257
13436
43529
20831
34243
12641
6603
20703
45209
8679
42680
40760
16017
6830
14387
9341
27978
1168
39522
34249
48864
39736
34359
15454
19445
40106
14418
35578
41928
6588
32275
47441
39658
46214
28942
3910
40666
37475
45215
29695
43064
265
5803
11249
35332
39854
7213
39299
15026
31532
16018
40592
39516
18810
45040
36107
31986
26304
12214
37023
11265
5749
34821
1684
41149
22633
49264
31447
46684
8342
23721
25260
36720
34635
1024
34645
21775
39738
11296
32014
18176
47665
59
25959
37079
8168
36467
2681
19277
6367
40939
12395
21461
3789
38236
22405
11392
12126
39807
12234
30850
2358
46130
15967
40403
8043
32584
43200
27015
13756
8151
47880
23698
36085
14084
42979
26734
10632
20016
40713
10611
25645
20705
35773
4219
7449
9807
25316
6427
31280
20423
43405
49679
22475
45434
15868
42730
24559
42732
45773
30740
30604
7447
20696
21145
43416
43830
7043
16501
23701
27620
37094
44742
48351
49698
40851
25620
29185
37480
32382
34675
38525
35200
27870
47914
15592
17524
37443
830
14990
23429
48895
44070
32223
4065
23
22898
13272
21483
24853
2518
5397
33678
35760
22743
47961
32227
833
6640
40516
24397
42923
42110
6861
49182
17386
45417
24249
9227
25918
29865
42098
38226
10008
11826
16212
47032
8201
17533
5796
19087
32516
41942
3553
27607
8915
2885
24068
27946
15452
7346
29858
15089
4971
11436
33271
23672
9768
411
2421
44918
37610
48822
21930
6653
17374
20725
44271
21726
47060
27788
47465
19128
21084
35045
36078
23418
6318
33932
42832
3257
5515
23944
30200
46317
18090
38081
37413
37296
27761
22147
15781
31744
7970
22191
34959
8347
8493
28396
6793
25381
20509
25124
8815
28272
18622
40794
33617
18687
27981
32549
39338
38966
46256
21632
48285
40997
11811
957
16940
6527
26053
14191
26216
14175
19458
15679
24179
12547
25270
15962
41190
551
18547
9097
24656
39493
1338
16385
40823
40074
6473
36196
33756
9941
36169
31081
1171
45507
38165
11727
9717
14897
31811
24549
45915
16403
30500
19650
42296
9074
48396
35010
34369
1509
32118
12844
5141
12038
21804
33805
24924
17404
24073
43402
1715
42315
5441
15141
40699
19164
30016
6908
14477
482
4040
24589
48052
28628
35580
2707
34710
27453
6260
16298
40569
18954
6470
16829
15353
7438
35674
26996
11488
6344
19029
4381
12966
14763
18471
9194
44096
37203
31925
25166
45263
40140
9692
37964
21038
1254
20871
35368
44890
32958
42270
38953
25847
32724
25606
3569
49936
30328
40438
43347
40793
11031
2791
41203
23648
48813
13357
45809
38867
28
2854
16358
37558
46052
2750
46049
16520
2481
9698
9105
36873
15928
20352
4593
42127
35464
12196
2920
34780
38193
42014
8981
23952
32127
42487
7772
46439
19375
30927
16523
17608
24493
17520
36280
15195
22751
33407
43582
9703
45229
39342
18426
24546
44705
35438
35042
21655
22344
34261
17713
14215
4240
23729
27903
6390
14902
41241
1013
45277
20981
18067
31306
41307
10998
32198
12302
23514
38756
45470
41737
5714
44247
10964
9542
17156
24901
43537
28599
22630
15640
17781
48671
7664
15554
48960
39100
22899
11836
45966
1364
20550
3924
34946
47492
15712
26330
14261
2684
41537
6270
26224
20126
26770
42621
3418
13889
44267
14593
11022
40508
14479
9295
36112
46121
1915
26755
34145
7167
38303
24974
34201
3038
27842
19302
9172
35806
20978
45286
7083
31340
2666
22499
21403
2486
42210
33208
12279
47231
1213
45192
35504
993
20476
25009
4429
36924
21405
36671
5719
45737
40393
9757
49341
25749
28674
44328
47452
22254
17916
26381
1361
32607
27668
42187
16812
45821
40966
26878
44588
36337
1838
37400
39974
7986
33919
26348
15782
39715
24877
23242
3882
24453
15010
26472
5639
10510
2017
43463
49891
23020
24548
35445
5254
36877
8975
29259
9682
27627
47645
40368
39994
42744
25617
41494
40044
36915
16669
33022
41659
25480
6943
13508
41770
25131
33774
7736
43861
42200
40951
28130
26941
34567
30920
16502
633
37673
18108
11498
24048
1746
20544
33631
27035
1656
34725
4682
17165
29569
7239
12965
37979
32293
14024
36282
45317
40688
6499
9374
31784
18061
33021
3189
42809
48464
4469
9999
21295
22768
36202
21031
32838
3082
24299
22511
37684
24286
1245
29927
450
28342
2309
6915
287
38269
18326
7465
1399
8439
43507
1749
23881
40743
42403
12997
16324
34787
12483
41997
47322
48127
19688
44238
32072
36943
20021
7855
47965
33446
19297
31320
37198
27242
29812
44159
11115
5724
44017
48599
14259
7481
38805
8081
12831
9568
40347
20800
26632
30168
26095
5909
38943
3683
9689
10121
40756
18661
36152
18617
33213
45232
18725
28545
15116
45597
39575
7657
40133
20132
41397
46546
6708
20033
9770
41436
37021
18331
23301
37605
36631
17317
26557
47618
17288
46430
24200
43716
39049
37445
3733
19107
16616
2069
45733
33189
29754
30584
33892
43228
37797
12045
23552
38327
12093
28448
27282
31203
23364
9228
15987
2675
30739
45402
33153
8468
5578
16234
16484
19675
6476
13358
8267
44409
4295
35654
5857
23875
15982
35589
16568
34408
38913
7735
21881
9334
32784
45386
5542
28755
3520
16028
29213
45276
14550
8127
17356
14674
18818
12999
20913
41471
48608
10558
37485
1615
27767
3248
29258
38944
21499
14115
12438
43832
42452
39778
45599
40949
33574
29050
511
20554
45090
29105
28646
45978
49725
21808
28813
231
14757
43909
44612
2044
34604
3767
18562
48080
6563
45949
30990
6310
46255
23329
45680
10685
2239
28766
36295
40142
20721
35247
6224
39464
36603
29878
17018
42758
38595
32104
15759
14135
33812
23725
2057
48783
27804
9998
7096
30635
4795
37781
9121
2734
40786
49001
32438
4314
11636
46840
35848
5630
41106
28514
30759
16739
47971
11404
44718
36922
18106
5632
25042
7006
45657
38899
45942
32165
37325
9695
4062
33780
39452
2948
156
34260
12187
6174
11946
31499
41480
20634
28434
11850
43907
43310
5057
28563
27010
8691
11613
23588
10102
37756
32480
44520
3612
7419
42447
9484
146
14831
40934
30206
27700
44426
30934
41893
41992
17047
32436
30395
30393
2403
28057
9238
40075
13041
645
20235
2254
45055
44115
26270
13586
2832
9013
39497
25603
15314
33136
19006
901
46841
10880
10203
13360
12602
13493
37437
17413
38870
12453
47521
1382
13550
7031
11289
16745
43594
12586
11765
19819
12051
47072
6287
33764
17544
30450
29990
25994
4128
17812
35477
22342
37280
34161
36492
23283
43248
36768
39621
35687
11385
11329
8768
22051
6273
44817
21418
18809
41531
34356
20883
45394
26924
39463
23104
3472
1160
4250
1645
38373
8751
12529
31290
15549
43870
22757
2029
24356
40745
13657
7557
598
1798
7672
32994
30045
27943
28464
25113
48611
4438
4153
45865
8869
2706
855
15733
32234
15715
36632
28874
21193
3803
23833
49272
3483
436
23962
6087
18104
8480
45085
38140
14786
43116
26648
25860
1460
21217
13439
2997
11096
45492
35487
48421
25295
15860
10920
9650
25774
38967
48092
15322
40718
33644
42173
15046
13310
14642
30686
168
7771
16016
27296
23467
7727
16783
31207
3486
21060
10096
40351
33818
31060
32058
14723
6743
26949
12033
8103
6807
30095
13175
12445
25662
48200
31627
38608
27106
16237
31867
49631
3691
26728
33983
47999
31698
28780
38632
34007
37972
43933
48645
45644
36073
10785
11407
36812
20661
40543
10944
38157
46124
38259
25790
11979
2725
11450
21646
23664
44190
43013
28651
28054
36786
17797
29742
46868
32242
39222
6849
8752
43231
12991
43592
37250
8610
13812
14552
37008
33856
28309
1643
7032
31654
38334
23780
37986
19304
33534
16791
22314
44468
13960
20120
19843
45683
27911
4724
33998
30207
4349
28331
46915
389
46432
5584
18762
14078
32773
7148
11432
13042
37646
15980
48848
10534
23460
29299
5234
20902
14614
20175
42900
15056
19225
30382
28627
30715
45398
46769
18431
22447
11236
44852
22468
1451
16233
16570
46776
36251
36478
21530
17450
47133
49298
41238
45551
17163
47768
28314
31836
19455
9936
11593
25056
44647
21533
20013
4789
23220
2519
14560
4419
33560
34935
25897
46335
42065
22881
28324
16286
42906
7789
29567
20727
7154
3381
46563
6210
23993
9557
29887
36776
43131
14848
946
10132
20174
46008
15918
6358
48146
42505
17976
3893
47628
34474
41485
42273
47066
9834
9457
36001
49205
49388
9584
7162
23866
43898
3565
7917
6889
30286
41762
19381
41971
45567
36182
24215
4911
39166
14349
6892
12201
24710
8933
6444
6530
25508
16332
23208
9076
16329
2083
23036
41428
29106
13326
19565
40670
34697
4491
47927
4796
3095
13377
25434
21578
45636
28933
10147
9462
25759
35888
45908
21750
4092
9812
2587
5926
46718
6649
8055
43225
19359
31978
29437
3392
37495
12056
44830
41947
20292
31417
44156
46103
40432
43691
25202
16418
10659
45795
48116
21621
22317
32959
37983
46358
29856
46083
24833
10984
21893
6920
28550
45513
14600
6503
19209
14519
10163
48125
34996
19708
24346
29793
11035
19097
9110
25980
40640
20344
27321
7242
31577
23326
34376
5945
3391
1804
18373
35930
10390
40609
21278
20129
36866
28631
3019
34015
25778
30514
23331
46775
4620
48921
4009
17836
31325
12436
12024
6458
33286
30575
19643
11670
35618
43857
26797
16087
10382
14712
7729
6760
13813
3422
9486
17862
21716
46956
40761
27208
4703
6098
40430
23575
12947
26412
24421
30824
41622
25002
2223
45741
21791
42450
12247
24139
10585
37399
737
39148
28042
35490
19246
29719
21673
9663
35422
7904
43548
15260
5651
29090
39052
20031
36477
5244
1128
15412
46028
29818
33008
41502
34729
15902
18574
20470
3622
33385
43713
31442
9976
33305
49798
21026
39628
40495
30331
47273
46422
37691
16026
46931
21373
17942
13862
10286
16284
11072
772
17828
19319
26423
20778
33587
21007
96
38001
18145
5086
6349
27005
24506
8702
35817
42193
43615
45565
26555
10245
28296
8274
46593
19739
29310
39249
40178
31700
23513
27687
39060
23342
41433
34559
32653
32077
9299
8724
34127
42431
35325
37389
49290
935
47578
34984
33140
21876
6637
2515
34624
33144
3886
15135
38556
48060
5065
44152
46436
45311
29006
7236
49833
46181
14676
17248
44390
6445
27765
6689
19611
23503
13492
23110
40321
6746
47614
31377
34295
38039
13279
24831
16477
47436
49043
45418
28468
26078
16898
10566
18853
10594
49898
49472
7590
6879
15268
557
45798
6501
9119
7166
27636
47715
26258
13867
697
21853
19761
35489
34534
39599
10959
17595
14595
31815
14523
1713
20756
34897
33808
44933
3989
35583
22172
49405
13900
11431
44281
43455
8983
15673
3220
29206
9243
5667
33806
31816
22946
2363
1742
15007
11662
45423
4860
12375
42374
36991
19190
15615
22154
45162
12363
10197
10849
38628
31082
17205
9016
41145
28986
7718
40304
30714
21495
39165
3984
7125
31563
8470
45534
14146
19823
23563
40055
12945
930
34970
35093
23258
48411
33106
8888
12971
4872
46045
5341
38017
45676
11705
20140
36118
24550
43670
34321
33864
23379
34759
12251
45729
3853
8607
9305
24271
14468
23271
391
25889
25288
42701
23700
22966
33156
29402
21012
14148
34640
38115
32526
26384
37283
27485
43742
14656
28665
46425
25751
41212
3477
39435
13371
12886
27819
9612
23972
47334
37534
21161
12582
38256
14870
32469
25513
20793
26705
33843
3201
18685
20561
28365
42244
14181
9213
49778
44624
32867
34595
487
19434
16380
34194
22733
26964
28579
10420
8996
3351
9297
33955
21485
39083
19403
5906
27754
2526
37007
38469
614
12857
9453
19376
4137
44083
46458
27492
19745
8877
31235
35320
13489
32143
30705
12615
44072
30451
18528
16117
3326
45835
28733
31607
22011
7204
41692
21522
35114
2294
1066
12231
10911
32333
37981
38457
25242
10927
31069
10168
41014
8846
29511
13046
26697
39900
29872
19520
40132
6684
37410
5180
16543
37239
6518
29743
10811
48067
45339
8504
43872
25046
22690
26993
24310
25639
501
19291
9318
20093
16926
15940
11472
39808
47595
37241
33921
352
19681
48100
19533
9500
20301
13244
34875
8361
17793
31218
24849
9289
37813
43215
536
32062
17766
36711
43054
23015
36068
23991
12611
17535
6506
18603
49624
3855
495
21987
44752
13560
45383
17239
14502
20144
18624
10461
31158
28072
36761
14439
1340
28129
14640
33724
10948
5703
5011
33828
37487
9761
22492
20558
26293
27799
14615
31414
35506
4066
7882
46671
29257
32133
46441
38068
13806
7698
36899
34033
10453
13761
29078
13435
26953
41619
23352
12516
19169
10774
36135
48093
41473
6937
30499
38939
26545
34681
25745
28329
21840
28853
14958
31491
21454
21471
31543
33300
10474
11926
4283
26336
26869
37965
28844
6595
3911
38757
46123
37471
46258
24574
3155
11029
13132
31736
8015
43916
18477
20953
37530
47902
5983
39180
44425
7079
7890
5006
5174
13578
31422
24422
21491
5652
37048
27283
13966
31076
39685
45520
40496
32878
11295
11338
38660
14568
29109
20221
36659
34896
48073
40536
21565
26311
12953
12442
20528
17787
28327
39110
41251
37937
29888
21371
88
42746
1093
39069
14469
43667
4970
12716
37233
24190
43651
25691
47993
13448
30659
43563
8384
47804
42817
19809
15910
26873
3153
5263
35047
36558
46560
14073
30843
48315
19404
10773
45934
37412
38344
16909
12830
22779
32147
9505
1985
37075
43075
29119
30807
36721
32080
17462
18094
33032
34623
8237
26323
19719
21779
33028
8849
16900
40711
39523
16869
49638
24836
42734
4799
36195
10533
36313
5646
45186
30666
15489
39458
11574
34336
37464
39637
3076
16652
43509
39614
24782
44123
24691
38325
2788
20219
8202
5151
19148
44737
36038
46623
6714
9975
7957
19961
27791
44741
18209
27059
8174
26690
44383
39546
17912
41943
24767
38201
28368
44631
8695
46507
17767
29298
49453
47168
21879
28931
11779
35936
38
5192
42004
27702
24543
39436
30847
28489
2177
40161
32854
40878
34781
48911
3331
32855
45778
20164
14682
9847
21041
8059
10935
44263
5307
10470
16320
27102
38182
2491
19253
2966
30147
409
31544
1079
4216
47196
20823
5989
21674
41195
29967
9745
40558
11793
26390
17108
31500
46622
31647
38685
33282
43811
31770
25198
7528
45198
45732
21397
41344
48603
42497
7493
4124
2715
21753
29800
16463
21620
34071
2332
43869
37380
37022
22024
47868
9348
46493
28837
33302
4183
37920
34060
27671
43838
26180
25869
21056
9530
824
21991
42275
33790
43083
21506
11403
36271
37047
24170
9252
49325
15641
29657
2510
38619
30578
43112
36938
8415
12959
33
39465
12622
42838
46819
42743
32686
11983
30779
48292
14997
18198
1186
10714
3689
1870
43540
42695
30944
5680
24274
863
14573
1536
5915
25797
47470
40158
17824
10091
31180
42107
19992
36480
46976
36453
41901
23985
31266
41555
49874
48187
21833
30557
16490
6343
6997
45801
16575
39545
25575
6882
10734
29982
21692
32876
24928
31123
7478
36234
1858
21886
209
34204
18153
27704
28822
12979
49560
33491
18674
38412
41368
6176
32373
29936
8948
46273
18683
31599
6339
46373
8757
39054
33109
17086
42908
34093
6368
30373
25710
104
14176
8355
25644
31892
19811
15138
26562
37479
45028
31033
40646
41020
36549
23362
16318
20118
18508
47039
33038
458
19249
24245
18327
5754
8054
8913
2349
25285
43459
19837
2505
5185
47569
24944
39391
45441
40016
1507
49179
42521
31136
21831
4883
20064
195
34335
32431
15169
49468
2152
44848
32633
46929
13079
29381
46363
2015
48289
28214
7514
45540
24746
40750
32750
3648
36719
14126
315
28412
17489
16179
29328
26080
16310
30837
22081
40902
19847
23202
33249
4945
44517
43758
43364
28196
37334
46736
7212
528
13991
38835
4652
9102
21965
21908
10990
35199
7739
5414
35659
11777
42495
49278
45600
45056
18339
34656
8383
423
29366
1496
48474
48752
21934
31689
49925
24267
25477
3815
41336
26645
49480
22441
28263
33822
44170
48457
17803
42496
12204
36582
6006
17658
40808
33440
5454
12094
21267
38455
21837
33751
47684
34221
2871
628
28383
33937
46610
28436
36099
26483
1155
18019
48454
27190
45195
31025
12215
42555
47589
28654
5257
41299
20887
10320
40080
17931
44507
40581
28589
22644
33680
1432
33317
7827
19196
18569
7517
9056
5644
39839
11739
36324
1088
31570
2483
9139
34885
14132
11773
39881
38777
49904
35437
32065
45957
46109
27085
28913
48015
37103
7146
39862
24904
28483
9419
34046
22056
29802
43536
30764
12745
5107
20096
25850
777
48654
36800
38538
25248
33312
33935
8210
29255
9409
8096
14668
32421
23731
11629
28183
3390
46712
25835
33145
42103
34431
27525
48980
8279
44387
4028
34730
31419
10088
41861
30554
1862
18297
47201
6572
1321
25685
21198
35535
3811
47583
36651
44013
19730
3621
3843
41372
16176
7016
18358
27455
28393
27632
49221
25389
33604
35715
8163
3856
13416
1352
17328
46657
11120
4877
25416
30526
32319
38123
40819
25570
37705
36114
20779
14728
25529
48548
40941
16754
24953
49419
20293
48788
28943
12364
16601
33104
13669
36321
39466
2609
40023
12357
32117
36629
16602
39554
5531
37060
28534
36049
39666
9632
12706
36153
18087
46922
15989
49785
34835
23378
46782
30122
28898
11672
45325
31298
41898
33816
48233
4727
21086
35205
20224
28182
17213
9298
9763
48032
41965
23625
36469
9947
5890
23643
34966
36908
8505
21089
2185
18811
44608
23289
15804
38833
10865
18787
41883
33570
22166
21096
14826
13571
33476
47011
27370
22421
822
13449
23175
9357
48966
266
29641
41373
4067
44442
23164
38224
8314
3403
45035
33633
41756
1952
20919
619
39640
45189
14782
36358
32315
20256
7816
36279
43322
10956
26870
17973
22539
37841
32674
48514
11053
16740
24277
19158
15374
3373
2237
42720
1136
42506
4016
21334
12949
29668
21235
11012
17284
17854
23150
18693
26833
9535
9844
46992
48150
35904
43802
15563
1309
35700
7046
44523
6392
40948
22525
17081
48088
710
11466
29088
19838
25441
45027
20755
32933
32220
18638
13219
862
31850
31928
41838
3113
28783
40069
5622
42245
3974
21093
36489
36367
28063
28486
6820
47778
22228
18631
7591
29238
43425
45158
5447
17998
12749
45867
26184
45646
9166
10506
25855
19516
5833
39741
45845
28687
47406
31080
32433
46227
39213
44063
4243
20662
16416
24433
38391
19028
1203
516
6084
16094
37344
39956
10922
17727
37337
32603
33264
34416
16510
6965
44386
38444
4794
4514
42912
34538
40524
31785
38868
29351
7421
4261
38784
13016
16364
33203
8530
49731
5208
3081
44539
25253
2218
36027
31904
26710
14783
24026
6208
30288
49905
22910
7337
18824
20355
26480
2964
26951
17807
12064
29636
31909
18206
27992
25275
19346
17778
42488
17029
31024
23738
9842
26893
6149
40813
12733
10112
9766
18360
7041
35667
1708
48170
15697
41168
45185
17962
29782
22652
843
29128
48573
9174
4583
14112
10828
22897
45819
41890
384
26432
37274
775
38072
46296
37906
24648
38682
46527
34881
22282
43498
12479
34147
21346
43007
29777
6505
49259
43699
10342
48043
45679
5222
26708
24832
24440
18720
13998
17564
26666
42622
23559
23662
29
42317
35307
20654
49387
21241
405
4751
33230
46075
1740
44045
33862
12149
22139
23233
36954
29405
3573
5253
36824
27768
9720
4276
17117
35427
41972
46232
27673
37985
5490
14059
45466
27042
5812
46456
30547
29333
43176
2822
29017
44464
6355
14005
11259
19632
2525
44219
39111
38697
42422
10432
15369
31946
21699
45393
40880
36510
7631
1278
13291
22129
11605
42606
9245
45451
47633
39194
12441
38769
15927
13466
9458
48702
48059
48854
29415
27158
15055
39498
33784
3957
40169
8896
5154
14343
18259
48134
658
30386
42323
13213
20223
46386
1671
47791
4925
7499
37574
7595
296
22183
42977
34212
33994
1108
10511
32233
47740
35636
36617
26774
311
49268
13663
49876
23609
49986
44002
36796
43265
24730
21022
48681
41387
24634
19055
24352
19167
31839
5444
15723
14339
6266
26413
6680
6696
49505
26495
27759
48832
31740
32740
10369
41602
329
9626
23652
37099
32514
28706
32136
18749
44976
31147
11479
38517
31695
29064
40587
43628
36356
27764
2843
33001
37638
38991
8714
36587
13596
376
11699
3231
49596
37868
38937
27993
23163
2674
12887
16395
2326
9271
6993
45794
30242
19326
49823
37072
36753
31759
18594
18644
5097
40373
33017
20911
3666
6159
13090
13296
39055
29959
7762
36581
13520
24816
48509
35551
26237
49084
7536
48841
29160
48401
49658
49853
39022
2361
37411
46288
31777
44084
48343
45749
2630
37526
33572
27857
659
29781
5309
15920
42913
40775
36023
45349
29960
2116
28289
20972
10875
38474
46941
13002
5295
35989
9319
19336
13125
6099
35282
35639
32738
14209
43809
46428
19679
6870
5204
23576
13604
37956
28764
11280
18519
48697
20195
35644
16374
21169
44950
9673
13189
38281
19766
42300
4188
1938
15463
2959
33618
19826
39085
33909
38069
5700
7367
23935
32662
33741
14636
29673
22703
29519
45498
22841
12780
2477
34153
12811
23199
32787
38823
15757
36039
48195
18729
10513
47728
20106
32592
10609
46615
11484
116
38822
41837
29435
1726
7584
26334
2598
6622
1157
15103
16700
33606
13243
42224
29585
34088
6238
19568
43982
14157
37858
10941
46694
15064
13989
16386
9797
8191
11302
14027
42783
33893
16789
1083
21835
14210
43806
35536
26462
14921
40147
26874
6955
31931
45607
49513
10004
21509
37148
31149
44911
26671
28612
34572
40486
37704
13012
37693
15462
6103
5513
8115
385
33024
20820
38308
2022
7606
42137
40752
37362
47446
41727
25388
1494
34926
36676
1086
5506
29466
22775
44143
34541
34052
24515
38765
14334
30099
42879
21002
29703
29559
29834
23384
24982
37227
6549
13836
37695
15734
11810
5335
4284
44068
33811
19053
31406
42657
35240
27224
16305
12000
39950
6395
35056
40162
18505
39947
503
9582
43951
18572
42069
21652
33351
35539
42708
2215
10057
41232
10975
38524
22428
46908
5817
43373
268
27979
13851
18909
13432
29036
8185
10146
2350
3206
3662
35039
20626
28821
33118
2514
34698
24633
1743
27151
31776
21635
37478
30098
24230
926
20419
35599
45308
4678
43578
34510
13548
22260
35173
49437
27522
26248
49379
37210
19610
4364
17619
43494
41823
25540
22373
39328
3386
43932
42863
39346
19247
32501
27096
46427
47327
30801
41015
4093
23907
20597
36504
13861
46203
49032
643
2520
9107
16713
5071
42439
16731
31398
16582
25558
7574
6952
37015
12062
25271
2639
17677
5209
15671
37584
4723
10367
46093
42514
38231
4894
29883
12829
25689
18046
46329
39412
24606
1189
20232
1415
24935
3685
9360
20337
17475
16967
26242
43505
22467
31955
28884
17709
42009
22349
10872
29562
31408
35098
10777
35956
14790
33360
49499
46469
42684
27111
44146
37789
34156
48293
4614
19531
6848
37987
9291
23768
12841
46022
16711
14432
3107
4654
25247
5027
31940
5512
29920
13830
34496
13767
1514
43647
1553
30980
13070
13651
22697
28889
32383
40357
40465
12520
22066
34459
18193
27141
3310
29114
13278
6180
2733
12289
10799
25117
34533
44257
32410
20127
32109
28790
29842
39409
37583
7988
4669
28557
18632
23671
12728
41939
16629
43224
2862
41243
5187
39700
35401
46663
6773
4693
13647
43966
18957
18385
30324
6229
35764
7853
19908
3926
39429
28090
24668
43741
20993
21180
22158
20896
6046
28286
38858
34956
35080
2517
32362
518
37374
4247
24463
46619
44372
14750
46484
8261
16802
43473
36914
42823
12747
24341
30539
39223
41419
5159
25525
28585
19031
27530
30565
2250
16732
32151
33993
49677
28237
8271
8150
43833
17200
32377
19467
43984
38492
38343
45292
29294
39432
12667
28746
30928
19272
11550
43132
13768
31574
18548
23669
2266
45847
10989
34056
30688
41716
30372
49824
26533
43284
1335
47897
43676
39695
26963
21849
24927
19808
43303
8940
25044
34580
15623
14655
29103
2779
32700
41323
42206
48155
28866
1470
22594
41377
43663
19271
25321
41150
27755
13118
45859
30591
22933
11202
30070
26779
31432
18595
34012
34446
14703
27
42632
26113
33370
25905
32687
16532
41834
26865
32911
15202
16526
29566
13521
37228
12396
31957
47725
7330
19923
26554
27529
30570
21638
48554
42845
29161
22721
9693
9456
38766
16008
29196
14309
31356
33138
12177
34478
14166
40073
25773
42821
7251
32295
22313
43353
32689
8190
28765
26253
23304
982
35209
30600
17129
28372
38634
44485
41
15407
33205
28160
43891
37281
39622
43565
34758
10220
256
30789
31830
7014
44192
34022
41366
33023
1570
9249
5681
48063
38601
26566
33269
25510
39630
43880
30881
16196
24858
44794
33246
7067
1502
46011
10583
32917
31606
35275
38009
48428
44948
33838
7403
11094
4269
41982
37611
3406
27339
31949
24812
17648
40330
14268
26031
17934
31100
9971
26063
16300
3967
46722
20876
49342
36322
241
19993
6018
35031
638
49393
37852
14618
46833
32862
15125
17575
9950
38781
24778
23504
3629
25339
2886
26780
34264
12132
28561
40460
31150
35747
46024
28193
36640
5539
18731
21677
25493
31441
45216
41420
35132
6679
26240
40961
5044
14204
33874
11664
15302
45594
30612
14629
41944
29441
26142
138
41517
13167
28122
10813
15058
34699
43603
2424
25673
30106
14289
25780
48993
35167
10622
18468
33779
37742
21027
38243
7446
11650
38219
13257
31090
22557
13745
17336
25086
43230
30141
5624
26995
31524
28136
43198
17849
28499
39081
1091
28909
46511
45566
10488
17561
31189
41267
47364
18802
41120
6604
15731
15432
25304
2857
19914
463
41594
18295
17737
27457
29385
19018
2078
1138
38883
24472
14328
38156
15509
23454
4541
325
46172
9572
14434
42404
31883
16453
25896
12411
38981
8728
30378
43317
37441
24448
3716
17320
21378
110
16272
42416
26271
43768
14414
12594
27099
26579
49851
32028
30230
23492
38897
22218
27818
32417
45342
37084
32692
43094
4901
40638
48981
413
43650
18069
20856
39406
24809
24036
17300
9954
4691
18296
34818
41021
22194
25723
3999
7061
10123
29387
30167
37686
5960
1126
29361
34281
32642
7030
35294
23253
40020
11722
33651
4503
22369
20055
48356
46676
36686
47402
31630
34085
48215
37276
33472
23863
28474
5875
5835
16135
8974
10347
38127
16213
19724
43875
46272
1325
5621
44831
36406
35009
45896
1110
17308
44524
24791
42919
15425
21252
27409
36679
49447
9398
6220
30626
32593
11191
8025
22452
40279
7349
5707
34002
11011
44900
10061
23534
161
32992
13563
48748
45364
45353
21659
20248
29654
35999
37848
34154
14362
12180
3385
11135
36709
40817
33512
22991
36788
22227
22823
34908
33050
15992
26681
23883
18500
18389
699
39955
16978
6727
48281
8402
28009
11445
36134
20389
18343
48631
42360
25064
46903
33566
9501
39470
49724
24670
16004
36200
18474
7526
7050
23244
5060
5364
28001
5959
46092
24827
19047
11369
42147
803
44164
4615
24739
19187
47997
29141
31956
11448
39843
13590
20229
35182
2382
1030
48050
40262
38676
22822
27970
16265
18946
36771
43157
27392
21979
28159
30502
33854
29747
9113
26570
5823
26523
35094
43257
46375
24058
1380
47784
29051
2978
33464
27060
24411
43960
17193
4887
14198
48390
39764
17643
18196
33875
6513
22320
10796
25992
2071
12644
35853
15931
11017
37063
47511
17191
37102
15112
5791
7082
49965
10071
5358
5955
49927
31707
23968
37958
43288
786
8810
32245
40888
11038
24086
38522
31869
7652
15950
2953
1090
18014
46221
20495
46625
10780
18238
46918
49745
5645
18159
17995
22799
26668
36331
1523
31738
44350
49254
44729
4870
14312
4498
43287
13557
13725
16517
6076
13871
30951
31901
10525
38836
3946
42215
49285
20103
34379
26860
27881
25945
34816
25144
30217
45281
36024
46328
23134
36819
39476
46620
47405
24188
19891
10242
31195
48843
40932
49143
10897
9035
44725
24137
16571
40874
36714
46087
23696
19828
18139
17064
39861
22786
34476
9232
10709
16152
24117
47341
34864
24319
25140
9686
17549
41221
32207
49929
11284
41396
45033
21868
10423
1505
9380
25837
45368
14291
29670
14648
23187
21131
26337
32856
14202
7928
25092
21500
11049
38736
4948
43029
29495
48048
47509
18187
45461
32608
34578
2743
30342
39625
43032
16243
24913
26230
31425
15519
30350
365
7724
43506
27299
9493
24297
27777
32082
14
38249
6117
5437
6335
30738
49213
31717
38379
26707
2229
44596
3545
26906
33593
47106
36102
32966
20105
5360
27302
33288
18884
48340
3365
4809
33567
48297
21721
28506
1948
44897
28934
33375
37170
48897
18237
5882
26275
48917
35095
49727
33126
37795
25104
12003
25335
24169
44803
41935
8772
15890
23189
28976
29197
44201
10073
20518
49147
15603
1378
19343
8276
44244
7955
8778
41346
4891
37175
36574
10954
23227
32510
13882
11540
26968
36347
2130
5230
8921
44613
18826
9044
46284
33405
44719
16167
4481
33160
6483
13499
24590
41980
15664
34800
36865
30069
48919
47707
40653
28618
15517
11821
43812
49209
40894
28587
45875
6624
4546
28793
15118
11294
28098
48725
36021
38501
12205
32292
22669
16100
22738
4428
22911
41107
307
13778
41229
47351
13415
11781
45542
6989
24212
1808
23219
16834
21162
13382
31794
2409
14645
35370
34549
32046
34803
44557
34974
46537
44756
40224
34910
48799
943
2803
31021
28892
28709
881
24444
22340
22533
23483
12663
46302
25230
29978
13922
7210
5101
14250
5688
3078
44721
12218
37933
45165
31920
10451
33882
25734
23106
14346
10332
8303
49252
28101
31004
32575
34086
15034
35556
46948
42811
1039
42418
37535
39155
4060
14521
38385
9204
38176
34350
27601
46073
10155
36315
17278
13702
13280
29755
22883
9915
39415
18552
28096
20744
6801
47277
28564
17415
16550
41736
35055
8581
21891
48560
17327
23171
14410
36248
27590
35810
33442
22131
36136
21306
21535
49097
26198
40916
5565
21996
48641
26693
40394
690
37818
20267
36104
46860
30622
2751
8431
12148
37259
37861
44428
43648
2819
44747
22634
15399
21556
5977
10679
14205
41750
49295
6456
30808
37815
45755
21888
33627
48551
33502
39453
35714
22125
49700
17745
24817
47192
47739
11256
39608
20845
44399
27438
35169
7489
33697
7000
29616
46747
19469
7020
48771
22600
41573
2776
43159
20170
13365
33120
47977
35113
16334
13676
15234
2640
9258
44698
10395
8992
48585
33840
35608
38994
13750
29428
45844
33571
40038
25943
35519
19940
18478
23658
37690
4592
7901
46264
14938
20910
44466
19532
8483
15763
15008
5178
45112
27989
21200
25302
1996
28269
46084
45264
49997
850
18795
3395
17663
41915
38979
44576
726
46939
29619
335
8609
18952
32036
10947
24866
45614
36022
14665
22002
11787
48478
22366
46953
27040
21265
35803
33772
36742
18405
28676
4991
49012
41589
1725
4880
29315
11783
11824
32461
23078
28384
33684
12022
22512
24079
35453
27568
36258
22019
32335
36703
796
23442
14605
34991
26211
16968
15783
48743
7638
12542
14031
3671
29866
9191
42080
27837
25291
6677
34072
2251
31285
22792
5589
21066
12560
43963
18993
41774
34171
46686
22524
5144
30399
15642
1003
26303
35643
25067
49921
12913
8488
43357
39131
10524
40123
23306
31562
4544
23876
46380
6115
41151
3596
13544
3703
20307
43583
8919
5540
30409
26809
34705
23843
3139
17350
1710
15150
17199
12882
23549
35991
22049
36578
17290
44907
14466
40231
18427
32553
39654
534
9697
40365
18613
47150
46557
6341
22756
14396
2849
2558
30593
29521
15377
25520
32326
2204
6983
774
44414
7637
14735
30037
33209
45577
15418
9791
42774
26428
28929
40635
47098
5535
6597
1220
31913
16450
33619
11430
1571
9393
37749
10272
47444
30437
14505
10478
44715
30363
39942
2658
9447
12548
6839
12793
41114
10943
33896
15727
39336
951
397
28836
32618
10816
4029
179
35072
1658
38560
47194
19553
22722
543
2800
22336
25311
25223
44982
11873
36552
12108
45718
2284
22938
21228
5014
13961
38732
2452
48555
45265
23411
8180
17582
41444
41695
30377
1260
34032
41694
19216
39457
5393
2381
19398
43562
47662
4246
13338
46151
24719
20496
38615
26856
13815
36193
23750
41073
46994
33777
2532
25183
3267
5661
34108
31397
7880
41707
29287
40561
23237
27938
46051
21181
368
4177
18658
8506
47612
46356
34568
3942
26584
19366
45350
25512
3402
22629
33804
38312
28066
2728
31894
4431
1333
44750
5916
38589
48448
36759
49181
11325
28657
37576
31742
15255
39320
12233
18226
34686
8824
14296
19820
214
32978
21625
34138
8819
1195
37831
17950
39677
4468
6383
30618
45665
7311
30556
24659
12906
28235
5552
20620
1921
49124
31085
18396
9222
13957
13139
47926
2287
39202
17757
14693
29711
20874
19099
4636
4702
43613
4764
39108
32277
31366
17528
35030
47527
20951
12366
16185
10118
34479
36889
29156
18172
48845
8780
26885
27043
17402
22438
39603
3142
45611
26826
15506
28525
14153
1633
10455
37572
20342
19198
19218
39345
35670
22156
6617
29301
49907
39312
12049
23397
19260
32581
36004
29426
35394
37949
13420
10169
17352
47299
26908
3014
48605
49759
49636
3775
48739
42991
26454
25924
6285
13535
11162
38383
44051
42995
38990
14381
45464
47191
158
41450
11139
47295
29399
19734
10253
48234
26481
18346
9508
27077
7440
44530
32707
9848
35926
18123
12624
49647
44472
21989
45690
31842
36979
46377
45197
7942
2956
34519
24414
44595
39050
40003
36466
38568
48348
3600
20608
17680
14013
10496
23065
6695
21657
4155
46415
43189
1728
27578
41859
3147
17845
3109
3699
48853
8524
24563
17174
26438
6147
29265
30798
40294
15941
3618
9435
14627
2981
17951
49149
10835
23859
10974
45719
17266
43949
43047
13795
709
39204
46575
12988
10458
47882
49037
23772
41518
31980
34008
48228
15244
26583
26832
22334
43588
27402
7366
48673
3722
13496
42973
26223
41588
19340
41704
14928
1802
42857
4524
3302
2469
5528
15964
24291
16099
11973
20638
26100
16893
6276
28157
44178
35543
13472
18407
13905
29450
11192
3720
17889
5978
13802
6850
18227
19758
41654
32557
30770
34942
24702
7824
9782
19235
27942
3874
49751
26426
26492
23520
15883
3512
16748
39163
12713
20155
24539
23348
32419
41768
48810
44211
16479
6979
7831
40664
32835
4534
17694
12666
46659
17096
46447
12702
2544
15381
39056
45164
377
36420
8763
20657
41767
43585
16105
9345
37363
25280
40665
11034
34930
46438
4071
22609
38688
3152
43808
5416
24826
3783
48850
21025
39708
27028
40803
32515
31757
32965
544
3233
44404
44305
35984
27325
13837
35565
7673
40296
14680
19824
26601
29138
7650
35515
30608
32323
15493
32572
15466
41115
25646
22693
14314
40182
11859
26501
720
22638
22202
31968
35524
37555
23910
26038
37385
29721
41843
41872
47243
22615
30075
17345
30760
47765
15480
20062
28114
11929
34497
5511
653
19899
2924
42166
1983
36528
19527
36696
18734
34102
4362
21291
7513
40415
24788
38973
35323
15086
42444
44215
17925
744
19046
45432
36690
47183
13006
44415
15729
30883
43512
6779
17589
8540
38631
9586
40562
21678
17795
5398
36349
28720
34516
48620
33597
49004
48235
32430
25556
13857
19431
3121
29925
17896
18803
28880
33083
15972
46080
15531
45929
11368
3007
8236
8222
11248
14105
34865
39212
7943
31598
43221
20264
27800
18246
9023
16398
3962
31954
17222
41510
30035
4890
36622
26468
20061
26312
47910
41824
47834
12514
12370
49817
15516
1322
17023
6401
22619
49593
18091
42575
35614
29694
22274
46309
47758
33707
29643
3604
11877
26985
34808
26762
4602
2001
21714
44526
1010
43128
7516
21376
21919
37850
44991
1864
19115
10945
38837
22648
31800
31332
14986
3135
48940
44904
1508
20298
47253
32256
8319
11643
22138
11396
48330
4662
14405
8990
10103
21163
28504
24727
33629
29077
35920
18573
4360
6391
1967
24222
22472
5018
36842
1022
28523
34433
16814
30030
3421
75
23869
4574
41178
16507
12692
7036
28069
15491
5582
18867
45648
5111
37182
29316
4556
12758
7934
26754
37432
36072
40881
48587
46993
17036
33369
36057
15172
14069
30566
27691
13783
16118
13990
40551
17573
29684
18968
7666
7368
31222
45348
29594
39925
4348
9620
8668
26133
18878
31231
3872
3242
23278
49370
38004
23610
17146
48078
47689
18650
1792
29163
11272
48166
7803
3745
45916
10573
32418
41869
7172
26852
13859
28025
17706
41991
23798
12072
9049
32793
8
17380
11114
22852
665
49243
4279
36377
27681
32644
11268
16375
47550
47059
4616
35973
45596
19474
35882
45211
17167
46183
10241
38177
9528
48422
33901
13413
16628
27540
3858
20287
16923
41926
6543
5668
35528
7355
46547
11566
9590
46798
17691
8922
23268
4587
2840
1272
34262
8556
3533
3868
18484
23960
27407
27546
24533
37078
22565
26128
4370
13476
45177
19605
35819
27193
593
36307
40969
41270
5928
22214
19636
23932
13450
1745
23667
28600
32731
20734
44487
48582
30601
22657
45335
24442
16793
11794
24095
31857
8826
33519
43871
1312
43637
9665
13664
41206
21820
49766
49255
815
2496
43782
2103
32372
28832
41090
35402
16966
34513
38258
27090
44941
39844
49794
19008
2901
48817
21968
33331
48942
29595
18079
422
29635
21369
5893
40188
37424
41335
7409
32763
22034
37721
39381
11746
2702
8215
36235
31731
14080
23054
1273
18364
30617
7905
41011
36398
3735
42170
46652
40818
4109
24529
13372
43412
45106
23988
38915
16759
10629
29492
11006
15944
3723
12859
1271
1411
43547
40552
17563
29010
25072
23403
48276
6960
589
28264
40015
36310
40914
529
15748
635
36254
43123
17467
7448
10055
186
22668
3205
1006
37522
16751
20233
26265
21043
14032
40334
13748
3148
11869
16797
22656
13321
40691
20933
40297
38442
41355
11600
25149
3097
38842
43780
13245
25942
43829
18710
20562
44140
1731
41543
32386
17915
2346
17399
47394
30774
32984
45787
5189
49448
14742
38084
22322
46572
3634
43350
31015
12189
42334
25736
28481
34410
24121
40814
13574
45306
4047
201
44677
16143
41686
21937
49350
40820
45868
14548
44547
30703
5927
12672
2612
39032
33825
34957
6063
14852
1543
13389
41591
43744
13115
34272
9685
10745
46135
18451
9093
2646
29353
36550
43474
49945
34023
36872
13426
42601
31818
33307
42236
19064
12595
1094
758
35216
8061
7232
46341
39489
17241
46680
33924
876
12277
47840
5826
10318
36826
33155
5953
37040
5183
6812
20511
26282
9742
39112
7430
47198
3494
10246
42312
39442
17459
48612
29729
2759
10830
26355
6808
47619
11713
30684
46293
18024
22996
15827
28830
35162
25665
44696
16879
15674
42524
34990
32737
34703
2298
3922
23395
45444
3027
13920
37836
35751
49883
4484
37524
26320
23526
46323
5997
36717
14448
11538
43888
31723
47312
47682
9339
7103
24852
25990
49326
21305
33813
216
17250
18298
24384
17066
17974
36093
20930
41467
38410
37285
8463
300
26069
49459
47293
30477
23371
29764
47899
37598
47697
29630
48477
5428
38245
13505
26388
46719
12124
1604
4588
47169
47726
37546
48597
42764
43843
36815
44894
33541
43193
20415
44537
44075
47082
28713
19975
39860
44481
37166
48580
39411
2604
24239
26181
35217
39690
14830
45945
17947
1555
32402
27778
9353
14437
5769
18852
11697
33122
9229
37936
49222
35403
947
47501
35681
44310
25507
35611
37871
45651
3466
6201
37230
40586
47097
4030
11
12034
46528
30192
42785
29190
45639
13617
19861
14957
49666
40593
20814
28253
5730
12377
35657
31173
33012
27186
31747
19295
39351
28707
21861
31603
20160
36269
717
8867
25704
43556
29270
38803
7111
17234
26273
33241
27227
2312
17898
26194
14730
33839
9177
5663
12711
41165
10805
38849
24468
13845
40702
16259
16695
29419
18914
21561
16086
21392
25977
39802
6122
24925
1924
35833
29985
41549
40318
13040
500
1585
10690
1605
8019
33020
32767
11340
585
20504
87
27740
46104
21030
32569
26771
15239
26041
16562
18262
38500
14336
31465
49410
27891
47386
16656
10037
32829
45213
30348
23287
4451
24396
47360
48826
11055
48696
26151
8902
14699
27136
38071
25070
21800
31632
49835
10814
4234
27808
7764
4329
26884
43185
32356
48949
4182
4826
1861
48648
28307
35998
39179
14777
630
20892
38791
26109
3105
39084
12410
38748
30473
22368
1182
13732
17808
25264
17517
9615
8408
49532
29877
14531
4555
1418
3087
34151
39606
19787
9290
1538
42739
31291
20380
47503
6214
35017
47872
25988
48891
11795
9480
24072
31718
46525
16393
44691
8938
39154
13101
37425
45905
34158
10718
22558
9775
26327
22824
3322
23061
37914
5135
26687
6258
37030
29516
3584
37723
19704
13325
23951
23663
12104
10727
30321
14390
46393
48846
45005
35186
1454
15305
42220
28511
15672
43341
25978
25563
33436
49022
24616
48711
18258
36121
44456
2356
16342
30483
11239
41180
8640
44039
43546
43067
45437
39560
3728
1071
45615
36897
47165
42126
660
20225
44504
48307
26854
27916
41691
42395
6701
27425
47432
49263
15219
27157
3032
44027
36260
24800
47221
22179
16583
44787
21479
34807
15098
21473
40164
15828
27292
34115
5600
45968
36601
31251
20354
47600
35712
35146
8726
12893
49015
25394
31054
35782
21167
5517
11690
41878
22332
21225
21756
42249
3519
48657
17460
24745
3163
24545
29231
3366
10181
32691
18395
27897
16764
45014
41595
26199
31083
36410
7343
8291
25071
45829
12472
45568
8682
14222
35510
4388
12130
38345
6815
45358
49462
1402
21538
26079
26907
42306
22893
36607
19513
22987
39873
26055
9193
7140
8598
25590
1934
27408
35115
35201
32704
48763
20107
35761
26461
19799
47377
34317
26442
9369
43673
25238
17944
12822
49873
38510
11134
20330
21512
5303
17893
8801
47164
1359
23309
7522
9019
46829
37197
7835
16922
36221
20216
44453
31385
20557
22008
48460
30136
23124
39278
37665
21767
48796
17478
49385
31463
31517
1925
25359
1302
3917
8254
18887
49420
4146
7894
14556
44248
39834
5046
21462
44825
37465
12311
15505
17021
7445
1350
19425
38844
42398
27264
14846
41680
29191
35091
45128
10248
5396
13192
21952
36592
4638
36144
9575
22616
44245
36741
47817
31301
10083
1248
42765
12031
8502
20142
15341
15854
6218
40417
26785
44692
31104
37874
12821
30067
8405
6106
18459
10887
19829
29074
33421
31474
48090
33045
29297
9272
49481
14900
15638
41781
35108
49236
44702
3361
15784
11884
42384
40885
1222
16001
35243
44052
49871
3383
8203
33079
35821
41365
37343
4868
26585
9933
10339
20036
48053
5077
10060
45019
21081
18093
16282
8013
30440
2671
8450
36518
23249
40125
41246
31755
43792
43766
17011
32443
23048
33168
30768
29247
19604
48123
40208
32703
13297
40006
43634
39341
29840
15137
42654
38800
47234
7416
1161
13589
32775
45962
23312
12490
12669
8039
36856
16413
20448
49328
26598
21607
6101
13035
29926
7619
9179
27222
40266
48878
35779
48678
10687
43223
40797
12788
39417
26306
34867
743
22912
795
45223
34626
10240
19393
13567
27352
41633
39804
7361
34504
16095
28232
29917
6020
37054
43399
42328
17988
12903
24061
18485
1287
43717
15204
40200
17750
45316
11216
42072
45221
7553
11079
48989
7027
30571
14540
38919
49826
35699
10310
30390
46950
16248
35656
35259
2335
16436
47391
41175
43269
37101
25102
28617
16183
14480
24671
39827
21414
28107
33225
10863
41778
1398
37915
32663
40115
25338
8809
44957
9122
33063
5038
20698
31282
22457
42113
19858
18318
10519
19924
42090
2984
6294
631
34901
30815
36374
42827
41604
10971
30305
15413
28979
32976
47647
29382
39639
1112
39705
42481
49117
21507
42620
35971
18947
35805
9978
37779
36225
13488
36627
20699
25836
36198
24038
36834
26417
31177
7777
2475
34834
21289
4359
27594
45549
15577
7705
22998
12688
19417
4953
24799
6121
34890
6648
19353
10340
27853
10101
49281
38934
11551
15277
4486
38147
1913
29364
23631
40515
3675
37012
34174
26660
32244
8156
41958
49922
49848
39490
4683
4483
4211
21466
37812
8558
11068
16991
31590
44508
39978
22039
28726
3585
27781
1425
22895
20215
271
24683
48385
14316
18345
24348
41328
1714
46440
17599
4352
17609
20750
19888
19917
28204
11358
49017
37759
4677
25371
33533
25233
40059
25731
33939
9152
5485
19040
28519
27952
33861
25059
36715
25999
18599
13031
5526
43865
41583
6321
3982
32316
17224
20374
35818
32622
17519
2317
20523
47924
38003
10150
3429
9531
40163
36797
15087
33198
36766
31324
3144
25013
15386
33885
1489
37726
23841
12638
48861
32552
30786
13517
48764
24893
11757
31000
30042
31659
37253
35442
27722
357
28998
13406
44973
6403
10858
42368
30854
23955
33080
46556
37431
6463
39975
11829
3749
30428
45894
19154
20278
44936
7495
28115
19732
13822
19616
21589
19856
33513
20026
386
34655
41640
8189
22981
48705
6898
18579
7545
16733
28558
47027
11130
29869
7699
1794
17779
1775
19157
30623
1080
49239
33048
19151
18832
31506
23275
41164
10097
36618
47455
42293
49653
29453
35538
31977
5561
29066
20168
37821
30266
20690
41697
34290
46391
13177
9533
16046
8416
43884
43767
23373
25364
14179
27713
32363
11206
30849
32901
11950
39816
37174
22660
8464
16496
38710
46453
10440
39527
43263
44735
7609
45013
44871
32018
39414
12593
44502
12334
20908
30509
6895
17172
30974
28213
30252
25203
20329
36858
21384
49863
25557
16015
26815
27775
18256
34000
47917
48757
38825
30489
1787
14042
47782
20976
20687
10160
1068
30888
9406
23627
13333
42026
26114
11968
45797
10701
40580
47642
45601
37477
34458
4354
38716
2620
43534
19585
8016
27345
7751
7846
37369
5839
24130
844
46149
37748
49573
2427
44943
11524
11641
46934
3563
17339
47776
12739
44600
32688
7992
35922
25636
49804
1910
40342
25177
4950
15052
21683
25474
26910
35138
46954
3444
21044
42666
3131
28225
27332
10617
46641
10501
12372
21251
9028
8676
29698
35148
39173
37014
4129
41160
17265
47865
4521
24146
45146
25258
34995
29825
43039
24389
31238
41895
5573
11907
19897
39193
17780
29554
35638
19546
36968
23675
2580
32432
42874
7935
36330
12245
681
36760
36537
6528
21094
13809
18080
6268
22776
16675
10980
20038
23505
43172
25217
8916
31367
13613
35992
5213
1697
36286
7317
24863
43472
7225
26558
26629
40527
16540
4758
13330
4444
13690
48929
11755
13941
8429
36495
41855
30831
23753
12432
16321
7424
48858
47398
17531
9073
49707
8526
38126
48323
9015
4828
18189
24851
35911
22791
45144
33841
19495
13707
16906
4740
49135
44827
31308
27602
19574
1987
40397
19976
10616
48807
24937
771
37469
49035
9748
9617
42242
43810
48205
27562
31335
41880
15703
11085
23914
12320
35068
32716
37924
18334
7283
13419
37884
38197
22079
18602
36034
15738
2904
46921
34638
28740
42659
7599
41687
32090
14257
49869
1257
46025
10925
1663
35547
40314
7197
49819
21279
29977
42709
42202
34796
32601
17567
3777
45506
16654
7670
23938
7186
32484
35122
13063
5137
11474
48667
18618
48868
47520
37288
11278
10762
2989
39288
8673
10647
17877
17394
41757
13471
83
20677
40883
38576
17003
21614
33505
49875
32578
21898
31547
1275
6709
48630
46485
32659
211
21061
11959
26883
36628
11352
48037
48613
23214
28981
19037
24669
35842
40204
17127
4725
5660
2464
14365
40476
26948
2574
25168
40462
17056
1704
24189
13733
22886
38790
15075
21931
14415
41608
36918
42378
909
30909
31272
13660
41967
7119
22974
22088
20220
29614
40510
3578
39655
25865
33451
30938
1825
41402
30414
32782
35816
28231
7108
3807
26389
33197
9478
6429
8928
46695
14452
39857
8339
8621
9752
49051
27813
37033
21502
27241
41545
43993
5193
25208
32050
3681
1246
8071
26855
42112
41858
4768
38470
18460
43309
21946
42475
37932
22763
16818
44699
46656
18945
12016
23724
13917
15562
39521
8644
3461
2835
11024
2013
41200
13655
28334
7222
24154
12816
4500
24998
34394
34061
35906
40728
12290
33095
48188
48537
37621
9459
22142
34423
20403
962
40877
46668
30614
19212
38170
30368
3119
47170
31950
14515
10305
3325
11357
49112
45462
16260
42994
36756
35049
49072
21768
44484
15761
32026
47396
37126
18497
46179
25069
3808
7918
42955
21138
45465
38375
21290
36727
45817
22959
7267
47875
46240
36539
32588
46101
25501
9209
22128
39797
13005
24508
48721
26695
49169
38102
49271
923
48607
10743
29345
42341
14677
38018
202
13906
46669
3160
39607
13003
14122
22980
20234
29690
35257
48183
39253
28020
48906
23232
24601
33649
49002
17438
33795
23781
31402
12951
45237
47393
8036
9753
39985
44293
28416
91
13911
32429
5003
33157
34689
26944
35718
3998
14265
45132
13464
46552
21618
18092
39743
4515
12536
30448
12
14338
4175
47116
46175
23839
4547
22276
39579
23872
33207
45815
22225
32291
28041
24201
360
25297
21078
36003
4223
33868
29325
43450
39552
48976
30865
44217
22587
48658
41173
12095
22550
28451
48634
41763
44349
14663
49840
39046
39147
49241
41032
27097
33894
2391
22395
33555
26837
5484
31028
5460
23017
30278
16712
29676
48044
18151
26249
43487
26171
9499
35455
45469
24806
25581
10462
8270
9794
45959
39190
4347
23453
20790
40827
12240
33100
36928
32465
19836
21243
17786
3927
15439
46336
34657
417
20422
44272
5315
32668
30592
16726
24335
21390
44988
41466
15094
49629
5607
39543
32144
18218
1833
25107
1581
11560
5863
3221
48787
34140
28303
17417
38635
19953
36369
28120
47945
16847
8667
44573
7535
35649
39437
28843
38995
9677
16516
38590
37840
39794
46533
915
49881
33773
28064
24125
5313
32919
19270
23714
4846
27475
18607
4299
12852
49476
36751
1144
32357
37623
41718
38702
2463
40353
20442
15858
4507
20839
29949
16345
40806
45416
14934
21262
16612
23854
14441
33503
4366
15444
45176
18881
10205
21067
25979
35431
26191
18132
4441
10438
74
13285
27830
34150
30338
30624
29279
42643
33113
7765
44730
19597
37904
21100
49802
24458
39753
29208
38307
45763
35808
2213
39279
34461
31438
34333
18529
42664
16911
4728
12454
47703
16692
27907
34988
30273
31146
17819
29244
35303
40962
4343
35505
49274
48908
1163
32926
22827
46118
4204
21645
43996
18521
11299
4738
14697
17274
11616
7507
33819
44351
24312
10279
44799
23285
33575
35550
27866
37975
42356
45009
40197
27052
14678
8580
11837
25377
4465
31172
19321
47750
20294
2622
42828
27849
33162
29902
31071
4904
7810
1487
37674
46751
23493
39660
8608
7778
4372
6538
7941
49702
47949
17311
1908
9168
45708
39224
4187
45861
24012
23102
34347
5007
22921
36156
15540
3727
36907
29997
32013
5567
45658
39788
42885
39959
1012
13504
1515
18381
43600
26252
20268
11522
22542
4334
26969
47901
16766
12170
22361
39879
40052
31884
12643
39268
2444
8994
15767
37327
16744
13222
11137
33735
16856
34488
45656
24718
7180
18170
9370
12987
49909
21036
44598
41743
14859
28158
33783
27113
33635
679
42996
31596
15379
47415
41884
17469
2874
689
8445
45385
46332
41027
32374
46949
44709
34614
145
14553
2947
45716
41303
31848
35624
36608
768
2581
2453
40621
14147
2716
24875
9866
12060
35655
7060
8599
11614
8718
44769
11105
47627
19038
38491
1875
9129
29044
19694
36424
43464
14009
16719
6914
39584
29346
25767
18659
28144
31710
38992
31228
15187
15437
13443
41575
8838
18855
11212
39831
20348
35177
48210
270
30267
24593
36048
26807
25237
4471
22577
43689
20180
26260
2534
28180
14416
36035
1680
25430
128
5643
42278
22443
11504
29406
8290
25720
8487
14450
319
37882
8527
2079
37257
41040
42844
35746
16945
15698
23942
7714
42726
32115
31084
39577
30083
21706
16314
23924
36851
24700
46982
47056
5508
3690
2632
43724
1777
9922
49483
3173
26920
9884
45539
16845
43914
41025
17760
33477
792
34676
19738
40843
22480
9440
16423
38674
2471
48232
13205
19171
35374
41732
942
44028
11279
15884
26781
37982
35493
45641
40693
40013
2171
42611
8496
45363
14995
8012
20732
39423
6178
9862
16647
28192
40079
45175
14224
22283
394
2895
45210
26326
4554
43935
26287
16306
23578
3194
2011
23368
46470
9566
2787
9014
14028
36906
9913
42782
43653
6629
16741
23816
9233
19252
26394
44669
19122
1587
26419
35753
26150
40275
36959
41057
9262
36446
23933
15745
32155
13369
38074
30937
10626
43460
9795
24504
16007
39138
907
17425
48000
9155
2195
46683
25970
43558
44974
40205
2157
15742
43068
25143
48594
49431
26811
13286
22924
30000
41341
25312
25530
44979
23879
32164
43387
8244
26256
9727
17218
43942
20803
39220
43212
39482
31197
9818
9031
11769
42336
31885
23856
24381
25476
1153
39549
18416
3932
20156
6607
44901
11266
12748
38472
16965
25029
16144
45561
22988
31411
11090
27507
27298
17305
33253
13738
47623
29396
27056
15725
17693
29392
22287
35932
17418
36838
20982
23815
40181
45533
33068
37809
41625
41154
26222
42508
38476
33060
16891
23928
6439
16258
29832
721
29710
35522
11532
18996
32057
32684
40747
16357
20245
40697
20131
2389
3748
27194
39534
49361
10025
36822
37093
27046
20964
12722
45245
46199
22838
7872
9983
10955
34688
14944
9383
13525
36998
3918
34522
5443
17502
41508
46180
1551
17414
10607
41771
16836
29974
46449
14837
38333
12620
18479
3661
21431
48214
17650
9022
39066
27806
15071
38279
8812
43587
693
47710
9190
47368
922
26912
686
3862
17537
4892
39324
34339
41796
6425
31987
32131
22255
5770
13689
23959
48108
23796
1844
37902
33787
10227
37109
35175
5874
26740
18965
10544
17395
32122
31328
26189
36141
2208
21896
809
36094
1100
45587
651
17128
40032
48882
25083
32640
36988
7687
46489
33108
42938
25795
34020
33014
3405
6735
45478
39923
20681
48251
40160
730
37159
45812
13458
19656
30583
25578
25838
13099
7643
15082
30773
22661
6996
15422
42146
44430
18525
45591
46291
28496
38037
31855
9614
17513
37566
4951
11604
13997
24807
8169
18342
4700
24241
26346
43080
47445
40989
48149
15984
16440
17319
49358
38889
19947
31461
38744
6373
15879
8141
31996
34028
32230
32828
47336
47602
46166
31661
30188
19921
12823
2949
21555
38860
31196
48344
16344
42800
30551
24794
34144
23554
19159
14589
21331
13602
2585
6716
47278
6896
17730
36451
32414
46647
16535
24165
19524
18116
19892
45792
29195
15136
14029
6919
29434
38509
49014
38013
30096
3741
35483
30833
11112
12429
46254
8335
48019
46247
39199
2300
17432
23414
22093
6172
28375
33149
39801
40457
6247
46111
24403
19868
10824
25874
16657
39237
8368
37713
4365
40983
24581
17051
13180
4820
11623
25863
34805
12408
44701
16437
21321
40835
34019
47835
15414
11791
9657
40377
13720
26541
23970
25310
4884
30185
1793
42445
46650
18750
25991
41981
20667
24386
31423
15643
35673
23577
49494
14295
41269
37806
31529
35089
31064
19098
40604
31482
36945
11026
22390
46143
41490
43664
21852
6610
23495
48253
43023
14789
45709
17015
14922
17991
21092
20542
37136
26594
22071
33518
32116
29660
36927
40607
21697
21926
41626
14211
765
28510
12202
17209
8690
48020
31587
7010
40239
45424
46583
14602
25624
31827
16637
38132
15898
15686
17722
32930
30757
7269
23217
7169
12339
7871
26182
43544
43921
20162
2937
3225
26859
1738
8952
3184
28633
30090
7288
7801
41308
41741
26054
43055
15646
2493
7353
24018
13479
44882
18011
27880
45120
43886
46906
23880
2411
20669
4330
26034
34183
12129
7358
14177
47362
46629
35054
17375
48256
5112
40641
2951
42182
46132
41976
25470
45631
16914
9512
6859
11318
33797
19418
16101
32145
39961
29320
41894
34257
23247
46551
5899
20210
43496
5374
956
45008
37770
19020
18793
43299
41317
11510
14324
22713
19436
6972
30430
9052
23809
40863
648
31882
33815
28542
12836
286
38136
17964
48809
31809
26984
17799
11711
32891
711
15079
31998
6436
13769
14877
561
38398
24423
48497
15958
12743
34329
8914
44348
8250
21809
11197
18988
17503
30221
2576
10397
17079
4206
42681
8208
33973
12362
47259
34456
41268
21345
39673
33089
17985
17776
40328
3359
48684
31223
26217
8049
37828
34224
32040
6324
33272
27189
40277
17223
18234
49914
1964
18704
23038
18669
36598
11736
28839
12443
26146
17120
12963
23847
33692
4601
37658
8062
28400
34296
25752
37867
5394
37951
47547
6768
33580
9072
831
5385
21770
49161
4470
9774
27063
17556
16809
9789
30780
45203
33509
35198
24316
14307
30877
39569
42932
25368
19559
45188
28280
34401
35927
49821
27172
37238
16211
34353
28121
10890
9548
4436
48956
9801
20041
26024
35224
43881
25490
1972
46890
4402
29379
6883
14370
44353
170
5601
22739
5904
41139
48487
19689
42773
25698
15039
15348
43906
46198
38904
21537
49545
47785
734
5052
32097
18923
4038
29008
46530
46702
10126
16579
17752
9769
19827
2038
32827
35980
42263
29617
17903
41338
29111
23153
37988
18303
9808
13509
25222
16680
47767
3658
13681
6274
1089
46690
49711
5880
19440
43134
1998
37891
6968
6966
13594
30753
6650
7195
32168
5563
27896
37832
14565
49994
26656
6388
36507
32099
7194
48660
12057
6702
3246
33404
24638
23363
35232
45458
41689
21492
19954
33968
32728
35896
36335
21651
44020
3639
38234
21185
24500
25663
27504
45702
30862
44479
31307
18229
40128
40553
16636
3638
416
9146
10393
37520
28743
14796
13934
14311
23393
3637
2794
11541
41725
11708
40201
8748
37543
22564
13635
20053
171
24567
39309
38008
28642
7294
1242
26602
31917
20006
16108
24225
32367
31938
9448
7704
29101
45724
32170
29046
40709
10763
43602
37384
18245
15140
38144
14446
11667
32211
8108
15113
33889
16391
49910
24465
48486
14195
39634
19907
34650
7660
47564
7327
28847
21524
39513
42387
41354
18115
38962
24738
46501
20467
8422
40830
29482
10138
25448
10938
624
48079
36312
19470
13320
39624
46342
13136
22766
4237
10953
25278
34364
12228
46713
22748
15184
15254
15392
33006
8890
34184
2960
3830
43957
34641
45505
20671
34783
32780
47096
37275
48107
46450
23747
2285
25956
22647
20034
2222
1280
20024
11044
3100
6619
44009
41758
20312
2643
17071
43479
21153
44127
26661
31297
33873
18506
8263
7362
1882
22592
44117
25937
849
6198
13490
29164
18488
11277
28186
18289
35391
19965
5427
4961
5286
38418
6840
2818
38712
39933
22828
47247
37735
17993
45137
46749
33778
41661
22394
39642
8242
12194
24502
8993
40685
19323
38839
36494
11680
48105
8307
29609
49063
43413
3551
44342
32842
32853
45546
16051
5990
41418
25638
20297
17831
44227
27133
34774
20770
3304
16889
48245
17791
5536
32558
39186
47014
4782
45404
19721
28773
2897
5232
48072
13470
15110
42102
46612
35584
39094
41129
10038
17980
37224
21889
33179
5452
16406
38139
11516
20393
11848
18239
3930
20599
20525
46173
12599
6942
16023
5946
5533
36683
41417
19443
42636
35364
27346
3742
5486
22977
1815
45768
20723
4989
26200
43697
34544
46937
31205
5821
38778
42477
47713
35600
7960
26850
47287
31873
47774
23427
34105
35633
10788
48372
48542
759
18728
9466
30894
45202
37716
23075
26935
46977
40801
1631
7840
18877
39647
47640
44460
5291
629
37594
30220
32087
30628
31657
31151
23683
41523
3709
24195
30642
11331
44231
49879
43848
48244
26118
38031
36723
11408
9690
8028
2833
34860
31351
18420
14717
11512
15221
48076
39038
15846
22381
33740
36542
22925
7741
2848
14506
18174
30484
48264
41034
15356
10561
25110
30349
162
42251
9719
22210
2096
44302
41897
8098
11548
24367
46140
22654
26441
18409
35264
30772
23783
37163
24975
34507
11867
10375
9583
32638
28937
7989
47426
3094
37517
41210
47048
7614
18861
29533
35755
12404
31566
45238
20924
49141
32089
33287
39694
1854
23430
35508
18221
47874
5019
48640
5599
3040
2845
43816
44251
21666
38021
13891
47637
21165
45652
25425
4193
44149
4520
5761
10752
30866
11555
30123
24187
6188
27829
38888
10472
32890
22529
4647
41584
47694
5140
46057
45869
32531
12015
13148
12843
49294
20754
25934
25602
30357
48112
14898
35382
22563
10536
20067
3628
35988
35160
20791
5084
25330
23063
12153
45379
46409
17422
42583
3938
10772
49343
17044
18641
38151
11970
3332
30828
24355
22121
10934
13483
14229
16389
22691
15073
10840
26616
31559
20842
12356
2021
33324
12044
9596
12914
10505
49735
18073
31039
32153
35058
25453
36568
5590
48132
8970
19571
20345
39952
36043
49672
8727
31304
27400
10729
43553
3358
35277
11082
38965
47946
28540
23727
34199
18976
31369
4107
3213
5292
42699
22170
20685
27442
38046
4934
35683
30563
32534
2133
14008
27500
13246
24460
7273
15012
40546
22624
46897
38616
24537
42381
42319
20450
17263
42633
20433
19555
2795
42851
36729
39674
47613
19887
4665
9874
29057
44807
29581
11459
40943
25429
45985
41596
16126
21762
26016
28661
12961
403
7229
7833
10512
6974
39122
31833
3409
2810
26505
34992
36071
47585
37825
48502
11283
45603
3873
24362
23372
7333
19511
36284
41048
4836
16592
26719
25701
13958
48379
38336
32257
2281
11036
46957
35029
2306
31966
39451
21126
1548
22667
27477
12257
46628
13203
19854
12059
34804
4865
46648
29416
47888
19088
46986
23678
35265
39938
3424
42118
26362
12645
10770
41223
45143
38972
23884
2692
46962
19307
203
15771
12973
36160
15690
8977
38910
22384
25216
1993
14929
46070
36133
36621
29798
2183
46504
39901
35940
18722
14907
1609
15301
7912
10313
12355
23660
15235
1392
17588
24296
13274
1519
36154
24455
22173
8359
17640
25652
14924
10926
2820
35757
26409
37569
979
17124
2070
10950
21037
5122
37939
31709
4266
5896
30958
242
48394
43213
47449
60
18250
3072
19515
34832
48999
49102
1845
7144
24004
260
21201
6140
4511
34087
13058
42087
7326
17592
32790
12278
36273
712
24717
10389
42154
29759
35871
753
11861
44034
23596
9367
45488
20516
34396
21347
16728
8438
27463
14155
44693
22401
17830
49164
20395
29932
18286
15289
39099
40455
23637
38709
39405
17057
49692
10930
39667
43813
12014
46413
43743
45735
45670
42003
2137
18888
39441
44255
48768
11483
13678
41265
29969
7864
16663
29442
11390
7792
22544
731
4639
16
18902
10263
25133
31942
14575
27162
32587
29162
37207
21582
34826
19628
9106
39824
40216
32945
42086
24532
21648
30905
22978
45618
10655
47468
31094
8492
30817
27729
26724
40363
13581
1988
7383
466
2010
17389
6410
49796
45452
42352
12012
34164
8747
42411
31786
48286
35172
10699
13962
10868
19061
12075
24148
34882
15655
40541
6361
4411
23782
35074
34632
20540
19309
42209
48329
11348
15247
20012
25483
25047
9094
34607
2228
26651
16251
23142
5854
32007
29598
5847
40559
18816
12734
23958
38390
42287
40643
4843
40145
41017
29228
33187
13838
48316
9412
25539
24387
32785
45758
600
14294
31672
23060
49694
36174
14481
17188
29144
26894
42322
48213
1693
46379
17390
13049
44400
25162
18874
45147
28254
6232
30568
11782
45569
31310
43182
10735
8226
21832
17610
16104
17639
23030
20773
14171
38454
39907
25268
7564
2744
6080
537
27287
46801
4474
32320
1104
49000
27355
47476
32652
13423
2657
29338
6193
4608
2065
36706
47462
41124
37752
38579
560
20670
44784
36972
10766
41719
5551
17703
7850
46803
20472
23131
33734
6486
31020
32024
12047
24753
37351
25290
35781
16668
35872
36565
30517
1177
39895
16852
3746
46074
293
41769
7268
13027
18775
2422
29766
44746
47223
11685
34756
42478
42347
47036
33698
31897
25553
16130
14200
29420
23437
37911
26300
46128
12503
30636
39018
41918
28301
16204
18534
29052
35436
22664
17372
3568
934
47210
37912
7602
35789
7354
8749
13100
12673
33957
8029
7501
7926
8771
44947
5039
12588
21686
41642
22077
37864
33322
7830
1995
44107
48557
27665
17872
5914
13264
17667
13821
35594
49073
40834
21857
24120
21782
42525
9570
37031
25235
37942
16874
10215
14513
47310
35498
28076
33636
35026
35788
23913
10823
25951
10707
16417
14748
45070
3571
6305
4318
3166
29987
29474
42178
46909
7408
49728
4753
37669
35742
37596
19499
31321
16070
18230
31790
43844
826
26452
44618
4886
35730
20475
45550
9907
16805
24025
45248
21453
21112
45227
18868
35103
19166
2764
30064
42037
15825
43079
14719
22958
4984
47290
45382
22935
41452
21177
37016
14534
6196
5804
38141
41624
8806
10848
10584
16487
21748
36149
28683
39757
23112
35769
49664
8477
16615
44147
25469
3895
1021
9591
28055
6186
10030
43377
12891
29722
1052
25154
28288
24451
48890
750
25984
19447
36904
30476
16156
35978
797
18917
46872
25367
35344
1410
43607
26204
29143
17041
16729
35046
41362
41557
11106
40913
32302
27281
14140
24600
18070
25147
26427
43431
31665
15613
20855
20316
26862
3372
8281
29093
11151
825
22038
9849
27734
2445
18188
28864
13554
20176
7138
46100
42448
47457
25263
14647
7231
3724
10015
48565
8620
41612
12920
40437
5368
27191
32864
5332
28818
10352
2939
34666
25055
18483
10918
33910
24354
47033
5705
25721
12613
39958
4069
7129
6034
27847
7860
6682
19411
31389
46990
2915
26552
17656
26335
49348
20658
23004
25444
16842
2051
16278
11666
15479
34517
39158
36767
9489
28727
37119
9385
38563
43549
24939
38200
37035
43449
760
42920
35631
16361
14601
4199
4375
1661
39759
15383
3089
43251
48666
8292
18113
14639
16499
3540
26136
15230
18517
25424
38814
10977
5401
32311
17004
41201
864
46985
10360
27508
46230
17181
8666
30232
10172
36197
40425
41451
7994
12467
8894
11952
7710
48147
25342
9642
11881
34795
44723
1221
28699
42663
37513
49016
4274
12617
11864
11742
34869
23906
49380
30024
40625
16289
16580
40977
44999
27707
25668
25192
47189
30097
34822
32643
18509
11819
30344
48083
15426
37115
48225
6108
28411
49870
31871
16714
47658
25204
25892
32528
26376
49613
41989
1922
24357
12474
15986
25877
12473
31551
46389
28008
41811
16473
5214
40287
14978
15826
37277
9747
14501
24748
47424
38550
41515
15300
9321
29425
34518
1193
29857
29341
22971
17088
45272
16062
32719
3713
43211
17552
34854
39361
42976
11723
40096
21676
23351
12005
12310
4382
9071
19335
6162
16429
39814
6724
27807
7462
39551
36
44432
36499
10343
41389
37973
40953
13008
37830
9964
5383
30897
11252
1178
5814
14833
16862
4125
905
27968
2267
44450
26030
3834
11157
34448
29009
35262
22094
43991
44032
24895
43383
32503
5720
35170
23553
49418
29627
34017
31512
25705
32259
722
18371
42408
21214
17676
8606
36059
47931
23999
33952
21237
10214
28862
8972
37229
1907
20889
6007
24859
23303
38495
29400
3558
5001
23569
26522
30061
18293
45006
37722
16826
5631
43454
3363
11262
4752
20530
28885
1720
18953
15325
34858
14052
44684
49219
46395
45467
18219
5970
234
44819
27144
34228
31629
21035
33486
12653
15001
34859
38905
26007
12459
30765
46486
39256
14887
40721
28123
26631
49140
20456
26578
48190
5089
12368
19179
45696
34542
19575
11454
39626
36836
35645
47249
48111
47485
42338
1262
44396
6137
18163
33853
9181
38257
46344
45501
23774
40423
43187
1406
19951
27690
8266
16863
36074
49544
26842
19857
48753
46308
23524
8767
37712
18788
32282
49053
14596
32239
15957
42671
41761
5029
29219
44864
23920
17884
6568
39904
12212
45995
26532
22728
29182
28442
11915
44785
15296
49027
7034
1625
39897
39851
6902
16770
29075
20444
29980
11184
31552
14404
514
22025
37326
14527
47086
6674
10148
19564
21115
15762
36892
35668
34450
46338
32759
5326
35497
32500
49662
47343
23751
9831
49260
8129
12741
45547
23540
24059
41242
48997
8647
37470
6872
19316
9103
26444
13364
41951
12668
34246
4238
46723
12552
47211
39386
10409
19620
34027
16216
30964
17237
39616
42260
4355
23730
17586
33548
34616
30119
10483
1739
39300
12537
41192
47980
4180
46340
12512
27959
27573
27635
48950
44582
42651
19712
20988
21834
10206
27862
41301
23694
7998
2889
19612
32009
10035
24471
2225
49275
8348
33474
12708
9445
11728
48674
1999
36509
30721
17269
19765
18455
19433
38216
21300
37758
31450
14806
39836
47567
4249
1207
12569
35557
25676
4859
9896
26298
18127
11456
28896
28991
31469
1966
17355
2799
33847
36227
22102
4393
21701
40072
22065
8808
1072
45004
9560
46357
42642
118
34592
12206
36888
48738
21224
47940
11896
40245
11339
16465
28522
3794
46618
49470
36916
15168
29456
10383
351
43238
22502
36076
48337
19669
958
20859
9882
5076
15238
45645
47789
18125
49466
18531
46748
10448
42272
25132
40908
12345
27112
2279
24916
8999
19607
36597
14131
9534
8760
17834
47447
38508
6093
9268
1227
12103
47280
35111
6295
49366
26439
39847
20281
44764
26073
3190
2146
32449
40746
6306
35390
7518
36216
26445
7907
11344
38998
26986
798
21439
6457
18035
13394
35697
17428
7611
21046
8688
24385
21158
49292
25522
15434
45302
46471
36422
49057
41309
45321
48549
20570
31739
1732
29038
2785
36610
1890
16768
31208
30777
21110
4569
23844
16859
13454
46601
30898
21386
30936
36564
19933
29665
35073
13469
5073
6043
41560
22043
3964
43946
19197
20776
38477
7092
46587
324
4331
46250
27376
9487
49286
7532
30102
20534
46664
46244
32472
10076
14909
43339
3297
7961
30198
13410
19311
1210
24929
11334
9182
45914
5544
130
4186
9154
47659
40822
3601
9201
45356
46544
20821
44945
11064
13901
29545
1895
32801
26183
6225
13685
431
47363
40720
8218
4597
32988
7921
33373
49204
32276
46182
13218
23107
38787
6094
31943
38116
46306
30988
16585
17039
1836
43952
33422
34892
47611
45933
1673
965
2566
43045
12677
34562
12272
43825
6453
18340
41131
35934
22762
27820
24255
20890
20391
28203
3128
14083
45181
9084
31440
25125
47464
48375
44198
38987
30690
36176
31008
18904
43208
40235
27120
7049
4747
7785
32179
14551
49297
45076
21121
36624
26514
33071
24890
4026
40467
44635
21327
38486
19145
43096
26730
43589
18491
27395
9756
11625
41331
28444
49368
21141
25762
25329
32808
49396
22238
6691
7282
31044
2387
16605
4667
17981
45156
34622
41688
1326
4056
42212
7688
6765
45062
12175
25726
11074
45593
4159
17738
38065
21048
12837
28692
32562
33665
28075
44528
33361
9649
22068
29274
30553
44589
36030
10590
27624
30838
37211
25669
36764
38723
10678
1329
12856
10136
33093
21195
1771
49036
8807
36666
30189
35854
12422
6573
45924
37952
17633
7503
46905
43604
40956
26731
2054
48874
3426
40449
2676
48642
48238
40858
47928
18186
1314
26307
11992
29947
2219
39121
40237
3217
45530
7649
39793
42957
17304
33960
32624
44665
39512
32711
3791
7654
24152
48713
14905
576
18315
8978
6059
7768
28653
4530
23638
6336
21004
8269
31109
6789
43658
15014
10750
24383
44365
20387
36586
4645
35642
29277
17212
40225
6131
25904
25020
4936
43442
2141
33918
33691
38426
6385
31765
11048
7774
12393
45266
25738
24393
47346
33447
24198
12574
16990
28912
11537
23803
29261
46261
24535
1511
27619
46287
19449
14619
24273
28262
14724
35231
43207
49627
21653
26341
8106
12117
25142
46044
43559
10646
37247
35797
25221
32714
3168
22809
42804
13766
11018
17566
34455
21011
19348
19798
4426
21766
4655
27537
48495
41312
26263
25446
24321
46894
1413
40981
25496
5687
38125
47903
90
44354
47781
41196
21477
14554
8934
32364
20851
13299
46521
15193
22162
36484
36064
18110
25919
36561
7556
28750
33238
41219
49864
35869
24959
4823
2655
21568
35067
47604
12092
24520
46790
47854
16779
38264
38978
32665
22167
27101
9908
2311
37068
28033
37771
20412
28948
15612
38149
5743
24838
1064
21944
27319
43954
1947
24344
891
3792
32591
42697
515
48349
22796
44273
29071
38583
27831
40309
3528
12449
521
24776
13388
18989
17740
32221
36949
39746
12964
43497
25690
23785
46417
25902
13763
37676
15271
12121
38082
12927
39714
1060
30389
15975
13835
4926
1951
17272
26484
48653
2339
135
47136
49186
38865
46330
49895
3454
20783
33611
16419
47272
15233
20299
22163
17810
1298
35933
13051
44877
33632
17175
12270
38573
16984
36626
46461
16353
10827
36245
25605
4115
42493
23581
445
12815
29370
28747
31961
49423
28637
30550
24825
14751
38029
35404
42358
18160
29913
1763
45677
18897
45555
18131
14539
13639
2697
7753
8761
49401
5348
3996
12275
22549
16508
1135
38459
5472
33284
40283
238
4479
15659
20952
8880
26676
8146
23516
29201
34916
7562
4191
19796
37648
5198
41828
25822
30627
11229
27256
29994
40281
29424
39717
40903
33267
25079
4986
46500
20443
8633
4094
27701
34215
7874
8120
29549
29076
6478
6899
1342
40828
16644
9280
44378
37552
27614
26817
42733
29032
19294
24254
46710
10748
12681
22746
34893
28036
49913
26129
26502
30960
44369
27318
33030
3958
31652
47853
1665
49197
6474
6438
5942
13686
19380
30149
36663
30130
40539
1381
3260
11458
41669
42939
46696
13580
9735
47158
44110
8235
1707
43853
21925
39749
19109
33758
2705
38594
48568
26324
29564
12123
27367
14055
41627
33433
4138
8306
19280
40887
16096
38189
37231
23151
14503
1433
40450
43408
23971
28171
2610
43111
38155
26720
17270
23146
5501
17187
42543
37746
18017
3576
41950
586
47582
33791
13804
6437
30066
18817
17642
25545
47617
5350
42947
34929
23080
43089
13730
33348
33660
17825
46018
1912
38696
3771
39734
47450
45045
3088
30986
151
5016
19639
19243
38875
22716
18857
31641
8879
43524
5421
42795
6169
26049
29586
36058
2907
5853
23021
41099
46907
20040
45431
44519
17692
26305
30971
42915
23291
9363
9388
27418
13692
44069
23141
19062
48455
8243
3913
34421
36125
32721
5887
17480
38252
18190
29241
31674
20037
16045
46889
17846
2921
32934
33653
10724
38584
35142
47294
14272
19330
44208
39784
14350
10446
7603
29909
20461
46320
16224
46852
46010
25317
34037
137
29288
2539
34545
21851
27379
16849
15083
39590
39842
13588
22086
32955
670
19002
23642
35092
15960
40715
49138
30203
33745
49520
9910
7533
43980
30761
123
46735
27437
10556
42344
3236
9344
45289
39349
16431
37305
35626
16504
15864
18397
6351
29861
37366
47208
7274
16303
5012
26981
27545
47599
39296
40846
11238
49435
8892
39047
47040
44797
41856
32345
45950
3921
31503
22044
19805
34902
34512
47873
46773
14514
43392
34770
19306
15772
13086
3935
12534
11834
31435
39505
5212
41248
13993
12931
2367
41949
3904
26902
35737
38862
15998
45766
6759
11806
48357
4922
29210
39848
9492
14094
41656
6092
8566
23992
26572
6534
28465
9417
13373
9278
21718
21985
36471
31142
42922
12878
37117
40705
36639
25494
41613
13752
21433
47035
27948
49706
17092
44630
29183
23560
15833
12909
24023
8634
11845
41840
27436
32019
47889
11233
49995
25807
21990
26398
34712
17105
13020
343
46553
9317
17875
26205
27940
16777
3592
23779
37602
22080
7598
39382
28362
9744
3448
605
21271
3575
22308
3183
49115
453
23832
28248
6917
22795
26742
33414
3906
38452
35874
15754
28220
27626
827
42190
46738
32384
35693
38612
4458
18175
28785
11102
45474
15666
26816
48522
15447
40093
8213
41224
26457
13868
32932
17113
6088
11913
28603
5967
15464
29401
48986
22520
13227
11131
47200
40474
27181
48547
47044
5297
27503
10721
33480
22446
32023
28838
2134
6264
4034
31561
24771
48026
20399
30950
32240
14358
7841
49830
15758
47144
36190
6002
24660
25024
29386
15389
26382
46077
37509
1706
48938
21449
6927
16481
34883
20747
8461
47829
36623
18008
44962
9221
11764
23898
46337
12494
34840
15394
39790
30963
45380
10319
2568
22940
21967
17921
37405
42455
17491
31154
37796
49599
49300
13230
12798
26726
33951
12394
31213
30225
27535
14489
36129
42164
10486
3506
20833
46496
36602
40421
24028
40896
43338
32596
13856
39910
961
14444
12646
23256
40094
14498
31600
44407
25341
3779
20829
20641
23567
47951
4265
34724
894
12651
16619
29897
49563
35366
22677
8925
39480
25475
35287
1098
41297
29478
19051
43655
17348
26295
44161
19968
14183
30287
5507
43800
22687
24855
9850
47366
12329
4020
23332
21924
15810
27909
36600
32159
45296
31981
35313
16160
10270
7761
49465
30319
43948
19106
42389
36951
47905
20804
23263
43675
28897
6132
24000
40081
21425
8693
2933
2009
5080
3162
27710
12080
12090
7744
27176
28647
23087
46670
15502
6466
39678
36211
13886
20449
27539
41570
4550
37527
8126
4952
7889
1598
5498
30751
23235
46850
34304
20339
26571
38949
34820
11042
4042
29508
22047
46283
17122
1954
36547
43958
10906
12948
36635
38386
10198
22295
28194
5728
49671
6744
39330
6570
45777
5172
10757
38795
4698
20966
27912
19608
15585
8672
37005
17429
25041
47714
30497
31112
26717
9740
48409
29454
36920
47561
10349
22602
23497
48945
43113
42140
37256
2084
45684
49237
13786
49886
5867
19757
11571
9433
48746
39380
49649
48480
45057
18353
31634
6973
47126
40565
42964
44767
27373
3266
16311
9894
34948
47288
39420
13367
8317
152
1660
44766
21486
39373
2988
10471
31888
28960
26266
42365
26679
31936
13949
4235
46744
9816
4548
12036
46468
30639
23813
20163
6447
14467
44499
4147
10591
17943
10192
47414
13060
28660
27320
13085
42968
44395
36975
37680
11211
9051
22045
39889
22449
1574
35315
12635
10032
30218
115
3064
15559
26056
838
40391
3754
25722
33798
7494
49249
17168
9939
14788
39868
32655
10572
48506
47597
41970
12336
22640
22108
3480
553
15969
8471
34700
37617
49440
36957
1994
33928
1850
30011
23604
2726
1939
14134
22720
23486
4709
19756
37336
46495
43330
32154
28110
30648
38190
34130
11942
32158
44535
37839
3447
28116
38211
33004
9300
33768
22617
45879
27284
1835
28132
25885
29445
24053
39686
5366
23775
35772
47523
33683
1979
6525
49261
9418
22957
17189
34971
615
9104
40088
24837
37408
24631
3750
3157
26692
4607
1640
9749
48436
20863
17729
42775
24467
39865
23703
45961
26340
29867
18158
48663
36013
15663
1919
41009
33556
8239
38553
1097
33400
17635
49917
28141
11671
22680
48500
4361
16044
49550
2662
44019
35228
34018
13843
44214
42717
16975
31236
27160
3602
8713
8935
13417
40111
38629
49583
35689
12533
30671
10854
7573
39440
37826
46368
13164
45496
30763
34169
7712
22614
33350
44688
8119
6241
25088
38571
22458
49340
44521
44300
205
29504
10353
33200
45011
12079
12779
42566
16594
10034
46901
31814
49042
5403
31357
12125
38689
32253
19489
32798
6606
47845
46106
35830
21882
9082
49892
37058
30660
15539
32826
44455
223
21964
7359
2912
8704
36984
47540
42962
36973
9030
17618
44823
14749
44373
1672
434
41677
42876
27625
17455
49827
20346
14274
17095
9040
20128
35503
3949
5829
12456
14492
8794
30848
8662
34939
20243
11894
14182
5692
11505
31003
28408
44389
31636
8310
43486
48325
47598
10222
539
49217
41690
9396
24206
37692
26397
26469
37429
48275
48617
14293
12309
43314
42896
26172
14457
22463
6259
11461
25899
11833
15099
46940
23488
1911
39082
19872
2490
8791
38662
22078
12884
2638
49150
39791
15897
8951
34442
46839
4792
7153
30890
3941
9279
4994
46276
15157
45214
7460
2533
15050
48240
3784
11276
34481
30380
29218
14374
31396
35135
2288
25622
15487
45332
264
27420
40475
20897
27974
28014
35254
40839
30137
27182
46996
44751
44119
24757
28184
22645
36233
33985
29655
46987
34078
13877
12327
1179
32858
10159
2560
18271
12900
10759
17927
35268
10239
15459
18400
7925
10940
1490
22345
6145
13284
10429
21901
36960
12004
24621
46740
8741
3650
28446
22234
49574
15331
11771
14127
1277
29611
26795
20943
11995
45960
12360
28763
17293
24376
24722
16681
40291
5543
21785
12984
15498
19289
19570
6874
41382
34134
45427
12155
43567
20735
35562
39878
18473
5017
8109
7218
10564
13556
45901
37403
29613
2900
20678
45365
2629
48996
31618
9055
7701
24678
24323
15142
28449
25670
35784
43011
41226
48604
10023
46
40582
4287
14759
1401
29602
47952
38564
28392
16563
3400
49915
28716
4815
13050
1812
17623
13339
34838
21421
13850
47671
21929
37185
27856
41360
22623
1007
1304
44437
21596
18847
31545
21639
6522
48002
37720
17229
6062
19693
39398
13124
14318
17860
46396
42990
10093
6338
41679
42911
7566
6240
31761
48769
39773
2407
10929
35276
37193
23945
45231
14063
7323
5723
1784
28109
8654
26830
28918
25243
9277
9012
43924
36839
22206
35959
15558
13263
45503
32060
27995
46673
44022
30163
24598
32904
6545
13511
35834
16785
41919
14657
17938
9863
31130
14869
30391
29540
32822
16946
7420
23980
27231
17568
12883
46640
27404
29031
15541
21304
23221
41304
39992
39425
35099
45328
13366
44180
47529
42707
43890
10576
20519
5371
41789
4802
19667
38054
8198
23336
4929
48830
14932
22141
23572
28209
39840
873
38415
40101
38284
33117
30128
2109
25681
25301
47482
20901
33210
18830
47718
8072
30546
4450
26794
12678
27170
47320
47755
9704
24698
8707
49310
36827
2062
37265
10614
30410
39265
4974
16904
4625
34409
4021
2393
23691
18942
29129
14407
160
1458
16573
24523
23225
21581
36525
30693
46163
6712
37319
7109
18027
16041
9991
42020
13022
3973
49151
9216
25319
26942
33171
486
1801
46437
10295
37415
48889
15496
16749
1527
6569
21742
43360
23640
14449
3124
27652
35859
26262
29891
28179
5091
49028
29239
19598
28597
15084
1317
35408
24203
2102
10365
33845
31345
20868
48461
11109
18049
20347
18022
44619
4447
45236
24740
32871
6308
45222
18275
17585
33907
40440
35739
6845
42433
24786
17376
26701
9702
40274
34426
44601
31192
41403
40335
17498
24957
39898
44376
15120
44492
15339
1717
40071
48770
15511
46617
21287
3859
5976
18028
36740
38695
49788
19066
30698
3880
9090
43410
7249
13228
36314
8847
24984
32693
513
26877
45786
23802
34370
45710
9100
30071
35658
15431
45692
28669
44837
1055
33585
32460
39636
38730
14399
10284
31569
22104
18039
14066
5402
6814
47673
5390
47300
49855
27159
8842
4854
139
34963
42295
23800
9046
11855
23369
46404
4599
5671
41629
7667
47879
32347
29469
10292
32617
27527
31584
2536
32517
5611
18541
40695
49963
4522
24303
25589
35414
27841
12939
36015
33833
29992
19261
12018
19176
17748
23953
29514
21338
48249
9464
34524
46711
3099
7523
42673
31349
45361
30998
38480
719
18837
14927
4634
21362
28245
34757
25958
2778
49424
42158
27131
1288
41132
40065
48075
22513
39123
27838
42839
33055
28684
31315
35907
390
39433
48453
5200
473
33775
34972
42988
42138
28668
8956
14684
11849
11584
1388
11943
30151
27048
8171
10124
22839
33173
13346
48730
34168
40923
2606
36702
14436
16830
12386
8394
10923
366
22302
27693
13945
23726
31089
28513
5015
27584
34380
31489
10119
16531
47319
44122
44440
49567
1688
30912
16538
6958
2769
26418
30701
7384
34605
24475
41835
25747
2731
48392
37628
25619
1821
48430
19946
984
46462
18328
36232
10862
17911
48723
9240
25015
347
22871
896
37798
8002
18283
6026
23877
38331
10664
2605
41413
7579
30081
5349
35454
11149
28782
40058
10050
31030
37706
2343
42096
23019
35558
13131
23343
12773
30559
35928
36046
1268
17833
13032
19468
21463
41395
37349
26278
5317
30425
39525
8564
13147
13215
40085
17580
13546
42084
40738
4202
4001
24437
13171
38955
32494
18191
47151
13176
32202
35840
2607
16756
22000
36863
48038
42401
34767
32544
7770
35044
33314
17809
7610
25185
27685
6933
30904
31022
46870
9879
23837
16734
49676
29728
4027
9733
16291
36178
35735
10012
13964
20909
40610
39927
40157
35363
10838
524
34058
19755
39601
35791
32496
40444
7217
44516
43725
40873
22157
14809
19644
1959
1904
14616
41439
43242
13873
48951
30092
36932
29501
19682
39547
26281
11830
43385
29227
45878
45087
4220
6144
15621
4239
6171
25427
31219
10426
33306
27429
19875
48279
43155
34311
45971
18778
23207
17538
29073
16808
12941
30644
25554
6269
27326
2060
32488
45668
28925
32352
45334
30538
22101
28615
5546
49906
13395
37930
23754
14966
23889
43319
29797
26800
34207
37620
14315
31560
22399
3694
36903
41682
37908
43629
45663
26759
40972
20209
47355
46755
43936
4363
33165
18918
22022
37237
38079
35925
4726
4993
19035
25234
41116
39615
15811
25246
3476
34933
19303
26085
29099
3738
34585
29131
10702
30115
34989
33615
43229
14903
23417
10781
24282
14794
6468
46514
5147
37946
34741
3080
20112
39102
3053
25482
3488
20027
31257
24501
25164
20629
7524
9465
48867
39034
5564
27789
23539
30146
46865
13640
20819
33182
34673
49060
32846
39483
3463
17111
3937
41877
48774
22217
40588
48295
4162
43327
10277
41410
5807
3654
11002
15841
19263
36925
49183
39416
33514
5617
32522
3243
9078
3262
9128
13790
37003
19788
44078
41876
30569
9871
13130
20606
27465
45270
34556
25229
32015
26126
36879
27967
43736
3127
14772
21569
26725
26600
8821
30339
28062
27623
19100
11640
6628
48306
39291
40045
48243
42335
11802
35041
10427
22858
45149
20285
38694
4866
45482
35951
29993
37954
12416
27105
22456
24027
45508
29263
45991
18634
11797
41954
48203
48424
16591
26896
40884
2258
11634
13888
32907
7547
26035
15387
46402
37406
4596
8183
34036
47537
27388
15891
12697
49801
22353
64
40500
7733
4813
37738
38830
18773
22651
43036
36491
17794
3187
29430
21592
25867
2031
42357
37922
40796
35586
14330
42605
19300
5250
28207
4871
44770
5379
36386
17603
20921
20416
24653
49497
5555
17761
33709
48628
32755
6577
5858
18807
6939
27220
30689
27674
19602
18746
35743
32906
40409
14023
33000
32937
47654
49957
8565
16131
12818
33280
47497
44000
5518
43394
35885
13593
37607
40312
11409
6787
17811
14201
46512
37643
35237
36585
10779
10540
31802
9039
26361
30243
12796
37890
44569
1797
11067
38142
13955
47581
4459
11669
12679
27396
20745
37204
46157
21836
27274
48591
32910
48353
4273
8697
24024
23463
16384
36685
40920
24579
15978
20624
42759
27933
22092
20254
26218
22642
48451
42676
47851
6559
44193
6891
9424
19143
17940
43978
11679
27125
5640
24434
14881
20567
36256
4787
3901
5287
20206
44888
5330
20585
10901
25259
21149
41016
3333
26197
40180
21090
25971
46127
4019
49680
42981
22744
31374
20826
45889
44652
27020
31862
12880
41887
5418
5458
9171
11433
1689
11423
40520
37056
24113
43687
12894
17509
42442
8650
46268
24412
497
13872
9611
23786
30523
9860
14383
37641
45122
43879
40792
6211
39638
6721
10618
7612
40193
42130
42262
13895
26828
36926
31523
47620
41665
41204
46176
44850
12690
32079
5201
25930
46327
44360
33807
6657
14216
29957
37386
34398
23482
30343
14620
22849
42027
41388
50
21993
31929
42449
32895
12163
15566
12771
42881
39699
46971
818
16772
44384
47593
18082
18000
46360
33058
44997
36077
21428
1547
1591
25236
41314
37838
26157
42025
28364
22581
12732
11657
29924
1014
15097
40710
19189
14762
44043
18214
38721
6489
49511
26686
19496
1877
20987
12935
31822
7175
6886
17711
14709
41092
38209
5169
30143
2162
1595
7805
29971
41592
39073
40276
23976
25569
18956
44813
34343
23901
36032
30633
23891
36223
21997
12058
5479
16097
8770
7983
736
43018
28610
36305
32921
26370
14356
14732
3682
27368
42678
21878
18821
27647
35695
19322
15658
34498
30479
3934
32781
25567
2159
8077
17816
2687
39917
43403
12649
16885
44800
30121
25683
14910
29649
49413
39597
23073
6382
4528
28328
14863
41218
9903
30341
31399
22715
9928
14904
46636
24728
30300
38819
23149
46251
41091
30919
46445
6909
17908
17611
21417
37918
531
18820
22393
15359
36722
39077
28748
48466
46117
30313
6233
31495
33262
10633
38055
28168
2461
1029
25126
37249
716
2928
15117
5802
35716
36237
13033
40401
23736
26399
39932
27678
27248
40628
18590
39078
43030
6671
7132
28059
9029
36375
39758
9176
20490
25130
764
10869
44197
40244
24275
41908
23024
47148
42276
14604
48432
25080
20188
71
16643
43256
40366
24761
37216
15912
7464
8678
12795
12955
22144
10867
16036
48336
30158
40308
44222
29269
4781
18081
10013
40563
14970
28596
38885
17185
46479
233
5353
15956
9516
41345
4992
39650
45440
14586
22251
26538
44091
20526
38040
4956
31735
43290
48172
33399
27394
39410
30506
10682
178
1318
5109
39567
12466
26446
9784
2400
1860
41253
49781
470
34823
21858
49129
49040
35955
9450
4759
34527
15401
21261
18414
23806
43386
26088
44494
11180
30306
27344
4605
2929
37146
39109
37644
3633
28330
2221
45084
9563
39532
34927
10588
26625
14862
38627
6430
28681
41814
16843
3071
41600
7512
43759
26612
29230
11957
24103
31838
40307
4224
40228
25814
35516
7949
22337
22556
7561
15653
11565
17508
40866
48550
11508
22236
1201
44929
32437
6865
12082
21034
41343
32590
28415
11070
18814
41072
15404
45068
9490
36362
839
35213
30165
20108
6222
11323
10961
32452
43943
41936
33065
20789
20520
23677
1752
8762
45532
20940
2583
27213
8199
40019
33582
27738
25887
9764
47240
7276
36255
45310
27012
45157
32039
28447
31226
35845
46902
48369
39026
36656
34464
23542
10550
29736
45138
14850
12165
33236
49877
46522
39183
24552
35434
6455
25097
23178
27031
33131
19414
40220
48242
19085
28047
24672
41385
6688
40974
38186
5217
6109
30656
14625
21841
10074
28859
5672
9135
40764
6202
41710
19698
16703
11309
44363
44004
48304
19711
13088
39539
42750
23471
7396
46900
1786
41416
42406
45672
19692
23389
45858
36619
42
706
5270
16649
33621
43481
8117
34025
16993
1114
39987
45510
45570
7684
16804
15076
13699
26507
13611
30889
2233
46688
34600
40259
44525
46531
3509
7363
11465
6396
37846
3821
23755
49178
47339
15092
28241
5324
45078
36693
34762
6016
18492
43510
11123
38248
9603
13256
49233
7328
14669
32848
21928
28061
40120
10363
2555
46113
31930
17868
45994
4148
38043
45870
13979
31972
25151
24049
6246
15490
40954
37127
30505
27374
19045
11310
19995
15492
15029
20573
15983
33035
18995
2880
20478
17068
94
19672
7255
24960
3382
40029
42148
17240
7843
7374
36268
29557
16558
23870
26769
40213
13067
34627
10412
33240
22571
14044
8479
38645
21277
4730
867
36939
5948
28611
25410
27196
27390
2538
29296
7570
43580
42904
21143
7171
7796
27913
32086
49054
37235
46685
37248
19
19834
11528
44361
18935
1446
21407
26448
18168
18943
4301
6496
25111
24283
34057
31169
36067
38775
6971
43162
31556
47338
37121
16250
46752
37062
36157
25699
49644
8246
37554
40007
24726
39358
132
20965
10981
41568
36110
510
42332
23239
21573
4643
21122
14161
15949
674
21387
11982
4059
29314
26901
44583
13671
3479
40928
27572
16014
14976
49444
35446
28406
35470
47460
42489
39191
37613
8211
7378
14621
31091
37575
20559
31373
12128
37133
44003
35350
29232
2563
2625
22488
18026
32980
42019
15226
45242
6700
2191
15163
15472
95
21720
33821
31049
20627
13217
3818
19269
38447
37414
45621
8911
48992
32467
33039
9721
47146
21197
37346
12217
38644
6312
36840
12256
28247
44111
11116
22427
10473
35630
11756
33094
12725
2241
38137
48720
3294
30901
17403
22478
38511
28634
47075
28667
27521
19523
2234
4640
17801
37668
18143
14814
36977
23735
29768
47425
18377
12518
47668
40426
7756
32884
30574
17233
29040
32485
42047
35433
45066
20289
42349
16022
32049
31413
45384
39492
24586
15430
13803
8841
46311
46706
45584
6710
47309
49730
37313
22328
22404
46741
28730
21609
28744
44011
36807
35635
34483
298
34216
16710
4082
46911
33979
20769
16821
35778
25219
28638
45000
41579
10016
32627
2735
21283
25220
1880
22266
24596
47551
4154
35915
27850
4999
39192
11800
38900
3590
10490
3140
6133
23682
1736
5937
45225
36536
1
41773
24226
8449
43102
27481
37042
8076
11978
2551
9746
25786
49533
34683
31067
18593
40480
32585
4536
19320
35040
20702
23530
26477
49752
7429
13378
37290
840
42425
37186
13134
30899
29534
31126
34837
7253
21329
41650
22705
17121
25106
36311
12742
12157
30959
13405
8194
14987
18137
42528
5682
15203
2135
20193
14890
2695
39124
7527
10007
48593
43169
46444
1323
32190
13486
11349
29646
47175
45064
26641
15628
14746
44082
20413
32936
36400
6561
36357
49556
21682
12287
38938
35109
1646
11475
3462
12298
49991
19401
10285
5195
34222
33469
41189
23776
26994
11529
16430
13951
36665
5623
38217
20513
39540
16290
49742
5431
5992
34815
42412
33003
35248
11010
542
31852
38337
20914
13722
49428
1634
18444
13202
25895
5659
22040
39681
9514
32103
8636
20111
35373
10130
4575
15622
27611
49964
4783
11388
2480
24736
15346
18399
11543
14464
44346
47480
3916
49607
656
4714
46234
49106
3029
16576
2426
9282
7571
38363
43983
46943
28170
5406
28964
14038
22193
19221
467
5197
38648
48410
30758
30935
25445
31843
49815
36955
41004
33516
15102
42261
16721
23759
17788
20473
34505
39737
43355
36320
49099
31037
45457
26364
6663
1069
48345
38188
19421
14882
579
22825
35465
2127
34817
11457
15525
33637
47185
89
14497
19363
15181
46594
19388
21054
18532
21552
44703
279
41117
27375
39892
16932
42799
30105
38614
12572
18130
27424
1946
27432
22279
24315
6297
35758
16708
5136
32095
13643
8782
45003
36359
16983
4997
19536
47332
9207
22053
32110
32667
15995
363
25053
12833
38607
9063
32894
22710
12794
860
3145
19483
22249
7170
27155
1357
6114
10509
1506
39557
44118
1779
3504
20046
5545
21406
47716
42372
12446
8078
47660
16925
25851
27454
37152
27600
19185
13591
44713
28163
25809
12164
10329
2094
27883
6286
14947
18567
5840
7977
33443
25406
25526
32708
48967
46573
8571
49720
1820
23614
39765
44638
34070
21644
13414
13343
37361
23436
2699
38424
8603
49216
11735
34491
47743
44782
28086
22784
2098
43396
38460
44611
23830
15901
27510
45485
15593
35864
27026
15294
17994
9215
17329
23528
28742
26792
20122
7435
28595
2554
20047
21790
23177
8800
5798
27861
30977
40206
25191
37161
7828
30421
8541
10370
27062
48804
40620
29394
41572
38618
10819
49839
35035
39519
34278
14971
48566
3851
10719
2474
42092
49847
28015
28956
33711
16469
754
35048
10839
23484
24909
40632
1008
508
36090
9275
11981
46651
25517
36277
24956
1613
14493
15355
34323
2553
10306
30384
23490
15618
40010
20729
24452
34540
4557
41271
38179
39357
21028
48470
34368
15217
18959
8590
36274
12448
41933
39340
43270
39364
6148
39684
1981
8513
5128
20165
33372
7272
8121
42058
35267
11868
3376
18436
40736
7458
1770
16199
18530
40138
10491
29603
23509
25420
7387
17661
34251
14649
6315
24898
14074
10795
26791
5471
11576
22285
38591
27129
7200
16476
34579
35568
41352
18372
5059
30665
2867
23757
5678
1968
31144
25848
22422
27018
27038
22678
36106
28053
42292
8184
16706
17262
37462
49460
17292
41291
34765
30310
25121
14587
4300
332
13977
20095
47325
38741
41492
28672
20077
19750
28509
32650
23804
10730
35375
9718
22120
40367
8401
39207
3864
29107
48041
35293
22714
17131
17400
22299
48913
43435
35105
4499
45791
15396
43561
26062
23168
36482
10793
38002
39594
21294
36401
25748
26410
31782
26542
46394
16111
40703
33110
45049
18949
22832
39687
38432
28323
47305
15914
48827
15760
39087
109
30762
33363
5778
42986
41028
19804
20251
41326
38786
34466
31933
32054
24211
4442
38802
0
9921
12021
20587
31436
28031
32137
37629
10928
31667
19286
1247
14099
6753
27427
12348
26400
1582
31088
35537
40726
3499
5483
49432
12866
30673
2115
41946
37786
46899
37807
14787
7636
6175
42530
37718
17664
26272
35641
40749
36662
47862
40848
2805
20135
49332
46295
30088
21249
23394
12527
41730
29465
2151
17013
30900
7909
18551
14683
18596
41574
49309
16944
30152
18972
36336
36900
13572
42461
5116
5894
8874
38754
25716
29021
13223
18434
14854
31452
46536
2479
10278
27247
26173
18799
14359
17616
38124
22424
7219
17979
48091
6079
10311
23083
15687
13824
38753
6262
25523
34557
23799
39334
16877
21137
39443
46526
32508
34523
31270
2522
26696
8326
22774
27169
17751
17681
15153
15597
41879
8706
20336
13308
2308
49502
19869
21813
18121
5199
2337
42035
39885
26387
33309
9210
4732
39561
45830
47034
26628
4928
11694
7947
6381
47691
47972
13340
22686
31959
48301
6195
38502
18740
13418
29170
33682
48226
13624
4710
35878
46998
29589
26280
49713
26190
11898
11291
45290
10251
6508
5022
33222
13771
42068
18570
11326
39645
27479
8107
9387
35140
8134
28313
22702
6221
13600
38908
49837
49584
29790
26196
48523
15538
8646
26737
37778
41913
12556
31932
29423
47242
16626
21870
26149
6319
2425
12185
13141
28191
14800
36395
6780
3198
8390
36787
23390
26006
39266
48857
21441
2205
1084
22124
21902
29702
20881
11659
1562
1244
28865
43285
36150
14321
23077
31795
33387
4096
17946
10487
42043
17225
18344
34390
3981
11687
7158
38178
28555
20650
32192
33720
18462
32600
30032
30174
47644
582
25537
31327
24789
19744
13007
28299
25819
26314
18938
3900
3439
25231
42114
48545
3450
30370
4505
17820
46102
20610
11095
44872
37368
11186
25437
23510
25118
49685
8533
21771
37700
14282
39573
23947
42175
18100
6066
2299
34839
39209
17201
25467
12229
37823
32395
40311
27705
2470
39588
8601
27013
27640
47220
350
14301
45102
17198
44634
13013
46756
28236
9857
19657
6479
41635
36111
12269
23957
7116
23720
31035
32962
7558
13731
35771
39205
44856
45701
11110
36122
10792
23200
32899
15821
16029
32987
46076
31428
26741
11870
6135
20524
18860
23428
11464
15410
46029
7857
21070
41101
19423
26443
11503
38956
15483
42914
6228
25265
22460
31564
44364
15764
27514
36044
14482
33789
41530
16763
44035
8345
4603
19308
28198
17755
33025
29187
4508
36188
37160
40048
30204
39454
22731
47473
6032
33977
24105
33420
34499
14409
17001
12495
35362
28093
29704
41865
6197
19655
15796
33576
16069
8884
34905
17671
49510
33694
9628
3698
25400
12501
2740
19722
43117
16230
34751
37519
20666
25022
22588
46705
24995
21409
15908
25966
28799
46191
8683
32004
27423
1134
10226
3995
35351
7308
17100
47217
30009
11521
37567
15534
11633
8295
3501
44818
35097
10110
29855
12223
24329
34415
7520
21423
13992
44708
15739
38846
27462
15368
49306
29604
32325
30769
29892
47003
11878
23196
29709
1249
47301
41288
36126
37041
3854
10713
10791
31042
47548
48104
20074
11601
22261
14583
9819
21764
35880
48462
47422
37625
19382
34915
35899
31515
30434
36014
31032
4834
157
15424
22403
32573
7624
35676
6980
4668
24415
39651
16033
42584
33609
26087
44851
11378
32493
46826
35221
37438
11099
17488
49825
46933
39203
48294
21751
30080
23328
9293
46310
21839
20660
18068
9026
12409
8070
3137
48287
39350
38747
2304
10651
37010
48707
7155
30511
39020
221
30616
93
34485
2888
39374
35461
44663
29468
36641
19299
1332
5961
49088
18708
4542
45526
42778
10027
24664
34738
47795
14608
20429
23828
427
45744
41684
6450
11063
11486
19103
16427
20265
19777
8346
34349
649
46606
44334
29846
6061
33532
30805
9442
35572
4063
22072
9292
44510
14845
19530
49789
37066
15450
6278
43268
10991
47379
3149
46914
34577
23835
27769
47542
22890
7100
14373
36016
33216
16227
44694
27557
48211
17040
45493
22537
43419
11611
40658
1429
27273
41700
4490
18454
48860
37774
10966
8537
35038
15107
10758
36849
11784
49256
37799
2930
33227
47308
26342
24324
24662
17880
49119
21806
8421
40722
31311
25196
16803
32929
10190
6749
47427
24363
25087
46001
43191
6209
41384
41541
4080
1224
46038
9868
42394
48924
4472
16438
10045
30078
21053
16997
2573
29115
38713
45313
2957
39535
48133
10003
23406
31023
36825
46745
7866
9269
14302
9656
17301
22372
18183
12054
34733
42499
22479
9407
904
16873
27906
1816
39366
27174
6056
12249
7377
16718
24228
4895
33817
41964
21802
16980
35546
8622
2004
13608
22962
20905
46579
25193
31514
46608
19503
5504
18895
15994
4303
25363
29948
19014
45124
47469
14426
11883
5461
32834
1354
199
18588
1474
14303
29357
11858
30445
10962
42507
7074
3471
9381
18501
24823
33416
8798
22367
35485
46354
22189
37114
1137
34493
40175
42106
10817
16270
27664
41667
43058
11273
14992
24674
11885
7227
47885
29565
6118
32605
48381
39511
11803
4390
48450
49079
19420
33912
25372
29916
34133
37612
3660
44025
36483
26318
34850
2627
3114
3953
23918
6167
22800
38024
13225
35745
16371
45069
5113
15295
27148
45233
2073
40428
32825
26887
12508
39323
12276
603
42958
8964
37804
367
20441
32268
2571
35028
5614
3091
16262
640
37682
28353
7389
16091
27480
47594
34467
2765
49026
28380
23620
1737
19416
49170
48320
27039
1050
25946
45576
19767
21151
14172
15718
45573
24905
8456
21099
14820
49663
7999
15148
20945
33401
291
40824
30645
39688
25274
17539
245
22949
11984
15423
20269
23045
45401
30175
11141
43715
21160
813
26806
25559
13665
21921
7243
35876
24622
8531
22469
9861
12770
39957
33119
45408
27278
29737
1059
28675
48736
47378
32913
20764
40008
32551
21280
30008
5560
24153
16301
12626
23654
2386
34271
40967
5000
49522
20073
7121
27863
48633
2086
18716
43304
16524
19572
45857
19690
35937
33403
27646
44112
40383
6272
22165
33705
20481
21637
44584
18210
8663
46887
11780
39019
29148
19713
32074
19807
14815
20411
45390
40121
1612
35281
36615
2259
25806
49092
28906
44505
4549
27994
22621
41110
8482
36428
11092
45435
6151
3475
18518
36534
47119
41832
32641
14382
47020
620
21476
9384
28238
15906
42617
7313
24868
13973
15360
37500
46139
10289
41488
25146
28571
49266
26408
41857
33880
7179
12930
8344
10641
21729
47918
8356
16518
29886
20017
34477
44954
17543
9559
102
34284
25267
38886
36368
27001
1253
40114
38643
10348
18984
18929
36576
2149
49429
11967
45201
10708
29202
6541
23820
3647
5881
41148
12740
43985
1426
29358
5229
21553
29911
42589
34326
47513
47070
33142
15765
22413
43003
22599
25505
44642
29350
14832
766
9840
10602
23636
8744
34195
37505
47517
45079
35972
36705
38314
35555
2704
34755
27469
44532
27543
45974
28013
34293
3614
47681
45739
48786
9136
38691
44953
5905
34931
30667
11996
48331
3505
35197
26513
49805
18651
25782
29035
5074
28601
4562
5446
31911
30735
26083
18717
22258
44714
3838
33411
32996
27934
24377
17016
4322
24410
37416
30094
19153
11912
10650
27581
43066
2005
4907
32577
892
29188
6216
17251
40739
26931
17782
3169
28639
34400
1239
23862
33172
8976
44007
14406
14067
42854
18173
14298
13409
30059
30810
42234
4437
8583
9058
21148
2402
20636
19522
484
10846
5278
47323
18849
30658
22915
7690
15737
16064
19488
44921
5423
42933
18268
32187
2631
38667
2814
38625
10218
46609
44567
7339
46974
24999
43042
15599
45659
11835
22922
43551
1467
13584
46192
9033
18850
28143
7809
36854
43988
3990
6105
39332
25957
40402
48282
37024
32196
13421
6155
33549
16035
45640
11314
39227
34813
16319
20359
9265
17277
9986
35012
10167
232
45810
44228
12462
33602
6251
31801
2802
25447
11027
26618
47680
46107
47543
5239
44791
24754
10502
6097
36853
3849
2408
16203
48519
38315
41744
6030
49487
18043
9411
32845
1782
44923
5575
40067
17073
15149
4389
14955
44
6598
30782
30396
19860
46223
33674
36553
16547
23188
30187
22555
4760
11171
36429
32944
22069
26739
559
14770
7879
22164
177
10907
3324
44467
25224
33485
13442
8262
11363
32875
17763
25688
36117
49932
22233
24116
34198
23963
30469
4456
23481
23546
5509
354
36045
9151
25982
27654
39305
41772
4589
5045
15340
16340
9899
19658
2869
44891
36412
6042
6322
4290
13038
26665
49392
10578
26825
43084
26525
43241
4174
12222
47023
24132
46633
31541
26934
3652
34599
5657
34111
127
14207
36694
18494
30411
7924
41174
13935
38273
28051
13658
21665
4443
26374
22514
23070
36396
49608
40660
10873
9126
1826
20054
477
21058
26818
48319
5855
13780
41841
783
6334
18443
43240
29200
5895
39750
15797
24485
30219
17458
15292
34543
25764
1809
684
26882
35151
11961
14817
25925
49799
24232
42998
48137
19342
37294
39157
46169
38539
43513
40776
3538
34120
24693
8722
40867
13156
7159
34402
10368
24074
48358
30771
29313
26416
25150
31828
39281
47051
28867
21257
36283
2492
49075
5654
43776
41538
13667
14899
5267
2049
22306
43173
29503
6054
31605
10532
40998
9038
11016
49696
30800
23374
34452
45450
9739
27810
31365
11047
34617
24958
41805
49683
18647
33158
46616
18684
3546
11917
1044
31601
36837
27985
21745
23314
28907
13018
39710
37564
12940
602
24478
3375
43282
38005
47370
3646
23426
43831
5559
4967
32056
47988
38464
38129
29962
11093
38475
19337
46141
1796
42385
30542
36142
8404
22155
2000
44171
29113
34196
17447
38820
24856
8969
36394
10443
6535
3630
34560
2315
12808
15684
43530
26897
48192
35705
42552
40249
37709
11267
36895
32594
34704
15038
11542
9675
10411
7467
2018
29030
5742
8193
12147
37131
10266
32495
21402
44223
26482
40171
44406
40937
17900
20333
12585
3845
21352
23711
38449
284
14520
21883
48118
20612
9173
23969
6893
21368
44686
15923
27446
20486
18314
49439
23954
24287
11271
27206
20535
30486
20459
7950
5237
30193
38490
41830
20446
3609
16150
38114
14190
11231
21959
18883
12853
46965
39890
40018
44283
16875
30364
25801
728
37537
23555
18099
39221
3806
39792
30116
24401
8857
5766
48727
2273
32727
10951
27279
46434
41853
41007
7013
7181
1471
45842
5146
24993
20078
47376
20050
8188
38737
7715
39990
41578
15756
31915
29763
31808
41225
15557
19379
31922
12262
47973
17089
37353
28759
45235
31358
39146
3903
14592
27340
6987
28560
2548
43422
15813
35252
38239
39033
11598
42541
21972
6342
12772
7555
3211
11014
24560
34961
2858
36007
13498
24787
17870
1351
7799
32658
20955
30304
49791
36411
21075
16052
49244
30359
24425
20510
11876
29610
47222
16639
41747
25027
8451
29955
19912
24100
34919
8589
8280
48790
36253
38244
28868
30860
25660
43550
44500
43639
21795
204
40574
39514
7981
35620
38604
44134
21437
5952
31989
32679
39446
25967
42640
30597
20141
3311
26261
2144
44188
39691
14128
14659
46765
259
2121
48377
2703
35918
38456
18333
23629
22461
30441
48926
10366
3619
44689
48186
15848
39503
45970
47653
17170
32166
45834
23034
10575
7012
40785
21344
46196
48511
23162
44798
20949
19971
44910
12755
22423
4058
4337
44093
28029
10477
3598
45360
34922
14738
43661
30021
25516
24193
27609
2245
16010
11124
43136
17324
31712
33679
33849
1414
17647
9580
7596
12683
15819
21210
28017
16222
48033
45990
7767
36691
39072
42041
16089
1035
15720
38624
47742
44905
31455
9004
32420
48269
32589
44704
34917
16019
34227
42218
12303
26814
6608
33722
48877
46728
14306
6452
18352
31418
6857
43333
29470
34451
14120
35832
44446
31156
19229
43627
28142
46367
13703
41597
15966
22734
5712
16519
16050
21848
10705
22568
43765
7468
33762
47950
20893
18323
36667
26163
36481
27793
11587
14884
35367
26799
7047
48309
5240
6217
393
41978
1554
26309
30362
32612
9276
29720
35314
4440
10765
43970
14019
11712
35024
48194
36775
41959
41002
32191
7281
49104
42781
23181
34998
14221
25062
41606
44367
20169
12730
9303
36166
31820
44339
22379
9762
11569
35495
42941
41408
30524
13807
43261
43368
16600
48085
48131
26112
32355
27045
18662
23990
43382
14121
23940
41334
42869
6536
19768
3809
6009
5748
47838
44204
34492
25776
12975
42421
37169
20244
22603
2220
25929
4078
38150
12325
31578
9131
32609
47456
16892
19360
16382
23485
10212
20605
44044
15485
24886
30945
17577
22050
6694
46970
2437
24681
2596
6658
47419
30743
28983
46435
7216
32098
43324
612
37360
19351
12461
22090
28827
15793
46021
32756
44786
29667
37330
17721
6040
3234
48217
11440
42015
19268
17853
47459
19554
47510
17379
33431
22333
11591
44094
32427
6981
16645
22118
18107
851
13250
38400
18969
32487
42153
34306
45475
9541
40116
2497
9156
14609
39921
13422
26450
22994
23236
23445
33610
1063
899
8967
21186
18961
21760
34252
29189
24627
41923
46359
23769
2961
13123
14803
42350
25472
18696
11219
21604
41060
30672
14139
40331
11460
12294
20644
24429
30352
6792
2893
19338
24888
37585
2916
18782
45862
6446
43046
34309
15465
40152
21672
6523
40322
38961
2940
49559
21634
31163
6271
2902
6828
12239
16986
17075
21519
28999
34414
14718
9778
3586
49681
23148
13370
5260
14919
7126
1301
22212
49314
35814
39998
48794
22906
7628
23788
20153
42301
22137
39197
16599
40174
19915
26753
25179
26458
34629
28711
15269
49083
5327
45557
6774
4746
20716
11270
35723
2789
23101
1011
10543
18480
3744
5161
24418
33991
42075
41577
8147
13943
35299
35732
1395
30157
26391
34210
23420
43059
11997
12576
46842
410
14509
11000
5100
31758
49021
23366
41728
14368
35383
39819
4657
35008
15173
38980
22833
12631
37240
19101
38706
1624
22203
33652
31685
39014
17289
24322
29249
12746
31701
40891
39120
42039
45753
31047
33124
41412
25614
36289
44893
28321
20133
47708
46714
8165
28883
9994
22326
6574
30392
49547
4003
41610
7102
9555
49576
16979
45632
5554
1701
21788
25550
32201
10065
41300
208
30023
48872
21072
28873
28044
31305
21960
33801
37422
32498
37615
47079
30358
27086
14144
19563
6683
8452
36171
28811
18991
12192
8685
392
32381
17437
41039
47431
32836
44887
11920
48374
23948
4278
29718
32794
5615
6067
7360
14702
9576
13344
21132
27551
30208
46154
9577
2831
34740
44266
1360
13077
21562
43734
1945
31066
7199
2790
26203
45745
9777
48503
49901
45123
36862
45649
3966
20794
16618
29487
25845
38555
32762
47260
13089
10075
44343
23108
5930
32547
30154
14949
29282
39619
27733
1723
21315
30518
36511
35975
11940
9304
16860
43632
29597
7307
1366
33788
23807
5505
33531
34934
18025
4285
10710
12616
17699
37577
31953
14582
41708
13549
1621
37750
3490
25587
26589
3067
34754
49579
48947
33463
49335
44312
4120
12435
48979
22870
2668
33743
35966
28648
6068
44058
44079
29248
49064
32695
3281
35078
48939
49923
32753
20239
17454
46443
5336
14753
26072
38947
40978
31648
9513
25269
35897
18422
42724
29012
26886
42727
31745
15312
13355
47983
18556
40542
31819
38752
10815
30148
34667
35587
303
15072
37827
39438
4972
562
2860
24828
43528
28556
31806
7661
5352
36905
15952
44132
9699
7120
2762
28004
41833
16674
18445
22015
18466
32281
47700
35230
6397
40422
23571
15886
11693
29413
26623
36011
30632
36590
36457
17142
3469
13481
4572
33358
43666
33152
2753
22426
45664
29553
20203
48482
37073
13967
24592
33526
14417
41764
14453
48265
29579
11674
14857
48086
35688
43216
28070
12720
32874
10662
21375
40310
25961
44930
7978
16939
12017
14425
1017
31604
1563
22087
47629
26564
31038
9940
2265
43851
47724
5934
28156
1252
2182
847
7136
22559
38160
11414
2649
48505
15584
24565
13242
22063
49441
30279
11630
49850
34165
43662
46265
13929
42048
22180
17842
39993
3102
23573
40332
2616
8372
43877
647
47268
30256
22829
17431
37525
36681
23269
18120
18652
3523
8885
26373
44182
3711
723
8153
28920
33141
34752
11107
42142
24758
5878
17606
24124
41006
40267
4695
22262
7017
19587
23517
13524
27016
26433
4055
29828
45814
16365
25974
1817
34006
35509
28857
27478
17024
6250
49446
28532
33084
2174
13359
20515
30177
23156
25825
2712
17712
33052
10520
8397
28609
7235
31370
43660
43755
17823
23611
673
24986
7932
22761
13883
36040
13754
8398
27641
3106
175
5248
6021
47666
24505
12819
42878
14022
1106
21510
7814
6340
6207
13015
40345
25433
3655
20167
23246
42281
40202
1974
33959
41634
9079
3587
7740
23438
16359
1310
17955
44740
42486
330
38438
10359
31798
34980
12114
45695
8186
19778
7519
24594
15285
12654
6421
44299
23487
9905
14664
15596
18789
16634
24834
35372
23699
47622
46333
20920
45034
48352
1205
33277
28305
23480
18392
28226
804
33673
28502
21481
19451
5093
6357
27024
2701
29286
16641
40170
42596
10406
9205
37476
37714
16002
23324
6656
30699
12632
28319
46757
20398
26609
7285
39812
7839
25811
26744
12452
42862
43609
10539
39595
30804
3613
19070
18133
2325
34936
46871
20005
6548
28131
25650
2722
10992
39008
44755
2274
21890
9413
44160
3309
25695
31451
3976
8302
3782
32504
23789
28292
45373
21085
31588
8084
49265
21599
7635
43789
21741
31483
3343
11065
24749
20145
9371
19742
21015
19966
42055
3514
23076
14632
12319
35330
47316
21727
31743
5251
34951
17725
33608
29851
28797
2905
19111
17383
18285
9470
26104
18819
21147
32286
43153
45067
7974
16865
12752
5235
10542
21954
24516
21482
30967
45179
42989
43836
17246
17615
38597
4476
29760
28087
25866
4584
3800
14972
2821
28769
4014
1623
38661
44571
12929
24934
47087
42571
37205
3482
11689
20076
25962
47570
36417
42149
35327
36353
22213
47760
49355
6168
23243
32511
8220
22939
4878
36119
38042
35340
10468
6235
44592
17091
38362
28137
41176
47317
15209
31902
14810
3688
35615
13401
30953
38366
19518
9800
28569
44670
40339
2973
43575
39035
17160
21740
48310
3591
29544
19624
13744
7647
6869
14214
42961
32986
9579
2036
30640
788
8734
42624
19369
16950
40754
8508
1430
30923
47404
8840
43434
4011
48471
12769
11511
15016
6012
36594
13025
30366
46071
25340
31728
20676
6566
44175
10733
2067
30981
1197
25012
26683
40771
12532
37137
5325
26316
22861
1259
11415
47990
27692
45922
5789
19695
40655
46820
46814
30906
37784
32850
32078
38253
47609
38637
29629
21234
4721
47321
38535
5733
17742
29086
15514
28767
14543
10224
22277
14901
27211
5040
19384
15366
43126
33163
16229
25322
36684
44552
20743
28079
9285
48371
661
2450
31522
22506
26970
23987
46981
31426
42634
2816
21009
10377
11695
39943
33639
11354
7876
13408
27718
7428
21325
47488
40167
29794
47866
36266
30895
42924
15546
37696
38817
18744
3425
32940
9346
9065
20849
36697
31031
34857
6157
20305
13396
40740
48445
13673
2645
8677
40623
17106
17631
18540
18645
13151
31792
42806
18668
3293
27676
31934
2200
700
1057
10756
8699
7286
43250
41453
26463
8895
16572
26673
2107
2564
32280
24854
21843
133
28048
32795
18842
36391
11955
49701
45647
15104
10933
13902
44967
48274
24814
47531
19699
6255
4853
9324
24218
1572
20985
40727
11844
7220
28593
31378
23685
38342
14180
45355
375
2809
49635
16974
3411
29954
32150
19576
11928
414
40396
24556
47884
32972
6226
48237
28951
38104
2295
23135
14805
8324
37731
24013
17897
6599
40392
38776
29929
35726
31263
28531
39396
1099
38403
48543
14516
39541
15839
13162
49320
47811
1286
4018
32672
47197
44996
46682
12967
27140
34237
8034
26955
48685
5750
2786
4255
18148
43642
4699
35879
42894
13096
16077
38738
18251
15182
27669
49378
36708
41817
41199
41298
17228
22836
19226
7856
44097
6253
6885
33234
28917
30535
32771
17477
29513
30795
4005
22197
18076
22433
15668
35034
19186
20694
1950
11962
39407
24941
32037
23679
23448
41435
24883
34352
34526
40042
3117
33047
40770
49190
1819
29756
19080
28397
32866
7128
37829
11901
48417
18233
42064
10694
45341
25750
36527
43275
29935
29463
14637
38318
36795
33628
6462
25232
17440
7550
362
2986
10059
30839
25933
21000
2187
4898
31859
49723
47095
19001
24584
49646
19463
45047
3672
44844
45230
25226
6907
5043
32505
33846
23740
49303
6938
40501
17084
72
43989
17125
10171
30749
9594
36376
42430
11738
8006
12789
27349
49934
13137
18676
8617
18281
19318
14879
20948
32543
14691
35698
24320
21717
6667
3641
6129
2046
37356
25369
2039
37710
8769
25411
28841
22291
20186
42590
3396
11720
31880
12135
14076
41361
14584
7483
28370
32380
6613
45073
42899
47719
27662
47987
49055
28926
983
46304
32285
3495
9973
40382
2825
22688
6152
22440
40734
20799
49409
23009
7815
1468
42024
32307
30694
22902
1404
7849
33551
33390
12750
6636
43860
41799
3954
10408
6551
21242
46473
21420
23465
20308
17506
22543
6836
22095
24340
31243
35486
38600
46642
43659
32264
38578
11449
26608
47262
18482
24391
29371
7680
19282
16964
7877
13755
9815
45065
11078
24735
7316
9253
27139
814
44604
27474
24839
11292
47800
3125
49125
10635
48384
45191
18393
49120
12399
25399
45553
40930
10195
39663
8245
33624
31716
23193
12517
5690
40150
3133
7151
45219
24191
21434
40947
39899
650
21758
5871
48365
47842
47181
12398
16138
24962
38668
44656
14483
45357
28899
3199
33290
37104
14245
13878
45043
28028
19697
21245
29811
26980
6510
42136
20383
44141
48109
20052
18138
8080
5216
9967
15999
29837
32413
23771
42652
39855
9050
25392
14974
30446
6894
43097
24001
19239
26488
32464
18719
18928
44150
44435
44545
38311
6231
17192
12035
18546
47630
22665
9162
18835
27752
3367
38638
21619
5591
48056
31470
2024
5727
1883
32546
26350
48626
27486
47652
29530
33736
15063
17424
45832
42208
32353
2410
9095
49240
43168
16175
23996
43139
18987
15921
32905
5302
38598
8692
18182
27822
44368
18915
16801
22325
46421
32359
18863
12484
31581
39995
5277
41381
46297
43379
17620
25213
10665
44536
13240
3353
40533
27369
1729
48703
35719
42054
16588
9518
26496
48609
25207
30745
35749
7029
24229
30728
44724
39175
8484
38574
1622
23441
31847
13170
4108
18998
27055
8419
23032
9790
43947
34537
35117
29053
34254
15151
38076
9914
28065
6049
25504
20085
4230
40226
30678
28652
33379
34828
36868
8313
34958
36455
33196
17695
4540
45779
20560
8362
14858
20942
28073
43799
28815
33128
10652
29229
45803
4618
9372
3891
3122
17423
5056
17662
27865
46465
10262
49806
25003
42468
11305
46923
16596
45895
43728
26071
47439
43704
12174
44673
45752
20463
6192
18564
33666
23081
6862
30132
44298
31096
27737
43858
16455
11380
44758
45913
13428
36583
28953
32634
41083
15495
34786
18391
22553
20852
21731
22153
19701
9597
46349
38959
34089
21754
22676
10287
15019
13764
27091
3284
18790
8516
48749
44452
13791
29814
15965
26289
735
2559
13573
35616
31070
37931
7642
42966
34888
10143
40017
16441
35939
39964
26927
37266
6832
7404
46635
1452
45433
44374
481
24268
37423
13914
46090
14445
19266
16689
7681
49946
27550
11709
48476
22375
3965
15213
1170
7976
13919
3755
49777
15861
23719
34173
22111
35484
20146
16263
46849
28318
34219
16088
49226
29645
40388
46856
43048
30585
23340
33667
24234
32006
41891
27381
14150
800
14017
35261
39011
35824
8543
27434
25078
38924
1531
15003
32167
41987
42180
15420
42793
12962
37805
49061
47506
19459
31055
25190
21574
25810
13190
10293
46165
27198
46188
25390
32939
35601
42060
21458
28904
33696
22613
2374
14186
19331
4179
39107
34898
49797
43723
5488
48639
47780
606
43919
9601
35449
8901
10698
43772
32453
47125
36005
36329
10301
22187
20381
37195
22884
46604
33114
24076
5861
25026
41245
6564
32330
40301
28317
14168
32001
30060
9281
8258
24796
46866
16773
2700
27288
28275
34131
39960
25093
36941
2419
8577
17919
19715
22216
6809
29556
43591
6372
49940
888
10691
8494
20207
4646
43771
101
34969
42010
26834
42133
44330
48578
17332
17596
9109
44820
45161
38558
47895
45326
34868
10754
41609
35338
8788
4897
23234
3537
26905
49390
44463
17344
22692
11285
17887
13531
28482
30264
19329
17660
47099
36548
33424
49555
38642
15683
546
17411
3258
33547
31681
23334
20401
4394
26456
37645
25489
8444
47205
14143
36454
12633
8573
36952
22830
10174
44213
37303
39905
49657
23138
38575
38262
22760
31832
18476
11382
39826
44700
32770
48923
14528
28246
40890
25667
31941
32434
21023
33511
25373
23229
33441
24302
49212
12110
6350
34182
17558
41398
28077
2359
35628
6867
36555
8160
47088
42830
5067
11886
48077
3955
12915
8700
16743
34314
38285
15816
31252
39745
1566
46602
47584
37560
49838
6904
5157
40988
45757
17840
45579
11491
46983
4101
20941
17186
3209
48538
21288
12116
47090
18885
41276
23265
21719
4350
26509
15871
13718
47577
17922
32519
48179
1807
21700
11763
22956
5163
3507
6249
31937
35220
42745
29384
28407
15024
42974
41670
3912
19967
40567
49454
13598
15061
34051
20059
5156
47803
20875
19442
23377
44753
11991
22269
28433
35822
31241
30834
30353
10178
11111
9961
27828
34679
10912
45528
16037
27178
48433
33016
8852
47250
6511
8158
8275
16841
34856
29778
40922
6524
10598
31350
13514
977
2276
36850
20447
7873
41113
27851
22130
3885
18980
2104
15809
45543
41202
33544
8764
24887
44829
20929
20675
24084
14213
30776
20124
28624
6798
21164
30110
28541
6926
47913
40004
14313
6520
21018
43397
24135
11013
29142
23074
26345
40931
39255
17553
46226
4024
37504
43640
10642
33870
7024
47076
44139
40186
32193
49412
24334
46072
32810
12998
8828
2603
22635
38108
19521
45499
13547
17046
38422
42457
1397
26732
7898
12145
7496
40534
39127
49628
11372
2112
1937
25462
48581
2390
5177
33501
17074
34732
38351
48932
37765
18545
49967
30087
47270
21904
30661
27380
49477
22952
29517
39368
11813
2014
18582
46796
38168
34501
17456
18919
21822
20774
35274
15298
572
31278
22866
39125
12161
36458
3945
8561
39059
29863
32735
38863
5824
33914
41054
36805
35964
9
18129
42155
22936
45662
4798
16288
14419
49982
42623
26102
23064
28693
29624
48584
32370
37654
27233
17026
31245
12905
30325
31531
6417
20417
32873
42213
48776
490
4979
38887
23117
26619
45063
33876
27631
36981
37270
33139
15635
37394
4644
39041
47176
16757
36529
37538
42926
5370
37271
43429
36559
12306
38138
41871
2081
16098
22583
45972
18786
10885
10331
2696
3759
27364
4195
48779
17393
35057
823
41400
3562
9140
44261
6733
11187
10391
44909
12460
22582
40995
47601
48844
34289
28479
7068
45887
634
17070
41460
13337
43378
10466
20454
46761
18637
18066
15728
43022
25798
38879
47271
6686
16336
22510
29850
28803
12751
45371
18169
18701
10731
35961
25021
14603
40407
22882
21465
1391
31051
33710
31631
46339
34096
45080
9123
43262
16112
32749
7607
35206
16093
30369
40338
33102
34589
13981
26097
49746
41765
16071
12704
41390
9536
20081
31170
34615
34715
34200
13403
8026
1291
30504
14585
35731
40483
36789
20457
7042
14375
20991
29848
24238
41590
32806
9755
14713
14395
9351
46156
16378
23001
8745
6756
3635
38770
41864
10877
17702
10610
1250
11975
7211
27315
25403
9311
9159
38016
29408
32216
8264
14842
26914
972
11908
49941
46778
10062
10170
7640
7127
15310
26131
38466
46171
32406
5469
44838
31671
23103
33987
33726
11767
5186
39531
5815
4545
22947
24690
21874
932
28284
669
41211
16072
31699
4076
6230
28046
4748
799
47549
10529
7224
9912
12224
33662
30085
34113
14610
5357
45061
49557
12911
34143
46658
6029
8320
47736
7157
22963
20349
17464
3517
48324
43306
2303
29337
27047
23943
46960
1143
18440
35334
23904
47010
4461
41780
38832
47479
45410
40219
38431
21129
25968
39276
30470
9917
3050
48994
23491
32868
194
12978
46382
8997
17966
47188
29398
26453
34878
14694
3074
23613
5346
1330
7748
41087
43596
45633
42305
14018
36012
49930
3030
29744
596
2296
48616
48035
20977
49246
41601
34702
48530
27941
1681
29498
3960
9124
8366
29499
27531
25358
11158
14332
22360
12026
7702
25610
13620
43878
14739
41994
25249
14861
36734
31612
45705
31927
5836
16897
1635
1216
2414
3686
17078
40207
22185
1550
45412
37875
6833
9918
32625
37833
49708
32712
47407
33454
29439
40898
44053
2196
5283
4189
28572
44672
10847
38798
35123
28242
30668
17499
8576
24098
37790
20435
23896
12237
37316
27723
26027
26301
49678
44189
34292
8548
23810
49362
35807
26516
35285
22495
20895
44124
47306
26206
24292
14653
39949
16554
6469
16261
34288
15385
33151
35432
19590
24810
26662
27873
48250
45855
9979
19952
39182
30885
12809
45171
37339
47472
48798
32120
18029
33235
31464
38287
40579
21815
23435
14095
3865
38277
44661
19471
2328
33193
5082
41414
28398
4882
46407
17718
31466
33445
33362
8746
43636
25000
42071
42716
1495
4762
30312
45077
4942
30952
18016
14688
13712
47113
30870
25262
47942
32602
8959
35986
12956
45544
39439
36103
33283
23770
33962
22916
41376
19391
13078
240
10435
17441
8374
33397
43024
49591
21670
1416
20979
11721
33049
18533
19646
23601
36443
46246
18873
17052
31753
31621
18726
34631
29805
12974
25169
28147
44303
23274
1065
11828
16598
48490
12232
8899
32570
10048
25741
4844
5075
27879
38106
29289
16217
40860
34209
2345
42289
32005
10204
18785
43828
19124
8795
21311
42044
36447
14046
30214
23284
10893
27066
27239
2313
41215
30859
23964
5503
22014
18007
2113
122
16917
46195
48481
33349
24802
26286
9428
45874
28848
38812
31684
37468
13383
1149
27823
11509
11119
24091
40557
28274
39267
28261
16480
34529
19362
12361
49865
1569
15881
28423
25815
19659
34282
10562
36036
11924
42600
19567
20771
40644
1630
31267
14151
44120
24266
3237
45038
31368
49142
1931
48759
22655
62
29938
34884
11910
29539
24819
8655
9867
14835
28074
38986
26531
21063
33940
36541
1902
17148
23836
2550
39756
29084
14085
2842
25174
5664
5572
22954
47635
23410
19551
5779
12990
37860
27476
2467
38348
18495
46184
20822
2653
3327
34555
45897
40790
5553
41036
8251
29209
11686
26820
5127
38397
22324
17309
10371
13592
26264
22637
31178
31140
34743
25408
19356
41503
27100
38036
35104
5679
10726
8671
1296
32754
3251
6399
17977
7812
12696
26082
174
23380
18932
38936
24280
4412
16822
23443
34502
45359
17878
44977
3764
248
25212
44477
17286
21254
15696
44237
31912
28695
29833
24133
47491
37927
6487
7284
26972
41849
22930
43938
26338
31858
49772
24992
18266
39177
11021
48168
10040
1054
13773
8179
45020
17847
47843
27780
22551
14485
3610
38035
37651
32908
6946
27217
25383
22134
40657
33010
26777
36813
29176
31746
33462
44187
41159
18640
16815
39883
29950
20813
3739
3180
34192
19670
39388
45731
42081
41666
35295
6191
48978
18336
27653
40613
17494
17012
9502
6912
36747
3659
49187
28664
38435
31318
10587
39581
37278
26029
22268
43622
40936
42467
17756
18456
14889
4661
44565
17869
32611
6693
30874
12918
7263
8987
26639
2611
26604
220
2931
36864
11701
5891
36832
44260
29678
43975
26121
8200
22453
8282
27084
28507
40187
40050
34609
49247
46488
21845
11832
14476
2232
31342
13150
44491
4198
36611
49601
19174
2592
38458
10884
1150
28255
43770
16422
14420
7962
13652
2815
31
12071
38810
34871
40505
32777
35678
6977
20832
5633
8005
10207
42909
19492
19806
43091
41272
36164
14391
19223
12307
288
4736
13575
49496
44734
20555
11121
25753
38982
42578
49242
10592
18737
15375
10896
1552
13968
42304
49105
25141
24911
10919
28422
3822
33161
21918
3828
36159
32757
8423
5697
1293
15161
28554
23591
47413
17139
19050
42255
31849
22622
44270
15634
9569
35727
19129
20551
724
16941
22670
21693
4670
43361
8642
32094
12378
10507
8465
24708
49321
46534
18350
20632
18305
46599
13749
30231
16074
29500
40696
37928
37382
9117
11494
9368
41233
35623
18194
33439
17166
19911
3814
41012
41484
42890
49058
31877
24597
31193
41742
39762
18899
13306
20079
47147
44370
85
10213
48413
29429
4968
15896
966
28085
5344
45740
263
44531
13199
2766
16142
25922
9639
23529
18324
41153
18721
33730
39585
38851
40481
23272
37938
16153
10165
44015
18261
11071
26549
14945
18316
26536
14985
49352
20983
4711
47232
28530
48552
25004
27263
12246
34827
24432
4960
1265
25544
18771
42501
6991
47554
16239
15349
33737
40845
32923
47744
17230
39006
48900
42476
48499
10860
16750
47311
44885
48544
8224
26938
4218
20653
42042
32477
29623
37192
39362
24607
14331
9101
34328
31720
27447
26490
24555
456
36961
9153
42787
37811
39036
35410
48493
14991
2305
6243
40836
16992
30995
32407
14398
16164
5211
5410
27145
29705
20547
16907
18472
40343
20451
48254
35993
8105
7091
32021
49667
24845
6052
16354
9463
45713
6611
42516
15421
29443
29355
22246
26167
12167
24360
46843
36062
17232
22712
10449
38670
18554
27610
5491
23791
36792
1962
9616
10683
12513
8327
40615
8570
44282
47966
18555
1292
33965
27347
36531
144
4564
10825
14588
29546
15250
14798
38146
20589
48271
27876
40859
49695
18611
11220
7549
1230
5333
36240
48412
7563
23946
18212
41295
43631
4320
36940
45890
42903
36562
6205
28282
30235
39198
33256
20438
685
42721
3846
26624
28161
25756
327
10031
4582
15442
11155
45793
13727
41512
28049
16621
37370
14223
1176
3909
43895
36605
22532
32824
31620
5236
30038
12849
35016
15122
5519
15237
22528
16878
33150
1439
24647
18894
49528
41888
48885
26763
7342
19645
22230
23457
24570
38192
2398
37172
7256
6903
17103
3356
19615
9322
11610
47004
36070
24388
8602
27372
1935
41069
47254
8457
32565
44952
39009
37255
29716
26786
48014
20048
4613
25949
39845
43110
27007
14704
18470
37481
18
23502
33343
26162
26037
16165
19552
42007
14988
46112
24196
27128
37150
42231
15722
26291
30118
6517
44938
16723
125
22798
7413
44959
4516
39401
9864
9643
40199
23651
31286
38105
27218
44315
39635
17863
19937
27452
1442
22408
34621
24181
26627
39216
11324
37323
44727
1876
26487
26017
17264
29918
17601
3075
18150
29890
35406
15303
15770
5462
13925
22190
1586
33793
31313
29290
21019
19406
49620
6083
3338
32067
18356
15216
10559
48262
11103
5966
38414
7548
14050
7639
13675
18055
22169
14569
3839
20139
36579
5753
46126
34167
1666
27519
6515
19016
48364
30941
44706
39238
37883
26313
48903
24488
31303
24420
30173
16867
483
16704
48201
36648
21363
45537
45951
14310
6432
30814
37466
25571
5150
4475
30371
47824
46300
49958
29688
31058
47670
34305
47631
41571
37547
34092
2355
42470
30111
12061
22412
8740
48018
48816
27921
19283
34564
40987
22788
38302
44424
33898
9957
44655
49705
2210
20706
21006
20022
14823
24682
39912
22607
49564
10518
45190
20604
17020
40944
34024
28356
610
33426
12606
43745
43876
19842
23823
29246
39070
40299
974
25005
30234
31314
26966
48869
25888
12186
17679
17010
16494
4236
20327
44308
16360
8427
28604
5285
25792
24361
17565
8167
6911
20035
20718
34362
7676
729
21263
34825
48191
20371
38288
15528
49956
43612
48963
780
26043
47925
7975
27871
8371
18419
4632
11702
8965
2660
31835
31410
4418
42483
18931
8549
10428
38650
19709
49376
25818
7987
34612
5627
8294
12731
45318
23537
42502
31007
38935
32752
9993
39378
19203
26669
14288
31576
9728
19903
27904
47021
25840
47418
20971
43445
44681
42343
16994
33524
44899
40918
40083
9826
28993
35652
33613
24557
47061
8595
27892
46510
29023
1032
28346
21087
26599
28902
24938
6123
10595
5502
29116
45347
42391
37900
19871
27688
24932
15545
11710
9567
42648
31870
27410
890
37297
25137
40619
18457
22032
47326
33860
38884
28749
28133
1978
36506
24263
29446
8296
1926
43610
38779
28068
37222
461
34789
9758
32529
39587
26530
105
22653
18142
37123
26193
19569
25307
8733
13309
3756
49990
19162
24495
38340
27630
39733
21350
49562
38603
632
45307
44121
33888
42820
24843
30020
35426
12863
28403
16564
2003
24345
24793
38280
22781
10053
26127
40139
32408
10345
39882
26802
32331
33169
5808
19841
13654
9202
45987
13149
13842
22862
47669
39404
31967
30245
43170
11977
12426
47016
1152
8093
3940
16325
9705
10140
5837
40131
13582
26141
9148
4221
8575
39946
20628
21963
32045
47128
47206
25708
49471
22736
38205
44168
16488
13342
34899
39250
20364
39954
43346
30427
19797
24373
42558
9664
3975
41559
22880
15724
37107
9895
40227
40568
12143
44668
11552
24630
25108
21238
44033
7908
523
8219
14661
35767
30674
24082
1824
35075
27223
7289
11749
6060
37725
20792
7208
6639
31751
33869
21826
10969
31619
12682
45686
45912
36259
35891
43466
6119
21591
18195
33009
18438
11892
11069
30053
33727
31635
41022
8759
10853
35677
36733
36893
33206
34687
16103
24926
14875
26551
42029
47263
30444
32412
16896
23375
36351
28181
43523
30911
5859
32392
4281
6719
9610
46799
27695
27659
33034
38651
4037
4816
38984
43063
21880
2252
10405
32803
42747
15875
27929
27309
8837
23978
2644
29653
15681
44126
41383
29019
15218
45330
30004
29788
12271
3684
34570
46845
6925
11199
27460
47664
44345
3249
10187
7911
21013
7675
8653
10555
42953
43478
48418
47773
16522
42587
10180
16861
19994
6347
39744
36181
1313
4777
47184
14003
44682
48045
45863
33886
10081
1851
34
33484
46561
15823
32857
11489
13317
4209
14072
2508
4378
33647
11888
5087
24288
10557
11195
6931
1167
34753
8515
37435
9891
46836
46365
2577
40092
28503
28989
42531
40602
7480
44757
11362
24779
3543
2971
25630
1235
20995
7820
31644
31548
24244
45967
44408
20291
7357
38610
30195
5120
36130
31165
40323
41500
9930
7708
20192
4845
3665
28644
24604
10794
10208
22046
33830
26424
28688
747
47572
35952
14885
24612
23344
38012
8686
2199
13331
15730
39228
26991
16030
44575
40912
10631
4899
29127
7627
20680
2615
37017
17548
39037
25742
34063
25148
12252
3772
31991
7196
15543
19619
15535
9558
49173
28249
9510
27840
19901
3298
10120
40855
181
25541
33579
42692
27459
24969
49059
12248
37508
39972
42610
29701
28512
26004
39989
46807
20508
13907
25893
13576
44449
16412
19234
21895
24805
4944
28413
10274
24353
10009
3245
39004
46783
33268
2380
35671
40209
1971
46568
32371
16399
30943
22747
22470
14696
11223
43729
1500
13568
47625
22301
3407
34717
41275
34625
10623
8831
47009
21838
34205
12073
8209
31387
41470
11174
39903
2853
15258
13121
43750
32368
20002
42560
44801
28426
1667
25794
29824
34239
20439
25076
17930
27398
24803
39371
10783
15166
36672
18695
36490
24608
48438
6550
23096
6728
14984
49931
34500
34862
25859
38622
2111
18504
33949
11583
7336
45940
4012
4512
20310
20179
31890
35194
49132
18202
22569
3092
40271
37293
19010
30103
12418
18764
33123
45523
4413
37889
49503
24511
7022
21303
47607
26160
12570
25378
23111
3460
24822
11947
10244
12835
31624
36219
37780
45327
37332
44206
43641
5375
36191
14973
11960
46186
48784
26849
43086
27577
18012
9365
37563
29910
24149
46122
3985
41103
35102
20147
35612
36976
23307
10092
45376
41501
34672
13717
31383
14246
27900
45828
35037
361
7393
45712
38520
193
39533
34291
38295
32579
10740
388
44902
31680
398
11517
35710
28686
5757
40629
38263
33900
12502
48071
13558
28145
9160
9437
43071
5090
31924
43902
25098
17416
36378
14219
12002
38365
45495
30120
41109
22908
13255
39360
342
31539
27473
41332
5811
13127
33005
38471
2749
47522
40482
35292
13113
30394
24044
2812
34039
29414
3539
18698
26761
36963
4850
46888
48588
39365
40352
39080
8518
36207
9726
31853
27760
42033
6301
17890
3286
21531
15124
12872
46597
22941
30480
18045
4921
19589
33321
40159
7407
22937
8523
31756
13721
18571
30896
21365
40261
26983
7390
8887
35316
22805
3564
28493
31127
33646
36870
45105
7452
29000
47661
42509
326
21912
1192
1944
3228
38019
20846
42586
36215
25418
34597
17490
39258
37944
15873
28348
36205
16370
20617
22834
46027
40871
4409
8984
14941
41126
45638
11203
24194
20351
8613
22695
31767
1788
44840
11389
244
4969
49852
24285
17294
21567
47053
34307
20806
47672
15448
28347
42150
11621
49972
31115
25439
2319
28108
33073
23205
17904
28271
18872
23761
14035
19123
21723
8731
42849
49790
10891
26077
34987
11933
49482
48991
40118
33550
10234
44402
44256
35765
35811
21270
16924
4387
32623
44474
5243
39161
4513
26829
42503
32953
38094
47257
15337
13723
35744
6956
43161
13004
25460
34382
30621
31355
28619
11609
2911
48426
40842
22907
32457
13392
41505
3174
37243
6086
8044
26402
29752
27814
7117
37354
3185
2129
20697
44392
43427
28770
42690
28712
47401
47466
37635
35968
45275
9872
7399
12861
48208
46944
25241
38588
10878
5587
13494
23315
30482
8755
38339
4473
40272
12078
6008
48644
292
49693
26804
26315
16073
1627
18060
31536
5276
34193
27730
38704
46170
38917
9723
23903
748
28825
3961
10485
29626
45527
7758
41198
36081
33515
41804
28752
16163
44473
47219
22207
46753
10946
42602
33201
7749
34419
42437
44265
6356
36554
16871
3208
49935
718
42650
37533
5580
42032
47693
26845
18260
17850
22471
43928
43348
8101
6261
40733
16238
48173
14133
2173
9851
21024
38505
15794
43972
11210
37854
29620
13904
33221
29741
6593
6791
25754
46621
23113
23295
10637
7884
5892
25188
38546
18692
26002
27984
46638
36161
25592
42766
10801
14767
31145
19794
48615
22597
3969
22926
8341
21649
31582
11726
15488
10077
34247
29154
8931
40617
42888
31108
41386
19539
15123
16672
47435
49126
26843
1711
23167
30537
27784
23321
28012
38954
44357
9564
7470
47167
48029
24088
4369
34077
2394
3193
18828
20485
19839
37097
35309
16559
32269
8785
8045
24553
18111
44226
38869
38143
8357
48820
17838
2217
14178
34387
48446
19112
11410
3003
19183
4869
8412
25008
31868
33466
5704
29708
10216
21786
8562
10328
26471
11606
26276
25414
14652
23760
38895
10029
44908
18270
45535
25796
8652
29548
17268
5134
39282
30459
12992
17099
31893
15041
35575
23412
44397
39583
27655
19749
17444
7207
17062
22934
15286
317
11759
41187
3715
13662
23273
7719
30669
42390
27300
10786
854
47212
4687
20386
6393
27878
32442
28007
4766
38227
19840
10463
42770
23012
33599
29186
40134
39763
10742
8197
5674
39475
10247
28151
10315
34986
24641
4282
45673
24399
2283
12639
36935
30240
20711
2594
46800
19783
22231
18522
40005
3656
11852
41208
44410
45329
15867
7385
4294
22171
12039
33872
12322
13114
43732
33895
26543
16529
24343
49740
12577
17098
24182
17114
28344
34809
43987
2963
5171
18615
11743
29634
23231
2599
37528
40119
29245
36485
49890
2190
46932
33015
6644
7463
29915
34877
5642
21353
33046
26620
11469
43469
37857
7257
9241
9460
45748
38745
44594
29179
17227
13627
31353
21318
41963
22476
9414
10357
47953
30835
35204
42565
44286
16722
9919
21444
7048
4708
19288
9526
23899
42419
24172
47626
45274
33175
48153
30634
29091
46884
39508
880
3316
21527
27532
49515
4807
19456
8083
3175
38067
43148
18524
33231
45706
11442
17331
22498
41712
6037
37067
7662
17381
48700
18386
22177
22717
35459
10728
4719
18628
7713
6028
19041
39168
15323
15111
35606
42815
42868
15913
14660
41998
12198
43318
49535
527
13446
11386
11547
48473
47831
1857
46301
11989
42786
10237
38782
39538
36999
29331
8351
3557
39188
27275
63
28003
49078
44511
32194
11028
12011
5726
39698
30983
22315
44641
42675
10291
49612
34742
47608
39728
24030
22481
11618
7633
16456
10362
9009
43839
2405
9312
21738
19432
40185
23338
15968
19285
33661
27983
42887
23680
24624
2154
49534
35534
34381
17698
38228
3158
34769
41631
41264
14203
47968
25014
22636
36298
5036
29572
20912
31202
30360
42265
3103
2543
6585
20014
32440
12715
10493
2898
29984
11840
33053
15329
29785
6072
6369
43088
19664
21452
22181
10019
25101
7123
40212
13234
26765
49639
5641
4559
35112
7542
49192
37446
6726
28355
25461
19487
32676
30676
16208
16246
10267
2323
36334
5320
39210
33130
28176
38478
30887
29292
7665
25633
25010
9354
173
1834
4296
11371
26709
12188
43709
7063
18084
37675
47896
20092
9951
22973
19233
1741
41536
33826
35666
24052
45481
7738
41082
30262
2878
3492
43940
40196
2016
21821
35762
43896
39474
742
33311
27854
9944
19003
32176
28959
448
20742
34313
34283
45104
24441
46734
13473
38806
44961
5361
48492
39152
206
23722
5096
1568
5873
32175
43633
38544
6737
28598
24733
28273
1522
39485
34062
19065
42432
46681
43118
28212
47411
14943
15287
30466
41472
479
10290
33453
10337
31287
47358
31546
43194
28870
23257
49763
39846
1403
24071
12507
6398
14007
35036
39863
46193
25034
38968
40214
26954
40926
24147
25283
9237
44441
3073
37766
6204
40090
27154
15844
2914
38740
23319
27597
24338
7003
1600
35958
30558
33922
7779
46119
43243
7386
7728
8047
21540
27468
30281
37118
3552
15624
45948
25352
27961
47923
38893
7457
8511
12820
43328
13467
33731
8811
6482
10221
30144
14392
10465
33594
19651
1377
18384
41623
9724
41585
5943
10921
47749
1577
35571
7862
36911
12333
48677
3925
44301
43753
18088
40234
26595
34440
16209
29966
12804
27017
40590
36616
8332
32580
1800
8893
30679
27130
26528
19534
31497
40198
34367
23161
40446
5037
18388
25618
43436
26718
32717
39390
19844
31099
14822
37549
6472
45392
46162
39229
40022
13393
8739
278
49427
49924
38901
48735
42207
17822
23709
42077
9773
35696
30587
17371
16475
40550
15040
33330
49122
46259
49094
35270
6767
29411
2763
38890
18580
28620
48223
34669
23176
34819
37604
35734
5900
35076
8481
5693
22451
11976
24064
2435
24884
35329
22948
36644
11631
37512
21341
24110
7372
30150
32870
49506
3335
40001
14199
27240
22815
28341
41044
44835
16123
39669
9405
30298
973
644
6786
42927
40494
14962
43380
11320
15199
9301
42825
40645
48004
16350
26664
40812
16954
38498
16840
18217
12810
44763
9355
41067
35013
20878
2449
40802
13747
49270
39544
22783
31907
5070
46067
27528
35902
3026
17997
43740
45781
19505
40369
23599
48838
25703
3752
21116
38734
33545
43730
11692
29493
16223
39591
18964
8102
12055
19979
11846
41938
29647
25351
20625
6948
24561
19661
17707
4851
23201
756
30222
17335
25910
36029
38772
20090
29102
21382
36794
2783
18051
17678
5301
25254
23888
29601
42233
8031
3259
26134
35512
41127
42960
11245
19074
3207
12862
31348
35025
27498
34602
23037
42247
26012
21106
49829
18317
37246
44514
45260
4119
46808
35838
35800
35590
7141
13334
17654
8065
4611
43184
39017
8022
1576
5220
21856
21351
9956
13126
22062
40777
1478
20861
39488
13909
4539
46041
8149
42748
8403
9017
21541
21769
20580
44824
46387
17314
1641
10909
46204
31237
23145
29140
47586
30464
45420
35994
16194
43205
4031
16236
12775
19030
43245
40680
23386
16503
5131
24202
37510
43764
29041
1755
17960
17019
11411
32702
44284
13933
7508
2143
22411
7303
41339
5426
3606
47841
6936
45287
29774
27293
30210
27244
9634
31787
48479
2619
19063
28405
20841
48334
2440
37694
22917
11814
24942
18865
13037
29723
12308
22415
11089
15318
23204
25735
9843
30003
9246
43929
30766
23099
26308
43233
16844
15801
41514
47741
32681
8112
31034
13312
21361
20260
5888
37921
27809
45906
4839
9147
45131
39076
7324
46675
34940
40985
36964
33814
5005
7752
34745
36092
28293
39944
16971
23305
2882
26202
12425
26879
29055
32844
44224
9667
7182
16930
15716
6065
21047
30454
24780
41483
47860
15090
2502
25808
41425
32788
48954
14871
29939
33529
11353
29625
44980
44970
41672
21128
1592
9347
14546
30812
42987
45415
43009
21114
49495
45409
7973
14206
27033
38225
668
28189
9537
931
11716
30181
25954
31319
43841
29476
30719
20957
33315
20227
39187
15053
26706
12037
24987
590
1559
22364
8945
2123
2718
48928
7944
25040
37963
23308
16331
48541
25800
35856
21749
36339
21275
37289
40805
1457
1023
34831
23641
23139
14226
49109
21120
28702
1420
37177
14472
31692
10358
9247
10787
49451
34593
4048
24808
26251
31734
43696
7093
47495
29307
47178
8426
13098
47461
2122
26094
22675
20944
43154
48589
1105
21332
46142
14474
36131
14964
43050
22151
10903
40767
18966
4425
38261
37352
9783
19357
33832
8944
41454
4578
40243
8301
1187
43026
30653
42129
9199
28092
13083
30522
2828
21276
44250
9923
24083
27714
25715
19802
8293
34014
49346
11437
31741
36942
42570
35499
166
12323
47863
49585
3963
29946
48427
38347
13959
23557
32129
27771
9870
45802
13729
33382
44411
40584
12191
19865
22845
34994
11043
18797
23451
6533
23212
28177
29455
3222
37153
6731
6182
46216
25912
14559
1228
40959
41816
42294
22905
22286
28961
36361
41042
42490
33299
29607
17505
43008
5759
17357
22919
46502
36069
31553
21927
15877
5520
762
42644
15862
21600
15945
37642
15803
13153
37082
28888
28963
41329
4457
46878
9060
21759
1384
17155
36244
36570
23010
21336
11227
48097
43259
20788
15570
30468
7696
19557
46492
46245
9472
29838
47820
45643
9192
12434
12081
12875
27846
16128
25527
40289
26610
48693
46137
5412
3860
8534
11715
21911
5702
32470
5686
12358
44103
44862
45938
10090
20273
11740
33188
36061
7883
19723
9955
22562
9946
21489
10546
19068
46661
10211
48831
14706
39359
11170
23602
24558
29789
27490
18357
46574
22816
41867
28761
17910
16148
49542
41136
30879
29223
19134
31793
21469
40097
32409
23544
43626
47127
15363
33167
37608
41647
23961
28701
33760
40725
17559
17280
15946
34315
16581
14622
32726
24576
32615
15590
47230
2498
39402
32052
2007
4088
43062
9223
28588
29965
23431
36465
48362
39620
45545
40221
39782
34109
31682
32388
17697
34240
11434
11831
6300
28091
16933
22027
40263
3986
43491
38838
318
24284
39348
13661
34363
15852
27317
33561
18908
15991
3620
48360
12291
5343
38996
1299
1240
48865
33800
11288
4529
18686
46322
4975
11311
24304
9845
18089
5223
835
5732
44543
34094
7916
35149
43000
38167
45903
45217
29815
23939
36379
1295
31005
11905
14969
25926
46017
219
15704
5951
44113
29438
27833
18765
19528
23098
41599
22098
47442
41172
25061
40292
17161
16140
4617
27583
47000
37162
32003
31430
21629
1785
44038
28332
35708
16536
24184
22570
1848
25969
39682
39656
21935
48388
44621
21755
48504
25579
36701
47135
23069
18913
1385
11776
6502
38427
18741
9133
42157
19925
40532
35063
40359
31944
36557
37603
31471
48968
48126
46292
39542
6374
13305
31001
4130
6635
13672
48896
2591
48998
5869
42333
44242
3842
41931
25613
10526
46079
36203
8116
44495
35682
32217
1279
2836
29271
19932
30265
1823
37149
16811
4345
38181
13646
1434
6353
928
12698
19275
13011
41605
35023
22288
49299
49944
8011
19662
1337
35514
48311
35439
26823
7732
49844
25903
19678
26485
25019
44380
36563
3888
36664
39430
43293
43488
18510
998
45843
35632
19862
26486
40084
34674
13000
35686
47832
19741
9736
19939
3063
33670
36595
19180
49207
22508
42367
20994
26011
14486
42943
46185
31826
8233
38672
43190
25853
29580
37091
42895
37856
35302
27338
11166
2362
29599
40861
13965
43369
40636
16256
19202
48579
20266
10149
38665
7903
10467
26900
26899
5579
14557
45494
48931
5570
29633
48437
34175
37364
46483
40395
19938
30989
30846
5481
465
10654
2119
38378
11804
38534
4341
16151
32404
12675
37974
37715
8162
12324
49086
27797
33706
23388
7750
41614
33081
46321
48969
13068
37234
9469
33714
7270
33540
37459
20029
26890
12524
27108
14536
30420
47483
10768
37947
3599
44233
2998
32314
6672
31774
31881
29934
43166
32566
4533
35619
7956
13931
42167
36743
17398
8370
10898
6375
11628
42324
25657
25768
24308
28056
15600
30702
30552
38110
25803
49267
12511
45167
45926
16774
654
16141
22984
2383
6125
14733
12413
44919
5145
25787
1730
4558
29025
19877
38728
48925
20420
31472
6868
37322
22434
36593
45205
8710
48064
20903
32649
34009
27796
29642
25852
5820
37027
32270
37802
6878
28312
7237
48141
33380
44081
3261
12258
38316
23299
23845
5999
45127
1636
29881
21480
48314
40264
11132
8711
42982
4933
17337
37132
29854
41802
45095
17687
16947
33746
1846
2431
49943
28267
4985
11635
44849
14237
26494
5308
14532
42836
134
41752
36476
25349
46588
18475
24311
32243
8089
41146
6384
44728
17038
45538
17162
47565
558
1811
17112
12070
41520
4083
26430
33792
37317
14341
29727
34928
4535
10640
29226
38630
25449
9053
40566
17710
23792
22843
9519
781
2180
12805
5475
34651
4697
38877
46631
30677
27513
29543
42225
49919
4838
27251
37817
41563
36591
12785
20739
11990
17060
14262
40195
9625
29808
36599
9621
32620
24990
38086
910
11493
37772
49983
14408
40659
35304
32228
15863
49540
16154
15382
48574
1722
20341
30155
28216
35428
3642
36098
36060
28869
41105
16788
46063
19281
23515
19990
16012
38463
24486
38394
24151
32375
35582
12255
10916
21577
14340
16193
8409
38788
21814
39909
38322
42907
11562
22209
32537
8648
4958
20492
43801
45226
18507
20500
23499
15477
14577
4841
12181
6539
39908
40078
25719
24872
39517
24564
13632
10317
16076
9897
12726
5400
24679
43990
32200
33339
19832
10044
15970
48815
28878
20656
12481
9496
8232
49005
28097
16228
30346
14686
39325
16620
10399
3336
40807
38920
8217
30985
6856
11480
26796
40412
25765
11612
2873
8754
29522
47836
32859
34248
5653
2877
21231
30875
19792
17907
37892
28266
2396
19133
1261
38922
15588
26685
8536
45480
11025
9475
47108
1297
37165
44041
28316
13538
9948
12784
48762
6459
33749
1423
27628
49353
36946
49400
13023
1045
11696
22593
13138
11247
47129
40933
35141
41637
17267
2353
22097
25353
25276
47858
15942
20390
1769
3239
37098
34208
14361
21340
31354
27608
30713
32690
24163
18948
8864
4590
29484
13819
16149
36047
4049
23825
38058
25277
47041
5467
21455
30613
11443
21074
44324
33577
3043
46066
3452
1165
29697
28975
46384
46973
29389
16694
7185
14825
39696
16181
39627
43849
46190
32135
7309
24246
1376
42376
27679
10064
43885
26013
20963
20466
26339
38241
48849
5618
38859
1975
13543
34160
40753
29884
19264
46210
11772
42689
47102
21354
17033
33990
30199
17159
36801
36165
18526
6601
19430
31983
7334
13208
24585
24260
13704
46419
24409
13352
11355
2801
28738
36052
16134
27966
40250
9520
48562
22960
32974
47813
3700
15732
17636
26227
47525
26092
6138
696
20080
41615
32076
12470
49232
4377
36933
2286
24060
29336
11620
40921
41062
24873
28852
16457
5024
35560
44615
45389
31773
6747
42100
14197
7348
35883
13043
46002
25816
5405
8157
3498
10158
45075
45772
12144
41603
24305
29822
9195
8350
11590
9476
7575
4344
32636
12744
37011
46828
44886
15481
43493
31343
35707
30048
36718
25486
37544
3413
4685
39068
28441
4122
31050
33931
19184
10243
47656
26090
4594
31174
42653
3134
30979
46815
35085
2291
24490
48024
5758
15786
36820
29591
36475
29126
1421
1424
17085
16053
16918
19883
37065
26711
6897
11842
20198
21980
10826
7759
23911
41782
38062
25740
20407
40907
26192
19740
17231
21212
43041
30654
5457
9592
48222
13221
520
5756
31337
26596
16394
26550
22894
5828
22491
25891
49301
45278
46898
3678
27645
21705
26447
10967
21240
49782
37029
18117
7800
20318
4170
4405
38951
19821
44344
5117
44288
25458
10899
23655
20860
44664
37426
21049
21178
5273
47001
4642
38659
15937
42875
39781
45001
27342
47494
10439
29471
10936
26546
38957
106
13036
9883
1664
34425
27817
18242
34273
41070
42375
38407
19981
37498
45059
19776
47204
45405
17500
43122
34351
2468
31148
48670
20405
8873
49529
1557
47605
28006
46742
498
6625
12300
4305
32157
14364
4079
21211
40679
37677
13053
341
48934
43862
2669
17283
30940
13724
1040
37218
37843
14388
4100
42191
26449
19057
24438
32957
21003
34324
141
877
10982
20616
46672
20596
27126
18958
5262
19262
3440
29027
505
36002
41693
44620
31457
37341
22370
43979
48198
24524
33942
26939
7178
40895
38760
9403
11453
39866
19287
42285
18581
29329
8252
21355
39090
47805
705
23527
34047
46097
39652
38570
5595
44276
28367
48444
17933
23580
7782
15820
41649
48296
986
13140
35131
41284
5886
48569
1379
25343
32796
9711
27053
41881
20607
40791
47575
29407
21317
7811
8820
30455
38078
40544
7095
7572
37917
42858
1760
9931
24989
33190
4150
37221
43060
28544
31900
30159
45840
23590
663
42079
35181
34744
35280
23165
8124
27237
41324
21955
30855
10861
30706
24766
34355
2156
1002
3550
37044
49080
15834
29376
37206
14963
3223
10924
27932
22272
4068
40156
30005
22235
44548
43254
6488
22245
28382
13251
36263
26511
33232
29807
4256
49846
45460
17646
8641
19472
48224
8920
18927
3718
2868
30589
37659
21125
47870
24093
3776
15575
7325
49422
42340
21713
29432
3670
29268
42706
5066
20556
3837
24046
27724
430
49765
41617
3186
15164
15779
33538
6164
35007
34886
42956
7995
38014
44089
8859
17206
12391
45909
48386
3979
33438
20392
16655
33328
5492
43267
17901
33364
27173
11719
15004
27593
15248
46726
23489
47371
21563
4716
24587
43490
5233
33254
18794
46271
10567
47679
25713
42172
9098
37264
29537
16955
20651
10219
47794
28083
36294
2376
44854
1038
18178
8090
17986
19227
34794
41793
15179
46605
46477
16275
30104
4849
32463
41620
23908
7190
4121
36634
25065
4376
15290
40525
2547
24430
34074
43072
22785
34045
3593
6823
30682
44958
7492
27558
6333
30213
44993
46498
31840
25791
38970
47375
44412
27271
4705
34042
24115
31903
39721
43012
20958
47279
9676
48013
32391
19245
21566
40598
17555
27836
48101
46701
33945
44030
13094
5649
31496
26875
41447
44279
21940
13456
3692
9330
31872
43376
3500
22026
14347
9020
31214
44940
38530
20280
29016
14611
10871
8674
32970
7329
29240
32486
27727
5549
37460
48881
15547
41337
20578
6440
38739
25030
33904
46926
2429
1513
19136
26415
21950
29912
39196
11893
42929
25457
8148
32811
14232
45367
31711
23949
45694
49127
30748
10387
44685
22968
18284
24175
49903
47956
48167
47655
30462
228
12069
34788
46355
12832
14866
35692
10789
15065
20491
885
371
14304
13179
33056
40210
21715
43391
7982
40144
48054
46289
43366
29087
3801
14529
45345
32206
41940
25534
40463
34643
2772
49737
3016
28891
47118
35549
7586
8643
31750
47683
26947
48873
35960
24461
12281
13818
27872
46759
16119
44311
13739
32422
15391
38948
45497
45298
13866
12655
32997
990
4126
19137
16792
16890
8623
15274
48982
44073
31540
11420
46678
31434
210
25621
12807
1512
34393
8172
10874
31143
25391
18418
19146
5226
43731
39218
33265
19560
30301
2392
10630
16039
19092
32481
13495
25376
18665
22904
42547
35337
40203
3572
48930
49175
1051
6785
13341
16697
43005
14975
3052
44056
12982
45285
1417
17789
42641
44989
7206
3130
9408
10153
44716
6546
39939
21372
12642
42240
4045
865
1251
47063
49773
42061
21111
20923
19279
24104
6784
30670
49950
25409
33704
11127
17208
6685
19896
46472
3740
25763
35544
13252
17522
26526
914
24240
8947
30822
31958
44326
40831
45155
21135
34392
31186
20166
12283
2732
27441
14167
29347
8853
834
1074
48533
45891
1019
21855
3355
912
10970
42482
24330
41927
32084
14290
16404
26478
10627
29332
43417
44868
4995
44131
33247
15869
6477
34487
12943
35090
27629
23826
46043
30307
22628
4099
41170
12647
3164
3890
2272
2270
13887
1405
8278
39385
25156
11342
17107
38974
11775
45761
29049
13211
41745
26657
751
7967
23986
1565
24094
14916
19763
13001
39245
7980
4338
42498
49757
5126
8033
43700
37948
25883
10
12458
13181
31114
19948
12538
24640
37619
30215
17008
42144
30754
34552
13233
29871
45259
25725
37181
27225
15409
5777
23801
37556
45578
31391
32832
15259
27512
9710
3203
31676
4291
35776
4946
46233
33224
28947
1832
9754
32956
27301
25707
20325
5241
20137
25
13642
49996
49382
40600
38367
25499
1455
1101
35672
46795
25417
20262
32163
37173
19222
41348
26518
18201
33378
24769
31133
1652
32995
21468
7410
39701
476
42705
48456
42713
19935
41443
11023
38646
46115
24056
22863
3379
29173
32745
12766
35447
9829
252
4885
46844
12994
10327
20171
23209
47134
419
22518
1528
30532
2650
21330
27667
36831
33459
40992
5158
15743
10776
21975
38746
25167
44572
36250
34608
5210
40273
21475
17614
33115
24980
21258
41085
42040
27386
35513
2690
7868
15510
21571
39181
23886
39631
12674
29272
32273
5532
17744
39029
39399
29390
16068
18179
27682
41459
15856
48096
40251
16249
14935
38117
22196
9048
9158
2451
6389
22649
9804
13273
11752
15895
17673
10712
26614
2077
25595
36402
30540
16972
49311
49334
277
5950
15838
4527
37340
8411
35777
33903
19998
24591
21984
49248
48255
9901
997
32779
43867
7829
24518
26401
20094
11061
30588
26916
12468
29535
42083
49630
45927
8369
10437
39613
1067
24830
353
31246
31772
35843
13185
1747
38388
21558
28338
39530
36785
41551
20099
30528
28736
13939
14720
45864
40435
41260
9929
44555
27351
40850
24138
27414
5445
8240
47530
37835
6930
1814
17651
28776
19997
34471
117
36296
28559
37562
18048
47797
37876
20217
20045
13327
17178
27736
40418
26207
18597
28946
34983
27586
17027
14247
49414
27782
24449
33659
975
28535
44765
11418
3285
20853
24252
34952
48898
2578
19751
32338
8776
26325
26838
12225
3451
14487
11336
21190
43222
32303
2282
17384
41415
4920
16005
3905
17487
22464
44154
3115
11817
39896
2908
8021
3732
12344
21324
25294
14077
16214
15243
28050
13599
49103
28562
15677
26375
17260
12052
4006
15694
32112
6618
32869
13953
23392
46945
37945
20272
33337
703
33496
6630
42760
5002
48570
14491
34490
29964
40356
41779
22851
27541
3035
11575
49514
11143
46515
15212
46821
40919
3717
46653
9096
10538
21101
25627
21765
23705
38816
8285
27571
740
1564
16631
24894
1005
21095
25561
24573
38720
17461
45200
44529
13970
37751
3731
8552
20564
21236
9980
30086
8399
9600
5616
48355
22606
41191
10807
46239
24655
12178
43219
15297
27726
1456
47291
26712
21055
1334
49148
18798
29862
22126
39467
41446
27104
34472
43461
29699
2829
4879
38171
30169
4598
23350
25871
16381
2996
31250
45166
27887
5605
8786
49614
24075
44482
42274
48601
28855
30416
7844
4604
34275
17735
41698
17551
16409
27073
30637
48027
14672
20437
32466
36655
3931
5318
1172
22067
21136
24721
9565
478
15934
28583
25328
4627
32671
31201
14068
24829
16335
13315
30186
27888
17364
34463
14774
35355
15741
20468
41290
22152
19988
34112
8100
44561
8588
32730
15307
23226
41279
16435
15976
44614
23860
3033
37878
8338
19181
12176
34636
29512
15308
34964
5099
17607
35214
8082
19790
27163
35985
25775
18065
31334
9187
1076
31157
40041
6420
8825
38824
4480
48009
28768
45301
21794
40498
8241
30630
36224
24339
3289
472
44859
48698
39707
43332
14681
43930
48915
40320
46762
36654
23114
2955
17963
14212
2797
26025
12590
8123
11948
39445
14385
37887
11398
38437
18670
22723
45604
32833
29193
44212
27566
48326
34530
37719
16080
18859
1674
8649
48866
41616
39002
3061
35770
21171
3387
47852
41333
10128
16835
46442
49184
22777
2322
11427
24466
29318
15467
46035
24166
12575
294
45653
30513
38496
31646
49581
46269
23808
43894
43150
42668
25245
25830
432
24952
38796
44489
6821
36147
745
111
9455
48596
3253
5788
13863
25045
36468
322
7373
47186
36497
19929
9825
49018
33926
41930
25574
48102
36524
30527
2189
48701
35202
35144
1450
32710
33605
14993
43999
49153
28626
44607
43868
36101
13946
49501
11786
15750
17493
6413
25655
18735
9494
31333
16780
35836
18279
49623
46061
1852
4830
41231
48531
574
42722
35785
5782
37649
21516
1692
36986
1909
18057
10225
7945
45026
8538
24547
29215
10915
18010
47214
20321
27509
6448
18718
33428
19991
28414
42059
18621
35900
3070
29436
2025
49166
7646
14999
10484
41507
23166
26567
21170
49403
49491
22263
1408
2318
40911
7578
42944
41112
42456
5422
39574
20379
11391
8917
43370
34220
46935
16047
12701
15620
37493
49461
49611
12609
22854
29018
9793
49052
7616
42189
43331
22730
31329
370
25615
3991
26195
48144
47153
22431
42625
48383
32468
27412
18493
34399
8735
32613
49156
37984
5453
47046
28252
3329
43001
34764
12096
13710
24695
40564
19752
18496
9684
22380
17504
42553
27253
18018
40194
11196
40821
49458
21470
14451
29212
48472
15178
15170
31111
27310
40627
1903
23280
30792
46639
28005
49010
8675
30864
20954
46984
26476
33415
30161
43593
29104
26067
28291
26783
28119
17758
29717
2546
45524
48074
32885
24577
17914
23653
49721
42569
28239
40973
2212
36065
3255
23433
8664
47052
43344
42139
30002
44210
38289
26635
969
941
21916
13212
22986
19292
20864
41378
369
29464
7655
42931
32455
45559
20581
25459
20872
18960
18141
9196
6298
48180
1241
16837
6146
27431
28399
16267
28456
5433
23686
41197
14317
21503
33146
46366
4785
9836
32208
6480
8259
12265
3597
10175
7104
27306
47157
40757
20684
41052
13407
9420
3832
11513
9809
38187
21971
13785
10549
33107
5465
32903
27153
7677
38310
20598
49507
32107
34445
46150
43061
16447
30841
2721
22016
38743
27270
31970
17313
22096
36238
34223
26735
15899
24481
43897
41249
38533
27591
41330
31244
27564
12926
28795
36050
24276
42171
31864
15198
38276
26168
7007
49067
21050
3674
30856
28402
17495
49230
16242
32446
16942
25281
38195
35168
33997
7301
555
41140
20018
17953
28080
35892
28809
43568
24289
37258
26343
9916
30249
49565
16664
36431
4161
32379
19482
22327
2614
19370
328
38275
29538
41230
6852
26909
47233
49490
17316
5345
46095
45854
3607
20464
36366
7441
31834
40493
646
17874
42217
9314
1015
373
36105
32423
37808
37087
46108
38497
28955
8612
44207
30869
35740
32482
20843
11916
33244
3503
27166
49095
44760
32329
37897
49670
43130
16420
5648
30237
4552
47878
1162
46466
8067
17971
24945
41985
40037
47094
45734
47848
44975
22706
44163
35226
39335
41705
30033
34391
30567
47383
42122
31964
31754
37957
13585
2438
19121
6666
49743
40325
21319
7134
40811
34346
11030
48290
35241
48572
36898
37456
13634
28111
39948
24183
45958
2557
18974
5035
48350
10900
20984
21307
14836
24815
28428
571
30432
41065
11179
36668
33261
40573
29380
24054
39825
11005
7057
6741
20302
44808
45877
29696
3321
40389
38175
3561
32509
47409
24199
16660
39945
21862
39877
35296
45322
23360
18626
14435
4806
36829
2194
40091
47437
31185
46523
1133
40958
37081
19579
28430
8986
44138
14254
37955
30351
27496
32778
23994
41899
7497
21580
43281
45093
47331
6181
47563
16084
27426
20884
12282
6555
49716
20642
10571
4689
35720
14813
35195
46499
34904
44687
47606
2807
33906
8498
34528
12030
34728
29672
24970
43106
4774
8152
2792
7436
3178
49885
2401
47559
32841
36440
34013
35163
38914
12840
18330
47216
40062
35253
40229
41010
35607
32513
8865
14631
30145
16333
37571
18164
31048
30590
169
18181
43313
24772
14530
23035
12721
41392
1541
7490
6592
34646
27560
3269
27886
20230
23853
25632
49808
16846
24541
45747
2207
44590
17805
22685
29555
43803
20408
41952
4445
45403
46224
20514
46372
16753
9212
4532
16491
13267
7851
6547
29028
13526
9069
44884
46767
12417
23522
26497
40288
31191
31837
40451
49313
10732
40337
29122
27417
9477
37111
13195
42646
15372
10517
4803
41293
40589
19561
22338
12066
30663
35184
6705
42472
48974
42299
24725
438
48528
49912
19170
26540
36262
17451
20353
43577
29056
34435
40661
38658
46816
43754
44254
21602
35283
3781
17888
29661
19818
36520
13071
31182
8830
48165
17775
41491
28592
12263
48825
49979
33908
6156
8074
20781
47985
27305
7302
6504
28930
48202
3013
15443
35938
27142
17119
25802
44382
29004
26510
23180
47706
38687
11816
621
48933
38918
49849
7026
14512
14722
16040
43643
28849
15231
18724
17579
36738
14016
23084
5294
6366
19510
31821
10256
46811
28429
12335
37110
39725
35457
13912
30544
1103
29529
26548
16698
36802
24711
42366
27360
19259
10058
24864
11919
20866
32595
25484
37268
14541
39128
39550
27022
4568
16720
4650
34159
24250
44558
19685
22001
23995
45180
32938
3415
34945
3384
24981
44616
34139
10056
35345
13122
42591
21440
11152
49136
21514
26752
32100
46997
21457
2181
17143
30903
12146
954
24675
29930
19494
7312
21219
19387
30908
6934
39428
7044
40651
45041
16187
21586
41979
657
48691
17123
35494
6586
1303
22632
40622
24129
23008
35053
22331
21595
2043
38874
31331
21296
46831
10697
30747
18512
23447
8829
49258
47920
14235
637
18020
10186
37461
20197
42145
28928
34782
46286
28377
49609
15713
47734
15165
46969
21811
16467
40406
22727
25011
41171
31656
5529
5337
24006
22755
39935
29644
6999
10904
41369
39040
49546
18707
30402
622
46133
7160
18375
5459
35000
52
20445
47399
2746
12933
15160
41013
49488
49744
48040
23742
10879
14319
27433
44870
3
11438
38516
33989
31727
44458
16679
40024
24991
3167
27821
14630
12208
40606
16995
43147
45337
20810
24108
33112
35901
7686
26688
25566
1095
18619
27816
27119
23330
1238
45314
31683
6292
13923
32106
14351
33493
33260
49193
5764
29291
40869
48965
26436
12650
5806
45116
46739
44172
18041
48142
10017
30965
42124
18252
32197
32893
36293
42062
49171
27366
41903
29359
15474
18463
40964
39135
24997
23989
27747
24131
19919
36438
16548
32877
38960
11384
4253
9356
7070
5118
35775
13737
37506
21312
15701
14273
43451
34637
7679
15449
3271
3025
42969
8018
6675
20950
30072
37873
34310
16189
39976
26377
22035
6761
40350
552
40724
871
12085
17463
25817
34968
17000
34716
29199
664
41089
35660
53
44010
43043
25112
21113
39874
10185
7938
10350
10810
29550
24456
30736
46262
1306
31194
19126
40864
7008
28650
42529
48416
35124
19392
7261
31528
34639
39768
48955
36953
28032
42535
3012
23259
10976
7554
3348
4025
32720
33669
20512
15709
11059
29250
31394
27951
15208
19500
45850
30475
15749
47921
23936
8111
22643
6526
7099
44253
31616
18751
5153
12817
18452
43352
9963
30744
30643
37536
7252
36569
32520
3290
24519
2417
38708
30976
41554
35865
12828
28270
41316
11556
40329
3997
11040
24514
45598
9200
9716
617
41636
15183
47139
49753
12553
30872
29120
25120
6282
34678
31045
6614
6775
47809
1525
39951
148
47481
4467
30415
27137
20487
27637
39856
15609
30226
36299
20904
44610
44879
38450
42523
17325
588
17741
39786
2624
31580
3850
38677
6576
42630
15232
27544
44883
43665
15364
26764
5415
40247
28117
34906
13452
26028
38942
19507
12541
31135
29225
19573
37038
980
43815
25037
29801
14075
19332
31905
4579
15130
3197
26999
11585
3441
25178
48193
33437
15440
4165
46405
35412
42784
48515
5149
15152
8870
9336
27732
23184
21554
10125
38655
11596
8793
39876
31312
16063
25382
39676
48651
18009
44949
12341
47345
9997
806
7930
38513
43447
23409
14280
9839
7442
20934
2375
18435
4875
21623
36791
25502
32008
8227
35914
34460
22574
36437
37514
8930
29769
31706
9893
42728
36890
36033
18152
43133
31549
38749
43362
46215
29831
16769
29433
28636
45032
35106
1676
28915
24915
1632
21010
48402
21394
10085
42542
14581
25675
38999
9593
6670
3034
36247
42520
7896
12403
43630
32141
1486
48659
11753
25266
34511
34870
15470
19543
37308
11413
41912
13688
5740
30246
37129
13110
28438
45935
26827
17882
24186
6494
24562
25099
42181
36464
14090
42693
25405
10303
49474
48564
42645
15365
27303
49198
17587
27613
13758
18831
38445
21722
381
41854
24272
45920
33457
31040
16205
36980
16541
28794
29816
6194
36217
18149
19079
48321
44391
17391
48055
12899
36841
5449
12892
25760
20595
49167
41468
38090
28304
8305
16919
43566
35121
33487
33383
23741
356
10480
24644
19383
42546
3518
47031
26851
9010
15033
17655
1339
18806
25134
30413
15815
44922
48036
1183
29342
16369
48643
16864
27606
12074
23822
21057
8638
21743
10036
14287
16648
27910
20880
28478
28987
7600
27064
10231
18896
24394
47688
2782
4399
27735
49549
22918
5493
45743
31212
29168
5088
7444
28038
3344
19703
45771
37760
22110
44512
37788
11651
2589
31204
27076
887
23419
7822
32447
26214
33739
40177
11226
4923
17323
40233
13277
10523
9886
16752
32746
31013
7717
320
49398
15358
24846
35196
14708
33933
33498
3840
2047
23461
27554
44307
48722
2257
18301
33194
23639
13623
36137
43787
7454
8425
45521
47471
22455
15887
20782
13329
49399
35301
9822
31016
29573
24236
44005
21521
21146
33663
1879
43199
10644
37636
345
40060
21493
6329
44062
14102
1611
3617
49800
47974
25438
37847
15293
37074
23777
8661
17310
45039
23013
1791
25096
23132
2768
35083
832
9188
34866
17069
15229
7783
1075
28800
34021
9713
9729
4227
12868
47515
29473
34137
37080
39787
21685
9302
22358
2068
4571
8950
18075
31669
9416
5119
28737
33643
27925
23261
20986
49952
28501
29606
28860
27008
14163
45098
19514
10441
26226
34569
35861
47948
29309
48571
42258
12996
7656
26576
12285
8839
2413
44944
42492
36343
11406
42271
45109
20590
12873
46864
44568
38742
14471
11188
9034
42435
48855
47801
34853
42930
27649
36653
39473
45083
49999
5456
20138
6797
28565
49619
34266
21873
31675
41990
21432
19870
42905
27950
960
49337
35393
27252
44662
8424
32274
18223
13924
49049
42834
33223
2169
25089
26369
23432
45756
10424
3988
24366
6901
15800
12138
1082
20847
19240
31571
938
20505
15139
22004
9391
39468
49291
1965
1901
28881
41812
4384
14778
2927
28802
16454
27936
12601
28221
48652
9607
40694
23170
5765
27751
43272
17194
25831
19942
23612
49450
10425
22414
364
32931
24156
25834
35358
13629
29165
21784
29988
10797
9025
28104
7804
48561
43573
16498
16474
14097
36194
8750
19004
25584
13603
9869
42386
26988
38321
2870
6690
11903
13348
713
43554
32456
13254
28498
29593
23067
18808
33276
4939
40468
23206
34325
2428
44733
46004
42670
35759
45029
3273
13614
4422
4485
25952
36606
903
37662
44981
46089
41969
38462
24869
17818
16006
23632
33239
48970
26840
47024
26451
24253
20532
5910
35597
37306
41422
38304
26241
9970
16665
32126
4586
5050
10771
1648
19874
2416
9966
12687
33396
19254
32219
5404
47340
41258
16373
40672
4497
17133
49598
21626
20827
19473
20648
10908
15043
19884
45592
26784
44145
28152
9547
541
464
3768
1025
11966
19394
43305
48805
22239
26290
37661
24526
43623
34833
2370
14937
11969
36502
30270
41496
14977
9609
22856
18926
26733
601
5049
29795
36372
47487
36209
23396
29080
13052
2896
10725
27430
8308
13084
24773
38370
21447
19600
11724
1009
40683
29835
32837
13197
6150
15390
19614
38180
13781
6662
44388
25347
43969
17472
36303
18557
41873
28608
6664
7
48114
4873
42484
36896
25755
37622
23159
23079
12519
49989
7388
18871
40571
349
36614
22813
45425
36778
28704
20205
3902
46420
7725
43927
47772
5182
25350
14864
42638
4704
34436
36843
31322
21803
32548
29069
28805
39751
32266
34136
36084
30921
701
18937
23325
29235
13896
3305
43206
11815
13695
19095
34548
10381
22590
38047
21246
43456
42945
43070
11553
6128
18844
28894
47571
1980
48465
19905
46679
44965
46566
6379
20692
5813
36902
12567
19192
49926
15499
31769
49858
37124
46217
18568
22483
21244
18003
20992
47876
15101
39355
2048
23850
14819
26659
24219
11269
31713
33750
41182
17990
20630
2942
38119
33174
37707
4395
42091
35629
28967
11544
14773
44654
29494
29339
39672
41068
12699
30127
4621
28872
42629
15536
38473
46374
49389
13828
31507
43678
30131
10022
39024
35174
46930
27801
15954
35271
43574
14828
27506
41999
20498
46785
22377
31230
18280
9701
46410
22070
15798
27930
19556
22281
34677
44566
31732
6166
13300
37444
18101
32725
16505
43657
17351
40901
15571
14808
32346
38223
22462
6837
34584
17195
43962
32637
41071
43926
43654
27451
17421
34128
38421
9325
14558
14667
302
28035
12244
34791
22017
31056
38774
15460
2925
19017
28339
3653
30316
34231
32849
48247
16982
26698
22224
11257
21182
24259
40100
21906
3192
11730
28268
14643
26145
47936
4965
30424
24921
4492
18072
6328
42253
2974
25654
7913
5783
18155
4103
33995
15132
12526
35595
40260
12193
15753
6846
13106
42598
28831
9310
19142
18095
46094
43291
18876
26188
27954
22740
29169
49621
11253
25115
46039
564
2793
29571
13527
10228
14322
28708
14711
14853
14062
11930
40540
31122
17653
36080
49974
18609
14189
20313
6681
4427
13512
10746
15567
43738
35748
32952
14020
19542
7895
17369
27680
26591
10376
6411
5634
45152
19957
32764
16168
262
24197
17967
19077
8941
11536
38559
5609
49961
49139
14727
11032
44439
26225
12614
17649
41098
10002
35481
1184
43887
5166
29592
37632
15201
28817
933
22920
41522
11801
7531
27192
11906
19163
18963
18257
43138
35155
17961
8703
4075
7238
34565
22133
32568
35684
9549
7412
38299
11275
26925
48017
33303
35082
46834
43433
5522
8272
49070
15067
29749
37650
32675
43503
35983
41724
19466
44471
46426
28437
24580
37262
4580
11718
42674
12166
37657
35207
34695
28735
25643
43819
34606
16113
28300
35312
23408
21732
4200
33135
15045
28678
45107
49703
39369
6806
8910
11809
45728
37050
32912
27238
40778
29058
11594
34372
16283
40246
18560
30651
49284
8904
30029
45998
27592
19773
45818
15328
23033
49712
22359
7787
7479
45016
40026
27708
4966
15320
38154
29847
17299
43090
45827
33064
49367
9670
15100
48197
43965
944
47536
48675
41556
48751
23404
15685
13304
14093
6330
21247
36246
3347
18309
20918
18465
13847
31326
42810
41683
35812
9683
17007
41651
5173
47762
45251
41123
25306
12316
45736
11533
48842
4780
25729
819
24973
34234
301
26009
47535
39937
3123
33481
12299
3227
29952
30631
31845
27071
29278
22867
38639
37791
27458
6460
13711
39918
15185
4420
6165
44697
42459
23254
6729
8434
8802
11019
49561
24790
25153
40341
38828
11232
190
47933
7241
35353
37138
23062
32043
20113
994
34709
9157
30397
41019
30461
35357
3881
33455
42853
46519
47603
37801
34270
34217
46988
48458
45091
39706
47454
4036
39045
6296
18442
17835
10883
46687
13714
26360
13846
41929
9543
27663
45872
22560
35946
6986
18274
42950
33759
38169
41553
32999
40633
11655
49570
28466
9206
5521
13091
7423
26274
46578
15070
40436
22006
16446
32476
9953
19775
39469
11647
26106
9655
20758
2541
43002
33729
42791
2476
44963
43786
9309
47252
18536
8539
35152
18559
29839
37208
2052
35841
1140
19248
17453
43719
43201
37019
31443
41475
19350
28725
34484
26749
44550
40489
12922
36978
18264
4077
29656
12297
38384
15625
41892
12924
21173
38409
34684
18408
19396
38218
12137
40466
32909
37745
28577
3978
19437
28529
26143
29097
11183
13903
13295
22999
19753
1255
31780
18550
13311
5685
41280
19633
19603
38881
3170
10548
15445
1198
45866
19194
21490
14071
35472
34280
39184
34747
21570
25210
37139
269
42339
37717
24213
25821
38797
44077
12292
48248
6045
38977
4706
19627
37390
21585
20377
29243
7163
38413
43482
10378
6669
29171
1498
27006
17216
10392
33057
9645
34558
20999
18276
20
31101
23383
7798
22807
42841
39283
4526
36816
42771
10739
35548
41792
8881
26922
34749
37450
40431
30134
22718
17855
40686
24431
1459
36523
22848
15441
12792
47367
20028
5747
13854
5691
21142
49498
27618
39777
43931
15068
11178
39115
36958
30809
12787
16493
16257
27294
14089
15629
22618
28823
33721
28178
35306
30662
13740
14130
3770
13485
40137
13313
6311
31184
48665
46802
9443
37606
12465
40002
8395
13173
28710
21259
43500
1119
10388
31974
27757
2943
26347
37970
34297
32390
8813
39712
43179
27953
35365
8618
36966
6887
42316
5931
40410
49062
33852
5121
38686
46590
5868
33085
3761
13248
9401
30082
3393
23185
34285
14299
36488
17365
16125
15214
19497
18907
3224
25025
41278
42934
44878
1042
11365
24063
41205
46848
47979
13157
25938
39226
14484
39806
5592
5710
35711
34583
1599
7899
9092
13039
31851
7380
41839
41179
16627
39871
43624
46476
42658
31480
42057
36930
17527
25928
26219
24159
39977
44748
26285
20932
33672
37388
35223
2535
9027
44772
5755
42307
13782
4501
48322
10489
41137
32471
21424
24899
19673
4023
23195
40838
33226
20894
11567
29011
45608
43477
48094
7939
29234
14926
6219
16509
10829
46792
18592
1368
18986
10280
46235
43807
12388
1122
37591
14954
32267
20724
19105
11190
893
23498
33803
28089
16090
43694
34918
27069
522
18606
38420
1891
28199
6074
2713
39290
19647
22745
9506
31077
2307
33386
18985
27322
45764
49900
25788
6976
18166
18875
31965
3010
7644
37764
13087
27742
5975
2600
34104
27803
31065
1348
30056
11153
22304
10535
23508
12760
39061
5139
47746
10932
9926
46645
15853
44092
26294
21157
44865
3096
12203
8118
45775
16934
26068
14894
39153
12374
9977
37348
34714
37568
485
10676
46110
16317
24582
7795
28801
36000
5583
16020
25315
28256
13918
16269
39931
35792
12497
16673
38381
6120
15880
2694
32657
41038
22082
32279
8876
33573
23681
11677
39244
35648
35116
36189
6227
12423
42291
18783
46248
34976
40910
45964
46506
18272
42402
4504
44832
45449
67
14872
35322
49776
39063
43307
39134
6864
33902
2227
19117
4007
12359
4258
31781
31477
46763
48270
30615
9630
4084
44071
34575
35647
28629
29651
8014
42176
32178
48622
8328
46725
28940
23043
38705
43209
45422
207
18566
47663
25588
25039
48647
42801
13932
25585
41567
35889
12919
26723
6091
3785
36544
48972
44578
33992
42184
36184
41026
40146
28655
11573
44493
42115
1200
31568
810
20613
28099
25640
28240
35388
49673
12343
10325
33148
12373
22318
43937
12136
43619
8265
7552
19250
24126
995
5413
791
297
40286
21017
2418
28473
10288
4252
31275
652
29712
32229
45092
107
47152
20003
21988
33159
28526
39031
36261
44726
20338
35704
14248
38159
28026
1263
2136
38122
13801
30436
10736
33432
39665
36992
34360
7379
11523
34429
14633
37919
37436
2806
38928
2846
68
24167
39697
19676
7488
42162
7910
10804
16884
27419
29363
38066
41292
37331
47042
16561
13314
31239
36947
98
4091
8856
23424
5577
41977
19452
29671
47695
5982
29221
23022
19803
32011
24637
11367
2347
5994
19207
40692
5784
47967
9170
4937
9803
36009
43873
48012
47350
9149
7948
3993
6918
443
4772
4449
17968
21518
28518
31284
38221
43480
10841
22995
42803
44158
16308
33525
35736
2565
49669
47430
18612
40526
36474
44676
18368
36962
46862
32629
40844
45928
48494
19354
30043
40603
40799
8854
24380
2906
39644
18185
16327
19960
42679
15565
23313
43904
33887
46924
28517
42067
35409
49939
20100
3574
33040
41495
42723
29452
37013
28002
12098
6873
47588
42848
14555
11428
41527
10949
37757
14244
12839
11492
16092
47954
26929
49031
47516
2855
12219
30726
41051
33036
17705
6975
46060
29751
15376
2473
2053
19140
3433
13827
22846
41787
16816
6910
27725
9659
22969
26051
1969
48990
20751
24491
5221
229
46096
4110
43903
3513
21404
19583
6642
17065
26880
11237
2186
45312
9624
12684
38489
45196
10346
12109
15428
10914
43271
19378
36409
13605
16471
22997
48893
36543
16339
49421
24161
4406
16309
45168
38727
10410
41519
44191
21118
33088
18934
48829
28294
18671
31824
27949
14292
37217
4328
8980
21196
17082
27330
28016
7788
36276
16985
16241
45324
36146
14149
14030
33865
22666
23773
7807
21448
45783
37551
4653
25784
2838
44912
19059
26861
25284
20149
3889
22200
10552
27901
10307
41122
49587
23355
27199
45119
37260
23050
34422
19691
38083
24797
10808
13191
32204
22054
15996
20455
33506
5083
15714
42415
6038
4087
25415
17773
42545
32272
16603
47067
5494
45257
10464
28591
6711
1233
19578
40452
25057
8591
25894
3847
36404
47721
38623
19609
3923
99
20202
4275
43955
13065
11422
39308
6500
28950
49769
46299
27297
36006
4523
29526
23059
8968
15186
19618
48341
33761
42762
49371
11768
39997
35953
1589
23028
41652
3292
11622
17983
37542
32792
11439
28476
5132
40829
12043
33125
27488
18433
48618
11788
47045
27538
47484
604
22803
7669
26782
20619
42011
9856
32947
43668
44230
9984
2965
21976
3825
4718
2891
4117
38020
10882
13182
12118
46772
45148
19881
4053
14736
17675
39370
26464
29280
43308
27712
22198
42314
21298
23290
15042
4306
43337
12695
7996
7837
39286
6378
32567
29618
5256
27118
33279
24050
39307
43358
25528
15866
5450
24114
49836
48023
4414
40729
32960
30541
41274
35096
49020
23129
38430
45806
33713
24349
13814
13119
14948
338
6703
16348
49578
5430
44707
8458
33479
20428
13595
48267
14025
40242
1888
4351
32134
14758
18763
7622
46569
45421
9927
34035
28410
48772
1092
45208
769
828
243
36309
49998
32397
46999
14276
1328
42737
16857
14184
10442
10415
12383
5310
14137
29675
37523
31653
8497
27858
10344
2139
33867
30638
16724
17138
38771
2059
48231
13146
33890
46928
17841
1842
19091
33650
1841
32020
29942
49747
47632
26212
30026
28195
11582
42608
27246
38393
6796
46281
10820
30968
9855
27205
5597
36716
23174
4197
42687
46541
15591
41426
25842
47556
37995
29809
11258
16584
7278
21335
27450
7580
40324
44184
17689
33712
34308
2952
4506
32525
41754
31860
46577
38260
7700
29568
28717
10188
42870
48904
20797
16823
13805
37727
22765
42266
30293
32614
22500
48441
48614
9678
20039
35471
38841
20759
19596
48910
11822
49111
35460
11985
37254
19013
41722
26615
12791
45002
1936
8288
22312
20586
17275
8056
8860
34383
28553
30788
48368
47898
33961
24715
12738
33066
49841
7791
11075
12171
34830
902
36810
35061
29963
40252
14193
45291
15455
4622
27449
49651
32582
8316
12328
7755
8756
6107
32348
3816
37090
31079
31535
24994
49277
1431
23983
47498
25205
4248
5793
6771
4380
40384
3787
7260
39048
38292
30238
19550
11482
44551
35957
46278
43821
20384
40424
35236
23501
14950
272
16746
32093
40255
34515
12768
3342
6267
26021
43834
1394
21359
8365
42846
34203
20116
13757
18576
31107
43785
4779
16500
418
7055
38049
21040
35787
33069
5598
6718
36342
19786
49024
27323
44847
42886
42609
1535
14049
698
43115
14117
30649
24626
28167
42822
7694
10648
36844
28658
32490
13351
45936
10217
37309
36994
33546
48676
43426
33752
38543
39292
27990
35790
27495
43374
34563
42036
39973
14651
22297
18448
42052
42925
36010
26997
38577
44711
4722
19230
37511
46026
31876
24964
31766
4659
8073
40719
23565
27677
7891
46927
48212
30491
10722
49224
35027
40971
13601
14043
15699
49831
48
43864
5694
29054
7972
17028
46959
24867
22099
15077
30577
33423
16607
17254
10166
15074
1856
36745
11230
24798
41285
6415
1650
27745
38557
46331
26675
32083
39526
41478
34418
40306
4131
12487
35004
10836
22293
30529
29421
4788
38718
33211
14761
43093
17245
340
46134
33719
22970
15143
12295
7927
49572
48258
23550
36804
39273
42527
38073
25876
47058
20125
17920
49589
27267
24650
24155
1311
5218
20404
27549
21133
2919
30388
5781
47938
3330
37926
36439
37501
5558
11563
36140
37494
29876
46267
15917
9333
49304
2593
22840
26535
20712
11306
3055
9551
45882
35701
19172
14463
15210
49469
48797
26404
40319
39953
41222
17570
25898
15537
27720
27706
4208
41910
37272
20549
16392
9529
39852
34016
10674
20228
5247
14158
30501
38657
2529
49
455
3352
38751
10504
39709
36230
5252
20015
36613
21076
26911
33367
29417
25940
41807
5311
4917
34571
43390
37502
40413
7797
38596
14123
3457
17214
21735
18458
1435
6153
20051
19902
37941
49019
38161
952
3778
29991
33999
38699
39657
26130
43183
8364
21474
41740
3410
25468
28575
15362
9561
672
47541
32140
43351
34026
2336
2280
19846
26396
11704
39679
37376
2160
22914
30902
44199
9248
13368
39829
45776
21467
11539
21391
34405
25100
15031
35339
6676
42434
31725
12910
3627
12543
30933
15707
37855
19541
3536
32212
46649
42661
20200
37990
33929
20151
38647
7695
7414
43835
8600
28217
46936
30737
16146
14526
44978
2026
17204
27914
33471
37943
35260
21691
9838
34644
37901
35996
45261
45267
12842
8430
15327
35545
9521
15973
11964
23623
25995
32033
42410
43095
23927
4649
38030
45881
31854
2990
37187
30910
9985
6932
27290
4421
32297
26642
18727
47103
5722
35741
43677
29528
10960
20768
18760
37142
43708
44278
23697
45953
8286
33076
11485
15030
38581
27483
4947
24216
37627
39093
11507
37176
18833
12610
27960
12489
37976
3857
23566
37950
21073
4401
29588
12227
18432
18753
36546
39259
36835
40915
43541
48695
23434
43625
22503
34125
41746
30711
3532
9491
9108
24795
48300
48501
20357
31376
13097
28030
45943
14255
25886
28914
3527
25935
23618
11889
8626
25001
5938
37616
47998
3920
47264
14053
13412
33495
44939
27552
1601
25844
28450
26319
2834
32968
35
29149
22059
20593
11820
13942
848
19491
37497
25060
12800
1324
44937
48795
39564
33923
38006
3165
14357
37473
2714
9316
35297
32888
36170
47648
1164
29919
24569
22519
48354
36393
24051
32545
11843
31775
39761
32761
17545
26238
15403
30549
17652
4229
218
27202
9681
46347
400
45904
36630
48291
1018
34274
13674
44855
11592
20237
49793
29874
42342
874
1639
30269
29583
22160
10297
14745
16390
37768
40548
35475
28135
25018
47047
29780
13172
18224
38027
18633
13694
34668
7203
14271
12183
40385
554
336
25577
28185
29475
16253
2485
36435
3453
40490
12097
39818
1781
26638
1363
16322
33295
21191
43252
17150
35665
5883
34802
9089
38411
23624
46085
21059
40639
2777
35579
22812
32791
6959
48339
3729
6053
48922
40257
11250
18498
48268
46431
24706
5028
17731
41905
12273
48003
37652
23016
24697
30858
1584
2002
37516
10131
22967
25313
43462
11998
38941
34967
8373
44833
41128
41532
47733
16908
32053
14613
27576
26220
37184
47839
24318
4674
33164
9267
28690
21884
15342
34152
2798
49308
24439
34482
2341
29480
26871
28371
21703
7659
10046
39934
4336
43638
18776
38352
24407
38726
34713
17259
11397
49880
13169
31999
565
18355
46353
43471
40070
9798
3057
224
5998
25240
15573
4043
11051
35178
13474
36285
43598
38015
27328
27070
20753
26014
26544
26066
33460
15805
25777
41401
9959
31679
20835
30863
2670
25580
5918
7314
14108
27964
41037
14114
32647
22873
31390
41862
12159
47996
38229
19427
27445
1961
46837
20489
25641
45762
33878
46873
2910
8717
21445
34739
18001
18598
16969
25356
13841
39986
40990
9638
9001
26836
19347
2570
28149
40816
19748
38891
35462
20749
3378
43415
12301
8063
20672
12942
1620
8446
3182
9532
43401
49985
17252
28965
13834
14152
11939
48520
38220
32101
24374
48081
1331
41851
28459
2351
20709
37785
46824
29972
13948
37656
33323
6184
15889
25972
45625
48185
24881
36192
9708
2866
16653
40441
19601
19606
34141
16699
46206
28024
37440
6589
47282
33781
5359
45160
2226
2884
32231
1759
49554
32981
37202
31449
41925
3758
200
40379
19438
11100
38267
24489
1638
39496
35837
3036
41738
4641
1719
1146
12427
13095
31817
7620
16693
8943
1649
12895
15556
13292
33702
16155
37200
12086
7364
31224
33091
40804
15574
5594
29689
42205
46053
39444
14325
20271
23211
1540
3339
7230
21584
14533
34582
3623
17449
43992
41437
36773
48577
24178
820
13380
10026
34766
18033
23297
6434
3364
11214
12834
4312
14141
42362
8729
45136
35183
3796
15513
21865
14002
33622
48876
4033
42592
808
17151
42802
3151
49442
18322
7290
16800
184
31898
17796
30153
36448
17285
35100
1132
20916
4688
51
10503
45086
41777
20104
37767
4635
28524
49493
46200
24168
39071
49734
44359
37448
12236
41289
7832
23116
17554
26170
8971
34186
37940
9700
40601
2979
32237
37419
36290
27000
16461
33824
1686
11944
43388
8796
21739
4510
46020
14354
41759
1266
32301
18851
30050
8094
26179
14154
24665
29321
12491
3936
37433
19296
45400
46958
48095
35450
40732
49351
38359
29899
24897
21671
48241
26420
33857
25073
4630
19769
10049
6127
22184
34851
36566
20757
39936
48686
19535
14429
34082
24813
1497
43142
5941
8340
18401
10341
45017
9430
9837
48145
18429
1703
36956
44984
8912
37541
17764
20436
47552
46397
48901
9331
10209
15344
16280
39310
21260
19152
14612
1668
46576
37599
11956
5827
12557
15176
49475
18413
6418
26101
21154
31137
24062
38857
37463
30884
34447
3397
47269
41003
16448
2652
11688
1033
43100
35415
10152
43501
45620
6880
33583
43297
5677
3841
34520
21897
30403
3526
49634
14455
8568
14942
11581
8300
4264
18748
32336
38057
9640
18584
23668
13282
41283
36556
34225
27980
43192
46942
39692
38392
40447
47766
39298
22055
4585
42257
30317
44478
18347
44759
3826
38609
23871
24278
8475
10105
29776
48682
38026
3341
23281
49091
23558
40774
6863
37905
45742
46980
1117
17929
48887
14756
44125
13144
44240
22679
1957
32886
31131
11366
953
35870
17341
39648
35371
9623
26178
7395
27689
46774
26164
35458
33178
26967
16075
21992
9230
47302
34342
23416
4423
17621
17439
41076
44320
24205
35284
17634
41166
28972
16622
40105
6970
31492
32776
36944
42614
28404
46667
17770
47830
29652
29300
519
5637
9352
32260
24358
17368
7071
8309
34462
2936
23536
4316
38896
37851
8406
14953
33981
47
2636
7674
27517
12447
40376
47348
10494
3870
19349
11481
18004
19793
21630
5979
22221
27185
28728
17749
35709
16293
37000
5795
39800
15802
44513
32424
42735
16661
33388
4684
34395
23474
2117
47374
2242
13404
19377
27168
26892
24017
13253
5304
5638
48160
15330
4862
26371
25211
29518
32349
31036
113
33075
27963
36066
38048
6962
29451
47149
40349
31382
37263
9296
7198
11660
16883
43448
40411
32898
48780
39164
2188
44259
39479
36936
28871
44695
17307
16295
26915
42826
26018
37992
46538
3093
17132
5525
14747
39760
25152
5917
9606
25129
40458
30969
8991
23659
32173
44274
10296
12579
27997
1906
25273
8818
45717
21923
42474
43892
6605
44317
46451
11546
31688
3277
46554
48382
30408
17541
37381
43437
3431
48719
18439
23523
9781
40268
16231
48117
26565
48586
24057
10973
8628
24530
30742
9141
46400
2138
33723
21202
49661
30289
34040
36445
35308
8435
19444
1139
24445
1805
41161
45344
47816
37570
6770
21534
6698
45981
6345
27999
45121
8858
13076
2354
2264
28677
10252
8486
32941
47634
30295
36646
6346
21523
12648
43165
25170
5935
4231
10454
7009
33562
39838
49551
11497
34301
16786
1407
37733
491
32288
37816
9662
2569
38528
20501
26936
44285
24914
6884
27491
6265
23713
7952
19999
11707
38063
22219
15806
6327
3046
40230
24294
22818
26040
84
13232
21807
23626
49632
39598
16192
20001
48312
8579
24119
25048
20673
18630
23704
18380
23579
45955
9932
18253
31993
21842
33976
18643
21894
6136
40240
30330
38215
6394
22057
39864
49456
8170
517
20688
25573
30790
48508
8721
35531
48625
9134
18144
6033
28369
41050
34844
14192
11165
14061
33848
41058
1614
26186
7958
33435
46886
2804
7254
32747
43763
3883
2863
22041
26479
3994
20882
43910
10275
27885
45391
42237
20960
44542
35242
31217
2556
2850
280
15367
23370
16415
28851
2665
41469
15155
30114
42656
6992
40514
20373
41801
2150
27397
33338
41525
1232
41041
36983
44926
8060
47109
5408
42647
22572
16651
40284
28388
2165
35954
33916
1853
9890
4051
42388
36344
15200
24224
4857
35203
7821
15981
8835
9444
11164
5696
33920
14196
32038
13741
25953
10115
39372
37226
1428
16081
29323
35533
22903
2839
10597
49539
24694
17134
22548
45754
22887
31360
19314
30871
42519
34397
15227
28515
10983
704
30602
45884
45172
21459
43140
2256
7451
11644
13540
2331
27335
24848
1484
23981
10696
37105
382
33371
25404
305
44173
47579
8418
41053
40039
21080
36669
38350
23056
20365
48130
15583
12637
4267
7297
25612
3308
19256
5424
19812
41261
41429
15533
258
39347
46737
11394
7964
9509
6102
48747
40952
14635
3362
18962
11847
6762
27260
42109
6723
31485
37863
45807
23733
14965
37006
5797
24087
17373
44971
29094
41030
49157
36772
35799
2595
10700
23475
48469
26989
29152
43398
14421
31810
4606
950
32583
13459
46348
1027
2201
22145
14037
36782
4254
16761
25518
8698
38827
46847
41934
28187
28566
35691
25375
32538
43253
24713
42577
45511
10196
925
895
39984
11994
44554
37697
33733
40963
24127
32396
30922
1281
13437
44427
25931
35239
20996
38750
23846
12854
40166
19104
17999
24037
17382
20465
43334
19265
18263
32061
17864
9064
41407
36091
42718
19592
42227
23282
12352
24034
25052
20974
22764
16307
35766
35136
18925
24264
2741
34846
47433
37318
4983
39319
30836
11932
27285
12676
19201
124
12450
3116
5776
15702
34806
2887
36436
5919
27200
28386
5025
27377
10902
21274
16567
33941
13461
38675
42108
20707
28985
23046
4205
13984
10870
25386
14495
28019
40456
7028
42451
35610
40649
17244
16355
42753
5206
2293
10910
38969
38346
18156
18655
34494
40701
33500
36487
40523
29714
28527
26768
9270
43255
18112
19232
42177
10615
47071
4098
31633
37762
27362
29397
11052
6825
16102
9284
25199
41262
27358
3577
22681
17342
27795
42889
30620
5487
19454
49338
47261
37664
44876
12705
1476
26491
692
31778
46178
47947
30006
24628
31602
18213
6160
9715
15357
43016
10356
7760
28258
616
24609
12523
32924
40285
35050
3314
43283
36097
18657
4292
4073
49699
41850
25385
10100
47207
45836
11945
36100
49434
16775
43863
18036
28285
4167
8774
45769
9164
45284
14384
24885
45487
30752
44054
5372
8001
8553
11313
21824
4410
6811
44780
2545
47265
28954
1375
48835
8128
37959
44874
25728
21203
42619
27772
41957
49959
25950
47349
18520
4407
35949
46294
10236
14054
29799
14522
15936
16315
474
29082
580
18537
12589
19373
18387
44821
38690
16312
6757
34690
6441
5675
4681
8000
39462
5684
26517
10775
38451
29707
19138
15648
42538
48712
35796
10254
29485
14952
6423
25686
9085
2310
9599
9540
40047
6978
16024
25628
34229
22771
33671
45303
26812
20257
13536
38250
33796
46364
18880
40033
7608
18977
120
641
10283
39481
33374
34155
23456
30044
1173
20552
19926
47209
36206
34913
47937
2796
677
47289
13103
8393
25841
20543
4017
5969
3132
32071
43702
20240
8787
40735
31533
44928
38988
9186
35849
5429
48598
20334
32218
5170
26976
30720
7663
27622
6921
32989
28625
12652
38095
21801
35417
1327
47775
34417
5280
46270
32709
15009
3878
1790
20088
38060
26872
31611
21724
15266
36387
31233
35059
28584
30166
47251
13142
34649
19617
33964
9595
20071
15610
15192
11341
22352
31110
3743
20488
4173
43027
9008
2023
33353
19019
4383
23608
36882
48303
44153
46081
14065
17419
2827
25666
31152
18577
4829
22482
10095
36127
8905
16279
19545
39940
20397
3594
47397
8138
15892
3146
8460
11980
9637
45982
32113
16963
41860
29308
25921
26093
21175
655
44142
46013
41134
3369
21606
5991
48302
25171
27924
16798
39752
27406
30793
23322
39913
28343
31594
37134
38569
42392
42022
13533
45206
35866
24405
48025
25495
47792
46827
15812
36551
10114
1214
43840
3138
17937
20772
5530
4136
26699
18308
28858
15476
37009
17080
14111
41315
44423
22772
5448
25551
34189
49668
4750
12603
846
42018
5259
28190
39156
1735
44236
38587
31292
41448
13398
4633
2105
20388
1482
17784
30478
18858
45218
1113
37681
971
47986
37866
43400
6643
44379
45642
6277
2602
6704
40300
842
37698
44486
24279
15963
19241
34043
40614
32847
1767
49445
18791
10554
17408
40030
39902
29706
25419
17873
22625
6323
48113
45556
41886
43468
41135
15850
17982
39735
7865
13275
7245
4212
19702
23649
20531
37672
24368
22222
25739
9386
46913
13645
21079
10782
30775
16825
49174
23915
41506
25596
26923
4495
21194
40789
44309
22878
15751
34300
43149
41739
29745
15402
40046
26061
19213
38698
20462
7215
12253
27448
28842
45486
41945
20043
34594
42409
27790
24705
37086
42441
13927
9780
31062
6406
27259
23622
19453
15675
49023
19795
49541
26269
46003
36638
36990
48227
29324
45585
3766
23469
2494
24983
23849
31339
16207
15417
49966
26611
2261
11918
10184
23091
4181
39426
49007
40374
29628
42855
17022
40488
2192
10628
38762
28757
12535
3301
36752
34233
14980
1047
2478
30162
10282
46787
1593
40979
45447
17525
34671
12032
21068
23521
47384
15398
44731
13746
17529
32927
27579
9920
46350
43258
37209
49786
27563
1437
27565
5281
41709
6990
32378
31668
27249
16459
2756
25997
48361
2561
27998
33701
15736
5245
43850
19683
5300
24262
29472
34773
31879
35269
11725
40798
25674
49402
10141
48239
26147
18231
8396
5849
39605
10106
49404
4671
18240
30767
21400
33007
29757
770
2482
20906
22271
44679
39471
23245
47286
48914
45140
13109
26499
11570
43312
3435
4149
26096
22387
23400
15859
31637
5709
19141
10603
48335
10856
2824
11332
41941
12562
14129
7240
36414
7248
9239
4744
24509
27553
29679
30802
41391
5411
22876
42667
49918
2148
21370
49071
25941
26790
41645
49795
442
12936
22874
29327
45446
8514
32130
37962
24792
14394
8325
3176
35820
15503
27385
47421
32660
11965
22009
30691
11595
38064
3632
30337
19537
23766
41685
11426
32162
18167
42151
8903
29151
6557
35452
29563
49719
36997
23288
6435
43465
24646
25323
39929
22223
47403
38208
25616
31586
4822
20741
26898
5922
24602
38080
9881
32963
31550
44983
4566
23814
42104
42992
3449
46750
46046
16850
40852
32815
40841
49416
10619
1716
24192
21328
43214
12995
10202
49345
24910
22612
29343
42131
3423
19737
6928
40870
36199
21690
27074
9969
25017
42321
41907
1542
24920
27041
3861
11393
47822
11909
42427
29662
48680
35685
25832
13775
35721
42557
35147
11897
3643
34420
6985
27467
22993
26958
755
30129
4201
25820
13636
13261
23298
23473
247
17688
31011
40570
30140
33051
32085
47690
18585
33352
38111
43137
38504
11421
5008
19950
20181
16555
32809
26045
29590
7888
45816
34503
44128
9362
8907
32278
27874
2075
34117
1267
12555
8569
15711
48773
44106
13985
4767
23867
23462
46846
44016
38847
12867
24687
36649
15345
5625
39393
33449
28336
4433
306
48171
6532
17885
42192
8323
45992
47815
32354
16277
10931
19817
14673
17724
30472
25286
1560
45516
44488
30
7085
48161
20084
10686
6736
18502
7720
13462
20722
19641
37701
35763
27683
24457
47823
14428
42405
3824
42740
23693
4090
24032
47145
36754
20189
48440
40141
37994
34847
31508
28729
35343
2642
44863
48909
49302
1469
33507
3049
18543
47228
26607
24484
8499
9288
13154
38098
784
19413
47156
33483
30984
42975
23674
18369
22896
36560
4004
32489
46009
5541
44218
13375
4914
17035
33568
1461
40122
13972
36736
17063
42865
22580
29204
28819
15529
10741
667
12407
49637
17210
26560
312
49172
37589
6143
20427
40575
31338
25536
40408
44538
37687
7504
47727
46743
43912
36327
46529
31057
32479
30014
45280
26175
32951
25944
19339
25601
16937
13159
24016
23262
45837
8154
39529
46326
1396
38794
35448
28113
31494
40717
19517
18675
32797
15338
3473
41257
8358
40487
35923
4595
38983
682
25947
29693
12010
9666
42348
30536
32044
10695
27067
35335
44155
9059
8284
22976
599
25692
20253
15085
16796
41486
49543
28936
17298
30194
9421
20178
16606
21994
46771
20765
41066
32016
38120
7094
10457
35860
24603
45346
1764
41185
30861
8784
25861
32648
35561
22107
8845
36501
41848
44413
26247
21221
35018
32310
44335
48367
16882
26132
20070
30932
32561
39215
5439
11395
8318
25572
20246
45103
47864
43520
4321
14125
15257
39321
1929
9144
11953
7541
41001
5042
38232
28205
21933
11168
21679
44559
7990
36818
49006
35976
25023
38349
33936
20426
39129
19173
5658
17605
37769
46509
1390
45336
12799
1123
25799
35077
13770
44626
25936
23250
21936
46655
30456
41035
21281
28820
2521
5279
1889
31254
41359
21694
45541
44454
3264
49710
6051
36519
37849
18604
35802
3443
34748
42559
27875
44183
7156
9925
26617
28640
21253
10326
25920
47930
19746
19864
15022
30442
19313
37095
44778
35690
9952
1799
42463
19969
15128
35675
6299
17220
9231
6764
36056
24005
4612
29734
5004
20812
24173
28694
28856
24734
42613
45979
38300
8139
37960
40155
36678
18955
407
40512
30650
13133
460
30100
6490
34997
42337
21205
23589
12195
7287
6475
11004
2095
10957
19845
29121
1028
33530
3058
40892
2647
48567
31393
45512
4963
45759
38194
10068
13294
33097
28578
35021
34279
47754
17686
2967
33199
4847
49992
38360
41673
21385
18417
29139
24378
14996
12048
46548
7045
25702
10531
26839
8336
16065
18437
19083
16304
283
22719
48164
591
383
5023
23154
36340
32119
28374
37397
41723
24892
24375
27536
47676
12871
14591
40028
4057
47171
27728
28826
2439
47065
44457
34319
18583
45946
43820
10844
33296
37028
25772
37581
28052
1196
31694
22536
21348
11177
43652
31041
12977
14707
31074
45052
24496
42318
16162
9833
18673
17774
26091
20975
24326
28808
38840
21313
15501
29070
31240
38291
15129
21515
1886
7697
38487
16054
5314
13670
12989
42551
2941
10116
36426
2278
42568
28125
24331
18663
14103
4804
25214
40499
47297
15262
29773
31274
35664
30431
1537
43679
8929
14690
27766
34146
40748
28164
14045
10047
3388
31009
35456
15647
22192
25724
4089
27588
47012
39397
19956
36996
5993
21446
23115
15047
43784
23790
24176
18682
46055
6044
7299
6213
40669
20247
13982
22347
22091
14220
2132
21587
36407
3179
9995
7484
3802
4298
9343
34100
30133
46830
6015
44297
19964
19653
21734
12583
44331
2876
26213
18779
38093
12629
10537
49373
33078
19327
21064
3399
77
8069
44648
6612
15688
7625
32441
1963
9005
2689
3542
21669
18893
21877
24680
49516
22391
41240
2415
45613
48627
20885
30882
18367
18971
12498
5665
44637
10403
36383
36989
30258
36397
25678
41158
43646
3432
21008
36288
4319
49089
13024
39214
18074
15602
21550
45007
38792
48393
24007
38070
12469
7051
42662
32831
39968
33342
17420
15938
7098
20322
6838
14959
48948
42383
49980
20057
41786
44986
20049
47699
48524
33753
38099
5261
24290
39384
48288
46995
15126
22205
34005
42443
15790
6626
40364
35605
46967
11150
32290
22435
48546
26775
18866
26032
22265
47958
8414
41162
45517
17719
3256
18870
23327
15080
26299
34303
48962
45442
28745
39379
7298
14264
41643
23921
2203
33448
18678
10905
34921
22596
32225
19110
37026
3971
16281
39422
48875
801
4293
42353
3753
1927
16929
35944
1283
18754
45767
26722
23323
69
49425
24128
24971
13774
2817
5476
42259
10018
372
34473
48880
46263
6077
32075
41023
42757
42627
613
47190
45688
43107
33537
33565
40857
47900
27149
13316
29497
18825
24261
27882
28219
46314
35662
23044
19529
25360
22787
4164
20369
2859
21460
1724
28723
12584
7515
40518
16121
40280
29986
24204
19831
16632
32556
2329
32128
47892
2448
42549
48987
32161
39766
19949
25637
46794
401
49206
12179
26858
41646
36364
34123
31994
5736
31962
22595
17034
27935
14802
28945
43034
26803
23136
47229
9373
33899
40618
41986
37046
34320
15840
24269
10063
43956
45395
49689
8701
406
38207
24436
18711
47877
49697
21250
33392
8804
1596
23198
11145
18713
18924
37196
17435
22294
12023
20190
32458
494
24889
37587
30438
1369
14912
1867
19408
44362
31277
44644
40950
37020
37703
16127
48010
46305
31660
45918
46624
23066
11290
44421
39057
49415
34734
35990
9091
43247
15955
31181
48656
3319
34345
40103
38921
7277
6364
21725
38684
10744
27089
4553
40942
12113
25251
40124
28010
44100
30471
16338
32327
14874
26821
4008
18916
8908
22578
31128
48733
6047
33685
3798
41842
3459
21320
20086
34949
27348
18216
38585
1602
12902
14896
11838
22407
4749
4448
2066
24365
14818
47553
7145
39089
8130
22505
27078
21710
14504
18829
4397
38773
35384
45589
19913
7039
21752
6916
21032
39504
21827
27644
778
34302
45824
38843
21487
32172
15154
22699
13564
23598
44990
44398
11375
12480
10127
3278
47112
27889
44650
23646
23311
28022
5831
10183
44462
22546
13826
22052
18464
15933
48918
17410
33031
22561
41641
39403
13637
45115
29133
14829
36661
44169
19508
22182
447
37586
42843
44405
26434
19333
24364
38341
38549
46098
36894
49783
48975
47508
33905
15400
15347
10384
27928
16287
46059
35164
34797
2648
34772
44049
10663
14821
43557
24089
39272
5055
20900
44006
6953
46030
42235
48621
44674
46000
16530
10889
11502
39548
25075
15925
2020
30582
21526
28774
38408
46582
29650
45366
40675
28533
1481
31164
31249
10385
5399
34891
38032
48726
49642
9256
43485
2175
37515
23218
38286
44014
24610
29631
13735
38313
37116
9889
12504
440
47387
32843
1917
18002
26582
3244
13204
37888
18774
33810
32896
16662
28754
9787
2090
45071
49289
32983
970
46313
30717
21761
30135
8875
33461
37540
28771
24686
7149
49131
6988
20152
5774
46324
13480
37565
23341
38976
4280
30892
4133
35288
48189
32342
47030
49082
33717
36643
25184
11405
27312
8142
24021
46709
28715
14687
48443
22448
25200
35942
37279
27009
36575
5944
6804
36442
24874
36692
19621
16264
19710
22700
12296
24106
452
10528
35244
8567
14662
11518
22007
42168
17377
40955
14456
40585
17829
35425
30487
20521
15691
8132
48313
2128
18978
16569
42382
20187
24673
24661
11173
20946
35554
12623
19344
3765
20324
37870
49100
5103
30323
1973
19076
3296
32416
20767
10394
49955
37601
43141
1419
24861
31874
25345
20594
3950
15106
30543
33958
27965
7110
25293
13529
24821
11954
11880
15002
3150
878
28911
3866
49288
16905
13045
28680
42948
35127
30027
28011
23574
41169
15035
25455
42550
26798
37683
3710
37434
31253
43950
12885
27171
8844
43774
805
39643
31259
9342
34157
20396
9474
8758
21223
35852
4228
7192
37747
49687
34263
24768
9779
26973
20645
45581
20332
41119
45911
45574
39556
27561
18697
27109
26474
3276
25923
4118
5466
21593
15530
49039
11108
14626
11254
21322
2406
37736
21284
16458
35424
27098
18140
12847
2099
40190
20236
32313
48414
16274
1776
19634
44889
26473
1669
37532
8216
38493
20134
1151
3780
7897
21504
32105
20098
31026
11745
29306
33744
3704
1078
42152
7310
988
30611
13687
24965
29303
28949
26646
22698
9320
44475
40556
33504
41587
31918
41474
38923
26459
26380
30109
7097
32678
15482
7318
18207
5593
42884
1120
24720
17546
41866
29233
12304
8166
46692
36567
761
22523
29237
17482
1131
3696
30826
11217
13400
17257
7193
42462
5768
40513
3848
41479
20536
8803
25915
1223
6984
35001
48407
30201
10104
981
1847
36633
28126
37179
7246
36803
16362
14371
13994
24102
8133
23440
37417
44012
1774
20331
26365
49603
23749
46503
46351
11841
22598
24611
39261
38433
48957
5420
8104
39867
1085
47083
2729
42400
19089
24065
42813
8495
13858
45707
36242
30457
4543
16935
37521
49575
46362
47562
8321
49327
9184
5921
19588
48031
19800
29158
30907
39363
23710
3804
17600
3773
3436
4837
25443
32973
29664
17171
10396
36861
14092
5306
5852
22801
36148
17360
43342
29894
39999
40656
8694
471
29373
18646
38755
17891
18013
31505
21942
22741
28932
7906
38077
44809
12879
39354
38731
5744
22778
9259
8367
25393
16114
19238
17271
21282
35886
30844
41063
32299
31724
40768
42582
27956
29868
675
42354
12274
42776
22797
24298
30453
3977
22684
45430
45414
12007
4996
23316
12076
19400
23496
25906
18255
43316
29937
31017
11379
21380
9404
23222
49659
28381
29541
21204
26333
14240
47580
1699
43998
10851
47929
34680
6302
47615
45833
30025
39963
16218
48699
33185
22696
9562
2092
20304
22516
1530
8597
18840
16449
29026
27484
19374
28623
26429
11401
36814
4000
30696
16182
45129
246
36177
7078
16255
11424
8596
33258
34206
18248
17948
380
47751
25582
1691
36763
42972
12261
18702
27121
13668
32800
21780
36833
7066
33129
47675
12131
47115
7084
49640
13074
31258
48510
21636
28401
19814
40025
14868
4323
38293
44678
28376
39775
16363
19736
13226
14124
2365
34685
47224
46964
1734
24041
40232
18086
45372
2664
13621
44105
2771
44422
41074
2434
48483
741
13583
21229
33996
16765
1647
45126
36596
47107
41321
3118
39609
11080
48429
2698
37108
19759
11076
23840
8822
32251
27986
10621
13062
9471
2635
22278
727
26957
378
10364
19195
40168
16514
28105
40470
48694
18768
19426
32069
13832
28298
40975
32125
5800
40404
34083
25515
47478
28670
34909
3636
47674
18423
49152
32964
26684
34103
11159
3877
23003
7671
37302
37300
42056
11531
20309
17476
6531
26466
31473
30084
43606
23570
33595
24413
36637
15775
23155
14700
42373
7344
19324
24947
29447
49566
18056
13307
25658
48637
37345
26378
10749
6085
28996
7594
37244
19011
36985
15829
13944
36545
49384
28762
7529
2458
28492
48328
11447
4502
31359
37755
32559
36183
25195
16527
37885
24372
694
35386
9145
2661
779
15922
29973
36108
16414
10069
37999
37310
12389
7150
999
19054
48818
25050
19945
34978
49029
23548
39893
14475
20631
25094
21216
39311
1516
32935
21914
24667
5574
37191
28722
32718
43913
48333
31554
18812
7221
48284
25160
28814
23702
44628
31190
26561
12127
25514
4765
45617
30494
22945
26352
49590
16109
18970
36418
13823
49648
30955
35263
24946
4623
1436
11328
25687
47939
6855
31276
2757
3474
12686
29293
19298
33859
33266
6758
18379
19200
26209
33318
22674
46715
1026
3702
217
14726
11632
10086
44577
17783
1544
36993
43976
45194
5628
47038
4105
23797
12493
42256
43751
22355
4403
25711
4132
41086
2366
39088
24696
32954
46376
8878
20222
12151
21981
23805
31103
27389
34357
36503
1932
45174
29123
49068
39252
4374
23716
5271
32124
24248
13166
4680
33285
39251
49770
25384
8509
16557
29906
24011
28443
11501
30675
5792
10386
14010
37180
9661
10673
6412
21152
49220
19191
48941
40530
45723
35159
46689
38701
16341
43805
3111
49130
2216
41313
18761
28734
6697
2454
23507
20967
11774
27466
3085
47757
21662
49323
6645
3001
39092
29095
31703
32035
17909
10831
36650
33042
37787
19244
27025
7455
4778
6433
1107
33243
26344
24977
22459
8900
21342
27944
5266
10259
49981
6363
35637
36037
14056
11198
12008
39306
37320
18273
15888
6835
18627
46859
7056
24538
4874
29312
35786
48761
46508
2944
18732
46825
17597
33101
12608
41644
18616
40095
42866
33645
29378
16544
36876
837
42345
15438
20733
17217
42741
29509
17340
30244
13438
36348
47496
29596
43790
39916
44074
594
38531
33289
28037
43791
11333
42864
40637
42021
26250
43428
5342
34633
41702
8545
33946
29153
26702
25983
28475
18162
15636
46991
28425
44858
32022
12230
8474
16066
36124
9835
30730
43446
35627
12168
3712
43020
28635
507
1365
1662
22339
25873
702
12482
404
13374
12801
28520
19622
8503
6362
39132
22489
31975
49165
22058
4488
4156
24764
8478
7147
16838
19015
15849
2231
10937
7122
16025
9539
12315
563
15943
26926
13064
41499
29063
35328
25656
13193
38465
26135
8229
9446
45805
17104
2462
2775
17366
35369
11330
36132
45058
2841
28845
39126
46779
10993
38693
35376
26888
28206
26866
23562
35441
5604
19217
11535
44327
17157
45826
28787
42710
18901
34943
19215
40897
33320
45428
28980
18362
40929
7597
47392
26626
20143
26729
28391
43411
46403
34486
30263
24923
34879
35529
23687
5920
10656
34776
37295
23752
5334
308
22620
39509
32840
30354
11603
14238
25916
43579
49133
35540
42544
11717
4400
5148
28962
3065
31609
27354
19880
1654
31347
17593
40265
29843
23105
28751
2167
48610
5104
42898
48181
37120
32210
15078
15607
22103
18838
13523
13516
32946
40917
19509
29560
19069
5981
12693
19446
39875
26349
48556
39118
11785
49971
44828
29427
14413
29859
4272
11242
5105
41493
26187
39208
45560
41155
39086
15582
12150
34682
47555
13054
40965
11008
9003
41529
23255
502
43720
39724
41582
6800
24107
11327
43037
2108
31760
15299
16545
36332
19165
12455
42631
22493
12970
10601
23172
45509
21104
39720
40295
8725
3060
32034
48069
41046
29284
18903
21830
47610
29220
29134
23446
21913
3836
10855
29180
21337
13513
23941
43389
44925
24775
30962
49970
29686
13653
32863
46019
9653
29669
33488
2202
22932
18269
4268
34720
40238
49569
35979
34535
22531
27499
21572
18973
43788
16853
20817
11825
27254
32879
24510
42500
24392
18403
41236
5925
12877
17273
2501
4591
7487
14785
40102
9431
1285
38088
4811
30400
33588
41845
25181
46325
16895
547
48623
30327
34378
31708
24642
19743
42012
41565
26831
36042
24327
21681
4111
25781
7054
44587
8574
30873
44419
9605
12384
11303
14878
30930
43866
30961
33458
34101
18005
17959
34076
46912
48664
14839
5138
4771
18759
27895
24010
38848
24744
32694
33308
22793
9376
49162
10845
47505
4910
7569
10822
42971
47906
49196
10043
30260
49887
4814
48259
42160
39507
167
9737
37844
12986
10080
4307
5987
41095
34610
150
23998
43375
24265
19810
1992
32563
24723
20693
6620
2085
35180
1427
48638
26580
30580
36319
39225
38793
12349
5500
34480
46891
27023
6905
29496
40689
18428
28666
23861
32459
30729
34596
9696
42023
879
17030
33026
12330
7933
6817
40608
31256
33037
10963
5238
43827
47160
9550
18905
9943
8023
35466
19493
12889
36806
9427
32114
42469
44129
9327
35360
11416
46069
30019
32991
20695
39810
30493
32121
10497
275
707
43273
15171
32365
11891
40215
10657
49134
45856
49283
4801
2166
43326
39234
2913
13799
16343
20877
22148
38804
7265
21559
19835
48669
36415
18063
10806
12550
21367
43517
499
15146
439
4270
38499
46789
13206
41882
13207
28582
40970
33499
15611
14096
492
18062
34437
18755
24317
42426
47013
12625
10586
7734
25987
6257
43571
19680
14266
27802
49033
21442
35190
14535
32977
49775
36698
36730
31299
26998
14070
36051
6652
24066
11154
15639
23583
35823
23923
15682
12197
13715
3468
2588
31293
1443
14342
30160
34453
23039
21412
6580
31364
42738
15206
23600
27092
36116
29352
4317
49438
2667
6556
36173
34371
6751
45024
37034
32055
29753
41630
48452
1001
25398
3541
5958
39592
38033
43769
18225
15700
46516
15670
13726
7188
18846
41320
1053
22837
40507
28134
36229
31002
20213
38894
27812
1124
6944
44095
10201
41424
19663
6173
45635
12369
23984
28700
15662
47274
38429
13093
43922
19484
1355
18672
10527
14011
2531
10021
13541
22430
6633
22084
1480
19876
10308
36278
40599
45932
40578
321
992
25824
36459
17006
37739
44946
36087
34338
36750
16188
39611
26155
3079
21389
8234
32506
12932
5367
46078
35825
17354
8466
733
21339
26283
7802
21545
16742
10419
33070
22672
5176
28718
46717
39653
24781
26757
20258
41655
25492
3021
22256
11578
25395
19980
21875
18939
8387
19665
11649
12587
10193
10661
11615
7630
17696
22487
41598
6449
6337
13875
32743
21001
32814
44814
46007
40448
29005
636
29198
34361
44470
42829
26868
45595
24933
32238
10162
22316
37357
22964
29900
16410
25884
35752
43649
42677
20961
21155
49322
34411
23819
14355
40810
25827
42526
7706
14876
37251
41056
35397
24404
35341
37151
7852
36923
9057
8814
10832
14499
34080
25727
4214
10711
37122
6673
1374
36095
7784
41889
11241
31400
38317
28879
27365
2333
22864
14488
22826
39448
32042
11350
27703
25488
43576
31289
8979
19918
17754
27542
2147
22150
17397
32975
32789
46580
39201
11172
21828
20529
26124
6668
38453
47226
46459
39911
17396
8732
39888
46429
36609
40179
6621
8891
14547
31796
42161
33690
43747
11463
40522
31990
44314
15769
33930
5219
19970
18050
43114
14847
12415
1491
34539
7331
86
41681
13956
13026
33871
15719
38416
26232
24097
48517
19848
46448
10625
8519
32063
39356
39343
14000
11297
2977
32560
6507
39887
33291
18605
10613
26332
42465
17465
19577
10028
43918
2872
23466
12604
30948
9454
6998
39776
26622
47964
19885
1887
26057
20089
13693
5866
38446
687
15051
43277
21711
44906
22392
18021
23764
43239
11126
12813
17484
35963
20728
37671
21864
47453
46136
21077
45042
8982
36746
21536
2717
47837
32536
16124
14624
26010
8520
31075
43502
36155
20777
36086
6692
15740
30520
24731
22031
29820
22284
32235
32813
8322
34628
21941
25201
27177
15276
34116
49101
40531
2433
32300
1583
5809
14849
38278
25481
47050
15378
10568
17598
24840
17800
26405
25631
4715
32550
8195
29440
47073
25981
49762
36647
5971
49158
47296
30681
44195
20928
31899
20973
29034
14781
41043
41566
40477
45139
39928
1077
40502
36430
2034
25473
45397
1444
30254
16552
13319
35828
29302
43294
7923
11274
1884
24931
16136
44645
23018
12001
45309
19024
19386
46835
36318
20319
13626
49329
25548
31643
29527
37966
40378
43837
14460
7775
7773
38656
8212
27029
14443
22402
829
34385
22335
2126
45456
45630
19462
6400
47388
47709
16685
10892
11642
44605
26414
48263
48070
24903
20458
33077
27314
12591
11895
22955
19674
41045
37763
45101
12254
23252
32664
2686
37307
14376
14110
5848
23005
48001
26835
8535
2145
17602
37083
48163
27175
29112
20828
44162
48905
1043
4142
26279
6354
27824
35468
1933
19631
41785
38506
43180
19419
42937
27947
40676
8777
33614
15228
21130
11037
47298
47919
14590
26259
10606
1940
36306
39274
25908
7473
33527
47352
4424
31093
21183
4226
18709
19108
13788
43762
16952
27501
24031
43852
42883
47143
4085
47412
25084
40043
4656
40576
49235
2320
20483
39133
34701
36236
44023
8485
33468
46643
42101
22810
47922
43539
40473
25506
44042
44815
49374
22611
35342
42188
10720
21308
23120
32915
31012
29680
35405
41029
39982
28893
33275
28922
49984
35722
11986
27087
20431
49331
14880
28201
42414
20259
11113
7502
43160
35128
44549
4912
41305
17666
1345
39101
6497
46607
17866
42639
8490
12860
28877
46637
49315
39610
532
3589
45490
46086
21419
40577
25348
8075
80
27103
16511
23657
35603
20282
19364
44325
17932
30914
35887
18772
25091
2542
15021
43746
34812
29174
13910
28379
13332
45096
30488
45820
26317
2935
2724
32445
32428
29961
7615
23025
12313
44966
3530
3624
6860
12707
11762
36241
45396
45491
46147
29510
39269
48632
8050
43315
46731
24658
22750
34427
30318
25332
32604
12865
14775
19770
46197
8639
23147
3708
49655
39285
2626
15025
176
31803
41310
18635
34256
39835
48082
15189
20315
42134
24692
4551
21020
16630
14743
8687
27922
8517
11133
8299
41364
17116
3580
41975
39051
5207
19278
43925
20110
34630
20569
9067
5272
5889
5392
38946
46319
47089
24220
20182
44690
2131
39502
15
42163
1386
18841
6717
28968
46832
12451
49722
17370
39617
38038
12020
9799
14159
1483
33273
31120
38368
30913
8532
1389
17576
35359
23026
30401
48376
14174
17359
25509
17690
6325
43101
46260
30018
28916
15654
34055
17682
1970
37934
4931
34443
41701
1145
12496
15471
18236
14518
23133
43443
15263
48907
18784
43688
2972
13236
49231
48120
28210
41632
39693
28366
20250
2063
6485
32632
4210
37678
15054
44287
29467
23223
17346
19920
43595
8440
31188
23743
21286
16855
2368
28034
25625
7500
8550
14968
36270
27773
19131
34790
8783
33334
36748
10400
47357
49381
8615
45502
18664
46896
29880
40061
15747
11473
35319
2512
44622
22406
42812
49688
34719
25985
13055
49155
7371
36031
10888
41141
28409
38818
15416
25139
48575
4134
49188
21757
29735
43514
26680
19986
13659
14057
17483
13876
13940
43908
23449
23023
20623
43564
817
24513
46290
4151
23500
15224
10570
31677
38551
44008
16787
25793
10715
33092
46707
36213
49046
33851
23190
41676
47315
3120
43418
48022
13952
5094
7073
16776
24446
10703
47590
33368
9671
46892
5388
22362
40624
40503
11545
39162
32630
11683
42607
35754
27152
13976
9982
27666
13928
34066
24160
17957
39772
18228
31199
3835
41075
1837
1914
24688
22605
19972
26736
1166
46697
18114
23842
26321
1830
28772
959
25412
48595
17578
3077
7819
15108
6794
37232
46252
10070
35118
33835
9178
43495
11118
49282
11240
38296
45207
42099
18102
48935
32542
15265
6514
24896
11663
48984
19707
22429
12401
20907
9018
3191
34245
41142
29945
2504
47790
15527
35604
32255
30467
21872
38085
26577
37199
47747
45089
5477
21366
27221
14563
46454
15791
32387
36089
8223
26152
36917
12347
45746
46570
32949
2050
15180
43617
30827
46249
36113
41273
43052
4610
13187
49684
22354
15005
15343
47213
39572
44743
11293
39419
15283
5381
11046
47783
25706
34413
15787
9043
34428
3315
37899
46540
48363
36054
18247
5845
34508
35346
6058
2892
29236
17989
19130
43476
32209
37036
14981
12980
37085
6316
5734
20283
34004
11741
2864
38864
24474
45015
16705
32818
44333
39313
1897
8883
36921
39233
47798
28567
21892
14967
31979
4609
37744
26819
17996
25833
34003
32860
48507
4493
49250
23787
36987
23634
18052
4095
19352
45151
9608
42967
32925
2758
15388
30216
32744
43196
12845
18770
1619
15156
20261
33963
17436
38813
49085
48958
17238
2970
9495
49538
38213
6370
32599
29885
963
45655
21829
27327
9589
34163
22872
38617
20655
42329
33357
36301
1778
40509
9546
18756
36360
17302
20775
48535
4876
46212
35567
444
18200
25487
25965
24427
11865
316
10407
31453
39578
24818
43545
32010
19705
28467
9990
37452
26990
11904
7539
17518
45898
19771
32177
29921
33384
49548
12210
28333
39785
5964
29042
47576
38025
5378
525
47587
33589
13995
43718
49364
42597
33638
28250
3582
25122
44037
46875
34706
40011
21127
9852
33217
28155
17235
4743
34763
26982
43671
9441
20252
26076
9544
43081
38633
2097
15830
13073
23358
23057
41846
13817
22474
31730
23357
47731
10122
28966
21179
4308
34777
14549
46068
35143
18291
7870
19637
2590
47533
6203
34923
5249
3508
47546
70
48140
26950
2511
37923
20809
18900
32628
16781
32920
19996
12463
22028
31948
48008
18565
31704
19584
24922
15710
38580
41374
29410
37141
10179
26772
16604
14576
2
16347
3349
987
31153
28424
23630
7426
38735
38272
44776
3041
19635
30197
19985
24900
22465
19726
31379
43635
14566
33233
29895
2247
21590
2334
7618
25872
29412
2369
43674
8143
870
17534
15768
46105
49938
44167
38052
36463
1004
47400
2041
15614
1810
24512
39920
41561
3268
44290
14752
49768
36405
13855
6284
12783
6890
37032
7434
48513
11761
566
21772
14275
4158
8953
14440
32670
20517
39235
3112
22983
17726
3640
34312
43336
18015
16916
2163
32772
13165
44321
47678
33732
49074
4415
34726
79
3516
5227
10273
15795
36425
15236
30741
23695
11744
24572
33844
11729
47650
27378
46855
5316
45250
32823
14579
17076
41228
28630
37188
22010
239
49509
48099
11808
28543
48870
10660
6158
7086
40976
19623
38440
30492
3465
13630
24762
6281
19242
15370
12762
41353
23885
31273
10402
29159
26745
41237
27786
26116
27471
35015
45228
17792
43981
17045
41207
14816
33478
21232
13947
3863
31923
40984
28127
47438
48892
2348
39400
46153
9942
18950
4172
21783
2432
43365
23040
21209
33755
11351
40927
43441
15507
48359
1393
14004
15475
43420
13530
18425
27435
27616
25401
38395
11684
13649
21579
44024
24157
5010
2710
35706
45564
13776
23125
20674
35333
9712
17207
48042
11304
37236
23058
29893
24976
28580
17363
39915
27494
17511
3736
43226
21451
9788
6443
42921
2080
16292
36228
23817
20939
45419
38565
42169
310
32881
10413
46592
12539
9738
35211
29637
49372
24568
20362
6763
34792
10355
34920
27794
2176
20199
31908
6116
11520
23784
26489
32411
8053
30063
38903
7867
43053
41550
39160
19833
10333
18679
13460
8137
19048
9217
29783
41734
7537
33444
17282
17164
22749
46298
40706
5843
23097
39185
13561
19717
37145
32232
5160
48277
1061
41008
21986
23821
30594
46543
24217
5054
48068
21505
43889
27905
33237
11914
31264
32571
7321
42688
32872
36808
13161
44040
24450
5095
21702
16060
41254
42777
42494
42196
2932
7475
21381
26773
1219
46285
49606
31488
25626
45730
26519
6491
26140
21052
7854
20194
3202
24406
43010
261
27030
10999
26917
45610
47283
12724
12209
34660
1744
15632
37267
6304
11934
32819
32031
26644
7062
9785
38636
22106
34662
32030
40443
43994
30073
20300
41018
47318
46895
38484
36811
36881
40751
48298
11298
32361
34880
11081
41909
41431
9887
34176
22140
42327
31220
45241
43414
19649
3263
45094
32265
24069
47417
20161
4941
49486
34696
12141
36798
33757
40127
32902
46805
36884
19071
15393
40840
45519
32967
32399
27894
29731
18869
27094
13216
21266
37507
36580
44055
22626
18307
11839
39217
45899
6134
42779
30022
24534
42269
45504
18730
3230
42241
1048
39277
41363
27642
43
44914
2851
26411
20087
49008
13014
30224
129
19893
48718
6655
45178
46677
37910
30271
36540
6244
22584
1766
1757
25346
39141
31361
42952
48373
20808
6766
47161
20637
1154
7530
7745
10886
18629
22061
10269
46861
22992
6041
34348
6407
26670
33988
10834
7271
18542
27280
37743
7691
36252
35086
20010
17097
29150
29205
9077
46975
4432
38481
35381
44202
20713
29388
44609
27559
13849
47248
45262
12901
11374
13881
42576
47258
38834
5844
41984
49096
29905
31415
6190
8008
8225
17101
20320
23857
14834
9641
13708
38964
15081
15924
18766
31176
2008
47826
12220
27226
31167
48946
45082
34953
8088
14353
45184
30474
23865
35129
15993
35967
36075
41546
15932
48961
24750
35227
15144
2371
43056
19361
31789
15799
18981
11586
49484
43986
11476
17141
26148
29135
33863
48299
24605
9750
5903
581
8349
45453
18780
10769
18796
16169
13743
26048
41024
20480
47698
6755
30125
37529
12235
19144
49650
3489
23072
14915
44050
15131
19581
16525
3707
48888
33802
2064
45944
20927
26822
9197
34811
1129
11001
29130
22237
11798
39105
25549
38174
10692
17243
44151
46925
30335
5425
18390
3337
25431
20682
14685
5790
23858
36218
46770
29403
37201
7722
20683
10469
3734
21206
12907
37820
14939
48847
38364
18232
14650
33359
6646
35157
35893
2249
8937
40313
680
1871
25413
40684
12573
40826
19963
22232
39789
23121
34374
32916
39167
25305
40572
48833
44998
8159
13265
10913
30297
26727
16120
18911
28887
2623
47526
41277
22296
13336
33354
48778
25542
2852
49003
45448
11193
42031
28546
43644
21429
2404
16920
8792
20414
21123
1916
35680
35756
23455
10135
28923
249
12727
49199
2246
13820
18320
17448
28957
5884
28788
12528
48332
41250
43797
45183
38911
35133
5489
34601
11941
13128
16161
47202
17514
4010
37837
32305
42268
24462
42835
36138
49262
30947
42216
25006
12105
47313
7959
18383
16451
22859
23900
4396
17334
46947
40191
29147
19640
9824
25197
48039
27605
40945
33183
39477
42280
3719
24536
40511
7015
26621
29682
39376
27518
11818
3216
34736
22701
19236
24090
15133
42001
12492
13793
41193
22439
46225
14185
23765
48758
21910
44779
8331
9037
11863
26296
48912
19984
14377
29558
24551
24578
30205
21915
7604
23607
45247
46558
33412
45378
4964
29418
32351
31225
34574
22410
2120
31401
32666
25712
21867
5380
10330
21733
28457
43775
43092
39742
39012
1465
44964
33858
35256
25334
18601
24347
8442
7064
35229
8136
47819
42805
39151
29786
10917
18649
27621
21643
21098
15606
28488
12162
18653
38128
43721
676
34001
31388
7406
42767
48128
47187
20173
39344
19558
6822
6805
35139
44461
11161
16611
11077
48162
10433
1773
25109
35593
2745
40517
732
5825
14403
24729
5586
9449
31187
41217
10258
39247
9598
20453
28538
14270
114
19407
24487
5786
42824
46809
31926
17984
17152
9618
1479
24857
25881
37223
22682
14824
42772
18083
46539
4827
43883
20366
23605
14021
38764
27533
22243
12656
20784
30845
45925
49238
9042
420
17523
39555
35501
21430
24223
9792
30851
44915
16387
38240
23531
939
40442
16166
42123
4386
25955
5473
42756
20019
11060
36780
9811
3588
37371
43727
6742
35622
5924
8175
33954
15564
21859
36677
48389
30931
1231
34924
5666
32180
5482
13444
25225
48803
27443
25783
10271
24123
49047
41371
44666
7711
32401
39096
31510
27534
24742
48760
27598
45650
35552
8843
1982
13921
7931
22117
29622
38815
10006
23966
12365
9286
4720
9841
21166
10479
33581
43164
9189
35793
29746
36381
13324
34178
32732
46581
21268
27834
35507
8616
27411
40519
33176
23228
23053
23119
9244
34950
19591
31645
29383
39589
48856
44591
13936
30610
38861
12993
11057
36363
2992
29260
1750
43826
26581
10431
6739
1188
5478
1282
31279
19490
6154
15916
17584
41350
13209
40222
2774
38053
23543
29889
2442
13792
48257
25397
10716
16902
35255
3478
37531
33132
28927
18575
6609
10157
38328
47777
12414
29738
5715
47199
22759
30829
19867
16219
43781
31006
3908
45804
44795
2142
10689
7443
27336
41973
5569
11412
31615
46938
22003
43973
11999
28357
9169
40472
27493
43356
40758
7341
15332
17387
18941
17058
23240
8231
13502
9574
27232
24101
38356
42239
31733
45799
6799
33220
11854
40960
40596
16771
9911
9629
44522
26026
44826
47132
23296
8586
7613
9254
18667
19060
35188
19402
41822
5114
12087
37859
3084
39377
9706
1896
33398
5438
39232
10803
38153
13290
29983
14034
37732
1492
27464
31117
12243
42790
8052
222
39119
42984
24527
47915
13987
29542
23931
33620
14998
31988
44393
13986
31139
10684
9854
41213
21698
28903
6706
12544
43818
10299
23676
8789
8827
625
13610
30239
28721
20565
17762
9426
37634
30925
33219
43941
20618
34664
34011
30876
20368
13411
48006
31456
43714
34286
10189
46189
22567
44137
32816
504
22909
41983
13152
5092
48178
29724
17281
16730
38494
30015
36912
29739
14716
43814
2106
47054
35134
28616
49857
3871
2230
41247
18589
5377
1751
5451
49227
2634
7838
2736
20056
15291
24233
15315
49602
11617
10818
4800
18539
37699
44313
8114
22711
26703
28208
40612
21472
3915
47117
8273
25500
39828
2628
30138
29125
10476
5760
35219
22927
14430
48606
26654
7365
6215
23621
16566
9111
31132
5620
23824
13534
17883
30806
23361
2076
22267
19825
35400
14263
47005
2268
36434
40631
7262
7320
49741
25963
11805
14892
34648
47616
22780
49760
36517
8238
11700
14933
31804
39159
45704
11194
29449
8957
35107
2357
2739
18278
6314
16432
45135
30315
46876
27350
671
18023
48516
49750
22913
18933
2693
9425
4326
6303
43124
17604
2682
37212
1892
38856
36846
49792
9996
28257
12618
31518
36823
32142
16245
31951
37728
34938
49748
30657
25732
49433
32451
42572
34406
24625
147
9438
47281
4666
16899
20311
42540
42097
22454
2056
8381
47486
2140
29896
7130
5464
42751
33948
24847
49180
4791
44332
25308
36508
34191
8816
48521
32258
40862
276
42320
25466
49526
16107
66
31889
38876
46145
41868
43077
11911
917
11661
5284
8906
19747
1464
35910
42046
5695
40327
42051
12869
41852
5548
26848
6858
12551
49736
36700
19072
32389
43452
20263
39230
38107
14397
32294
29374
36728
27143
4176
3300
39970
42286
42063
27261
31247
26154
884
34030
39170
2455
35646
41726
47285
1472
3129
2093
25609
5355
5949
15017
33563
1226
5716
22819
17184
550
42819
45471
14607
44842
36758
19540
2412
15354
39571
34693
30385
27739
6795
34707
49767
9636
33716
22229
33456
20042
23182
44438
15220
48121
19852
22247
30718
13080
41917
38045
22252
46611
49118
28758
8737
43669
10250
5384
45552
25757
31610
39593
18461
47507
29803
29462
17771
34075
24162
5588
20736
28622
28345
11215
12571
33782
16683
45110
33250
18623
21039
19461
3031
18487
32205
212
22075
27415
11088
2709
42511
42310
33293
38237
38246
14187
45053
2301
38158
19642
21642
32606
4482
235
38196
37059
13269
14431
25300
16366
34634
13349
13385
27011
43393
9274
32533
13445
8962
37711
33248
22376
37167
19922
3154
32742
26575
37761
21557
44720
18378
5980
39770
47344
5013
14116
37140
31429
32376
41108
1212
27567
41662
42246
16009
14599
21763
13390
8927
155
2673
27890
25357
49110
28453
949
40459
44853
47304
17515
45010
7400
5810
16881
27228
12284
40755
33184
8932
37935
22671
45965
4810
2260
27212
20746
17571
37639
4213
33181
19043
35573
36573
15817
15692
26933
17641
8004
9075
488
21546
13500
42017
20568
22610
45590
30292
5745
35298
15115
31362
35553
10372
38725
38733
10459
22534
20159
25186
4353
43286
2618
9587
31294
48098
15264
4755
27161
21310
44232
45074
36316
39262
793
24912
18267
28445
45271
37824
36883
33688
37189
6332
29039
41498
36769
11925
46388
23248
29029
1866
31626
19056
936
708
20537
36891
19465
11091
35110
48148
47696
39850
5274
9263
18514
26903
16202
49363
13742
17572
37061
48468
33408
25296
43015
3018
29873
41266
20385
13353
44960
11654
36995
22112
15242
35278
48051
20361
32739
29275
44166
41294
30291
34658
27236
7716
8253
39618
3274
12944
15893
43492
44418
1594
16658
3611
4288
22811
28166
20962
3360
5923
45088
29792
6048
22879
3952
10416
24398
47203
17574
34900
30991
4404
23556
21398
3371
38374
16807
34258
9635
45293
5009
9924
33917
3200
39240
29663
20577
6242
48135
31875
26864
37428
49761
29108
42840
27405
29953
31575
9468
39200
42861
26789
545
48420
49223
26841
36333
42479
28435
42446
20857
40925
3554
13247
5072
25593
37600
29242
39015
29033
29254
43683
1269
41287
25804
3177
18047
23459
5701
1694
9810
3416
3470
28537
4660
42736
33850
42355
33087
44066
22526
13555
34590
6408
4855
40677
34332
11506
34778
13457
28095
27843
12657
43295
48781
45255
46732
11638
16351
4734
34793
41648
40035
16495
38975
19042
41481
12876
11754
31886
11927
40716
36028
42308
29681
25770
9722
8897
6141
38238
21226
13528
20647
14086
570
3275
16537
49113
2975
35875
2983
24144
14638
126
42814
46760
25103
28919
30548
6481
23874
33294
32398
9830
41239
11866
1829
9389
5838
20937
13759
26039
35019
49200
38254
4637
21660
8743
19928
8604
20115
10952
27262
1234
40454
6715
17939
25421
19219
8206
49457
48879
46644
12242
17956
30404
36725
25604
29157
30692
2206
32182
24841
24227
16428
4893
22982
47493
41411
15306
36874
13542
46480
165
10608
11041
1637
47006
15091
26177
48834
38332
19026
41064
5956
39450
24951
34708
32576
46037
11923
25158
12084
35929
3833
17536
42935
15095
24950
9115
1218
8353
38722
9315
10154
6035
7823
24770
30723
14490
29015
4139
39254
30171
34162
47215
35420
11125
46585
12827
16609
12559
46236
36370
35613
46006
30012
31309
27359
3299
45554
7893
47916
13762
19944
37655
19684
10452
27032
38050
18310
6493
5729
14230
34187
34737
34404
9679
22420
18410
41220
7632
18126
22300
5870
540
2019
7544
36214
14079
36809
4346
39339
33693
48011
9066
13441
19982
31427
13503
44249
31029
28172
46040
38434
32734
9183
29079
31895
153
12806
8742
29360
12685
45785
40117
45117
9821
13322
15167
30599
12371
10988
28921
31229
7080
48744
39570
48220
41920
10551
43693
37496
20805
49834
28153
19501
4368
20044
31175
29975
25227
7139
48529
20177
31614
8619
17037
6234
2747
1655
12405
37670
7340
1081
12457
43051
15524
21654
30261
24237
33134
37076
44683
13577
32760
47621
32059
48862
1199
27146
43552
3790
43779
15350
29525
27697
39241
14731
36522
24996
22382
578
28632
26284
41421
39231
27440
22817
42965
30209
46371
42660
39367
25679
43475
16794
35500
13760
25454
22195
15780
8773
47255
40362
38355
17827
27333
6875
45784
25611
36687
5282
18620
22473
14470
45558
42534
18544
24231
45999
27661
18211
7509
38092
13519
30051
49660
12259
2198
8946
37794
2917
40419
47463
29096
32271
7223
9707
3214
20553
32918
45722
24615
7011
25252
27958
22175
41539
29001
33938
26574
11246
37157
13057
35564
35429
42371
25327
28714
30036
48708
44860
16998
35634
38907
9361
22972
24963
26047
34441
42859
5737
27051
16687
35703
10620
10336
7929
9981
42464
39670
36088
3726
21746
49011
36887
4943
15911
45022
24741
39459
7088
46720
18337
44148
43618
48154
1831
35022
47369
24476
44060
34973
35192
41100
28360
30285
18071
4286
11345
49803
2737
45050
32025
38210
16483
24080
47504
41996
17347
46806
17612
7427
46168
8491
16174
10304
39520
3241
5562
44289
5268
43874
40876
12916
28810
30227
8145
3496
12134
32889
31160
6571
12628
39767
4112
773
36384
45333
38371
33771
41184
41914
46241
40109
29317
429
32287
41751
991
42050
47752
7266
28387
40763
6070
12428
48139
25250
36682
28798
48936
14956
35694
39176
43824
29979
29524
47935
29860
28169
34999
49988
12139
5794
7292
33569
26738
2489
25913
16586
789
47908
14427
49177
16553
34142
17197
26395
30787
13059
38428
27037
15251
30423
45711
16590
9452
20583
1211
32616
46666
16302
3763
9198
23512
41911
49868
2976
45021
41216
28173
35970
36744
4938
40538
38683
25882
23635
6386
4881
38338
31509
15088
35542
24109
46208
21603
25138
20947
41896
3817
40445
16709
767
29772
41325
3515
8380
27524
4919
25272
11221
38319
23047
43656
8681
8020
15855
22869
4962
27955
49159
36109
48119
28594
18625
1409
7790
33103
44994
36172
12433
19441
3548
9813
11577
43961
22608
18441
24300
2586
45529
180
38801
6824
10033
32283
23851
26652
26520
35829
32111
28910
30915
38185
49975
43959
26891
24208
37925
15598
44165
29632
31481
14841
30452
22037
21207
40027
35310
16244
43188
40889
43590
33376
7466
35066
40762
5436
33245
5347
37822
4222
4379
22199
39971
12260
37729
16186
42928
49185
16696
48655
13235
103
15870
10456
49866
38641
41521
29907
40464
39316
26467
48459
3247
36243
28211
23197
22186
29958
19714
37993
36328
19211
13684
334
19974
49859
1096
41423
5124
49449
27716
23422
47225
49365
16433
24978
32499
45297
19544
41455
34810
37143
20786
45703
29481
11101
44076
40667
28691
11136
48964
31102
29488
27931
9422
42665
48894
27180
30750
9261
45634
14169
38323
41875
17987
34334
28703
32586
40994
7887
15223
42117
2903
8035
7477
14119
2723
2549
21549
19012
12506
39113
22351
12665
29796
38854
38172
22965
12521
39629
22944
16379
40416
29879
21188
19312
23597
19625
31300
7304
41714
25450
48737
29817
11936
5995
3831
3657
9185
31210
33297
39815
14438
20421
23320
11675
29340
28297
23082
40611
45660
36168
1204
40063
25136
39021
2601
9776
19626
45044
29791
46455
40223
5495
48724
43783
15515
46031
3730
13619
28969
33434
46555
23974
26239
30840
7629
10268
44793
28673
4567
42119
19586
47720
29065
4013
41432
30001
38729
3420
28363
10238
20640
2995
26125
39515
6142
29976
32539
12761
33096
43246
37666
26431
33598
34099
44781
10156
35517
41464
24865
36390
36974
34553
32786
40346
9481
43274
188
10522
24015
23723
29181
41906
17242
1258
12101
43406
29677
42359
25651
6781
28719
2994
573
45381
18105
227
42880
42916
24811
12083
30756
15977
28308
11549
47847
28067
1209
39001
35602
42303
192
26277
45240
3295
41465
15114
11887
7869
31248
7969
5269
40398
32610
15630
875
47239
22650
31530
21605
33564
1174
27709
47796
17804
3560
12950
33535
29970
26978
16542
34598
17297
1659
14572
5069
10760
37135
36162
42380
29575
47769
4002
21810
41379
18654
36389
7589
13281
41281
12397
15121
22888
597
23595
40154
31416
42856
33677
12013
17296
38051
16067
8560
44483
10972
24369
29132
23264
40183
29922
49615
4833
7259
35496
9054
24078
42143
31642
39891
48793
20780
13081
21792
38405
13429
37653
47342
18205
19882
21255
33539
5986
1608
9143
37898
25035
39683
19204
28890
49229
4731
37420
33747
4454
44329
42454
18490
28551
22119
41318
12318
45714
9960
45700
6877
32248
15706
28606
10011
28812
38255
7993
16677
34768
1849
26111
39130
15508
24784
15468
19161
25159
42754
38401
1289
12814
39926
9604
44806
30813
49360
22835
24174
30576
17594
41533
27204
24651
44623
20185
34561
7019
21005
30498
46167
19638
37128
449
21517
20862
49202
42413
5787
21396
43105
11205
8087
25309
40387
45489
164
40211
7021
9224
29995
37375
45483
8863
40399
4509
39748
23633
1307
5872
20533
5805
12763
45675
25911
36249
38681
40192
26590
12500
49854
40737
28027
8363
23354
39632
14698
29334
5168
34692
23615
6957
28278
26919
3069
22767
8872
31583
5152
8765
43516
3939
35997
30607
1606
40414
8723
14865
28997
44579
19904
44659
21456
15586
17708
4908
16667
2330
36781
32296
49318
8255
15253
40856
29941
31234
26977
41427
18348
42186
28100
14689
13683
3827
32188
6331
19815
18997
30375
14194
20731
38652
18404
49116
23650
28390
47941
6057
4905
14840
25546
29819
14333
15324
32262
38377
42763
47267
47779
47641
16880
20367
35193
19687
8958
45900
43321
13587
2993
37881
34358
45173
43276
47992
27658
37592
12400
24632
28613
27615
23852
41628
32683
27216
36180
34514
3232
20350
40099
9898
17629
5523
31330
43292
38707
33947
5196
29251
17322
31459
40704
28576
10547
18705
48158
7878
12120
33082
4104
34760
2423
7937
24473
33754
1683
23407
31952
7226
5752
7885
47761
16285
33654
25244
31622
44447
31690
1049
5351
6039
35912
30460
22341
19301
17717
42877
39408
23458
3983
14710
34779
21139
47138
4761
30407
3051
26331
20499
41358
48690
17061
32673
27569
23158
20854
37724
10809
44875
41540
16198
14920
48496
31527
45575
13569
29217
16085
15256
11648
49375
24862
18864
23732
31788
7985
715
2153
9036
42567
39025
28682
10260
10751
28988
28487
33925
10020
33664
12042
35234
34064
27555
29491
23737
12709
38872
48152
34937
13262
28279
11993
40110
26946
41077
26694
40082
36486
4957
21062
41674
37328
25826
3412
12764
20938
24235
29658
10499
21134
14961
44336
47568
17510
46660
10351
41711
22773
44385
6254
7431
26940
30223
9732
7506
29532
44896
12440
27123
46598
37609
13048
48988
33971
41286
33578
11376
41183
47994
12376
17306
22477
12286
35185
28505
76
8443
28977
1371
24824
7689
1675
18450
27065
47002
41081
48765
49810
2352
14165
7754
33590
32450
12717
44316
48745
45782
1855
31565
35187
12216
17031
24464
17765
43711
6853
47382
136
44503
5731
34430
9086
49176
31296
32308
47373
17312
6745
10545
24820
45939
46532
16762
47142
8889
7726
19177
43977
1617
1194
38164
36713
21292
48338
9326
39284
14644
36821
20083
20196
48886
535
35813
9588
9011
25082
8378
44157
26932
20479
48679
4902
44229
18415
21583
41438
43057
37144
44057
11138
14454
11073
46125
9875
6365
10173
4576
45839
6720
31617
43082
23506
17802
36413
10199
18499
25423
22397
108
23472
30531
24575
25565
26254
35246
9646
3819
23266
35948
45930
28202
189
3663
36179
48559
26153
32340
9619
26913
898
34985
37730
45224
3456
15814
21900
29547
9226
45562
3544
46460
3446
2302
33769
33218
8410
43543
1644
16133
39150
32439
34536
35291
34509
16716
20865
45770
18944
13201
28905
20575
19397
1642
15824
22497
47686
35768
38163
7401
14507
30345
4745
14714
41130
11597
3126
37053
27511
31221
21184
49537
25194
25068
38061
33072
45727
33612
13880
1473
48884
30034
1549
47091
39586
7191
8017
45258
24499
9497
20704
8546
45054
46187
14104
22064
3195
49600
45609
35563
39329
12266
42980
49478
39739
21528
31118
1190
20172
28078
29253
47390
28778
26138
49605
41442
15317
30857
55
29459
38007
39171
46704
49417
44497
44880
14366
47365
40484
48431
23882
14671
40986
48366
19476
4690
27839
17617
6352
26962
22545
45586
38909
18171
45037
31557
47963
44593
36777
23191
32139
14320
30172
16646
38324
19479
38807
41296
29486
33640
19255
21709
11646
2500
27116
25007
24158
17470
16400
33111
4648
25066
18351
40662
11974
12640
46229
45605
10087
30314
2879
48821
11176
32309
14908
14305
3897
32722
17496
43611
11639
23089
38121
48404
46164
2430
44436
15451
45299
18591
19671
21192
11142
34975
44534
42252
34322
8799
24042
21547
5496
37178
18836
27147
8871
19251
8587
15174
7723
41049
9974
46788
27582
34407
20286
48400
31404
43289
26512
3525
32766
32621
32369
17492
10800
3644
29584
12112
3303
15395
12029
17501
21488
44085
2780
34081
30794
41658
14799
6623
49357
17736
38811
47120
18311
31572
18299
30052
5538
27361
33911
2360
35521
29758
25828
47395
2654
26992
15930
7417
14580
35084
46733
3357
3933
11681
37286
32765
1445
47735
30534
33332
6876
41755
34031
10693
16659
27117
3280
27209
15569
19916
21525
47538
1102
23715
42125
13566
46596
39236
2567
45693
42045
1362
27603
16650
27061
34489
25354
2446
28886
45288
10979
15415
15049
27643
44444
607
29505
25864
15660
38503
41995
33668
18302
33913
15521
45463
33170
43680
29311
13789
36281
39079
38561
33728
21248
39395
48836
26385
7090
20802
39967
5376
1520
40882
29659
900
22021
45996
18469
40269
43971
47408
17361
37553
43430
30089
11853
47802
28421
36875
11526
43964
22496
18335
24503
44102
10582
31593
46727
34211
25172
39886
18910
14278
35526
33319
38270
4852
8287
32897
24765
45876
41097
4982
35728
30625
17714
32521
1046
31097
3987
32393
913
47381
58
19989
49733
15028
10281
49654
9287
42229
15429
20870
24777
5636
19021
8110
29787
22808
17530
46550
36735
6275
27088
39331
16452
37877
35396
40795
36220
42053
47677
3887
36416
1818
45988
17917
12475
9814
28419
5877
47356
43146
23645
15542
42302
23337
42872
3428
8330
17851
34977
26357
3318
7682
42628
13999
14281
1518
20588
21082
43690
13135
17895
47307
21945
11235
45407
41434
46879
27329
34384
45623
19959
36096
5129
28970
28469
5242
15735
43519
21501
29262
39872
30996
43049
5968
37486
8855
14729
33333
30605
43098
35931
18578
34588
29830
47324
45886
21825
6641
24755
14867
48405
28234
24571
48953
42397
25452
32497
19372
39326
12379
45860
22552
41820
26810
15311
31281
42222
31268
5115
8989
46968
11714
44867
13908
14925
12040
45282
24371
22900
27927
33061
24143
43186
43195
32619
46316
28174
27083
36304
6001
34054
46303
2344
38134
10335
22541
7201
45580
32865
43359
49312
49558
2110
15241
38593
37630
6851
15872
12531
42852
28834
34059
42013
8459
36287
41825
8400
16346
2262
33877
21333
1920
38855
23179
11706
1202
10634
23975
3820
3086
9853
8027
36385
41234
4242
738
33473
20691
23912
11185
47704
3062
9760
44185
39145
1878
38912
2968
33229
24707
17969
22378
18290
9965
5585
43735
11066
8632
32661
43432
18154
30463
2459
26176
43121
36008
595
299
15380
25812
37647
14891
21051
33365
33326
3679
47596
20915
44792
26895
4940
45249
29124
20686
17221
3677
18241
3555
6881
5110
18516
12619
30303
34041
36512
17839
32715
46586
22737
21628
28165
19716
683
25123
33980
16528
6263
35921
49814
28139
7137
14015
25175
44533
6380
43204
37968
42683
23173
31863
30496
21069
7806
35574
4959
23224
21464
12437
39565
9294
30439
32002
4916
49920
9083
41125
44546
236
46058
24099
34403
46155
31232
27080
49359
33327
14145
24009
45774
3914
45629
17638
26960
17723
28528
27243
5224
11347
14064
35279
17861
49690
34551
34267
49626
6011
23277
1949
22663
43237
18527
26174
23011
45031
7291
6111
17203
12680
9350
6616
10593
35088
26008
13465
38335
42970
28378
8736
11446
49729
16043
12719
45254
30007
45977
14914
27291
42615
28290
18689
21789
27266
23718
35502
32066
8304
39803
34232
6600
23519
5767
42073
23152
8779
49686
47514
15656
37893
36020
8436
17144
12046
38266
29145
13840
9485
49406
45060
10965
42700
25521
4494
6348
12888
19801
5550
451
10669
10264
12420
2324
18406
47846
46567
40049
23897
17333
6560
40769
27081
33255
17557
12476
29483
26573
19409
32146
25568
43234
40293
27195
859
10565
2456
46036
8705
20101
3876
37002
46721
32249
34876
21498
4081
5772
29461
24907
19512
13186
30332
8637
6888
5635
2240
32830
45295
42038
34842
20931
30683
46062
6871
40708
26297
1721
25058
2584
6426
27711
14883
29369
37100
15373
42797
29577
8963
25629
19822
6010
28882
46205
11902
15885
33029
38963
12088
39304
38162
13298
21747
9627
39394
27574
3004
19700
5514
42796
8753
44501
30573
858
40336
38931
13276
35577
7418
14107
18321
49645
11515
38902
38354
21708
37214
623
38799
34955
11167
5610
38521
42005
5062
34470
21951
8593
7168
13615
40218
18192
46279
530
20434
39731
23688
911
32839
4842
5419
49617
47235
35476
19863
251
26089
13303
7214
8178
16760
14946
6537
5079
29448
35011
13434
7322
43320
19032
7247
10864
36652
34620
39413
17485
24645
49452
182
46793
3896
253
13356
20201
48791
36350
28846
6177
46209
5739
20527
39487
43499
42936
39559
21539
24332
42788
12712
42579
13484
18549
1243
10039
28760
44560
21817
25746
6590
15273
21168
28552
25043
49296
3317
49210
39668
27805
14164
14412
19160
42892
25649
20548
17562
32073
2524
21484
45738
42536
46693
25552
40595
28548
46545
34375
26406
44087
3171
11799
13168
45455
25465
12106
6565
17732
13440
26921
32343
408
48087
44869
36505
46237
27107
3101
44810
33395
1438
8529
8563
36163
35831
27515
35087
48061
22707
30268
40853
13239
17670
31421
43542
26070
40270
15548
20798
10645
5856
21309
37484
20726
10495
29395
3626
642
5480
11760
18277
33204
28340
20615
20968
4701
34993
26245
12714
48806
42417
49234
49395
2321
43335
45472
42860
9828
33542
15352
1685
31791
36739
26559
12946
15752
38298
4754
6404
44745
5026
19898
45239
15776
47788
5862
27672
812
14253
46474
20242
14567
30709
47592
7402
46584
49369
20602
48672
35125
25659
35451
9945
17622
14856
1579
25709
22484
10978
42518
16470
15661
921
48534
4694
35156
48283
21624
44086
7769
25033
10680
27134
43733
27341
42282
17102
49902
18161
9214
5033
48229
5440
27741
26605
27324
24370
14058
26930
33105
35440
21774
16137
46951
34861
30191
37055
35071
1237
30579
7319
39053
38514
41406
40630
46883
14936
22850
45628
46478
37455
13570
2091
47155
46334
33715
28103
34914
32769
43340
28863
46812
20873
22486
17632
15649
14337
39314
44754
35995
23661
27304
41311
8730
2861
30946
47886
749
43279
2811
42298
15650
11747
11182
33467
6095
23464
7567
44194
8501
7391
1705
7472
18064
49436
7069
44469
24972
13028
11860
48230
19894
36817
11402
9473
22146
23834
20279
37401
28536
29061
40690
22990
8260
14838
29458
7940
5246
45796
47887
36886
30309
29175
15604
12605
45253
19034
13391
19727
2633
44258
26758
29552
4123
12111
16866
12280
11287
32064
35982
39510
31513
9573
37458
18553
32474
25907
13829
8311
29570
5331
4446
34457
44969
43726
46457
49714
10596
230
17054
20825
11224
3215
3608
33708
16326
11003
9904
23086
26667
29083
19341
36222
42135
39633
7115
45923
18265
24055
29775
13864
23873
27719
10600
32152
13120
46880
10129
30093
15371
4487
49960
7543
31861
47237
11495
21213
27785
31458
7668
25442
19214
46238
25331
39023
35917
44280
47049
47428
41960
30228
25085
15419
2767
44934
19258
48715
41181
30481
47467
46916
8592
1169
4215
13214
2125
46099
29490
33186
34863
45108
44768
34454
42219
16294
49633
16625
21658
30379
32985
42612
627
21707
32491
45622
9806
43069
43125
33953
38439
6615
43705
21633
9415
12525
5830
282
937
20136
2679
43038
26044
4391
22074
33013
30731
6360
22033
36726
25900
24382
39780
23100
17747
34723
24247
28311
24566
4784
42228
15119
27893
14462
5322
20343
10997
29117
21663
8966
43692
7954
33482
15851
9399
43175
6949
49386
37284
39711
4046
28358
17769
12662
19090
18690
28938
26460
25365
23093
44843
26036
46475
2395
7914
6022
44744
17115
39558
37660
39649
36673
23144
47227
3270
44459
4818
945
48199
31714
34432
40355
23748
25031
4977
10667
42794
37402
29047
23051
49330
17321
2754
34887
24497
12028
12509
15406
10767
10677
47124
5735
40847
25653
48138
22123
29322
14218
26393
31768
33214
7582
42078
48196
22100
5763
49391
47821
6291
41826
40148
44443
46482
25081
20834
33785
26075
28816
22576
12305
26743
49045
43685
27859
40742
44667
43423
8868
36041
9694
2844
19150
11054
7984
14564
33984
48740
24763
20212
5175
46048
28472
37338
21269
12006
10821
49203
46874
6024
14771
16640
33329
29829
8095
24842
374
16981
41509
10895
21953
43458
34907
26161
40165
13579
41618
16434
32448
5629
18951
13860
1037
2837
39832
25862
39870
29638
19371
18886
4624
22303
11658
17430
30561
48563
11260
43555
46467
46797
255
14811
20818
2035
13839
7165
46699
28698
31486
41445
47764
44985
2316
47372
4241
17087
21299
337
44942
7836
45980
27316
13363
11128
8850
27852
44371
49251
2784
3283
16913
44417
46082
45170
34894
33336
18688
28477
1872
30065
38768
30562
28971
47104
7593
9313
16755
24635
33625
23215
25846
36462
38380
34750
26437
9823
48419
6829
7692
45340
4626
26974
49293
43614
46424
47891
5395
1349
32475
15000
34114
7486
28581
16976
34344
9786
35950
3795
7035
8629
47643
13111
14026
39837
27744
8413
31336
43145
42831
46946
8360
6090
23584
43620
16158
46591
48742
34469
39661
45294
41569
10361
16671
19936
23029
49525
41322
38529
21885
28082
20231
20060
9329
20238
38419
43298
34691
24522
7587
48916
48629
23085
37754
41675
16684
43605
5913
15845
14606
20959
42871
2808
48370
43703
9730
46160
10054
18769
21544
38926
35541
17516
24328
15069
163
40344
12133
11156
37734
47502
1358
34366
35215
28417
43178
6713
49524
25422
47807
19325
8437
28992
44179
37689
21377
31763
19368
33982
23917
11033
15676
3054
34587
32979
31095
29344
2058
32922
23644
46050
4143
13491
15551
40773
15939
46138
24020
48683
19480
3899
21172
41542
11117
22270
26359
7565
45851
18486
44640
20208
39294
34388
23795
26403
9161
30655
21736
47519
2875
45113
46542
8512
31939
42006
26119
35356
31405
26539
17590
43511
39062
43363
30156
18745
30949
45522
26636
11098
5706
36689
28500
31666
47528
24480
43202
18128
25519
4251
33044
7951
19666
34214
33829
3380
36929
18097
46315
2987
11045
1696
14297
20858
36226
49356
45305
8040
16854
24008
30598
21478
29639
44839
24949
22176
29998
17672
22844
13753
31764
4315
31625
38372
24699
41061
12600
16635
42330
10379
1930
339
32334
33304
28146
19389
43421
21974
20579
10516
46780
273
26521
37273
32554
38906
41961
13158
34573
3008
46810
27783
31823
6843
21787
1181
46054
16727
47881
44602
9846
42429
19206
16055
40130
20082
3204
22122
38898
18244
6596
9032
35717
9377
20072
32183
41282
592
39536
22048
6055
46047
38566
12660
38402
38606
6126
44790
44789
11554
47810
39580
10723
19987
25996
31119
538
47028
35847
20303
28753
38382
5231
2087
35389
183
908
38759
31448
24136
12917
43174
40521
37301
9306
5258
43570
22794
5718
41252
5191
27444
24528
38118
49211
13301
20471
45790
6082
22659
18827
5205
8645
28789
45304
39189
27651
46406
6783
37154
11703
49916
2082
21301
31595
47490
3706
47960
37335
7592
21542
48635
1618
16682
24477
12782
39097
1336
39769
39576
33450
37447
47737
28222
9876
14014
44845
19094
40381
36325
35317
26244
19439
30818
35488
43218
49377
37427
20830
25562
19118
8448
15458
11922
35527
2211
8420
16011
10995
14369
20241
10445
3956
24882
46257
20701
12671
42254
31125
35070
21532
49889
20807
36371
21617
12250
33270
49307
16887
44639
43521
26863
38488
28359
36982
29845
3570
27657
36971
26987
26945
13885
24251
9137
39137
49090
36025
13697
39295
47989
6023
27982
45765
47238
49948
38640
2209
47850
23260
33344
39447
42867
48728
19754
43227
20356
6740
28461
28259
16795
38932
4756
15637
31162
26236
40358
3669
18801
10994
42510
3265
18059
25857
4840
33427
31963
42993
36017
23068
30333
14701
46920
29267
28088
12367
8204
584
48156
27110
42548
33346
57
42504
23585
41393
43967
20689
25594
2172
39472
20340
15159
19009
39664
1056
40616
38089
12564
42873
19460
42580
2364
19677
6454
30376
44116
575
45685
43532
44562
24301
9047
10117
30077
26122
20576
9390
34947
41713
12160
1034
7023
31372
45699
16058
10843
5021
17941
1109
17093
31262
36433
42028
2506
39375
25531
41031
14379
41580
35258
32344
4629
23194
15915
46253
6810
26721
44294
24756
37996
25511
37775
22554
26120
30374
38532
16987
28663
13510
40348
35423
36063
47019
49911
31168
8283
16858
1780
2730
49780
28326
30275
33623
11467
21978
28607
39275
13853
35208
8805
31487
13475
14979
28251
22754
39853
2830
10176
26144
45273
10191
10109
32523
20276
5020
7040
21
17295
15568
12781
13893
13706
13072
14906
27832
47420
15651
39091
15948
46201
31068
39264
10233
19210
34845
45399
25314
18098
14378
12607
9439
30978
49652
39434
38916
16372
18715
43855
29826
33417
6000
46056
9652
6280
30253
44788
37998
27487
5305
20020
20582
38059
4339
45669
4
18288
25623
5319
45439
13487
25228
9937
8689
41526
36521
17032
469
45954
41163
16032
31650
42833
49065
14478
13894
14001
40904
39922
42424
12565
28458
32812
20566
20811
24443
40554
22950
9581
40707
7757
27132
26813
21957
14136
1367
46869
33508
39287
27049
5524
4835
5032
1546
27472
32324
29281
25733
44783
45525
21812
13607
19276
19978
1503
33137
46318
38479
18118
39811
48397
30179
9255
3005
31092
21854
8939
31984
12846
38621
40258
5799
19526
20191
40535
14088
48028
25299
34801
45331
185
16851
42842
48927
28218
9538
26243
49333
43748
3676
13260
11251
13271
43915
39456
44617
8817
10401
32102
35069
26257
29933
26563
47512
16782
4160
20899
7881
38882
18922
28440
27699
1898
19082
43014
38945
45429
34179
25890
37373
869
48463
23109
32246
45910
16220
43220
48034
10113
5965
35598
964
13425
35877
46497
4769
41319
39139
30997
18319
1670
11645
29853
7743
13656
47017
22275
21917
13996
1976
39795
48182
27421
48824
17367
9498
7605
26046
20714
47163
46518
42076
30383
9378
28570
22076
5954
34521
11951
26107
7521
1347
35413
38056
11147
48415
3867
32807
17330
26000
11419
6922
15907
23376
28175
1556
35379
24709
7678
20011
38130
22591
44318
48871
21560
45283
9556
33655
9218
15334
3219
42556
1984
31697
41916
33972
42893
14779
9989
15572
43882
7081
33301
9264
26658
32680
16949
14047
35189
39103
6377
34654
8670
15282
40098
9949
26407
30609
37573
41808
14269
43395
41143
10324
12952
47084
46280
15552
24039
24879
25785
27036
8007
22842
29810
14594
31344
38265
31269
15744
18739
19706
3714
34269
14286
927
36901
7886
30975
44018
24035
11218
40371
42370
41720
17466
14101
16003
1923
43706
25917
41800
4805
24033
32185
39996
23965
4717
47957
38605
14525
22253
21920
459
3442
47037
16337
8627
5932
48129
30255
28431
35233
41370
40151
48650
38101
10210
45800
9087
13682
16959
35855
33975
35795
23587
44660
21640
41476
42711
47081
45220
5901
13387
9461
22820
31526
11607
44861
47475
44356
6465
9335
16271
13618
25298
9517
23763
43006
32982
24902
929
18157
29155
44581
13092
31302
45678
3346
3006
39858
26493
6954
22330
8337
17219
3892
25672
48766
36857
42954
30647
2072
23399
29762
10099
33559
26853
47458
3056
37626
21097
23027
41147
31797
13056
44434
19424
24918
2999
35809
21513
32350
39455
27135
22735
45682
28335
37961
19502
38717
12182
22388
14760
15835
3521
13220
17118
37057
37242
42595
30512
17945
19027
43467
17924
2170
46630
36774
39703
38075
24649
41932
41562
8988
3090
7352
11732
30398
14994
9116
18489
3797
13455
45931
15408
21450
29875
43025
31316
27617
21273
43489
24544
40372
6199
21388
13641
49643
18282
31395
48084
31916
44675
46423
3649
13009
47022
33490
5288
4619
15842
43085
9410
40529
31433
24985
4757
27214
2621
43120
5030
30525
13082
9992
48668
43078
9892
34554
45852
44777
47162
24337
31567
8092
31171
8249
35835
30124
10111
13183
43722
31043
18891
30340
10688
24747
4203
31829
46177
24040
22116
44580
43526
39568
27255
38100
24416
33313
36731
40405
38028
31479
44416
23203
41405
18538
17249
23279
49828
47557
16059
37708
4333
285
11370
7902
15197
39659
15857
20922
40491
40854
5255
44234
13865
29996
44064
4918
39553
7381
4581
38993
47857
16145
49726
44252
11579
39106
2856
32149
16210
21576
33676
6819
25694
15526
35171
16810
33413
4310
22951
44738
13736
26956
37314
7332
27393
42423
49897
31063
7568
4439
44931
26231
40053
9796
40056
13913
47140
948
38654
47284
27093
23937
38204
4367
12790
45153
42818
8909
15096
2377
48175
24617
11377
25145
20795
32214
13105
44658
26748
16057
22490
15680
22752
11228
21615
25432
29561
44913
27115
18199
1521
2663
22538
35062
38780
26383
33497
39823
42082
8135
17928
22466
47122
1863
19125
40241
34434
6
5299
1016
31255
15807
31686
26756
28265
24092
45387
17700
29048
34694
40905
16462
44177
28283
25744
2579
18703
27548
38541
48710
42789
41831
6237
42686
7781
38692
35881
14367
25105
46853
28924
20760
7296
25436
4074
28791
7709
47423
33086
22416
41152
2954
9515
21508
40051
3762
35596
26689
19284
27114
46218
25074
14060
20633
33528
2899
27988
10624
36688
11084
46857
15478
14424
20007
13034
4225
12477
468
28118
21436
17457
44445
16396
29305
10139
35176
28040
29574
24595
40909
7621
12067
37106
6816
28452
34276
32156
39830
1873
24395
21598
22885
14911
37491
23468
24724
28395
25402
42000
49595
21326
18804
30055
49025
968
22298
40678
41904
11301
29767
17746
35290
34044
26716
47244
27276
11315
29827
1477
13069
41186
17892
1305
16177
8960
29901
13287
27731
30868
41440
44144
21909
19504
31072
25607
28574
22501
9400
30041
34873
18180
20460
19025
15601
32990
13399
8297
40809
14780
17954
34365
24919
35399
14252
11572
41678
43381
2719
4817
4673
29715
19058
11307
31381
42393
4398
46730
10939
7648
45436
45454
15127
12736
33475
47166
44490
27774
5102
44541
18940
28427
29177
46274
21401
30449
45351
10098
37559
13047
3645
44841
32821
37597
47982
8097
18758
44098
18449
30290
16910
42626
3549
8554
17486
30515
43923
34122
10482
4335
1651
30180
9938
5328
8257
23090
28455
49114
7892
42719
23708
44629
38230
32802
10298
20432
37753
20306
31589
28215
18037
8433
16872
21494
3502
14510
49884
23666
19566
4277
9467
15788
26425
16707
16180
27269
23778
22329
27456
3605
21435
10675
4477
37421
48423
30803
38135
5098
23183
17343
15617
46881
33766
22211
44761
19036
34670
33465
37052
32415
32883
40555
10151
1000
8173
19422
21543
38831
3695
31906
26246
8161
31053
47347
19900
47722
5850
48777
36571
41657
35750
28394
17837
25927
27127
33002
42088
6064
1441
2271
13376
38572
38700
16201
34180
14768
39528
26553
21947
2253
47591
35523
344
23582
18822
2552
43444
1698
12314
13879
16299
19791
2516
35943
4097
44657
37451
26081
21230
42792
9817
32138
16737
4135
31216
22136
37045
21907
37588
21650
24454
8221
23095
2243
42377
20848
12053
40872
20066
36783
47292
11588
3250
15523
33883
45388
28462
21551
33316
11169
13323
29354
22860
34546
28643
27003
2752
9523
40647
33011
7392
26606
30970
23564
18006
20997
14389
17433
33147
48408
25700
45661
7279
33763
11062
11335
11921
12406
18412
424
36055
5751
14283
29600
34718
26465
12838
15990
41347
15847
18743
20546
1533
12874
16948
9613
28679
13870
40427
7018
42141
27758
1517
28990
29956
24752
42070
16806
23317
2926
38353
4729
43235
1180
226
43597
32639
8085
30347
31386
25176
37548
34586
41721
46381
20317
27382
10658
8973
9669
31511
35844
45018
26421
49973
1803
3254
47064
10639
8473
43968
38483
17446
49594
19475
19728
48802
955
37043
43531
24177
19696
35064
5851
7075
10812
47303
5265
27399
21150
24636
39524
9631
31155
45811
41715
2030
11281
25163
36186
41900
12068
15774
38023
40787
12592
43522
1977
46520
2028
14081
5698
38719
16894
43939
22943
32492
49993
17077
27505
6924
20785
43108
1575
3751
26881
32887
47638
45825
33616
46784
20424
35977
44651
24210
21364
27919
8665
9759
32705
21712
36210
14623
29172
11087
30799
15456
44739
47500
11589
23665
4935
47855
6104
24684
852
47130
9820
2761
38542
19385
412
47738
36757
33195
20154
38512
22726
36128
22931
26108
27827
3944
23593
39884
5864
19290
40681
3943
35430
17303
5963
19415
12317
19224
1997
32261
19075
6078
2193
3048
8720
8428
15435
17412
33074
48995
17817
34960
30336
36354
5108
9771
23831
33090
43152
9687
22521
23415
23905
46822
26117
39318
31478
47955
45212
12346
38166
13648
19067
22814
19849
7875
33355
29276
29923
7474
49316
19850
26603
30555
4737
41806
18411
47828
19686
20762
5973
8656
23000
37312
9765
43210
43584
39486
22348
25879
49718
36530
22769
48398
41357
11619
6402
14725
7058
8848
5455
23717
46505
11789
42704
9007
