10151
47459
49037
30365
28219
21666
3951
19107
6019
44222
18544
3199
7679
22884
23621
25240
23613
43390
15064
23964
23023
34685
44101
38114
32550
22315
27145
1872
49440
29718
36297
37748
11514
41978
19519
10532
4355
16439
34701
28050
44526
11420
10601
40369
11416
3573
23946
43256
36833
26111
450
48745
28152
14876
49358
3179
17258
3611
34373
45069
42177
49733
34488
10986
7200
40299
20181
20232
10764
35028
15835
41423
21345
19395
22401
47974
34083
12808
34407
21921
47181
39426
4022
49817
27576
47810
17324
23989
38772
19719
11165
14868
38131
11352
14979
28696
1334
32120
46716
46569
2828
2518
43298
6561
41303
22470
41614
2310
25483
10798
32683
8395
19630
16819
26562
29898
29258
43769
15461
9649
36564
44014
5855
9451
24373
10647
26281
1684
8296
923
13528
25842
12315
14798
23048
33988
49918
39847
34981
23673
32387
37480
16396
23925
19866
7302
15787
5303
21320
30226
17226
32498
41228
16428
25836
14960
11553
21852
20484
40702
26830
10664
20532
26804
46408
363
7269
35006
48219
7388
28827
35075
7171
15428
24210
26790
47500
7531
26253
3687
24230
42416
2148
19901
11925
35378
4638
19782
20119
29965
6586
8214
8064
21411
46105
24420
25376
46557
39460
22506
18792
18751
14456
39247
20373
48825
47335
31635
2168
46726
44583
2467
2394
35728
10834
37835
20135
47001
13081
12570
20188
31318
1959
8101
5741
38409
12333
19597
31468
14308
39483
2899
28962
4278
4849
22134
6795
26540
47928
47882
26662
38271
48278
15607
43486
31040
21885
37244
14662
30453
20513
29624
20398
10795
36296
34428
11058
287
9222
38625
6071
44512
6925
20065
17502
28238
15861
12496
11230
9764
45487
4030
49057
46039
28591
48533
30443
16328
38034
34401
17470
33005
8938
8230
8325
42326
40953
31435
39363
49810
49950
8500
34759
7606
31765
85
8156
48241
14626
13544
20778
24858
17469
6997
4127
28673
3998
20716
28705
47448
35491
9589
20801
2233
4462
12645
17090
21692
30462
3664
48512
9369
38358
28792
4933
43452
33588
17117
37789
49032
36843
25883
25067
6598
7166
7690
25555
17575
21319
10046
47833
29135
4748
3067
47375
12692
28314
34681
13694
12361
7239
41026
14002
7334
14667
3844
13092
13304
14751
8528
36655
41301
8666
48997
18694
43301
1823
34202
11220
3325
38846
33879
33845
8772
29225
9809
30055
20352
15245
6565
28031
5339
31319
39533
9101
20362
17452
29485
11445
35124
27893
8516
7238
20834
20177
25854
27429
30813
31372
29772
17756
47741
45563
6673
25844
46337
3025
19939
45476
41510
14867
47976
14592
43258
45894
32682
36889
13063
39117
19447
15387
5139
8691
32181
29594
45107
49327
17326
38983
44761
14365
13862
11042
5753
43730
33861
14669
15566
1519
35649
30261
27826
26361
37064
15813
25092
12771
12977
16004
691
34644
45926
3438
31072
45590
4146
38706
45558
40308
12384
5901
26317
39434
49959
3515
2886
1044
25954
11810
9969
4421
21902
49583
34498
19743
6315
32293
36436
24037
37608
32265
26669
21816
14610
3780
49719
48316
32731
12070
21243
7390
19897
27545
14787
41447
5384
45506
20980
26773
20577
9558
31458
31716
38209
4759
16929
32684
40841
35755
12398
19190
48720
3117
23864
49541
14314
18176
16847
29539
4163
19275
35165
35360
24195
39820
31493
38350
22111
35302
44373
33785
29031
1814
44085
4831
46880
28181
20534
11682
30452
20663
31828
10972
20606
16348
46228
42639
15604
5099
44610
35965
36174
9757
42063
32368
10912
5908
42133
45841
26367
13011
34039
1531
37128
1875
19606
21133
43242
12698
15278
45517
8974
36143
42440
6957
20356
33976
35055
28343
22416
40167
16133
22814
1832
33572
27960
45253
39235
26251
15515
44647
24063
13501
38656
18376
48421
29061
36012
23926
2464
31802
5749
37142
2895
5232
31201
19058
18221
2523
1298
17044
33181
12303
20771
49332
7801
38120
26071
43502
19155
19947
26852
628
44062
47729
47148
1799
37447
12280
12230
10007
27568
33748
39408
5578
15329
3372
17151
37412
7079
10864
10875
21161
43864
27836
7936
19361
17300
35731
40935
15099
23321
9364
33862
19049
12156
37263
29998
31186
32786
16808
35207
36118
33514
10160
46892
44846
47752
48082
23235
3514
42468
5611
26597
34903
45283
18453
20518
1556
13202
14219
40677
34552
45269
47764
23672
24820
45442
35947
29659
37170
16109
20096
9829
6026
48122
14962
41827
42351
41206
21144
48971
33042
21154
40553
27953
1614
5610
18582
21706
9006
10485
21778
39986
37907
16787
24888
14027
37404
43552
31892
38484
2695
36071
47285
25811
19886
23861
37533
20434
5619
47593
5660
23787
36151
44968
10069
49722
43634
17963
36768
45475
12508
45619
14650
9747
21547
44599
32621
21788
7870
125
38196
1606
14901
30332
38976
31113
13284
39087
10676
17607
12872
38906
14070
29236
8107
41725
1399
38248
8316
18777
18550
23381
47812
30638
38033
42562
22729
30929
45975
43293
31893
14120
37001
14781
7785
48195
29673
1066
13083
15651
46313
12884
32938
48817
12389
29554
16623
31453
19340
28246
27313
48064
25735
3360
3111
49444
29356
23396
11677
17143
47219
49590
40740
24144
19523
31008
19741
27636
25104
10032
46476
27782
6716
47818
12896
48390
48265
40877
7536
43061
49596
31269
20512
28677
29334
31278
47505
30966
48585
19310
13778
40358
26967
45002
35209
18407
41899
34841
2754
41581
49544
118
3379
13527
45807
3888
32485
114
3093
2007
41482
17172
40826
16665
20681
36722
31573
29635
14524
14670
27356
30433
28180
14458
5912
1097
37108
14917
43021
43606
29398
35537
16971
28632
9350
13940
20114
42950
6477
6803
13998
49723
23004
22358
41367
6626
45464
48001
10773
32462
35667
42957
7787
6056
36930
42433
14180
28624
11581
32388
36787
25320
10369
12366
17218
18779
18642
37626
33359
49589
12339
32231
24065
13453
17668
35929
43456
7253
34282
29807
31616
33295
48523
26329
19025
8489
2599
139
35626
28667
24024
15051
10376
2546
44823
6548
22616
32103
23972
9671
39623
23938
5995
5369
16842
21311
30811
2337
6109
35551
4076
39987
35652
13679
15242
10030
19129
18211
15830
34636
46504
24080
20789
22967
33741
32563
12270
40621
17246
20839
24385
45974
38291
13584
21857
16503
48060
10957
7314
33560
15238
30732
6695
13999
42579
13000
29201
48364
27215
22061
28913
25193
16581
14507
32536
18722
14350
45516
42015
25709
27685
3139
40453
8511
5272
5561
8727
34974
4528
33553
41590
20549
15171
31445
40208
22617
38774
30777
47768
11208
18561
6304
23882
37278
23036
29452
41370
41854
32373
8698
26501
5793
14193
18988
9563
34167
46827
28218
41552
33002
4473
10416
46146
44258
550
49700
5082
49855
15067
21518
29280
24374
8128
34272
17651
34888
24995
13052
16606
2934
15933
48325
27996
32187
47163
16886
21
44860
32276
112
14066
41514
28894
40600
34130
48557
12077
31323
2654
30558
49886
16091
20308
45993
21784
4434
38902
36863
38497
43114
26280
10484
7027
32710
14728
8775
49097
21988
21129
38371
38161
18247
2905
15643
20328
7287
17840
18101
18314
33565
25915
15425
48214
18540
9990
8949
27552
17834
4252
9914
18027
48233
49187
32558
17757
18062
13970
43146
40923
32925
38724
38990
17567
40038
13375
2014
142
25802
31978
3175
27155
20880
1958
49066
18925
21955
17416
41931
47291
5712
32791
16616
22915
15572
28797
1011
34147
18659
40445
25114
20452
31754
19871
49054
13876
47800
43308
19490
1747
40139
19090
13730
29159
41100
49721
27211
40449
35235
39100
26359
46742
31714
31399
4930
14530
25306
14806
4069
8195
49242
42510
43153
8635
1831
48882
35248
29553
16139
28956
7111
31860
33004
41403
5537
3912
35523
41226
10685
42002
41229
45644
36539
5087
20171
30479
4566
1480
45786
32197
13642
46424
44067
28899
6387
23867
41983
47145
46089
280
28758
38030
34361
20632
25779
6151
22946
29771
4841
32584
22861
65
9456
1657
20130
27472
36770
24860
4903
13102
10730
32334
14601
2460
49238
364
41862
1224
32556
29096
4558
42299
17439
49727
5858
43438
43724
48490
6177
23744
23149
30735
22489
2398
30914
32018
37284
14386
36041
15017
10420
29462
11992
12629
35156
2802
25707
17483
15782
47204
48619
1729
6171
12264
1377
12995
11634
28870
9216
14596
38778
27405
29440
3013
1887
7937
2750
24142
43687
44879
16084
21581
8825
38653
37055
21223
41222
41637
7475
43417
37438
9507
34309
2594
10045
10909
33886
25170
45722
635
841
20030
49320
19989
6398
14318
28365
1972
5432
14284
8846
26538
15857
25512
48913
16775
39794
27866
22799
17480
5397
35504
38195
13800
44240
42338
46887
16145
27288
39112
47834
45746
1625
47582
31143
1906
21806
8363
14156
7765
27724
45041
38581
47585
16250
42610
45771
15750
3194
32068
38586
40529
8623
32669
9948
20955
14762
5010
15246
44366
25533
13997
17855
40125
9742
31587
13218
10818
15096
47478
3741
33166
33847
15053
29645
4871
3991
49678
32940
25211
28342
30297
43768
5941
39177
48606
48123
28385
11296
11339
3200
21171
14411
23605
11492
21848
12466
42224
5746
6525
21232
27265
26979
30103
20222
21197
24771
17407
26039
10029
18967
32652
7345
30812
15037
33536
22468
34832
6143
12710
42324
15640
21743
16797
51
26096
49627
22929
28433
16750
1092
4715
1251
6355
39171
12245
22590
12557
8450
7381
31373
25285
32765
22653
462
32329
48363
11953
23494
25080
10293
47432
3845
35674
5988
35597
28419
42229
13491
39764
19145
37218
30671
23065
14485
21042
38941
36796
10635
9194
17682
13871
43047
13629
24291
21731
11234
5603
8323
326
25515
20550
27804
5092
41467
9466
1931
26245
6709
49731
49501
45620
17909
35048
40060
14332
17331
28675
48136
48133
17828
13967
25720
3631
35094
5605
8207
12190
968
9465
36878
26031
39565
25790
16635
34162
15420
38128
34645
34082
24878
34544
5283
48484
48319
28166
25706
10027
29862
47395
26000
27945
49780
33670
29358
41528
7987
48352
3812
7284
37504
796
32678
40259
40667
12109
36915
4942
24549
34896
45495
23902
19873
46061
12528
40158
16325
35630
24185
37818
12285
28325
11702
10852
23018
7063
35367
31509
43233
25561
26495
36602
3335
14633
31137
1060
20921
23465
33236
15401
41661
28196
31565
28083
26516
47910
8577
36522
44630
30904
21047
45143
12863
10099
17304
12630
8286
11056
33708
31074
44139
48620
25095
18666
38303
19851
27175
3050
19276
11921
18709
43664
33750
49348
43201
34534
31919
12922
2870
47540
41360
38166
4405
18961
32944
10054
13553
18460
31046
447
3703
11054
40181
20661
7751
34632
15844
24990
7042
31065
34559
17187
8547
45277
32349
16834
472
32335
13049
14121
35934
3216
37823
9885
27334
46778
10625
22546
11170
29272
43863
39294
16249
26431
21814
35246
4870
40311
25349
43853
26246
39093
43821
29085
41860
28397
19596
2840
41060
8744
41029
25276
34647
27389
24930
42124
20368
31472
5727
14126
33310
34168
28614
19033
29703
13546
33337
9438
9314
32470
7401
49625
25168
1027
609
49999
23638
22321
29700
43955
19643
36871
18408
17585
41281
23060
19569
29229
5148
21506
33709
18964
35743
19608
18342
504
42727
2425
19292
15615
29418
40736
41727
13411
36936
12636
17713
46263
46818
12518
33612
33754
25616
37739
28338
48811
6907
38496
23818
48059
5460
45849
48809
5913
694
1188
44135
21380
4702
46411
40949
44786
29853
17975
10769
6006
48752
49514
5241
25615
9954
42916
32907
15963
10159
35525
2110
37272
8181
4011
27034
22935
30112
29241
4417
34549
26366
16437
16952
13466
26601
11455
36170
18522
13498
14369
34705
38479
37259
24869
32047
21952
31562
25021
42764
30921
22909
9721
29711
31400
35906
39563
38189
49824
25244
37161
8259
16242
25885
9072
24929
46129
37858
26718
44234
6567
18732
21635
39018
13867
2030
33671
27283
44778
24395
35030
29029
2872
22990
49182
39822
9595
4756
3077
24047
1138
2252
3389
11195
42151
8560
44929
11320
1748
39046
23007
15206
34161
30832
34304
33141
20203
19139
32360
29827
683
34370
8558
5051
43970
29416
49117
42036
23292
5802
8359
30828
37699
42602
48883
9424
735
48618
38216
31257
24576
2150
4457
24201
49184
39750
44642
14714
3308
21671
35078
25613
1508
9640
15150
3038
30141
8196
30271
32416
40920
5796
34543
48652
7457
31750
44925
249
16384
2215
8742
9859
10828
18569
1385
33586
16506
49188
47584
41901
37433
35763
27427
16537
37831
21670
937
23790
6083
48978
26018
20148
25005
21904
269
4695
26674
1770
37970
26030
24528
18372
15291
24481
26086
42354
28810
43372
14549
34234
23226
9298
38918
37534
38514
30797
14247
13460
47636
15898
27210
22006
36838
15085
231
35854
47230
17144
14718
37661
35025
16377
25758
22693
19770
22359
47680
34573
49663
31174
30323
45017
10911
6973
12530
43037
26433
8109
22726
32860
24498
28750
6508
29739
47472
9660
24434
1208
23842
24193
15724
39316
47216
38077
5153
986
26693
12138
374
3368
6167
40924
1568
37414
38091
35273
7708
5877
44058
48391
47334
47702
9650
31571
17758
10885
22712
21032
49366
26183
42267
26750
11743
46587
39450
22025
9590
27931
43483
30471
10747
18214
162
4747
44191
809
2564
2938
40380
5459
33614
11282
37177
28942
18313
35739
37899
6321
48125
17678
29208
14521
40848
27213
46207
7986
7966
7788
39037
31981
48450
48157
11713
46734
33532
6953
19148
36374
20214
28127
25592
49649
5255
45743
42837
39558
37971
21818
24957
47329
44083
19554
14873
28054
44037
21080
42574
40050
39583
47150
4265
7783
30127
44589
44238
34307
11740
31124
47312
13222
1760
26461
26289
29345
40250
46970
8521
13786
18246
14937
26676
44619
15974
42029
39431
40518
38489
12969
33252
32464
39973
19879
26909
12457
36961
13012
6160
31417
29184
44441
35558
24422
9334
25959
6418
5529
5756
6052
40917
28201
15475
4249
45155
41324
25500
34214
13066
11440
12266
24298
45200
21603
30916
37995
15290
2427
22226
1288
38718
10577
43195
32073
24495
37761
43560
28729
31049
37758
40345
12674
34613
1255
33431
14168
8810
32173
29217
23863
4161
6272
34968
37385
21587
1415
2073
40309
35762
19112
19616
13513
10550
43555
24812
35939
13741
27338
23311
16498
31210
48225
14125
5473
13699
46929
8578
35999
20756
33955
40712
26113
9851
43760
39611
48844
21251
34995
2445
8569
34483
12757
20542
16721
40698
10472
12352
30835
9945
25408
5963
12565
42070
36654
24784
46694
22225
38144
11673
6801
31694
23233
27821
11609
13053
7351
9894
2711
36485
2901
43151
48232
48427
23178
44020
6866
32606
33291
14949
3008
48025
14096
49844
9092
9645
7261
45206
38931
29918
37437
17752
27538
12600
12311
47085
36792
41213
24870
21735
20808
14110
4352
32842
6520
28935
32634
6459
27704
30387
42424
46967
31462
20891
35576
46188
9837
46573
34018
14934
36695
5964
25421
45140
9587
42815
34993
8776
10740
45249
4467
29008
3889
36241
38110
21959
49308
40580
48491
29757
37920
38710
11588
6201
4288
27326
29459
21645
24567
28604
49115
37087
5464
21983
22128
18830
26033
47309
48526
383
45290
9782
12538
5993
19499
29173
23637
15973
22798
49496
36453
15164
26141
10895
43783
22360
47740
41160
26701
41664
26793
30973
47119
33173
7436
42552
9826
290
47180
46287
12913
11787
5924
11684
48590
11666
18981
11256
24681
28216
18467
29296
4073
30189
37286
23736
30493
27844
21846
32942
11591
30224
46591
4652
43459
20034
6115
34859
2738
14472
45285
11848
9477
10142
37906
27753
23536
38252
31600
39637
33681
27186
4403
37430
36842
45405
32283
8077
32926
20607
41715
167
49451
19626
22249
47936
42134
27047
37069
32400
49009
30504
18439
24754
30019
23658
30209
14723
23564
36644
34056
47436
41625
23890
44513
13307
30521
13898
11827
23740
30906
40408
41840
24897
22139
41359
47663
44233
8636
10430
10640
4540
24354
5700
38405
13537
4093
10779
32359
33426
24322
6008
12490
3642
5244
33870
14985
4862
23757
27050
12661
33045
40674
49124
9799
3928
18436
21045
13557
46950
23716
43539
23551
8918
48788
34822
15141
2246
2222
21785
17719
24795
631
36533
32219
4519
33880
33908
20380
9045
24410
39146
14204
3537
37517
49142
48884
37514
29784
17904
9827
6799
38835
27772
8706
22604
22088
11801
21810
35529
39840
29165
14248
27266
46928
14915
41125
27822
47445
42725
38339
21689
27645
44046
11301
37131
9612
41449
41868
39744
17806
37676
48508
37819
32063
10224
8149
45485
38165
36455
45499
36352
4191
9440
31772
26889
49880
33447
14218
11942
2109
44049
42122
5203
1704
11302
37547
6133
47280
3431
23474
49324
24299
42668
37329
12568
14924
28909
27840
4837
35346
46232
25036
15079
28151
6998
8346
34927
8694
24895
19697
13499
1706
47023
38000
10599
5813
10598
31820
22087
27526
12340
33422
3229
26842
6956
769
31584
12008
37628
31676
23354
12148
39394
3376
3955
6685
19320
23520
26844
20378
39071
19162
10673
12958
32734
12966
17211
33810
48722
31474
2331
9939
49890
13918
27303
35090
6694
20372
10759
6903
5443
38927
40312
13896
18515
14815
21098
19294
24421
23308
25738
13365
8036
14148
20033
34045
189
42858
31144
3563
40209
22349
12845
7961
35313
31685
40483
1000
34384
42431
23309
33152
41952
22550
10697
32111
6835
26695
17168
16972
3911
39775
1734
37061
400
23061
28003
42283
35247
9534
38725
41562
28519
40583
6044
46866
6449
36974
9890
12951
24464
23999
8425
3401
19788
22071
17154
34785
44812
19949
17273
29420
29002
27565
17582
39855
7155
31250
22751
8005
25943
13086
35587
34698
39603
37671
41783
4900
9519
37066
20371
35418
29916
27097
26679
26557
30990
18765
41657
40644
25999
34668
39479
5214
24840
12128
31222
36975
44985
24370
25146
6369
20018
5959
20760
12705
44674
15597
10271
40389
449
6661
30505
32835
27865
46461
29755
45773
44093
47825
19306
14861
6642
22728
39075
38368
13625
8033
11263
16705
44120
15808
38483
4344
33966
28841
990
9547
46520
47621
14408
22969
46245
15047
40375
10752
26740
21101
36256
33279
11158
12087
44561
14885
25208
20224
32020
11460
13936
8393
28240
20846
44104
7796
39860
46554
23284
46458
47088
20267
8770
20025
8899
30891
29212
46829
3023
31583
24088
41595
45657
3746
43304
11254
23839
36223
12325
28451
24749
30600
36258
3863
34813
23283
3065
38512
26188
36711
5649
38726
31248
40834
43367
17376
44535
17687
31465
18645
1774
34897
20896
16968
26824
26865
44040
41176
48513
6430
46795
36267
10677
11583
29917
18080
22581
34126
19324
6509
19424
20510
40225
38249
9492
32169
3282
23240
26070
43008
27577
43480
20420
11038
46005
43573
34275
12263
43525
30017
21728
49934
38534
16999
12855
25476
22781
38561
23177
44478
31012
2237
39645
26958
15666
23500
12003
16911
29870
17841
19483
7479
9497
36541
34050
10923
8824
49403
20410
17149
25259
6528
18475
15448
13320
10681
37101
40190
30
1340
27674
46722
42718
41240
31105
9766
13482
43015
15679
32511
34017
16975
32004
30765
17388
11704
8315
15817
32159
31922
49248
6579
27980
1854
14699
23467
25263
27607
1649
3484
178
9531
8517
41474
12857
14
25369
13934
14989
14903
13165
47686
11276
17242
41775
45889
24071
23942
29849
27043
34918
10385
22300
15781
6814
2891
38342
11294
24229
45784
4368
47453
28690
9241
23898
3586
24231
21199
46112
13452
15375
13300
42521
5911
813
33420
40987
49546
13627
16449
17066
7320
31603
1539
12113
49342
49319
890
7118
13068
32570
43972
10876
39974
48143
8369
18971
11251
40416
41461
48469
7706
35490
47400
20143
43420
1840
36729
34262
27019
41182
42347
44563
44947
37637
44070
26673
20082
49220
43292
13078
36220
26318
40054
45342
31211
15698
8851
19116
1511
23509
35331
30626
12558
8556
7901
14278
36805
1554
16312
33735
9038
29637
18077
507
32418
6318
13290
22765
10838
30730
1384
27203
21534
6276
36014
32852
38529
22402
11957
11736
16725
10190
33793
23927
21887
44981
41947
37416
9073
43140
39189
38893
5564
9804
19124
6732
44406
13470
3813
38422
15792
40823
4642
15300
37937
44073
37861
28124
29903
13906
11267
40271
11564
32100
28766
31449
49431
2040
36740
40578
20900
28524
9875
25674
44390
29097
29483
47370
39749
32817
38486
25527
20742
42630
27514
5606
36689
11851
41798
24238
47581
36404
32543
28464
24768
9268
39982
41748
17555
35665
33396
3995
7439
35276
2576
6005
44791
33582
23912
43272
45611
33374
6068
21200
5249
47004
33954
20395
31249
16466
32492
26711
39815
40028
48431
38868
4787
28222
4649
11480
39572
11589
1954
11026
7910
5972
15591
21695
24305
1324
28594
12481
3040
27590
16274
14253
38219
47765
39779
22066
20852
11200
34700
15094
4354
26703
2541
28593
36650
32571
14145
24537
20835
43959
47034
6952
40173
25582
46118
40601
25589
25637
28847
22748
18985
38638
8456
22835
37027
25567
25152
14995
31086
44634
33278
21619
9253
10196
20840
23758
27631
19864
17603
22886
7766
29194
28301
38783
4285
2621
22262
24350
18125
48518
3666
16479
39649
33283
10696
779
47153
38826
20699
29053
15706
26499
2361
45267
16420
48829
27626
25821
32428
18671
32866
23628
47327
1098
1118
9922
44751
34511
37386
13380
29908
42665
8833
9171
18810
42840
36944
6753
2631
45654
44110
34468
48176
36674
16433
41155
21275
41157
33344
24448
26277
18954
46399
43392
10542
14364
35756
14289
34588
8941
35053
33010
39267
46647
49699
14900
6209
34920
40157
20833
13645
37086
20367
32281
27600
27885
5122
10432
9516
15802
25473
22806
18641
35692
28208
4892
996
44942
14381
17156
47475
44033
21951
43137
24920
19956
33451
39305
5169
27217
4041
29813
3232
47065
1421
140
5798
45779
36592
44932
36647
21591
44598
12842
33298
41009
44646
16303
37852
8183
49952
47029
29508
27913
27007
19342
9105
27658
36302
20762
32862
6385
2844
6919
9729
32648
9899
397
16288
412
14696
37923
40413
20573
35288
44270
17741
25007
7774
18927
29492
14081
44996
3184
6284
7341
13251
9658
13082
4512
31921
39821
35539
12347
36411
36751
28225
32256
8292
43431
33958
44090
29559
3227
18758
9501
9212
8541
26241
41600
18825
46890
38866
32493
9141
22945
30030
25404
21886
22400
17857
31060
29737
28192
14391
11911
6258
36391
41062
943
17244
31402
34479
15819
10132
29517
30660
18319
22852
8669
23640
44414
8229
16541
41816
30834
18609
5357
31308
1778
27312
4100
9630
33265
26088
32447
46074
30647
23851
10194
15718
14710
45019
1319
49019
14816
21111
45116
31709
49840
22347
47641
19993
30480
36558
20731
37573
39250
27017
16774
46894
4432
39935
20357
8818
416
39512
6227
21496
44370
47662
20036
6728
9506
47495
3880
18692
39609
37694
40127
1111
31817
44700
38942
33738
5704
19512
934
26466
18186
38961
39041
39318
49262
19991
41803
19001
20908
2811
23207
22532
7461
35555
46050
10320
22345
8741
25216
3265
23333
19942
28443
16425
46750
27166
5471
44779
29446
18587
45885
33318
39480
20108
5732
1129
49404
12217
4484
32285
28811
40612
44902
10753
24834
23529
42964
12766
14904
16085
4087
45509
46306
6344
3079
12012
34524
16113
14038
3606
33267
17877
11041
45652
9446
32977
43814
18725
2765
3501
1281
20872
31388
28277
9628
47945
31273
15638
1806
27473
1538
44716
9014
24449
34944
48318
39442
2133
38210
5572
5466
8922
3588
29474
40803
43707
40825
1683
4887
46718
8140
39643
33425
28786
48236
5834
36419
28779
41225
4195
38949
12222
34671
8853
5042
9931
8266
33867
43353
28405
21941
10666
31815
7952
17186
32385
48865
23096
20487
48387
5195
33082
8606
3689
3506
43224
11117
37747
41112
33806
24477
36749
25669
48210
24303
5266
35976
21304
31232
35216
18053
16640
37222
32019
7938
2851
6084
3749
10933
2703
40386
25163
49899
16956
49322
26981
23413
9026
21901
24028
36881
9461
14663
33610
26374
10817
28871
39364
31858
16630
27029
36008
49716
47538
47069
2935
1582
20790
28992
32092
9272
40573
6582
6818
6515
13932
35492
46116
26827
25892
48115
534
12426
49784
30326
31437
2171
6022
27063
16964
45581
18863
31829
47572
5528
49801
2597
38469
16818
29854
32705
4478
24440
20662
28190
26505
46701
15012
9135
19872
43578
32280
27144
19986
43283
15394
10995
42519
37757
22313
26337
48471
3304
11072
4298
26620
30020
45099
24006
45409
23706
12846
17165
19088
21247
49995
4857
17523
19257
40658
46381
6849
35666
47185
18899
6549
43116
17606
5144
33187
29746
9355
2026
14578
10902
9102
29007
14561
12923
36501
33518
47931
17868
42865
40526
5411
42301
30404
8957
9137
20728
32002
47089
44843
39222
7897
16578
47147
47102
20659
37706
42769
26857
22580
7583
5265
13560
10893
27252
29364
20703
9503
18772
36191
27360
18850
9785
14694
42233
43738
36442
7277
24332
41045
38104
8219
5440
24468
23886
46747
28895
46028
13617
32198
10656
42493
43247
34139
6906
48779
38113
37511
25831
25031
8282
37037
20312
22338
17319
49240
38958
26226
46945
26013
30927
31534
2267
2244
4812
47401
30470
17219
2908
21489
47142
5413
30289
7748
1042
13830
5698
33412
29536
35204
1967
40351
3384
19487
9832
20164
17101
11306
4855
17179
29039
21758
30522
47289
42933
26299
25373
13663
16916
18845
17468
6246
670
3257
43879
45014
47586
5596
14246
12216
11244
46141
8159
39226
41723
25882
34870
8811
12731
197
17973
38722
47857
13924
7641
23154
46165
6336
33182
14399
36304
34148
34601
25184
36369
22813
49677
48677
46566
9250
1260
1016
34849
24280
11575
14821
22156
18261
25507
29636
10671
39022
3707
33918
18946
16628
3380
32510
9840
46937
23751
40112
44719
47746
20155
45519
43106
24908
5895
12120
5133
27867
13879
26903
26229
17946
8616
11648
47649
47672
21936
45328
6077
37003
37021
19684
41501
15924
16854
49061
42333
17863
36856
32089
41948
13651
41173
41473
40407
38856
30940
22186
14075
14971
38268
30115
31378
36465
20960
35009
46431
23224
37243
10507
7143
37238
32205
43443
42818
43653
16764
15608
31424
27761
12642
15519
24049
6761
38833
21549
22473
4084
44307
9813
34643
7121
25620
1249
15485
21382
16559
27654
4978
16170
30328
20871
36783
6072
13115
8987
33032
47883
28576
29353
49360
15729
28514
27612
13108
24671
18448
13684
14468
43887
20878
12326
29327
44568
30265
19248
14345
4838
2613
17717
25996
4235
17080
14845
43426
7819
48141
16318
10487
42225
25451
10958
29561
28241
839
33363
14593
28183
42967
33268
700
1124
28148
3365
23492
19789
48546
42525
38863
45591
5476
19640
9173
42371
30284
44226
28973
2876
24338
1833
39737
8305
41810
13266
28527
47408
1837
48120
4737
27381
48302
34371
28074
9690
11741
28793
30562
35084
28773
27111
15503
16963
4477
31782
27237
37201
34317
1234
40703
38477
32279
31652
9634
47549
34314
41130
47890
31757
37669
9934
3132
20386
38978
21472
48624
19907
30630
7640
11479
15731
4439
28665
44102
3879
49827
22095
23945
15584
4785
49227
42072
21699
31870
8506
16402
12812
46540
36420
27206
30220
19059
41910
29794
3359
42406
9113
13927
26338
39397
34618
46819
22568
38933
49023
13451
46293
36233
12883
10551
38258
16259
14511
13002
35599
45851
5976
6129
6908
15406
19132
5295
44640
7467
39106
40401
18035
6932
37803
22466
24224
42195
41083
4033
4394
15560
45289
8510
6553
34655
26918
19225
28801
25446
48968
6890
12392
3510
18268
43363
9204
7095
14117
47850
31512
17227
43358
2262
7900
15784
49408
6049
36752
42192
26417
2987
21480
31177
41476
33530
16352
47917
22846
41361
5730
21605
16523
6183
11633
27806
11980
25105
5931
10566
34151
30585
36631
17814
49948
3000
25071
38663
32782
7016
840
46075
25272
39783
40707
8234
13844
49756
21113
38754
2537
36114
45814
19307
2351
46522
27785
17830
10800
5185
19295
32535
42290
28375
35794
2513
46328
9055
33686
20264
45805
3352
11401
45237
16059
12317
11909
8507
1167
24982
41191
44420
48783
1305
41391
14865
15648
10344
15412
24519
30042
32062
12959
21386
14062
13045
22079
32937
4450
28857
3479
38667
39562
11163
4251
40746
42352
69
27068
10737
31530
35293
25223
27119
49166
12878
5224
4623
28934
17039
8631
28203
43011
24594
21417
11608
43764
12134
3528
42167
532
1758
24151
3264
32600
21829
44915
10988
43980
32471
28900
48640
16520
17260
4885
20726
35625
8496
11065
37816
18103
24289
45196
17317
28757
23101
24872
17485
47492
151
1395
5420
9961
38707
358
3870
20051
13343
5152
11057
33638
40163
29249
45133
589
24777
5553
16731
33450
1763
33299
15068
31377
30682
10363
29118
25166
24043
12719
2077
33289
7554
14303
6150
28118
43362
5313
24582
22997
10937
32091
47253
32095
22940
39515
27343
4279
25856
20379
44216
29033
4945
5961
15726
15169
20597
28503
3577
15020
3496
8943
10903
11343
26223
23132
381
34044
39942
2994
1889
40246
37666
341
22180
49878
7066
9907
34821
27442
25806
47971
38139
30512
6282
3841
25309
13199
4914
26325
27933
44750
4160
22136
40481
10992
976
42055
35430
10141
1275
25042
15061
45718
10087
2942
4965
47020
47816
15357
17784
33779
33183
40179
22696
45655
23122
47687
4497
15809
36528
27787
15365
49964
47620
30457
34687
3763
4173
26570
8055
40205
15368
18563
30762
16938
8185
10965
7448
23678
49506
30568
48294
42113
47383
7687
29211
40839
32364
32974
23254
45837
5323
24904
30500
28029
30491
31314
27474
34297
34779
18393
43207
42791
49329
37633
12337
35274
22684
21305
26171
43668
13820
7368
20052
35406
28133
1506
40772
17949
4686
31170
32554
36657
27717
37864
36353
48449
35042
29869
22780
24295
19118
37157
22589
17222
30018
18338
12542
12852
22039
8855
41601
10072
5715
49230
41422
44591
45747
35467
28264
9065
19902
21203
29846
4214
7617
48889
28747
1339
208
34562
17755
67
33281
38544
47489
15281
5208
45431
30937
10650
19822
15121
16594
46213
7543
17574
7922
15373
28605
38820
25078
41750
45331
30190
25377
48116
47154
46562
42385
46668
12365
7189
37406
42487
19648
28431
8062
15639
14691
25909
43785
24327
38750
28319
13669
19979
9758
17771
14805
25075
48836
8873
45434
7806
31558
47032
10452
37418
49275
21096
29803
19526
2227
38201
20957
33113
9265
12822
47220
17667
7807
11613
25872
43862
24673
10733
27247
34936
25006
12234
22376
34232
42095
35887
35579
17693
7361
42168
49980
35986
30238
13507
28756
22739
1715
31936
9801
6464
16172
23461
45363
2889
45544
971
26575
27104
26588
11123
47598
42088
22666
10178
7939
23650
22527
44352
28651
35858
23617
48714
3127
40584
15302
29532
25747
26580
10558
33780
41393
460
45391
42380
49628
43490
27972
41497
24221
21066
5998
10974
48212
8702
26807
25516
19376
46163
9723
11599
32185
34154
7181
18950
41841
3675
41585
12370
29246
45924
39872
29313
45449
32484
34512
28467
13595
49533
11328
4178
44931
22925
16896
43484
16220
24105
42212
46473
36080
43275
35244
43984
40340
49895
41028
40336
22206
33371
22800
1001
27745
25350
1358
47626
43777
18504
21719
49924
32642
18606
13545
45624
31737
40305
49138
36947
14445
36557
23288
1061
34878
16088
4705
30884
9443
21346
20183
48
10655
11390
21626
49411
18425
47667
25279
9039
19172
30843
11877
8476
40136
27276
15720
16124
9662
34060
2352
6669
28448
22655
43462
49679
32407
49162
9774
33017
16240
42651
19791
41961
9755
2208
31998
22303
15378
32383
9457
42428
12531
23135
20633
48789
31691
47356
47964
39962
46535
13965
21815
4902
3904
45062
36265
24200
6342
29750
45159
41329
32839
15182
21318
17061
3407
12875
35340
14630
2160
21287
12237
35919
6439
29423
7206
47258
26095
8687
49024
39290
26346
14264
45792
3658
46897
34938
33105
14812
27814
42784
40751
5171
18361
13815
48124
44596
29155
20009
14220
38333
30101
35741
35262
1262
33768
13963
27759
33531
49285
46221
8961
38057
42833
16732
24424
36579
46269
30087
31115
7352
9473
23487
13416
7880
31859
34049
26094
18198
40802
37285
3224
11225
48337
4186
45223
30077
34444
6807
34582
26681
5414
35460
763
23430
12617
19870
31926
39853
27374
20883
23540
14620
34312
8655
49752
39159
38757
28262
21757
27968
9866
34522
7802
1834
39896
9304
14297
19303
49021
16459
29767
43786
49872
46134
539
47930
27558
44531
14982
41192
48917
7426
8809
46650
29644
5170
5691
42862
20485
47493
15535
48560
12103
16499
47814
31516
7347
18890
29572
41844
41364
47838
14574
2619
13661
41254
16619
1038
41805
38180
6386
31983
29466
36875
49782
49853
46780
33863
49291
29605
5566
32277
5047
11935
40928
23454
5277
48579
11883
14533
4839
4273
33675
3832
38662
11874
6836
44769
48353
19884
22277
22373
45396
1594
33816
33246
38598
30117
33323
34975
32116
42155
36577
7403
431
49808
3511
24650
47387
13956
49992
16039
43697
26539
36146
24196
47051
45622
7150
25148
34333
15369
24098
39461
39928
930
10865
28522
6645
25591
463
34004
35548
30980
7376
49171
4042
11737
49337
23098
24502
46628
39523
1446
6169
7416
3721
7795
26755
22521
22204
1589
38153
33200
7657
40253
33693
9537
46481
39136
9555
9970
28623
18272
33029
28441
8898
40343
15432
5531
45376
12733
29174
25956
38839
17919
3172
22805
8784
1285
6207
2962
16473
22363
45307
48509
23656
18767
32598
11612
41106
39065
17959
19899
36519
43708
21616
42577
23954
44180
21972
24197
17522
961
44200
35106
39599
15010
20493
31591
37354
26553
48708
17033
10641
8634
34639
13227
1156
9196
17818
12590
25780
19414
42832
10821
2080
37895
18908
33109
36693
47211
11522
42711
27989
27669
34446
21366
42575
30225
22948
1897
3144
43610
40745
5600
16693
44908
44602
15166
46696
41778
48062
11751
6771
19754
23940
13626
29992
44763
38541
27561
17071
1856
964
17739
1845
38085
15511
11513
23304
31223
39103
16323
47632
24646
42257
19263
48974
7898
2702
40059
25100
33648
34062
3344
25880
15042
1353
20503
21486
8072
3988
3119
8073
27434
6186
12778
29124
15226
47905
1639
558
30809
2823
28958
23470
27637
37740
2429
19747
274
34520
43608
26953
18183
40643
1995
13514
31975
45378
26242
43250
37290
19242
45038
19720
31431
30116
15043
7454
46633
29102
34494
17554
44801
6241
45689
46205
36744
7838
15146
17183
27488
34939
36641
31547
37300
49747
4596
39090
24728
15280
17743
43576
18124
25545
12118
28968
49363
19224
34422
36530
5467
8445
37832
43000
45317
18764
468
5469
37673
49111
26151
49669
32415
4515
11844
27015
16915
12357
17484
18366
47287
6032
44670
27987
18525
40377
5597
8533
47758
29525
19645
14800
47499
6886
20640
3214
29503
12805
38280
2984
22656
23900
49084
47301
2692
42007
40639
16357
15606
21798
29427
38827
29657
27551
7068
17702
26685
8301
45298
34508
42329
26647
40868
44684
9699
18699
23041
33803
10374
7754
40903
28139
27428
13363
9297
20457
40373
22964
45305
35119
19733
41955
35966
30256
40206
3567
40102
16310
15540
34583
44268
10629
19219
26828
13923
49511
36789
29023
3276
35574
42663
23206
30057
5772
48194
48589
21414
24227
433
45071
6266
14625
36813
25356
36105
34893
8641
24326
38357
9011
41186
30744
18626
25111
39743
24451
28762
34289
4864
29993
1077
18166
18680
45131
29504
23111
39357
34393
48037
8782
2211
349
14351
2417
21718
13576
1215
43830
36386
49738
24845
1571
22283
8566
16391
33982
47642
3594
35859
37029
26298
31536
16447
23190
27052
3681
25079
22084
38263
5647
46046
3894
33900
24293
37136
15117
9603
26105
33149
49971
41133
30218
23010
5975
47405
38474
1922
31881
22378
9867
39593
28236
45439
15538
18512
25441
41566
22310
26843
28312
23930
14373
20425
35359
38292
20233
5137
20044
44873
46501
40086
18359
33244
8248
21021
18273
38746
15693
1732
32043
24587
37691
30950
40065
10600
21490
6230
3339
5820
11249
14176
32355
30619
17629
37716
29753
24475
11721
32833
34163
20784
49587
9182
5078
40550
16663
27368
10700
28062
34098
29318
45986
29923
8265
38403
2635
18653
22785
46206
23518
35422
16373
40014
38192
21913
6657
29626
33745
43716
38179
13561
17140
21599
35225
39700
16634
14111
36779
39917
99
31972
26606
19944
38154
33695
9088
9377
44988
25973
7395
10535
30494
41829
7333
49419
18631
1828
46389
43956
14782
40647
2054
13239
43655
4886
18873
11952
35759
22147
21273
857
66
9274
24177
28304
18218
47225
30275
29037
48146
41462
44403
30223
39004
3914
1985
16089
23053
43772
3010
7037
15914
3328
38071
31816
45345
29641
49917
11665
37660
39904
32746
42461
38305
3255
18327
18940
22665
1439
5800
33303
3281
20993
15908
30985
34159
6502
9478
33559
26760
16813
31540
13981
27895
39571
19050
31128
9123
49640
11632
41813
10036
19452
5119
45279
38736
48725
610
18394
45819
6145
35751
30440
45845
48593
18457
44609
33623
3237
1524
14572
27187
49005
36
15151
32342
24376
7466
41389
31908
44396
25698
41321
3342
17570
21408
7670
3439
14702
2167
4311
4634
63
11994
41704
17417
40975
7843
14094
42368
27196
29855
10717
28583
28558
23827
15757
21178
22110
1381
23538
6869
42705
12564
1761
28707
29064
47171
45961
40726
22518
44872
19283
47678
19123
43950
19309
25271
10386
37264
3333
27177
19114
37541
38302
13693
38464
8344
36866
1523
2183
36388
32371
29643
12841
25737
16175
18711
45983
49251
31276
37267
40446
21165
30786
23265
31570
47820
17052
29882
48049
25781
39687
1197
16138
33448
38773
27799
701
39841
25687
32319
44685
7825
29522
7011
32960
36250
38686
30894
42253
20014
47210
16711
27838
42926
27720
41319
36616
15999
39931
29167
14525
353
49778
19507
49933
30848
11699
19821
26900
41485
23626
38100
38001
22634
19624
30310
4648
43725
27417
24406
18593
12561
26917
40681
28160
35924
6474
23586
45848
19797
47074
5258
6330
11485
29291
11762
33566
17110
24927
33338
38609
22905
37657
11414
33342
11708
22882
37056
4300
20302
22972
27065
19799
20251
22979
11051
42392
2105
10083
41203
8193
28483
19213
22143
44463
20048
30311
23579
28754
13001
24583
42341
3366
41141
36027
7542
49164
16749
27539
9522
45733
32969
19805
9608
11190
35844
2781
46817
36456
28855
15541
6216
41407
28788
18480
15912
25690
4537
15263
30986
32611
38910
17161
38410
24534
47542
34458
21365
17997
36046
25398
11278
12756
40421
10609
10294
33888
3760
45683
14545
2685
21937
28713
33016
8915
43787
34397
12035
22439
17028
41799
11022
43087
7849
9810
11498
6446
2574
16127
29285
11541
16832
19204
824
5005
32565
36315
35823
6293
19968
29282
39577
30415
12921
46072
49159
13555
12158
24751
22050
48957
41873
14631
15452
21922
39739
11004
6513
41956
27888
15112
13533
12056
38016
20828
16753
18919
41577
13293
16810
35012
16872
3345
14107
13076
5116
18381
34378
49900
49295
1201
45147
2287
13370
5630
854
39313
4752
34057
24396
17976
9811
11396
7094
15571
1163
36587
18071
33339
46953
18708
4823
14030
30498
17173
38728
5177
36527
30897
18848
926
39254
28767
28712
3623
15304
4392
16282
39712
29929
33366
28486
42066
29357
44821
27297
6636
45009
33140
33433
40519
17620
48950
15274
12320
40081
32270
3071
7628
22191
49505
39036
36366
29125
40945
43717
36051
28688
28846
12787
21823
9514
27305
8834
10568
23317
44934
40940
13085
44861
16998
25625
43795
9623
14757
24058
42960
42565
6140
48880
27480
1048
44322
33100
19828
9109
12849
31575
37969
10624
43350
547
12489
21252
44807
26066
6912
31120
22614
14775
48566
39207
37510
30031
27287
45659
24123
19280
46652
18516
47455
27920
48495
29069
38877
43186
2346
28476
47757
22519
40769
2278
44207
45543
48966
22082
21186
18787
18463
9872
41216
43987
17937
126
40886
5036
32456
8130
3455
4904
30294
45227
48205
4337
4800
11620
47218
45735
46108
29780
16147
25484
43122
42407
8555
15030
4709
23312
20084
35161
48248
25433
10049
48762
5225
10762
8447
505
11605
18511
26808
49462
27958
20748
5278
49445
22920
5971
15138
4029
37407
28359
20546
17744
41572
28021
45113
21849
574
39400
18091
48464
47608
39888
6964
23601
15969
22664
49560
38788
12594
3174
41974
11471
29619
33576
28839
43147
13624
25227
23503
2027
32079
20604
27083
29702
22161
29578
16150
42880
28669
26858
21631
32007
42657
3994
5957
884
40936
18870
10278
4750
40851
30752
10645
38753
46619
12790
15449
8966
18731
49972
1278
38349
2000
40759
45708
30094
42786
28145
19366
18406
14794
43399
40506
44385
21822
13296
46927
32921
23840
42773
37548
49975
25427
27027
17698
36821
48441
18972
38321
31544
31938
48988
18833
6577
43073
48628
48023
22307
39377
45163
43855
26406
5392
49714
23932
7092
23679
35880
16134
2357
30137
477
29646
25578
23159
39549
10155
21362
14144
3654
37020
27129
28394
48688
11784
11749
27420
35186
32282
24713
43269
35889
6270
49167
29727
4629
9209
7146
20282
12130
28267
24401
45260
36231
40771
18636
8444
20920
26877
41616
48252
9276
14251
419
3847
410
48532
2956
44009
37994
35219
25584
38838
11806
9581
44606
40962
47637
15823
16275
38756
12098
48322
28296
17735
19296
22663
38996
9861
21479
5510
227
39719
46174
22374
30514
9409
1470
12219
21195
34819
46637
31608
13469
33229
33225
4567
18197
30984
31452
34251
42490
19436
30573
16468
37766
22984
21906
28597
48657
17588
9319
21621
36800
39179
48346
20407
36580
7552
15827
44930
26774
40164
22423
17114
1229
32528
21039
26772
35013
16111
1479
29683
3647
41493
31268
20091
22660
19365
17998
14029
16970
7652
16306
22611
35802
14721
45951
44649
25652
35059
16882
37684
44772
44470
16643
10053
11097
15925
36150
18315
33197
20211
29615
26937
23980
10854
11178
425
407
25151
14951
5659
13575
48022
44106
43515
2428
5860
35386
34736
40399
34905
21017
34629
34217
29261
18228
19214
6299
8058
39551
36092
33340
44844
41517
29153
45491
5481
755
18998
26803
36712
24269
13518
33156
35040
9487
5206
9237
6558
5664
16522
14035
10018
46309
8352
42939
41604
41729
32458
28733
1374
19077
5503
36074
4225
13443
12739
45082
5757
24121
11222
20646
2882
42013
7899
36785
24983
22540
33217
17056
4784
48415
9944
22585
46198
47914
29390
13990
5439
7916
8209
18923
48802
11653
14170
36887
48498
49905
32516
1122
46416
23703
25339
15382
49120
40862
13774
24967
45785
41171
41648
7962
45329
10317
17731
25124
46546
26019
46051
45918
42462
21004
9600
13794
15653
43019
47907
34313
494
38548
14467
20180
19398
25509
14505
16090
11703
32376
13728
11587
3979
22024
25881
7406
44134
8302
17805
44264
28438
12723
46225
24945
47776
5662
45533
47463
12152
42596
12
6173
30384
42412
6708
33749
13236
46857
7544
7792
35459
44959
20522
41553
44331
39604
18108
19244
28532
16901
41411
3600
41362
2684
7251
8731
22808
44355
34605
22689
46386
36601
31058
48404
195
16821
12318
28010
44042
23158
23420
43709
41164
46224
39335
2974
10218
48076
25597
27130
11655
48573
8746
30721
47048
41021
3585
43505
25626
32567
34442
16639
6934
9336
7378
8871
35834
37443
6637
39379
16158
29978
29961
46610
11000
12807
49852
23444
26962
14779
46859
10097
39042
41678
34471
21787
27260
562
41977
30989
36208
38805
18170
49859
8756
23654
22658
13803
46555
24828
12140
9340
13149
2166
23336
41576
23220
45432
47804
7499
29945
14834
20440
44936
5406
28157
44982
5072
36506
46014
1041
43897
4555
121
31585
12506
10679
17432
22148
13377
23764
2228
29164
48300
4107
43234
25664
6683
41611
9007
28965
13969
29860
17527
21268
35648
3581
20290
23693
29014
27004
28543
4643
29169
21634
36033
26887
47123
41405
35531
19618
39256
47950
39607
8891
5174
12146
21775
36392
22196
3539
30029
22286
14676
19441
40285
36422
18477
21088
18201
35935
21385
25858
46390
29766
24564
49593
315
21224
8241
48284
26784
44368
32522
44475
2141
19327
43977
22258
21946
28176
31327
42505
2340
8388
15311
11037
42963
43554
35884
34170
25536
16427
25762
5584
49549
12886
45335
24362
23812
49047
6263
31604
39814
9728
17355
30965
39076
43928
40042
38149
11446
45835
2402
11725
2249
10744
27878
40349
35000
45660
14993
31242
23929
2017
25199
43088
39908
8692
6289
49701
31235
49065
31696
7592
12281
3740
23144
8471
17042
11096
16049
26799
2529
6295
10115
39733
34504
47224
12405
10837
32572
17600
31918
48301
15130
230
27665
42484
28472
19923
9437
47901
13395
42325
25554
26829
4766
15214
14492
49123
40568
41065
38711
39303
22164
33660
36164
19186
11892
33038
23174
27914
10574
11533
40722
42662
34924
44440
46585
17460
47376
10441
28119
26936
41858
496
11223
32353
6357
22737
39143
47528
28501
47956
11186
47239
29152
26271
24851
36093
39894
29193
42609
7138
12732
9460
2199
24048
4495
49954
30412
23859
47583
35596
39321
36148
20416
34739
49503
49753
23210
7689
39302
30714
29782
10830
32661
26266
28991
2205
25743
12706
11070
28425
49788
43705
14913
3821
39884
22090
13875
9013
23424
15742
44881
931
19385
28194
34051
2097
49317
8860
36658
37829
37712
8697
12231
14288
46398
18893
21673
11865
9385
33018
17849
21650
40948
7490
48602
22293
46340
24806
24743
16125
20706
24307
21403
22551
6060
37798
19576
23443
3789
42554
23976
19201
48221
35328
1607
42211
23256
40100
6348
19650
26941
48707
2608
42178
29049
30198
7511
27509
37016
49609
45022
39883
3143
32184
32203
44138
11323
34725
39557
7354
38883
36026
10383
15008
35725
24959
37683
48314
37509
939
11926
27698
17736
46487
4853
8658
26083
3134
2155
28528
21483
46732
10315
34828
16664
45730
32692
16761
25751
8964
37897
19367
2543
1581
588
37330
32084
11578
30681
28286
14128
18085
42847
5104
46435
41686
41550
1176
19260
30217
3383
7391
3196
26997
41025
15495
33165
35389
10291
25503
21347
4256
7976
37057
13447
33943
41667
2143
10060
11213
28830
15573
43704
25510
46988
42199
403
34105
2009
3609
15050
159
2499
21842
15261
49736
20257
26779
44038
27765
18295
44626
19810
4068
31475
42073
15410
25113
14377
3628
14135
20337
21804
38407
32724
14238
26473
45866
28577
24996
46823
46353
24604
45145
11796
48342
1974
35949
9743
49364
23133
11582
20129
44594
45466
22158
28310
15934
38370
43010
3857
32871
16781
15733
34901
11257
4389
27954
47339
34325
32881
49820
45310
26737
44664
31244
11676
28432
18571
11527
31601
49449
39811
12076
28386
40814
633
959
44189
4946
17513
43958
31814
9467
39906
27223
46065
32616
29030
26696
6391
5066
47403
16591
22429
7209
34023
20830
30001
18438
17679
15372
1394
20565
39520
14056
34816
34711
15336
18049
7413
10490
18296
18729
29266
37939
34529
30977
35932
11855
43468
30634
8051
33136
9779
12795
30687
39971
17696
28697
41940
27692
34417
44481
8751
1640
2431
48033
14197
1546
17724
27124
30995
21999
43229
20071
24100
43590
14119
8965
40415
30599
28331
33661
34765
8294
12535
33552
12011
21687
2480
20231
48425
1172
21217
6059
12254
14471
13147
11628
44775
6426
32802
49243
5681
21182
26452
9128
9524
5567
15093
13592
37479
36185
42452
38324
46145
2451
41415
39983
42523
20763
17121
2771
11871
5405
3712
39125
14778
28099
19063
15436
19943
39413
33542
40954
25617
31477
317
35031
22237
43912
47656
3920
9433
44813
45389
23212
41320
8962
14681
12686
35335
48335
38637
1543
28459
42600
49239
11624
40003
6462
16453
821
5541
42612
49800
8522
28377
39505
6271
22267
20324
35788
6238
16853
24719
4725
14823
36850
12986
47367
17170
15098
6993
22686
44376
13403
2078
34223
26182
43394
29263
20992
12634
43109
10572
30683
22894
38966
42999
23722
26437
3901
44075
45080
20098
17697
42305
21530
47
35399
24337
19553
4491
6123
33351
29171
35466
25577
7024
36019
9366
36310
7280
42397
2753
48289
28939
3533
3452
41305
21291
23374
18236
13183
5251
48507
13641
40017
973
9405
1978
44311
20613
28402
24358
22404
20519
45426
9327
44428
38055
7772
7195
2875
11864
26165
29209
49073
45436
16932
21893
39628
29966
11943
30545
16717
7863
1158
16674
35761
10337
38702
46631
7266
15305
47842
23112
42444
31165
38503
49482
17583
43160
49728
43287
1190
2163
15532
2628
9585
24073
8611
14791
27362
7779
17541
14493
4777
3724
20757
6420
42353
11625
17954
44117
22443
160
39880
4693
4040
30168
48701
38611
2555
42445
49936
9061
5083
27995
24730
42123
35212
38588
46773
12767
45702
658
30216
38276
42810
17135
3274
39150
39147
44221
33821
29642
6701
32248
30392
12131
47183
46899
14093
43324
6130
21965
5640
11310
7392
16724
35899
29595
33276
21786
25792
28115
33777
37050
20643
13811
33912
32077
33214
3881
39373
37053
32356
35137
21168
33837
26910
38519
27841
14499
13650
27366
37180
45333
29590
28589
47166
16117
5663
33894
6747
45425
45843
37192
41110
21744
198
44806
16346
17320
47745
41690
16291
22495
1244
24423
49040
47985
48806
21306
15170
29974
24894
34463
32612
36450
12553
47935
30510
9769
33989
1576
12342
23369
13562
31405
24827
19460
34215
25830
27503
3491
25581
1658
7740
19264
34055
45005
44725
40786
42266
48359
23848
30376
26410
11755
27934
48189
13773
25505
12298
18317
4767
30021
13390
35458
18844
49787
26731
47629
35110
28571
10761
10250
27476
47734
23067
6991
9371
41396
47494
24918
28953
25544
44163
38730
8574
27852
29958
483
19458
47904
32980
10272
9491
9891
18301
13401
35195
31407
19183
48106
34322
11859
7703
41174
2277
42949
43299
28095
26336
9893
33617
28143
30785
32088
12376
49
39998
31393
28552
45937
6280
24353
42108
29092
30183
27277
16316
26849
33406
23104
36666
46975
3816
11484
45857
29881
27976
41432
35487
37488
38074
14420
5706
22301
36788
45321
26456
36553
7629
39370
48407
7612
36178
18441
29944
38763
15825
1067
22657
18643
30393
39199
10787
46772
25662
1177
22490
20684
20476
41211
25599
33297
30304
45684
46178
6617
9418
414
22045
14569
33065
8709
40040
23349
8401
11841
31178
8386
16754
32190
36623
43217
13142
11271
39110
672
20
6988
23263
42507
8590
19965
17181
12354
18331
22169
43509
38616
41925
40586
23635
41734
34641
35864
20893
41481
49391
25739
32564
45255
29349
48674
41922
15140
666
20412
36280
21994
31238
38985
29058
37239
14294
17722
9043
6189
30025
22549
44152
18576
1598
34604
33653
41997
39234
2001
48159
25159
31398
36260
25947
31735
2491
34790
17885
49328
46029
45040
38004
45898
9482
8069
1256
12151
23251
18755
31375
34762
6965
43845
13718
16659
18614
33703
8317
27435
45992
33011
43678
20733
8767
13069
35746
11144
45669
48480
20442
3358
19200
23554
2102
2194
37886
2016
38429
15730
33492
11273
49353
5617
49264
32404
30868
26210
2433
27477
32990
2473
2554
20068
29218
685
38633
40329
5879
42863
1130
37079
10471
46405
12278
28654
28349
9220
25530
40091
45813
30586
5364
22531
18043
34539
11210
26373
37952
36923
48267
32216
38535
38744
14637
5939
6337
36820
25667
18355
19052
22305
8503
24510
17009
32451
39291
24740
10445
30609
11265
19081
13259
14981
39341
8536
49773
34806
29549
23129
41288
14546
31916
43811
33757
48711
28309
46640
34006
21595
49087
31639
47655
45954
11590
27345
3003
17362
44874
20649
392
31349
20951
17774
28134
4962
32911
15944
44156
20101
36262
34319
41544
12901
29252
35256
42793
32770
28418
33394
4290
48348
19836
16284
45343
16116
41650
22953
19075
22131
39829
10652
20271
32754
46189
21474
17229
24863
1393
18304
17369
45410
49515
24501
13128
38290
25179
15843
31094
17467
2192
18390
33765
25971
24323
35865
37115
39220
10125
7051
8397
49414
37059
28639
26680
5132
5022
32889
41040
41243
14731
44137
8233
9257
24399
40476
24857
30252
16464
1110
9027
7096
6260
42059
33117
9578
42747
47377
39724
20614
49247
47717
30353
12186
28156
42717
19653
17624
8752
7953
36727
23483
10592
45365
2661
482
36145
9814
40116
3626
3556
48816
13176
11750
5789
33292
22713
42910
26008
39581
46781
16935
40064
37019
26177
46684
6317
8312
4269
13966
31764
37497
37297
23914
23493
1316
6951
2263
37664
30231
38382
10757
49180
39356
37491
37976
484
7935
35107
27779
11930
9084
44021
14348
32399
38301
22864
30616
22482
28340
35610
3781
36425
9830
5363
33621
40479
33500
40556
10826
1438
488
45512
10252
35602
23575
28700
38401
12811
31641
39465
21751
18499
5807
23138
42285
47157
10778
29005
22937
39201
18089
21095
3771
2849
14656
31421
5442
21700
34186
3790
38084
48885
31997
12236
6758
942
14383
42322
29802
18041
18846
10543
30823
21675
22797
21892
6766
24986
36984
17180
44301
18349
22966
30370
9953
29555
40192
24462
46384
25330
38554
17152
33375
42713
48555
16491
42319
1852
20415
49013
6735
13838
42827
24756
35959
3558
5724
26411
18412
10447
5182
16364
1105
6234
29665
44460
30408
22995
32386
5672
48821
31992
9947
12155
16474
26040
4698
34348
16042
43461
5761
37345
7058
45715
2466
21192
23480
34986
34733
12300
22198
21438
6981
43905
22695
29505
48166
13660
43695
17499
20160
16331
45946
7864
36464
19571
41919
39837
29403
40738
40487
37539
34723
18898
35427
20193
40626
1115
31568
30789
37934
18871
49750
12453
26275
49170
7517
24563
42614
8829
10499
34895
24807
9248
13226
10653
49502
12572
35950
2098
23950
47326
2609
27333
48629
28198
31428
4803
47021
23155
38109
48029
14017
22208
10883
39385
46958
8331
703
38578
32049
18552
4010
44883
40093
9468
7423
37944
48596
43729
11406
38545
26643
45381
9145
34980
12759
927
6597
18943
48675
527
48333
45921
4588
15697
12988
25252
20495
12406
42332
38559
36095
39276
36287
2363
7154
37245
15655
35831
48223
21464
42160
24301
16897
495
4102
25703
2744
3312
461
46919
816
46415
690
36405
31721
21677
47924
36584
18608
29187
20797
49902
31233
43172
31255
49629
22782
24261
15899
34808
10675
49854
36039
22418
29456
7724
34306
28886
15346
35354
13136
18903
863
32294
8568
18955
13982
23911
45949
28173
32548
49839
43774
12599
41156
1237
10768
48164
33781
47719
25468
39858
15829
35022
45916
25481
10289
48653
39661
20630
22471
12824
5986
29875
27963
45917
42619
31999
24148
17275
6053
179
27452
46323
31660
12372
27780
36632
24980
46779
48264
37283
13768
28658
33526
19402
17112
12052
34074
38404
1062
37576
43944
24636
37010
27655
37755
41770
37589
34454
39169
39981
43127
47571
49573
38954
37714
22874
6356
7496
32143
40844
29079
2255
10106
10094
5512
12726
45546
21107
20624
17259
7339
27690
27786
31360
7854
47368
40278
43086
22507
41292
5374
20330
19229
21085
5076
18059
21609
38446
5493
4776
49829
19647
1892
41086
37110
37342
2414
7881
5409
13221
24931
44000
23346
49998
20360
43318
17278
37410
11547
23542
40574
46400
35909
4090
640
47848
23431
47139
13232
32577
28350
36776
29604
30781
42386
22721
4890
13737
43706
16418
27661
33084
28652
49144
31611
32395
39490
27938
26157
47923
3725
35943
14925
33213
21253
28064
7208
7147
36725
13413
40000
11293
18156
9406
24720
5633
19707
11972
17248
43154
18647
20223
47118
20968
13131
32631
42264
9666
15359
49542
6117
6668
8580
48502
49974
26074
36841
34228
38197
36347
24101
46863
35509
42877
18334
18859
17209
30329
18615
38126
37489
34109
36028
41322
1248
30152
28008
27884
45838
37580
10815
17825
22552
31875
13423
1900
11706
16543
44235
4516
42748
4305
35220
41869
4005
7336
42152
41819
26319
3348
6040
11019
44797
27872
7398
45680
18495
1827
1178
39680
26170
24265
19097
43323
8720
15894
13347
25612
28971
5337
30878
21894
41276
45319
7638
6046
911
19353
15794
13946
35131
28252
12014
3448
4541
40378
12302
7315
17748
40236
22214
1477
36061
5853
25694
17221
15741
5994
5032
28079
15473
31665
45101
22012
4306
9082
8278
35930
17057
10373
46820
27762
18188
11615
21452
34829
25649
22246
3486
48888
36204
4951
39372
34255
27377
48975
42242
21471
8338
7798
10295
24846
37880
35480
3355
25101
43776
25480
42542
49638
45759
34782
16508
19391
14540
35817
44308
34682
28035
33963
476
40967
12301
31202
31127
27437
37153
20419
3989
35416
41626
25294
41747
23365
18063
28982
30343
30104
8470
10096
22477
18539
43530
18161
12902
48306
6905
15594
20520
36190
1430
17476
47044
26645
5854
46305
33226
26966
46551
6791
33483
17550
12552
6581
46126
14396
36591
3210
30700
16646
26658
37563
48831
20599
28926
15822
13123
33945
30928
21473
7049
30124
31415
14374
8263
31622
37134
24044
35190
27304
34654
17966
13784
15558
2072
13782
43439
22099
26494
6255
28265
33080
36733
12195
24965
33953
22827
27372
37279
41342
24516
32223
41019
44337
4228
14579
972
14532
28716
24668
9798
14249
43836
46571
17473
7877
29185
46994
46580
15216
35641
36979
46498
35936
18302
34264
31787
1043
30004
29371
22199
29651
48180
30706
13749
38592
44948
47028
27235
38427
26758
8370
45121
5638
29790
6429
17737
1029
15982
32332
19328
36665
6210
12068
36169
26947
16723
11139
33932
33972
26247
3752
10085
34220
46941
46137
44434
17130
25103
17404
41475
13709
38521
48972
22986
40809
44900
10351
9475
27556
45450
29941
16502
9435
39542
45724
38226
39193
4402
49619
16900
40418
11825
43894
32172
6057
32227
32382
10595
7909
4731
47330
48839
26513
5525
39760
9389
9797
11152
49804
33706
6034
40170
35232
41346
41505
32841
45149
19503
48875
16263
40317
32469
36277
47466
22692
45712
27891
32080
45256
16994
42607
47612
34887
36684
16206
37974
33139
43165
2487
18776
18146
20336
8866
30698
11856
48693
23331
26786
45341
39209
2307
24946
44336
5920
25912
11832
12419
35290
40897
46844
19254
5942
28737
20467
45648
23762
14975
26272
49297
24579
34777
31432
43793
38582
36286
21367
33403
3228
6076
32340
13925
40457
10622
3405
38831
6918
24824
25761
4366
42384
31087
36103
16276
34743
16064
20087
239
28341
21010
7153
7994
43105
6252
29472
12021
16482
36615
12536
28184
29826
6691
19222
35432
23775
8243
41442
14605
5118
17928
23512
26629
49705
8328
37594
12051
29759
39228
9500
10023
19786
43379
18079
36699
9930
3198
21282
47440
46909
40362
36334
44296
36653
6229
46291
44124
5851
15578
13461
18129
49007
23781
12903
22444
26100
17929
44030
19350
8242
3794
43929
45671
3905
28600
46019
16567
35404
17078
34634
2918
5189
42436
20169
19412
12802
1726
14647
29172
4336
39711
4836
17749
14991
42047
6848
2379
6837
34812
29620
36085
35098
28615
43927
15225
8198
27936
5849
679
41833
7776
41695
14006
14291
8009
10822
34972
1895
39292
38088
15437
10739
36523
26426
16270
49696
26614
18203
15663
24565
9193
27598
12225
45726
11091
35488
11335
22667
12799
33734
11314
42142
1562
32713
31964
24156
2296
42359
168
36354
34716
21193
20384
26382
23062
7721
10243
44622
36135
6937
30085
30052
6240
9022
42182
44515
6682
25807
45685
23590
42288
30771
1548
6388
4832
18139
25946
31661
29640
39598
15671
30293
48207
26665
19121
25288
16539
13394
29972
42770
29009
9231
22464
37032
46414
655
21617
47518
3695
43001
41744
32298
5670
8289
29377
17084
10881
10233
48167
636
678
46809
8255
25964
23127
38526
37028
47313
22499
49919
10220
26087
32813
3869
40792
39476
35754
35484
42515
29113
23550
28674
40625
3685
30628
30390
7064
42398
46533
21336
39115
45058
7875
17240
34530
37603
44557
47341
23429
48510
43465
42404
3262
23796
24665
3878
22954
13893
23363
45276
4407
28580
2988
43453
40819
22294
44162
29317
15800
28585
48042
41427
25628
21841
32521
9318
6460
8808
19723
19646
17099
25215
48866
28974
27701
8285
42644
36075
32058
5433
39500
10637
48332
44666
16633
25913
26698
11197
6065
20454
254
13200
15301
35077
26942
47718
11315
16413
30793
14185
40765
15807
2377
18806
28520
37791
34380
19558
28911
35577
24463
16989
1573
8049
12997
6376
32072
42549
49278
40764
19428
44577
44127
6962
38916
5210
44648
654
36018
11643
1160
11169
46830
4313
46923
6432
24087
6822
3792
23382
14475
43479
22918
31941
14577
36312
46810
6534
10081
24194
29565
40763
2371
37782
49395
44534
15045
16252
1996
25595
30829
17867
31331
44219
35940
43149
23356
34212
13336
12906
35217
10904
39504
8970
34617
48582
21505
34642
28149
30102
39309
4552
23810
27392
3272
30993
4267
41134
22227
44358
20895
3718
26955
16243
8652
24233
5781
47705
3283
44627
2338
29191
3157
11183
23720
40480
49143
24553
22898
3616
12447
2333
17934
27189
2639
8041
7528
14063
33739
42620
9644
40328
45181
7970
31663
3770
11744
13917
38394
4418
31971
8703
2848
27941
36423
23956
46364
1335
6182
48424
48524
31283
9077
510
13295
23876
9234
23603
8561
35989
30983
30125
34406
44017
34211
15687
24130
21503
49031
13894
9794
12509
8838
41716
1369
8675
31624
49661
11212
12809
46824
32818
10894
44686
31825
18418
717
24776
15947
20969
11196
2413
24192
19674
30211
24378
19900
6901
25559
45612
46957
32078
37324
49751
43996
39173
20418
28182
31740
3249
13916
21873
40874
30720
17174
3853
44039
21460
30078
47849
9952
16719
1835
6742
44362
41479
33208
36513
7271
16480
4031
43847
45864
16051
34478
47805
6608
7004
38870
18399
25607
12961
39301
25696
26594
21859
32228
32443
10078
35304
40194
310
13355
30092
21024
22215
10139
40456
4580
637
42476
22056
46505
36045
4465
17573
19379
35985
93
30659
36790
10366
47994
45400
7188
27739
14542
15023
45663
34003
32192
43750
21233
32825
49884
6082
22839
33352
35111
27460
17443
24844
14034
32832
39055
19604
29509
41818
6779
26252
46016
26670
27935
1635
3543
15221
29
37034
19370
26596
42531
4183
24659
26054
9352
8493
22524
26982
5268
9597
47986
8826
39015
34670
18404
22406
2206
26462
45520
5281
16208
10494
40869
5872
14036
24722
8441
9484
13029
18851
26046
46999
22469
36165
2489
24162
4601
27391
12586
26960
26885
19598
46806
24164
12801
15976
45582
45472
8882
14311
40501
601
44653
10750
15181
9017
47995
43467
18592
23924
2931
44539
11845
710
16052
34171
41699
39053
31744
44298
11808
41943
41670
49071
15988
8505
35366
11807
44371
22395
30410
21667
22669
44952
30694
25147
20086
26945
38141
9783
48228
46756
11351
23986
35320
361
33106
33025
4037
37454
24968
11698
38627
32602
9225
885
17210
12639
28465
26076
20429
5863
27190
46679
14813
12611
11778
18042
48849
38935
46333
38806
49212
23002
44411
10929
48858
2787
37977
18435
11398
22159
1344
214
849
34795
48650
42518
5335
13391
30503
32742
8839
17394
20747
12993
30236
9892
2887
19245
47553
49837
29408
2722
5990
8529
48446
14339
47228
47664
33577
28154
25051
21504
30072
4455
34037
43065
2869
12658
29714
45380
27170
7979
21881
40544
48733
874
47911
32872
17797
39944
8978
15791
6810
19106
4860
23837
5819
31712
24053
43822
49575
38556
14101
35749
24538
33436
9287
18387
42427
11693
46972
4621
17212
13738
39371
44203
26421
46098
3211
15460
34487
27755
8786
21220
32667
42054
31152
10154
37801
34547
25820
28633
29963
38048
41177
27229
15453
87
9526
24838
24905
18226
21237
42276
12414
42716
48559
36741
12019
40972
31485
47316
45098
35438
36469
44895
34708
38476
39198
30579
25680
44802
35444
10123
15308
8134
16563
15877
2173
25280
7020
8375
34794
7560
31348
1653
16077
15326
24369
122
23425
9359
21172
19166
15556
46955
18979
21405
6660
30799
21900
49534
19375
1535
10312
39594
9697
16472
24453
4415
12027
471
49771
14770
47106
32067
35664
34408
32962
985
48860
5898
24349
27165
19451
48949
43734
39135
36217
48444
3801
8383
37155
20443
21536
38776
36898
32695
22838
14529
25055
1812
18864
17716
16015
9139
8244
20566
15004
13949
43421
3033
32138
35507
27447
7663
18104
46767
33650
37121
5805
45194
42544
46068
11316
266
13067
44585
20170
46666
38909
10134
36946
36716
31542
7820
27955
43212
11238
3517
42776
14615
16529
47363
23014
27566
7591
35607
41285
26225
26062
49834
33656
27036
45626
36924
26741
5527
49602
39706
16386
38606
46212
25968
49410
16599
40914
28789
6533
40946
8340
41280
46266
23258
38969
29476
15911
19218
5237
28032
12960
34910
35456
2492
21051
18362
47082
25895
9535
24790
3798
13035
40966
1680
16257
37901
43090
29447
19599
40986
25627
38603
3052
19522
43202
39485
9432
20077
43278
20189
23899
26148
37874
11722
46241
8372
38331
16909
15175
19844
16838
9056
5554
36538
5661
16830
28130
46440
33455
46813
44527
49244
31517
48171
2713
31984
32665
6091
48862
2260
34067
2528
3526
16189
15525
48200
17204
12094
40857
18116
37049
4331
18909
17908
14425
42825
22080
5242
5974
31537
30406
34623
45433
20755
22152
37197
39568
41126
41289
49318
37947
35402
26458
30341
34230
18929
23695
13187
13144
165
45304
40669
8217
23583
17455
25803
12972
48921
26270
35434
13387
4514
47541
19422
27688
39714
11148
28826
33430
18945
33678
38438
7030
35435
20641
37200
43284
39772
7769
25219
28933
29106
11510
14337
11424
39130
5347
29927
2165
6425
21910
45478
23273
5915
13302
20013
4496
14163
23749
39358
22167
42980
21653
15266
19516
9277
32636
22127
26011
6592
46515
42881
35489
48940
17448
8424
38137
7332
6616
25139
22646
39834
49257
16514
31647
688
46660
19321
25109
29603
7828
26716
27275
26559
16631
25382
47402
28094
23699
13550
15435
37532
45686
7993
9513
49218
28002
34434
18462
1142
25952
21086
40287
22252
14878
4396
14602
10810
19016
10626
9821
49662
32834
6948
44552
22442
36142
29537
26922
24250
12359
4257
12606
34766
31154
14598
40566
27650
6773
32691
5737
25859
34160
2003
29857
46038
13024
35117
25407
40008
47997
21895
21330
28578
6909
8508
46004
45745
43113
48592
1139
35475
45999
28406
1901
28595
2544
21444
46768
21939
2959
32753
45284
22440
15971
21720
7995
3865
37682
33050
14209
37915
16812
39776
19184
29027
11014
38028
913
20578
17386
13118
293
17191
5271
7753
11205
31615
44842
13957
12436
32001
24677
30754
42280
20111
29289
45109
13094
10908
48937
37025
44479
725
33221
9975
35616
5121
37461
24203
14433
31505
16366
7379
4332
30253
35842
30035
13824
15241
17046
45836
12456
42302
25177
44717
14077
2438
37889
7307
18690
26132
16969
1280
25085
20332
21241
16924
19256
20989
20587
35351
17584
43454
17881
17542
48246
45214
30070
17980
11299
1686
46191
43343
47205
33119
48645
36472
24333
2182
9376
26414
24619
14716
35342
23903
19903
27624
23735
17887
39503
3129
28861
36313
20882
11191
30014
49785
43876
41787
6566
30487
34914
25363
31885
36638
578
7462
7325
30577
42023
21293
2670
34999
20458
13796
42897
17115
48567
33485
26220
19181
9326
30743
24019
17081
40657
10172
10754
18989
45211
6407
44973
6938
41671
31469
1375
47430
39243
10031
25388
19228
49635
47176
40729
37258
9822
16013
12950
48684
18252
28374
28931
44921
6011
33372
17529
35663
3377
33794
38335
13373
20654
2948
1846
26654
16286
39296
43270
36172
48137
4884
49842
3187
32507
15909
19922
10110
7445
24793
26345
21084
38739
8699
49689
359
644
43954
30567
26802
34991
16930
44387
31508
16726
47742
34923
17230
12800
37114
20007
32288
39166
20772
36412
22420
14826
26954
2369
31381
40459
20803
19408
40047
44537
36463
37111
9305
26215
27444
23738
45651
16031
819
31045
43135
29052
15872
22775
17
13008
49446
39079
23608
35411
31948
32186
40439
12408
21428
9646
48230
13275
42511
590
12860
18237
31206
5622
31625
13938
1492
30290
21573
29177
47723
6063
13766
30342
38573
7826
40262
25665
49471
16941
12529
13509
25948
13675
24408
28768
2469
35250
74
16521
26506
30194
29679
26649
36477
9479
25571
15715
395
37667
10686
11345
39457
32466
24614
27563
5565
10020
261
33882
45962
28007
43952
46354
12869
2343
36912
29681
20473
32065
553
24075
4768
11869
767
12916
31002
347
24443
34677
34521
20175
20639
44694
10423
43239
47178
18293
228
4765
44404
7304
14753
16301
47963
5639
31844
27001
28446
21791
2871
17819
34187
10963
28568
11842
18621
8967
22221
48298
34940
5658
15458
26482
49743
12116
49527
37144
41257
40887
34563
372
27113
25732
31221
33300
448
45248
8083
34675
12819
32585
18373
8719
32894
39161
31567
45529
37214
20829
30499
16128
40804
9880
41702
49282
12497
25470
12672
29231
19151
21598
34718
37929
19427
23466
6185
21106
48235
2112
3680
3413
15325
40607
15110
44165
44555
30803
25426
25865
14729
9688
25289
47724
6099
47871
47342
44976
36534
45510
33077
17214
20536
19905
37092
32823
4770
42972
8639
21344
4320
29878
9037
22068
40971
29871
24515
29393
16157
40650
12284
6675
33174
44004
6176
48379
10684
18566
1532
46268
33747
25081
40980
8427
46682
24652
32478
42530
40477
23646
3800
46363
26608
23675
35668
12460
23107
17785
43159
18213
13852
29363
27176
4198
36090
28101
49519
45141
40761
21696
45458
48814
15288
32017
49149
4474
26590
46708
36475
49263
20008
49091
11662
7622
2676
822
33470
9068
14358
19936
44729
7481
8339
5453
243
25978
22015
15417
42181
14972
6383
5054
3836
34340
48909
43808
29928
38003
7650
14742
46579
36799
38963
29051
21925
11981
37485
36824
42604
11128
35441
41093
22481
3030
27943
29491
31896
6051
49686
5719
30135
21126
27707
32121
32538
41882
39725
21610
31420
47502
42415
37022
16020
34427
43062
11286
24818
49002
8956
36492
41293
4894
42473
16823
7321
21334
9394
18164
37752
42682
35516
13944
2761
23868
16982
19198
29333
34597
36870
39992
1046
268
35593
41468
37674
17108
30136
28017
14567
2551
34883
14739
21120
23784
44744
5062
1813
7216
24893
11949
1213
39948
31791
49077
45498
35261
41208
47966
22880
49610
5499
47434
9937
48867
7303
46304
47002
43068
15257
8308
24240
5472
3056
19634
17410
19136
23469
20996
10804
48692
20163
39710
7205
28090
5682
38825
33804
11922
44978
22151
15630
37071
11828
38892
21402
6968
21733
28105
2329
6591
26742
37325
16398
27519
30905
42971
36368
46179
44738
34817
36291
39946
41556
31096
20350
46360
2507
42699
22092
44360
9926
10672
35547
16542
19193
19421
21872
36077
2114
312
36099
8279
42925
21824
40224
25929
36692
33645
12708
17296
16297
7071
35092
8518
32913
2010
33079
11011
42553
35926
47524
33812
18159
39059
39606
9986
4583
24191
41230
13458
26300
12741
29050
43248
8170
33456
7675
32757
34838
41227
13369
43674
7184
6497
27848
345
33328
33827
45731
8650
47551
13605
19020
11354
43418
46681
45856
459
11776
46434
19808
46839
7514
43742
8661
12296
20338
16860
1577
13722
35557
2265
19587
42294
40557
8474
16871
21355
13892
49241
40791
21248
44625
36052
19455
29894
48569
35318
1616
1666
38908
14444
21342
45966
4381
8061
8633
44519
12261
25683
14672
24035
32806
28066
11745
9308
30536
7240
21469
4661
42859
18234
45280
26648
40653
10057
28122
24674
45998
16155
41242
2710
33324
1940
23804
8951
7891
32526
26515
25990
41533
41331
32322
48396
39911
34889
39307
19806
12675
49603
14131
49232
34585
15521
30729
29186
7902
11858
22446
15636
1955
47958
14372
27589
37096
43832
31228
18009
37928
37570
10799
44361
49911
20945
43409
12838
5827
47347
19048
35193
21524
17563
40034
33444
3054
20938
49695
35967
26323
45383
23803
19928
6047
12934
16668
13021
46485
11528
47943
6555
32604
12494
25110
37076
47889
28080
15602
24150
34437
20146
38039
9839
40132
41608
11903
20017
32113
15567
28888
41435
17055
36083
28542
12957
48695
39939
35987
24884
10010
920
11062
5309
12002
8494
38536
13350
17026
17073
13349
17803
20165
42236
19937
41465
3787
27904
10940
11049
8367
22203
28322
11761
22209
29104
17013
6649
48612
46339
23869
48649
14713
5302
44005
32085
37347
26315
46879
37193
36688
1297
25744
44482
19830
40947
15317
38911
576
43778
26052
20965
962
30670
2011
49521
43069
5780
5202
40473
49078
45969
43782
24235
11007
34904
9390
10396
32983
30496
3965
4006
8357
43115
46703
22774
7990
17356
32804
45104
7031
28364
5387
2285
23448
48054
28741
1214
16951
36954
9548
42772
33474
2893
22317
11870
9034
21512
43199
6023
17277
24316
28566
20687
17671
5973
21057
31798
48079
47646
9096
35567
30854
19904
23676
42438
23229
46822
18721
32194
33043
789
23167
14044
16477
27344
13468
9707
11246
10370
28945
45727
45271
14171
15055
16789
10112
1659
20928
21586
23017
27750
24958
17968
44452
13593
11085
1566
21847
26267
9370
35513
17726
9871
6813
40520
49098
32706
7451
41003
38306
20838
9286
5521
17409
23156
27403
13289
10305
21711
38062
30788
47411
4772
37493
20498
30257
28371
14309
12108
43492
28738
15879
39788
23147
22869
34558
8208
35258
33343
38054
1328
4734
42824
35634
27528
27149
37072
29749
17870
45859
42556
13870
17793
25238
25868
28807
44752
19322
35054
38620
41259
47013
18510
39708
44002
23610
40111
1963
2207
9652
11469
1337
38551
5967
16171
11545
23614
30624
13220
4639
45398
19380
3735
7424
41490
32640
37527
39245
473
1376
27327
36108
16105
26999
28875
14210
43698
34500
28205
28784
1121
24033
43290
9958
3349
15855
43643
10809
14320
11686
19695
30414
44125
13945
22311
31425
27205
46156
35301
42875
1741
39620
29034
1064
36247
19617
27851
24363
674
5399
18391
42920
12618
44209
25041
22672
24375
16784
17873
32697
14632
18832
48983
42979
2963
24153
35184
28299
43263
26866
3576
33567
12294
36970
12749
16432
10449
35646
45496
48598
26218
23596
2274
8726
38418
46279
28147
43355
16625
32794
20864
3301
15818
3015
29692
43746
20056
35806
41635
40776
18816
43003
16462
29015
20430
43081
22576
16216
42899
38676
18526
31390
40783
9579
3207
34019
21957
3201
33609
36121
4176
17518
8260
780
8349
21146
41316
41629
44160
25845
2721
46971
27225
45705
41330
12283
34180
3421
15759
1488
18468
43547
38841
5717
5769
132
10168
23497
15256
23058
40326
22479
49744
45766
24069
19761
13163
9303
47939
7524
15977
26687
18930
30188
7452
14860
23653
39696
29380
42071
2878
2770
16746
48754
27811
13299
14146
26489
27599
29437
38948
35682
24821
42774
28802
32246
22899
42044
1362
28587
45934
9795
10391
39239
21944
42732
29622
6078
13166
11929
27683
34119
2532
41263
22344
27198
42131
39094
6220
4953
38857
49165
7132
17459
2359
3192
37444
20595
23186
20765
22230
21884
37552
38645
41117
40619
37040
42008
19688
4079
7262
229
23391
47932
24331
47407
20445
44081
34537
2147
31840
25453
30547
41480
12712
26574
25017
43071
39133
1700
12820
4335
23944
35495
11551
43680
44494
4539
38684
29320
43370
18330
28247
8125
30196
48435
8889
3624
21575
9207
10691
26893
3946
38269
35023
8182
2596
44501
42306
49136
36639
36301
14803
18799
27185
20982
4563
12323
36532
24902
41087
40464
47851
21384
35871
34565
22078
10038
17253
23495
26868
4363
27965
23527
31747
5019
32354
14055
11815
3819
45144
33891
44092
43616
32157
4786
49020
20137
30992
26859
43124
10000
28742
17779
24275
21542
16205
34218
42799
24880
23405
45956
43623
8789
35374
5826
2924
7985
6633
49622
16802
8801
46447
32630
20010
12334
5900
49595
25787
2912
32307
38752
23432
28126
35771
4997
27291
26876
49415
45076
3938
37646
48703
14211
13978
44892
34261
21736
40499
31422
1482
30210
40977
33096
21492
20547
13554
47548
14893
47906
38067
35289
31993
44339
43514
46799
43906
30969
49305
43669
38412
19694
35074
30606
6644
48392
23398
39141
13648
7249
33538
35777
40641
27606
28740
6915
32968
15223
12523
37893
37647
42953
46081
21771
24688
12772
28327
47716
12816
7590
35170
49279
9353
9897
48591
48466
17894
7809
23264
22944
40781
25957
1314
1788
24782
21276
36830
34296
29436
2517
150
40964
46367
1204
26447
28513
22745
36846
8737
11765
860
28311
15137
36560
19074
22058
27336
1472
26196
9771
27570
1977
31005
44283
46284
45526
7070
41120
14262
17238
37584
43503
31259
46095
9836
19308
44099
2925
32743
44458
9698
21103
22018
43016
45023
14356
49673
16662
45556
26820
35818
26035
32167
7008
35462
2758
41739
5754
21110
10170
42348
41721
14011
39200
16917
6064
41520
38325
40202
8127
4229
49017
12023
850
40203
14594
16383
40934
9727
27316
20792
19547
29435
16319
40688
22102
20970
3887
9048
48993
44794
41466
10581
32099
22296
16086
3089
47603
43184
17727
2792
40347
22320
40847
31141
13230
47937
21930
31895
14139
42831
35349
14944
2567
33277
22000
36022
1587
7858
6777
26368
13827
14084
24259
33083
48393
8418
30140
31459
48093
33353
34497
19104
39914
8859
41039
46186
33802
40107
28395
31594
11172
32147
1141
16494
27329
2308
11166
48458
39352
35160
14520
22870
48500
48902
22460
8411
40627
35619
36153
16878
37357
15189
26278
28391
4098
15404
15000
29132
47722
45789
17833
49941
15812
32795
30952
2916
8048
30154
3159
17479
31956
9653
26453
38612
22456
25144
10870
11956
24669
31182
42249
4063
38373
41622
5591
39891
38967
49094
34669
18701
13721
45348
32452
20153
48890
26044
43059
45674
22881
24281
1086
27992
34674
11408
10584
18545
11
41341
22448
25705
33521
37574
26638
29428
37113
37602
9271
29330
4674
898
7588
9911
40919
42219
57
20032
40767
46443
28504
9678
9670
27317
19874
7289
17188
34857
5027
120
26099
31098
30957
32034
38531
9631
3932
8927
39109
41638
29814
24461
29765
10493
43315
22837
47195
15398
36311
45066
40155
20887
20195
41506
21029
23071
11285
37502
10183
42766
6224
2079
23498
18679
42410
44559
14083
2253
22185
33581
6650
15332
44995
31004
14940
26577
31576
23517
47360
31950
4689
2806
37151
37470
7872
9121
42599
33791
28250
30590
43577
6916
29915
21048
43574
46215
8035
46952
5261
18192
38596
20526
4092
706
48184
8102
12105
30970
23395
18171
45259
44528
38267
40753
15158
42822
13588
32379
39870
49027
2681
37400
23348
46959
12895
38241
22618
4878
43216
44954
29618
34560
31778
6409
38914
3005
16593
7140
3104
731
15237
47355
21924
48948
15411
1572
26156
8783
16685
47835
4480
42367
31240
48058
6351
30645
21188
21978
27199
1133
16620
3188
10707
35500
26476
3390
41298
35428
48220
34008
23163
5291
26600
35168
24973
11068
24252
6958
20479
23801
29119
47886
41849
11834
43626
38
23715
4431
1052
45006
28670
42885
38093
20438
6788
46280
16762
8252
25296
19235
2132
40217
38163
24882
3177
29203
14687
7002
33654
48506
30532
9696
15864
45096
17955
21404
5514
47611
22433
8160
35080
6424
17271
7927
1793
8602
27028
21555
48651
29271
24016
19505
46002
20671
8676
20881
49932
34115
9903
33121
24940
26894
10973
33498
36317
10338
16029
7495
27075
8916
3902
14466
3653
11231
9923
40235
36328
15972
14719
32707
3332
35004
10379
3505
3466
35109
4783
14997
23460
1047
30542
49524
25489
24630
4215
39633
38727
44522
21009
39324
28352
32160
44538
34989
6237
17534
39748
12463
3519
15077
12782
39804
36248
21514
14539
443
41115
27518
48437
21657
29369
22188
23208
4861
49357
45216
37556
31298
28116
9999
12571
43665
28491
16406
11689
29515
32052
42792
11280
6880
8668
37565
40870
25094
17195
26297
27499
4122
15509
35483
33613
28719
13568
39859
12981
3020
31520
21391
9496
36938
6339
21132
21229
29786
23332
43924
8730
46985
32922
37307
18034
19835
20441
109
14589
26563
1325
21163
29275
23090
16266
13632
8980
20527
5049
2880
20366
43691
19994
43726
29816
44190
29710
39989
4703
36732
28169
18119
43478
40852
30776
32637
20941
23223
34433
35709
2971
31414
7382
45895
28370
5018
31288
34157
39097
46556
31845
12473
30892
845
24483
43192
36137
23505
35426
29176
38504
33789
8526
23591
2271
23049
45085
38364
30605
26888
18502
23287
47954
37759
10835
19910
18529
30656
7414
38988
20867
35058
43132
6713
13926
49378
44448
47777
14959
5856
9572
31079
43564
26393
2225
45169
42640
10330
35795
13569
47852
13013
5917
11906
39673
31104
47660
17474
1414
47562
42608
39915
43683
1442
43544
17125
27778
48804
24573
30369
22571
1300
16555
27971
3258
45139
23088
21654
42163
17032
38494
13763
9401
17812
12738
1008
4125
47568
36214
35514
42408
30673
45444
13859
38607
27982
25993
42282
4409
27959
42262
46678
43575
3242
8862
41853
19865
36356
42455
27376
12085
16224
9858
1964
16843
5226
2197
30421
7933
6676
19740
2581
30971
8142
33817
25116
2967
39389
45534
10486
2879
30646
12135
18868
17158
5015
5592
11675
24066
17328
15217
33488
42116
24934
43784
36546
41089
12257
9530
1452
42698
14701
18753
2422
14242
8501
22476
37975
12534
18322
38485
9170
49850
29960
35697
15371
4721
39528
27324
33461
21990
49237
30783
42541
13429
38462
34957
20041
39797
37812
35780
14061
30373
12620
3598
30516
8377
25863
24091
4458
18239
19051
15512
12503
27094
35938
41589
45833
16421
9959
21201
9718
31973
35152
15160
21274
41178
40983
9124
36935
15297
41596
10643
42977
11009
13915
30251
375
11984
13317
3651
30395
14304
22573
12585
40664
2969
2687
32939
8365
20134
7923
42934
32644
43170
24297
619
42158
30821
8794
18887
42743
36858
5607
48648
37252
41477
10949
16884
27053
18866
2404
1458
34899
5744
47043
33435
6715
35786
35245
14228
35072
1718
27790
49813
29534
23849
27930
10304
19529
10961
833
18230
31777
20354
25541
30490
17293
17107
29133
25721
15873
15492
32739
19732
17127
18781
32738
26003
38073
6496
41662
22917
35132
23426
20150
25399
522
45853
5056
31732
18395
19552
31239
34025
15397
19317
1933
18112
6778
47238
32525
18416
6147
7215
37668
30350
277
3779
6457
36355
48268
34120
7951
6717
4526
43441
39616
23124
7950
5441
13206
15499
9206
25525
47873
48362
20988
33860
45798
48257
25164
27396
35286
27898
13717
11897
43326
32919
9132
3253
32923
28631
19983
42856
36683
42024
30403
4729
17676
37867
10116
26024
18915
8963
26388
2570
46649
33759
9397
37381
43663
20106
20794
33036
32891
48748
37882
42130
48259
7846
32156
25834
30219
26528
35970
49718
41591
14514
26448
35659
6152
38127
47728
19373
5492
3307
27158
17487
15723
48013
29321
11905
7168
7318
24876
12432
10491
47366
34894
38444
34185
14988
35814
31357
29421
36306
47861
13933
15115
23510
14375
20575
2952
11466
20860
404
23166
47135
26713
38723
3026
29614
14299
23234
23452
32129
22377
47292
5192
3230
25897
29877
26056
24068
3972
40836
36245
38188
12400
3548
46475
25149
31217
20496
8557
34891
11732
21494
4489
19631
15514
859
19726
19517
41909
1605
23028
45891
20660
29647
5263
13192
31284
34598
30742
12402
15113
44792
45100
19763
8819
35954
30445
10048
5936
41540
16618
29952
45178
12399
38064
33048
30429
45985
5983
598
9003
19953
14118
13992
5758
28231
17208
14441
32850
37326
15646
7489
48380
11201
3286
41838
47426
16908
35957
17677
6156
20102
7120
31626
26248
28851
44016
27653
12952
25630
5052
15507
36573
48227
35383
40817
13357
47900
17202
29835
23769
1187
35969
44969
20525
45987
49694
45397
36769
26543
32844
28414
33849
27147
33378
21981
38254
20984
14755
22183
10327
3697
46531
31887
343
3859
371
31621
13929
13044
15632
43504
25097
25951
8212
14910
38123
48238
28009
20995
10832
14371
3899
7326
43089
45226
23623
19255
9342
38950
6546
37103
12435
43868
12933
20584
34010
31297
39734
16069
9680
22592
3722
4779
36437
48952
18521
4508
10422
70
39260
23172
17540
11627
422
29967
33889
13004
46122
42372
35310
32701
32037
26405
45704
46144
8113
22213
48206
31352
33465
32109
21468
4309
31800
35052
45831
10468
19963
46403
4212
14256
29500
39979
16341
42411
19119
18895
38121
16067
6539
38097
24127
33831
44830
23888
11525
31476
37031
26875
14362
19142
40193
23012
43584
46588
34252
32403
48813
28473
49667
22379
8133
48964
1210
6316
33143
33564
49119
26598
43741
37379
31089
17030
13229
48455
17043
34484
49748
30639
25997
45137
25176
47692
5551
36157
29496
31429
39362
10569
16478
45175
10412
26
20583
32423
12181
26717
2176
22768
43842
28640
46059
42365
27358
39155
32758
7233
23057
10442
15487
5814
21467
44344
3387
46935
44680
8408
22455
47265
40247
6158
29042
22791
5431
16798
17160
46349
37391
40448
6772
31643
42849
42959
46502
20464
24987
27256
48873
48077
24901
45338
22438
48065
24560
40728
6349
650
27906
38242
2239
42794
43677
32721
13538
37790
844
33507
39742
47951
36144
8883
37900
24132
30614
6726
35696
19868
47462
33198
16728
4950
48539
19003
31788
12881
3018
41879
16225
42414
49618
6506
3234
15722
14150
28107
7816
45217
49409
31461
14440
39062
24
3659
6875
3775
18046
25722
426
25004
7099
20517
20022
27699
22517
27139
17264
14737
7186
10790
49540
18489
39927
46150
44994
612
28326
30043
31066
37997
12174
47221
26389
28209
39049
32163
2644
14328
18093
856
40938
41071
43801
16393
43657
18068
32255
47595
20250
47700
8462
18907
24168
15415
20266
28822
28717
14741
29299
12194
12624
38387
25939
2039
44293
27421
4014
43542
25918
39455
32025
26181
1638
44118
7908
16822
26423
5778
48537
25317
45167
28610
12409
20427
24472
25708
34206
19093
18831
43130
13204
37004
34587
35143
11483
3766
1672
22628
7338
14666
14450
12789
2614
3843
3568
24830
31913
19149
26707
14841
19895
2292
46656
27046
19677
35149
28726
13788
17610
37696
31724
42237
21830
49045
35591
15542
8380
15858
4359
5395
25178
35069
45027
4471
16609
47546
481
7039
26265
43982
7202
24342
135
46654
5390
17501
5074
43617
1862
48389
1717
29689
16362
45933
15303
30550
18661
21363
23907
18756
8660
28634
45418
33655
15883
15250
5007
30643
30391
42683
32658
7894
26615
8769
17751
15465
8202
19906
44693
38518
46847
4241
24896
18823
30862
44094
34140
35413
19862
2672
7824
19714
48422
19440
19891
7834
31891
25574
12343
40654
3683
36945
35772
21679
20100
7222
8247
15276
39642
9025
34802
41099
4151
38376
30711
17155
16146
43430
29035
15179
45368
5342
25457
14659
8138
41801
48436
35037
3404
8565
35173
1017
738
43700
8952
3649
35826
29669
20347
12480
48273
49379
32324
38174
26747
35914
42025
13607
45152
19230
40608
1469
46550
331
10914
3874
45316
26702
14921
20079
6838
48643
47968
44415
42472
30885
2985
9469
20069
5014
48881
41450
30978
7427
9454
39108
7719
4297
1537
34116
31935
457
47235
32024
31118
24551
16743
13909
42836
33210
27133
13037
41924
34997
16692
47371
3614
34068
22100
38634
12397
39295
22607
24631
12375
12524
31785
43973
17801
47555
19715
28536
33056
36680
20777
6933
5430
5427
25380
1440
45938
30665
24881
5896
26956
32771
22575
33941
16973
15902
30815
35145
22789
21205
20822
16007
44261
47783
25981
49155
22329
49428
37150
15187
27919
26725
14429
2374
6335
27863
37100
7149
29654
13655
9059
26290
46240
43582
29754
1128
4742
29922
3215
18336
19921
7045
20966
5762
41753
506
46596
1525
41175
47899
3419
3346
35206
40215
32523
1056
34386
2864
17281
46946
18727
23618
27091
36610
9239
20127
23459
12992
2645
41666
5852
24079
32998
38780
24999
43320
41215
40146
6749
10726
30260
28271
44721
44633
6215
42235
13792
30397
13801
7211
44760
37898
19282
44276
25789
34567
9846
6986
5674
4659
44722
17754
31361
5176
17593
26683
41464
13529
12459
24439
4905
9260
30960
20461
17021
26635
39785
7515
39409
46343
2831
42308
45816
48293
12912
28820
40585
18693
49685
42906
44430
35706
16677
20184
49866
26471
24755
22298
2559
27858
30589
44966
19995
12978
9869
2200
6868
12868
31511
1081
12437
12593
10921
16714
3523
24655
34703
38450
27040
20617
6898
48869
4482
39484
32690
42083
8273
27370
32626
46602
22947
23539
19355
44419
25572
19416
31194
49214
131
20140
42275
39102
3053
8314
27691
25307
49390
24119
16533
808
46727
39266
20978
13955
48027
13097
40842
7520
4276
22231
37505
36076
26232
40182
24046
39818
31473
5223
29980
35185
42396
7137
15163
21623
35933
1254
41705
4080
49106
47161
3285
27146
23998
3098
40051
18784
23884
31266
19827
36599
3512
28024
1202
33228
21620
45
23064
30486
34755
24109
14344
19154
32643
21563
25452
6804
4984
34271
16037
48358
19378
2856
17906
19706
47350
26352
7827
39540
38096
11802
23119
28898
12016
24562
15700
37992
40327
12744
8599
17538
25697
585
39677
258
11184
13042
44346
18660
34691
40298
16870
1750
20268
30741
39824
30934
32736
20298
9413
17765
25222
39203
19964
1791
36159
45052
28699
44061
43851
16060
9752
49191
6310
38920
39212
18568
18036
21825
23108
12495
24412
23547
2558
19539
43602
6470
12101
8353
27106
8817
16403
29470
35890
4485
43546
22553
20217
4140
5707
24518
10514
49480
2224
2341
41195
37033
8090
46252
39218
47647
25370
10981
409
23274
23729
3562
3424
31797
38318
16906
41613
41196
17699
7476
48742
22934
25341
1336
36358
13899
15633
7643
23360
19185
18553
881
1078
3960
33028
40097
15627
2616
39058
37336
30584
14987
48705
20675
24748
40109
27738
40166
38122
27451
45379
15962
25343
34351
25804
22824
36941
31149
41358
40232
15882
33012
21325
20205
33627
45230
40106
40925
12945
35571
17091
22600
26179
14527
21911
39897
6834
22044
5157
9529
15539
17800
17047
30549
11103
2921
40741
21974
39997
38112
29796
47884
12308
45084
40976
37392
22170
35100
49923
36661
13043
6199
40281
17832
28061
25093
16874
3542
13210
29990
10102
25657
3435
40450
8587
38628
37207
17883
8773
31026
5794
7873
24796
10719
30100
36058
27323
24467
18579
38646
33350
9792
25269
14283
10549
31960
16960
49672
1708
33605
28815
20242
17105
19477
18173
11217
34906
21279
47785
28251
38850
15155
25186
32718
7418
17642
32902
42286
23961
34158
24660
12876
4523
37990
39116
43413
30337
44351
30731
16229
12566
39547
21167
44542
16803
45490
29040
47125
26661
29397
46273
17354
8777
10547
44618
46861
25638
31645
16036
27703
17126
36470
43974
31224
2049
12633
45636
1165
12644
4746
33168
37617
18906
46516
500
49581
18813
11488
19893
45083
16985
15327
33664
34153
11439
29888
8551
27191
28347
30424
31351
17270
4272
34833
48992
34349
22763
26920
11363
16277
12159
27696
20190
30235
37621
5774
18064
5455
36861
34719
27877
33833
15852
19811
17500
48468
15236
22764
44402
4369
1559
37814
36166
17276
32260
44937
48098
4444
2029
1988
48570
35519
35356
47424
23179
22833
6550
30039
7682
19202
17711
43107
28672
19772
31501
29876
38864
33112
38215
16333
22457
44297
43603
46961
46563
31095
15104
36415
11979
22704
46564
3731
12350
7742
10873
6727
34610
33097
2198
40620
38594
25832
30997
6664
1294
21813
3806
34462
11071
10375
8404
5654
9605
29401
2560
40856
33427
20861
8306
28168
20909
45539
9235
41377
12815
23820
20066
2092
8327
39846
29121
19140
8598
6557
22324
37973
2052
13060
46086
30582
14207
28526
36318
46664
5765
33829
37174
25364
12837
34102
22441
19774
29513
11598
39615
4829
2945
21707
28141
23131
13887
0
48819
18743
20144
2972
35580
21212
24450
23963
43549
18856
39206
17363
7702
36611
39813
32627
14330
15337
16600
34602
40201
6746
34291
48066
45920
44687
35998
11607
46524
4209
7415
14992
35925
49093
19409
38313
27859
34283
3063
5733
18378
41023
44911
38982
9550
43305
15675
28051
42421
2852
6712
32984
35395
23665
45523
46582
20739
24899
24089
11695
25396
35937
40562
7709
15433
10253
34076
7441
6793
34536
33697
40699
15708
27939
4024
24951
9053
23189
24021
22680
31092
47512
29901
15313
32370
3155
31502
49547
37233
27064
6031
13559
11523
44450
47421
41000
13631
17164
11694
47256
10387
5651
17999
5494
16307
12358
43218
47282
6615
3182
25718
21244
27337
32789
49205
11179
14844
27430
21373
23631
11034
25348
42951
27092
18557
8953
12567
17349
34908
42287
44935
37081
2269
49682
43761
21769
17718
45984
26208
25353
20389
3493
42478
48196
18530
18081
12664
16925
10364
12835
30662
27917
31364
22175
34287
29574
36393
36459
46199
23593
12164
4668
17524
12967
17747
43948
47616
14122
34960
1935
38912
27634
46450
7342
11606
13805
17016
17492
44493
626
34982
28584
41728
25899
36101
49928
2368
33736
32494
14906
15190
10617
44065
21973
46698
21179
44280
28678
6697
5673
45124
22989
13273
36807
49140
45025
11216
2372
26724
19425
21256
26988
23531
15958
47732
44764
30023
31032
44166
25677
137
13640
19413
39208
32608
12049
11565
26443
13124
12776
45594
46285
18052
11985
30889
48177
40438
15029
16200
31988
39874
24218
49304
41145
49333
8038
10279
33987
33057
33176
24086
48239
4587
27714
3140
6816
21919
5352
9033
11569
20423
1134
22928
517
43126
474
23152
25962
28052
14184
44443
40766
30321
35436
43163
1
22157
15314
14496
33290
22853
2755
19406
41627
44741
5573
29623
16801
32347
38231
4568
13407
49737
1785
48690
21869
28885
42512
33874
49148
48576
15147
41051
35437
29889
43134
8361
9997
7750
14114
8728
44214
40565
37940
10
36460
43012
19344
47052
24666
12823
26360
14099
25783
3351
3574
88
11106
7112
29581
37210
25471
33256
37322
41946
35433
20766
28650
33593
16332
29569
9041
47735
2536
48069
42469
14004
14907
31697
6768
37690
22755
26536
46623
16531
17228
21764
46096
39360
5123
19287
28816
12069
15897
41968
31129
39368
33554
24116
24206
34922
34568
582
48609
35238
9974
15685
23037
18253
34263
1271
52
27184
14349
40752
37634
18760
5685
10668
2373
11261
2446
24470
43009
40220
10098
13646
32541
33379
17190
32623
23835
14700
39045
6208
31003
27278
34305
46183
34867
40398
29748
4280
8467
28924
17900
8387
44098
19000
42239
6690
19072
18932
4358
19243
18602
40009
807
30669
23854
22309
34173
5742
21722
41007
16178
1514
35264
6729
18497
46331
11348
39131
10816
45571
27742
1243
29728
39910
2834
2815
46981
30675
48887
5865
30262
7103
44114
25440
928
23290
32237
49421
11005
25328
14935
28165
19682
21441
3473
39807
36295
44382
16435
8601
16324
44384
2951
10703
1021
30098
31957
10274
48286
6999
25303
8740
34233
11692
5991
40629
2577
16082
1263
15836
3552
45474
39466
17746
8718
16267
26727
4060
37304
26311
34363
4577
28763
975
7210
10495
38751
7681
8224
17408
45469
38523
11818
22362
23486
30887
3696
43369
8795
11115
6967
42104
30364
44215
30770
17895
21001
46216
39878
6483
42938
9502
36181
16760
16777
20105
8512
27107
40339
4038
20491
22887
14827
38322
40103
30715
12671
4406
23906
6436
3241
20141
44407
11974
6081
34425
40300
10502
9261
15069
22779
43501
21395
42940
24877
6790
37941
20404
17623
46404
5324
36288
14636
37754
36361
22419
43994
6181
3661
13523
814
21091
22769
13428
43031
37848
33855
3150
32653
9275
3103
24137
33407
16334
19208
26005
40721
32614
33702
40996
46133
14060
129
24623
14460
19360
7585
48630
10131
41615
26969
48538
40460
26162
29182
8640
44573
25386
22727
20918
45108
27646
10571
44867
10680
25754
38238
9512
29463
48893
19999
37390
16894
32064
17854
23145
43961
44809
9138
41617
9063
19070
14933
33691
43903
27540
4896
7394
35521
11872
33690
1681
30088
21662
37164
32741
7633
23958
36087
31861
27985
33712
39573
37298
26015
23020
1583
8919
15884
20740
3403
38017
30525
3713
13578
45717
41050
24059
47827
18855
28027
12685
16670
38150
41158
20255
14875
39524
13104
242
25621
36088
37296
46056
46357
34258
22708
12910
24257
40323
1516
3828
46615
43723
38974
44654
27744
38266
32413
40475
21521
26372
27309
1661
36020
26940
23667
5747
48928
7365
46869
9098
36719
26705
45955
18022
35894
26463
48329
13051
16099
17022
521
49201
100
29365
6138
44993
20284
44849
5946
29431
17261
31394
16598
49169
10100
9735
35520
4382
6088
13656
30172
31837
16513
44578
36400
8131
43220
18917
18016
15831
11055
18356
15277
18762
27342
49199
38036
37619
22683
18282
44608
22168
45087
10812
40412
35698
17094
16207
13352
12513
41373
16211
45739
4749
25998
36859
25688
45584
10262
6206
4292
44400
39185
10005
48772
1601
46947
39686
28601
31776
49697
11820
7639
5538
304
20787
41939
32873
2447
26193
40293
600
29793
37632
28862
16106
2101
20758
42714
32509
43079
12083
38012
12613
18012
18055
8747
15580
40733
16485
42327
9702
48192
11107
3275
13919
26510
8284
11622
14673
45372
45507
14590
1140
2131
14292
41511
11998
21379
14679
45738
23266
34329
3293
43659
15143
30331
29276
16945
43642
48617
24906
48980
15481
32929
8086
30060
7644
37773
14560
9200
26227
26530
16489
16419
13914
2706
5319
43798
235
11224
992
29439
623
7529
46099
21292
2991
40732
38384
35683
25700
39399
5267
47710
15885
32357
20159
28193
24540
6368
20173
31322
48369
22386
26108
1434
49185
13911
39827
20024
46132
23221
38492
46916
45219
9637
23195
9078
23789
19252
12843
35325
27783
30899
22271
1668
49860
45026
20042
20702
22987
40666
19323
20791
38815
2254
47525
16637
13476
16461
23377
18747
23811
43548
33070
48815
31793
41663
19655
27339
8544
210
48473
48412
3306
27330
22957
35845
36484
8172
25742
21420
47324
29768
39596
41458
19752
38118
5718
48962
19272
12873
12434
28537
41154
12188
22122
12780
30592
764
47477
11451
46121
7919
39726
41488
35151
9515
42466
12602
10464
21742
337
9920
12238
9868
4193
35618
6942
7105
43273
29484
38792
42441
21280
12839
31806
35188
25115
8678
20929
25887
43364
22435
33331
7673
592
30434
12467
32027
17137
15776
1560
20611
12597
36931
32249
7252
28266
2847
5375
30156
41934
30450
38802
22413
29612
13133
43142
11536
42079
34763
22632
7069
48756
48430
24993
45427
39432
45573
11100
38143
49226
22569
25569
15152
15565
25346
29655
15649
14526
39537
32805
11405
37596
46308
20514
490
46534
2306
19541
40007
29242
40348
33541
18339
25955
24970
8552
11938
28306
28087
3055
24038
46568
1533
10805
7727
12754
40043
47358
48475
39901
27619
28317
23501
5759
7408
29792
37810
44655
10265
13633
42535
8354
43030
20564
6488
37015
10947
7272
18137
20602
46511
37462
31700
12310
4893
24490
17368
19665
45994
25265
22316
1057
37373
2501
24559
42221
36694
29305
35215
27597
9005
44108
43197
9784
17780
21656
15508
37809
18869
18325
23194
451
40242
24862
8428
19197
31496
48551
12097
46171
5416
19681
31873
13608
24663
14675
36507
3698
22269
29610
19454
6854
45503
46217
31857
10781
29787
9122
41385
37963
42709
14448
37052
13362
45711
6607
9232
14563
34247
25437
37455
40660
33081
887
1896
3978
42369
1859
18006
22815
38899
48140
39844
33400
9445
36230
18434
13493
46797
10443
36127
21942
36326
47240
27398
44333
5031
46592
33684
48442
9094
49791
30286
38424
29616
34787
30617
15075
20463
16564
5816
45912
9282
35851
21705
49494
30149
32000
23338
48413
4218
5327
11789
23305
10479
30551
6228
14213
28109
13055
49642
14506
4678
8738
20178
10561
36219
38260
35086
2943
30842
7097
37821
13084
48757
14575
29117
8988
42878
6102
22903
47780
20673
46008
11361
41941
28423
7437
41752
17082
30817
43925
12054
44855
4780
13134
29432
680
44832
24592
49916
43645
4761
38785
25463
46992
6860
33257
30096
16379
34302
2107
35905
12688
41679
8881
33698
23453
30826
41709
36608
27348
46153
34531
15287
29279
5165
26331
25961
42426
40231
7513
16548
4955
23966
14513
13991
11597
26191
14671
11771
20775
5030
17014
34005
13231
21766
40122
20012
20358
37440
25763
38721
41337
2317
13445
22902
20511
10306
39492
6025
8050
48476
46160
35321
19163
7974
17444
10219
11823
15014
33482
45030
39669
17428
2785
20800
11584
49454
33512
22130
29667
17564
23293
16417
40579
17216
46613
36272
18385
5128
41020
36909
22897
48117
11027
17488
42009
25204
9046
4143
30040
28458
17495
15322
45364
49289
48052
10111
1540
36254
49233
25497
32915
2013
18442
8184
6754
46003
649
22059
38992
5314
16022
49459
44188
36547
15625
16181
15713
2503
22919
45677
27194
44347
8040
1968
46891
31741
16928
40596
9391
24637
42145
49204
13322
8414
13257
22069
524
47696
46455
46101
45154
40410
48410
34035
20591
3138
31011
22041
31220
44462
2355
15294
6541
37902
22253
37828
27876
27728
35415
9392
25015
48226
32316
24923
10284
29078
45008
47784
9505
33306
4569
49029
14199
15928
22478
46636
13143
41766
29940
1783
36854
31321
34657
3057
1084
40933
12251
38648
14316
40240
4351
11947
42475
5305
41586
26943
31197
38691
30805
28858
23732
8347
39387
45233
2522
16451
23319
17116
20810
19580
24392
6959
17405
8011
8763
15596
39067
28293
25300
7667
27550
33890
1486
11333
24009
45808
16292
4994
20556
30147
35263
24568
44186
24808
20390
41645
33429
48128
44054
34941
49392
25801
41990
20489
5703
46883
38660
18494
2091
21684
34945
40004
35568
43850
5962
4889
33015
42491
25994
18597
44273
40790
48790
44505
46630
3629
45564
32815
31271
46934
21522
1946
16780
49489
21401
47305
18942
17776
1597
44063
47317
46208
2602
7532
16285
46432
20252
37070
20331
21184
1127
10593
21477
38522
25209
13077
32482
16342
47054
41745
7091
12612
4646
6812
35671
22958
15577
20110
19434
17787
38655
37424
2909
38822
3730
27678
7396
38671
46518
4602
14474
25984
8733
33047
12043
31669
46154
519
38632
49734
21903
43735
15366
33865
15062
49935
18738
22865
13884
12866
42502
24107
31147
43312
206
1073
32861
21953
37375
18604
17446
29968
40989
21331
21967
3934
25925
33206
90
11894
38732
32978
47109
35126
5891
47038
26097
43129
20281
9940
42823
14092
27534
14240
5594
18388
34374
46272
1705
15299
28259
46886
7576
41913
238
5362
7925
5523
19491
13922
38696
6759
46783
48738
40108
7710
21016
42887
16961
36966
15073
44605
40165
7521
17874
40035
36742
11690
16265
2115
42673
31109
44211
32491
18447
44566
17869
1420
4070
43848
6864
31762
19736
41777
45852
11867
20050
12927
22248
23280
46849
46784
41042
38959
43852
47290
437
29188
1673
6093
45531
7867
37769
4397
21050
44438
13435
18492
11073
11421
39419
19096
9592
35196
39969
48170
42537
35760
45501
37644
31302
741
15034
24379
35542
11419
31933
29457
48726
44963
31382
7306
6760
14160
41054
31057
4681
12956
6463
27302
18594
46295
20776
17901
44862
39081
23192
19589
13566
4242
26546
25520
39701
48985
37159
945
16807
42389
29178
25183
7258
18099
47188
7564
7265
3164
13745
2649
49851
49179
17308
14285
36446
29920
29732
13398
44343
634
49765
39770
40436
28732
11614
25585
1687
35373
30312
22083
36100
43241
34774
35869
4174
27771
47242
48623
36956
1801
37492
10004
5069
11968
4200
45111
43200
49307
45757
4466
26599
27173
39421
47471
32810
23513
38007
49956
421
19494
4190
29741
2229
21871
17399
20349
26930
32026
35081
13112
11700
26126
737
9963
43125
12765
1720
25927
45222
41437
37363
32624
19019
12998
8342
40265
20289
724
40229
23105
30923
43231
42628
43039
1023
45387
30833
13958
41631
10368
42851
8465
41371
35922
39180
32178
46417
20783
34402
38047
12213
25643
45903
43410
45967
43818
33632
43639
40159
1709
10918
44975
31200
30419
28765
32635
12752
26652
17279
21698
40237
25965
4732
32883
25145
19473
16187
27719
29410
24522
16690
49193
20868
36804
27687
175
689
34509
6978
6829
47781
10201
20680
44673
2068
33258
4377
42765
6950
30819
33312
23680
38673
16841
49270
24117
22173
13516
7741
48213
6233
10901
38849
8519
23237
37337
30082
48719
45723
42524
35779
3461
17865
3908
14715
10358
20029
49664
29075
38709
42739
7718
43222
28295
38417
43618
38530
16672
41842
240
26006
20572
25884
23013
36773
49183
21450
29543
25972
13798
26726
36939
23482
17225
22539
3181
37257
43740
40197
42375
19692
1864
6979
46730
45136
8906
11959
28922
1723
42
9715
49467
13125
8689
30316
44638
17138
14129
5558
28482
44869
13439
3615
40024
43232
44212
28229
19760
10341
16337
46943
45446
9019
28285
37011
22610
19175
24149
27241
11805
10222
23091
4346
49072
13565
17146
37343
1356
35815
13497
31683
2726
9337
21482
34399
22510
18057
23880
23634
49231
104
29556
36212
36812
40730
40616
29630
19916
1354
48092
49690
27160
17035
27061
41038
37788
6606
13459
18819
10868
32927
44444
21340
46380
27454
27894
1116
48668
5246
6563
1808
24585
39336
35849
614
26642
13383
7893
8269
44449
14287
30300
40257
8907
43317
41008
27178
17914
32544
31836
6495
21445
20448
29934
10245
42633
23629
11064
19717
914
26231
11297
46627
6734
13238
31183
35716
13581
40063
401
36193
7237
44546
4804
34338
19147
42795
30865
13952
21553
18078
16615
37746
3414
13547
2933
10729
13283
47944
48597
10878
32545
35543
22977
22124
35085
14057
29202
18977
10077
49832
3688
3549
23702
5126
44651
18688
11549
3320
18004
15440
13664
19388
33592
14258
3835
1678
13976
49022
31668
16997
7373
10583
27664
37175
44300
26185
1203
48663
29331
974
29267
40021
5035
48747
8094
3818
24711
31267
29573
5935
49730
48020
11319
1290
44032
48270
33135
3830
26119
34012
2793
14767
20167
5191
21648
11438
43267
37586
2983
27641
22291
566
48158
45904
42022
25409
12953
43334
41080
4883
48655
13839
7029
17395
45555
8657
27977
20679
43006
9673
22145
44480
11996
33980
35559
26085
28995
37611
44312
20885
20154
32781
32339
127
8831
45719
1877
2119
19430
13904
46143
2060
44068
28330
40631
8885
14189
16708
14909
27416
14073
43966
15074
15738
40846
642
20486
6217
11442
722
35524
4694
48828
20318
38472
10462
30737
17031
8458
3715
42806
39601
394
49522
9775
34341
6308
48145
11496
24702
5156
39966
34612
41135
25385
10270
24023
47050
17788
16852
7857
5490
30045
17347
29663
30121
7587
37575
42789
14749
2521
13446
34684
49548
34030
9614
12226
386
26354
14693
31483
26316
49423
19555
28818
37592
22642
42429
10093
2008
43193
19996
31805
4847
10121
3046
34127
3151
1902
8448
22224
35897
5579
41471
39569
17295
45369
12394
39619
24057
18070
28015
9498
46914
5093
25444
18219
48272
33481
30790
5288
20544
12985
16471
38791
37060
15845
19188
19400
5906
11465
33585
34026
11259
38463
13088
18624
46808
44998
21529
46641
42548
10051
9973
40114
18600
30757
31937
18141
12182
8201
29596
49035
37122
23836
32158
41004
10544
18082
8663
13098
36892
49938
32081
33772
15400
34404
4498
45274
6423
16653
46740
43720
8433
25375
32555
46172
4826
31631
836
787
2236
14127
46905
2520
4318
35099
40184
43524
39398
49991
31497
27693
13610
3648
21628
4656
4935
2076
26921
35376
30086
41769
5830
39865
2397
39866
27923
2782
23828
7081
17967
43611
6575
27221
12871
42873
17820
5748
23612
15454
21028
29475
19076
27057
33282
24950
41643
28300
23087
49223
9044
34396
13203
10825
30690
33969
22430
5340
22591
16149
4275
28879
29668
32735
33384
29298
40687
35660
23322
25287
26753
27777
35872
10582
36298
10612
26641
11080
47427
36009
43152
19627
1555
8288
19785
27572
30602
6487
33946
34760
16549
47809
14140
8559
7757
15820
7771
31667
6867
4232
744
13253
15721
33348
6194
39499
26901
9341
46063
6684
20348
33370
27892
31106
22382
15374
18861
36515
19339
22383
8059
19268
37919
19776
14591
33744
13179
2623
16977
32391
29661
6856
45729
13912
38761
4972
31061
536
37036
7417
6375
29861
17245
18169
48460
10861
37260
46
27520
29593
49556
15553
41132
18808
20713
33580
46525
23660
45358
16338
34577
38025
19712
16227
48405
20296
41397
826
19778
5539
33701
30068
23692
1366
19633
36228
43157
24556
44291
23252
5997
12796
39560
40775
24474
32609
38858
39793
24819
45467
5334
35736
34164
4338
31557
5403
34295
35429
1803
22398
22428
48201
28075
2135
4925
33327
25936
21194
19387
21501
17442
3400
33058
33223
11053
41515
13556
13193
41888
45763
30574
49126
3243
656
37364
38975
20554
47677
25086
16050
3613
47223
17860
46477
14132
4057
21105
46862
48732
34486
4632
37265
13756
31868
32702
6783
39654
10402
42320
31589
5779
1051
45483
48179
27322
1416
7848
28281
12468
25632
34781
42568
25702
28030
4451
38436
37457
16993
48793
9510
16483
25682
26950
33584
42413
2863
44278
40174
8002
4938
7618
28038
31253
23965
16848
17572
40744
49303
13023
48007
2189
6166
29290
1425
2057
2897
8015
18351
16394
2615
4754
28843
19127
36832
17666
48731
715
33993
30877
22564
46542
40599
3337
24672
39507
32378
14382
31139
7044
8420
11602
46281
31682
14946
42339
35510
8582
20002
39257
8646
46741
4852
27827
10107
33875
16661
47428
37738
38411
46790
42031
31463
11491
24961
47840
24736
16907
42804
4637
43475
3544
23949
11463
3096
6153
15264
15581
11033
33212
20963
22181
9823
11112
31525
24445
27808
33301
34179
29535
47725
46283
23260
4250
26529
9284
42790
11104
7022
46625
10469
29948
1313
39862
24241
29721
48644
23063
36202
36575
12488
3803
32242
42357
14588
8053
29234
2766
5114
36762
8098
6050
5866
25490
12562
35324
20292
2647
44181
23371
25474
43398
9730
30330
49976
30308
48561
24892
41574
26233
14619
47653
13900
19676
32540
18934
10440
9896
1205
38789
40244
2733
16153
18098
48499
21572
33907
47574
49153
44243
28117
47362
46140
28479
35115
8972
12030
39140
37698
45179
31173
17544
2591
35703
18588
18127
46833
2153
21513
39182
49997
48254
9641
37680
3693
31156
12543
39044
45272
36236
9307
19727
18847
29649
42891
40176
26796
45645
34810
47302
11840
29810
35717
3941
16586
26787
26205
8313
11305
21013
33964
9085
18464
15298
4611
40185
35201
31552
9683
14109
28197
35553
44119
4291
5847
3560
46826
45861
13335
20201
41791
23005
15379
33718
17680
29238
47605
31078
48554
19046
19231
27415
46626
37795
22959
20889
29818
9278
42654
4130
8693
6048
47826
43599
14026
2655
16023
45095
16353
1861
43375
15796
5164
730
9330
23657
2665
1869
43436
13079
11395
48558
7840
39591
42854
12424
23739
12046
14874
35398
43595
40963
32097
37261
36651
13980
24679
49882
45477
40659
44410
3673
365
42148
6843
25800
49372
25206
46548
23001
5944
44676
9362
2780
12038
7815
22756
714
25573
37945
42982
33913
41504
9453
28586
22941
28989
40617
26025
19368
4216
21204
7319
6253
5344
21916
34694
35493
29354
39676
35672
45164
27736
13654
47676
1679
9968
9316
46599
47797
37226
47788
7194
17579
24932
28937
19464
22142
34260
12299
7996
20609
46368
4616
39263
45939
41654
35260
31320
10715
29510
10935
26659
25372
19444
18321
5154
36042
18900
41743
3670
8121
14452
40735
48676
21523
40683
47252
38642
13277
47136
25611
29216
15705
48099
16423
15184
1927
68
48297
45057
11052
39792
14451
22016
45494
47064
33960
14611
22893
36189
9236
7038
42935
41295
5094
15222
25995
42679
22770
14986
23451
9768
32006
43675
40514
22505
32769
43094
15887
22757
44323
48085
3460
22579
34453
15614
33110
7830
13015
47055
47855
45609
11036
47066
35252
26586
4463
43246
33873
19073
28001
29332
19679
36037
3457
38997
23282
10025
34087
28808
27695
19420
18363
32149
26166
49757
40177
49245
44274
16001
10310
1916
47967
40469
16596
35224
42731
662
15504
19343
15127
23615
27864
1824
4570
40604
34983
25400
29227
4739
39519
23947
25645
6819
27453
13132
1966
35097
16422
12425
23750
43384
48832
14964
9312
11518
8080
29511
17856
12145
41124
15203
10419
13572
42261
38907
13744
664
25979
10847
21155
10563
5770
22753
34814
32675
14938
18655
20930
6648
3976
13494
8139
23385
33925
12239
36124
16251
6223
38103
41308
9470
30447
48439
9525
40762
2283
25795
6724
26496
26397
25896
48181
18774
32177
36724
4357
38056
33107
47601
18814
36728
5876
6806
10308
5429
25857
26583
35578
44320
49559
48244
34347
42658
11181
12482
33449
19511
2913
24254
29469
32429
42649
45392
18796
26350
2046
29099
35928
14039
15531
17263
17799
27543
34697
2309
9263
47938
17646
40214
41779
998
26356
11937
40810
33625
23838
12519
46493
24334
48126
39703
14346
42715
24536
4017
9494
48704
33930
6589
10497
24634
15755
11809
49102
606
43295
37723
7000
26020
12421
40711
12381
38977
35139
32258
33850
8998
25809
19232
16702
13426
48169
643
9610
33413
12915
49623
28883
33742
2691
11837
3158
11277
12737
9834
49651
46021
33216
30649
25156
42366
2853
33428
39766
5075
5055
26604
26493
33060
47657
1868
45790
38176
20004
34464
7323
5216
34589
35861
10530
27700
4494
10340
26490
42623
8948
14302
48277
29338
45547
37253
43415
18335
28429
22823
43563
44919
20670
13548
49585
25734
43035
43824
20286
20751
41500
7283
45996
19069
38356
31658
15283
30667
330
42768
11719
41107
27721
2128
15874
21717
28748
7122
30874
44733
47487
14850
22330
20946
32851
13309
40396
14136
43803
42127
21865
17962
5
34667
4507
267
35300
14338
12210
29233
16273
14835
14095
34607
7738
39403
36640
14405
45240
47473
35526
20243
38717
47521
35494
2223
37137
28401
32221
42704
31062
45804
19611
23139
41761
28993
45960
42423
2440
16950
12713
21819
33763
30893
28445
24855
20952
47681
34277
4509
36857
35645
4091
45540
47187
1346
41489
29528
27667
11157
49740
13184
44432
34551
286
32882
24591
32039
3323
14882
40720
6193
4833
6605
5676
41751
257
35041
12784
36950
27055
32189
18423
107
39497
41070
6254
28838
467
30371
44901
2511
22150
15788
36976
14785
27494
10324
39126
41890
34266
27031
49847
8909
4701
119
24764
45153
9672
36069
13743
40210
37631
8348
28618
42762
7692
11003
16736
5436
32666
45665
5701
21985
6857
47452
901
37301
2919
13888
35964
19508
27395
39936
7631
1039
39978
16953
41951
44426
38610
27952
6985
9400
45127
27501
26195
49368
45422
26435
24900
49271
30144
43540
30613
20843
2082
8124
39634
3070
9739
14905
30728
49553
32096
34326
6490
47083
21170
27115
32486
44246
44256
42094
34789
43108
20635
3101
17734
39477
16957
22830
43998
34754
10286
6014
46898
11001
7191
37645
2509
49648
15063
17339
2004
13652
19410
31366
11847
24050
15019
33489
45880
27505
38491
44115
9181
12999
26153
39871
32168
34273
38148
49704
25196
32744
25756
45353
41150
47488
42000
7268
22802
21263
12061
30056
40895
30896
5932
40998
11284
21278
30530
17269
22465
21633
15930
37194
4598
48842
17373
16602
29773
15036
22133
17310
31300
4809
13389
213
18993
29762
8360
4016
13850
39416
6796
15980
11006
17314
25766
25299
7034
4065
38365
40515
29460
45417
237
9935
41035
20562
32292
23262
7274
20678
34683
40689
40005
40640
40218
11868
36713
322
26675
16861
2892
27548
3109
39961
25920
21289
49474
4717
49425
43185
24689
40837
1113
37002
39427
2648
9311
23795
46345
39160
20773
14437
434
46794
36462
14108
3910
28844
40545
43519
34323
40830
45585
6085
43588
17068
2697
15968
15690
16795
30855
21935
17128
30442
1789
25862
31888
19958
8796
7634
5867
7353
31607
27621
5799
18822
38372
46062
28530
26237
48886
5465
33175
5285
45455
43259
21357
36570
1545
4349
35750
33251
43567
25218
35583
5515
33511
15587
5914
30515
6157
45525
26221
28185
4650
40219
49528
30537
37943
27656
39679
37793
761
47863
48906
31272
46168
4015
17878
29300
20804
44319
1948
28917
22235
32592
3273
5725
28936
29150
23277
15921
43733
45673
45796
9486
7508
32986
26700
20505
38443
44079
28925
47652
39716
23297
12859
32552
5124
13135
39060
25136
32309
12353
10319
29175
14976
13117
38317
15956
8070
26130
25054
39475
33543
44456
11526
14535
29196
45646
31990
37320
27875
1765
11028
44197
33985
8468
43254
36468
36200
1194
3112
20942
43511
27521
20241
12242
9583
43960
18168
16776
43179
18485
38222
19108
34606
43378
48111
22914
2502
48381
16261
23870
24531
21532
1753
7892
22682
30533
49130
8815
6625
42459
2538
28138
21456
26522
25035
1123
3970
30122
10915
3532
18432
37145
1460
17560
31295
49371
44701
25345
2090
26379
39765
14279
3373
45437
49092
25651
30306
16008
37035
42018
21883
44155
7164
18744
43328
3122
29811
39877
43274
5282
5958
28078
34807
27236
16862
41584
20382
8990
47281
47733
34411
9993
13539
26651
39655
2478
43809
18720
21780
15316
43340
37996
39885
22983
39390
25619
19660
19290
2127
19109
33808
15162
2202
14388
26335
49387
26908
21041
4553
20806
31443
8078
37735
4743
13673
45354
14948
20076
13765
3469
9545
3776
37797
39152
12669
15949
35153
15213
25676
30277
29361
23352
37555
31395
35108
34432
29255
35902
2378
33501
40115
24320
15716
40880
34176
24380
31834
8856
35798
23078
15457
32711
26286
14752
14465
26143
41205
18289
23153
39768
23116
32369
16948
10932
21943
39223
22334
16553
20182
46725
6007
26432
40714
18716
15547
26395
27900
8725
19834
41256
44795
44015
27890
11928
45694
5785
24302
41537
33651
42001
4529
42961
16735
41834
30998
21752
37988
31076
44820
47217
19169
30418
41502
748
28842
31204
35297
44
18172
8837
2350
25366
43901
25360
28833
10979
30907
40147
2496
6211
28287
10524
23029
46138
9156
10227
29405
20798
39721
37405
47129
26492
15116
6486
27609
11227
38755
45349
46260
20598
49359
33454
47711
10709
25784
12596
25083
34389
22011
9724
11890
9575
10884
40796
756
9566
34040
7981
17184
11669
25924
15015
22871
37841
7666
45128
5625
10950
32964
43757
39009
14628
6987
41866
46104
12287
487
18918
19457
24433
29514
26847
12577
23689
37473
31974
3900
27493
31274
22595
35653
18130
25587
40020
13959
19055
36266
46182
17095
23343
20228
21643
33956
42172
12919
39618
12826
42930
25355
7442
27657
5366
22371
28990
49292
8023
7905
20537
39194
33704
28422
16517
41048
39029
2723
10333
14801
9474
43762
15120
40750
46575
3840
47293
48799
35994
5235
12387
4586
31742
21831
17772
37912
18820
48068
26186
24694
40979
46983
25670
24114
43084
27181
19880
43889
41835
28964
18952
11322
1104
34441
8535
38392
12163
3823
6087
25727
11133
47730
1503
49561
29128
39327
11503
30155
46746
33087
38999
39933
28823
5496
32154
302
26104
11954
22459
27216
5162
44553
14746
3602
34830
42726
48434
47934
49442
46187
10999
48795
296
6800
27005
40724
5257
48610
33728
29240
20824
20269
23364
41669
31794
35071
8440
2855
16540
9192
25970
35778
38913
36828
44334
7810
36933
48295
13636
23275
28142
32412
7982
13255
33093
36209
42991
43839
7012
33193
45832
14315
43194
6678
15286
25462
13263
14020
15498
7055
29735
32613
11360
20642
30230
3386
38505
43337
5435
12939
5262
27855
49647
28328
19032
8991
23584
22711
3031
19742
10446
13716
40129
49443
29315
7036
44875
24805
13563
16995
7356
27459
11366
23344
28069
32236
20133
30162
1193
26837
10127
42010
46148
40882
12005
793
27791
13342
24318
13421
11623
49830
42231
33224
13541
42750
14623
29571
11649
16392
4757
9717
16192
47078
25013
25016
31275
20326
8001
38101
39242
43910
10033
2303
25432
17062
49579
43739
39367
11630
39617
35979
12900
895
3940
6535
47406
40754
5438
44381
34748
43531
23817
40907
16078
28723
45810
25189
47727
20011
875
13018
16045
29127
13690
29000
9387
26441
2301
4317
38115
21116
26708
35810
667
39315
19039
41079
5183
27988
39954
11748
2949
32303
42917
47545
20953
11462
7487
32124
25699
21664
45621
34665
7348
27909
15927
6428
10978
22094
32694
48113
35560
36194
37583
12064
22605
24441
31279
5213
23565
40787
979
466
46247
36621
26584
11174
32594
38389
43020
20925
36957
46474
1320
9144
8154
38451
41311
46429
13167
10843
45925
13337
20761
36643
8812
8088
7312
26429
820
42170
34224
903
49525
41421
771
20385
4329
8739
47759
37868
40865
4982
49465
45637
28392
21218
26444
2243
47511
18496
22538
40433
33937
22424
27767
21044
3937
19133
4990
13384
31195
7050
2906
44514
9347
26768
9918
35503
36481
36149
13579
39082
13180
39977
22046
43257
25593
29012
18623
37274
38255
36678
25960
7940
30513
16104
23843
48861
13478
36111
38540
26063
20570
44252
47491
2051
25768
2820
35605
39086
48563
3108
46009
40534
43512
17876
11797
47468
17375
8934
29083
34926
16191
21525
244
15935
47892
44349
30814
44359
34800
20991
14830
24279
25646
8539
31951
8947
49608
37451
21359
32372
24933
26481
18662
47007
41166
25733
13418
37639
13913
1821
10059
43926
42504
12942
22276
38340
35573
7135
47554
25710
47120
22811
43681
24558
23731
47103
12368
1716
48577
45330
33506
25150
7470
13169
35768
7107
18458
48529
15342
28131
46325
43878
3236
41887
30425
40335
766
48912
32869
47068
38509
48243
38435
38991
3149
26682
39472
9198
26819
9020
14661
38698
12499
45527
11171
31051
26972
18994
44815
896
47095
17011
41953
35752
39913
27616
43171
26826
13041
17861
1049
14102
3011
37248
37312
16530
48015
30119
15526
17988
1296
14497
42255
16076
3398
17020
17471
18227
10801
5389
18541
18605
31929
12761
31690
31900
43083
47121
9119
21576
23683
43072
22554
47527
41893
27414
36117
10269
5293
18323
35958
31578
11978
20856
4719
40169
38569
10427
41889
27490
8310
250
18121
13700
27832
6823
34472
6104
3190
23718
34658
18162
17917
45634
31075
44804
41095
13070
40760
15144
1671
40104
4113
46558
4943
44327
17059
20638
40768
33935
41412
10090
48209
7674
29756
13808
24187
49276
6976
30607
19845
34015
18486
49907
10975
21099
18520
22582
49265
49334
43592
29256
18328
15714
42050
23203
24328
26766
12520
15275
40546
25601
5024
10156
13156
41290
16232
17811
14554
27886
2531
36646
1579
6242
48451
45218
28041
42208
31018
26118
35474
22103
40624
2579
35157
8258
10616
4210
44175
26067
47479
12926
43211
18045
48683
46538
46370
7021
22836
48603
9146
40822
32233
22879
35180
7412
28085
39727
12271
17371
13643
26582
16504
14606
3482
21383
37277
48638
38130
24111
27138
19781
34480
18346
46549
8076
23708
368
8148
28383
44228
12836
46015
11826
11880
40908
46358
29372
105
14649
8144
43596
47374
32320
13173
28462
35787
12418
5322
11046
13567
13532
30111
37833
27997
44984
34596
43422
3124
18589
39231
41984
42274
30575
44829
39035
10316
40070
32876
11321
9789
36109
13091
9240
13921
49898
33191
46423
46201
35876
42975
12071
23022
21231
40778
9770
44890
40178
32021
17707
16792
4590
48400
31780
27295
32306
17392
29715
1647
20365
12924
7664
20346
5635
8371
49355
8800
44997
36283
32397
44914
47018
48646
3467
21079
5692
39812
29677
35613
2144
10504
10728
24324
42932
20691
21928
4487
13777
43748
13714
34784
43949
29688
4488
48994
23324
13366
13622
45672
37719
750
16290
19817
8707
34942
27023
3378
15603
37317
46301
41046
6871
35066
9855
45479
23977
11552
53
37689
40076
17482
48823
35093
45610
42091
24031
49108
15088
2250
14889
46527
43846
43941
96
49768
18344
32997
47337
32211
16019
40204
16198
3213
15344
40918
22393
39672
47397
36705
47133
27164
27011
38250
41378
22348
27456
14098
28170
49335
22601
35408
22888
24157
25894
17866
26440
13072
36176
40673
48360
42928
344
26902
49311
22216
39972
10989
13882
33441
29611
35105
49151
31389
44437
39122
38980
2563
3049
32751
25755
31027
33916
21889
36551
40613
9562
12464
6303
42363
31020
46251
34145
29821
32750
3317
26161
7512
44455
42361
4094
28563
2212
24521
16409
38168
27365
43144
34172
17496
34742
27910
5155
34900
14024
46023
48961
33700
17571
35992
27843
15780
22561
36911
22912
6442
4658
35819
10259
893
3406
45642
1079
8004
28415
17775
7550
35974
10853
36242
40074
18676
34181
15950
23340
28177
41773
11474
39941
314
32857
5683
20795
37781
42798
3678
6974
33041
14079
22268
25535
26125
41689
7221
39735
38316
46692
12691
20501
2457
26634
22570
7915
1437
36098
5172
19581
30272
7773
6745
23969
154
20717
31401
12649
16098
41286
13107
35476
17414
31134
41428
47396
6073
21341
11960
35446
13668
6518
36600
48204
46960
27021
37857
28335
37209
27579
28046
32638
41927
39092
9281
4187
42848
1379
26961
49043
14058
7264
40511
42689
32601
44071
40525
49385
16457
17257
21400
31293
22525
4867
4730
11288
8108
19415
27074
11505
24096
17299
5767
47983
9568
19853
24351
42684
5825
38583
17063
42005
196
7760
14730
30436
14777
41068
4958
13842
26228
35714
48594
5530
43432
12106
38622
46107
31102
30396
46517
7649
37695
4919
24529
11121
3069
5193
45429
4258
28455
38256
7136
35200
45548
49986
44399
30802
31671
16712
42248
4714
7003
21007
4274
43098
39851
27916
16234
8779
8491
44357
22758
48373
27549
23515
22474
17940
41123
36140
16431
44442
36243
44652
15364
32514
26873
11340
4019
40442
19203
20698
17551
8114
5668
34466
14551
16850
13119
41445
39640
33978
26715
22081
35960
19349
10439
13212
20686
31016
7580
36753
17545
27135
30806
25631
17706
3032
17357
11626
39976
9189
4975
39078
43604
38872
7310
2420
29527
23624
9415
42321
4985
18575
5598
43448
30340
32301
38413
38398
170
30618
38955
7737
46352
207
47891
13543
39567
32610
49670
1282
24491
30047
5809
28470
3142
25546
42012
22648
21214
27439
41507
41059
7763
2917
7648
39951
38052
47076
28608
29026
48958
12980
28378
45092
12621
18547
36370
3862
9904
43609
12401
19540
46465
28864
19271
4414
32561
3582
11233
11047
49211
23376
35953
4971
31909
1409
22586
37805
22629
44560
34113
29414
42210
39463
41742
18179
24848
48292
29011
12026
14151
9217
2590
7569
10644
3007
45701
49790
12086
35582
15095
26043
36781
22284
28872
28384
42534
41386
3961
3822
4771
42120
47414
18640
32209
35977
31354
11353
9733
18250
5394
35620
38480
23730
24026
38493
30003
3925
13059
39958
17309
4716
48118
45670
10173
27280
23916
39950
20823
16194
45607
44805
19450
48311
22004
27048
28805
46677
18630
42817
12093
14031
13799
108
48492
34656
38473
11829
1969
5841
17760
35471
29090
19909
19180
11383
1853
44372
39525
21371
4222
30987
34835
24686
13093
10014
20168
23928
28562
3357
28244
34555
32595
21519
4081
25565
22207
48152
44087
44050
37756
11329
20126
31038
47381
20230
45823
47770
44946
14097
10840
38273
15442
42316
11043
33167
10334
37542
43330
21577
32361
40845
19262
37148
35995
2071
16006
15801
20359
18735
38421
34439
4112
36702
44335
4310
25430
49526
49135
27868
13753
44201
21234
22715
23622
32972
48211
44154
486
16103
40437
10560
33995
982
49564
17418
7728
24773
6576
32916
20608
29906
14019
28915
24709
14604
35481
43405
47865
20276
48718
47715
48234
48279
35125
21027
33073
37490
23345
39985
6588
25239
22988
43235
36210
16614
35138
46845
14434
45850
26037
29024
45243
39494
13692
43327
15056
11432
47769
26309
14783
37228
8852
33868
20949
12407
48751
21052
40152
2690
5723
43712
24760
44876
31819
13385
4446
39630
36480
38965
12947
44865
29400
32261
3566
32888
17463
28162
32076
37311
4704
4096
6126
31726
12058
1465
1413
24898
33122
17464
29984
21433
9883
20688
39278
27903
38937
10942
44690
16885
27299
41436
10411
37474
39882
48534
18445
39778
44394
22241
35566
10603
6638
13666
4464
13080
7625
11915
10158
46162
34593
14668
46409
32527
20961
49562
12039
18452
9863
8672
2298
29499
10941
24014
7932
28280
48012
32238
19192
3667
1003
21072
17853
24074
20323
4303
40737
21874
123
39175
36094
38111
7125
41406
37730
12623
37550
21909
44427
22670
17714
44549
41883
37235
30239
10706
38420
42154
4314
23173
39576
43522
33904
13823
30759
29956
28006
40082
37018
26459
30016
858
29370
19206
24416
15811
10631
39214
30143
18601
6249
20213
27630
41193
27293
48698
3657
27292
2396
49874
42258
16184
35447
43043
45126
25275
33529
48505
40331
18484
29671
24956
49499
39436
30131
11087
41032
24365
34652
18264
2326
15881
8176
30875
34704
27956
45830
31412
7813
38299
17674
5447
36007
38557
27218
1712
40969
49665
10556
1772
16056
5423
20901
17507
45193
48024
27461
11785
1164
17232
42284
18518
21826
10528
12616
46667
1310
21301
46483
33469
8000
17192
42943
25840
3643
16641
20723
20932
21427
47026
12899
34715
31307
20886
7546
2203
29606
30090
10886
15828
9423
10407
25575
48730
19238
18835
3239
23148
32620
28921
3945
1218
35082
21582
38468
45075
24554
33128
41414
47046
25040
10591
49570
1510
7279
48792
47053
22064
40363
35614
31416
712
36535
34566
43474
14866
18578
10559
18555
14747
34692
21697
47753
22690
20446
5601
8884
21971
18730
8066
10796
34032
18931
2980
44232
48357
6828
47823
28970
2108
1885
25391
21820
7028
40119
35661
5070
32503
48918
10614
22200
3883
5338
12169
38979
25618
27879
40029
42193
6762
11088
31927
28320
3471
3072
11711
26952
17403
1239
47073
1490
47589
4790
14894
30105
36413
7948
811
7234
6287
9329
12329
27547
22032
17831
28685
44726
31966
25684
19885
12267
17036
48154
27382
26627
3434
47841
46463
18193
29190
48785
10789
25501
5300
39105
32421
21561
42720
18841
43690
40974
35745
38304
29744
29989
28863
8534
12514
12948
39502
39123
24868
21739
42636
12625
318
35764
1035
29843
2401
25467
14327
44052
41381
23184
24189
30013
20805
22854
11392
33939
36825
21078
38053
5675
20939
44509
36510
25494
29343
28772
14438
18456
26301
4205
32898
3536
39320
23694
22603
33076
11403
37826
41498
24108
26854
25134
47461
26706
18926
44089
6451
3248
40360
12830
48034
16684
45395
1593
20482
10198
29222
47771
25425
36500
48976
12153
5021
16412
21295
12511
11409
15049
10980
4373
4820
34608
17652
14566
13031
10463
32420
19111
1629
15805
42973
43934
20652
9490
9070
10426
44468
38095
13130
32856
40371
15965
29988
24625
5937
9708
15766
43799
14439
32515
48710
19103
4175
6983
19652
37540
33137
28920
49194
38994
15842
5179
43053
49789
48256
3446
1261
38218
38211
31413
194
33992
5479
43684
37007
29274
2325
37109
1072
36430
6259
2454
13511
1764
6195
17429
36414
13409
3099
36440
13972
33415
8960
39424
34648
32218
2535
35742
13364
37005
17274
24308
19448
22001
36526
1578
21177
43597
35575
6394
29417
46791
19236
3039
47973
48680
26811
31915
28426
3736
31545
9687
33094
21580
14978
5740
46856
7988
16575
36383
38159
6396
24381
13802
30958
40780
47184
31164
37825
45942
26656
10126
4486
46811
40655
19582
31047
44131
616
28572
7257
22514
33329
32055
48786
19642
49430
9448
29865
21597
48355
14250
36759
45394
11023
42667
11402
17142
17290
16946
11245
32459
33144
43719
14268
38225
30709
47563
42694
4254
36802
25291
19015
27085
20704
32278
571
43444
42719
2624
34278
6372
4372
45170
44854
18305
26646
1567
47811
373
25062
3410
33761
14423
40295
18723
21945
26840
28492
15072
43307
36645
41352
20508
44540
2678
34029
12925
48368
8781
23616
38672
18471
7852
1058
36902
26469
41697
37308
4483
42922
3147
45698
8115
36991
11029
3886
43654
7874
27363
45054
9324
46387
14558
43867
29477
6599
33523
35221
47296
22233
43627
47131
47271
24496
18147
14275
16487
38873
18291
41720
34366
32489
49253
26302
14414
12015
40187
35615
14744
41749
442
13209
7869
29628
10982
31633
32263
2191
35114
13812
5105
38406
3009
10874
41392
21747
35198
2660
1695
26500
30075
35570
2281
7292
34448
48907
2929
16387
23768
289
28887
22337
48741
39204
28749
13680
20408
16613
18703
7700
35639
25131
26480
23168
41111
12122
33218
26734
18260
19199
11373
26581
15490
25642
6921
35455
48837
39246
30769
2300
33732
47275
32059
29880
15680
47532
23249
34615
16879
42003
682
10513
18316
23684
46060
17851
39469
38926
23831
23367
45299
1991
47517
2774
27222
10633
3322
38010
805
1620
5186
2137
49523
42251
38915
16142
18369
42150
16554
47158
6627
38437
32740
23068
11449
43223
18737
5085
37077
40748
5535
42890
23375
37089
7301
44121
35362
33164
17920
38813
10070
36784
33622
14003
17750
27409
8630
15295
40648
27773
4690
14195
28082
32629
30095
14009
8799
48370
40922
30779
30658
33897
40148
29947
22417
37846
10784
21020
13278
37760
27394
10413
8254
9887
20600
18736
22718
14183
28657
26131
2385
3064
20865
6774
8621
33846
24390
46289
8171
2954
29996
11375
19794
3636
41865
29977
29733
27730
34662
20974
36044
40470
29839
37498
13402
199
3717
33237
38346
15637
45562
12970
2858
8977
12693
33573
541
38779
29704
16320
7879
35056
31160
39275
4565
16096
5643
9902
9908
6225
16722
32410
24361
30472
35669
17472
37557
14760
1427
2583
18928
37946
49871
40142
44290
42514
38657
36341
12062
935
8710
21093
46482
38158
17927
7017
9183
44424
34246
10573
33061
49293
37807
11370
32015
44260
14890
16126
13931
29936
31296
4047
28706
40162
15692
31088
21658
20560
36344
38898
30571
3638
37700
11965
47547
22385
4003
36268
16899
6203
92
39080
34650
42539
24382
12316
36981
28110
30028
599
19915
42345
35782
1131
43913
8368
561
26483
45497
32970
10354
7904
11647
38094
22968
33332
2731
19037
35146
34339
41444
6358
23611
35239
27201
6192
16469
16675
37744
42936
34034
32910
22943
21511
43551
11546
32003
33859
18241
48822
12665
43064
32402
23442
6080
14252
5689
20070
2154
7083
26860
26069
83
7845
21678
22938
29740
45860
39184
7040
40228
8880
9713
17965
43636
31304
38169
5220
44487
43128
7735
33322
26353
17104
45411
31876
25253
4386
44644
5763
31426
28722
24317
24512
48018
25367
2497
47953
35135
31976
27012
24596
15876
38336
38894
2612
23350
6852
7823
39522
49192
10326
16075
18877
46735
11709
3336
22117
17822
42103
37732
34064
31664
30069
7411
11253
39738
14491
30242
5117
24826
29848
46846
31853
46058
4627
13519
19820
33729
35963
39707
45105
9674
37095
34673
30389
45511
29089
8613
11650
47570
43587
6863
696
45245
25765
30708
44389
30882
16767
31832
18440
35046
38741
20533
33411
45978
22633
43314
34978
31614
18733
43476
47234
34815
39848
9668
27462
16268
12592
43884
12521
33320
41063
110
1143
9143
2904
6647
47175
26502
4144
20714
11159
49402
41448
11102
6114
15441
21387
40618
41090
41630
48406
27502
7360
45043
39857
20653
15967
30924
7242
23276
47789
5540
28028
49870
12501
34614
49630
42388
39993
14848
7911
23236
17255
46466
29656
15605
27058
48905
5402
7114
20541
17957
1643
30036
29339
480
22936
2035
2553
1428
31991
49653
43529
40884
33923
5080
32011
32581
41831
30816
22673
3409
15628
35733
33883
21160
46017
9983
25247
21688
19291
14958
5577
2164
7176
27320
27249
29307
14232
39965
43938
1574
2064
41426
21448
8179
37221
33163
40046
16817
44136
43491
18840
3381
37954
17096
25390
40795
30572
8399
28288
19377
30621
27230
27361
6600
37715
8734
18987
3579
46454
27179
12763
42497
39806
48775
23045
27912
44289
49161
18916
2273
34235
42107
26427
8594
42966
25898
40451
29752
32816
14879
4035
48824
5417
42043
1032
19957
8390
30461
34911
23661
10807
5533
8065
1433
46964
4614
42808
45795
24615
35118
20863
12265
28144
6219
34557
41037
24543
11573
25217
29388
32967
9971
29900
34475
36670
49962
17511
2561
27016
39923
8937
3305
1338
33974
6847
14449
30767
39521
34611
31527
39624
46944
42247
20139
36502
19273
10414
41555
9982
36303
14177
39651
40211
30699
9480
37720
25058
22829
509
18426
4956
24695
25675
13432
21954
13775
7841
3068
39127
35358
15527
3235
3848
35722
13463
35882
33635
18476
10531
43208
37811
33442
18283
13272
48144
37871
47738
45229
3044
3468
26986
39255
2900
14557
23535
46770
35627
36079
26985
11330
41659
6485
2673
2700
23636
3969
36918
22318
28037
16295
36893
855
37983
23121
49903
42611
12307
25120
45919
28158
2920
29360
44770
29973
10056
44856
19973
12395
14385
45846
24282
21012
14595
629
10238
16032
41349
5519
6244
31730
6651
48920
15044
30604
48261
34493
7305
25805
6954
43354
25311
29601
36745
37132
21741
5812
7665
38995
34381
19641
5101
23401
37665
14080
19883
46901
16965
6481
1181
49433
22520
42017
4333
25472
13930
44318
23253
17334
33571
14842
20754
4129
23389
15124
45325
9436
49889
8608
7603
41088
23865
35701
32
32655
16492
16214
25188
31759
39095
42128
43376
28908
39410
34846
46782
3984
14954
38737
18202
15626
34996
35775
38781
1146
21423
5231
20781
26736
37979
13500
27948
9756
6136
35690
19171
22065
182
11990
21607
45641
6674
32207
5620
29232
9313
39531
5918
12078
24947
32375
16892
9594
20904
26934
24030
49912
18616
9076
25753
43449
24081
17586
22697
29269
34505
13241
9374
18259
23652
23400
49856
5542
44164
11939
38796
36457
21515
18501
19577
34864
22793
10204
19699
36489
6493
886
11214
35820
11066
334
2997
47496
8790
18881
3518
19566
38745
44036
31842
6920
18828
40521
36102
22480
1065
32641
31572
28048
611
48927
28735
41499
16720
23197
33548
47040
47344
46083
2708
36237
42144
3764
1226
19404
2113
21899
39181
47260
9638
16000
23850
17617
6121
28500
47957
45505
2100
25986
46147
18580
1873
26509
2807
27635
28290
44325
25976
20648
23175
39487
9301
35744
39030
35051
3436
26288
31807
5143
1602
43641
29897
17939
31980
2295
17845
40898
31203
18937
48372
25454
26637
26422
27706
13378
19298
33920
29502
36775
5247
30886
41710
21114
28153
32325
7861
46185
49591
34709
23008
47578
30565
41074
29143
41871
279
6245
14203
1888
993
13495
28903
10398
10276
37112
30858
43507
5604
11879
17921
27045
47506
30352
49325
45713
22965
6329
28043
40263
47017
35394
12583
20120
17932
19160
12984
29387
14270
29430
27463
12348
42892
31069
5500
47248
36819
26328
1279
26122
39458
31116
43210
16061
20524
26060
30378
22850
25921
20788
34207
22141
1530
10898
17141
25874
12470
47596
29114
14413
18617
39391
24775
28354
169
42190
27807
9694
36879
46365
8020
41688
49274
29943
21112
20841
21087
31768
21419
20897
49426
41218
15684
23952
25551
21298
42710
12762
37878
4875
30264
16223
1928
14243
45774
43789
2388
28588
45574
9407
847
38647
13804
148
47682
48930
39789
37543
31039
33472
11697
25666
30113
31822
32580
27784
36914
19593
46088
26327
18194
11061
13489
25033
37609
28769
34837
9720
22691
4115
20958
47592
44167
21905
38079
29319
26996
42581
33838
45714
5979
49620
44393
11671
28630
4075
11472
30703
18490
38925
44244
37351
35791
30084
20481
5004
3791
180
24220
10554
35561
44878
47056
31620
5629
32435
1136
32845
44607
35643
225
33364
20363
20937
18818
19329
15517
1270
702
13137
20329
42945
49100
20073
27615
34950
43471
29691
44476
20123
45070
43104
14983
30347
21019
21190
44506
31064
17048
33247
34456
795
14896
11114
33059
18446
11412
43004
1984
22414
29158
22270
44122
10444
23200
33811
15362
21159
31480
42688
44105
15913
3957
42191
33711
44871
40609
39337
382
16755
38124
18509
40239
11548
43182
46893
35785
28736
20437
25824
45303
23519
29781
7100
10536
23412
8293
24083
48687
25838
21073
38092
31324
41634
19469
21049
36708
22384
44692
33519
31214
27033
28077
40701
40891
36985
49616
31855
6165
14161
46771
6808
35852
11570
38482
27479
46110
45351
32454
32774
34747
2117
987
48198
15345
19007
41348
49967
40690
4808
1528
5096
10212
41122
19036
21094
22232
19356
47998
40175
24555
33626
32729
7152
44330
8989
11427
40419
16445
38575
34569
34852
49207
41825
19504
41016
10899
24575
38661
5846
42278
19390
48903
6422
40516
47022
14538
1145
8760
23315
8146
14159
26778
23701
32930
19178
39671
11822
36417
45878
35677
27731
26544
30972
42488
15118
29832
47961
749
44141
45876
31037
15388
40811
34095
2937
25418
47557
31455
49004
1950
3429
5115
35036
48097
8686
9977
3220
6884
30473
32763
13175
47868
42479
21038
25641
45322
24274
1435
21998
12129
6865
40899
31063
30881
26567
23298
8549
11325
2694
36134
22485
15839
46097
19875
17243
32547
19753
33968
1012
6247
2677
32436
38261
24974
91
24917
23011
31056
47631
14990
40930
41718
17764
23328
33522
15918
24367
33085
37370
14255
33024
5899
762
3449
40143
34024
35049
20000
19047
36055
45036
31781
36495
3080
24584
9379
25250
31265
10608
12415
16202
23411
2323
20080
13776
23959
11327
13073
42969
22916
43598
15880
22733
13479
25966
14022
27172
2201
30902
24499
29627
38233
23120
4454
3852
37017
6191
6478
14833
411
24964
20844
8679
27508
33952
30417
13616
11229
44818
9187
41531
7161
38075
21374
33304
34324
17817
40346
46793
6354
47201
34977
23846
40575
29283
8205
10952
29954
46996
18991
49846
40888
21763
48130
30529
29512
39660
20064
45443
10945
2504
43038
5312
32323
47404
49984
9669
8319
2174
28694
32028
42014
7335
48818
12677
42954
423
37376
2808
25730
38847
16525
7400
27774
24966
34204
24465
38668
22035
5199
30938
2960
25154
8227
47380
30478
44464
18573
11758
10793
29066
43166
18001
30176
29798
20240
37884
4751
6984
44423
26547
26136
3890
24707
4863
14780
36619
8299
43488
47627
41002
27367
47325
2313
11932
21855
46643
46079
3292
10623
3645
181
33390
33921
48418
8175
41022
43629
30314
5547
22578
37098
49436
20973
5766
5699
28358
30010
29763
42185
20116
11264
43896
42078
4609
43859
47197
38564
18030
37998
33639
46197
46007
5950
38840
14763
21647
37093
39068
32531
47190
49636
26169
552
39345
43702
13942
24787
46872
24432
8816
27708
2850
21294
23733
28195
44100
13315
11407
3996
41098
20247
11781
9651
30303
1173
45608
23670
42894
31619
2662
28332
9967
9221
37888
38369
43404
16512
18535
35801
14076
8422
33007
46329
31133
4802
14222
4283
11557
47566
26841
32030
40227
48067
28039
40944
1676
39351
12362
11767
45541
37212
49141
28834
19384
26007
8619
42147
842
25658
46752
21725
37568
21059
45945
42785
36186
19009
34553
19325
33158
9449
34752
23182
3705
25796
24523
33630
12701
44348
43892
36407
3256
648
45744
42458
3966
35611
44964
7458
9384
7102
46275
43963
3
21261
3417
38415
42888
26660
43686
44266
22492
5641
38608
43191
29708
45424
23990
47272
3700
42447
24693
35194
12009
45142
24620
2946
981
41606
39920
746
16450
2238
9386
48282
40435
25877
5687
1198
5067
13829
40694
35470
7844
14115
6686
22699
5637
48812
551
4675
49374
26838
2321
23409
23756
45301
36289
36668
3021
295
43976
7602
17824
6021
34898
10236
1848
38014
35711
6419
10256
23647
13719
10409
11617
8141
10015
15468
7010
17537
2515
43076
16222
15907
7523
3949
19856
28828
49412
48095
48276
46896
33922
34850
22821
11250
22047
39625
28297
42377
14267
745
9074
16151
46231
29223
28764
26394
41494
45454
15201
13809
32501
46597
1836
47067
48216
14573
14776
7747
673
22743
1500
12057
10477
20674
44227
17615
47422
46136
29717
14629
35136
37460
41797
15482
6902
32777
30266
24508
35370
22160
25808
37655
41582
46042
17282
7971
16576
47108
18728
20814
41536
32712
31856
3350
43406
2161
910
11601
43397
20288
16497
29098
44064
48026
36894
46805
17402
21777
10095
25
2620
3212
8210
42996
45028
38328
10848
24767
46576
18206
7656
20651
8524
15923
43074
36550
18133
48312
19053
41808
8151
1018
26733
12889
30784
37232
3824
31376
18285
39013
17447
18997
35
44558
15754
21150
20465
47060
48161
20227
1654
13724
12856
47801
46930
25785
5731
24223
34311
3014
39229
10576
45881
32761
30273
25741
21608
18427
18254
146
31311
34805
49786
10130
29160
25077
34320
2482
768
14665
32530
7630
1536
8973
35164
38613
28986
4993
9430
39809
37529
9664
13589
45090
865
20273
39656
40524
37741
14654
48662
26657
23205
10766
11804
43528
31673
29109
29032
7074
47854
5379
37165
46843
35941
5219
45524
8442
38903
41936
10962
49281
3927
28967
12641
10693
12862
49942
39119
46787
23113
45314
27560
13354
9528
32811
9912
22801
15066
29609
13122
22129
16190
49475
48665
49893
4243
11759
31495
47837
42045
13583
9021
48776
26797
28698
47832
33983
1119
23039
16336
39098
38270
17942
25234
4371
16209
30426
45306
38281
43891
45628
37710
24603
12380
8997
5145
6568
33822
23043
42904
22297
49777
44248
35148
49732
13325
14955
30922
3047
6500
18216
34874
37751
38998
6340
34300
30244
4330
41587
16820
27574
46963
9367
15065
15659
5421
12304
24769
26485
25989
11783
39665
13188
4913
15964
24092
45190
34169
49157
35338
11116
35681
18115
45357
2136
22971
18277
8480
31009
47294
42292
17456
47558
3219
6913
34726
2408
29680
29453
35295
19021
43969
4532
19804
38649
12477
16786
7032
3088
28092
20943
9361
26751
21037
14784
43849
18244
37767
44178
5582
7686
47856
46036
13517
29482
9299
43870
12648
1565
12938
32310
32932
49174
18629
28112
49745
8984
42140
17898
17284
20710
46084
2
34721
39132
49793
46673
40788
14091
22862
28348
40411
42988
3858
2506
1257
35177
8240
26009
45007
46300
39329
6499
8759
34405
23713
3660
21413
29205
41884
33054
8455
30233
22620
42677
28167
40454
7837
49216
46939
36340
22364
14854
26605
6401
12147
43792
18060
33557
46910
14202
36264
15354
35718
31986
46078
35808
16510
26520
2181
35253
38572
2070
20905
16734
19286
12324
4807
30535
25046
20300
18797
41850
44800
2734
49631
18674
45776
8089
20623
20877
27066
36418
24981
22735
14597
39031
35277
17412
46366
25138
43650
45158
3589
26002
49178
49567
24093
46139
19251
33533
42042
31556
39196
17890
28570
38223
38297
48005
23633
48039
38399
30475
1829
4660
6526
37073
9606
12171
11228
17638
19548
29013
37772
24133
22089
46796
21630
9549
20764
46437
1349
6532
17715
19686
18410
16649
6572
11893
15031
22567
42156
11993
35129
5571
405
12273
27257
20081
15390
46310
11660
47457
7213
22950
8605
38400
40012
4755
6017
47212
19459
49286
46032
41376
32728
47127
22292
5376
25911
18180
21090
28056
17848
27072
5824
34038
38508
47508
23446
39516
37309
9741
5656
45976
20293
16361
49841
30561
46278
44776
14974
5163
10232
8459
24727
28923
6733
23991
28070
21606
15871
34118
6542
4964
2085
18149
45117
32906
22609
36746
15710
27393
4848
1080
25039
40995
4554
33520
7991
44715
47284
29065
24032
49224
3710
45580
38878
44887
22184
1746
6264
28848
15447
17348
30278
20812
17224
34729
7895
30015
10526
2061
14245
10919
38580
13585
7907
10701
28664
15422
21122
17581
5240
21131
17978
30246
41484
37426
13619
16683
5552
16966
35767
39635
6677
46037
20310
16942
17027
34495
3176
25102
187
6821
34842
38204
44927
8954
48635
33643
24593
4356
5311
2585
2195
37520
45977
27020
5897
23742
41632
17916
31082
21148
1059
28884
7223
48384
1919
19826
25486
1894
30002
36331
19313
11173
18267
29068
18874
9230
22676
15797
4504
6936
1040
46167
34538
13152
35285
13157
29845
5518
48857
5168
35104
41043
8153
5097
44896
47497
47182
9657
5196
17489
29137
8410
39232
46222
49221
17321
8168
21690
42841
39489
8336
48110
24027
32803
17302
43433
3367
9243
19570
14266
46751
9596
27108
35983
15248
17490
26722
11134
46657
46106
27671
8806
30212
38471
1575
16738
27818
33466
48777
25713
5880
8890
9425
17795
17626
19638
23468
49486
30718
5252
33026
35650
25190
3427
43635
47321
27399
45697
44446
18595
2978
47314
11468
22053
4665
29938
44979
4192
5318
41355
37844
41163
43338
45119
22195
5585
15348
19546
36147
25293
49114
34108
31970
8546
24788
44656
35172
30307
7468
15167
6346
2465
30492
29868
33479
24357
17379
14912
620
18067
38396
32779
41719
28671
36815
31470
43644
27325
25010
846
36305
38309
4425
12382
31886
39414
27136
37384
3233
15552
48253
43765
40304
45593
18174
35673
16322
44457
20736
4032
45205
45165
7231
3849
37593
35944
7052
43513
40083
19498
15200
36737
26279
14961
49568
17145
3465
1004
40812
17816
2803
37310
28096
1534
3895
8807
28403
30704
23567
29774
21979
14341
19623
13027
39536
47808
33770
32764
29507
2204
30534
27846
27610
37501
25922
24977
44310
31748
47775
12144
44082
43917
24561
4400
3982
14942
803
18318
43472
38797
20315
24913
48151
29910
42494
30633
30243
30526
15635
14999
25261
26140
26160
41340
30657
29547
12344
40150
6001
18786
18986
8721
6196
23244
46854
20221
46237
20976
1168
34676
27569
37951
18465
42643
44530
31731
40245
26678
12371
1586
43249
3584
5456
23847
1810
42268
19005
38701
6704
12136
8677
45981
39699
18310
40085
22740
13129
1826
27090
13574
14426
14936
23267
31226
43744
31212
24355
18780
41897
36810
18450
21544
33333
19135
39876
31487
44939
34346
11661
21709
9403
45554
8027
5269
20085
42391
2218
26198
17024
13332
17989
45882
10397
34717
34731
32164
8844
41167
19496
10518
16585
17200
22932
32455
12898
45288
13704
40794
44179
18920
2123
5609
13058
45315
20406
11418
31843
12651
17307
38775
36476
8221
33644
7714
44920
43099
47364
23639
46570
47331
15631
16196
42598
21288
200
9753
34385
14130
42121
23209
19189
35192
38393
29567
36482
9134
1055
11774
25797
43805
28490
12033
49463
20855
32200
45911
42027
2485
10143
8791
23055
28381
3850
33132
37054
43898
16093
29316
27967
8095
24569
10263
31055
48280
22366
25351
17252
9417
20450
44662
20003
34690
7711
26991
33962
37887
5522
4476
45201
47155
19525
3846
12218
3165
34771
32044
3864
28930
25704
30222
33115
26351
29872
46519
11532
45120
26416
36761
14651
10879
9348
45134
43860
8478
5787
40540
39881
11086
3185
10255
25448
20340
17029
4116
15888
25485
47075
43579
9229
9339
42983
16034
4020
36707
6213
22951
38203
9197
2976
4367
12864
15756
31566
43981
36839
42767
23476
37879
12476
45768
25420
12598
17251
21164
15549
39210
32760
1517
16590
41861
49532
20028
20499
34412
6721
45186
43018
20730
3106
14819
641
37531
30900
44168
29308
35241
7141
18409
20259
24067
32533
40723
49202
45884
23668
45448
8895
45869
29454
5943
33006
3733
41287
1501
11511
9052
8931
42903
8169
21652
18785
21691
10109
34189
40692
35866
38498
49287
16358
720
24335
49051
35442
42425
22975
19583
47888
18947
18109
39580
45801
30778
26618
38889
18251
36620
9104
19564
46680
30686
38843
41114
22841
23
31507
14534
687
48147
20665
1956
47600
31219
43872
6564
33008
39614
29060
23975
24885
22825
15239
37152
13502
2365
25750
37078
15892
1632
39312
7975
28439
18803
38768
48088
2575
25011
28053
9032
47772
47071
10242
19594
27487
37135
16556
21451
9523
4819
37147
42437
38669
10586
26782
2459
33272
1731
45943
39096
26022
40798
9716
10833
32999
4899
44679
35407
30248
20072
2318
49761
49775
8426
38193
10352
3066
245
26524
40872
19098
19800
32110
30053
35242
12537
4459
1303
36261
17298
2854
39002
49674
31932
22804
15090
26211
14191
49089
7526
28416
21583
2572
15523
45296
35813
1703
8173
27471
46209
45138
26948
27271
32430
30126
36198
33510
14389
10377
23819
42931
29949
6417
604
15426
21800
1857
7561
4428
19613
9864
14459
11266
43495
1291
34352
23130
9493
31481
18773
3309
30543
7226
43692
4680
35538
21781
16410
37268
23216
34992
21180
37817
9483
17178
32732
32315
42703
37582
30481
48376
15273
38184
2258
38187
15491
38869
20727
32708
19831
27163
36721
32299
32023
15228
16043
38595
3796
49380
40198
8595
24557
22694
8940
42495
37980
42893
29638
26671
46942
4736
31121
1241
27406
22299
2065
33129
10044
9087
38320
27652
36270
32468
35807
35590
30334
11593
35038
14263
37127
41148
30011
49085
4592
45667
4327
34948
3116
18962
12850
42259
47565
6332
6653
25866
15712
19301
15128
47014
17185
14368
24205
3402
38823
18279
21918
5136
14422
19399
23368
22817
32508
40370
11772
21612
27039
17884
27308
47795
25165
43356
49434
48183
7235
44184
1179
7794
7473
19718
38041
41459
24310
18382
42561
11142
5372
2470
39666
46071
19563
24078
38680
24649
13191
6540
36836
1599
7311
36030
37476
47992
36192
47980
37042
1498
4762
28874
27546
14387
24122
43386
3289
28725
14461
5884
6278
12683
11270
2759
41602
20262
38049
32054
38330
1509
24022
37870
18120
7725
25938
1670
26197
7322
37171
39375
38037
34101
28174
49258
35101
44944
36629
24404
49273
16339
15423
7471
39326
46851
19673
2441
14587
42401
24447
16062
12704
33840
27729
19094
38002
22942
27812
16079
27355
21440
11367
23983
24225
18320
4564
32345
14313
32352
8264
15957
3203
45106
3617
42194
42470
6722
43351
24104
19041
11866
42974
18607
43771
48044
899
46402
21500
15188
39842
3364
5060
24209
24734
17398
30142
6718
46665
1921
3156
21077
11889
35948
36364
8490
28461
17982
4077
29111
16454
37403
23296
40338
7930
22584
13242
37627
16688
31699
4868
5451
4167
27567
35283
47264
1699
1553
34210
31091
17374
39216
46120
31784
5632
30160
4416
49487
12114
44265
20620
48150
12486
48388
2474
188
31153
37519
10321
1779
10621
20998
48543
21127
46841
44714
35287
1563
49702
31763
35187
32963
47047
39994
44567
40713
6141
45037
10336
7596
6135
17730
6711
21183
42295
16159
36566
16278
31702
20857
39647
4066
19780
11204
14152
38862
24513
41836
6105
22703
41351
294
9632
8887
33725
11168
23137
28227
34104
22533
38574
37047
10628
30866
7605
34315
11303
21685
32393
11833
95
31720
13740
3487
1749
4636
27457
23589
18038
42474
10888
12471
44041
3037
46393
23027
41333
17807
43637
34028
20197
8257
48251
14296
12944
35352
5556
583
5574
13710
24757
46317
47569
2096
40325
48826
2126
30976
17396
30680
9681
25893
8019
46606
48608
17109
16869
8597
34066
8488
35189
12075
18222
5728
11207
871
22555
46848
43377
23213
21783
48041
39990
11975
2955
3120
36179
28617
46297
35388
22994
42074
41918
10287
28178
45079
43694
1521
28316
25935
13658
4058
4560
23303
15954
23643
29560
27578
16424
31879
49926
49498
22901
21748
17249
22923
15399
25122
13448
49252
41668
47885
32311
2868
38230
40130
26622
35218
32405
45210
5859
12610
15028
6453
2345
651
7669
25200
24541
44765
7330
21185
30546
9075
43077
24890
35601
9682
13434
24952
30301
8417
11967
25383
4813
591
34592
38515
10084
26591
41789
1851
7197
1457
1475
18375
17681
4105
44787
34069
37528
18371
45927
32408
36284
42637
12082
14864
10068
30065
44158
7131
49477
12092
12111
21749
46982
41446
45286
7480
6769
26625
19659
34137
10065
10954
6643
39610
29059
28063
1662
11962
30570
39191
49536
46651
47993
2910
22766
6688
20319
278
12291
15660
1391
12100
36816
354
37506
28535
40915
22346
20245
49755
38448
4436
8245
7046
14223
40385
311
3530
36884
46076
5755
13286
47999
46604
17069
25910
22187
6623
27426
16063
15149
37578
17330
44877
34197
26475
19418
2549
38423
42084
33975
17475
49294
49633
27991
4145
7244
21991
35227
37495
44171
43591
16707
21149
15500
10678
2652
19153
4557
13258
12404
25810
23384
27751
35315
13600
37978
43895
24469
32700
733
43117
22921
16806
36860
35236
34628
36844
47622
597
18232
3016
28329
25112
7061
48743
5037
37859
7510
45266
41981
1561
20567
29621
31067
41541
26134
49960
22051
6094
4670
46100
49133
36132
43990
31071
24912
27084
15157
44375
4773
34242
42343
33733
18278
2902
22121
31213
25337
49720
18157
19289
4124
44745
6002
6154
43057
42874
14956
17283
4865
8673
27536
5381
35371
48770
37522
47858
33467
9751
35621
27161
25778
24978
19612
8700
26770
39684
16053
33619
15035
46658
48240
48871
29374
5829
34793
21594
3408
25431
25180
15210
32348
49969
38720
16368
11067
38157
16918
24402
39355
44951
23026
38700
21526
44086
39114
48217
27387
2188
25917
20912
29913
25496
21043
4608
46629
27973
41526
9740
28014
16114
436
41717
27553
38804
38214
14711
45565
16799
23110
29994
29957
49315
37800
31636
9877
4282
49749
27887
46347
1473
7926
6069
27800
27792
8499
38072
12233
33468
35167
10371
37530
38006
17425
12637
5791
60
38058
3893
43447
39405
25693
41712
45074
47299
7850
5506
37328
1441
43225
5955
36106
18461
24455
13677
15694
17132
17134
3605
36525
41365
11450
10104
10882
33562
21035
18951
8421
49288
41857
13596
44422
2786
20306
1817
49774
24003
36387
802
15979
27197
29100
7015
28829
7300
18752
36617
31554
15011
37105
28944
23936
18778
950
29866
20393
34489
42230
37168
7267
19221
37129
10849
14143
17918
29309
38800
8147
22501
1890
44845
35401
1034
4666
32318
48807
40213
20950
2682
4888
34535
16741
40251
3330
11021
5475
7722
35319
35748
38599
42622
46496
38495
26202
13987
7018
32045
9262
24832
2490
4667
39213
7855
46350
17655
32847
33035
18184
9310
26216
22644
2896
1762
19666
22060
22403
42573
20006
2527
31189
7402
30719
15479
27076
42153
25230
43361
30693
41875
23609
17437
47115
23052
39047
512
34958
43118
38803
41628
22086
8828
19609
40636
12743
7491
33262
16264
17770
22615
43843
37721
4082
6134
28279
7247
10839
47079
11997
46956
43997
12833
43265
33673
11945
20796
29407
3708
19486
21323
24698
10063
27347
41105
30945
10927
22991
12255
49741
6275
11135
14552
38329
5618
19013
5945
40937
49112
31151
11336
39705
17827
4365
38808
28291
36016
19550
12736
27905
49354
6491
402
45599
2885
10003
12885
10552
22063
9874
3102
23362
39317
48299
42157
17950
42543
4940
35282
39934
30702
40679
2134
32993
