5130
49439
34430
7145
5904
40427
44499
18021
26879
13480
6116
30856
17956
22279
32086
34191
19215
42114
2643
10783
3572
18340
30870
4970
24387
31758
23923
10767
14658
30299
27573
39922
11119
13007
14495
37448
41238
1135
8564
7156
27351
18003
4977
25622
41057
40101
117
23913
40113
10742
12853
9028
24377
7589
43770
20827
32346
30979
15262
6926
27497
22375
31592
47922
19946
2688
34387
28616
31642
21351
46583
8026
34174
15386
1045
37254
49369
4573
26551
31934
43800
34100
32715
12328
38604
8768
5843
3254
48784
24314
19279
8626
15355
27723
25933
15467
26027
38708
33067
25843
40661
30838
9627
26172
8969
39448
25531
21977
4383
45287
12279
27776
3043
47684
38929
33284
40310
15937
41041
7954
15097
39325
44140
26534
37270
3810
36493
5989
16081
5495
35345
709
19334
6980
19920
46560
41554
30193
34114
26470
26801
39264
38738
44378
35424
16768
27422
28000
15513
6101
14212
31019
5448
45361
29942
6811
33854
34009
18867
24397
26378
5418
12909
14877
10002
38337
49977
2667
32338
44827
38246
1542
46969
18379
14571
19078
5734
33307
14709
37845
3555
16388
43586
47567
18160
24524
6665
16087
24624
44766
2334
25172
12682
13392
40816
23393
25826
15078
8802
417
25816
33692
10244
4133
44026
9036
39026
39063
44637
9399
3773
39590
26276
7878
677
46900
47203
30951
45020
2245
11917
28881
46427
14367
48915
21864
2468
8123
686
48399
10553
9886
49476
31014
45854
13639
25439
29350
5260
6148
2106
47530
4120
48542
31579
35197
18558
28893
18074
32046
38167
44614
28345
22640
20858
45661
15860
35781
32135
16703
26109
29161
10042
21756
19668
21564
5586
19751
8443
44864
39652
3321
838
4696
38542
11538
7762
33051
23024
10814
14190
39020
31169
4360
13847
13313
13422
27037
24866
49367
41944
18415
49897
30008
8013
10859
5517
29386
38352
42309
1233
12544
18775
6512
44251
43496
14712
19861
16376
41430
4626
41304
693
28018
27212
23204
45877
15013
2387
42186
16981
27734
41294
31610
39900
7288
33241
40124
23439
36520
4585
19080
17992
8497
28413
22526
14272
19411
6041
17637
47233
6434
19357
20793
348
665
34492
9116
32008
3029
20987
33961
23230
3035
28621
8253
40939
16937
19818
2836
20005
33603
25379
31646
11382
9396
22462
10565
44288
30528
26756
5009
36406
21315
45204
15990
32783
45324
25568
42520
4957
879
28854
1019
39447
15215
15616
43696
9870
36362
20208
31084
31054
19926
4067
10122
37865
3943
3758
38836
18795
43266
41326
11656
17076
37383
3433
48924
31767
37847
11637
25855
30798
21447
2293
3827
47315
14501
32195
24938
9464
48010
3240
12753
26164
22339
20309
34913
46539
29449
8091
25903
47573
26138
24034
11687
49983
17639
25716
36877
42584
21801
46052
16829
40117
30755
26757
12028
39383
12474
33313
2833
22178
8012
25908
19764
3684
15870
44205
32660
22701
35171
49473
10247
6218
24710
251
44734
9294
18348
6689
39608
1485
17008
28376
26571
14352
12020
18853
7230
18430
45371
22978
747
1259
13404
12907
41357
47787
22397
35563
17103
12177
8670
18204
48375
35034
46158
18713
47042
18258
7518
8409
34424
25586
28547
49495
18032
14811
45605
32865
41143
6897
40356
49302
3990
14236
14898
17616
18685
22115
45078
17477
1713
21255
18682
39550
44157
15501
9163
26460
6305
16509
23879
49812
39555
3604
7812
47949
33796
34476
39488
20270
26347
30175
15125
1368
45576
26396
20294
49707
38652
22547
28067
3458
44302
23997
11318
10959
27465
39773
7775
10288
8291
46544
14831
37654
25361
26408
36750
7060
10467
34146
19240
25074
22509
18517
48914
44768
20693
38287
2975
39704
32240
16221
10342
32013
48083
49729
8477
14963
45435
43045
12429
45799
22558
2149
27716
32269
29914
9778
44695
30695
28076
5008
13208
45604
9577
3477
36697
12123
34345
4442
1725
14720
3492
28368
25009
46064
8343
11752
38416
33326
29166
8514
2715
41646
12882
36467
2510
45521
20313
21264
40676
24909
15211
2311
4561
43416
26285
31161
48702
32513
22596
36852
36818
21270
22730
11970
26082
11309
15198
49026
44413
30037
14490
35956
31890
15510
18039
36987
44941
28582
14023
867
1742
30305
16131
14230
9288
10887
47310
8695
12050
11426
36252
25991
11535
45000
37429
38264
47328
33195
5477
31657
16009
49885
44977
40463
27390
36401
16706
10437
42020
34243
40642
8923
2884
14194
45699
36224
42456
11287
47035
6
11927
25987
32166
44841
45692
39650
45736
11410
12243
2416
6789
36766
97
17478
44364
15695
29568
14646
800
19277
5716
43055
29546
23919
14406
13162
20743
23084
19945
2421
10539
1595
17352
42269
33549
32175
27436
20985
15195
4153
32892
23141
21014
48479
43756
33575
37266
15582
38190
39868
39899
16898
10723
2712
29273
13612
29071
1584
15343
33458
6343
37262
10931
21109
1918
46704
14678
33142
25329
39085
3702
773
12918
28477
906
34773
12608
11356
4088
21585
38940
16488
21023
554
29738
7178
39511
6590
32546
23034
46617
20780
39005
13758
30207
26931
15350
41030
4707
28518
46986
36673
6359
46422
45753
25232
8683
3420
15662
31024
26556
35945
12214
11923
29588
32605
17899
48202
26609
2418
34778
35809
23271
45900
38295
37038
26174
39386
48090
13826
6784
14418
29359
28506
41335
4683
43139
29520
43044
5894
14235
44109
46181
46170
13182
2634
11506
8925
24155
40073
43624
3802
48000
21189
49574
28771
22577
39943
38615
16979
32749
43825
36314
37204
42696
10555
270
34001
3426
20502
29840
31851
25833
24752
43450
14106
9732
25087
4049
41524
14208
20515
31979
15396
40591
48868
19403
21269
41852
22427
8355
28404
28258
8896
29892
8028
37456
26573
6798
15058
15641
48864
47431
40126
27618
48611
17256
1771
8374
45504
40268
40672
12955
16408
34350
7019
29138
35183
46807
44713
31789
11101
7695
20422
31467
5686
35033
9205
8814
42165
27354
3839
17769
40422
33589
24889
47391
11452
15601
14286
30836
5275
29043
40491
5810
21840
44057
24015
24703
25160
14838
7655
20915
11941
38186
30091
10264
49435
18248
36184
1289
32363
6149
48486
19463
1677
30336
13771
16415
1656
41334
6888
12965
35825
27588
13492
41279
6012
3601
41998
43710
47634
49979
24359
25260
10794
9573
38845
12388
39023
7943
10195
41564
19354
41960
15985
1030
11404
49383
40006
20142
38243
36397
22341
16605
11486
24690
5373
25886
34625
36229
24813
40094
35020
33994
49915
30631
28356
43516
46685
16416
32685
46541
21134
32679
13697
22074
5615
35700
2958
2809
9737
35792
46762
3861
2104
43156
23982
19426
1905
29247
27099
5086
20304
22848
29583
28906
43992
4595
24739
22496
17635
10649
29874
33784
39517
34222
37545
37187
46753
23410
15032
21879
42500
10249
15767
25290
9024
42277
28954
33419
32241
36332
42215
29879
1274
36997
5536
31243
22702
23370
26821
36814
22314
12063
6702
39142
42183
868
12920
30166
22077
17924
6739
18801
18663
79
21541
44489
1786
39378
24879
27857
24738
9746
35848
15340
13334
24865
42962
31679
10659
1721
873
7456
19703
46200
27511
20919
24288
20576
10721
45600
35699
16381
21923
6825
1069
35518
35397
33190
41413
32117
34803
31103
28471
45067
30632
3672
6928
13477
21219
20089
21485
6641
15076
3189
38235
20149
26677
9246
28474
27243
17721
27466
27282
23728
27051
35279
32649
10772
14343
11084
23712
33416
25315
35231
5784
47469
13265
39777
8298
18507
39752
33579
36336
14515
6609
39543
24236
27298
25371
11862
10699
47297
15306
8251
24616
44580
18965
39817
46514
675
7833
32220
877
1083
36429
49134
36586
35766
37743
49883
30167
916
45515
10234
26192
25008
4172
17361
3930
47474
31670
28655
42761
11685
43198
19029
26219
44314
44767
17705
18556
24437
9714
5927
15618
33864
33977
19362
40512
3913
31701
20972
37908
14133
2940
8084
23725
31335
43407
9791
19092
46196
7808
29123
25406
31325
1939
10987
15132
4949
46359
17291
44780
13171
39349
43728
18182
17842
21672
44285
49290
36988
39771
40033
16986
12640
49614
9410
4548
13836
27555
16730
45102
43978
42782
721
14430
40486
35721
30153
14018
15744
2617
42198
18657
26745
49927
5135
14818
24346
46342
49483
19757
28511
11411
39754
41328
36891
15862
2696
48258
22212
31850
7214
30446
12065
23484
5786
5893
45088
26825
42307
43968
587
33009
49370
40277
1795
30420
35811
49086
46552
36920
19724
42618
33629
33835
17262
40022
44834
7868
9689
308
31965
16092
27649
16369
3971
33177
3073
29438
8192
48416
17268
39
27069
21376
45482
19728
25600
4799
25003
3922
49875
34150
10519
32409
18811
1590
42771
34686
13712
17911
47615
47263
1436
16262
15405
12090
34316
36518
37658
145
34209
14206
26451
37458
41015
37786
23556
32659
21005
34661
35898
10165
49985
41075
1913
14724
26881
4550
22003
29433
10193
9725
21896
17659
21868
7733
40682
36053
27593
4979
47259
12694
37965
37926
20261
32380
29262
11248
21724
6911
7530
19721
41137
41128
41142
16791
5353
6118
3268
20944
36791
46043
568
26385
38968
8864
35546
27686
22422
46176
7539
34443
27924
11430
6112
30857
26984
43875
24207
9744
17494
24911
40140
44672
1299
26694
17864
28068
28966
40392
32330
5053
7553
44254
14216
28516
28890
9988
2637
7444
27112
33928
21808
40531
6302
29822
6212
2760
40824
9035
9166
20719
15847
49309
20327
26809
26370
25274
37251
13449
32244
5079
5478
1071
47373
18542
40084
34203
12416
14869
5065
27756
48132
43835
23852
23941
29210
21753
39541
28221
16987
6352
25413
7730
3246
22859
24120
39157
9776
34518
13705
27481
40121
32239
13420
12622
30873
8735
22678
14705
32321
18905
17457
34457
22889
47449
14759
5702
26781
41642
29245
3218
11640
44253
35222
17413
13634
9629
39456
37966
21389
13524
24658
3547
5875
30982
45073
12785
22372
12154
22026
33196
25760
23955
31795
24801
15769
16455
7013
40789
37237
36056
31286
37708
33260
44657
994
21327
12666
508
15205
13164
16584
34574
20480
8391
7285
3145
35270
520
34107
6560
1443
28860
7723
41184
29685
33710
3603
215
12096
26730
31727
2805
20571
41706
41756
47254
6110
33383
15393
26864
48423
9706
14342
31338
17051
5462
32903
18337
352
5890
43335
1445
19621
43396
15054
13540
8416
47346
7384
49082
49698
6861
27300
19711
31790
33820
39534
10855
43869
27349
8548
39867
388
48021
46421
7185
43773
14403
35506
19351
2862
6437
35651
22484
28777
34630
5175
44840
39940
35624
36656
16607
18554
39755
8684
19397
20093
830
43403
12897
6494
5336
41830
48965
29088
36240
36006
12386
3316
7746
18472
31733
49896
22583
28856
39279
49949
8322
31053
11209
16582
23089
4992
28781
15131
16769
46218
35014
29017
28770
6236
44496
48516
23481
29820
46706
21422
2961
34200
24763
29985
12293
45244
20099
48989
30961
15315
30648
5738
44898
15352
5437
27018
17366
44341
7026
4827
48758
34964
46545
14888
25594
38172
35421
44129
46842
49594
34013
9213
5187
41957
33063
645
29341
47262
49656
46033
10176
1326
15018
33986
7313
21092
37590
45568
46220
34738
14871
5987
43593
1617
6840
34073
39011
45703
38527
17004
11642
9421
46257
42864
17683
12314
48540
25837
5071
19122
47011
31582
22877
25070
45212
42819
19
23044
11136
47441
40468
6658
23341
39333
32863
11916
4233
10890
17608
4426
43373
35584
732
8236
13549
27757
34195
31532
39799
5368
19369
44859
45973
7866
10429
13748
42501
42532
38453
36758
38860
42693
7784
2353
33646
29629
48457
27817
47486
29028
24131
41993
23472
14684
40364
13048
16778
46338
13261
2024
27802
16176
43619
49763
516
2762
30451
23808
837
47124
18644
17287
27419
32954
23134
41676
41612
7691
36849
7889
13025
34969
5735
3877
28449
47419
2550
34081
531
15384
663
10478
10403
8419
47208
31947
48084
21876
6389
33685
6328
11999
28645
13843
25065
15546
18958
32040
7270
26667
26250
22624
39282
2332
20551
27583
8924
12581
44467
35532
13662
26029
27371
34216
17370
49189
24198
18437
15494
24226
40951
34720
35298
19708
40668
12560
22451
45709
4897
2453
28215
17701
23272
10836
4584
16867
45300
15129
15992
22340
18007
27482
5722
2146
40075
23834
2556
28466
40555
27697
43169
40570
16495
7506
8093
38294
101
1815
45291
38251
4447
48309
48269
23504
33858
25267
6327
47384
28493
27847
6168
10103
7957
26998
41567
29003
49947
44940
37380
999
11910
46990
61
29336
34786
38244
14380
1541
28159
10175
22075
32035
34976
44773
176
13430
44229
46067
18880
24347
41738
16881
28071
27542
10770
19990
30386
19445
25278
48371
23793
13014
10188
4574
3815
35900
34117
18980
25326
18581
19790
28289
47679
9463
28220
32586
14892
27507
32050
23734
1406
37184
7175
16805
32632
26890
43176
15105
3968
12760
35169
32539
45045
2915
16773
16429
34947
42430
15758
625
40275
2557
7059
46246
11936
18696
4960
16846
27219
8986
35737
28360
48845
19854
28774
13865
32870
7397
2598
42143
35920
38228
12584
23970
34368
46492
41076
10390
28410
48721
11031
1125
12091
45751
38837
2415
10309
19331
42245
9685
41104
33302
24627
34635
19281
19532
9029
40926
18812
29257
17346
6889
15253
29812
41031
4154
23300
47202
31028
33503
48419
16825
10322
40001
9541
9499
21348
45347
15395
7048
80
23681
8261
49196
12670
44755
49000
21388
33898
42591
24077
7799
20219
43781
5329
39683
16552
1610
19689
31218
19311
40494
31623
10152
216
36215
35026
19045
24638
33437
25861
41410
9943
1245
46125
28
47625
17235
8729
11187
11219
46169
30898
26184
24566
33687
947
41416
22498
13101
36057
29981
49217
36036
24166
11964
20097
42256
26850
12714
40999
31708
20979
45803
40785
45839
5367
32336
10521
37413
35789
8745
24676
14645
47247
35032
39066
13457
41310
19012
18628
22091
37560
28819
19067
41832
32446
42041
27244
27204
31355
30438
2053
36188
45755
49535
15772
38117
32633
41881
45461
22450
18635
39667
11594
1100
30281
41636
1467
40909
1983
49416
21639
26284
33971
5073
19588
41987
31145
37999
21782
15856
10241
17839
26256
13267
18567
27182
43831
7887
11400
42627
27024
26260
21721
30901
16652
40697
23893
36486
29584
41469
39430
35309
8481
9380
13810
18648
6805
16163
11415
25038
9554
33462
46974
34780
14556
2883
25949
11459
27088
13474
30596
34783
11731
4928
47539
33893
29394
42738
30394
7488
38715
38170
20305
2399
9442
1611
5349
33334
15778
29563
8664
34059
26783
44080
24085
37044
23417
34041
24645
11811
13988
49760
3748
1800
43840
39149
3597
37428
3443
3075
36681
39873
5276
49176
4795
4633
30469
10399
1871
13851
4492
8667
48003
4391
41277
28533
49235
49400
23978
15529
3078
29344
47386
4995
43203
23698
2028
49067
44520
3294
22734
20216
40354
13071
44500
38402
24094
49059
15595
31559
29163
24577
43311
49892
14082
41911
27940
25019
38278
17007
46296
31529
47439
25049
47720
38619
4136
48456
5583
28919
6307
41417
8250
20557
39803
1380
49961
27105
17372
1932
49764
26788
29805
12798
18770
41172
48846
11940
33162
25537
45871
47844
26975
8280
42642
9157
2894
28619
46012
7756
15683
1600
33062
46369
6279
13181
21837
35847
18123
2099
6365
23799
44405
15940
143
35828
4461
20375
38524
44705
36934
47169
34293
16385
47534
7535
13016
17723
10301
49939
1728
35676
19852
14627
43285
27596
11194
1604
25475
1076
19833
2462
42998
2305
43271
25357
23450
27049
6730
7832
12167
12247
29045
36831
36292
4253
47490
25057
3634
21455
45678
48696
35095
29548
21740
32125
9270
33716
37959
35166
1491
20593
30483
37206
45103
17131
27581
9042
10605
43916
36642
29243
36141
40535
36840
1858
17234
5646
8014
35299
21560
30138
7713
21533
22534
34702
15335
41146
14503
31385
4261
46605
4830
24822
29930
29859
36276
33990
48398
37553
36635
11198
40053
2601
49424
25564
3896
19266
18368
16695
11078
46396
38098
23896
47194
46789
14428
42092
44814
45617
17815
35150
23960
21187
28628
43638
1236
33719
2580
21449
41161
45202
14198
46117
25045
2743
5333
20745
27448
14929
38279
1839
31796
22719
40067
25233
20377
21056
33321
12445
40466
22895
19168
47895
30688
30467
31503
45964
46319
35879
8835
21174
37281
24388
9167
4991
5550
20594
22043
37319
33475
36152
31031
48296
37885
18879
5505
12662
36452
45312
41312
42053
9976
33668
32126
73
32768
39722
47969
28560
49792
28103
2656
6737
46103
25392
19392
7607
18020
47114
13953
19859
47599
4227
15654
13361
4419
5595
6045
36054
30640
47024
27041
20471
18275
32390
8318
8863
20563
4644
1154
10137
21611
44128
27261
25499
6639
45174
21475
35522
6431
16414
45462
31961
3105
24488
2187
32831
1031
21661
4101
20786
12867
5296
47504
47476
3964
5925
37806
3753
47673
33239
20540
21568
31659
3222
44472
7947
19749
26129
32012
35552
26028
3575
15234
22137
44597
22452
28998
46710
45370
20107
36126
20320
2979
13009
22182
47270
39451
13467
12439
36606
40269
27254
2270
49848
1196
42080
4684
14312
48636
47561
41375
28567
23798
7914
8270
11379
19750
32723
33595
20335
30974
19157
17089
26832
29480
30723
21537
30298
8381
34984
22108
4825
17201
17454
3926
11735
28957
38666
24217
42443
1881
17859
28333
15775
25644
15259
14234
23971
9002
11716
24435
48740
39019
22445
42035
45902
1444
23602
11918
23537
36628
47093
24232
44906
18697
1689
29950
1962
28559
18759
10101
19816
36624
7817
23457
22759
23889
19635
28609
13515
32848
23335
41261
15895
23074
27062
8645
24211
7818
33207
5889
36221
11236
29399
232
25242
31188
47365
33438
19489
356
4453
16656
15579
29116
32274
3503
22787
21296
31897
45224
48520
25498
2436
23403
23759
23423
42997
12356
31705
27647
30320
1588
27587
39428
49260
20402
25818
20344
1309
3432
19849
34513
7501
10646
17153
909
21723
46093
46489
48224
236
34603
27925
20585
12007
40581
36978
18976
30476
41431
40628
38296
34951
22637
34600
891
13983
42499
13308
39947
39188
49869
22222
29346
42376
20631
29192
10325
19217
30807
299
44601
6815
4605
45336
38987
8911
27983
38853
47516
47030
2752
158
25798
26158
12659
5776
26344
7998
23379
12132
40080
34455
43667
4008
7853
2376
17960
2757
37638
2268
9057
49617
8845
48218
42921
711
21746
16783
6620
2169
29806
17102
21737
36993
29617
13695
15466
4177
16558
26261
42740
28137
17961
16959
16845
43605
10388
40719
44006
4441
31674
46852
8662
9315
34011
27682
7573
11753
573
21375
25251
37890
26621
21002
5194
8333
2172
32573
29675
22211
6471
16258
21054
19472
29056
22179
48203
8803
42075
44737
25319
43975
20848
7803
48365
32362
24484
17972
27849
37359
46690
21416
45666
39801
49330
8164
27386
16947
13995
7538
47251
10813
27660
1917
12619
34990
12221
45059
3001
5253
29858
39170
8879
5063
27286
12609
209
44497
2727
44803
46013
33787
26846
48835
1682
24653
29799
19006
2745
43727
48014
17789
16397
8326
18018
31514
35638
1002
40485
30850
12525
29625
7920
5227
40230
8405
4339
35980
7534
39929
33641
26631
29847
44987
22626
15139
28708
49377
41848
13326
14257
31942
28882
45412
21208
18968
32596
241
14443
27042
49605
31370
21827
23909
21694
36321
31290
12968
36709
36183
26764
17350
30563
49466
22494
7980
19846
44917
35385
9564
46695
45465
43943
9932
48394
18384
27586
14416
1308
1382
10682
20695
40708
36357
13287
3854
25359
1447
18574
44123
6877
7611
33293
19027
19479
46611
28813
24800
1454
38023
30185
18741
1608
42082
3882
34659
21033
8435
25488
27530
2927
25456
33381
8461
14013
21715
45183
25851
47351
5667
45015
13711
29368
33755
1451
26578
3454
38589
8979
34621
5382
12887
10119
30468
39120
3034
9854
28753
3831
14832
47815
17175
26896
42439
37774
23248
11519
26848
32414
37726
12055
35832
41740
10323
42736
21381
43536
47353
15599
9817
17891
11307
32755
32776
41082
22327
11346
34564
8003
29086
9852
6603
30615
14863
7699
5788
10136
23507
37371
32060
35259
33172
5916
8647
33517
6782
2898
27677
26305
1359
37350
4618
16893
38199
23082
44889
47303
41356
25774
49657
18421
18134
38550
9748
18142
15310
11766
33069
17844
742
30213
41053
6891
39600
770
49578
7890
48746
10797
21755
14226
20364
3637
19730
49012
5209
24547
39088
18249
21882
13971
34357
45762
27412
32217
35850
29444
36955
17810
47830
13159
16299
4148
39202
38487
8495
4989
3509
4152
25695
15951
45640
26686
32579
46663
2826
49259
36772
29250
46499
40533
35917
4440
10785
28390
36806
43993
18938
9533
33561
45035
13689
35908
47464
38876
42135
30358
19117
439
40561
48336
36416
48614
14157
28693
49864
25121
5234
27450
16239
4345
42394
16016
40098
35211
2423
4387
31090
45944
2679
30678
33815
298
38441
16910
8586
9878
33896
42527
41101
6583
11875
37711
46593
21802
6929
7997
19535
40062
15915
3963
17692
5868
16343
11654
38887
33996
15826
28751
1634
43024
5870
11258
47151
46506
22826
3897
23719
45952
47633
46688
29156
19337
222
33064
38970
38538
6700
2928
21418
41347
36932
19889
16597
18646
15243
602
27694
20892
11105
28307
40671
35073
2944
27193
27003
8453
25342
21238
7124
726
42586
5887
40431
32151
20869
9120
8908
43633
30240
43329
47236
42356
12044
25876
45235
43856
36726
31446
34848
6530
5428
42907
42588
28625
23323
1483
31680
20297
26080
16287
37707
19433
44241
44356
39253
26390
47378
11798
37736
43032
47063
41597
32995
10926
8629
8034
49772
3028
13330
24786
3915
8921
3807
46786
28683
44691
35708
25195
17790
37869
4164
47529
19223
33652
17129
1636
39587
4226
8765
30787
48729
46874
15586
16544
26419
31725
25135
28702
48275
24286
41930
23278
48162
917
24343
49280
5131
14883
43226
18959
17969
25900
18532
9398
6504
26911
5850
5534
5360
36569
45408
11129
27162
11016
34451
41975
44518
183
17685
2756
34892
46034
1405
47977
44418
47556
45629
19840
19191
34288
38714
11131
39757
22434
18854
45384
45913
47796
6895
17970
42323
23245
10689
22218
37463
35726
47798
47604
23092
3277
8032
10862
26616
20456
501
12208
18308
39514
14617
14435
43168
28728
32472
2299
3450
47245
26383
36461
30917
22333
44621
47447
28984
25942
27449
46634
2129
9661
7507
14932
23794
5921
46646
24487
28111
14657
8213
44749
2062
46638
8074
48515
7860
13564
29295
9901
17098
21370
10257
10392
37927
34987
47513
21426
22993
41350
45825
7228
34183
20626
36160
33797
38452
45362
33539
47186
38989
49215
47361
12556
19064
21459
4046
4353
37464
22922
32703
25262
47160
41265
24602
47846
20851
13099
27296
11688
35633
24609
49497
46299
33445
21333
9933
38467
3762
15910
15936
12844
48148
25338
47981
26059
5452
1504
19625
6523
12010
35712
29580
48320
45157
36980
36714
11127
17241
27137
45197
41665
12172
29281
8865
11017
41401
3977
38875
35588
30760
23499
25381
27749
5864
9984
47756
37191
33525
7355
32936
12615
18048
41674
38229
48032
38794
40916
47393
3394
36323
13881
30455
1550
26552
24174
13271
28016
32041
15427
26330
24601
32411
34156
18300
16411
31313
22491
24792
35499
9624
21430
30926
7642
25202
45542
36395
45995
47754
30327
38015
42390
8274
47480
2261
26752
16293
4763
25158
1669
9989
21074
22119
43693
4630
497
46600
13247
31803
46616
47359
44374
23607
9889
11146
11024
30519
23463
33099
14000
19237
36029
16340
4268
19636
29362
11537
33724
7167
2006
7601
48977
11791
26121
14967
9238
6010
9936
24936
20903
36279
33771
42645
48699
49132
16080
6756
48190
35684
27240
33528
40397
806
38031
49710
42852
37045
11182
608
24025
33393
26537
5161
23238
12632
39506
35855
3347
26880
48616
7567
33773
2791
32071
46373
30652
4983
31648
35478
34342
9488
37023
41336
1710
46812
33131
7945
49101
39769
7350
20299
47697
38923
29486
42569
39761
29585
40742
34963
32048
5109
44294
21226
4700
43658
4980
38020
38326
19966
27788
32908
41262
45447
12306
6850
9790
19637
13301
18912
3699
42876
31719
32427
35694
6914
46567
40372
39991
22027
2025
14881
45826
18528
25132
12184
43252
16701
10331
19253
19159
10589
42970
47096
26535
3209
22588
37469
34823
16944
5396
27168
39831
32899
44712
16890
8472
2041
20019
22818
32490
34741
22219
48511
40912
35412
24766
5842
32826
38105
42068
28746
1920
1792
13285
43613
37313
47507
43780
4996
11616
29682
1943
30076
26944
40221
8413
15414
13739
33844
16733
34801
41609
17521
2084
28918
47870
47786
18298
28129
14683
15752
30005
14393
1637
11143
33546
30555
6780
34236
41027
7428
3123
44113
9591
41683
22820
34084
27524
42238
4788
45513
29235
30228
36999
22172
4118
11603
6132
27974
24276
41933
28929
20466
26147
27998
29391
21157
30872
5708
39300
38050
25417
9126
11324
106
28941
10454
9520
33052
34884
28366
20023
35903
33669
43174
39438
23080
34545
46537
38740
18715
6204
21867
17613
31383
2289
31280
49105
31410
22140
7169
30245
35018
36916
48448
41217
25026
46530
40539
46426
21693
33092
45890
28666
21772
5289
43957
33516
33242
883
8850
37508
13613
41906
32317
28806
46931
6273
4378
36479
19239
12295
26064
6096
17556
47191
21140
14837
42378
41380
21393
48544
19892
31294
18632
47041
27614
42723
32670
38181
46248
49350
37499
18667
46873
7407
41140
5951
36113
46655
49929
43527
39693
49118
42162
6161
23399
4613
3314
7498
39265
33405
35952
23824
32438
31651
17400
41247
8309
16152
35431
44999
49150
34599
6103
39864
11933
37724
14021
9356
19113
36958
14807
1735
33088
16309
499
22381
2389
47807
35572
42346
10438
37439
6507
24389
8532
23691
39425
9023
38816
18075
42311
8116
49116
23383
39148
13790
20621
30263
47510
47831
21390
25461
8704
19841
24799
38601
10928
33382
46523
43630
21354
27752
43425
16040
17644
9395
46238
11431
39164
28557
23006
40840
47869
6994
47438
23390
40727
5150
5486
30692
23822
27861
2936
48626
17552
42093
36921
21704
2813
48330
28775
38285
9754
6521
25523
25930
19914
49429
31326
49389
33178
11203
24816
31510
41113
7419
28140
19008
37650
22939
26001
22463
41774
22412
43816
44498
44043
42947
17012
38191
22057
40820
10267
12533
42483
26897
15735
2386
48535
17742
45459
45011
30295
3081
18860
14329
32479
28599
44945
4021
37780
34776
47012
13866
46755
33872
16041
49163
31770
48477
9879
31450
31132
18837
9857
29904
29306
27990
4052
3561
14564
36542
6971
48347
43046
9081
17515
4850
39154
6744
1751
40135
43434
42344
14277
39283
49513
35127
36070
31371
40896
36880
25846
24955
41698
5245
25321
22120
44910
2810
8275
33180
10667
47794
14945
26805
19102
42085
6033
21843
23402
15233
7581
41118
5599
6765
9586
21083
15993
47179
21716
15658
43080
43558
36490
3170
38284
319
44239
5125
20922
21754
24578
36226
31760
3719
18451
28308
7836
28565
18921
24598
29322
14045
3396
44304
16934
24717
49529
47304
16648
35955
9354
19524
21762
37824
2965
32289
39659
31749
1690
20433
30315
13424
47695
8543
2456
38133
11312
43025
35485
5217
40171
14618
36940
20112
2837
48172
45231
17910
44342
38046
41425
12413
29800
35877
48454
7732
22515
31738
37223
16115
45457
11861
13372
45653
617
49563
41127
49050
49272
36578
17587
2219
48483
9621
21123
6537
46572
8307
42755
48139
36335
42760
38888
26249
48923
17777
28831
28715
34184
15926
192
47925
20785
43827
42754
24842
7967
28097
45549
2266
12700
3987
8804
37395
12851
35035
10277
24368
28611
41017
24850
26340
21412
49464
2448
26199
33286
29579
1975
15108
8211
32904
26946
15537
2701
32574
29382
41653
20314
3956
41139
14965
40779
30448
25023
22242
25975
10860
30775
2393
35586
2565
33486
8498
39919
3973
24082
35892
15202
1189
45278
17836
32115
20724
5544
38008
45046
43110
26349
31711
29314
13379
4856
32971
35533
32202
26549
6371
12522
23587
36232
21833
21377
25415
21768
26983
29021
22493
3799
47111
11435
38810
34519
42857
42297
17159
6859
32131
45598
31207
3245
14639
44303
48944
31347
31163
6363
13316
30368
16742
31698
21139
34450
5966
14244
16716
10780
24998
28199
31192
24013
19443
49825
21198
28120
46433
19574
31036
7924
26255
23097
13780
40623
26258
2799
22662
24617
9802
1880
48356
660
40161
8057
33275
5631
444
7912
29887
16317
25210
6155
24336
17971
30276
32235
31706
34440
8553
28427
42496
46214
20612
6476
20959
5270
15785
9152
33464
49920
43688
9808
40931
44958
24843
26264
43589
24039
19578
25411
15667
8823
36867
11241
22062
46601
3529
41353
8632
13688
37518
43424
25068
49671
40605
24017
11199
24680
7317
22390
529
48773
39957
31541
3875
14153
20147
28011
32858
43112
44034
2256
34501
42691
5274
8157
15942
32327
3676
14336
719
9280
18695
31111
799
29146
38764
4182
47398
29506
18821
44590
7180
9850
8869
5002
12817
47689
10777
10695
31198
13755
3269
34586
25297
24737
24253
28102
20559
23904
12794
49646
18885
30890
4168
15554
16440
10749
3756
15878
37922
41014
42911
15324
43366
15455
35243
14276
25852
28065
44194
37344
47766
22238
25414
22368
35391
9351
31430
32583
28540
45468
20655
33203
30215
27970
30716
13685
5129
15548
18754
41959
42303
27284
2552
4511
15748
38697
49809
32727
47417
778
38814
40359
35549
36062
32266
47893
44675
28334
15409
10842
8135
26230
18619
21437
16588
18167
20061
45151
28689
39422
22171
46448
47016
13314
30749
43451
30169
49945
19333
26905
19825
20131
3516
24056
19773
21314
18769
19038
4180
42176
9847
14347
27122
7108
34831
27123
30171
28988
29057
4631
7054
5011
21075
31715
22542
49819
23083
24183
18543
10225
15978
18110
1752
41404
45760
48578
21210
36125
44816
18307
15669
5236
33477
8075
34285
31479
25772
43123
31693
15851
23161
9481
40492
44161
6095
44011
26561
453
38520
42576
46302
15886
6265
16794
42905
45252
6740
22040
31191
256
33746
6640
12579
41210
24733
5507
11559
26689
49973
14849
37051
31985
13840
33842
13146
42105
36063
46995
16405
25194
8452
16611
42692
44398
27662
45056
45438
30407
28463
20317
43310
1240
39800
28298
22562
7005
7972
44923
11769
13590
36609
18243
32182
19527
333
1348
26314
47782
34853
17512
48285
37388
13410
28058
49058
30796
6043
15959
14692
44671
2516
37964
11982
31522
33752
48787
33499
3644
4202
4907
35927
13736
5020
17176
5559
16210
44603
10688
5690
23327
22572
1766
1618
1651
33360
12603
39802
3223
19470
14290
43890
17196
42039
31774
3311
48847
24113
9853
10328
15793
29323
11344
2493
20200
1360
33134
37537
44771
1185
10579
4184
45778
16651
21629
23585
45419
17422
18500
22302
6311
38591
14502
48712
40393
8886
12246
19138
5977
45535
32773
38640
20274
45783
2407
46161
29018
7183
35508
12150
5308
48956
27251
27915
39215
33540
12687
41400
33677
10268
37958
49865
10381
48568
19453
38731
25873
18263
20054
9556
42331
14664
49537
7073
32480
40850
6612
47323
13837
29986
47000
23604
20253
41395
16119
21907
2444
7380
26874
45148
32500
46446
36136
37601
21153
9408
33814
17684
45754
10189
7680
11672
26155
7224
17157
876
20879
31391
16054
47257
42086
20913
33189
49131
13813
25053
14984
42533
43749
12017
40710
29716
22878
34239
14726
28454
15040
48187
28400
3004
1544
13219
34792
7696
27908
15173
23844
11063
12747
48447
41785
22771
41620
49030
18312
6146
34934
13111
37140
14016
19762
47058
8929
41898
13329
35472
10619
45208
44615
39556
28912
10359
26384
19680
8643
35213
48998
42956
14930
26446
27813
17167
21040
13005
18150
24309
19837
38108
14829
38026
35089
46031
31329
19478
35266
31130
41
44746
1242
7918
40828
45764
28034
4711
28554
15774
754
31994
27758
28346
19985
42914
35003
2050
17798
39393
25352
20401
33249
36618
18010
8618
35724
38224
37855
10039
45192
40878
36982
28494
43261
13034
44748
47149
17133
29995
25847
11262
25001
22239
36972
9148
37372
19545
7944
34268
9905
17609
35581
18191
36377
31108
43883
3205
44851
36409
32031
20817
38784
13141
3094
3395
48632
31792
16667
30930
13863
4912
37913
43854
26977
23491
34021
30804
42656
47618
27192
20589
40662
15691
42422
45048
14891
32141
46026
40342
29850
42106
37172
20718
47790
1518
45033
23441
949
40942
5968
21242
28163
4109
33133
46449
5424
7207
23255
43571
35951
4815
28656
49491
48973
2587
31499
10998
23962
40324
49516
5621
9476
12191
44195
35870
44517
49968
8780
44885
14537
37808
41091
4117
33395
20820
24678
25685
9097
23242
28603
42995
5106
28613
16547
49990
9557
17280
17097
19622
35464
4206
18209
32827
19165
39121
25941
42869
23042
48260
26089
1024
34877
49814
3382
1891
15330
32985
11500
38116
35330
15600
45630
3444
41460
31809
1781
37777
1660
29562
12332
5013
25610
39638
30517
37981
5407
39040
12607
40234
26732
25491
32836
49210
27981
1363
34364
8901
9201
5159
40696
48305
21799
46276
28590
12427
23594
30456
23755
49512
26234
38319
26201
16294
41523
48521
47779
12996
22472
7089
16028
24268
29189
23128
24234
11215
45039
32681
11600
46486
23995
33125
7329
19314
36066
28695
4286
10314
7116
19917
1627
669
44412
6802
36625
29701
13772
17336
24550
19528
32575
36133
15194
6923
15943
44617
36123
38817
39381
17590
19502
10657
18493
40992
10803
38360
40813
44907
42686
28387
18706
13880
24126
23543
34279
48760
86
23394
7678
39938
28369
17660
46723
20225
13356
27768
32445
15760
49951
2471
45262
42670
26124
22530
31306
37227
35377
16271
18996
33807
17503
4390
40725
48571
4797
28876
37558
49914
24405
23016
30925
45388
33490
46775
47762
43306
43393
24539
3090
49922
13977
19976
42246
20035
39205
7160
38234
19475
49668
21975
8976
31766
20436
16112
16835
33839
46444
28821
2796
33727
17621
6927
8152
16443
17421
34007
6764
27121
32905
30437
39262
36652
14553
17000
33929
37030
45761
1090
20210
7856
6723
15574
17647
44051
11111
21434
27592
12729
22796
12355
3092
24759
27081
12338
1175
37295
12888
18613
41081
4607
47173
8037
16827
7260
33570
27595
47352
9372
22599
44788
47467
21844
39369
28905
42990
7278
2747
32647
19934
44730
39784
46521
49770
20616
48833
44326
44631
3723
36421
10756
24506
16751
8407
20746
14809
16217
24160
35405
12516
39653
17434
31523
49340
41434
25940
23231
9703
38824
27207
47959
17732
7651
10525
6624
42886
25082
28812
15489
21917
33694
19962
4316
3428
8868
49420
22356
23181
19195
13614
20923
32560
32465
32174
2629
27979
24041
42978
301
25711
15983
33826
41967
9439
36795
44170
25543
40536
2180
12160
3795
40773
12487
42942
47853
30518
41856
29373
40881
9928
40196
49255
3564
27823
46419
27054
10162
17182
5934
7577
5861
41073
3851
6322
30338
28057
27659
31122
42175
16048
1624
34917
29461
46109
33658
5138
9331
11895
4906
39657
34696
20767
20400
46543
8068
12331
31185
5634
41200
475
10166
16329
26084
12223
46577
26884
24219
28367
31155
46608
15981
39099
10604
4854
1855
26154
30195
2592
21712
38354
31112
7578
14824
26098
15585
19467
16782
8903
39758
42056
28084
4364
8300
13535
41964
43718
5050
34356
41780
16888
45021
47250
15984
36701
47929
38679
19978
10636
9195
36908
2666
6221
23841
37856
43880
41731
17595
26704
41183
39825
47036
49234
27328
921
4435
35393
31264
41272
23765
41266
11456
49228
46022
45802
16772
3318
32846
3280
9293
11659
4687
23530
1609
35642
34249
15516
26935
20186
14032
22475
19270
40577
19227
21508
48050
4944
29103
1941
3640
2103
48231
37158
33731
44850
43408
10827
33294
41851
7296
30046
41221
28969
4264
17380
6039
17436
15430
42580
25435
47269
36604
36723
44275
15207
39190
25717
46792
30108
13635
47822
26167
40429
9103
30463
11040
384
18990
43385
13841
31427
31704
2349
24246
6113
38300
26882
15488
24237
26566
19480
34190
7734
47318
26691
20658
45875
19091
42783
27746
12157
9345
28946
27273
11495
47774
48574
15814
9964
13256
2031
28564
15084
14927
39902
8583
28627
7364
9712
42702
13338
32165
24311
49838
19980
22876
14931
10226
17549
25052
9004
6571
23829
5928
12227
46453
3204
2021
7389
25529
523
12117
38024
36667
38460
1171
36685
42506
4238
31945
37535
24110
29720
27835
10448
25487
2430
22432
20899
45232
25312
32895
1095
2302
13996
47172
23191
8047
31538
26845
3296
18240
40879
5041
30831
37282
20059
23981
45172
31889
7377
42606
8475
24171
47972
18364
21745
31448
38288
34372
20711
42038
15408
25358
1623
21003
4691
49190
2530
28761
18287
618
515
20477
28996
13323
7492
45872
1304
45865
48087
38852
42912
7113
49401
29933
1287
21931
23580
18872
29424
6593
30050
1691
38135
27957
26075
31333
33463
38695
36648
25465
27961
21507
45693
47668
7229
19435
18181
37074
9289
1899
45811
4
29725
1401
10200
9962
31138
45595
31946
49943
44824
25469
17023
20545
11843
49158
36000
36588
11835
32603
21353
12949
9136
44044
9227
27937
40957
39561
20749
41299
46777
3612
21779
46391
4708
9001
33171
15938
1423
9323
32943
40959
39057
32542
2475
2047
6443
8688
29919
41991
41314
19393
28541
49569
36345
44367
22202
13960
19146
33460
31561
22924
8366
20936
49343
10149
41792
48438
29524
13525
2790
27794
2603
11881
10266
47413
35083
25438
20226
5587
37333
18763
32268
20187
29006
48615
27795
39964
23334
25596
27127
31755
12911
8848
34961
35039
40818
38082
6714
32087
39441
16519
3583
193
39271
34664
41274
31982
9266
44193
8122
8926
47579
32625
18686
3508
47274
40838
23578
4048
36715
28303
26041
2214
34851
33169
33825
47671
31949
29422
11577
32843
2320
17987
3100
24102
5450
17289
24492
24284
13785
13761
406
32854
40095
49397
49181
12715
7123
41492
38220
11799
29383
1722
9841
12127
4745
13891
20618
42300
29325
45947
45614
42006
39034
12180
5981
8724
32114
15783
43136
26624
9420
37323
7786
18235
34624
20322
45528
43183
4744
48193
1295
10118
7559
13441
44808
15284
34854
22274
15282
40216
49571
542
45627
5468
49836
17686
6444
49269
5848
15919
18857
37866
25849
5233
33020
25107
3997
4909
35883
34238
26512
18620
41821
18658
3012
35916
35541
47813
47112
3917
41905
35002
9226
36222
18014
46371
47390
21613
42112
18262
25583
10971
25368
8087
2657
44866
2540
48247
34133
38069
5885
17953
34201
44332
10124
29426
35339
20603
43985
28752
21495
42987
14786
11269
6659
43499
35016
23094
6384
25129
39365
44095
43881
37681
47025
24076
18013
49146
32512
18766
15734
19977
14172
31451
8612
2992
24145
49887
627
36845
35816
46877
4399
23355
19876
18746
35841
48047
18341
7404
24460
36797
367
41782
33055
37471
37483
32473
10670
11764
5038
6184
22458
17653
23136
31729
22949
19249
23440
22883
18572
25362
49147
202
32140
40784
18114
32884
46412
14421
5449
11226
19316
33545
21828
10024
18353
43807
1496
31612
45824
557
40441
23700
46693
46441
16279
19878
22857
26450
14608
42065
16035
24526
9719
8755
16070
3797
14797
32199
894
44677
34403
8384
4593
4121
44447
21329
35047
2640
38570
11710
10113
3632
46902
2184
21166
44459
2686
46314
4203
25091
36953
18065
46045
25393
38506
15661
25044
26748
10615
10016
38334
48433
21958
26886
36050
46689
39297
33502
29219
40049
26455
48991
7357
36293
13473
22260
10361
43953
32453
45820
25192
8540
37247
44173
29678
5218
43391
49823
19495
16476
36130
12249
11357
16186
22933
5160
3152
46262
21986
32868
8523
10634
36432
15761
4882
34689
23922
35695
579
46151
17892
8246
49381
12627
6531
46697
14123
7684
43660
936
2800
24831
21556
21236
43703
37776
36474
6545
28569
18100
37450
28361
33931
14196
26862
2481
41491
8304
24446
46049
24708
45742
38549
17837
49796
43054
27839
15145
46635
815
12668
37615
48820
40044
10869
36112
42838
42805
4138
31418
22502
2739
37925
29997
44231
46018
36017
42545
16452
25963
17875
21708
41094
3720
32506
16256
12088
46876
47650
24070
22467
43902
33457
8392
46114
42489
23392
4142
35280
13496
17506
9927
23800
10508
31812
32790
19035
10851
16068
1970
39001
10651
37213
9992
9643
49447
39589
13454
36735
46395
39423
13558
10934
12126
14384
34722
43371
23953
49492
13769
48465
31085
44852
43715
15292
8843
1147
11476
39698
31752
24972
36627
4764
40955
33885
18710
48605
4095
46761
19017
17466
41313
47333
49607
45734
37651
40180
42064
21642
36895
21796
29239
13751
30259
24479
22832
1805
8656
48215
24935
21425
31877
28692
18491
35154
36439
1302
5954
45615
35517
6559
9626
44435
23281
12588
36403
29743
9663
42166
30129
44668
17426
19265
48766
44504
28641
14052
13318
14804
34959
8324
380
10892
8993
24530
2764
34016
31285
5982
4479
15048
14754
20917
33505
43034
43036
16904
36826
3490
36348
40461
26294
46707
44817
5695
49803
5228
37910
39530
24431
31303
17981
37442
10713
31649
12541
25459
37778
48452
37216
734
47533
40670
7973
37950
39552
7609
14918
15450
34099
661
20369
24622
13294
420
30583
4423
4438
44271
22280
42867
7366
28217
24138
4805
14856
32133
20931
47806
20874
21838
8649
37441
6893
45220
46802
3459
49197
31799
7193
19656
4002
30727
31989
22101
791
4968
205
16955
20472
15859
6292
20060
42597
18627
2251
3656
5359
13057
17486
44521
25538
11141
12024
27458
16180
10698
29987
25458
25731
46620
48848
49873
46069
13698
15745
48588
18749
29722
31847
21081
13120
47535
25532
41072
30214
1825
21360
16507
11035
16448
48463
4181
29634
30285
23533
45625
43930
12725
20316
41812
39481
20075
26308
37315
11167
31337
46936
1221
37972
42965
24503
22619
24976
19913
9149
26904
23066
47394
15642
47965
17941
9684
41559
2216
46991
5301
24747
42161
23160
25853
31136
21206
24097
11393
34873
3059
34928
35836
18892
35353
41711
48386
38854
20439
31460
30180
3061
5808
24248
3782
14464
22752
41345
9375
16490
12369
30130
2330
23562
30234
2675
46439
35982
10076
44970
6969
46881
14072
10613
43268
36163
34912
8592
14392
12716
22856
45907
1622
38729
22335
8163
40859
43042
29367
10075
48716
27152
45360
25050
35569
25344
3137
10114
40757
41694
43262
24632
9129
35710
16255
34103
11255
41527
6628
14743
14167
29631
5790
458
34761
46908
49213
31135
40279
13341
40991
25729
12707
9819
25203
14994
39273
29324
23415
29195
49316
48462
18389
24267
41219
44074
19559
18403
49450
22587
2779
46382
13464
11585
1424
25614
23988
6786
33452
36798
43791
19662
37041
33801
27467
30485
9616
22411
11888
43823
37745
18514
30941
35680
10079
25256
36371
38664
31563
27881
8847
47750
21674
8671
15717
38939
14050
18354
26049
3331
38272
14820
40530
42318
12774
10146
18809
17049
11544
34259
23714
8743
46010
32576
21540
40569
39016
11944
24184
1347
47418
48853
3804
34253
38237
28796
41872
25117
13609
25860
46565
14519
40424
48771
16496
24180
19911
48073
15103
49283
1621
21989
41454
20455
28636
27413
34578
7597
33402
42564
39032
20818
6622
32987
18783
28294
9677
27594
48808
7328
24478
48631
16837
1549
4171
33927
21246
1408
16839
34517
20104
22863
31270
42883
41036
34335
28485
5992
45500
25540
43520
26640
32955
31846
49069
18008
38315
44897
3085
23943
34746
45176
29228
38936
47941
25636
15451
10021
27010
42046
35454
3231
31839
42179
3726
14887
28907
30734
27022
18284
20038
49724
41271
34337
31489
11667
16107
1322
31640
45213
27715
7344
44008
309
18352
4043
9965
41732
14478
37956
41826
25318
14376
24852
14790
36596
22970
33936
46653
25221
23770
40867
26036
7525
19233
47606
11775
42125
23754
23690
38488
8681
11696
21068
38200
18455
22125
40797
41103
48951
15668
44383
37616
321
23095
19209
48361
34143
48453
8438
8749
17566
15617
30852
9244
30007
22240
10943
9960
5023
28081
37982
36612
16311
18205
45909
26209
26321
33330
13670
26743
492
33823
35419
3691
27623
20625
18824
34128
41935
33
32127
29220
424
20280
22834
38338
6251
19867
35628
43743
9010
44785
17384
26051
35102
16756
41382
40241
17070
30642
12465
32250
11098
31968
3641
3113
13006
22963
11678
10648
11164
35361
41399
22013
14998
20836
37024
29983
20424
17303
11901
38045
36952
34811
11898
20914
45492
44132
36043
23745
20682
23992
44012
3569
15392
30557
11539
6584
5526
18360
14707
31190
2568
29586
10896
33689
22777
47049
514
12908
12141
47100
23915
13806
49742
14274
26806
34626
1830
40172
20094
3610
24985
5840
45404
36504
31739
48946
19629
19544
24809
49422
43640
18548
36672
42546
8603
34791
11083
41207
5290
8674
28525
4375
10662
27850
13832
45480
27209
6833
15134
36986
13767
39287
5348
34631
10345
28106
37196
11176
43646
8764
8701
47311
14792
16626
46536
15471
30679
4244
45623
18056
33150
116
3833
25655
47874
8158
26268
25187
10179
16699
32146
5948
45821
22773
40154
43469
19134
38713
15621
37340
6573
47057
14028
32709
28790
43518
19150
45453
41384
31533
38217
29038
37820
44663
44731
18652
17018
37377
14169
22999
21794
1266
33423
4348
32022
3259
23892
25214
36995
44562
1784
18935
22396
42516
16360
39162
16644
32499
17233
11786
14911
708
41724
11770
36343
41372
19087
35448
49310
17001
152
2788
34979
23436
21854
26391
46736
34525
35064
10748
27944
2728
48080
41565
16895
8145
6527
35303
49339
45282
1217
38307
42674
47164
19492
26135
39299
24731
23806
19725
46392
13819
16779
1929
34436
24062
1107
30274
28545
49713
48709
16833
49453
1464
39564
16883
2434
42314
3356
27741
41439
31478
6720
29207
15002
40406
12962
20287
19305
2392
6296
8412
19481
40827
870
45551
15569
49709
25726
26339
9734
12813
33902
44777
1951
15709
38579
34740
40367
39449
43360
7232
36996
38156
33901
44445
41487
11122
16183
16679
11092
14205
31878
49113
6070
44316
15970
17169
6441
32801
37063
25014
44242
792
1912
48622
7084
35635
13868
8056
2264
34327
4604
11904
36047
46311
49901
1909
27946
26836
35647
48104
5385
35990
49088
22612
36207
32687
31309
29073
38694
41736
11680
8757
3440
46128
16565
6480
5845
5940
25405
30953
15351
37953
25850
12073
46253
18054
31022
3027
13151
40226
13075
4822
40039
39730
6353
41942
34208
13465
26767
25395
6086
6397
12351
27766
38507
43971
34269
4845
24036
49137
6792
34121
23337
41223
35562
47610
30747
40087
48897
14489
12690
49349
10944
48666
3985
6887
10339
46834
42721
29516
13262
17359
8762
16875
21759
9264
11961
27673
41641
49510
11341
39960
18827
45855
4869
42746
22559
6075
30569
11560
9320
39570
38366
23099
6473
10920
22955
13388
3734
20732
21060
22323
6610
7672
17517
6408
29351
17360
43812
14544
46346
23553
23581
38029
34093
37154
5546
10480
41921
13405
2476
5671
30849
40777
4050
18398
16697
16617
8575
34461
324
36679
36372
48737
8827
30943
15039
48715
22049
919
3298
9731
47522
22747
29693
33657
43919
48947
6108
20647
31543
43833
16686
22792
23825
42189
29591
14703
35449
42613
19787
41692
41962
46460
30713
19975
2526
44144
38636
5909
33234
47409
15711
49805
25508
17297
21343
8018
28512
38289
47451
13003
39759
15948
28497
19211
24489
46024
43101
33356
33072
29074
8946
9618
45024
24656
6427
45228
39084
31083
9617
30071
41607
41828
25728
4671
15285
21196
19998
5480
22030
19318
3133
9978
41147
5415
45502
30956
19710
42712
29215
5815
27174
31943
13954
26283
31521
19585
14453
8628
45452
18422
4315
6839
27796
3154
45572
17557
45484
29770
10607
38546
37938
46998
32505
8464
41547
30601
28791
38323
29939
3587
45858
34660
46234
29599
13153
33699
45382
37559
39474
47821
41598
4647
32772
31866
38293
22388
28684
10405
48840
37459
49036
16110
49643
34825
23051
36040
27495
10960
37162
8562
14147
21968
18083
37802
22873
8820
41232
12821
28372
9508
36565
36555
24726
21266
28927
12444
32296
33263
10281
13659
26110
40160
3153
23705
10498
3058
23592
17215
43111
3442
30541
6452
18350
2316
26053
20428
36973
33547
4169
48493
17441
31408
48863
5098
17449
35874
26585
33345
4589
27603
24482
10661
26990
11059
19261
273
20444
41470
11120
11651
2069
39646
23176
19417
39578
17162
43013
41159
31328
24883
8155
28442
17325
7127
38380
4362
33783
25905
26187
46378
3884
31882
31180
30454
49867
42850
28324
40504
37860
45258
41513
4916
6003
33443
18911
25668
22843
11079
41149
900
46832
15176
42076
6421
42197
12176
33515
42117
10418
21216
48963
8045
24797
49691
16458
37918
48876
43788
16199
37718
42884
24657
29670
12192
30058
23522
30538
4947
14828
30158
42146
33991
31513
15901
6197
9667
44247
17002
19060
43213
42617
1230
13504
23187
11422
6696
41354
45350
40069
5280
28022
37106
45567
29375
3206
31864
33044
34002
24533
46142
46870
18684
16669
9580
19898
1522
27874
5513
41796
6256
17829
35991
33349
454
35592
41900
13797
35656
46951
46471
1547
3363
41726
36801
10841
7372
13228
44616
3247
27531
13455
17710
22698
38665
27571
30697
44469
18358
11882
1088
15611
34318
37102
1993
44643
34861
49460
37892
17390
4379
42605
28468
20601
41759
49025
9208
5947
3765
13647
2519
25277
34548
29378
7281
2835
30910
29783
4287
10303
37445
8999
32483
23885
19940
39663
29653
45489
34088
7014
45122
11958
44484
9259
41214
13902
44736
22849
4758
13270
2584
30560
37466
10273
41543
37288
30593
46277
41558
11691
3415
47033
31419
11568
40988
31117
3186
34376
37467
32392
48271
36128
14559
44523
7363
23188
40402
46733
12391
31786
580
44747
16824
46135
24629
27242
41691
17700
24823
134
15672
21443
36917
24188
38345
23571
27644
23858
33368
40290
13127
2043
39662
25018
1463
7056
25313
23669
16666
32119
48057
49863
38425
10365
18029
47902
26149
46442
18675
3084
22243
31848
14771
17675
49509
7500
8894
42355
17618
47003
9509
37374
47415
45840
29526
38984
40272
34097
49452
38286
32302
11192
23895
853
30553
33309
49577
23743
19179
47817
19128
45972
23813
32941
20218
1272
32622
2038
33795
16444
37881
49427
41483
33255
33602
45188
16017
37275
16550
27591
35341
38490
9919
30374
4263
46236
42298
44825
23428
20558
29044
37770
9131
29788
10047
6797
49930
42918
14273
36778
21036
49584
42547
41788
49177
11836
19079
23521
37306
36582
18742
29652
13249
27510
10488
22042
33604
36512
44588
37853
40484
13333
31374
36196
40691
22290
32488
11002
32122
18565
49626
48552
3871
9654
1352
248
39237
44886
35685
765
23180
16065
1453
24925
38381
22772
10771
2500
24315
4676
4641
1106
918
46987
49034
22725
7928
37419
25198
48440
20967
2595
37487
8545
14788
41092
40508
14088
42566
49432
41763
16228
1719
26754
24258
38749
23857
28389
44272
6544
26739
11853
32748
525
27151
21491
35829
8174
35368
4211
48055
11218
23721
37851
26334
20229
13615
11878
44658
34827
27159
43581
17305
40145
33628
19755
28573
6447
44600
12783
25901
41820
25098
26572
27947
37477
39417
34135
42467
38032
36162
20115
7128
19346
3608
45596
8437
34391
29758
4099
48188
41950
2272
22842
28412
13022
15931
6187
16144
33439
35234
35501
34915
13620
12143
27544
8939
41121
36837
44894
39128
37765
46057
7133
47503
42180
7778
2986
14005
40885
49107
33003
489
9125
21701
43332
23126
11800
33186
12059
24159
46472
41275
10802
44888
19863
24753
14708
18190
33753
8232
39197
45559
38475
21175
36038
33637
30201
3221
8761
7693
36496
41234
31722
48892
1321
43628
15771
24803
8609
22761
40598
46438
1866
14928
25752
28727
26833
5714
13961
39437
25769
2435
8722
2138
11931
16122
23285
49946
32396
43900
36285
13305
40233
24458
2424
4404
17725
25639
35181
28949
889
42096
20037
42360
18902
28475
33948
15483
14640
37094
46488
10627
28200
34426
3097
26150
42402
48753
37
38928
41880
5818
9422
29747
47077
15472
37423
49063
4781
47630
2034
31728
34353
26548
2410
38621
25815
26576
28261
33751
45899
7959
12755
24442
43040
3747
44938
21262
19207
28355
39612
31291
49018
16434
37872
1558
8283
22860
40357
14409
16689
44793
12479
28396
9428
46921
33766
16168
44949
20752
21221
42201
25056
9218
36937
13223
6662
8329
37742
9080
38874
49039
12551
12276
35612
32529
25764
36399
16501
546
15005
30981
9215
2776
22786
42223
46077
42138
41588
8914
45004
11069
26282
31872
37968
45578
25827
38332
7455
40832
5657
28612
1957
48667
41327
13943
45874
36068
10751
6585
16237
41236
29650
1664
11499
28997
23525
21727
20523
32212
47059
10674
23931
15260
11387
36876
47989
27853
17720
35856
29248
35498
7537
16770
40576
19284
3646
20569
24417
26831
48395
28135
8651
25719
12066
13170
9086
25829
7093
8188
32945
30996
49394
22461
29841
30466
34890
9172
34988
30554
12786
28902
1526
40560
1960
36206
6680
46825
5832
11924
22228
43155
16246
14674
3451
41976
36380
11639
39753
10858
48324
15353
33336
6024
8614
43508
5256
13177
20507
45767
24610
30089
21797
4720
32693
22093
24169
12874
31167
22831
33248
34416
25604
16796
8717
42631
4475
16071
30622
32053
26398
45413
7447
6738
15476
34710
2348
26822
671
48791
49399
46713
32252
7243
13019
39736
12440
16921
3074
16608
40036
18290
25123
20172
35631
29084
27383
45060
1685
42457
30202
9991
26479
38758
30398
45706
20819
7386
29302
48281
22342
8200
39695
40632
29529
11434
27116
10169
29545
29181
29481
35381
40066
18195
40622
19731
32587
11973
42842
36255
39762
33631
19456
39781
36913
3087
1468
19932
41018
22812
35005
28186
44103
31131
5380
9711
47319
13346
15363
10511
31602
18793
16622
46027
37731
30123
5882
42595
15209
10710
35417
6982
26508
1701
26870
64
29471
29924
37697
45486
25460
15333
43050
36002
33030
8400
44708
3714
46932
4530
39926
21000
4481
18639
4334
49706
8186
6611
17491
48898
13145
39890
16014
11738
11747
42816
7882
16066
4654
47749
8449
34438
16204
3278
38769
25580
5489
2674
19829
46204
44354
19506
28339
37482
18386
11891
23620
12327
17124
27709
17778
11355
26619
16551
38571
4470
1674
47658
34879
34649
22926
39741
8778
7219
42555
31962
29970
31343
16073
45557
30591
24612
9153
5081
38885
18973
45682
428
17037
14484
18286
15102
39101
14446
3399
12943
38593
26243
7157
33314
3817
12363
621
38282
44199
44045
26974
3535
35931
7888
44928
49001
35827
31438
38787
20809
21681
38374
2947
36901
17905
12746
3361
5726
4546
24304
42866
5412
31783
19210
17163
6595
38922
12446
24141
9161
22251
15762
25264
2930
9884
22907
2789
11030
9381
45110
19938
14137
34094
45420
34429
6277
16560
9695
32992
4814
22048
10001
27441
45586
32442
1268
3343
44066
8479
33130
45662
43141
36964
9083
21888
3757
43721
1114
15114
45064
13297
5089
1987
15445
4324
14138
253
27869
12483
42067
35423
5354
7179
16281
26973
20983
30367
37195
41989
5215
8509
17843
27639
29110
262
9831
29550
14616
27680
6703
35896
44392
5628
11530
30133
13807
46254
12189
35595
19004
32253
19839
4376
33563
45042
48367
41863
8637
10290
13246
21339
38076
30608
12709
28253
26688
45077
10906
39791
42671
46397
19738
24608
3369
29335
8483
19474
10948
42164
15824
24287
46584
18537
16579
38793
16992
41982
30644
33346
9656
28703
45639
42560
31029
27044
11896
41815
27289
29658
15070
13872
676
29495
15199
39729
23560
41530
48525
35380
15478
24438
7527
38355
32337
29144
38762
5113
29379
34856
5487
11243
16141
31801
29598
32787
2981
8792
9285
24018
21638
41979
3238
45401
14870
29834
29260
6004
35912
13415
22602
37335
47010
18178
18420
15613
31305
6313
7236
41131
31928
3876
2778
1028
21933
15863
28235
27554
1199
27805
27154
24525
32551
8644
32719
9009
14078
45481
48288
12724
12539
1207
28553
28336
6663
11946
15402
38765
24772
25825
34651
42820
31854
8454
22910
4437
21225
4617
15370
36549
18257
15634
17847
2342
13205
46274
27585
38777
21875
41965
34331
17267
2859
17838
23100
5636
38213
775
28498
20579
19372
1663
35024
46882
40138
4199
7110
1159
48759
42722
39582
17729
36273
13186
4816
28681
46728
26091
46430
3652
10246
37048
24095
9938
29795
41144
45772
33124
48935
44281
27264
43349
12527
39104
36767
9228
18011
40302
32645
22809
12275
27643
38461
16203
1650
45374
28977
8600
33624
11963
8917
16804
44088
39988
15416
15235
38353
21600
42304
5665
8335
15227
10871
5365
11611
32855
46261
479
42948
42781
32123
29445
35497
3291
22707
39406
38934
10889
22436
11473
44554
29895
19120
30674
45094
3867
19739
30725
44010
49121
40929
9338
40894
30232
39668
25282
16864
14764
36524
49314
22149
6851
8607
1206
25429
7566
1934
16002
48317
5694
10967
36896
26883
12224
6107
42944
49070
18513
36847
5504
17520
41902
42528
18444
11779
12936
9898
40058
46452
7504
38208
34594
43559
37620
21067
31695
27834
33440
19952
17547
34421
44309
8642
133
41823
31835
19164
10741
10425
42861
43082
49624
40821
389
34930
47591
38812
29687
29831
4898
48661
42563
17604
33672
22174
14141
19002
40883
12454
22098
37659
3557
4513
42232
2998
20971
8610
16441
25450
44697
26415
16174
11839
8364
1494
40853
11563
31369
32766
8345
21285
13989
26139
16401
36120
32877
19882
9995
25624
28817
19614
24340
14201
18292
15136
1103
11554
32947
41781
790
37779
9767
21636
40353
28878
45018
31484
16996
10489
31007
6883
1633
37085
23069
39144
13993
46372
4239
23993
22513
24712
20538
47483
41954
47134
22639
44353
24745
8983
12832
30309
21141
43755
26924
6705
41561
27125
6029
36180
47990
1910
11679
16931
46676
46192
35410
36942
45340
47117
4866
24504
44022
30148
15270
35833
5795
5910
49398
6125
25479
6061
40743
28223
36458
983
27883
303
32033
26907
8867
10588
17401
5028
46462
47420
47062
13064
48078
18365
21535
25422
30237
29122
20413
2083
25839
9913
23697
32890
8944
24718
45687
7369
13968
3793
7459
28531
38859
19802
3591
42913
47590
20311
7716
31336
18044
42097
5907
10880
3909
19784
46547
45246
21498
38993
5548
30915
27889
45928
28254
44706
43374
35379
173
2718
27803
13678
38347
47110
9598
15251
38558
36060
42763
1387
8100
7198
11723
24817
41270
47266
34542
7485
11334
40061
13158
22844
3788
35837
3777
2923
19969
31332
23183
44796
29899
966
13344
3507
48774
20325
11579
28581
27605
18294
21410
12971
34112
22085
38022
32010
957
1400
20113
41548
48550
17079
49799
46383
42118
18097
31954
24574
26919
38525
40496
47903
18271
11060
7440
17605
4794
25656
46559
46203
16922
17171
47501
48934
7770
5026
29226
22688
861
34797
1923
1626
21809
24384
46968
30861
12040
43671
20478
8485
40280
11180
29366
38232
32090
32599
17533
26115
12289
8822
3168
41109
23763
10285
7346
24176
42395
39274
6750
19170
15833
33892
4518
36154
35453
27086
13781
18591
46491
26365
17643
5980
40734
11380
777
34125
3625
8120
14419
28263
44153
30818
22685
26709
39621
9252
23934
23295
3759
17761
3002
19890
22392
41199
36104
31692
35732
40932
43493
29048
18705
15848
21668
340
49758
46705
43533
29270
12452
42340
28959
49010
47975
43437
28020
4699
25542
19765
33881
17703
26895
39051
39429
16030
37955
26413
24723
47688
24400
32651
37088
212
39636
24829
22623
20590
47231
31196
11955
31456
45550
7405
20707
23645
7158
21850
33194
31379
34355
12905
40404
23935
39763
13671
45809
20627
184
11991
37082
43621
19269
6881
2248
9856
13723
20685
5229
17576
34575
45656
14808
26081
23318
35657
36034
12197
13408
19847
49994
44249
45740
33365
12587
45421
14001
6785
29576
31023
49362
23833
31629
35477
8950
27632
6479
34344
35400
35057
13419
16790
31710
25314
11326
16201
45914
48782
35010
31396
17198
5190
16026
49779
12253
6655
1694
9955
24329
3534
36454
33587
31688
22668
4468
39151
45241
3768
39786
41058
21729
44369
37339
9047
28362
38081
19967
21258
29406
38560
33973
37241
4846
37949
24426
4692
29648
26042
22904
40548
38035
49612
32957
43309
45896
810
4506
13010
41681
12917
24228
32677
14357
38957
26257
13580
21284
11482
23422
40297
18449
1914
11240
14968
26363
13331
19984
32029
607
22453
8111
49794
39889
38164
1745
18413
7777
7165
9267
25907
21213
33487
1397
32796
3319
17462
46889
16657
26296
31550
14479
17602
2777
45393
49296
39953
23030
35116
18233
34965
21832
49028
33574
8341
18266
18668
45367
20712
17935
24802
11350
31498
2729
25770
19389
35344
23566
31380
9447
32935
40982
6378
44078
31751
37585
37932
29953
45936
46180
47101
33385
35461
43797
37434
33120
29294
6930
37503
28268
31227
5321
16865
17695
10705
15258
12379
49048
788
23508
15740
393
18524
23021
43754
36271
47755
44491
12115
37768
2693
28979
39731
4986
15
41233
43532
7999
48417
37276
35895
24975
22736
5034
41624
34482
15803
43964
48323
43753
17083
10993
31119
16380
17406
49455
6947
46500
5039
48182
24486
46621
37318
15544
41845
9745
2735
10066
29479
16569
35585
12904
9402
31656
18459
46194
10073
1252
31779
1775
17577
15429
12377
18650
48174
41583
15477
35021
8021
39924
26376
13095
42102
391
26478
7126
49604
36171
42364
12277
17944
19437
2625
41267
39959
44572
6200
33676
22741
41809
6547
36736
41282
8754
45749
3263
42557
27793
24794
41418
1818
390
4023
44490
16108
29019
23228
10846
11140
8277
13649
9168
19024
35065
11899
11475
4562
31894
34971
11081
17630
44096
34834
17508
27000
40010
32254
39879
12258
18200
32878
20468
42089
41374
3650
44055
2089
1641
40344
5100
17926
31655
47170
46979
41949
30063
21604
48089
18875
26992
9328
24339
24136
19510
30009
29557
13244
8396
47876
10186
7431
46918
37000
44922
15612
7282
8622
31050
35799
36992
24204
12383
13860
4571
43075
43844
12336
2032
26995
27118
25229
44740
43991
37398
47864
18683
6456
43464
11292
14463
28302
47519
24791
29538
49550
11342
30531
30322
22055
3709
40092
21890
42992
11160
4606
19941
43325
14239
30317
39064
12582
14548
25126
6100
10872
28994
13750
20040
20453
29999
44703
26579
29488
40500
35996
34265
14178
7359
31077
48503
49046
555
16603
44097
9504
3083
43260
224
24875
30846
27670
44989
27927
19028
27232
11443
21259
47410
36156
23314
6634
25678
39077
47196
10185
39269
42173
418
24639
43877
15789
26980
47640
16534
24589
48429
42538
26800
28548
38283
15470
22135
9412
2086
543
23894
45385
12185
22020
2088
46394
16715
43277
10718
15719
22431
15832
18400
49405
20192
46428
42729
4059
2360
4821
39396
14053
2578
46111
2982
19855
48028
48654
17431
36426
11670
9824
42218
3326
23059
24979
7621
27141
37507
48575
35707
39852
1697
44338
11658
20497
25047
9949
49095
17343
13371
40482
45166
43758
21439
18913
49588
11457
14734
36803
10505
44451
36636
15545
38953
46749
9031
19671
4119
4384
22641
42757
27307
35873
46913
40276
40425
20279
48008
34343
41252
24167
14884
13707
24861
38733
49331
11110
13028
9602
8239
46836
7101
28638
14224
38690
2514
33027
25197
27862
23117
28976
26933
4166
29010
9942
18498
25835
10360
10037
49759
21948
33116
8337
30661
42946
20548
35727
37118
21545
48488
28538
15091
36882
11860
23307
37334
21061
32344
45932
4706
31953
26623
22593
15699
27896
48459
13854
45870
697
713
24954
23677
7204
7876
39459
33818
2505
25547
32406
40985
37293
47947
32582
46837
16561
10431
14462
37353
39854
36948
45997
43228
36848
48382
38414
7989
938
33357
1426
1186
16629
46878
38009
36491
902
18702
21070
23427
1161
25106
9190
30717
33551
44781
1768
21588
34274
39925
13727
387
44431
17886
48411
25549
27378
17951
12730
48990
2763
42641
2367
19881
13026
17559
14857
30527
49011
41618
24429
16313
36663
39498
40503
24216
12660
8097
211
34579
8063
37417
23075
46035
18761
18523
25191
19326
16954
23516
22828
29347
503
21761
45601
41771
26976
23458
20530
42379
12779
43276
37587
1973
47229
45209
41760
20709
8910
8627
3251
11374
22776
704
14758
20683
19278
37635
48878
28914
27352
33408
40031
17614
13903
32145
22096
7075
1323
14543
1418
25992
6989
13783
23407
35275
26878
6679
49208
84
28239
31209
36349
46512
15080
43908
18215
16592
29964
7349
32134
37763
33608
34362
16055
39496
38688
17546
252
42594
10260
37409
11385
30157
43245
4179
10523
39838
17938
16484
6415
48420
13521
11988
36662
47122
27128
22529
965
49168
6360
42517
27537
12742
45647
32956
7579
25032
29448
34491
23259
15403
41847
42482
39970
305
4340
10475
3744
3942
45508
7931
30511
5127
48173
43914
16156
12975
10792
39632
9133
34229
1461
5279
35029
41250
37687
48096
2926
24296
10590
49634
40686
10378
36381
36927
41714
16913
16120
15385
35011
47736
49090
3711
16347
41795
20529
28284
39137
35060
14340
47875
33951
32537
28447
48310
22681
49173
25945
36853
2651
11113
22389
26899
9040
17005
29348
33836
6416
43477
18618
31246
45988
46041
12929
42559
13644
3456
49725
2483
34061
29789
15360
10724
38537
5254
13897
39073
25931
38819
15846
34395
1628
20738
45681
21349
19858
28315
11290
42486
26358
12697
38500
5484
23150
595
25455
45352
31654
33813
3906
45114
42589
31771
49266
43131
12462
376
7942
47458
29221
14727
26915
17872
18138
3476
25928
4522
43615
21966
27418
34092
29829
4108
7291
2586
34188
5059
47031
28305
18533
12574
32819
7474
19130
46748
25514
43620
10587
35382
7203
45752
37179
25891
38395
41784
35332
44629
13920
1997
31100
17759
31906
30118
35830
13250
28910
41656
21970
35265
12673
32417
5817
38327
27535
13234
39021
16253
774
30465
17247
47643
35838
11125
30187
5434
43682
48303
21396
1776
36466
39252
15624
26322
46622
13577
31387
29310
48581
41296
17903
14407
34925
26420
33578
47773
16573
39486
2494
44217
46495
33915
784
26863
12433
32716
25384
40238
48191
7624
27484
8287
36543
40829
40997
47070
17393
20043
32245
25937
38379
18585
9388
11571
23917
47691
9115
13245
3163
31745
30146
7109
38086
782
31528
46687
26532
27335
41300
4738
13973
20138
22810
23772
4988
35228
6405
44822
43029
46131
42700
33111
283
27966
8423
25449
264
19691
23316
8103
9833
42536
39539
40921
21162
4726
17193
23003
13975
14166
41855
4796
30506
44069
27962
44575
29494
49868
17509
4159
9639
869
24179
24454
40388
556
20342
19439
37713
40243
4061
6845
17093
33938
26434
15421
47288
36158
18790
20381
14690
45295
16467
39780
28622
42550
22052
37012
49015
40137
292
45375
27882
26464
21618
34388
47226
7033
33201
12313
31761
32389
23079
39056
19174
40799
33919
6262
14379
23313
48750
10177
44053
39091
4635
18768
37143
41204
25906
22557
570
7067
4842
43731
34
13506
36540
49122
23086
34933
26720
3571
38173
18687
18549
27397
8554
1619
44759
15293
45782
29131
16025
45049
39805
10823
47138
5922
15960
17558
32426
1908
39975
46712
29237
4927
19057
10346
30919
7558
14334
36003
4245
9956
27999
8902
7821
10946
35881
33762
8330
35122
29145
49551
10714
24398
40366
31597
18163
18152
6036
8457
17753
31021
44525
30044
6392
34419
10202
35534
20907
44702
35776
1898
9593
1790
8932
40552
33598
3470
34065
36710
48383
24163
7720
19685
40249
21807
23225
39395
41700
27769
49660
37987
30999
25332
17333
40860
46895
707
42638
22908
26078
5831
7276
12721
31052
39538
16654
6366
34360
1378
36031
15191
45958
47520
15339
37921
32553
10936
28206
16195
3999
7941
45908
46526
26217
27816
3778
17694
25162
25477
37202
3524
39956
47588
28730
34303
9191
44220
36817
5485
2190
335
36290
4929
4801
1223
5343
22486
48497
30851
10171
17385
28179
11464
46315
24891
11242
48656
30736
11156
47037
6015
33720
37877
12079
46355
32568
22720
47307
34633
22930
48129
24542
37006
25273
31344
8958
37415
9295
38207
19698
44838
26794
16650
38351
27871
40843
38597
31526
24383
15889
35240
42291
33555
41390
958
10997
43498
6955
27078
2400
34840
34824
36122
10404
5642
24611
19509
33049
1247
43779
4954
27227
15869
47174
48331
38790
47298
38391
48916
20244
18454
27672
40943
46092
45191
18805
4612
36559
3679
7791
5576
7965
4663
8436
5383
11376
22659
932
25725
37026
49658
5299
24746
42358
4247
29760
45051
33775
47322
26729
41969
23662
16371
49250
7637
8832
28916
11295
35910
5248
44013
14186
17106
39418
4370
17745
1386
43196
24605
21566
21302
2120
8571
7072
1219
37084
49543
18757
6922
49346
29277
760
11729
33250
13475
378
21920
45012
6232
27431
40414
20118
18231
44595
4669
20622
44620
43673
17664
25226
20975
39518
40960
32673
6614
20986
1924
8430
36131
42119
48074
17809
13531
25024
47470
8930
21649
49531
35199
41033
2382
35390
47996
9957
39014
12268
31871
28534
41563
34031
3502
40301
1903
5497
23165
2185
20333
37173
35839
4782
12349
3290
26079
26987
15652
4342
6037
44579
469
21793
41570
42846
34250
16302
32437
39467
40055
19144
40260
17019
20875
16426
9016
37346
34847
44926
42634
25679
8905
15966
30062
18883
49145
11237
40321
40270
27350
28128
3974
26032
44192
26913
7087
45780
25869
15840
20610
18329
46831
32756
26817
2247
29982
2339
28033
47126
15786
8206
141
16481
49580
10765
9916
9317
19274
978
21488
43319
23901
21558
29108
5806
28668
24208
7117
2366
25793
42202
49351
41433
36696
40381
41424
14717
25919
36700
46166
17889
30366
10356
26407
44417
49099
13598
30908
36324
19658
10639
49650
42835
12678
31718
21018
41757
12193
37230
39384
9676
14586
12914
10669
12769
49739
7768
16926
15838
24436
37692
29745
45879
1474
34985
46464
11707
18148
8996
19014
28393
14457
25563
26180
4505
38747
28517
3362
35387
17292
33640
49376
17250
38132
36794
8389
28113
781
35973
15773
36227
25442
4293
5284
37420
10217
7660
44974
28357
6578
16855
35333
34640
26560
18088
11093
24112
26856
11151
38027
26287
4559
28005
7645
38879
3809
2280
44957
3160
36977
22875
39017
11977
4619
23994
42206
39000
13505
4677
36021
13351
31444
6312
36562
36756
16102
17519
502
28136
10028
29932
28398
37930
29082
13087
42448
48841
13536
39107
44728
13195
14089
46578
38106
31359
43751
14221
35527
23760
30022
9582
38194
29093
23727
9838
33037
24682
33377
24643
17990
1797
36281
29478
12601
16024
28644
14919
37349
8849
47683
44485
48843
22483
14580
15219
888
3620
3885
36067
35804
24202
39675
34929
5250
19950
14064
21531
12183
2087
24051
21457
25029
41453
2542
9175
47666
23378
34192
25605
46758
47872
28212
33776
22205
30279
35942
2125
736
8223
7917
2995
26504
29951
37909
1487
21578
19537
43048
32569
21335
16351
23047
30401
9570
4710
4679
24642
12781
10297
4018
11817
36962
17625
45386
6390
4284
48672
12170
10977
32179
10343
5197
45184
22247
45649
9803
48769
16682
26472
1149
2569
21538
48767
44551
41366
21147
10406
11773
4433
46965
18914
33355
40755
1389
42879
21011
15006
8031
41605
4071
40376
24804
16143
49849
37775
23985
38742
1493
45313
36329
14732
3856
20278
6410
37355
43866
4718
28943
12818
29769
29664
3992
26269
1402
1053
38565
16988
16902
19696
40863
28972
30349
22710
10500
38734
41522
47267
41687
32132
35403
31181
10831
569
28561
10335
27922
19929
4653
15834
18113
46318
5307
572
17632
35314
8189
6374
38078
42034
24244
19601
34046
5264
31920
29151
4429
29764
35636
40292
3935
30508
34390
5862
35226
38943
2798
4039
38061
19345
26785
23140
15444
43732
9917
4219
20158
45929
2486
17654
38136
29971
40993
42328
22295
48249
8716
42226
30689
47744
46801
24789
31672
20539
21307
32965
24124
45334
24586
28897
20220
17025
24939
33261
10008
16400
36445
46255
17649
22005
2118
2611
17064
4908
32917
10548
10395
35336
40588
26617
37229
38511
35294
40303
18429
13382
31125
8024
10302
21097
48006
31599
1947
852
22365
12504
14269
30382
351
7582
47926
34310
1794
20488
48527
2015
32300
9357
49965
24854
26133
35637
47454
22677
37991
45791
39861
22631
3570
18838
14317
12492
39039
2036
32477
25402
23523
42615
47537
14417
25268
41755
47372
37399
11561
7509
46459
42853
34860
40603
25246
42234
36503
45800
22723
14555
40700
18102
13374
43759
11515
31312
49797
44048
8204
2344
46249
48607
31977
35536
827
38198
23514
42828
27157
3521
33154
19534
19798
36906
46715
20906
1505
36444
23815
22855
6975
933
44508
18800
46025
21593
41995
39359
43885
13594
48900
17504
35311
13764
39006
43100
44503
14065
38043
20238
2364
24004
21071
23076
327
31081
4045
32206
36082
12001
36478
15267
40183
15610
28478
42583
7635
7399
44208
41512
10575
16828
40493
6817
19438
26073
7
45195
4302
2698
42081
49083
36760
27712
1736
15764
44992
1819
16236
13437
13280
40495
43321
43344
21552
27030
14899
21940
23475
28904
20902
14271
49060
49470
42937
21053
43666
38125
19948
5445
33633
34514
16304
38458
25598
22407
13
43458
35655
24140
16923
48545
44724
22613
17265
5874
4319
21478
13033
30120
33649
18734
20088
27250
13096
14846
23372
33491
5102
46356
13240
41713
31042
15505
31958
7752
812
16632
30587
30012
40665
49858
17896
48519
46177
41811
31883
48501
46731
40374
14042
42908
22415
1603
39585
13054
7541
49861
48263
48178
20629
33367
40637
37067
46738
43538
15564
455
18090
25819
14158
20734
9186
14103
21487
35962
37287
37453
8830
30191
36764
27613
49344
43395
37614
13106
2547
29411
13103
19381
38454
41928
39468
7562
10606
9176
23301
6613
753
31184
41077
26159
49802
28701
16788
6707
42381
43066
36738
32226
44991
35233
21055
35440
33550
44436
22144
43882
44292
37914
49062
32946
39343
44473
30432
801
45828
31080
29690
18288
2354
42919
35254
40564
11966
7383
37231
33942
48604
6656
4791
15183
43858
35120
33273
6440
38202
5905
43899
39061
36883
35063
11074
27506
27380
23185
11580
4622
15086
26628
30651
8046
22008
16162
44059
10182
1429
15906
47927
26533
6414
10687
13417
42263
9906
13857
5325
3918
49937
8432
32351
38945
6687
27341
44688
39720
20431
1109
5243
346
9066
11629
9873
46497
31301
5310
29183
49703
43506
13833
45844
4296
42522
3472
14319
14810
25650
32767
23830
46699
9552
38206
7831
6089
37009
37163
3545
43556
20161
24696
32188
35486
31093
12469
4599
23081
3302
28787
7077
912
38236
47952
19812
28686
9679
6297
45906
15790
18739
3279
12635
8187
24706
2816
7584
9411
26989
31618
28242
28798
8711
15438
26568
23215
11153
1235
48349
45553
34177
48996
28164
29886
45086
10215
17148
22981
22138
42480
48658
28901
13368
6205
48639
6511
19628
33188
14950
47607
30782
31605
15945
28257
328
12680
1569
40048
10191
47167
14048
48969
41822
48496
32607
8429
11728
27833
37305
48547
14265
19974
13874
544
32118
28270
22962
7805
24260
6885
1711
13345
37043
28507
3370
15751
41344
639
28676
37169
14335
19607
15026
969
48149
14477
23170
31466
18719
18888
22155
27842
5238
43600
42169
226
41886
336
18466
14355
38624
43817
11429
41307
8105
36376
16589
20414
4149
46884
25562
17548
23816
4922
29633
9979
5608
44461
3171
32933
31000
22998
45428
37513
20677
4001
13276
14745
26341
40355
37838
12806
6970
1009
15060
27285
18807
41593
7574
35307
26045
46149
8593
31569
46210
23552
41249
9601
35719
44176
33389
28626
41102
20483
44835
1938
27071
46744
5463
6381
35805
1431
22355
42775
7007
20977
45268
29823
21644
35502
28437
36337
39658
21181
22176
9093
18788
1345
4753
23918
18470
42243
45308
44377
32828
7743
13105
37960
5306
19602
21590
8373
12235
8362
14397
40316
28663
15678
37475
17648
10261
1132
43342
36013
36394
21254
9030
43121
377
28529
27824
36199
35702
42855
38019
24683
11337
14181
15484
38712
28187
3954
40695
30287
3993
545
26775
35384
2653
27485
14188
32578
19796
12442
26906
18220
7432
41224
45406
19701
39286
49783
17933
24161
22036
26057
21046
15522
36448
45063
29342
2888
14980
20934
43085
36703
2719
3716
13327
27498
8821
5613
49152
14836
13551
20911
40023
3483
16638
44019
35687
19011
33471
29713
22132
43995
46091
5200
30080
29817
38426
24721
44328
25410
18370
45905
11493
47921
27310
37750
37704
13233
30684
13017
4224
11161
48094
34414
22408
10214
44990
33361
32909
38377
34231
34756
31930
41557
49413
27319
10147
16645
22807
11433
4544
24430
49781
4778
49365
40542
45440
34294
28975
11364
1976
38311
7218
48504
46420
21463
15247
19062
48763
45068
37662
22732
28108
24762
25228
22255
23905
23996
47456
37397
30354
8682
41291
49987
44149
5949
35363
31114
19670
49127
7220
36808
41047
46903
24413
25182
5930
49175
48061
47300
19536
39227
9112
43988
14908
3180
20799
9604
6482
48304
40756
47560
11971
30726
37360
46324
25305
9127
16532
12322
40715
42485
48313
42203
27440
36900
37203
48851
39163
10221
7729
20194
40864
45552
31684
9
38185
29434
43834
7767
12880
12034
14480
46612
17922
29775
10203
27533
25428
29575
28073
31006
44340
43023
47908
2968
15850
18891
43236
15446
42813
27918
18978
47767
38623
47694
6900
4937
24008
19446
29699
5952
8942
44031
40649
22647
45818
291
49053
27248
16920
48045
9800
19997
19632
728
10229
14447
22738
38227
219
18396
36907
25436
5259
16880
17387
45242
33397
684
3463
32441
17930
36168
42585
27384
4343
20109
40458
18939
19803
41891
40892
24072
29413
43331
20666
26488
39033
36234
46155
18534
26239
2063
38590
47543
43150
54
38930
45112
13601
39322
19520
49993
29808
34270
2259
28743
49481
23202
30566
21660
1155
36011
7196
31215
4221
40118
16568
10654
26789
25387
43288
19466
22545
39984
42465
5751
17640
45187
752
36963
26436
38973
20940
11283
32994
29905
3126
3392
23973
22250
25590
41486
17594
43565
14165
31123
9054
21272
37813
33215
45989
34014
48229
17382
11358
15389
11109
40854
37393
3288
26511
39566
13126
48487
36743
30247
19982
43647
14576
49347
34866
15743
16095
18834
8162
26387
5811
1357
37686
26763
45160
41568
31500
27781
25022
6619
14508
22217
3669
14523
11188
38905
28436
25416
13883
41409
49565
24494
7324
11377
18107
14431
2669
6098
42898
21949
5627
22621
8431
6400
3287
23162
29230
33014
28026
39863
9675
39678
35329
4413
45225
21317
42214
16873
38089
48633
31924
8690
20196
34646
34221
33495
18677
14941
19565
14008
4312
6020
10311
27258
19152
48955
43412
10819
22788
40849
12941
10711
27379
3161
4817
49963
49940
17628
30355
31687
22201
43763
16933
16511
31632
12946
18949
33607
47960
31423
33997
3924
44950
4025
20124
12500
40032
33126
28098
6949
23910
9296
797
47159
32807
6741
26178
41044
48536
5710
32504
33232
1882
40379
40965
28825
2704
34973
2736
29072
35556
3732
11873
32557
38960
48428
21466
12168
6698
25495
17578
9444
28649
44047
40602
41317
21303
28278
13571
25181
36780
45257
14957
18131
9738
6367
22687
9787
4196
31404
10460
46344
13100
35121
46763
10990
23561
13281
32722
33957
32799
26710
17411
13908
32893
18397
21368
12319
42814
7362
46904
46864
9472
30637
47388
49103
11863
10938
29162
6111
32566
19775
45072
26014
26468
3208
30159
33358
540
46173
33926
27860
9553
3750
25201
21429
5713
12041
33508
13339
17665
36835
48805
28760
31362
15057
23823
36497
23642
28086
12161
47793
36968
11447
35284
36687
34141
41672
24937
41804
39945
28430
19533
33280
9269
2838
35087
41455
10808
20156
25944
12720
513
36351
6990
11812
5965
7921
25301
35305
43713
31944
1010
49312
15568
32874
44277
12175
35857
26728
4733
42037
18245
12575
3022
34956
20650
37636
5140
41908
32900
12861
25340
14644
45129
27897
12793
7494
34855
2801
41339
4941
21392
31838
31367
18901
45463
42902
14585
30840
10282
30548
35251
37670
31967
24705
2804
37099
5878
751
10806
46840
28234
11239
11592
438
1364
46385
23070
38152
19672
7250
30756
15868
17991
6946
48671
6996
42650
20588
26428
45741
1759
18924
25397
47189
40110
34728
32074
30161
6554
35062
7955
10231
48798
40016
6468
18414
29076
11742
40400
42513
316
28629
26891
48642
7613
32593
647
18051
15383
10187
32982
30610
37613
28460
38459
44965
4525
20735
16574
5446
9511
48414
21326
18560
8713
45171
24222
32481
33053
25099
24181
23860
9060
30733
4724
6670
8203
28985
22840
12029
47039
40391
4150
14237
22281
40099
23246
379
19330
15135
5045
29602
19105
9576
45292
31653
25871
27604
38456
37008
36269
36249
11090
18698
48681
8112
34485
47090
36827
4111
42217
44182
6743
8787
37273
36572
23871
14765
7497
40423
23778
27516
2241
23632
35334
26484
3704
4921
39288
20272
28411
44882
29523
41379
9211
36731
10976
31363
33269
9114
42442
27089
8527
44593
22709
28745
31841
45430
30351
22654
4237
33848
4834
16121
413
13703
35061
34144
25000
17636
28521
43583
45156
11768
41592
31107
26123
26399
4581
8861
11976
32657
29455
27077
21022
13683
3202
6164
10456
26978
4064
48283
10086
39886
5286
42540
18274
10964
43051
14488
47948
31339
47308
10515
32214
10760
24239
23419
8060
37842
26498
2443
30048
33618
27364
49129
22822
38021
22229
32128
45047
24182
17085
43093
44313
28146
835
16983
4917
37149
20387
44933
34734
24411
33722
35609
37299
34946
43945
37362
13207
18212
40447
46765
33155
32326
41315
39887
40901
40956
5645
34254
1228
42111
23040
3903
46282
21640
14947
9079
12890
29582
19675
9910
23169
18596
35364
19319
995
19304
25776
47116
44202
47340
12004
31689
20994
38818
37524
8017
32176
25828
37133
4499
29458
34820
27140
33254
18995
23357
33981
288
43566
46321
26592
28682
4321
21509
28662
2358
19933
43689
26487
7745
13217
41542
9067
33730
36521
33600
34205
29836
34799
13376
28224
13814
37572
2773
39338
7731
13481
12430
17458
7749
34042
48343
32230
13248
3866
1036
44547
15559
6820
9414
9584
13260
396
37663
39334
5752
47200
19156
6261
4141
19182
12803
36065
36072
3024
18229
30059
3498
47246
28955
44439
9615
30750
28643
42830
10991
28282
24245
28210
46709
1961
30024
3375
45765
26004
31345
7159
7814
7163
14852
47887
15218
17650
6122
19615
27608
37672
11516
32949
31810
44465
4301
22282
10140
44145
39627
26823
46326
44111
15777
13770
5457
20696
42895
46724
39168
26542
24052
5298
35796
30780
1980
28055
42334
27315
1392
20047
16404
41677
47912
19971
25153
22197
35176
30710
15590
20055
12879
27
12110
22009
47140
3141
21811
48685
29473
5509
44659
7225
10492
43614
15312
47778
38681
29695
39167
28938
43819
26386
47836
19530
20355
20435
33476
44799
32208
42254
33634
15528
22885
48877
40337
1333
7688
5006
16673
46070
4542
5693
36718
23777
44230
12848
44960
4135
47008
39392
39912
7793
28214
33616
10844
38658
7246
30625
26965
31555
46451
3929
44774
27468
29724
43251
2093
32853
20237
43133
1971
29441
5120
36244
4517
7522
18280
17077
1773
565
49816
13861
17311
9455
44891
33019
35632
28840
39284
3162
32224
42252
38344
16516
1850
3006
4230
32688
5207
11461
37521
1692
26853
15462
29443
6904
46494
20376
11884
12740
31097
46006
42779
39445
32440
24427
15255
25526
44365
32864
40444
41693
29607
46226
10417
42336
32130
35512
46711
30895
41912
24687
23779
18473
36669
42601
42205
27314
41136
15265
39129
35774
3959
9551
45044
48724
3898
46720
31392
40984
21378
42110
8893
27527
38563
33914
33527
2170
41153
6309
21734
46978
38897
2279
40188
7469
34916
16003
300
27470
8376
18086
43481
15550
12604
23093
12084
11279
22961
33800
31068
30800
21277
49944
48803
11149
36471
32519
37125
12205
18886
11852
42680
29926
38447
2048
2217
19678
8271
6281
15024
37836
48764
1301
41248
37185
5158
45700
11586
47019
43612
24969
44811
47165
18562
39382
46073
19777
38378
23201
25969
38212
15753
9635
42373
42653
15081
40509
12894
2671
22308
48587
6395
11664
5287
38675
19756
48351
9763
12000
36427
18488
47690
22906
6406
29395
39631
29969
7255
4156
24386
39285
15111
44782
11252
20202
45013
14802
33866
6569
3868
8079
26964
23688
11795
30383
48063
6963
46001
10348
48664
3036
276
40739
35904
31515
47105
5569
17038
1390
42049
36155
34727
2627
36511
48107
23597
11137
1329
19419
1874
13950
29731
48002
39856
30564
46528
25161
22146
28961
36246
39314
30888
32953
20845
37544
16359
925
25579
13319
30359
33494
9788
2175
25640
17562
31346
37862
26377
37181
13637
39241
21710
31686
27819
48038
46436
28273
1264
40096
12751
24158
1471
2566
20020
34477
1730
2495
42418
42460
37693
43078
32171
22896
35308
14280
27638
11221
23659
29863
2409
49598
23674
30879
12791
5822
22594
6467
19992
27353
30696
26425
14795
24325
47881
11032
55
1311
23737
33039
40334
17301
44453
35640
14973
26263
46157
14920
31865
42453
1448
42742
30038
39823
32752
30509
8161
3682
18603
9796
18072
2297
33023
38175
29070
12657
44903
39688
49676
11816
26010
8311
11542
19374
44003
41966
28049
22598
39826
26761
13298
24507
49300
31553
14500
42011
13194
31818
11619
42733
20750
19586
10774
27002
41441
246
44971
43103
47168
43206
28549
21641
38830
20001
130
31237
48904
28019
21128
23709
21130
39493
27375
14427
14738
27575
46714
42868
10041
38060
22900
2714
13895
41932
24425
37904
47628
23746
38587
45770
45034
15071
39452
2957
14509
14307
8136
42744
12964
12431
18154
10910
19792
7610
40902
41786
47268
26240
8350
16300
13618
6055
30360
24651
15506
34227
28089
9365
26207
6274
46211
12112
26714
17823
48625
306
4170
25767
25712
8530
20248
17397
46082
14087
45318
49052
19912
23478
1370
30270
43806
5149
34415
22762
40527
15419
13520
42204
46865
15083
21250
8178
29198
8715
34528
6079
43553
44488
45883
3550
27929
10850
33271
47635
36774
27269
40314
8797
41938
37358
15867
17391
36949
3944
26963
6298
36686
5705
41338
20582
13542
16546
9665
24273
24061
21145
19386
21372
23598
41885
24134
2033
5771
4074
45355
48564
36969
49576
17058
190
30911
47385
44386
32215
44739
15474
6137
49517
9844
27713
18583
31317
5331
23726
44007
14482
9915
42077
44743
41194
38705
1552
44287
14353
1737
15271
33157
48679
20392
23279
27009
36951
47392
36350
33569
24517
49711
14682
39508
16218
17783
31001
14324
5398
39717
25027
6269
630
14847
9609
23588
25653
37896
21034
34818
37189
14436
1220
30598
3939
37190
18782
25788
13974
12133
9848
28873
8044
40319
40068
44584
21870
47098
42227
35445
15122
4350
7545
48101
39694
20898
10597
271
44720
40861
18033
177
35050
25445
41055
39613
32291
7192
37804
39354
27789
44884
10857
34496
7755
4824
48982
38434
43510
43829
17054
41538
37839
6538
5828
12036
36116
26639
38626
47092
6524
44698
46288
27087
1412
18508
36139
44236
33537
15770
32069
30361
22054
15996
14568
16836
28388
35350
6198
35853
34796
43348
8876
8150
4260
32313
17532
17353
11048
35622
39845
15486
2290
47199
4155
49438
115
29157
16390
29465
21209
14653
32664
45238
24125
21138
5709
23723
14562
4158
13442
43279
30181
35550
49323
24942
46413
16527
3193
48053
3668
9071
15341
27148
10034
25985
28456
48070
33947
5783
29608
28450
27388
30402
12554
1838
27743
34919
38221
2548
22177
30034
16179
2842
10776
43545
2196
28850
30288
25714
17453
31905
42929
17948
30079
47215
25169
21817
22017
26369
6257
25522
37656
27443
35800
32155
2479
408
39955
2973
42797
34499
23939
20162
18136
41010
42126
23196
17688
28042
43813
43585
32934
30106
4012
43365
3131
14977
39330
47198
38455
18024
31874
29381
1007
44710
49479
8249
12702
29639
45327
18126
8892
17092
21436
21750
15269
9382
2873
4085
12259
44636
5297
17977
4213
47156
31662
970
48481
17505
24675
18306
26072
37605
29530
14642
33647
22192
37957
40320
23809
43747
16696
20596
48925
38499
10415
13821
16173
46115
5680
4547
12591
26038
42004
44833
34745
41443
41730
44329
47369
19177
1820
37850
48910
14254
39648
22163
10483
42834
20815
16185
6345
10435
45493
29729
12827
16747
28759
27006
16978
20720
19838
38767
18210
22343
12963
24914
11235
7080
37727
30205
5461
29303
18311
17565
26545
25155
22447
40090
16866
8
15229
12892
32016
5330
6667
71
21863
35554
9062
43543
33354
48660
16752
32153
7106
13691
4137
31551
39670
40835
9107
22913
22326
32262
6222
41633
37178
23485
43178
34506
2461
10453
12718
1450
49321
14331
14825
49356
31171
40528
907
880
28204
36339
32887
43947
1930
48072
20475
18165
7172
38828
47241
41152
24810
5345
4062
36032
39471
45583
7139
11754
38343
15178
12260
43282
27180
31175
42984
25673
27648
36922
27239
26633
9642
15331
6119
38312
2989
11635
21104
45897
35846
30520
34369
5454
10349
15737
25686
13174
44983
35765
38891
10091
6404
24654
6977
3829
12810
2829
33204
43428
15089
11436
32784
14689
39664
46294
48572
33496
20462
41185
12211
43986
37702
1327
33556
41069
12412
22113
27220
24391
6666
28275
33022
8576
34931
6910
31713
7956
14007
30074
11094
11362
15356
21839
21546
9780
30691
41495
19649
1417
32808
38964
20664
35443
1306
30192
46774
30655
11010
45781
26012
48827
33853
34292
12200
33841
24715
8081
42590
23388
20447
38568
44363
23151
32979
36910
21615
8194
9647
16027
32275
6380
27845
13274
23330
33682
33876
41680
43240
22635
34706
48378
34123
29025
14607
10758
34280
33101
10184
8945
32286
20399
19518
21121
16524
19813
34131
34152
12232
2276
25298
605
13472
7811
41937
40747
6894
12804
15100
2324
37292
36367
4712
37255
49448
49644
40
32474
1152
21369
2772
2795
18889
32821
35291
42952
8025
31030
21453
36203
19661
33871
22114
12142
29570
20535
8538
36213
38539
3045
25064
12814
35112
27013
42061
2381
26116
25043
34110
14415
26855
39532
1642
25423
14498
32699
26602
2162
42678
40078
36073
14943
28487
9772
25224
12209
14652
47416
42558
44669
10820
17312
9749
38553
13985
32495
1743
37289
21680
4625
16887
15289
23171
15021
30173
28999
8415
32142
26771
15319
23339
42843
21202
21812
17166
8129
34584
23072
48960
2336
49478
33414
32668
102
5292
16038
4472
12563
8487
6556
13046
3225
33185
24520
43167
1054
17670
49336
29311
12940
22651
9091
18478
2314
37876
46759
47962
48160
32222
19857
18960
2769
31723
28510
34714
13855
5184
15307
1075
5474
38308
31168
18428
35971
38924
40633
40656
41170
44863
21118
43893
24263
5000
37468
28710
34749
28337
49558
10470
37536
4624
13279
37224
32139
31650
20027
19115
8256
22652
1952
217
14105
11015
5332
897
39626
30489
325
13828
7636
36556
10357
47005
16305
39153
43382
26663
7294
25088
19068
19288
33856
35704
49798
20469
27231
7598
11645
45061
4083
37240
23717
5401
11596
42446
14536
37394
9178
16161
30845
1085
9291
42592
3462
30495
39238
12330
38882
33597
35868
46702
35773
9700
29521
26925
24599
24765
37903
41237
9108
41682
43359
38693
26173
30227
23361
41986
41084
46267
31808
49746
1063
38140
24595
34070
26142
9538
17086
20769
34075
6635
41343
15240
40970
9987
37107
48922
21271
47261
30738
31898
19561
14582
31963
37705
47644
19925
31245
44395
18842
44350
35203
31441
31334
30967
33380
46113
16101
49267
12847
34962
20249
10512
21493
956
7758
28804
38904
30844
5491
30139
21765
7992
2545
10907
28647
18707
15551
24418
40801
27096
1232
1184
26424
42335
48734
7568
5167
41800
26102
22556
47866
47703
24783
41772
20729
32180
4395
28952
10254
36410
3042
13752
32201
23807
37215
19779
38962
39810
33558
45538
34000
49407
34383
39907
17781
31482
26034
5444
33998
23438
27949
37367
9765
30766
49441
13148
25879
23773
30820
40890
46745
2045
26712
11145
10727
28495
37120
20307
16430
38070
41066
825
3729
33662
33013
10180
848
18000
17377
24473
11986
40638
33205
46090
828
48308
33373
7142
49881
14192
42811
18297
41202
4874
38065
7129
30837
45675
13948
1312
47940
8082
45750
37579
46334
8648
42207
2411
27684
22166
28189
38510
22982
9018
7963
13623
41741
3527
29149
6455
35134
27815
33688
33707
34507
16475
30372
34257
21683
15890
8900
21442
39544
42648
39535
11631
695
17882
35007
26892
4490
20605
10400
40522
4028
8118
24428
11657
26777
4234
18649
22858
12931
2817
18005
22107
26994
26050
36717
7662
44847
33104
10251
14090
24001
39236
37332
39839
23118
31017
18411
4524
36379
49989
42844
10393
13984
16047
32333
33877
13901
26814
33266
4427
8356
41907
2067
6846
21858
19405
44198
12364
6231
42403
29838
10283
3244
27969
27873
15702
37598
37948
12559
18402
41231
28794
2005
40567
14528
6841
45416
48385
36855
3267
1342
6879
27321
33949
36583
10665
11788
12580
32628
26791
19579
8696
38832
10040
19065
44126
44267
30026
15530
45643
6325
3173
45679
20890
21065
15853
42241
47726
5064
23655
43067
14164
42882
48100
15810
18745
22325
13951
5729
22067
19054
10738
17888
24922
41737
36167
26812
7698
45587
46561
22528
4628
8591
42845
12512
22566
43497
39211
16254
48941
3728
36275
16247
40440
40968
36508
38743
14321
24128
31230
9816
10410
1331
44632
27008
21714
9710
17773
174
10546
27143
38651
40505
2812
31869
48801
5178
48895
19468
7162
24837
38685
14282
7023
9692
48155
28837
45135
34576
19084
8394
10866
20388
4460
7409
17792
27907
32674
34809
1037
6755
8165
2841
7086
17306
12335
45456
40443
5482
27770
35159
43736
20083
42801
45415
19126
22872
33398
13047
43281
30150
549
12517
149
24735
11388
26497
33965
48728
16280
24971
26491
38677
39843
18798
6294
27681
43214
29785
36595
37830
46244
28114
44962
29054
10708
32590
29337
31546
13090
33944
17804
41980
42498
12274
49572
40199
1507
1999
15952
24633
4999
48197
27120
13858
40430
3388
18047
49621
2037
47429
16859
33696
25333
77
27629
2179
42778
43457
48637
7739
42860
21399
35450
10570
4873
30758
10240
38766
36398
8378
15126
46127
30399
18343
44905
17318
9805
33459
9358
24511
16314
33103
47485
40089
31831
33274
10913
39592
48109
42405
14100
10174
13040
28269
24856
10683
7484
38917
48694
31252
37219
40547
42435
27702
48326
29107
33480
7371
38005
15106
11951
7632
34751
18944
38361
46348
24635
3095
47791
5743
30313
22671
19605
9865
17498
46581
32358
39639
42222
46351
18299
2437
9325
38247
38614
32366
7551
27224
10638
27964
30344
15707
46925
6498
6058
29041
20676
24485
31142
48131
6243
6517
6382
26632
41874
32747
34089
8043
11727
6844
39310
6681
30841
9089
30269
5836
3837
23826
3474
20894
25235
2953
26555
6736
32144
49219
35603
19513
23373
39952
20374
15148
9426
1860
24941
25175
13941
30629
26445
41877
4926
32973
21361
7977
9344
1195
14333
49042
37523
1495
19246
559
5653
46406
9242
34138
34970
46468
1992
23682
27267
9321
13742
27200
8994
5103
9567
32051
6945
36593
16135
22105
49500
39412
3737
47306
12173
2116
16831
21265
1033
30422
2002
18865
32518
34637
2830
26818
29286
21980
21926
977
4449
26146
26664
48945
20637
24175
44151
27984
2384
36195
36590
43175
5426
15736
33410
20470
33296
11876
8267
6018
32991
46327
37515
30705
15732
39787
34678
29564
12770
39195
13552
1570
13834
940
3958
34111
46984
17461
1022
27870
37837
35439
44183
33782
2716
41129
44665
6562
11908
13490
1884
30975
19471
47829
19485
31342
13110
37597
8584
37649
28607
11490
32717
10457
9290
10389
2304
29518
7563
2059
42477
30357
43345
9251
29705
41438
43907
29712
20339
34772
30083
15321
14424
43253
36115
29140
33544
11481
23832
42051
4774
6781
14736
10355
46659
11118
944
44953
48470
36024
23563
5470
49003
16912
9110
36777
47509
17430
21614
21934
2442
26815
15681
34276
35088
35202
247
49520
14704
2508
27760
41239
3522
24532
42889
49393
41673
41703
35528
28687
43942
15939
27489
43999
28040
38470
30423
23490
11349
31292
36897
19082
21143
36899
49641
45862
32639
17003
43932
25566
1192
29253
25864
39595
12018
5555
44955
27169
33245
21976
28731
15837
39963
10969
15518
8638
19141
29384
44028
44699
32671
18076
10205
46047
18061
9759
10694
32875
19461
17763
10181
48345
3167
47623
25220
25606
14360
1615
28435
38440
41575
11562
45887
33315
18276
20277
32314
42751
59
38811
39691
4651
156
35867
26065
16326
2406
48931
44732
24371
23056
43017
3774
32083
17010
33933
26403
16691
35606
43095
6361
39443
16356
23874
30381
46973
39501
43865
2751
21421
48056
38138
19815
45407
20825
26723
33524
153
9909
45732
49921
24725
35688
13225
23046
36598
23802
17338
31539
48686
2705
46457
30808
8714
34663
29694
4086
34994
31734
32104
12196
9279
2230
1847
2950
18536
42666
15230
42315
5985
20615
6403
38678
47348
37571
48135
18135
2740
33895
44204
10237
36299
2356
19823
33202
43979
16849
37709
10258
28544
43219
6943
10968
26392
26380
28191
48830
18804
29392
1082
7929
3671
980
138
2646
30081
37512
40333
4981
2151
2095
40774
13822
9693
2970
43120
14470
46788
11610
49096
42706
36294
10292
7646
29674
28809
25950
14840
41323
27483
42244
29396
24045
36363
35693
44543
20586
3783
46922
40394
41264
38532
24867
26929
21860
9459
12989
20157
45561
10450
2121
37792
29355
14655
20151
47152
30268
9015
33767
43215
13570
26093
48341
38890
45326
2066
19987
33434
39376
28947
39298
6896
12248
39681
26527
285
33906
25517
34079
5903
48556
43939
28579
25502
5869
45001
23532
43221
21584
3593
6960
23741
26224
28502
22544
1459
8199
32496
33819
46838
2742
34902
16136
16758
9818
30204
43181
29852
1383
12441
19735
11437
38457
14487
13747
1915
29541
26106
45451
39689
36375
36563
48403
2964
2152
4645
26926
37749
18969
14685
10058
45959
48908
46639
11155
23921
30501
38363
34460
21776
25072
18992
46917
28249
21397
31901
31254
46885
28093
48397
44425
41573
31753
7593
8071
42737
47987
18084
15619
20506
32461
39509
6435
1727
23774
9383
16058
27830
9825
18357
42981
32449
19824
44321
32264
13393
49684
13292
22319
39709
27464
48954
49592
48531
26222
40537
13791
26144
26746
15418
37130
32425
17337
23883
1330
42788
25534
32686
18922
16197
11304
34672
37604
48153
45168
33620
46860
1276
1925
39774
5166
16595
43570
37566
49680
43920
929
16005
40252
1551
24514
28012
33078
28172
19722
15003
47624
36505
2018
38644
27245
38239
25745
43056
38162
355
46307
21929
45236
22312
8092
46607
18238
3627
7374
36307
44628
33233
11715
37167
38160
44569
33513
10275
7421
35133
39545
19745
24774
19010
17119
6163
4510
26107
13214
201
20657
28211
17767
25648
34219
7337
28409
39052
25066
23856
30199
21726
44683
20341
26212
161
14839
29259
32704
39999
46467
14635
48953
40079
16891
45016
6067
8928
10611
8732
34367
25521
44533
34724
43557
44635
2282
19700
48401
43541
43482
49735
8358
28125
12048
338
12631
30206
29168
45199
22118
37526
31146
33034
17897
39192
7387
19704
6621
47916
44723
14677
45203
11045
24744
37630
1253
40913
36447
22500
31172
32108
38704
14522
24618
30379
21646
37984
3504
4895
48565
42994
3453
30041
5061
4620
10736
9613
14922
6826
43188
20859
3480
36676
172
41201
13139
33199
31574
45031
48377
8870
49055
20669
46119
27357
40465
40611
33159
40910
32475
30179
47824
33887
27142
26949
19205
38921
25870
14124
16012
25791
6009
26867
9177
25623
36389
5112
2784
1006
26550
5549
30110
39089
18836
5999
17199
11291
25671
29873
18598
20725
3635
6320
38433
23710
29955
42240
49888
511
37911
15463
13444
11428
3082
6364
13591
1267
48778
19894
723
46336
41915
44116
19590
31110
25660
24106
4920
6178
49172
18367
44218
9427
39446
24292
41268
42382
17254
10192
40384
34149
40815
171
4775
38063
32305
42578
42924
33665
3114
22021
19620
19521
23464
41188
36428
1981
18839
3497
12976
21862
20807
24864
29825
18748
24716
37827
49554
45518
29696
35888
21602
3300
21803
103
40563
12825
5844
27059
37465
32793
38759
5016
5644
20981
10900
30460
34770
48919
39930
48929
33601
27718
12576
43049
4072
20021
12199
43162
20166
39158
38809
9924
27810
37139
11507
33851
49555
10473
26343
11275
13155
27359
9691
39740
3313
16759
14641
5201
23038
27710
31644
23416
7685
3315
25953
35961
20500
48175
31140
11638
36333
41675
1811
29468
7472
36747
21115
40675
11701
2857
8226
31044
16044
33270
2157
19056
48138
26869
46798
23573
23488
29959
22328
6935
166
12549
7256
10567
45294
5404
8385
3690
44576
43264
1652
43874
10197
19176
10013
9199
39816
34106
14179
27732
40855
35155
47577
21510
32243
4615
5351
35968
16658
43322
12345
39388
21551
42419
48328
34966
25325
8872
5711
12187
8785
48986
38265
33219
33102
24571
26765
47701
28440
22630
46195
14789
37075
22029
28987
25603
4543
1841
41534
36926
43535
48338
41151
14049
27837
18559
28734
10522
37588
31852
829
17802
12484
43070
28739
39072
5317
24839
27114
12137
9560
36235
45769
19654
2221
47639
39718
32036
22522
28248
37378
13427
18948
36869
47559
29004
23576
48601
14897
48641
40610
9881
40749
7842
29592
42141
4231
23788
4572
20432
38635
41398
23306
46030
1089
19031
35008
44401
12341
7575
15041
27238
41610
31907
19543
19442
24321
45399
15224
18975
21100
16244
369
35921
49637
17786
27056
32663
27679
15439
29091
37551
157
37271
6939
19110
40807
3953
32662
38618
30827
16460
40256
8758
14756
7370
20568
7885
46290
8550
6941
1756
3674
35918
4789
37356
48134
19137
23198
32792
3423
26048
45922
40905
25243
27093
37834
22352
26759
25634
25659
45990
4655
18483
33089
25334
3334
19842
16072
42350
16123
13603
21309
989
7761
13288
48036
11652
39495
22731
30400
47354
185
5198
22380
1026
37365
2426
1403
17100
33148
22503
29055
12555
48340
19131
29566
1979
29801
42374
11202
1258
25478
40952
25681
4594
7493
23887
31260
33418
38432
38253
16974
36025
42646
699
4162
16130
25254
24886
7595
2380
26400
29429
1318
11683
39070
21310
11453
46362
15917
8858
32259
29851
46508
48339
36396
46190
7540
44819
46624
34166
22272
31813
13178
44645
42450
19476
45275
8654
13708
39348
30932
8403
19767
32559
2231
9150
10562
42635
22636
6144
46815
27562
19888
11674
39697
24415
6692
25424
4132
12449
45373
40541
44210
33596
1879
15142
1515
44707
10213
22306
28776
21805
44980
25715
37840
29487
20692
47737
22911
29297
49908
19297
13604
38947
38748
13450
1307
39453
43346
27369
5304
27825
30409
46821
17358
49485
18153
49545
3546
10745
34707
798
13630
36574
15119
38855
42129
29489
27942
4223
7375
37396
32070
5029
4009
32730
16583
35617
36734
32057
28155
47978
37411
30051
7420
39849
14175
26439
124
41255
23164
26430
34308
20737
9574
23987
16903
27167
23873
7865
13732
26486
35027
20667
18505
36829
24271
43685
23102
49284
31193
1112
15728
23435
31598
14634
20409
37068
48621
45650
37421
11718
5581
13062
7701
30964
45886
37452
3310
9049
40630
30936
1411
4420
4328
27617
37640
33680
36443
45346
9343
42989
32247
11831
34595
26175
26194
32463
43569
18223
27994
21249
16572
4165
8836
48911
32912
23872
18966
9546
38119
12777
6503
33001
265
28424
14923
30946
42661
41684
23875
2488
7151
39833
10164
47412
23142
41733
40307
1865
49557
40808
7053
48004
11887
18069
19500
30859
23257
30595
8010
25958
20516
1644
30267
45602
21517
12703
47867
24997
25248
36205
45893
28865
43316
49469
44831
16868
32785
28659
45737
4859
4374
48354
21821
49198
46202
8177
3252
36239
21470
26531
39554
12166
5602
11381
7549
11714
19959
38501
24277
12290
44492
34054
21789
41807
16074
46379
4858
17217
35770
46532
18431
29136
11308
34299
15647
34885
15991
44315
49075
16235
38567
4326
34445
46510
8321
32014
42062
14895
8841
32112
40153
33667
12764
35327
34358
30764
1222
11757
11830
282
17611
7969
11138
49769
16018
3475
16260
32886
30918
44924
44790
47685
10074
44961
435
18094
42200
7217
7623
10702
10382
34043
25258
2683
9985
31330
4134
9069
40222
19449
34638
41746
29094
31564
22010
18158
18669
11368
1317
46020
25394
24255
42896
17598
23534
6551
19312
27993
40593
26650
43092
2730
30258
2824
35076
12758
8653
37985
36754
15986
27932
31862
29684
33950
12792
7958
24778
15891
42270
2966
11272
41817
23666
13853
9777
17657
28596
45728
13172
47721
34943
35875
41859
46507
32295
46645
36822
32931
35604
41551
862
15696
43145
39118
24988
1456
36499
5204
4004
15377
48659
24135
26206
34937
23353
10209
14843
31606
5371
17985
46674
37875
32588
13400
32981
44826
49978
36015
16407
47597
3118
7896
27373
36325
10985
49818
19034
1645
11470
12124
27424
13190
14366
34129
44409
18700
45842
43063
26595
2312
41917
31262
7035
6000
46672
47222
30864
12515
45935
13587
11095
25323
13856
36517
22548
34767
19250
34193
28274
3115
16538
30318
11454
47249
25967
39323
34474
21446
14565
30863
36251
8579
38719
39835
37854
24661
14306
39240
29329
33409
23143
28785
5803
40405
13252
19371
33799
17591
28868
1867
20265
11177
41864
43429
15413
33305
16100
34622
29077
22019
31059
49074
43940
20031
15168
38038
30032
25723
36390
14531
30375
30430
10105
21962
8904
18185
34546
46803
17738
41594
25799
35984
1250
46298
48030
2748
48091
43033
24278
43561
17964
36516
40693
34581
39903
16857
44529
4323
7098
30325
37935
8531
34737
44762
7627
15087
42069
43888
44548
38670
46335
37291
21108
26735
29214
8589
17113
31535
13032
48932
28691
45221
42187
10966
46954
9164
14233
34237
9373
23232
20206
11621
10482
24005
22361
49229
27234
20770
40274
36998
3677
657
21898
38183
45297
35654
1707
24055
3266
17415
6652
8854
29293
18506
7001
45198
882
33317
6188
32183
9255
31769
2903
26307
47587
26101
19515
13360
19173
32726
37186
10071
26291
3931
398
36811
49373
35130
7968
29912
46250
14510
31596
46875
26348
8520
15380
36338
24963
21579
36378
11099
9111
48242
37917
11386
19401
16382
16486
21142
14074
1655
46377
3299
37446
46048
39083
2606
33999
40900
42273
6995
4114
44225
47919
45589
1182
47107
37166
17207
163
45991
39183
19759
23574
14473
31491
13216
2020
36365
32996
38946
6824
37302
17691
2539
12750
32928
45788
48432
6873
38083
42807
24607
13890
17669
40289
39444
43828
17531
1937
19043
40651
26313
15946
47244
43291
13508
31397
10877
1646
16315
11298
6290
22560
44986
4881
37104
9726
48872
9929
3437
48121
36720
33453
16980
11154
23506
19955
39747
41067
46662
49904
21102
34090
14227
21137
19795
2232
31034
40133
37822
27725
8218
48584
28711
4197
7744
44282
12207
1410
32720
14037
37331
24256
20636
4026
2432
37234
18633
5652
26103
25691
5068
42621
10735
36659
26603
28407
16463
47091
16283
45953
31010
14926
23019
49615
18177
49222
48981
23477
5508
15338
23968
21484
15656
37905
32287
44661
35988
49845
34571
26474
36023
12403
28175
14395
17704
32532
42629
48580
3767
25748
834
18829
14295
38771
11044
31263
21703
24692
14859
12256
43935
4936
23449
2124
19462
2235
31099
23408
12526
11504
33288
29287
27880
18207
39795
3565
39249
2999
28799
30740
10367
18269
42626
23546
45873
42383
48995
42909
18481
9360
19919
16188
19336
18570
47896
6725
40283
1101
7367
5141
11347
2291
19610
17237
30871
10080
7570
28363
43871
32646
23951
37554
19575
49807
36081
49186
10199
31756
15821
33535
49675
10436
35296
45055
28880
49693
45161
17835
15156
38419
12037
46425
30099
17136
44150
26526
27095
24457
23853
35113
18040
27500
38274
24152
49014
6235
15180
42826
46265
8968
5205
48350
2562
19744
34377
22851
15701
38643
14796
9659
44486
6654
18689
17762
37156
42659
39584
1153
47243
49457
9536
7425
45707
41999
44689
34420
39454
23462
28940
23648
19364
48700
45081
48859
35278
3665
40261
32257
20092
15557
38577
42330
35179
41903
36748
22716
22273
44018
46553
4640
49717
38631
6899
21398
757
18953
8104
9180
12220
20870
28778
26114
28978
33674
28469
14581
44143
32284
37097
19832
12735
16057
34998
5721
23397
38044
43463
17205
35840
31440
30049
14162
39012
45638
39690
3178
21987
5623
49154
17332
26026
37679
23146
15328
15172
952
20078
26558
26795
25389
43058
48517
30114
41096
47699
40478
16636
28104
16748
28421
28803
43427
5377
23211
17122
9050
33362
2832
5655
29533
6379
13864
26503
49909
34134
32075
1449
45414
5888
38650
39404
24785
13657
2573
38314
13196
47602
42132
33287
25692
29734
33740
20816
48936
10451
10537
48673
5391
41440
17313
21861
12928
21569
10163
1489
5147
9095
35365
40195
35015
33401
22370
15185
43625
49539
13611
30931
34080
15905
26872
15749
441
29080
13436
39597
14638
26362
9322
13734
43911
9565
2689
36319
40606
27340
603
49125
26835
3393
38177
28025
8513
43517
27109
16949
16355
29312
35972
3541
48781
21655
45337
3825
30093
47544
17663
42509
41516
41235
9925
1870
23227
4974
36634
46164
32924
37549
339
22154
18224
40191
30380
19358
15644
16169
38147
2775
14174
46776
47213
30942
27902
13121
48959
7883
45254
17435
47613
21996
2827
22254
4932
49382
33788
40705
10496
6882
20697
20619
44810
28283
33568
22638
13947
35886
20634
46375
4201
40255
34527
44408
5589
42016
11846
26292
34332
27642
32502
33721
22674
24154
23866
19746
13185
30603
40352
24770
32820
10128
34467
10401
3197
47435
4000
19951
48445
32988
20451
40186
45132
35182
28036
37725
30449
26923
10720
24300
3834
38275
11359
4534
4281
24403
33341
48528
908
46066
21283
21215
10596
28646
46644
43562
26957
6631
38478
49681
47389
49655
41269
46966
19247
2709
23380
15799
21669
40709
41640
49597
19930
5768
30428
9773
7460
27951
22165
4969
20672
12244
5350
43796
35511
19729
21308
6066
28313
7290
33934
17984
21502
10298
32150
40212
11013
29326
22563
12053
10466
13653
2439
3769
7594
1462
11274
9233
40294
14612
19931
24476
49600
10120
34077
7671
36278
44380
44169
16642
31208
29736
36739
33760
38431
16289
3499
5090
12212
39692
17808
12773
18984
45756
28755
4520
48327
32524
35019
9820
40426
234
33090
36614
13715
15520
45923
20768
37242
37936
29385
9292
40432
17589
41273
24685
18826
44317
44107
44388
28680
15154
21622
3701
33967
31677
28928
29551
10746
2822
5095
15900
37688
24471
46574
24020
23630
42728
1005
28867
7586
46632
18876
5543
36765
43745
39069
11508
40168
17194
12047
15469
43446
4240
12472
18538
27079
22819
34526
41451
564
12025
12891
9332
9981
31205
30377
37785
41926
39138
4411
19407
20956
26738
26993
8708
4270
15929
18584
23239
18095
37083
14697
30197
1484
28891
32137
3622
26357
47709
15543
4579
5797
8132
38986
9625
31035
20933
18897
30345
21732
49313
21299
32897
33705
4194
4740
2922
45445
37199
8106
25096
22606
36561
11760
25059
13353
33347
27611
36346
14483
8712
48613
18941
37685
1404
6172
27183
32840
30664
48896
8030
20948
17220
41011
28981
9998
39281
9966
13889
2484
1050
5568
14402
6341
32497
43699
33924
44660
34881
17316
14215
30581
739
48168
11644
44681
47379
48040
20256
31015
36890
18092
2213
9517
45377
46940
18225
38896
41958
28004
27748
7199
45207
37771
13886
27529
2668
37567
26690
17740
36664
17689
21543
31504
42571
28351
28575
16814
22336
26932
19042
21267
34953
27491
27584
40615
3633
10092
22746
16021
37436
31590
34086
42749
16718
28434
33884
20236
31911
13795
39767
44286
30773
32234
47207
24546
32350
23455
17983
21152
38298
29791
24874
19887
7780
31299
46470
24090
21767
21932
35141
47617
4089
26320
31247
15816
44587
16604
9202
13050
45592
18417
11746
1265
15896
772
22097
2638
39553
23289
42809
26016
40873
9793
8604
20285
3135
44454
23686
32162
4259
15904
5575
12206
32880
8228
45356
18380
11663
14454
30944
14310
22992
29063
13168
8295
5077
44581
16456
16740
4835
10540
30444
34449
34423
2044
26214
26792
491
4934
15022
21548
42026
17539
42048
44507
2275
14822
31826
20644
34354
20924
48838
11595
21947
7088
33484
9786
817
39270
18564
44709
44604
45053
35757
15854
47552
36690
4673
45162
29544
38735
23326
3873
24348
27668
20421
23320
716
34359
2019
692
9306
5978
22244
19066
43622
39895
7600
34921
44735
20802
10067
7835
8935
44837
32562
49913
1724
32093
13676
29148
37116
5294
25528
45311
2724
18717
35862
24313
28499
37629
37516
8439
29833
34679
6505
22123
6402
9429
43679
36823
5033
39304
20592
6347
24345
20263
42099
17147
25173
7505
14442
4044
17553
8771
6319
17525
43189
8502
43302
45777
4923
560
11365
22220
10421
18374
15204
27014
31436
4610
3076
41408
37389
37600
1994
35678
13138
45344
11914
21795
38245
33504
44379
16681
46603
34955
3751
38605
9655
41253
29902
14996
26438
26068
13512
45834
36487
34732
4401
13869
7571
47227
19338
41971
41578
38080
47255
29830
40981
6399
12198
27622
25482
34556
11854
24007
18712
10786
43445
17341
48967
23937
10955
45579
42250
7822
9179
4034
34400
35210
37327
40718
8971
17266
15747
9378
23291
11075
47645
18332
7286
49931
18255
28648
36872
15804
4976
29856
7429
48939
13243
36435
48165
15763
47933
7465
6412
35396
2865
44639
6306
11391
34713
19241
32650
42030
3520
3478
48489
39674
44279
3481
3599
12932
26342
33230
49006
25245
9012
2257
33066
38972
33805
47080
3371
39366
7446
36005
15795
42664
27523
21350
948
22190
30254
25740
17536
22927
20459
38513
33899
39027
47015
32812
14261
8143
34909
49225
49692
36904
4915
33723
24871
18794
18665
28782
30000
42281
39165
11756
4792
40663
223
2881
49530
4056
47675
19819
48834
42758
758
11311
27411
45635
38938
16566
23109
6853
45366
18999
41945
17045
40523
40417
44397
9155
20552
10481
33222
34862
24841
7438
24186
15998
11018
31518
46888
26816
39836
9210
7227
28480
29883
32778
31914
8788
30588
17203
30488
43389
14142
38547
23541
12689
34284
27727
36990
23767
42209
37561
11397
42265
32042
24214
78
23366
14200
16557
47442
4188
19083
4533
17993
45892
41309
27921
15197
39113
16991
16230
45980
21312
1246
28551
2412
1631
28484
49079
47443
17561
37607
45829
16375
46332
35535
2362
27100
415
23814
7886
15849
43802
47638
20460
14229
37652
45309
9302
43173
23085
6972
19793
23404
2814
48408
20581
19212
25225
40645
47619
5498
19702
45664
3855
41368
18270
27797
36594
36671
727
31471
6139
6285
43243
11763
13487
30388
33834
46686
39602
21770
24251
17481
35237
1091
36873
48485
30061
46229
12411
26375
22350
43473
46055
4103
19267
33917
11077
39411
34590
39415
33869
47141
13367
36263
18050
11281
42958
37013
31824
10108
23270
49611
15815
40041
18026
3727
29979
12081
39224
21969
24991
31236
27171
10658
653
31488
8119
34516
31955
40543
27274
45536
21235
13488
28635
9188
25663
34882
32672
5938
20185
36622
27820
49632
15025
7453
22023
33220
5764
25672
13762
31867
6373
26332
28457
7090
40286
24364
2794
25241
46743
48478
16785
47714
24600
27628
37160
33392
40088
48186
40350
12288
15592
30348
28232
35229
30913
46764
24344
24527
1174
10424
15493
23933
47576
3618
14134
40927
19877
35783
6450
26644
30054
14774
329
23783
4876
20145
37341
11636
1863
13638
9349
30066
31150
399
14116
9569
32304
21571
21230
17197
23033
40858
44495
10216
30947
10206
5996
15650
49508
32460
29264
21227
4545
27754
41246
43701
32549
35812
10117
11487
42701
47514
21006
18111
22980
29706
33151
2403
17568
14293
30962
17915
14914
29837
18073
25550
18599
27705
28824
30333
17389
38689
38692
10891
8959
7619
997
12149
17053
42756
12312
22405
34550
29067
19167
646
36531
44524
6124
29761
1180
19988
14872
47137
40057
38262
35482
17381
12125
16771
25493
48103
6393
44284
41762
17871
36320
5624
44324
13348
32439
44667
946
12831
46242
29778
12485
29288
6288
37703
29129
40223
27666
35863
5358
3607
19850
1137
46989
37431
3590
15987
32225
16766
26636
13725
19709
10384
39306
23000
30635
8402
19341
28123
35337
14173
42293
42337
14768
27478
5838
14412
7862
30772
6128
35594
9972
26364
7694
10994
13928
23437
16165
34775
37643
4931
6809
35505
39527
34907
12102
23785
44345
20353
9704
35463
15001
429
33075
24165
13328
13849
48119
1757
19086
4347
34392
19023
9882
33594
19981
17709
34515
41579
37717
8197
3260
39513
30474
5956
3385
46410
18128
27486
10157
13964
37525
18910
19259
28889
255
2512
43052
2699
17768
5378
7608
30544
46175
16354
1564
37815
27410
22511
12346
49456
50
41165
22650
37577
36677
4445
33790
7913
17902
6062
36431
25813
12628
30507
10503
41904
5355
22537
18383
32830
40284
13306
16399
1481
18817
17986
20628
15464
46223
46590
1150
23549
17862
45658
2767
37734
23821
12982
22162
17017
23957
37883
41647
43489
8504
12438
3051
45632
27512
11555
18791
19584
21069
38059
49879
13197
44174
11185
46316
1068
49076
5677
12935
35017
8766
37486
34768
16876
47763
32829
22437
43886
45251
24613
16704
39898
2907
34561
12410
16370
6842
17294
41790
12240
35715
47128
1809
28679
6092
43005
6514
44142
19501
19300
15318
10299
42409
35158
5792
36730
6170
19258
29301
23015
19766
16621
5188
26938
13873
17945
12828
43138
20832
38703
39038
6174
47988
6536
27986
9174
1020
41363
44678
38699
48274
5341
2533
49726
5953
42752
563
29020
41220
36868
23862
17118
35070
14688
37425
47665
15279
16962
19600
36161
33033
27580
26047
11372
16129
18852
40013
43820
47338
43649
45930
17367
43838
25464
14969
36782
13726
40313
32745
39644
18664
953
20701
49958
17111
23948
8563
44623
42993
33583
31931
48854
37653
14584
6552
2022
35734
19896
48321
25513
2498
47913
48713
2642
20295
10026
10347
36451
20343
9346
42342
15589
14404
39353
13817
43487
25090
3745
16863
31830
24243
15480
30296
47828
25506
31439
46227
4963
29672
26189
41867
30903
12654
33666
34591
25867
29170
9434
8857
9542
14793
26355
27950
5588
39510
49582
27675
44798
41963
9812
47915
4818
34693
12695
9214
29577
2990
7715
1120
22322
42313
38795
20521
36138
3595
5833
10362
42923
12162
24535
31434
33663
567
14880
48780
2663
49507
30959
39440
13291
37787
27098
34695
27559
44704
48522
46490
21997
37182
38359
33591
47819
6054
32433
46683
16365
19908
48691
30283
18132
23557
28344
43383
35326
27150
14363
10996
49468
27294
19095
35147
36182
34447
46804
15536
35821
36441
42676
26401
8222
45948
10461
1231
29376
10089
34570
21281
32229
36225
13030
28505
20063
14953
16395
43714
25336
4959
7245
36373
12367
49566
22399
32107
4911
27425
14059
44077
21322
12451
21982
12390
27153
25335
31917
28452
23294
28853
47879
14370
43794
2347
12548
9701
35608
32056
4597
16177
49484
24212
1422
25588
27268
40831
41892
47894
2335
23792
34175
49957
24962
22210
18326
13462
11108
23791
23558
47648
46926
47674
18256
34875
47898
26021
40680
44545
43237
493
430
21627
43810
46858
31043
12475
5043
45775
35451
21239
21030
27060
5883
40151
14735
2664
23761
1200
45130
34872
43060
638
29676
7177
4131
27809
46292
44027
44857
15407
37314
20492
12990
38449
38145
35409
17323
24664
33021
3559
19734
4185
37595
34826
36449
25875
25130
5590
21596
13746
18724
45089
6580
15254
47707
42184
22960
43594
23524
11556
34165
9540
18487
27346
36064
31775
35589
41764
17996
35843
34321
45868
5823
5425
23511
3217
17445
21527
22394
39713
32431
29587
16446
10433
32476
19352
23974
13937
45403
42839
20176
2582
40592
31995
27854
24249
14660
41245
1648
24926
3416
40420
27899
17335
9160
49776
1696
8936
38543
29777
47651
42730
20850
18974
46040
33404
30724
32961
43580
7483
38881
12360
16939
43411
15562
22038
31490
19771
13471
8126
307
44858
3662
45817
30745
11987
21300
23555
22236
16710
41518
11576
30620
27401
27602
15376
27433
38087
29197
10867
35793
9416
5001
7797
5923
9162
21257
128
22717
31281
38981
8110
20866
33852
18303
12423
26077
44696
37599
23845
39808
8665
12262
21136
5520
45180
18638
9895
36675
34839
42829
41402
32213
11920
25142
31804
46044
24849
49396
29707
37961
8685
6030
34072
34394
22778
20853
8332
8992
48366
15431
40052
2977
10916
35723
39007
3921
43568
18482
44753
24497
584
12428
26262
41369
25519
10930
29797
26293
111
27259
8596
35730
21950
31048
36613
13702
4307
14398
26168
37338
10210
11524
43180
1292
6770
32365
5212
17634
30883
26971
17690
23261
15123
29891
13789
40731
15186
6870
32879
33238
35822
33253
41754
25012
5017
6570
3838
49256
39268
22265
22497
13312
41097
39028
33758
45150
17288
10428
35544
47276
33170
9996
24000
32775
43662
16943
12417
498
4295
15727
23627
20074
29884
6876
26517
4538
22426
33114
8567
43632
5181
30335
4054
10300
40595
33138
16350
16505
6519
42796
38880
37250
11529
5088
17516
40904
7358
35629
40532
34196
33421
7502
48586
49826
10061
4901
13573
23310
4128
1025
49033
11857
36253
37569
1804
45748
36771
11790
5108
4277
32487
9636
20361
5666
16815
42032
41258
29254
30748
24247
41001
23855
15212
29709
33388
7859
681
36554
19592
42417
46867
35740
15570
2177
42821
10394
9876
6131
45402
2737
24724
44613
46102
49406
7557
28321
43
32849
40382
22028
740
1350
15676
17912
4880
16927
33146
1702
30459
2074
40806
32798
10052
36983
4891
35729
35272
45812
45239
43401
4591
22354
36630
32696
34730
47382
34949
6035
46618
30165
35790
11739
28508
34033
39751
37126
20888
24944
14015
14695
36585
3062
47283
575
21358
33970
42616
13628
6466
23696
13154
25324
17438
37564
5230
45668
22675
47712
21431
38552
18527
48315
27082
49341
4697
38829
36597
42272
8290
44848
24178
30636
30751
22974
49301
29352
13526
43347
34540
5386
39832
4549
698
41472
47991
13224
26090
26145
41519
28724
11211
35306
12877
21158
25028
19644
30458
33910
32901
38884
13237
26127
24040
38129
35355
41138
7789
48549
12507
10148
45514
25570
27385
25773
12643
9622
49970
45787
4948
48855
49876
951
34052
24644
43962
22367
19359
46529
10905
1513
42872
43651
27676
29937
6433
30416
43711
16083
34845
1126
29206
11130
46915
4341
15456
4722
32450
34871
20876
35214
24190
49261
9203
42271
20826
20494
25419
8463
41085
6931
4104
39586
13979
38901
44072
48970
29464
31912
43442
49081
30203
30666
136
20668
39574
36259
34868
38107
18144
41005
30413
28256
43027
186
22256
20132
28237
5871
39217
29497
21497
12550
31158
27026
46589
42387
18622
40589
37269
16518
28150
28132
17177
19860
20258
43521
37675
4110
47193
42707
45794
15994
10207
25504
25492
10763
30912
12547
46011
32384
41920
16627
41652
25331
22649
7764
15622
13667
32136
18670
20842
2825
17327
31157
25284
7759
332
22112
27402
25073
18377
49418
9224
34226
47336
42759
36581
48461
46924
43937
38895
36048
26564
10845
41181
3525
29087
31638
41545
1876
17672
22454
27747
1015
1675
10731
23073
7707
5361
922
3738
14504
16363
26593
37382
32591
29501
45569
12203
624
42985
10533
34136
46835
42471
36571
40288
6751
25916
1529
46376
11950
24173
2797
3578
10690
35162
5057
28704
4685
10235
18878
17419
33615
17236
31356
445
31595
18333
49806
20383
30685
39401
41571
27856
30339
446
17493
7076
39145
14432
48494
4393
32975
30249
34281
3425
40594
46130
39025
9283
32191
17596
24393
24700
8334
23358
18651
11467
44893
23805
35223
30954
29931
29199
31717
45522
30186
48374
30580
48755
48634
2819
36330
4236
23671
39233
19383
38919
30362
17423
13113
11794
33497
31289
38932
38397
1527
45806
40467
14853
24002
44711
6097
24641
46243
14609
31849
45189
45003
28859
5273
48102
25558
29204
2226
10307
5003
31234
28539
24419
6501
8625
39024
32170
7309
23878
24853
40559
38348
21961
16676
955
40332
37361
3933
17383
26684
7616
878
10082
33127
18028
27067
1227
13303
22625
46271
7903
32312
20531
34744
19196
38576
22357
45293
12420
41996
45965
36187
21912
35174
38362
20053
13939
12204
31880
49068
42800
7006
12178
44196
8617
36201
31833
6301
25794
26569
32457
41325
45695
46503
44789
37843
21676
18982
19970
18740
25037
6038
42362
19560
9165
20490
6413
26404
29890
2866
25378
8022
44257
20721
20045
14225
4262
24262
24836
9599
32102
6469
20741
40502
16580
38844
10956
28960
21682
10239
41108
7736
804
1733
31350
20873
37849
22285
6411
30178
22275
17427
3250
22331
16238
42745
49206
30955
10630
30935
33824
32597
25689
1911
25255
35911
25025
23222
42057
39261
30824
18023
29828
34880
2375
41260
40717
14481
47799
22803
16367
18118
21064
42871
22007
23582
36704
10541
44828
12655
43143
16321
26521
12309
34241
8008
11724
22760
12676
20179
17592
44177
32196
26238
12241
48810
33031
49982
31630
32809
13793
42060
5648
23724
11512
42317
9781
5933
20884
39995
35670
39187
5346
22193
5091
10145
30880
21927
432
14952
34712
35267
13109
12711
4147
42695
38683
24505
12272
5239
48017
46609
24552
4924
43209
18789
76
1332
11399
7676
49831
8351
18771
8736
39361
39186
39830
3489
15865
20954
1612
28835
27281
15027
14410
9140
36874
16465
40893
10248
47979
49490
11089
34788
24915
9000
2659
43280
46401
9980
21176
32918
23050
32308
8585
41529
22261
2861
45390
30839
39174
44612
1497
35230
596
904
30701
32401
776
2593
35317
29824
48797
14814
41768
32148
10692
49857
4682
23528
9363
29779
45931
9705
4325
26565
17994
4728
42432
11821
5110
18802
40144
3891
24691
35515
6142
22543
18106
7661
37618
46259
8875
23747
2242
37124
41064
39949
37891
48031
47087
32714
4408
27740
11332
11819
15975
17213
31013
4289
37546
10380
21773
41824
4452
40189
23891
46256
14648
38375
16800
24590
35249
8624
49038
43402
11313
32952
29047
4448
7148
1396
48426
8191
233
35473
8466
7144
42228
49795
23342
19226
34334
43119
8877
10035
30184
8793
10811
4503
35392
9489
36434
47984
16231
1277
46719
21659
13530
42040
41508
11782
31581
13414
20235
11082
23625
14643
44250
8750
46445
19382
18611
39331
4217
21406
17627
24606
1667
12321
13760
25557
45234
17231
31863
34036
10050
27102
27775
8573
39308
31666
44091
32689
6924
29105
48901
6324
29409
16193
1822
45971
8897
7839
15296
15092
15682
32838
37538
15220
37962
3324
43537
16345
26295
43656
23456
7697
17641
34653
23606
24597
48443
25759
30597
1807
48081
27564
21964
7884
15391
1407
5580
6516
12373
34248
44474
36300
28892
12458
48156
36049
32444
19960
39374
3742
6484
30134
12722
1953
48287
27445
21465
23115
6646
35713
41478
659
13235
13412
37591
13189
42393
46949
14010
33590
12840
12727
27290
26776
46258
38786
18143
2605
15361
43289
26402
4741
5511
20645
360
41696
31403
36238
40131
16967
41546
20574
34572
47748
44025
47920
32106
10660
370
31340
785
24684
20831
28379
20405
33319
36433
19514
24146
39462
21119
23766
18625
3755
11934
24994
20821
1502
28202
6529
39491
44206
6250
16167
49687
38383
6574
1740
33743
45603
25322
23434
8166
6334
6602
14325
48933
32618
14051
23687
33809
31162
13905
31368
25878
19432
34580
10088
24779
28800
20095
48043
44024
40019
984
47214
43455
38516
18894
24029
40978
28574
31548
16647
29844
2636
11193
31586
7173
21993
42735
29036
46754
47332
16137
14766
10474
42660
10951
29697
27978
7343
27202
28555
19603
41187
40906
15107
18884
25980
21956
35175
832
31903
29442
22022
45725
34435
22353
17826
14799
22767
38674
8982
31627
42399
29304
39225
41878
27711
25914
24306
20039
11076
18117
32914
42777
40488
3950
19100
36035
24283
30578
2658
48669
17879
11497
27306
34382
5320
16744
19216
14069
16809
7486
2604
10133
27438
24330
24873
42400
46785
40961
32367
42149
28660
37701
41914
21207
218
29662
18017
29815
9117
43177
27446
28869
40706
23920
6827
37622
2633
1798
21790
38801
19918
21454
30774
42803
15779
43440
19044
16154
44147
46671
29022
22072
17535
44564
22868
9842
6438
19347
47209
12545
11417
39003
24750
6300
32290
26190
28380
144
10618
40634
42780
43300
12979
36971
17728
33417
27228
21031
29896
43423
36308
49203
10924
5650
7009
39828
14970
17365
49639
45359
37484
40958
38367
3086
48800
34688
8588
31384
48870
43297
82
10580
18637
23984
5111
12006
20397
22278
14733
25548
7548
8297
25365
36218
20553
6448
13503
48035
11618
44972
10167
7851
15497
48894
38385
16118
42901
15052
11730
4027
41639
42976
11206
19187
49472
35128
35271
20204
14054
46080
49016
35720
45901
44416
17189
15704
49652
36282
41701
49458
22033
1878
30464
42572
1166
16094
1148
41283
41052
39251
37123
43333
26412
23157
23881
23286
1592
6291
48744
2717
41180
45032
24294
42370
13483
40572
44023
6992
37737
22597
13701
48736
40950
37141
29867
872
6472
7984
20121
485
33940
7273
11681
12854
29451
362
16528
24012
16737
16757
37348
41560
26312
8276
5775
10755
40497
1926
10230
40558
4430
35803
7871
14570
28721
31580
49361
34198
20744
42708
25133
4208
342
7187
39464
6190
35479
27515
42279
23302
30611
16335
12165
14281
37225
36177
19619
49766
29540
33832
3923
9185
42675
1355
47862
1432
18217
32676
31176
18718
31609
24588
29402
15997
24814
14902
35738
15347
47860
2588
17433
15768
12614
12638
47594
49715
16763
13599
26970
48016
41012
8085
31637
43500
8067
3892
39293
11521
36089
47713
18936
43336
8620
15620
20117
40128
26324
41318
12502
13311
14494
20779
23447
45560
6731
48237
46920
5058
39139
26467
35322
10725
14217
14394
12974
46816
27408
31743
40156
15268
30319
21984
27073
34244
11050
2288
34365
21625
3686
38102
17880
28091
33984
20058
24887
19429
13310
45177
43466
19538
1466
13686
18896
2294
12250
37933
6074
6699
31187
17907
14390
40704
16215
32331
26236
6120
17060
43915
6492
28243
47162
43303
10228
22488
41189
42551
17272
26244
29046
32976
30963
538
42019
39682
5180
45264
46456
34619
47450
1476
23025
5697
34132
21356
41387
18025
7241
38042
40889
49925
21125
22816
23387
22867
35091
44255
23786
37058
13885
23421
32193
29251
34699
42655
7726
14241
19040
30650
41302
48482
11550
46123
39311
31251
11260
23979
36967
22890
38151
22523
26914
37931
10594
2240
34967
37435
37091
44536
18433
33231
13425
40875
48689
37080
17974
14476
42098
23967
14769
21738
45339
15424
33071
25736
36691
25084
37090
16765
29328
32271
26749
11517
40330
27117
41024
22223
37677
33642
18577
24394
2993
38155
48999
16889
8406
9762
39244
27582
30073
41034
49306
17420
3447
12650
17931
29613
14033
9559
7385
25902
19234
38867
9100
28272
48108
35191
39579
37205
21324
12546
8268
9335
17034
3445
37623
31409
23489
30221
39280
4664
39402
33399
27103
21774
48105
27035
11641
5929
11478
3808
39893
32448
36322
5892
27263
21897
25775
22070
4961
41212
13779
6314
21058
19663
40365
18031
9736
2839
36589
27525
28637
24170
8054
6214
39996
44784
13962
29095
23572
7615
24272
33717
39715
14680
13935
38770
5684
36175
40587
24456
14455
34328
32297
32038
9404
38310
15153
37924
48735
23035
11477
41503
49352
30097
13825
7906
43381
17041
42685
2315
40800
24459
39172
40490
11646
9462
49488
45091
1209
14773
15007
35457
45963
3183
27080
44245
10775
31073
35923
33611
4189
26813
29126
17139
24054
21520
47670
24360
9368
9090
6917
30427
37316
47084
8096
30145
15101
16660
13061
25141
27131
16709
49200
40513
2234
47515
28255
6179
40428
260
43002
28720
19348
40941
526
7949
10350
1367
37625
28932
39473
17543
3191
272
44502
18401
49417
40833
14622
18843
30363
34836
16389
9532
41452
9862
1455
16914
13994
34142
14326
25347
12684
8237
32061
43607
32654
37401
2193
2055
44967
11733
21156
19099
45721
30523
47132
34375
20656
40474
24064
4723
3226
48114
15174
44483
33391
45265
36851
16213
19556
23664
4055
22332
44574
49156
594
37146
1998
46193
25977
42058
29975
14149
9223
36755
41621
37422
43041
37208
34541
39346
33830
41644
25823
1388
44466
21565
28060
40264
23771
44263
39892
30739
14322
39048
866
12269
31229
30255
34240
39548
37014
7463
12104
10953
17782
35140
39819
28620
16097
15903
34245
38799
29589
14722
17913
21332
25771
35891
12422
18309
39782
24992
29340
36943
5679
16164
14517
5669
46871
17206
44650
3488
42787
36965
47575
46976
33235
17813
25157
37494
44565
31899
48548
43572
36438
10712
44237
39332
18242
13910
1942
13681
41649
7717
25137
4527
28228
7254
42021
48071
3166
37753
32082
49049
8525
7410
16678
46087
29976
33659
14214
48011
26273
8878
48051
16655
6159
46594
44839
45888
13116
13586
33040
49833
26839
2821
535
23685
33715
33240
29909
17846
38871
34048
40866
17067
3842
9860
25143
1665
41056
36173
20215
23908
36216
16327
5835
44899
4872
46322
15989
16905
14621
21211
32517
13534
11025
19961
3540
36925
35691
44421
12095
25629
45982
43028
11126
41992
39921
30556
18087
41973
23125
25125
12286
10824
35907
6465
13198
36078
42213
48943
45577
20847
10280
22985
32398
6127
41765
6767
15367
4713
47498
2524
40646
22724
14583
2210
14231
5616
27214
34078
37624
33979
20543
41876
36576
26519
31386
39176
37188
8272
25308
24948
48761
44909
26457
26939
24544
43904
48474
17791
43967
40077
8320
29946
18750
38842
11604
26762
4248
8753
25213
22037
3786
29016
45979
3630
5960
8515
36084
19693
28836
29542
26916
10501
33179
30174
33473
37728
478
4793
2450
39745
47878
25447
45473
36119
19030
4456
2746
2455
3374
15866
38388
12179
15806
1986
14512
14547
17794
21963
30164
47320
45302
49683
27625
29224
37722
24667
42188
27522
24953
39796
36885
37496
34020
7983
20291
18673
39790
41420
10510
18155
18858
29081
23748
12498
46233
12768
36359
32419
22126
24581
27070
28100
14068
29141
7119
29726
32341
40472
38178
47349
14104
30291
35662
6706
13907
34804
26023
21665
43352
24798
7434
39054
22706
47295
7668
41169
28230
41162
22783
15664
28896
5984
40361
41793
23473
18726
37799
17497
2122
8920
23780
37220
18970
20209
34431
7174
36757
43007
29389
29819
30825
46484
43837
34091
19769
43294
10984
6331
18189
14518
22014
27455
12292
6587
4531
3303
8570
29062
35915
34876
34932
7547
39482
36660
41429
16046
20854
30746
17040
24780
45691
30441
14378
33227
6748
32381
30439
26554
23471
22263
38066
21834
7295
4424
30109
16700
35797
32105
28714
21760
18002
45797
27517
5562
6461
13160
48334
49338
30497
38807
23243
48627
27492
10557
11268
30170
37606
30801
31519
1591
40793
16166
42310
26465
41651
39968
28207
25295
30182
12045
8180
13215
45281
21559
19549
41988
9450
35347
24811
15955
19026
48697
36010
42802
32101
9619
34858
33792
44269
29719
28783
20509
24143
32161
6362
33679
2932
22622
38134
12461
10434
43601
42567
36509
38040
14301
11824
3391
11012
42139
37986
28353
7393
44084
20351
46661
16233
47609
20962
41190
6042
34178
22742
19484
21228
3494
48595
1117
40341
13485
12228
44783
17633
5388
220
8052
25782
35901
15381
22245
5970
6239
9333
33778
25171
31628
22722
6226
49586
10161
44641
36274
49236
28598
22891
26310
29600
23325
4410
46814
7430
37678
23351
3551
30707
49828
22259
35598
7025
24444
9273
28408
46648
17465
19687
33325
366
24356
35312
25237
7604
22287
20528
5221
16296
42570
46054
22410
297
3980
38944
5370
22795
10465
16515
9106
10925
19071
1284
30920
40782
18405
48938
48794
49056
36959
2600
13484
7293
24647
10578
42508
43485
19363
10516
37762
39875
40549
35860
46270
22289
26719
1372
41535
27469
44904
31884
36960
14550
38798
39869
39728
18882
42812
10211
22996
17656
17340
17514
44868
11232
13038
39347
9393
44718
9571
26541
32615
23752
37796
3580
30712
37176
47970
39272
3592
13720
21026
1074
593
26589
10055
2534
38533
35885
24921
10782
2328
23241
49966
36086
1238
11813
41802
44159
3872
8460
34409
33432
6013
38716
49104
3464
48075
31773
22643
2391
31560
16816
3295
27601
28795
36309
3091
36001
35835
40291
5969
32328
6710
16
49877
30435
21516
581
47130
13074
4811
17123
31287
22956
48670
45125
9941
28951
29686
26061
28814
26120
44682
43238
14486
47877
31216
7065
40635
8874
23544
24761
11147
36384
9815
3354
33000
49815
38442
32098
16248
14817
2458
28453
20334
22194
15920
30627
22847
25304
24060
32737
48768
8016
15244
21462
49645
30559
39289
452
9900
33509
18654
19531
45123
41767
46997
43227
32959
18392
25257
17821
20198
21015
4973
38654
32152
8137
13456
25932
29180
5316
21364
27801
8167
37366
15109
40045
21792
23570
19158
43313
30006
25654
22700
47081
40282
24742
38390
39916
4255
26613
26744
16858
41870
32948
30810
31952
3743
39980
20090
72
36994
18634
40002
12646
17936
3271
16535
40403
1780
6776
46906
11850
11726
10006
6475
783
32066
17087
6028
28059
15232
29284
49910
42915
33878
4443
2630
19335
36886
24704
35658
25412
20935
22931
40296
29907
613
43341
39629
4843
49249
45758
34609
518
49437
25434
47097
41896
24509
33192
24572
31316
39277
35565
37478
36342
45065
20411
24010
32589
81
19161
19562
13211
34301
29130
43022
30794
29154
1361
34503
36607
34194
440
24907
12119
3500
27270
6175
20705
20722
21730
47465
10620
27735
38952
43286
12450
33714
36793
4662
47237
1630
19085
30768
21352
1087
3814
5012
42171
30241
41244
31261
3785
38659
40011
4798
49128
13264
34886
45441
34053
2139
29597
18324
30477
58
11558
23193
27557
8484
6326
24099
45460
28481
15746
21424
34267
14603
41013
40018
19716
28044
5326
31166
35784
45863
45185
41776
1965
21878
48926
39526
30822
33387
41972
46000
47425
7572
5142
14359
19285
45696
2877
9309
1738
11175
25167
24833
34666
47845
2618
28950
46094
729
27975
10019
31231
36402
31241
15016
21651
32617
1499
20152
20862
32824
49110
9219
3048
7422
8398
1557
18469
37119
35465
7115
28188
44956
12201
6454
10642
44727
28260
33386
38760
15593
9458
20504
30653
13254
15875
29498
3554
41119
27279
16330
17074
41758
33424
31486
13687
26449
47843
49654
49953
20964
47909
36706
19869
36316
10017
13831
5524
33713
30753
37198
7130
46933
5750
281
46948
11317
19669
45323
20849
44756
26203
10135
13213
19573
40871
19465
21245
24916
33123
14361
46124
32698
29893
41278
25185
46159
12589
42174
17733
22409
43296
24732
11849
23707
864
25207
2463
41456
37581
6763
9709
3619
4139
13321
35001
38240
30208
13089
43494
34863
45822
28121
19591
44148
17528
23651
16349
2680
11712
11020
4966
794
18849
2472
43766
30482
13114
11489
25889
24570
385
2449
11574
7790
1225
25063
30539
47564
37117
42115
34022
47760
37894
45545
23776
30346
530
30876
11132
34085
42697
39478
5328
44556
17712
38585
12578
41655
21461
36483
31225
8680
33161
18672
26507
30761
9245
38439
16694
48562
18419
21481
41006
25236
42724
3692
34063
3270
10009
5804
47045
39702
30939
155
47009
23077
13056
20449
26951
40120
2395
22257
16344
40149
16671
44913
36536
46769
26254
24414
43752
32762
49008
8748
14014
49659
7516
31987
40758
30163
30641
38051
20417
22
37863
26655
35292
41846
39010
42216
42289
31925
28602
9761
1739
29911
2186
47146
9843
8842
5502
31939
47273
16936
25934
12865
25552
4502
35096
3754
16610
19814
17952
4422
1596
4998
23568
12121
45470
10022
28550
22153
18956
42028
32032
6629
3329
905
37138
12448
20555
32800
9806
17050
8798
6323
16984
32837
49811
5821
24847
10734
24903
28047
22973
28233
16438
49906
16624
8473
15765
5688
22449
4600
25609
37408
12378
15561
1907
7934
37256
26117
2939
17645
39732
44259
33959
28161
1108
357
26672
25061
15598
19768
14187
40134
43989
24366
36498
41619
19482
47839
24662
5483
10663
21409
29101
35420
42109
44433
34256
34465
5134
8774
46509
36529
10732
12745
39258
147
26381
40571
5745
89
1099
49894
23877
31821
41923
41179
48553
2914
34124
24621
24500
25539
38600
19657
35269
27407
41843
10534
37993
470
537
43767
30132
30677
2867
48344
21853
4299
17451
49891
45618
26523
1990
49160
24042
14012
21222
24758
19022
8469
13282
48208
2158
40805
36360
17351
15932
16140
7082
44477
9142
6027
12031
4053
28866
25786
5107
20015
22508
19497
47614
4078
14469
48019
18345
5839
27928
19758
98
47343
29268
14541
35769
3297
23753
44853
7659
45847
6596
7533
29467
32432
9247
47104
11705
28948
21845
29001
19302
22391
18479
41794
41894
15941
28592
2094
40994
26017
27032
4576
27432
5146
43400
3125
10538
29142
18347
9249
16470
31033
21008
7847
17569
19220
36919
38528
35675
17796
36096
5545
32725
49613
34554
40071
7078
26769
221
34096
4760
4412
19639
29112
33118
4551
14862
10129
27025
49504
32204
39605
8723
12252
39435
24270
10372
29723
17526
23386
16378
28556
21554
9527
3284
23217
26112
31506
3148
49601
33068
41394
17925
27737
831
2178
17601
16493
43435
45471
12717
18957
4469
18145
25812
19935
30933
23711
21637
39043
7705
31258
43470
16840
4536
48185
12653
44299
16680
9419
5614
19332
3820
48727
46980
14025
10863
41168
14916
20580
9256
25140
34027
13140
26518
19705
33903
44836
17239
31256
13818
39746
40387
10153
25777
10062
21297
25724
45616
9008
47523
44511
48245
21328
5857
30949
25212
48472
4952
49461
46513
12139
35323
24266
24960
15165
49277
30847
46614
28323
2622
15272
21151
22266
16226
32422
11331
6370
30968
4308
7435
38205
40027
48142
2322
24341
44295
39470
42033
48682
25118
28444
35375
10144
11441
31433
26163
42647
24493
26810
11389
27253
15677
24115
26871
13877
28489
27132
47144
13706
25270
41580
21567
43204
25888
3327
2741
12994
41814
47792
48262
42672
48266
1849
12954
7449
19807
12663
43648
11384
48850
17440
11912
20813
40037
10011
27763
35978
44130
17858
21458
48514
30128
29519
41383
25069
40368
20128
1183
40685
38428
23347
8572
21562
45910
2220
786
47669
25443
13020
24129
13986
49552
1286
33756
30385
24452
46303
45575
5560
35425
14043
27504
39344
6016
14855
1373
8006
3986
38146
6489
4578
43918
7614
31827
44224
8840
13340
25174
24407
4918
36327
43102
11039
49599
20057
45690
43244
30948
45215
41388
15725
17510
32210
12013
10743
23433
3936
17599
15309
32788
5025
15502
42870
28852
6794
48409
44754
14761
36473
30027
24172
21915
1162
20136
7263
38018
4123
9845
25841
7946
41078
45532
20694
4013
34769
12991
21316
34290
35735
33857
10506
43722
49246
26927
759
27901
40471
40200
12060
31
35068
2286
533
23797
33769
34735
42968
1216
29179
30177
45915
49254
31675
23103
30994
33911
24466
36809
38682
4126
34459
14113
40015
24729
6445
1283
35178
43164
46341
4380
27627
13754
11907
5773
1893
7477
26235
14401
2890
46480
528
36494
22976
16500
1013
28980
38865
21173
11494
34413
29134
7704
43815
11567
11501
17673
19924
37062
9431
28523
34058
28845
30867
47751
6632
14071
41496
20321
20396
21025
6719
34286
5593
48222
19801
24409
47743
48678
18151
18
8225
24714
35753
40973
19748
2142
33909
28744
21117
2860
18187
25746
45029
20910
1886
46717
2140
4672
30356
18815
5315
37211
15623
5570
21992
42753
10564
46184
7450
35163
47708
7677
4939
30229
13674
7653
37733
18681
6831
42582
12937
20254
26204
9158
4361
11995
35758
48984
49518
8492
7482
20394
1419
2056
44133
11989
49298
20689
18058
22234
5400
41837
35540
14067
45970
15196
42681
44001
26912
40990
5736
13150
31593
19423
6283
33493
10353
25608
40266
46230
14706
1782
3916
2783
17995
45950
18208
16132
10722
16958
4501
27541
25119
43804
31902
31969
34199
19018
43652
47481
42632
12455
25814
23359
41209
26418
43368
30795
6830
17285
7298
2383
42349
45631
2012
29632
21908
36862
34510
19954
46962
10313
47072
45488
49064
20927
47061
26653
35123
46700
7519
45010
33774
1843
464
35067
25374
21089
8235
32424
30280
25926
22892
34182
26607
32273
23269
22784
6286
6458
40318
26721
47094
2845
37967
10527
15320
10704
13510
33798
49109
14686
11886
24781
16577
36928
30791
43841
33086
30860
3694
48987
30663
44035
42603
17345
47086
44544
5563
39407
16545
13406
1102
3811
30672
48942
44758
40207
46757
24928
46598
3110
22031
2370
41839
30540
35600
40538
33905
7599
13759
32759
43661
45423
7248
313
26055
11717
30107
45273
44912
42652
38630
25524
14725
26612
38900
48530
8007
26898
1944
47761
25817
11814
36257
46850
19394
13845
47942
15583
26851
33209
31996
24264
44624
40678
22512
5881
31524
24285
2058
22845
18612
30830
548
24372
12215
32950
37427
113
5837
22574
2477
40030
30033
22516
12072
5408
36488
48796
42220
19194
8975
28509
5419
46911
18551
203
41463
7829
16160
17979
10517
4304
8117
2209
23502
43946
31746
24103
11162
5782
16436
15033
42481
43026
15576
3948
13486
36545
12775
33446
13672
38566
35414
39124
4535
7683
2874
7781
37648
44943
17150
9521
39111
29415
37303
42955
941
1796
12652
47286
14047
4910
4204
25848
24919
36888
14260
42503
18443
1151
11378
18105
15192
33160
2911
24352
8912
37387
3639
21914
35316
23663
42927
39756
40507
43190
46721
19848
3019
35079
32656
30763
31159
4575
18714
31910
16811
21960
26630
3784
28515
29412
10064
11572
27311
35103
7464
3422
18531
21624
7308
46586
39909
12107
49139
13397
34418
30302
743
32958
12282
28245
37294
21499
39074
11668
35564
1398
16571
16442
41549
41525
16269
28546
586
7654
29419
42687
7057
20715
11792
40582
23577
24924
11444
41929
47526
2042
27332
39259
20046
37449
47345
35343
23641
9471
2327
31310
26666
11793
14155
22661
9588
17619
22790
3411
21260
30282
46642
35878
27831
32619
34843
48706
16011
47982
49821
43922
3130
48979
34758
42101
41241
3962
13358
3397
15953
47232
16010
38013
26213
11520
8238
21313
37794
33764
42137
47192
48290
22679
14085
36626
12748
47113
29991
34844
14624
8981
13878
33843
13438
427
44570
37873
29885
28072
13787
15575
17893
42312
31494
32534
40383
36989
27255
20049
23545
17315
16601
15688
24213
22189
6940
24628
14182
29265
48723
8216
1191
1945
27188
43951
38481
9184
46675
40911
36004
26514
11425
40716
11150
10610
13729
23418
19143
43380
46912
28983
30502
47693
21856
3967
40462
46152
39588
25560
15082
4810
3495
40273
7555
34750
47698
40498
33369
13733
652
36385
25030
46053
12681
47006
42464
41521
31940
27726
14613
14851
17612
10917
11540
26861
17364
46286
3772
26176
1512
5739
25302
20212
25354
5926
44757
40306
15645
7134
18963
11509
47444
31617
6775
43014
32780
9633
13399
39350
24199
21124
40395
37942
46670
14112
18546
5902
1169
37641
2650
6604
35452
24580
31454
25231
27828
5458
40026
40390
42196
924
33786
37562
6601
4769
38821
2571
47803
21321
37642
21938
26058
7340
16374
26587
48250
44213
5040
23406
20926
33683
21432
1341
46469
47661
15893
11734
34452
16148
27733
22002
16990
2941
12022
4106
2023
41985
7658
13039
28382
36544
13846
26442
42454
11008
46669
1982
27689
6333
14040
8231
843
43790
49666
1949
43460
27404
6377
12647
28780
12099
33606
44076
15059
18704
15046
18904
28417
41707
22714
45320
5557
47847
37764
35205
45173
3919
31406
2632
34533
26303
27156
2081
45957
11919
12930
47531
12973
5919
4844
8434
48765
47946
8955
12595
56
23782
31411
35993
3041
10788
13433
36568
41569
3195
1844
31492
43187
34935
32251
38848
37610
9611
9254
15673
1744
40056
30292
12042
20199
3128
6522
47446
45815
36129
10012
39723
14599
28013
21539
30552
32733
42420
892
22387
42100
42492
44429
5044
17223
6267
38466
15588
12505
5777
16245
18019
18199
10829
23009
41685
42529
12074
29698
18474
2111
4688
8451
47278
43933
28653
32920
38782
3169
3655
28877
22541
16877
12797
17943
40551
7043
31703
1777
38834
15657
35705
44550
7960
28718
37368
31341
19101
1585
1816
10970
39342
10329
43523
1094
38886
10716
20708
45588
18610
46374
5678
36091
27208
24147
17708
22034
15358
28849
24548
26306
17088
41994
24910
35348
17658
43388
3121
15323
6180
11983
7331
20370
32966
44916
41197
21851
22487
8581
49345
41708
10043
2525
48879
32867
29666
37217
40876
18983
6872
16851
47206
48717
30623
36059
16856
27400
14966
34620
4840
6630
1365
24741
23031
14154
49209
46729
46739
48899
20916
41603
46320
7433
94
18066
37783
9946
40597
12667
15916
36786
43339
21570
19783
7299
9648
3107
44586
12605
4500
40517
39529
14046
20837
37784
33285
21592
23329
43775
1093
49268
16526
36603
17322
25988
16739
12870
48583
13757
29935
35975
43670
32094
35208
39319
27513
49388
36698
6671
34954
38517
28832
25266
6693
27423
12679
9099
41806
11124
2707
25647
19567
8039
31923
12067
24139
31457
44056
33046
31179
39798
39439
24815
13201
15133
25556
3981
22750
47918
16793
12385
38386
20207
27126
31282
16372
15739
32896
21063
22866
20759
13713
34481
40455
17597
33095
37065
29925
25205
33311
47433
7620
35530
47897
3983
7478
960
15563
8933
36537
23897
31353
40025
13161
23219
19396
12202
3860
16698
320
15689
3341
32343
39328
456
7712
13381
49493
44742
36552
11969
23649
34865
28488
40489
48647
22754
7565
41660
1904
13065
20426
37249
10922
14516
11838
25633
10791
4246
41306
15524
20997
12829
23268
22369
7964
577
29531
3596
20301
2319
21663
49996
24626
32680
17378
42587
323
4582
2768
5173
15686
41539
3538
24699
24545
988
851
15231
15798
915
13682
632
26128
25316
25002
19809
17065
49762
47880
35824
6672
21877
2818
36649
25310
36834
29742
11289
12573
34225
19493
28642
4521
4294
34798
33599
12858
38971
44185
31904
45247
44306
9543
16308
9058
15555
16219
17075
23032
34757
25511
38099
4879
32374
4398
1698
20345
26477
29292
38259
4385
2843
21076
29404
46938
4493
33828
38068
36424
11371
14698
17661
34336
3952
29842
33153
27331
22536
46407
13359
1269
40452
43534
4207
6752
33636
24242
13582
9159
29200
45250
23106
12491
19089
22073
39905
38562
28606
45097
36097
8659
26333
25034
46691
40254
6202
25890
46853
45332
7275
23548
9828
15841
35747
6268
19431
47423
23644
44029
23247
10150
24825
36211
20753
29552
11531
21476
42136
24989
47484
38142
24640
3621
44060
35255
31126
38408
20191
49862
3975
31315
25060
615
25048
19683
29809
35679
49606
34532
13440
19667
1520
34473
45570
38641
4556
17530
40590
5410
37916
42900
36605
7503
26610
6966
29493
19690
37280
37352
46361
26834
17329
9154
6106
26304
39156
23526
39918
35268
27318
43936
42625
23595
26137
21337
7647
47747
21135
11803
16536
38617
36633
21407
33308
11720
668
5720
14400
34753
39134
13696
40258
30405
14323
7085
13396
49754
38502
47580
18015
49044
11458
48086
17958
46418
17852
15609
16826
32005
20234
35281
30594
19488
14600
46388
9722
41895
20999
15665
8446
823
7443
15674
36763
8042
35686
1714
13731
191
12987
9994
48739
28276
29120
47536
38011
32885
47177
7182
28226
39248
6618
46478
16745
46868
4735
9544
35045
25701
35496
24859
38639
31365
12478
14614
33091
2419
45968
46828
10223
46312
15703
12510
20174
31025
21240
24290
48255
17766
11189
12305
19595
15534
43909
47279
28088
14298
5760
27496
21062
38861
40141
24118
25974
19061
41332
21686
20474
10602
1802
26959
14259
27246
23054
40072
30064
8220
13597
5801
39340
43550
44187
40267
28213
13324
8705
29244
2607
16570
4097
37321
41061
31588
20811
46330
27272
7626
16727
5886
25127
3340
40315
28399
41457
9888
15533
31707
12080
12983
18175
47706
22608
16272
2284
5516
718
43255
44146
33264
8190
27301
32797
38951
27798
17850
44870
9169
21557
32859
5501
44471
1144
6338
34379
3805
41049
34298
22421
49326
29115
45530
5048
7062
38090
16687
4603
3826
13386
16033
5356
49955
35043
24312
4036
4266
39622
12696
6855
30324
1343
34869
47437
41419
6594
39685
12734
35257
43923
3136
8615
15208
4851
23218
16298
46595
30067
8482
31577
8379
30612
27640
21836
4220
34330
18196
15995
48891
32951
48046
18678
9064
34155
20782
22794
43983
10632
49375
12540
48127
7047
1070
2156
6944
17622
31613
13735
1755
10897
45710
47654
44516
30988
25286
4877
26928
26371
21394
25292
36903
46993
45597
22627
11338
7041
20122
5532
11948
43676
18265
44172
7316
23414
33726
21415
30411
12656
2846
34490
44880
14748
36864
32272
31959
31277
42052
34680
36408
48599
17120
22104
45606
35997
11885
1170
38555
20283
45613
34502
25553
34071
27110
20561
37729
9951
13606
40554
6543
20303
43526
46219
16940
9835
15334
23214
10455
35369
17662
49843
34469
21835
6350
18933
29278
3531
35469
15249
10296
36548
43873
43230
46479
31442
26611
41599
31811
27911
45940
10476
9130
20947
29450
44305
7170
11902
25757
30869
26692
47802
14041
8029
5696
1157
37472
32814
2610
1478
45941
16976
31199
19315
11780
25020
22109
10520
13268
29660
39050
49988
2159
10939
7556
39380
37183
46235
17006
32232
29921
42741
40123
32009
48749
33147
16182
20700
22106
43965
17342
15252
14300
36197
21589
35913
9147
20275
18122
38602
20062
39008
14772
20016
22645
33259
37481
39219
45566
33335
42669
40434
14858
10332
42526
26798
8486
33316
3441
17015
37989
24701
49712
44223
33737
5211
19927
5084
44592
45115
35545
46085
7212
4657
24943
10138
16729
2725
26092
967
20067
12443
25576
15177
2390
36637
24670
21702
1936
2075
28318
3739
49822
31148
41532
1580
24215
26259
9750
12834
9921
48112
21995
21338
26699
259
18590
33211
275
44112
17450
29139
44532
39433
45537
21550
23123
27633
8542
25518
41116
48541
30484
5612
47739
43414
25923
29864
38629
32434
36110
31681
15349
4806
42087
24084
44571
34410
25249
3261
42159
23496
6248
24697
10459
37246
43148
6787
17344
48874
32989
45118
21082
39546
3485
46239
48402
30792
1371
45867
22076
27926
8805
33184
43161
24480
4007
33478
35357
27651
35142
12032
34470
7190
46855
42593
991
17424
16844
23704
16713
34398
39641
35144
10983
37369
11448
40248
22288
9300
43387
7104
42941
49835
44391
44918
48307
19551
3338
204
12893
17286
13835
43861
4157
46264
3430
15038
34213
49299
37500
18656
10509
29147
29213
9518
24949
3761
42624
20774
7201
4727
20246
15009
7259
14750
12297
39178
36905
32467
18503
28373
21574
19299
25635
26626
47099
20690
48856
41198
30722
45093
15193
38851
19568
37402
41916
46766
30524
1989
21891
18096
38341
21632
7978
963
13269
22304
21435
15161
4051
8913
35468
18281
39559
23569
8303
47277
28496
284
33534
49688
24648
27262
29751
15961
38171
30909
46737
10585
29804
22264
11394
7327
12728
25983
30576
27829
40322
32394
45050
10856
21286
44262
13621
8281
26326
14886
31736
45146
2589
19664
26409
9686
2130
3412
11566
38182
48199
42690
5222
6090
18037
5873
47955
40684
9151
22749
22952
44510
13665
17580
43097
9051
26274
45688
38257
27101
39850
6162
21528
19713
8995
43357
38277
31358
62
33098
1754
31464
36382
11777
49767
41509
27134
26454
5046
49080
45261
39230
42463
30250
3017
22535
47731
24319
25602
19557
1273
19125
47704
14740
20103
75
27620
27722
14939
9760
29558
21601
20026
30668
19737
39575
22705
28709
17923
28428
27233
31041
13522
3146
9485
20391
27226
8888
41284
19542
13431
32267
25466
48467
1767
43205
35981
34047
1096
25401
6858
48291
23600
8382
4322
15443
12089
13602
31634
29962
48163
35372
18519
14305
1315
3418
25749
19293
35644
31070
43857
12493
5151
1769
18691
8813
43921
19972
43091
23114
31678
21191
37046
27038
12699
1212
22565
26697
34764
31447
37236
26525
46760
27475
32520
7800
18140
16562
21169
19572
10545
164
33376
42451
39967
31531
1351
41970
42434
1883
21713
29776
27532
41722
30654
25076
46800
8985
12788
2641
14354
16612
3513
49384
4967
7782
40510
25982
9452
4271
11247
45270
24984
46907
33145
11300
24011
35893
26200
17072
41735
37039
30151
28292
22116
31101
40652
26152
16241
47399
21866
6832
20125
47143
25661
10318
23479
350
8537
1842
11502
15434
6961
34122
31549
36682
11543
20260
10208
44611
41658
15922
22504
25108
25089
9620
21880
12569
705
2996
12393
6874
26968
48009
39937
39221
11369
45827
28963
33108
3706
3553
12374
40105
43096
43419
45716
17631
5488
30200
9441
42090
28420
23599
38956
8262
3663
49708
25283
6878
6862
4828
10408
36514
23250
34523
13036
25327
47357
49386
45793
45633
25822
33243
9807
49981
37432
28661
20990
2732
2452
34627
39932
42449
20239
18424
9950
29490
5626
11900
38687
44582
34616
23445
46977
3353
16587
29730
38465
2749
5422
3907
28171
30676
30853
48852
11913
954
263
11413
47859
13816
7804
45263
2405
24835
15629
30431
25128
23199
48048
36567
16212
9849
43672
6757
3060
37612
45676
38584
40614
12396
15670
19843
3947
16919
2720
22425
23299
42734
9607
20403
21290
1613
26668
49041
18586
43737
39420
22351
15459
32822
25281
41297
2626
47550
47659
1693
6510
40770
43631
17947
26780
35623
36107
622
1014
25403
31823
30991
9539
43826
8099
29425
1688
34952
27663
23559
35946
47460
818
35044
15159
33074
36865
38430
9118
13848
44541
7297
12229
1293
28023
27195
35689
42296
28045
1211
25904
47482
19651
11534
23619
12532
42260
12626
40409
42986
38445
39339
465
48600
18862
14086
36929
4987
11423
45182
15496
10529
22744
49195
10458
1787
8215
2145
43158
9561
32377
47027
4388
41251
9258
49538
41623
6892
5393
9495
27764
45720
43931
