11799
43701
45348
47144
26988
26063
47233
575
26351
9510
14855
4044
18476
9416
22311
22294
26603
32078
10213
16034
43561
34911
35500
42146
28186
44961
287
32178
38009
48302
8426
21742
17708
13158
18914
19369
29147
2673
41039
29801
12953
9317
46070
30589
8675
38789
26468
31307
5322
18017
35071
18309
25076
48481
15856
31575
17840
10312
25297
20828
1966
14740
32329
24116
37826
20092
3357
11478
47546
19027
36082
28891
38644
44324
28416
38851
16865
39410
16007
48997
32420
11783
39984
46447
35434
46851
27142
44858
12543
23072
10789
27966
13865
44598
32271
31864
16912
1349
17626
3396
44719
46777
1835
40238
34471
43607
43589
18937
44186
22021
24137
42488
21969
47722
3230
38443
38063
10283
8357
33839
46740
32612
677
45282
39974
17280
38979
47977
35320
29571
15638
22484
42678
33152
41456
14629
44895
4356
9856
2001
37125
15770
9454
39903
32588
46857
16368
34144
42174
9528
21444
36021
31736
7385
37465
40969
33802
14088
46745
14069
11058
18547
49940
46204
30399
28158
32199
997
1837
21783
12512
38569
13898
2810
21475
22661
43230
45884
47572
42016
7332
19825
40506
20705
37446
9958
24555
23984
46444
16298
44341
22463
8728
16316
34325
1168
11538
47187
34899
15001
31123
22631
2451
42
49824
44690
28036
30198
36810
37249
42366
46873
3623
45582
23496
25448
24012
12551
20113
42803
30067
9823
18967
36884
38205
41568
39738
13368
27845
44360
33212
48943
3351
49169
41623
7576
12508
38302
47638
36201
35055
26189
2660
36422
26877
46378
3283
42119
48652
11602
21371
4751
1985
1614
25564
6074
28873
8920
35737
3328
16403
41996
24227
40992
43021
25160
49379
13791
28159
43407
25100
21757
22611
1411
30337
30143
49361
30797
7260
3259
8252
13808
7298
18412
10137
1171
36369
9901
18424
26061
1106
2846
9261
823
24377
21887
9903
29945
29222
12902
35911
46105
41185
25329
13291
8917
45854
36978
40896
2442
24938
28020
25293
37422
9967
41037
20877
27082
4639
29786
38742
6418
23847
33106
20542
25462
20265
10864
30074
10508
9409
48155
43297
9234
32483
28336
41620
12102
8368
12435
568
22024
27289
9732
20304
16480
44761
12515
12436
44182
11318
10537
41687
45749
41001
4680
18521
29636
16879
36788
12738
8567
11680
21767
28216
16960
987
32742
47531
13133
37275
22351
48154
41156
18657
48665
42526
16420
8924
32468
48381
43866
26697
6973
16339
41356
13061
38843
42154
42086
25094
17891
21025
14292
6850
21028
19529
37739
5436
10819
13206
28116
11604
12288
37182
29083
29659
24691
9186
3343
34114
2621
3720
13405
21069
40542
33492
40051
46221
25848
2639
40321
18204
8062
3181
6429
49927
33423
30595
44075
31007
27324
11572
7084
15737
32981
7660
34122
22199
32410
45039
40577
43877
5189
15310
2187
36918
19169
10907
737
22700
1366
7661
17446
6499
17562
42167
44602
16951
25714
17809
32951
13390
5330
6155
35229
8715
18672
8618
6765
17730
31343
31753
6279
9055
16947
13876
24184
43759
27378
43888
9050
37227
6227
21817
30923
33038
16099
1929
27190
32676
22113
45132
849
34526
27081
23300
22996
22612
18695
11192
6402
27495
32378
42985
5735
26033
32590
38265
9406
15659
9882
47396
48698
43571
36571
16734
17605
37778
26171
29616
7168
16597
30327
736
8286
32554
44441
37787
16742
8967
13054
29647
43852
16497
16039
32234
29862
931
29127
43666
22235
23723
8321
15582
27060
33116
14348
16984
10871
33246
35184
38764
8421
15776
28437
41081
33739
37043
4255
26329
11357
8236
20530
17714
41901
7965
8343
13385
28195
12672
34430
17999
24031
2278
47870
25455
42173
36808
46386
15127
21118
34073
35873
28428
48523
19593
34666
10986
12805
12416
14076
18491
8027
15991
13145
6820
45000
31711
21153
20967
20134
4474
47368
28029
10533
12689
17116
35669
35622
33345
41292
16839
17917
38469
32934
24471
46855
19051
36592
13534
22825
12719
37298
37255
6731
18236
28003
28983
9885
7059
41817
18525
12918
6687
44232
13530
87
6360
39361
46231
2063
29415
3741
44044
27366
2939
29896
465
22001
40990
26527
18024
46554
6443
48014
39563
16027
17386
42704
18701
8235
49958
10016
8634
23958
34617
4988
32443
10050
34420
45463
32459
27308
40955
31828
3017
43537
25766
35723
34360
8791
169
49490
15223
33683
37560
42913
44095
34596
48529
45866
26210
15956
25399
18611
7772
40507
26031
46100
22949
45089
39613
44706
32515
16092
15910
9649
40888
15294
29227
12059
37613
5965
16041
40109
28739
28682
693
24478
33704
7991
35488
19881
22478
21124
29097
32004
19758
12350
28106
48167
39330
4631
41205
836
29261
1856
42123
3282
43454
31606
33077
32428
47804
2514
40762
10210
39402
38806
42869
8945
45222
41223
49664
8373
42192
34276
32689
33652
1881
45780
3795
16771
11754
10763
11688
34196
3782
15237
18126
3601
44465
21074
30622
25204
10621
33562
10650
25853
28649
4920
17540
38706
41045
34934
2798
42450
12981
30670
44817
37614
25614
18262
4272
43645
13304
11733
4634
6578
32153
40366
11581
41517
32470
6606
17138
17616
44272
18330
8409
26167
15690
18384
24461
19608
3428
4412
253
29572
20918
26249
34020
22142
35668
20905
22776
47161
29978
26797
27659
12571
28164
47136
829
3252
23359
16151
47861
1199
6030
7272
20459
44599
13987
4855
16801
13682
15386
1274
11240
47854
45083
31508
36165
40440
6938
8748
37861
45421
19469
30683
41516
47573
1119
47965
45424
47050
34457
18465
11518
17990
5203
7882
5468
32785
16329
16933
29852
20668
7992
13776
40380
26860
13170
23293
41255
7765
8126
3896
5076
45399
28741
25307
45560
16278
6131
494
42033
200
31975
35371
13308
5368
36445
30151
37136
32765
24757
43897
38129
24628
29995
41461
1625
23383
28467
16926
35953
22664
27004
47120
42216
26407
27687
39148
42662
31717
32463
28568
30471
19274
15974
29414
40659
23485
42252
42528
46762
35222
17320
25023
28997
31351
43498
49204
2109
7632
2492
34033
48012
26040
26104
6405
26950
43152
29521
11242
49477
25011
15229
31495
26132
35632
42434
34500
36336
28223
48967
17977
20652
10545
10587
26128
11389
44316
4021
18447
37396
11876
7855
28837
38652
37147
2094
32954
10749
16360
42811
47069
43865
32749
19581
47040
38358
37035
38760
28208
28525
38169
27199
14119
36650
22953
17129
8491
41351
13101
44820
28009
41904
21321
41522
41728
16009
42473
33476
1729
49721
1473
42720
41708
10721
42594
11076
27511
30612
19241
33195
40135
32850
42425
40500
14829
8034
49788
17124
18950
22607
37172
25020
1728
3057
13395
2716
37051
24961
9655
15619
1500
13878
12912
34681
11805
11436
37899
29193
20765
42424
15795
17268
20952
23508
38080
27602
6197
21337
36112
10353
39841
11341
28331
5015
22306
24064
6211
28763
33089
10330
12403
267
35934
16320
21949
30526
36052
24190
12082
37418
24650
31644
36061
9263
45760
49265
33619
3308
15082
4461
5638
8983
6906
4129
24561
23259
48960
44048
18531
34692
4148
46898
28178
29011
2647
3872
8165
6954
7403
47166
22669
19191
25902
49954
6711
20028
9465
23114
21802
48216
42480
42115
29105
4648
20464
1958
39601
9693
23204
37799
42709
38402
31630
43816
21766
25955
22764
48243
36436
17972
11264
8979
28810
41929
17607
47895
21793
29668
38973
22429
46080
240
24651
3777
13104
22799
10975
49957
25882
24774
2523
3210
46823
12143
15469
28576
14832
6836
12611
35673
16859
24677
11224
37678
45070
12208
6855
4759
32940
11872
1459
39455
47563
47218
6978
25960
2323
47181
47447
30976
14712
5030
32384
39889
22614
1717
15723
29954
21100
13125
15212
14003
46517
37842
23168
29446
12633
28973
44751
14883
49161
22339
10544
30691
31268
19507
15732
24622
5016
27745
36081
29057
17846
19681
28688
48630
29830
16418
49749
27948
9242
28279
6793
38885
39966
5361
40925
24839
24758
15298
900
20609
34435
42971
27643
33529
17959
47066
21633
5743
43062
8729
9554
9051
25233
7854
42721
2658
1120
9031
30242
19656
7545
11642
45269
24590
39888
16821
34473
18249
19852
20512
26435
21378
40365
35933
34551
28627
25804
22948
43066
23547
10291
14307
27824
39464
28978
27141
6925
37681
26510
15260
27042
46892
14227
48970
25467
43519
32356
43596
39885
17830
24121
38348
37439
17045
44983
13677
41246
16224
48304
18946
13545
3933
31985
4439
46616
39859
9827
46327
26504
24703
31896
3579
6453
39251
38852
4020
12921
8262
5019
5181
8076
10300
25856
16764
33288
22293
6824
41284
13995
8591
18856
3388
26458
46780
27032
45930
29289
20483
19405
36774
23056
3080
24995
6624
17247
26011
4804
32023
30989
30997
37196
33357
35518
25342
16264
38428
48799
2055
46000
19837
19300
38828
196
11209
10776
12440
6382
16637
35584
22203
10960
35388
1455
72
14593
30633
42885
49946
27548
41665
35135
12888
12728
27480
30165
27615
43466
93
36513
45198
46719
20874
10325
40286
37566
14283
1354
30558
49955
8532
21909
5061
36634
26259
9392
36493
33528
34459
27007
21715
1949
48061
11379
41846
35355
29835
38295
23727
16476
38371
30126
29025
2173
28793
35165
23034
36430
8342
16153
2432
13453
15058
22364
40643
5808
18534
18824
11567
31141
26228
10635
40106
13559
21471
36501
49609
1041
20177
48134
28765
17798
17863
13869
34759
48963
18243
41418
2560
26232
49019
5818
37055
33258
34669
14310
1338
14304
49709
34364
45623
37165
37742
15414
29440
28339
10898
48315
1464
9442
25675
6029
7180
39393
23369
5411
17910
17678
47027
37815
20561
21415
20254
30786
26239
12381
48792
10881
19120
6274
4613
37683
30064
19838
27830
6597
40173
23337
19104
45046
9089
4993
38765
49787
44658
18865
14554
29367
26930
41378
16129
38327
47830
1789
30567
25606
29113
36546
12061
25805
37524
23736
16029
17105
22356
39943
19213
26313
16939
14886
11597
25136
10266
36749
30642
35589
45609
24472
46505
9506
24517
12227
27023
1461
46433
8025
210
12256
17077
27890
34996
37354
35127
5946
5231
23891
10636
3676
16745
1099
32289
22344
28000
43037
15906
18546
30364
25931
48482
1639
43610
45621
26035
38782
40988
38413
31614
21978
8242
13621
43914
19752
17027
2226
43790
48309
37771
49592
4350
39498
22391
36302
29180
7395
19439
7961
9806
40105
25990
14179
26170
45284
35197
8356
27743
2412
41326
4950
10442
14440
37429
40657
44803
27231
1352
22732
26919
37360
9888
5924
26325
26364
49223
25428
19390
16337
45468
6625
13799
47132
26056
24139
25897
7077
34300
40319
37259
7890
9136
15460
1377
16963
33648
5791
46038
12180
36648
41899
45630
16363
3120
9419
45922
44118
13727
27131
5649
25852
28617
13673
48480
6259
43734
39896
45802
17383
13179
28819
45990
32638
43845
21199
39335
17068
45400
22435
31004
26904
26288
8218
8114
11728
7894
1389
38976
8415
15521
18839
43769
46083
19720
20599
29395
31396
31087
48604
16806
16257
44538
30703
41613
31373
49811
14406
48140
13510
35619
17436
40931
12043
42830
44849
19578
40783
33323
37593
22404
8121
42712
3099
20513
1841
43525
42591
7585
35348
22507
8132
33588
28433
5947
15753
2493
24957
44356
33986
49154
45190
18694
808
20325
33432
872
9757
44276
23866
27187
33304
16270
5894
46644
43778
26938
24857
45696
45852
34557
6783
27870
7580
39215
7176
25515
18050
23793
9920
30877
15859
5591
34647
13524
39517
2889
6255
24049
33605
17874
1993
5308
22988
38699
19157
24186
35073
19435
28026
12070
17908
1185
18397
44504
46806
17753
19280
38759
30811
45672
32752
10212
12930
40495
43810
32260
39252
43796
49151
10971
5415
17677
35524
47508
47139
3700
3126
4372
34096
18778
28440
22118
15496
48269
47507
10223
42658
5726
31075
49868
4265
48488
10628
31783
41776
42793
35339
29884
46151
41035
32885
16526
25547
11788
11539
11018
17729
41237
10876
24710
37943
30922
43396
6758
2060
14848
6488
3418
20154
43682
30726
42118
7485
7301
13095
37073
10704
34260
40713
17639
25847
30794
33576
13742
1915
24256
1035
26336
718
17750
17690
4774
48521
19366
24967
7766
37253
10105
25708
34798
628
3493
30329
29214
40460
18371
36045
46582
34261
3969
10044
43442
5263
7331
19131
589
36750
28481
2704
48695
26315
31548
20272
36768
29591
15704
46733
21247
19784
34971
15821
11922
49239
39164
16378
42716
4198
2377
7344
21438
49062
1888
32500
15092
13355
40924
10118
8054
28789
17388
48225
46072
41225
18438
47354
35693
19630
3567
27586
24918
24376
25037
29406
22619
21506
34797
37472
10019
16036
4663
34514
6143
28077
32321
11732
3761
28042
33505
30355
24994
12251
32621
25884
26619
9276
16777
43433
22165
42746
36760
44807
22842
5151
39382
27723
3844
5900
12513
5650
20425
798
39773
16549
39486
12209
17421
22138
5303
24494
11775
18120
42114
8793
4396
45245
2333
30095
26845
13123
8812
30378
10314
32892
6913
20696
5974
49801
38066
43222
12559
43174
5475
34444
37859
4617
17518
9633
27872
9173
6165
21253
46845
1620
15969
7135
24462
35350
3749
8187
7046
47984
32024
23923
28702
20116
15708
29437
49739
4245
19189
35800
227
17245
9755
10581
47994
24180
30607
44220
49659
40953
18028
41992
48417
9933
7467
23603
45268
28080
38351
13550
3082
48305
40235
28478
6441
11409
20472
48794
44942
45626
28477
47151
1882
30450
26250
34164
4567
26067
24947
21420
35278
13412
41962
42672
12138
43321
43020
39248
35675
49800
17000
19869
34456
21528
3149
18084
25004
46281
16260
6886
33835
10942
23822
35352
37570
3161
603
27718
11494
7448
34309
32702
5075
2302
22558
7460
22407
21966
32405
33662
20844
17159
48975
30195
7641
48069
25207
22123
6013
10965
31497
9938
44192
42348
18627
8280
3345
18203
39344
40201
8942
48491
30065
22716
13011
9148
36979
12516
13957
44605
27108
3063
5139
46016
30534
33460
45140
42346
40403
6319
28317
28134
20942
11827
47162
18647
3119
35207
1031
31807
7578
29889
6554
49224
39071
39732
16857
11312
21220
24416
2629
47541
18780
35061
25555
24564
30219
21202
2380
21493
7679
35177
11679
36966
39762
35909
21240
40283
8582
31269
10615
38559
2888
29857
31290
46297
4975
36043
18449
30966
34175
41764
30878
43360
41760
19902
3258
46538
45754
16829
26379
10422
44050
35022
6342
20399
19890
45451
17465
3995
1070
43327
48731
41352
44191
33202
12931
39856
27191
17961
30404
34756
46042
2374
40718
18661
47303
46132
49124
27706
35942
49232
32236
46967
45558
1923
11685
21167
22983
15097
29133
24239
44303
21638
43437
19948
4658
4246
10600
21392
30537
27571
28049
232
34320
17666
30828
21072
49337
47751
8020
34431
17032
18553
27843
41732
9692
47488
28948
21613
43330
18581
48861
29043
19420
35412
16043
13287
43784
47726
21955
34877
2263
2036
30958
16964
37536
22635
42306
21043
1355
44795
16890
16406
2307
18122
5704
3359
21485
48466
23695
42953
163
2926
31223
41552
31415
42818
4621
40251
354
1670
35898
46536
16889
710
34406
23481
16697
47292
33717
34897
33189
13268
49153
35615
19597
25188
47753
11138
27860
13665
600
4295
36829
20933
26613
44163
48387
43404
42310
24123
39183
10766
26234
131
1932
30885
49729
14353
49915
14738
15905
39399
14329
39992
45464
28429
35652
30818
1769
15049
25665
31647
14728
41026
14332
26479
33002
27483
48183
20411
4900
44560
33436
34245
13933
15012
38701
4744
43031
13152
23985
39352
13479
2971
4103
28725
40045
44305
7148
39319
7628
28318
37784
31211
13536
30624
21588
37347
39101
26622
24460
9272
1047
48178
43890
12243
4557
45188
19792
44111
49429
9634
8796
17491
42701
2901
31370
19074
42841
10376
43620
49031
31348
4554
21609
17298
30644
25402
37102
18308
21667
11059
26882
34872
27519
38582
6548
47578
16918
15800
7337
48219
40511
39819
4209
6114
38968
45433
20947
16218
18405
35228
3332
5686
32723
18474
14693
33222
7141
32480
14228
31298
44140
44726
46584
39928
8049
4145
41173
39820
33760
22787
3901
26111
46838
45492
11200
11884
26025
33573
38700
36106
11813
2462
25855
49612
10515
45777
37331
8926
15987
26915
9662
3148
35402
6466
46934
19376
28947
6280
10756
42609
34105
34536
28726
10786
14810
26800
13288
44797
4203
11340
31474
13762
16674
24537
32125
3620
28681
35327
32505
44428
30916
24741
22011
29631
30594
34702
34423
35871
10206
24975
9183
10445
36001
17601
46609
16345
45592
36785
40145
32016
38051
14214
33967
33569
12439
35786
36437
49230
3217
31852
10010
34670
12361
9204
47529
26384
13391
51
17336
49267
20287
273
27978
40976
22696
9398
43450
22908
25509
47249
19423
3013
10364
9273
16355
35869
13843
37058
26161
16991
17631
20911
32745
47698
13622
33561
19351
20673
2356
7970
43526
32950
26465
23471
2165
25029
24380
15192
48876
29091
25415
7150
21001
46030
44687
34961
818
49847
1425
2044
22867
10020
46013
35685
48808
6011
20478
35096
3993
39539
36388
42023
49146
13556
24612
9976
13597
23830
14426
37974
4802
32998
41158
18970
14273
17904
15967
7419
23126
48942
20637
20564
48638
17034
9801
13012
16625
27509
4872
41630
38944
41296
12006
46474
37945
37506
48615
30196
19672
25380
5879
1116
25153
2517
15165
47581
24808
25110
4772
28607
32594
39973
11582
34180
5860
15648
18035
39216
4986
8279
46699
27202
40607
32092
18096
29204
47055
10785
49029
13324
29497
41606
1651
33928
18219
39065
27662
38988
27171
46291
37066
32298
36645
13296
49487
38034
409
7342
49551
4162
28347
30290
30938
10924
22229
37013
367
10427
6956
40322
38004
13332
1215
30162
49653
25081
16612
46154
47933
9613
38566
33285
6465
48205
22438
46141
34598
31228
35424
13116
32190
26728
7323
8103
31836
47250
19276
44621
45240
5200
31977
42611
360
17887
15286
25581
9048
18596
25200
34539
5142
17315
6338
30611
36139
40937
17176
33748
35185
37874
47891
37140
40302
47757
15620
38815
33830
45631
18375
11226
1836
9277
8767
24176
20540
21776
33796
10252
35526
23614
38490
31892
27945
28545
27883
15173
5732
7721
5881
25934
43479
17133
18711
46081
13743
13864
23333
6814
31729
13668
8522
27950
37131
6889
34018
14101
48722
1686
49504
46397
2627
7769
49254
15872
33245
16698
29311
8265
6238
20410
35485
39090
5488
43300
33308
34059
18613
12883
26795
38521
32847
19070
22889
28419
14464
22036
15228
28968
16566
40015
25205
28790
7671
23207
20994
25078
15654
9737
49202
5391
42990
17969
22418
30676
46602
49453
17405
39977
30282
25251
18788
9668
31052
655
36636
33161
1314
39877
10322
8506
4223
29386
23305
40232
17141
7488
31496
2942
9812
20377
36586
31914
13344
9399
11302
40532
47068
15502
33740
33498
19694
2665
28238
38016
9654
9356
6609
510
284
37747
47998
49469
8375
16731
15641
26283
15175
32055
48775
28288
28835
38895
37840
38615
4322
31814
47402
316
45294
47613
7595
35099
21815
17005
29389
29840
4790
31656
35378
35926
4511
42892
39374
10703
10995
26404
38286
27001
35372
33463
40227
49205
17545
12491
6156
39120
33822
23796
13097
35282
15239
5452
30192
20805
6500
17169
36432
21988
4236
38777
15520
44289
45388
24855
22849
40473
4552
44648
13704
16930
2163
29230
6276
43102
3572
1378
887
3298
31517
12201
19381
15898
25726
37728
24760
27855
11035
17791
11156
20773
33455
24008
34819
44841
39154
15447
25298
24749
6771
48732
31743
25241
40814
10831
6847
25130
25046
31207
45139
2007
34357
45867
19847
48213
32709
21797
25627
4903
18320
30066
11274
46667
47370
37294
49732
15867
43365
34706
37626
12698
31909
8549
49485
39109
48815
49096
1217
33122
40721
22319
37645
18997
1794
13194
18344
4616
28920
24365
507
37204
11027
23623
42432
38757
25167
40580
42740
14878
28356
16843
6033
12328
49130
38240
10742
9350
41176
6096
21123
13810
23575
45796
16079
23530
44372
9596
31016
44718
31078
33611
7684
3609
42105
23513
13154
41737
47433
14990
4516
9792
21536
26517
42593
26420
34709
30891
28673
30518
23808
32828
43663
15900
18453
25104
42200
18747
8462
28181
35213
28869
39272
6845
34036
30361
18051
25506
5674
28055
17537
26973
15539
3634
21545
36832
32229
26708
37830
39578
39267
28244
19883
22646
20697
25276
12169
19774
22596
10384
46406
42258
25416
25302
13494
31904
7108
14589
1927
37231
49186
25386
40564
12634
45436
21040
42336
44727
906
14385
47439
37135
6160
17148
24782
16813
3682
7019
24802
46703
45785
14750
38057
9202
1413
27364
21296
42343
597
18435
47920
393
8066
32131
31546
21682
13697
6282
10190
44546
17458
2613
3406
17507
14268
30507
5622
33962
5269
48504
728
19065
21397
40182
31657
48511
37385
16474
34332
34150
46570
43221
42160
21266
48297
46985
18057
36946
5027
44618
36908
3255
45735
10463
10068
16786
3742
17598
13798
28925
44344
37289
27893
41164
16928
28167
14843
45128
2841
22028
13618
17583
24240
48768
45021
10598
20543
2015
6805
1398
43587
33595
3116
1925
28818
14027
36029
4316
488
13191
16386
36911
40060
49475
34966
1783
15936
30659
28841
24196
10622
24293
13612
10503
15542
13423
6005
16343
21904
25599
47570
24913
17987
24210
10920
36488
12773
15524
41091
4107
38808
30103
14140
43072
5239
32246
44477
40568
23858
28239
44728
31903
17814
8337
29493
22804
17167
36542
11651
27991
8266
27112
25739
8963
3556
39495
11717
994
1304
35905
42370
46211
10276
49930
36117
20944
17118
8609
42021
15030
12701
45688
28795
41633
34383
2741
23066
15202
10250
41575
17496
38033
398
26022
17006
13695
35109
39306
29881
15553
44167
3081
45718
37954
48323
9245
39169
39863
16942
41403
38613
32472
23159
39864
30129
23094
10644
39331
27631
12746
16258
33535
42522
19969
38813
29102
295
48789
42800
34126
39138
25846
7425
32007
40254
28737
35101
13142
34184
18710
30743
30689
18401
26348
14218
34599
43523
19187
40277
15203
48557
29705
24299
44354
42550
2923
40729
24730
44169
22103
112
38195
45425
10051
39749
10999
30452
27556
32547
41753
41748
19154
48544
47112
46747
27692
44577
26381
10818
41333
34794
35168
41991
33397
14846
36856
25498
15352
49657
18653
42605
35822
46017
10056
6215
47134
23871
5604
14512
49546
42413
182
35421
15160
29604
43391
27642
21794
38927
15924
39641
44909
45014
4951
31299
40496
32662
3669
26776
45410
34273
34282
14794
17344
32967
3513
45576
38972
9581
25639
30905
1809
23567
5294
30652
24115
45460
5587
23916
5025
28068
24110
26995
36529
43715
17046
39155
5277
8756
40420
11852
8191
20196
30179
5697
49665
20563
49673
20931
3954
41478
12124
16547
21169
23761
9728
29769
34156
46478
17718
39404
40909
6907
49591
28392
47345
11660
7714
30092
41950
19530
7429
20718
461
30171
34742
7407
10334
24667
2941
47495
28896
38678
19660
9614
46814
20114
10962
42732
33349
31916
14634
11084
40186
47555
46605
36195
21148
36324
3319
5305
42215
22257
9488
21722
16346
35218
1189
1959
35635
45149
38693
22314
12105
24583
9657
18988
35908
32479
4590
10093
2076
7240
14574
35198
42688
41032
46629
9881
2289
49053
9556
3237
12204
44699
40527
13353
30961
12557
35504
9373
38535
2367
42183
12724
21051
14788
5517
24837
21452
4473
13115
47717
49886
32115
23604
37609
36995
15289
824
46442
7457
10183
29867
10090
22817
2030
9372
34414
28922
25619
36807
31640
30623
15714
6840
41355
8060
5392
32182
6963
33186
20198
17400
6990
35062
45279
24143
5867
14114
14135
37361
44473
2708
49962
1368
33287
31161
5110
28900
39305
8593
11801
19649
4627
8678
8655
10744
22714
17502
5984
15449
8784
31621
317
26478
28950
32098
7916
46205
46401
41187
39459
43133
35571
14876
23518
4657
45305
27577
4874
41539
20475
10855
42393
6857
39238
12843
33424
37317
49109
15688
34259
46781
26961
46166
5087
4157
39258
41626
47651
17219
34491
42211
21146
23788
49081
3685
13999
10315
44484
48035
13971
20812
12727
27673
20032
42298
7236
41247
11858
8707
19436
7112
1907
32399
33622
48921
37751
1897
33428
22689
44148
32041
35189
48370
24540
40517
47212
38226
46419
19919
24695
6655
28044
42713
40349
28014
37586
23350
40087
12446
46882
32661
3823
33454
42759
23131
20451
26913
12837
2793
43708
16326
10988
1144
20858
43530
28338
42617
37896
25057
2508
1143
24859
29494
44100
15788
43446
28473
36237
41370
16773
44874
30082
27940
4587
32729
22905
39561
36288
39411
23742
33324
9316
13887
3688
35917
11887
30731
34546
32038
20778
27819
37583
33394
17431
22181
12589
43808
27006
31461
46670
5846
12971
31374
43119
32715
17002
11030
43503
20630
5202
27044
30097
45686
42205
14812
5633
43945
44651
47115
15083
38491
31794
1442
8490
2136
13383
37044
41920
48365
35617
854
36190
8852
6726
14442
16876
21873
21351
14745
17476
37773
46348
41310
33946
39834
30312
26751
36256
31103
30390
33666
3919
1370
38614
35237
35888
1997
42354
38998
19192
42495
26176
34275
36154
338
48147
38673
11928
14969
10634
46982
15820
38796
25195
7075
11524
6911
11596
37967
46850
23585
16599
16417
8183
18142
17880
35239
11672
42546
26684
21838
45839
18483
49272
46630
3040
47766
21278
13653
23630
26285
47177
23990
32824
1831
39503
23724
43757
41550
21899
33099
24107
5121
31982
24249
48708
2731
10153
4691
38739
29607
44281
13314
12881
17853
9952
21434
29397
6427
42974
32449
45908
26974
12483
38223
39621
5620
37184
20934
18222
10713
35569
2655
8747
9150
39105
10487
6652
49334
26893
15958
48499
25646
43023
42552
18217
14296
29455
20791
33926
17521
8576
43201
31294
44811
40808
42483
33768
28154
21947
6697
37484
4421
3897
12906
30368
47080
39020
6310
14108
33955
34761
23142
43047
37562
40061
23044
39509
21440
12781
23780
46201
43738
7100
19927
38383
21668
15825
30463
35527
30458
20432
44892
37556
3212
1371
2797
28546
44474
3990
25749
42145
12580
16888
15106
5396
9570
39587
9507
44275
40653
11047
49072
32228
36945
25950
39832
10697
39813
447
23559
45302
47209
3687
6473
16263
33479
14187
33010
26871
15401
41433
33477
46373
7035
9054
34208
30960
9837
11726
19294
25397
6875
27697
13374
9718
45106
33897
13137
42815
6682
9552
32738
36400
10610
18214
41232
4112
19059
45879
28989
7001
647
9380
49928
4215
49371
46564
27559
35414
15834
26246
29606
42296
21903
44296
10122
29299
47623
17208
5416
24130
27619
9995
19466
48699
35629
39310
5653
11686
25440
7939
25418
48143
31674
20440
6314
40830
20155
31457
49105
42020
28503
45004
5837
49878
9307
48718
22335
355
1524
11172
14082
29895
9100
38027
15831
31962
36498
14709
31092
35835
43194
31443
4310
22971
14643
6867
43261
485
25239
24698
32816
8353
40422
11040
7717
9543
26150
22830
37505
32959
22926
46707
20927
37639
9265
12591
25532
4362
21383
46222
26070
5558
4677
23412
8158
23502
565
7797
30933
8445
21038
12608
15507
4588
22480
19978
29112
44349
49092
21238
49502
31471
13989
31897
42634
17713
38884
19860
24446
35034
6166
36776
38801
41533
23071
29021
40983
23099
24163
26526
22436
3111
3947
7008
46032
36342
45230
8210
5706
42819
9413
8393
33551
17625
11713
13918
27858
37415
49305
3459
36935
43755
7451
48244
41721
38681
29244
32441
42210
31609
8312
4176
7802
9861
19625
21590
47549
33952
17736
48795
24488
19312
3035
4537
28594
31330
35420
3730
650
17924
11892
43080
11142
13881
8887
49043
39899
18109
31339
34946
22209
43601
1964
7751
32485
27851
42104
46927
46801
19087
9377
43987
6904
12147
22416
35745
18776
28501
40676
34230
42247
31766
38587
11974
22783
1558
6016
22899
45152
40449
10091
20141
22679
15216
30889
38387
41562
43339
21862
21934
1970
18725
15296
18513
20815
28168
29398
3677
45993
973
42654
24999
45664
1245
14935
28420
13968
24242
17069
21576
39153
19497
43599
13747
7764
30930
30119
48474
27974
42933
2035
13717
30843
14017
8667
38398
11661
3715
8023
31611
35957
44280
9474
747
28047
27393
44842
26826
17057
36678
2743
11594
23608
16564
49406
32869
48289
185
39441
26964
16577
45257
483
35532
21249
35499
18500
12134
23225
37218
24385
16259
1569
37575
17818
26152
43627
49222
40912
27825
19034
32680
25234
29864
44086
4409
15256
34486
26696
44838
29763
11064
13630
26523
30373
4457
33763
18973
37591
3373
39095
34421
42036
1613
19128
40191
36772
46269
17210
33903
41401
28606
8918
36161
7567
41806
3920
48526
3065
6514
36985
31791
13741
18644
32009
32536
16562
3024
22892
14674
27313
42053
49119
11129
19134
5602
5775
7523
47408
15698
39528
29567
959
16588
23133
36411
7827
30250
2341
37351
3758
18816
36703
35256
29084
19320
28462
26710
16179
7698
8233
8668
17037
33378
29941
24195
11452
11232
39450
32394
22875
17297
37211
19898
13087
8225
964
15522
47652
27133
39222
6482
11054
42565
48131
30837
21924
1351
14726
9286
44604
17968
21173
2896
12645
2772
46292
47522
35805
4703
36882
34739
49034
13341
17834
42547
23176
37552
11655
48241
4377
30932
44458
33471
13977
5188
14124
13005
26979
37222
2470
41577
4303
31436
39294
49006
1202
29887
5099
49879
31080
44813
9630
12638
48177
13216
9943
36172
3981
24694
39971
14345
46431
25452
32397
24722
22916
23488
15172
37070
40767
20327
17640
14723
16607
10539
15661
27419
17395
39960
8763
20449
16687
30949
48212
34924
14369
39741
11542
282
41936
37195
48918
27391
32033
32303
13895
10569
39189
40576
1025
7849
44844
18386
39635
47820
47707
35357
21977
35232
18430
2424
47577
33646
43976
21267
41637
28800
39150
14278
47517
33600
6134
45792
293
43359
9659
37936
16685
14281
1751
8469
20915
42797
29259
27055
39603
47620
8008
21810
11098
32496
47930
10094
42872
42041
44388
35812
30802
30907
7863
49861
23613
26832
31097
27039
22383
4314
30776
16038
9344
24979
27248
23432
22239
12778
12045
38576
38512
28491
47412
7042
13427
22641
9695
49589
18514
45955
45966
23812
9408
12186
2640
25315
42028
45084
21964
2671
9587
28867
2725
20099
17795
9740
20489
19233
15206
5384
34826
9607
21777
21561
14099
11334
31479
8304
36360
35949
35613
34931
13596
8885
1191
28094
30430
28991
23662
41823
22831
45367
984
36028
6459
10626
14438
1208
235
37995
25995
47172
9428
48337
11667
2010
4628
18982
8759
27380
44298
38111
9239
31532
23439
49248
42703
6636
28864
25829
8828
32437
4282
10178
3608
27757
11123
40687
12748
12407
23920
21009
44944
20544
23032
14659
30732
29189
31689
39501
25796
43071
11282
8804
46325
11975
2287
37829
41459
27069
13086
12642
44377
49752
7234
15537
4231
43206
12747
15933
31338
19628
49842
7416
12355
25999
8453
4717
32530
24756
49623
23387
30667
5839
3293
15067
27682
43883
49740
49718
23238
643
8621
35655
17776
43234
33996
32681
29656
132
35401
47631
24212
48197
17146
26687
39573
26678
18529
6081
41627
21374
48441
28161
23364
4891
49252
34836
19926
14288
13037
5504
29673
19912
32277
39163
39969
8971
47800
23628
701
17525
6694
2796
49080
30498
2844
1362
34999
11222
23740
37160
43927
993
31243
25932
7434
2520
27197
46997
33175
19539
33090
12115
26941
37590
17663
26187
43421
36720
25810
3147
14902
15438
22753
30809
28623
2254
36042
29330
41239
6773
44022
18939
12815
18811
3474
41945
21968
35493
23447
23458
28177
40907
7611
45250
38520
36163
22662
5163
21804
2529
43357
34884
40635
27414
21468
26935
15627
3093
4247
38526
2393
9249
20226
45510
35688
49540
46624
21189
25779
39962
19220
36839
26069
38636
16749
19880
41050
23165
24538
11554
36803
35126
42911
16487
2507
49171
48914
6919
42096
14370
4615
29310
9730
39217
27420
4730
32161
24834
44542
33262
30926
49041
6734
12699
29136
25141
3129
25566
38478
44018
30294
20120
6306
16521
48905
24688
38780
27499
12351
28157
31336
42428
7389
8776
22652
26834
33593
36284
7479
156
15312
30052
47282
29375
47367
25064
33055
14562
29286
43731
49308
20469
12117
272
48440
16281
45963
33935
7343
8969
33418
989
42998
43516
861
30069
9327
28342
14349
23467
48898
10394
41440
21914
25695
32671
31026
13951
15711
22617
24987
4504
44116
29930
32899
28188
7126
37413
8048
47858
49395
21875
25030
49245
35290
12338
11603
33579
27368
49369
16256
14154
24613
39041
48580
5398
40828
4979
15415
13996
44620
44835
17749
41530
41073
7245
43124
15345
34987
49882
32883
41453
33624
20653
11833
47992
17053
12238
42567
23948
30774
31919
16342
16091
37998
18495
48783
27051
40002
34968
37455
48811
42729
14185
42572
4905
37254
32124
24072
2913
2742
41706
4547
17676
21354
27971
9772
416
30965
46150
12257
32775
15984
37717
48313
38557
12080
38618
49708
26422
40176
20925
11386
20481
39551
28859
14006
21243
28809
1470
3460
13379
30913
34279
38714
26355
27043
11135
10734
49923
2378
31199
35885
36589
38403
47618
31480
36295
41116
24270
48669
34232
27750
36396
21399
945
30957
20900
525
44976
49458
44590
27921
8427
11179
35771
38740
16052
29344
43799
31129
16645
45951
42228
3553
23746
12207
13035
41273
35958
13454
12894
41335
23961
40823
5342
10175
33466
26411
7373
31045
4248
28101
14425
3916
44541
33294
26837
17084
4444
4468
33155
11599
22469
1469
44460
1475
44028
24685
5280
11297
40795
42659
38856
5570
20044
31704
26473
5244
31634
12211
46371
33507
24893
21030
30799
19001
33086
4529
8307
38600
37229
32788
48231
5332
3321
33502
39011
4742
35142
10904
25077
33102
8863
20158
9112
43114
10577
18440
25095
32617
21933
31187
32415
28698
31112
7740
27457
40290
16906
3507
12712
4194
8922
10842
1136
28078
30814
45804
20770
2147
2957
26365
6116
31692
7165
8026
12098
43270
45191
27835
49339
2146
33328
29515
5473
18426
38753
12405
45208
44686
33431
9847
6699
20336
27664
35140
5485
21661
30767
7137
44526
20552
8974
30917
11512
38393
35377
28427
25913
29326
24248
38835
19129
44003
19920
670
41109
41260
20144
21086
21382
15404
39868
49325
47201
47003
19275
46199
45015
32337
37202
11534
511
22639
17622
9764
46051
41036
19197
4478
42926
23150
14887
27178
14379
48923
36655
32316
3202
39816
11383
36725
43160
14684
24305
11308
15119
12097
22185
21412
45919
41245
17940
30978
42788
12553
4821
9685
25213
24254
16732
37239
12501
34445
6651
1330
28856
36260
39403
8407
27335
35315
38305
35076
10194
14929
24373
46275
39576
48308
48106
22895
13615
8352
11958
26608
20080
33083
29321
6092
23852
4977
3747
47677
12020
22167
29768
48386
24868
25827
18389
18245
5893
35697
31289
26094
2559
48796
8965
14316
9683
17808
16455
10446
49560
21710
15601
1282
47625
6798
42751
47897
30887
10375
25653
38147
26521
3109
29749
44696
30964
8273
28754
31254
11532
10646
21130
33265
29609
25168
21349
40456
14534
2626
42780
23396
7607
39670
27029
43266
26525
27450
35093
20070
25422
7938
29236
49280
25175
20209
19208
43925
20408
2865
26003
11467
27657
43611
4756
18118
2026
18462
42642
42202
31104
13663
35318
44183
15865
44982
2843
18737
31178
27097
48800
9091
5216
21078
7597
1710
10552
42643
31935
24092
15629
28927
4387
25473
28721
35952
33316
27321
49099
26943
14023
36343
49278
3102
8921
1804
916
35538
30860
24348
23676
23687
37791
25691
14865
26454
10989
2504
7192
20232
11549
23196
7711
33295
39702
41450
35054
33472
48925
26725
10058
36599
47694
13611
48032
8676
43730
36696
6177
2724
24174
10028
26519
7052
11184
16799
33022
30738
27833
6323
29718
207
38399
26183
39716
24986
412
38389
12863
35342
16122
9144
29506
27505
47568
36796
27793
15482
2305
48713
34489
37430
19273
23627
3794
17901
31407
28215
34148
14587
29498
7026
9797
41251
26571
16956
46957
46142
13566
37003
15179
43262
794
48357
17445
1412
2597
20097
12213
7833
27280
1784
19999
31992
25692
2787
45745
41498
12196
15702
49149
17651
13551
18822
36579
7426
14505
32804
6390
7418
10834
21866
39018
47729
8802
11905
3561
6800
35883
46620
48015
36252
34582
25398
5017
40139
17637
10403
18170
30287
30662
9724
46929
38025
25527
22650
32349
32897
29461
42189
31581
40791
5909
45734
10310
23237
4484
18285
14691
20824
13340
30527
3049
49314
21245
34072
26276
30013
27257
26798
44037
27962
47116
40606
16790
45940
45469
45636
29743
11676
48487
15897
23906
42408
29523
41680
29492
21390
584
3918
43065
48596
17914
2733
10411
32215
43772
38829
33653
36631
41862
34773
31072
5038
13255
24552
38300
22624
13017
49465
33750
24874
39260
31974
3313
3437
24287
36293
21311
9191
48602
42585
14680
17747
28648
23748
10165
38040
25783
39893
12649
29861
22193
25537
23258
39748
8196
31610
10583
49848
17738
41653
180
4892
33559
46611
31841
47257
34213
6970
15840
3519
21018
2686
22509
4003
26209
10589
20584
9790
8623
18915
5605
20406
29971
18567
6967
44270
11152
32606
42089
38234
37920
37258
17685
31721
31739
24535
34193
4945
40879
25673
38220
9922
9795
24342
32029
44760
45415
2188
29858
43274
3740
38381
36151
25496
10176
10631
1051
43291
45817
46839
5694
5299
17449
14795
4008
28845
34864
5227
42006
1197
19988
46418
10455
45088
42278
9002
23534
30773
3
18467
35211
36272
2806
21113
3515
14384
39239
702
24740
1969
37134
49262
23410
18020
36764
4096
48610
16694
41082
48053
12895
24021
38353
381
9536
10964
19741
44584
38611
12171
6880
39019
32688
15091
37564
9483
8886
10201
22898
4232
41538
26920
17813
17785
23895
40397
16990
13363
6833
18777
31060
7079
13026
19067
19884
21995
29566
24182
37314
8002
16361
24816
2851
8722
11647
29159
48394
11683
46196
4435
36724
21407
1633
18364
30688
7842
15461
17684
42743
16001
27565
13675
13830
16408
24059
42238
9848
17164
11865
3592
35095
29400
40715
33144
14683
47824
118
20087
25492
42262
35364
5069
38697
15297
31823
2556
30034
12792
40211
47622
8264
49974
11037
26252
4032
22936
30048
37969
35098
34832
9577
30593
943
35209
11404
20921
42535
35950
5778
41047
27530
16303
39407
21276
13109
35596
45580
46868
13467
40128
20136
22367
27427
44804
35359
41513
28650
23861
8068
15811
1557
15876
17279
844
23536
32585
35470
49658
14544
49416
43215
13230
46723
79
22173
32855
15457
13709
33085
36879
36825
4840
41733
2777
26358
13452
47417
10520
8754
8780
9074
23448
20607
31449
38377
19566
1258
9779
45583
40454
48094
23955
44525
49921
29733
41055
40876
23065
42706
2123
22224
4171
30080
34535
23632
35985
46338
42513
2589
45504
10916
22537
24094
14985
2402
15339
15238
4719
27904
5861
35307
30795
41977
22026
34483
47013
33024
8231
5542
16642
18175
23569
474
10168
46040
34040
173
3996
48472
20068
21436
2368
28084
7975
34341
41888
40567
17824
10471
8627
24914
25738
45662
24501
42125
41707
24778
46689
9460
9325
36765
33936
47286
38639
25105
38121
20663
38388
43646
19872
12628
26816
34198
48497
25680
3864
5710
6513
19258
11335
12477
1575
32255
16620
21852
30841
3525
28224
1014
34127
1365
4904
45278
12973
25135
6530
13377
41466
6295
40604
41027
35492
11205
44784
45849
48492
9796
2153
47676
18974
49618
16353
43826
43763
12218
8938
13702
4565
25688
11798
23805
30041
20460
45837
33691
40772
10716
20204
26573
22232
3382
6508
19859
34049
27925
29998
48136
19343
10126
42305
41258
11111
6181
31246
17391
33778
33153
30904
2683
15080
22145
49827
39569
41193
38296
43855
24908
46025
6827
40375
8059
4792
183
4638
33082
42764
33504
32096
3510
45586
41989
14890
44634
19637
26637
4413
30715
16296
41583
26848
14380
5550
16668
32380
29848
40183
27219
13842
6742
31133
31116
5980
15475
29957
9007
22674
26992
12521
33034
35710
39642
35676
22
32311
25172
19766
10665
10664
31988
40895
21550
10701
48976
23733
29938
32200
29473
6552
26163
42321
41890
39177
3764
3613
5187
44431
49120
29866
44352
45347
526
31466
15389
4092
19730
28463
35967
22873
29235
37999
32362
34857
1554
18520
5085
41973
28365
13009
43555
1683
2536
32646
41911
5668
22765
18986
4005
23693
7037
13961
44682
15644
16128
27820
24083
28912
14888
26193
43776
37194
48692
9458
13079
10666
21999
35381
36752
37169
48931
34805
49638
49723
43557
30289
29101
5737
7123
10521
473
36977
45783
39785
68
12017
12462
24382
9347
46239
45381
31742
10509
9887
11387
15784
44499
2071
32876
9624
38914
39616
41734
32386
14256
42270
36220
21473
35343
2497
19931
6741
49990
37288
35857
17873
3007
40550
19572
12306
34310
16536
35763
16651
41579
1122
18772
27270
8000
38836
18300
32375
49362
37764
9199
31835
41179
14800
25904
27677
5533
40396
18133
12052
4113
22658
41489
25637
45007
19542
7979
3873
14100
34155
40008
36809
33808
43048
33377
46844
14556
36693
36177
43191
7666
17988
2138
25553
49724
39782
2943
30798
26362
8387
28414
19314
35836
21396
34879
2405
4600
37972
41963
11299
42407
40055
24457
533
45671
36409
23015
30186
20027
16118
33271
6018
46901
13337
918
11228
4146
33291
32561
2021
16074
40377
23795
21495
25063
24766
15791
40945
44319
37416
42074
30846
18218
49180
36581
1727
7115
40540
37749
41344
509
37887
16725
39552
1063
32751
24835
32516
16059
17155
27778
1516
47685
41571
30546
19395
47539
15473
28771
11174
11309
36420
16647
25921
44479
39078
42430
21511
33178
16925
20251
24131
21927
14175
46342
991
31895
5073
30112
4283
44223
36198
5700
46641
5632
47182
18002
28150
10043
46880
46736
30650
29876
46084
40429
41023
42390
34353
27358
25579
43679
29756
37311
46902
2991
13112
17906
34345
27256
11275
12346
31658
30626
11869
19653
15733
28129
4221
9781
6616
18354
4921
25941
44464
7452
23751
41397
40666
14270
37761
35590
23618
15134
19442
48414
14435
40242
24693
19402
41525
26430
46379
2999
26206
38015
37708
40428
1902
11821
48890
32292
49226
45880
33168
2802
32173
25051
14777
17864
6344
11789
83
21334
27513
2404
37224
16490
10288
17929
40598
7835
4141
19176
20247
28723
25742
4013
24403
15377
20355
22573
4858
39610
30453
37942
36976
27542
28007
19718
6528
14522
46946
337
49221
19488
39212
25940
22215
13066
10585
6901
9604
43113
30586
41666
24315
38705
3807
19509
49103
3659
23765
9991
31767
27299
18136
17980
5481
44952
6351
2386
45373
35440
14559
49317
13075
49840
42018
839
47309
20048
14168
2905
19178
27038
7520
2609
12402
20782
23197
17087
14165
18783
24959
11649
48436
47872
17401
49064
17727
43212
33213
36719
4208
3695
41714
32714
10241
35820
35111
42527
47967
12502
35284
23725
45362
23240
10321
4522
32294
14177
27852
37605
2963
31933
44977
40178
1329
19728
19345
12214
30367
27878
4031
23516
22189
28685
1410
13375
10801
19820
5870
28931
12245
10558
5845
46359
45218
41711
40574
23101
30847
7346
11730
20143
20096
30197
48510
42143
39173
799
28212
9504
17588
36455
12259
14094
3726
16076
17751
2392
45109
38855
48425
39438
6944
21830
4980
29976
37226
23610
9742
35856
12028
4676
3387
4847
16945
46232
39747
40032
23552
1579
11669
40703
13903
2308
28687
47328
6250
29901
6543
8739
14565
18928
44368
8410
13548
43029
3468
41366
31386
22246
38712
41959
16974
40916
42422
22472
18423
22106
23827
42977
20785
34909
10926
3971
8592
37342
27773
10102
24243
34254
47270
24509
1656
18645
7246
33924
35246
21771
8213
16438
41511
18131
46093
34030
39060
11562
31549
24105
21551
27439
7562
26238
2921
31997
49035
46984
49250
47768
36126
11973
33807
5291
31538
31629
8388
21265
28359
13073
17722
20695
39506
37277
9658
18767
19427
7787
3524
23867
15446
4572
11378
43859
38978
23017
130
36618
45813
12093
2700
23266
47123
1393
40892
34607
35890
7568
8117
20244
46355
13602
40796
45212
26649
49971
13531
17948
43186
18945
35701
24894
4733
43417
26179
23210
16836
21088
11391
23177
35692
49470
812
20651
32402
16545
3089
8297
15860
26585
26759
43642
12866
13384
9884
44252
30488
44014
37494
36723
7871
36865
49037
22208
44189
13149
19032
1499
32753
18220
7174
20258
29216
10906
44939
10669
39600
12827
5757
5857
37042
3151
32193
10959
46454
48842
17842
38816
39206
1305
9558
11945
38659
32446
35842
43387
42589
41012
22023
6586
6645
48803
29006
9308
29766
14046
35598
35845
19534
21206
16435
34351
39838
48725
45980
38907
6681
27939
49586
35118
33167
48406
1440
49263
5559
3044
26677
48576
6766
49113
33231
11987
18697
30466
45673
14737
22271
48613
28475
29484
9900
26301
14699
48920
30911
3554
33557
37041
7659
7891
12796
42785
40054
36941
20906
5358
3076
26042
39035
48619
36584
14845
46263
46808
8774
25676
1049
45941
25126
36275
43706
40771
23050
45842
32592
47185
24070
25723
15254
17512
17256
30817
30530
31369
9133
17965
18310
20750
6680
1091
4848
40961
19099
42448
19172
19014
13343
12121
29732
42224
43364
29426
9026
19688
37431
8862
6858
7158
17380
28811
11857
17231
33257
22020
8566
11085
32687
19506
12740
12444
10263
30852
4169
26628
26490
17974
4243
28645
4086
31787
3950
43661
31147
22196
48913
7969
24945
22272
23800
15904
38415
44472
43920
2370
48096
15636
31651
1481
27177
15508
43349
22813
22521
42340
46074
137
39061
35178
45101
46237
28844
21675
15575
26505
7973
17501
37661
14820
36085
23328
16615
38005
35365
2
24009
48276
16494
34855
12442
7044
27993
39772
35170
29507
40911
43801
23882
33633
32461
26921
26142
21257
11818
21829
44866
38499
31906
40388
42532
21288
16126
27096
25602
5353
29929
45943
43501
30140
14216
23156
4684
37841
44721
43543
8809
7616
11415
21155
36600
23415
33330
23306
40187
33004
20067
6137
5645
22280
33680
12669
36525
7196
22915
49746
1520
44131
38970
40693
15981
22491
49341
42947
17175
26539
14689
23843
36962
22287
25744
41058
1677
21419
1446
17542
35977
29982
25484
30442
45562
36312
14734
18580
5695
41867
39013
1721
9304
46031
48210
20192
37752
38721
40384
18275
13952
22975
46395
37979
579
2591
43090
11635
6692
42177
43864
7904
14558
39520
44034
43767
15970
27487
29939
37731
37511
25968
3449
43622
32790
31806
31973
8565
21368
47261
6876
2190
9620
21730
14759
17479
27011
33623
5629
21751
2816
32401
25552
8779
41199
49241
22038
41262
41925
30411
5939
32583
25621
16481
29232
28910
19460
6089
37535
39779
45929
8513
40069
40393
22742
24043
38870
45628
30044
28455
8880
29947
24895
29260
14180
41152
7182
10851
47985
20078
7560
16913
49672
17907
1226
32474
13027
2107
31198
45540
10133
36006
46246
18744
14250
44644
23381
2110
24631
47982
15543
43430
15306
33263
24800
41447
5409
23482
33145
38685
39113
8940
14746
29815
18485
15810
15926
16900
30369
921
43316
2174
47253
38297
15614
14236
7025
17132
18151
41286
19732
31255
19602
12479
8168
42099
17341
49750
33871
29644
47276
6940
25088
37803
2605
22499
47464
387
42898
19125
31085
7190
20347
15862
24302
44566
34433
49576
38013
44259
19434
43700
34697
13003
28031
17773
7202
28671
9897
46137
13039
36214
3868
21058
40928
30564
6646
34955
46185
1381
31172
42311
45751
42061
2819
19021
34717
8423
43046
25117
46911
17115
3983
36395
48059
11529
20132
17815
46234
34734
42275
23832
10741
27546
17951
42395
24850
14449
7140
34107
3405
45520
43756
35380
47880
8473
17130
28308
33162
39500
43493
21680
26268
5131
12743
12394
1426
22913
49578
36317
42149
31768
4084
48223
33758
37113
20034
18883
8556
36443
47122
39518
38361
42655
17347
12278
42404
39950
34342
5005
38340
5245
30653
45711
44684
31318
40973
22497
11496
16220
19812
35025
9763
19950
28926
22065
41137
31886
40536
43789
46631
20365
38877
23578
6341
46805
45663
3929
12068
3261
8514
21837
38736
37046
23200
3384
49431
45814
10836
43126
23173
4514
2329
13979
42694
15459
25975
11853
34712
24252
28517
47723
35146
26434
16519
17839
2482
37952
6
41236
43891
30500
12780
13361
8663
8688
14066
36914
3522
40383
22609
1931
17463
23886
889
7804
17042
21798
24549
13438
18268
41843
27891
5758
34455
43575
12071
39279
41672
12356
23047
16909
14864
31706
14697
2355
32750
27816
8902
10707
23375
23285
31180
29525
5527
34031
29040
40933
21626
49821
1324
6256
47611
34338
3465
29873
15782
42557
34200
29950
24917
18006
36013
29520
26591
18607
36086
24228
31222
20801
45154
45675
9833
35475
40900
29783
14337
6356
740
3642
20681
31478
49036
13967
4273
34743
32781
48986
48072
24141
8182
48518
44487
10113
42288
32247
46135
43263
49069
37373
1860
48849
18328
37339
13422
10242
38099
45440
45581
33157
47229
45606
47762
43468
34432
12847
15982
5113
11016
15587
29669
45234
1184
35973
12791
18696
11548
26450
4269
33096
27193
26273
31365
14870
34170
11055
36048
5052
43598
40798
49889
13985
190
39349
37168
46662
35319
1894
33550
25872
48988
29209
1068
904
4970
6590
12629
33456
7023
33853
19965
33809
31428
6897
27010
33327
17240
20682
2612
27964
3528
25838
19083
6854
24173
33538
6185
45552
26120
20972
28337
573
24337
4941
46243
18708
48316
41972
49086
47087
46506
17316
17022
28554
16632
23384
8308
13270
36533
24594
48124
16471
32907
11681
43237
4288
38784
9434
22659
17920
1166
20221
26360
36026
20445
13229
17143
22427
17623
12950
9251
17089
18041
7690
46975
29634
5744
9233
7465
5020
41949
29103
32396
47054
24394
6567
5820
29368
41319
17762
44450
12495
35116
11898
9176
14992
17093
1096
41038
26399
38091
10188
2713
26177
12039
45186
24289
37955
27293
43766
12617
42287
16602
9868
47455
46988
26319
7526
23986
17019
4556
27162
28122
12992
13166
23935
2902
30725
22127
38538
49748
30590
25808
8221
29719
41270
2271
425
21461
49894
31429
14148
45026
14325
7700
13067
41462
48392
44932
28621
26225
36565
36298
16616
44101
44501
12530
19448
11280
4696
30359
43403
27868
46783
22858
17323
22848
42051
27839
751
26487
8115
22486
4505
23606
35840
2389
3738
41068
37670
23739
2475
19834
43691
7950
31093
47523
16216
46108
34429
17448
27479
41488
29894
33190
34641
18119
40445
11984
11306
870
12933
49956
23661
8435
37672
1930
38513
49199
43549
13178
31375
7213
16081
20277
17742
28293
18352
28297
16892
36853
48839
26484
19771
46527
42613
472
29338
32965
23087
49249
22906
38227
2964
10492
11067
26997
18610
25480
18768
49943
15400
34626
33396
20388
11507
9872
39110
15918
29060
42731
37403
44059
39454
19573
43127
9843
42719
48352
16238
11658
45584
47259
8594
3143
42248
48539
40258
29918
43742
14133
33791
17041
23178
42906
16085
33856
36361
10887
29212
7311
44591
14854
177
33718
46608
30057
30532
22117
43903
34701
20349
42889
48317
21213
25456
31518
24253
46680
38580
28597
20519
9838
48163
6368
40305
47547
797
9335
45286
45603
33293
36545
9484
35406
17182
4553
1094
11115
29711
32669
32792
8344
36404
6087
38658
25102
24205
41842
25086
19757
32387
39767
2871
28776
18758
4449
40890
15691
31534
5505
14121
48916
1636
44746
36700
41405
5455
15938
10595
21236
15280
30981
11252
38584
10662
18277
12941
24170
20246
30730
40551
25132
14153
36364
6501
33641
6236
42805
9644
46579
36123
18210
40270
13074
14809
10812
8319
28579
44353
23976
43469
49762
29958
11229
26936
46496
5340
34416
43921
45882
15736
29620
27180
19916
39770
46149
16484
41271
17136
30434
21707
9626
5129
48388
10499
2856
35839
47135
21864
3442
41348
4180
30401
23594
38386
17561
23186
18445
22805
23462
29069
35705
39076
38376
564
16399
12159
2607
20907
9850
35853
33596
41551
35423
39777
16693
39653
31514
29435
2863
14811
32424
6789
34307
21579
21242
29806
2233
1403
48306
48626
13875
49607
23317
12291
32667
41884
40424
12378
20723
48493
8190
6799
22249
24079
35270
23429
23260
48187
10097
27621
6049
47427
44668
46018
46364
11079
18383
24798
42608
37545
36649
7258
14275
46638
32138
46200
12615
42383
9156
32103
37016
7662
44502
40320
34102
14874
38
29979
17599
40171
39343
759
25262
27907
27022
15188
27471
33954
14037
36951
15750
27281
38202
13
2692
13209
26099
21735
48214
21271
17683
49813
47759
15004
7761
11121
31562
29477
48349
12132
19137
21672
24406
7905
42756
30372
23170
29282
27693
2569
37432
9669
13258
22751
47643
35774
34936
41338
23426
10063
25590
13746
43960
21196
7089
24541
39691
33586
9594
23791
36754
36331
37185
14453
2304
29348
692
28801
1883
31168
1504
18677
9220
8161
5766
16109
29132
5243
29087
32188
33927
48877
48341
46776
25870
37213
9499
21293
23763
46034
33400
36384
25305
1810
19540
41974
47388
34082
18814
19524
5792
32224
36200
34436
42181
41410
14295
24075
42501
47448
44949
34874
13723
40156
39510
41046
20363
11261
33218
37703
46048
42066
10104
15875
14160
17612
31752
36794
31730
46210
17072
32436
10003
27442
30826
21758
13252
12774
29961
40137
10602
2934
7753
34622
370
14204
34424
44061
12936
21107
4884
11825
20894
33061
42901
10472
48293
20316
27581
20910
23461
35990
48256
23132
29466
48169
18875
22183
23834
38551
34511
16338
31158
16754
16469
16617
49432
2785
16679
47828
14393
11220
1631
47901
15759
21546
259
35769
48290
4689
29495
7415
43464
43054
37438
28654
39370
29325
43919
25281
38217
25371
22937
25083
46996
27504
1673
44846
38456
38303
18173
29405
45600
10856
42063
29955
11166
46429
21023
18439
25243
19353
658
2317
28917
4296
4550
41392
22910
30223
34945
12899
16323
11753
15156
4188
26123
47349
17102
34648
36178
25497
26109
29868
25654
25367
45094
37101
2303
14937
48935
28572
30803
13712
39482
44045
285
39227
22782
25567
13372
49860
9866
37312
27771
11491
32209
19840
40013
25005
932
48625
16413
7427
38770
6523
10559
48728
44456
6869
4784
30791
29897
29483
23774
14927
33457
4168
22390
950
23745
36931
45242
12420
16325
18819
14054
5375
48397
25384
19835
16726
21843
16584
14549
25263
18635
49093
8717
6461
42027
31930
23968
4093
33356
23811
39975
23253
12602
38941
26049
45618
33895
48681
15222
39679
38754
19388
10318
35712
10571
42150
14231
44575
21212
38711
42981
36878
34124
39457
10086
19680
22981
30047
24582
5506
22424
369
24640
22623
43282
15602
40840
12145
12469
42005
3422
19194
10809
36756
622
11965
36160
10796
7414
18044
19614
5868
24511
6271
10024
14201
13964
38328
14892
39052
46069
25035
31865
20538
32523
30431
44245
26180
38235
1608
41208
39620
13546
19802
11083
25304
16775
8188
20098
14483
41194
22526
32403
14419
19871
41088
12997
2332
9353
36748
21299
24405
19006
16170
44716
14805
40710
12343
2904
11702
37875
21115
15391
19112
33333
42477
36863
40679
33449
48520
46940
28992
5859
11517
28569
10297
35879
45617
7083
14259
21956
42604
31955
541
46695
7442
2461
15833
35123
1150
16957
8355
35103
6128
37603
25764
10337
28383
48153
40962
15344
2873
26401
12768
19092
4825
39630
16217
29709
27980
6921
6778
41877
45338
254
6272
10506
45361
4424
32065
33804
3946
34265
27253
44703
48566
38032
1760
19382
42934
17091
27436
30002
33851
14999
4095
26254
27887
2547
7750
27908
39666
41601
9666
6206
29336
10230
12341
23227
37501
6023
26991
20238
15790
45176
39806
17291
38079
3871
40889
26944
10007
25530
6182
20111
8860
13224
47774
40129
39496
34813
38692
10390
47919
15510
49499
43813
43272
24785
30037
48287
31059
11640
14354
36578
41857
6068
12480
13259
1732
2256
12390
26305
6809
36973
18286
23696
8446
15466
13657
30402
13913
3966
34614
36424
5252
15276
42482
46188
21227
44291
47536
22064
31579
45481
47935
43547
21184
36982
36211
4050
18303
19750
22728
21497
37960
16369
11621
2701
1669
2910
23673
8184
48160
28936
15347
27170
44923
8517
37348
9134
24040
15430
17788
42389
33065
16262
20767
38686
27047
35658
25425
3156
30173
34475
42120
31524
39546
49900
6868
48100
7907
13462
49352
13278
19673
25003
35548
14182
29242
18380
19722
17981
13818
15851
31925
14293
34920
48075
29428
18335
8384
37890
38172
5631
35091
44160
25790
28711
28376
40215
28111
45787
39102
31153
39865
43856
2906
46212
9346
5811
27792
45987
1862
12808
1081
31424
6404
27026
37542
7903
13540
27694
3208
29010
40223
8377
16803
33988
43414
955
3289
20104
6933
49706
11637
24104
27783
23118
17823
40116
29797
48793
21763
12753
7482
29356
30506
22506
4830
46280
16636
31526
30244
14396
9590
25959
29551
29734
36524
4373
16592
24545
20946
36747
38038
8134
8869
48857
42223
22188
42734
46837
9044
33941
14713
13466
37291
6896
24836
321
39024
42315
23382
10362
18654
26702
22633
32886
16570
5383
22338
21183
14002
29164
41267
34142
49271
11874
32450
3377
3400
43952
35075
25069
11381
31848
222
9131
47088
11081
14681
36871
42030
33774
44119
30830
43798
5034
37909
14905
27686
20063
19968
13484
24777
40484
29468
21872
30693
30445
38558
21111
23376
26314
19513
30211
10286
10014
19863
13522
15209
9096
10415
33201
36904
19719
30813
24258
6148
33658
4477
34800
16414
11136
29767
21569
17328
23989
38540
40524
24026
18087
25780
20434
25162
49651
45651
11116
1327
43375
919
21753
21926
15920
11911
38288
22668
38447
44106
32759
13889
13174
42345
16869
3366
31095
20514
21921
9769
11631
22857
34944
46888
18298
38769
42459
21898
16899
38560
22176
45267
42520
31756
10844
14616
39883
5639
20867
24197
41253
31702
24128
1952
22644
32508
43879
20671
4488
4815
7810
16493
43521
41070
17516
45117
15354
16003
12506
9794
18879
11748
942
1972
49676
39712
5031
14403
33578
29490
34418
2525
48391
48785
7350
30199
33275
21268
36827
13756
39433
12910
14320
4863
29188
25879
11901
20975
7512
18721
38313
46452
25678
32978
19364
23254
39192
35931
11796
18407
43917
42008
46899
36334
44314
40579
13025
36475
36534
15340
3244
22112
33725
7702
2127
49730
44646
39693
6133
26674
46895
27946
39574
20348
19981
29892
48121
12614
33827
49020
23850
10731
29076
22369
4721
8267
14830
19775
2250
37232
45568
47794
17440
44147
47029
206
29635
16310
34172
41471
47710
49063
20467
41645
25947
29824
21451
7819
33408
38221
47806
14469
42392
40586
17030
19833
1989
4752
15357
41940
46333
35678
42168
44592
40244
43306
4589
16315
28930
11157
20210
27864
524
19250
10299
20153
22925
45644
36705
17432
44137
42846
34990
35151
43834
39339
33001
12364
36181
14456
33326
11311
22087
16371
35641
47969
17439
471
25355
23721
22643
3232
31786
30419
11902
22347
24415
6577
4842
16423
16515
37068
37994
48036
7155
48516
48769
6976
8332
19528
40059
39469
28494
41690
12449
15625
18511
19330
18347
33614
32253
26010
1008
24810
5512
32991
149
40509
42040
2483
1825
36162
38797
32120
41529
2862
22178
49137
44374
15667
49014
9547
47909
17451
7670
36206
47355
14801
2959
24519
25717
12380
4339
1209
44172
33866
9065
12636
2228
31891
7940
21529
14043
9810
16050
2231
26811
11446
9949
26852
40381
43959
10596
22588
2951
24718
40678
13539
9582
1075
38880
21273
2949
48774
33026
35772
29697
5731
3432
38601
1418
48194
14172
4085
21883
44337
35405
8260
13848
6559
3380
16855
43405
19060
20417
32956
36611
44249
30246
40264
27805
44737
12892
2097
44957
15009
8004
38446
27578
9436
40208
19743
34463
34135
15515
741
20124
38605
29905
26564
31335
9052
24507
16168
37889
17135
49843
6936
46928
35776
45652
6582
24910
37947
1203
3899
24191
19591
7432
49049
46337
9258
15441
44422
32030
37340
11744
1394
8376
9914
7733
10151
43811
10852
14462
10672
30641
6689
2719
49304
8680
38162
20362
40717
35634
18620
45024
47730
33631
29391
44912
31201
38113
10556
12103
14155
45405
22512
3236
46249
27406
9896
15637
9622
21746
19003
2535
35453
47129
15074
43534
18141
29686
30412
27027
43361
12133
22590
21024
49197
36990
36128
22883
37486
30137
29927
34010
17266
2892
46925
18091
37343
42049
44290
22455
32915
43986
37805
45826
22458
4087
20091
2975
41364
35997
15796
18573
25961
15946
9479
1087
16681
22956
14816
18757
32672
38153
5934
11039
17416
45321
9907
25373
22993
23409
47026
12022
48344
23109
30309
23073
13043
45495
35174
40413
47814
40777
28539
11131
7710
37146
49220
37929
42431
38306
36299
31797
36550
45913
9184
26529
3830
1388
23425
38338
28439
36915
28814
41826
36777
43630
21598
24637
17812
47576
5944
41895
26830
505
17309
12938
44581
33783
35328
12324
3001
47157
16365
1115
45386
46468
14382
2980
38271
16746
46245
26661
11065
18911
5495
47133
34772
43334
11940
36011
15681
33395
29574
25819
15336
35818
42748
47629
26716
40099
43083
18858
23318
31020
18608
3004
17097
22632
20115
6717
30897
8172
61
5414
14022
813
43422
30324
9160
36781
1919
15971
3211
45243
39026
11141
18597
43453
16053
13914
49846
20015
19543
11092
21984
33993
45335
46684
25565
21825
37825
29570
39122
27260
32137
24883
45702
15569
16762
31179
40502
39146
32527
46734
1404
21821
22336
3668
2628
28398
36008
8805
34212
28661
34118
3330
37665
6421
9452
27012
33012
25488
31777
20500
12597
5739
4458
1145
13103
5528
29504
23373
31596
6611
4611
8142
30391
21789
34060
3717
48283
35761
35867
24748
48545
15303
39638
32856
23288
11353
40873
7633
5067
46372
16520
35112
39803
40446
16887
30758
47640
49152
20187
30921
26299
42374
20275
1174
48334
4024
45809
46131
21548
18021
43494
49950
47980
25544
43208
6519
29833
28205
31468
11665
19393
5186
36208
12094
48049
39591
44628
39594
33874
49931
44694
3663
45938
34637
4870
47057
37757
42787
2681
22094
10656
18004
37746
38570
22234
2608
42876
17670
26699
46457
9395
40006
35280
48454
16407
36325
38084
9697
17108
36596
19535
22755
39791
21505
19686
36644
31119
29988
1768
31220
7472
10443
34487
13306
8497
2567
19158
11880
706
2795
2334
44580
23926
13105
8400
16134
49243
16695
49077
33158
33786
47451
1786
27077
33058
53
6262
30183
30674
21430
22037
12854
19222
6084
3703
46369
20427
49473
43746
17407
49067
31477
14209
48022
8718
23175
29981
32147
21179
1474
37581
15207
7959
26359
11848
17327
25075
41524
10348
1436
44257
28401
33226
38291
13198
24356
44348
48982
11139
22179
28858
25972
37145
11145
21877
33154
24407
38231
42032
13042
20689
5043
46112
7770
25222
36096
43032
36345
26024
20324
23224
833
28941
35993
6893
18001
18315
2423
11403
1496
42962
19517
32371
3041
30765
40351
27278
42137
44927
11019
18994
11628
28994
8257
45779
2854
8661
28459
761
16199
4764
21689
32032
33132
34859
49444
29805
41282
1193
7153
21762
2316
39825
25337
5363
43781
16157
11175
7788
4737
31183
21499
1921
29379
30418
33075
12048
40877
35454
11745
9969
27476
13855
7268
44124
16031
3550
41957
2314
17243
41510
12314
42820
7990
11202
18763
5183
8052
25709
17978
18448
30153
29714
8281
29928
35506
32434
426
2667
12348
1998
1486
38857
10396
37031
1259
3299
22550
23067
20189
39083
663
26221
9098
21939
17720
35258
39263
16065
10202
22902
3877
42443
22545
17766
32704
13148
27465
25881
27524
5321
154
22547
20864
5201
13450
39852
45036
10378
38212
4907
28964
14372
7383
42373
37651
8207
34349
11883
22079
36848
45863
4729
25369
48123
4530
38967
26028
39314
29110
49355
9029
10969
40905
2651
41074
268
3476
17485
17205
23929
5952
3029
44080
37574
10568
30628
5841
3987
37518
7179
5164
26931
31283
32037
12877
38365
13472
3367
19515
19514
5945
8898
38738
41807
35517
17453
16849
20360
25656
28753
43881
31210
44824
24090
17644
13464
15267
25364
3134
4670
22794
32746
3875
23172
24932
11500
23685
20173
11950
29651
35491
37121
28907
40901
19240
30531
10751
21323
12986
33491
46004
6704
13751
30247
34284
8439
46910
42280
14234
16054
20560
32975
9025
19713
28619
34035
13358
12447
18827
6020
31574
41249
26335
5156
7287
36289
48498
39359
23158
42772
4149
18877
12926
22105
10937
4646
25595
43602
38187
23571
28345
3615
29744
39210
45996
22195
7626
8301
31529
30414
27399
40190
36070
33495
11364
15210
28707
3614
27211
41449
12626
6979
42730
38647
48502
20789
44736
28834
40353
2732
38910
35356
33254
22498
23009
19924
3464
26849
47972
969
19619
32933
34019
10526
11406
5670
21639
41819
22285
39059
43348
45147
15854
43376
46918
30229
306
27036
12998
43508
47711
10850
33729
26884
7481
1868
46787
5024
34241
37726
2213
17252
47099
35531
29487
41798
38737
11001
39614
15464
28587
15084
6082
4679
5577
29970
45375
9927
2598
48142
34390
35104
24063
13779
7219
8293
25113
11495
11668
29880
36232
25841
30763
28149
12374
27545
35789
49855
43371
39842
44379
40278
15448
2176
47962
38251
36516
7321
37337
48215
7480
27785
12287
23076
35431
14545
38480
15596
28875
29702
25987
48906
40152
45918
16627
33030
38666
5169
39010
522
21094
37818
4608
34190
44671
21065
9334
15113
45073
44026
33873
5784
2372
12027
587
38881
11342
31715
6891
42633
48807
7436
30742
11871
14028
31341
47014
40442
19026
49513
44742
30640
5054
2811
21834
17526
45448
7157
35754
43851
32641
109
28165
3393
41777
36482
48813
18536
5412
16572
19592
7914
32192
46572
44326
7142
27262
24512
30227
49733
43026
5012
41485
20356
40769
42951
49679
31033
28530
14404
21314
22579
1749
40472
34994
32390
21046
43710
21000
42331
7920
29277
4561
27790
27696
43014
3931
38052
36356
14061
20218
45253
37845
35037
17376
37023
21246
42683
14196
371
44403
24077
46846
15763
13214
45093
36929
45091
12519
42330
5177
46550
13185
45196
1905
34831
13549
31231
5355
24852
19780
23699
32261
39371
43853
10623
6339
42829
21976
31557
1802
16850
23802
24085
7053
2550
29853
4073
36098
26436
6103
17140
19464
23683
25341
43069
28004
23799
18379
26267
18868
45394
49158
29099
22415
25071
29179
21410
1660
36225
13938
2499
26869
14789
3799
21779
19733
18847
34242
45653
6722
7775
26439
14645
20891
48959
27258
14437
25750
8783
35781
41435
28647
37780
23236
3006
5983
8433
23839
34490
49553
9889
15178
4023
36137
14981
43579
17191
45974
13949
20701
5803
373
45767
16914
265
36474
23445
42130
8222
22358
1850
11662
5889
49385
33139
38743
46827
20887
11809
10693
38189
32615
27059
38629
37956
21530
19767
30154
3713
46050
33823
29583
26900
10574
19724
29160
21718
23565
11151
20676
5393
6254
19271
4531
6571
30672
25690
24148
43558
24051
21044
22255
25231
4672
31155
11333
34703
47098
49247
7081
18031
41528
18148
32716
11499
1891
12567
11007
38421
14796
48444
16485
48034
3026
41536
2248
27756
25170
11028
29351
45037
2727
31871
42457
46832
22683
9489
36465
47809
38152
7878
35161
6311
3402
14529
17726
28570
38021
35546
19596
5956
32341
46346
33487
46302
42029
28898
34291
46653
29366
39507
2972
9275
31986
8958
39904
25528
48101
2166
39323
257
16116
8818
31064
7522
10343
13124
19416
33490
24566
34925
20807
32250
33992
39932
41882
31118
38633
32482
39743
16336
10265
34728
13049
30096
45656
16528
37062
4407
36737
25821
16505
11838
15793
34110
38496
44654
15874
17944
2101
31905
14015
47419
9690
25979
3199
26782
29228
31537
27611
8758
42684
2737
5480
17131
1996
7748
21997
30098
16717
11161
3943
13215
6562
47807
40271
20736
4917
44104
19979
7207
10638
44557
37467
42956
43636
10591
2869
12945
13433
39522
25114
43648
45512
19658
38871
224
15452
36473
12074
5919
11864
10985
44331
42206
13825
28166
21959
49675
23885
20872
47410
1195
35416
3705
5042
39718
24444
48524
39264
14117
47805
35341
31543
18884
40020
45927
15836
10923
18107
17587
40766
14210
7022
20473
40559
30142
33667
44138
9656
38627
33121
42619
1982
31069
33480
18906
21230
48552
8499
44320
5958
22136
17655
11271
7308
23943
32471
3867
11912
49997
34080
18931
7031
44881
15842
20380
43428
39757
11996
3106
20178
13196
37273
4299
2119
20339
23625
12448
22630
30014
12707
35317
48064
5722
25311
30110
49251
27428
21704
30495
17867
29542
11195
13685
10659
34078
28140
31666
7789
762
31345
3937
26668
13107
10285
13237
18938
32444
31382
27684
45466
18106
39097
19041
260
22746
18083
24773
34679
47566
11591
48379
46545
33406
27017
49462
37293
15155
48471
35923
25746
39487
29139
6994
36638
18018
47902
12375
8127
35139
176
41983
34448
33766
44038
1013
41162
19763
44338
12395
38049
19161
21394
28733
37122
25699
21401
34228
7691
48717
22259
49412
28183
43074
2066
23022
294
8659
15093
49984
3385
27857
30551
9996
18614
31700
3457
18342
25093
44133
34771
33716
21356
34183
44979
10262
43294
28322
8896
32412
12987
43552
47192
22724
32589
26801
6974
44636
41500
44369
48993
14781
18815
45281
22722
8959
862
25939
7386
10606
7647
821
4791
39037
16313
10560
34409
2048
20023
43618
10224
6642
24862
9857
6736
11960
43340
22219
20949
28382
4464
5479
6387
22710
25754
18862
30149
45173
956
34618
33486
40859
46656
48696
49934
31979
3820
9560
8810
32534
29646
15374
39030
20587
27459
38030
22578
11608
9717
20342
8419
33296
42217
15023
20255
45353
32478
9210
42266
25306
31866
16102
6101
35154
19140
27760
21533
15468
35090
11780
15873
17364
24863
2494
8551
47454
10401
48233
31140
43058
10972
6083
45174
24600
1265
8686
769
38098
37873
4727
45942
946
29372
40426
24236
6560
6475
39395
11586
4827
1562
21587
13874
20300
30772
29183
17411
641
14044
38906
38124
38826
33916
43517
24381
561
29450
16765
37047
31422
10553
2100
49289
39632
27083
1216
30585
10528
23877
8711
42378
34251
45003
12665
11300
46107
19855
31663
23138
27164
9195
9771
47590
41624
28677
16551
10739
15980
37281
45525
3909
21739
2938
34289
3409
40303
29814
39761
17082
5402
46809
22425
48682
47790
13236
32879
24568
13858
10735
19682
39372
21901
39540
37148
29518
43528
14494
39489
12604
5388
10896
37341
34628
29449
18933
3431
14479
3577
48196
35512
49311
9312
9917
37885
15651
46966
44767
971
29431
11747
29409
11180
30072
5077
25980
11262
23655
4837
21418
6321
44029
40948
3169
12210
22987
37640
5982
8003
20110
27255
46133
47978
3752
24129
28236
1367
39405
1691
34255
31724
29999
36419
18055
49145
47545
41496
40438
47725
22015
43342
18165
21486
17524
45567
9540
46014
45858
9169
34543
48331
13822
38155
5326
45744
25820
15479
37724
27145
5904
16030
48674
11746
41878
34454
48041
35325
36874
39001
8296
11639
20131
48404
9472
45349
25978
7624
1797
44156
16130
10584
25442
19457
48380
36438
20826
45771
16234
26050
47081
18604
8228
18425
30525
48983
36444
19252
5049
38422
10484
5826
16434
15036
26652
40091
35435
17154
6350
36733
25725
7993
17098
42685
13346
9645
7673
39391
17340
1517
6283
38333
37903
38462
30276
15570
4978
11395
45479
33354
23487
20142
10005
43934
14063
5614
49538
16640
8614
32984
33206
33084
24795
6545
7830
8024
8580
17081
30132
48829
29276
38792
19010
30269
3477
42708
15783
47598
46240
23540
2823
25901
41106
33911
20558
18804
11806
717
25684
12221
24577
18618
12396
21010
34128
5166
856
5884
23203
2807
14595
32509
15048
5456
34496
4391
17935
29140
12819
9046
48868
19829
6243
27179
36740
6826
39290
23010
3186
27580
30768
48670
20993
43616
18794
9331
30449
44562
1606
23248
32074
558
10034
6888
36969
17047
7978
9157
5754
19499
45748
30481
18639
5873
13617
28740
10522
24096
7239
28361
34063
21580
864
26689
4510
32947
14641
35020
18304
17888
31661
3103
15307
31125
28254
10593
48108
26497
11487
41305
31829
30890
5927
13859
29404
8628
8105
5120
16546
9934
36821
19057
9348
17847
37794
8200
14118
27708
3323
4352
37027
40664
45058
24542
14496
14339
22907
34881
13207
18754
30793
28086
69
4997
39935
32
37397
48820
32385
15355
23088
35646
26813
1297
8012
13083
8316
14741
27894
11169
31142
17902
8022
46836
23489
46495
28929
23616
15707
32906
3571
23581
30866
9073
22164
23057
7823
1239
35215
20494
17577
33755
6948
49532
17071
28485
20160
13620
12474
17227
49382
44623
17438
7667
40708
2992
9252
1050
44251
32929
29736
46470
21308
36341
31922
31867
18859
4130
5334
6071
45123
32784
23904
25522
6229
33234
37666
42612
32068
42942
45008
29185
24503
41086
39956
10977
36553
7935
28705
32837
45728
19446
3789
43709
22985
39204
9542
48058
16138
14768
40520
30163
34328
36544
27397
41424
40811
5851
10221
15453
20988
22963
28628
48046
35415
27780
23302
34698
19670
7630
33277
13941
23054
30740
44383
47268
15998
37924
42622
33923
26005
34192
25070
48640
27751
49083
18796
37664
14137
49907
31225
10736
39581
28774
42879
26217
25903
27489
44920
17255
14033
43603
1547
39602
43275
47548
35631
27733
27676
37991
37189
21795
44615
24849
41291
48473
15109
19949
1200
13119
39383
44662
46750
21359
48821
42966
49269
10639
14571
696
5093
24560
32624
12344
23007
2877
41103
31001
2028
6159
19305
16853
26053
6846
4673
36805
26927
33568
4578
12101
31850
27735
45713
21856
14598
5835
37164
34041
18619
34070
37981
4728
28598
46388
38463
33572
8771
33530
27333
22297
33110
2833
31354
35920
16501
48804
35959
48433
1833
26681
14386
1595
26500
27725
792
26616
47487
420
20595
36568
18486
14826
33675
46774
36614
8927
13478
16167
34032
17799
15716
42848
41458
19866
28709
8846
6278
11109
2125
37594
4134
22861
15283
32972
18842
20073
17430
31260
32421
15802
36074
32458
30514
40113
40519
7783
21673
18355
34763
36651
42050
31238
44052
45201
11589
21906
1271
39422
46244
7206
22796
19062
23507
14833
25551
8349
20305
27226
45902
23548
7003
42122
27531
37522
45406
35741
49645
48617
28121
27947
22594
33301
10764
42474
2360
41997
31404
36758
18100
37447
46796
45569
8331
7948
23737
8733
4503
49257
5613
31771
24346
24634
7610
19629
46607
13323
16297
7009
36091
24259
11908
28371
9146
41771
29911
28642
47944
9313
40464
43136
28749
32353
32284
41859
12473
32601
2472
48864
48787
35914
48912
19150
8416
36421
33252
4158
10732
24715
13813
32773
15871
3268
27994
40255
19407
2022
19830
41838
12075
21932
24547
42823
36454
48832
6951
13584
12813
24065
21174
7063
17455
47602
29100
39075
2824
19894
41441
42316
37154
11547
17560
14243
42840
6448
31961
30557
35008
10295
2091
15399
3866
31632
36010
44940
395
48008
8656
14626
16155
25459
17580
22068
30297
14670
43926
15519
36735
5892
22779
14454
18163
17527
3163
6872
43452
23441
36202
24705
43678
8638
48343
7706
7507
3624
9291
16457
23545
48363
23095
34001
45404
22730
37897
26588
39342
49281
1903
34572
28054
30484
45277
13195
41880
3965
15899
2919
21982
40026
45068
33025
20567
11294
46171
36229
3386
4833
47627
22456
22426
34466
30214
6293
45683
1428
38045
12173
21165
49012
24780
27003
3859
39532
4877
48383
16114
37379
8504
17735
47527
5685
12321
26363
18576
48462
35193
1494
18948
24903
18267
15126
46677
12621
20261
39345
2407
28959
20066
15419
2005
5237
45570
12940
42521
21928
29915
27356
35065
35730
27532
15124
27787
44219
45320
15725
25787
42652
32970
46952
11096
4782
42421
28803
15385
13370
45952
40515
26192
10709
21221
28011
12269
27091
165
41076
30734
10654
27856
12386
47290
22454
47164
27600
40103
3020
43966
22894
4420
21091
7736
3123
47987
49985
42747
28466
42126
24584
39650
25762
31362
48447
26853
46173
8216
13220
12821
32802
49545
45860
23894
7186
28914
26200
48
36916
39625
30084
36633
43050
23915
4175
12236
28294
47697
1832
20840
528
10694
3281
5907
41870
41334
2757
16002
7020
28710
865
3424
29912
47612
3908
2887
11352
22519
11505
17596
8465
19955
31152
3847
43409
41017
49697
45458
37080
31718
32532
1615
35614
8830
14513
9060
20321
29890
10523
18792
37161
29304
45306
22672
12572
27695
7832
30720
23428
33650
38072
20602
8608
22535
34913
12574
47525
7799
34271
27666
31561
44213
23355
28082
47384
27201
36448
30339
40899
13829
43400
6193
19636
5175
28289
24060
11435
40801
3070
20026
14651
656
26956
40728
13356
5122
36015
1434
23562
5683
32684
7496
17304
24489
16823
10839
4946
46421
1392
39700
31293
38598
1408
40539
35072
5751
27540
6918
14471
6605
2009
6361
34308
24886
43406
445
31176
27575
13802
39740
44744
16221
37777
3596
12165
24751
16144
22444
21835
18770
158
39723
10743
43455
22283
22003
39979
35330
45838
33878
32049
23593
12726
15204
40479
2419
9215
32169
18007
47817
12162
12577
17789
16453
21307
20899
14739
21387
24988
1298
17829
5328
6097
5266
9061
42580
26212
31913
37166
35903
8122
10500
11811
34400
6235
44343
11247
7521
43198
47996
33705
8644
44005
3953
5327
45252
4973
18313
47044
41611
32008
16595
8573
49179
48055
21328
4720
44405
12274
48470
23846
10371
39369
45627
48563
16880
38477
44839
632
14954
1734
24624
48120
20608
19426
18845
19295
29150
1123
40212
25954
21532
17709
49348
40038
46283
32360
30610
7531
20743
37454
42249
9179
7088
1548
27606
26441
37335
7369
1805
217
38704
40263
16132
44670
47740
12235
30511
2588
6753
41104
48330
41767
48907
20666
2995
6171
43721
15285
45661
28432
43592
44781
45917
34766
43381
7285
45761
27995
31500
24548
6873
47951
5599
14542
2354
49320
6962
25372
39338
18934
48419
9702
24099
16147
13973
31870
40490
28861
2599
20123
47530
44673
36149
48328
11682
10169
15950
32262
44496
2663
12441
5106
48632
36970
4064
5534
25328
35825
9635
7302
46752
21945
8335
30974
38990
23280
12371
32044
6733
45565
3239
47558
3639
25571
4597
25534
46068
24940
45563
12594
9208
16341
27919
19997
10488
8629
19759
27373
21860
14776
17911
35921
22247
2554
25031
17986
35273
6039
7964
46742
28448
46208
45226
47243
30580
26294
11244
24211
38991
33818
12023
37075
9069
35648
27075
11329
12289
48424
16188
48282
34979
22129
18361
49040
37604
44750
25584
31932
38776
48635
18431
6484
6337
27213
10821
39159
3967
16884
45085
9593
968
42303
456
42973
10966
29837
26282
16077
48390
31761
7658
19885
49309
45840
13590
19385
39088
19903
15309
7242
4823
34715
36000
21917
5642
46544
47387
35169
2578
27232
7515
5114
18279
46818
14411
19075
15757
37646
24014
10461
9532
15026
32315
14356
33575
19516
16654
25526
18675
3725
19541
30010
19079
39099
41584
17257
43019
5472
35602
8437
9766
46129
42139
2337
12202
27056
42623
15094
27755
16101
40102
4260
40378
31455
10983
46377
39534
36140
4692
7579
26614
46022
37905
43582
43107
24122
48767
41369
30764
19481
17264
27566
12247
31676
4683
37300
11917
10845
15278
22959
49482
44362
34895
17333
2244
15050
25700
48129
33663
26583
24838
17195
22726
32620
21217
8175
11605
28849
15059
21442
39397
7966
24235
7912
21084
33015
48645
2258
45331
27148
45898
34028
22778
218
49411
34247
25441
18256
32069
22888
47423
46986
6882
37735
48348
633
2473
49324
9059
34932
45964
45676
37137
15527
22394
12421
46043
30141
16108
2092
43190
15397
44411
25837
12647
14106
46287
20466
49427
24251
49336
8587
21171
26447
9954
22684
29832
8850
20315
36110
27080
15710
37865
1316
19048
13493
24168
8294
13024
19045
47779
5477
36415
27551
1333
41421
45511
20286
37079
14058
2596
30827
5118
36024
4346
7326
17581
41910
8813
31811
29333
19043
44418
2790
37737
26775
10458
41025
986
6050
36780
43138
8915
48817
21857
48704
13254
46467
29151
86
25225
619
38761
6853
38183
10448
23433
2129
16800
38619
17234
39606
20351
42446
48517
2590
43036
31456
7281
14005
25019
24990
12422
12271
32022
43035
18366
49288
22342
38805
42203
13562
23771
8129
23583
7047
8215
23786
32799
42371
7410
7892
21186
5079
2754
3234
49488
36742
26833
48756
29775
32196
21251
42588
25880
951
19959
5370
10885
204
5195
15771
38459
23775
983
30523
5552
27719
21105
10893
1308
5908
47567
18666
5150
9681
34816
1699
8699
33915
43181
23491
39119
28386
961
22943
19659
20645
47307
560
37625
49805
12688
31607
25278
25218
21376
16066
5081
32347
26387
41549
5116
16348
17447
34939
35919
36090
28796
37149
37064
26018
5681
34441
40489
37479
15011
11410
12960
27592
16805
32146
9733
28287
45359
48009
47391
22372
9440
18171
40276
1546
11471
17702
43872
23814
842
46673
8456
1889
24057
23963
20
27437
31944
17238
7754
13007
28137
8369
5083
9057
20322
1407
45427
45976
30255
49335
23289
33948
40685
10750
5705
14688
8441
18592
9739
43564
13547
9968
43704
21457
40165
40650
9652
47335
8839
49885
32208
30147
11475
30959
39583
30721
43538
42295
21519
6818
15346
9343
43699
34495
18414
18098
33042
244
16604
44309
1607
20354
6312
24338
36933
27604
5070
10383
4534
30825
11422
17292
1098
545
47489
35765
6036
7201
47957
14491
2620
5234
12523
8533
7650
36050
25316
37705
41514
45639
22705
49926
37682
6537
11828
15329
39249
11850
28095
12710
22493
22901
11914
21824
12683
49994
38718
38334
12365
43938
42774
27926
9983
26857
28549
41965
29024
33747
35039
6900
36314
43745
38599
12735
7039
10111
41656
7625
29271
36183
46064
31885
44778
45931
20860
31046
2936
27241
8186
5072
35052
31171
30301
16680
14008
33681
45239
44180
1568
48193
10576
19253
19823
22462
31664
44731
29371
15532
41872
42314
6004
5417
24964
17878
42496
21049
43325
20660
26909
7205
28222
44643
37022
30568
37174
36049
23831
48145
13783
22060
20594
4652
2623
15275
9149
45
37018
3944
17543
20699
12119
39766
10341
18444
40712
4183
5793
47275
49183
12434
32163
5954
6883
219
17314
19606
44812
5339
47015
27698
12525
44975
41703
16590
36622
15070
5688
15734
48346
14909
23080
7747
24697
31333
31239
26064
3368
27400
24311
11177
32798
36109
44203
23239
12991
8217
21143
15660
34322
6138
8149
17794
8794
47496
36297
38101
6199
39722
31226
12021
33906
46575
25308
3318
6481
5095
27574
33692
26560
30955
8420
34834
22754
5502
42411
24433
16601
4909
37970
17351
42540
29162
25603
24067
5975
32429
501
6006
22501
36321
45700
30757
23278
21275
17754
22346
38041
15072
21190
30406
28259
22788
10660
39424
33731
49244
36311
6931
8288
41712
21741
27608
9260
10107
27703
10450
11451
36407
4328
31411
11319
22863
47511
11212
7678
19262
26658
22919
2481
16997
36385
7649
30592
27645
27549
2114
42940
44347
14264
11325
37675
40754
10641
2196
15364
34437
44471
26326
11230
480
16289
35726
6333
37100
45428
4052
34575
37192
49741
28565
7908
39364
4651
9957
8179
40090
18887
4526
13093
17802
2431
30447
15182
13684
46124
23098
10590
3757
34513
7034
2457
39836
10994
42561
30273
45610
22273
27053
45151
33095
4114
8807
26662
13877
30497
8710
19336
241
7310
26673
21568
34333
39900
35060
24234
12249
15024
36186
29346
18014
7634
27304
33019
40968
34084
5486
21826
38363
43281
13922
10686
40033
26350
46515
3200
43951
19770
12882
7056
37173
45225
17806
6380
17300
10045
11687
11413
14460
40213
28377
2430
10858
42980
2098
48910
21603
5348
32992
16712
7464
48019
18069
23256
28179
34002
39401
24166
19291
11469
47476
45969
30031
14867
16757
32875
34754
21923
49463
9103
47203
12520
22302
25300
1167
48456
44136
36221
31624
18434
42163
23297
46321
23301
7443
41042
38593
11580
13797
15552
35175
16354
7275
47362
35591
40513
48186
920
8238
45594
24484
5828
4082
31618
41079
13225
11268
14282
15662
31770
23124
48335
734
4930
45544
46933
8509
3397
36654
1479
11714
9650
15561
32481
21716
17076
8408
30716
20724
21970
49720
37762
38564
11199
38120
37230
4142
46565
8189
32854
34120
23828
23169
13120
13917
34645
31038
42486
11215
18307
17558
37129
35714
8586
37200
30544
24696
39141
9714
16804
7528
35749
36359
45005
12184
6044
17083
10480
45566
21812
5325
32821
17614
10479
3529
20979
20991
11501
27630
29382
20827
12767
644
35196
543
29871
10853
25036
33118
3961
33382
6879
11722
10139
44680
3453
46811
35394
6253
15705
29843
41609
13883
22470
38157
24767
20391
18629
14326
23220
49633
19281
20271
40361
21665
40219
26015
9818
31818
5548
30986
17120
27722
22276
12909
12552
20149
15361
37915
10958
40731
26722
13975
49293
23479
38224
46971
40575
20654
37580
44217
21589
14194
28025
46028
21479
44500
15271
15483
9711
25116
46592
14067
37932
17744
25279
33544
19668
35429
25745
27901
5289
16479
5600
44990
7085
43854
25693
47983
38173
25159
29423
45648
13719
3225
49682
34998
7139
39231
39208
28390
35777
26501
2142
36730
40250
34159
13234
26846
42758
45430
22081
38167
32862
22446
15616
5848
24604
23590
24661
27129
45935
12058
48077
29476
18512
18013
11330
46345
4179
12794
12323
17536
19072
875
18192
5565
31946
44283
29626
13526
4089
26226
43935
13978
6558
40864
14703
29190
27739
45444
27309
42166
4009
39721
45435
47372
25944
34077
17811
12072
23918
14130
17619
26929
38542
32455
36893
3124
32342
26558
38374
12969
42097
18615
19895
48685
15159
37473
29505
12824
14782
44808
32381
28945
47686
20728
21406
21738
44208
13777
2259
29028
9295
17529
36057
30003
19068
33612
46674
31617
7048
44825
11842
22777
30320
1611
7818
25427
1924
26114
37916
10869
49419
5993
35702
8555
26933
36306
37352
39800
28028
1043
25414
41119
1879
31202
16802
37610
6213
18295
38660
6372
10863
24171
11763
37559
49634
46334
10919
49088
38873
31541
14065
38684
23716
26275
14528
18605
18291
23939
14311
4481
6796
32072
43245
5950
38897
9612
10706
15305
34173
46998
24328
41716
43774
29419
44271
9514
7257
6998
10249
20742
12818
20050
21333
11354
12079
49456
1030
46842
11698
31446
47763
28767
30330
9138
45364
31845
12752
15029
1823
35432
18433
32035
30148
27788
19587
17617
21531
8968
40980
8460
40763
32545
6090
6807
26969
5750
48858
22345
43793
46111
27276
39970
41917
17589
20264
23896
15673
4078
20603
10159
20980
19756
14198
7252
24027
26467
40629
45705
5191
6455
13016
11953
40024
26740
40185
44093
7124
38646
27444
19879
4027
4281
7399
20859
12304
1384
26541
23845
37846
35750
17056
7365
48865
5838
49515
46451
49986
26691
35872
30085
22513
21208
15813
1647
35489
1073
27736
26771
36077
23588
20661
7411
14879
20100
34520
23980
36910
2268
29563
47688
14793
43957
47460
38492
46701
40588
3162
21637
48581
26799
8195
19113
13485
37048
11322
12766
31735
15653
48764
10329
41520
31531
41814
33584
34447
32835
16164
21849
26400
45720
34561
48583
6369
6596
18755
28508
37411
12131
34438
29640
29252
27341
14163
35982
26916
17212
40249
42969
28381
41615
18545
23273
19740
14535
21417
20989
14787
45490
44790
16831
23889
43840
14459
12775
46961
39051
4965
2734
16891
17332
32748
26836
18190
7971
32768
27052
48181
16531
45318
45604
34410
16641
39021
10414
35739
47537
47929
5618
25464
25657
32625
12073
34375
49610
19832
31462
26469
7859
19762
25074
45958
14473
16667
24028
3092
4605
46853
28770
49166
36662
49571
5794
27102
6568
48226
39491
19520
3707
17514
46085
10246
34250
1934
35478
17918
1909
9713
26001
29073
19599
22703
35787
41831
20450
20439
4291
41080
37766
230
6816
12336
17509
24178
43179
40665
46086
23148
18789
17355
25992
24005
9462
36843
34285
35581
30931
1439
47696
48655
39031
6563
48274
20176
248
27534
30934
17801
27729
20122
18658
15536
14122
36101
44325
5767
40480
32047
20626
47260
2414
31356
3610
48850
38344
30156
12745
9944
29474
40121
22950
16094
12860
859
25101
14495
29331
44657
19298
16219
17153
34355
23689
9600
1062
32562
48643
2202
28189
48484
36397
39377
2644
33671
39775
28802
1247
15977
41632
44332
38682
42338
33310
22157
7621
3976
46819
46994
42010
2638
7947
18432
19454
8339
43343
33067
3066
36313
33625
46995
19317
48616
24896
37723
12586
36928
26437
517
49661
4035
23570
1241
28535
29237
26037
39176
6946
17715
32782
44227
20909
7958
32195
24455
14719
17954
18115
22887
5446
32265
18458
39328
34571
1747
12325
48195
8141
21152
29408
23620
22085
34926
41590
25997
29598
43896
25863
18649
2728
36246
35736
23202
7424
2230
35077
43068
18415
47544
33045
26947
40528
24772
36130
44649
44209
49605
45330
25550
38482
33243
25180
15016
33420
35383
42362
5130
36399
4822
7873
17322
26617
22380
10829
6019
19611
20869
44000
44972
45507
41759
8910
48556
31315
42899
19313
48742
497
29257
19342
8773
25390
45693
113
24156
36587
27409
12606
34281
26724
41724
33426
3949
47963
37223
32043
14428
23563
16373
11967
31851
16916
572
3991
48393
36509
14134
45912
26137
31300
37474
14757
41617
31055
1249
22450
22098
18
20019
14450
41360
18130
13509
10677
12832
20932
16250
37692
27727
34022
48903
37849
16096
32409
47687
33336
38245
3287
2606
25015
33196
2800
34099
27944
11600
45337
13610
38423
45122
18869
49935
35079
27154
14911
33060
22409
30045
14859
5397
38345
17296
5764
44323
49995
41198
13761
39920
17575
18099
21648
23450
12345
23797
46311
27473
5566
42870
23024
6035
20849
30160
40816
6647
46769
33483
41192
6756
15076
15489
40661
39221
24875
45195
37620
2135
3798
29622
13071
688
41559
21892
21185
17960
18377
26623
11267
8530
8607
41647
2592
27002
32393
23077
46980
42162
34748
6485
20161
27700
27218
5235
10264
35233
39046
22542
45029
42824
29445
3101
11729
48251
7447
26553
14596
39618
43369
7049
31608
13664
49347
1149
43465
49614
22927
29623
8950
1942
17566
6775
32803
8245
23535
31968
30357
40944
11374
4812
41800
26788
17662
13110
23102
20986
7312
5581
12657
42472
19297
3303
15071
26543
42444
29012
38190
25663
9775
9393
41494
30617
48561
33811
24962
4575
48919
32364
23510
1531
27346
4706
33488
38417
39623
43541
30851
24188
34272
47863
11861
42679
34129
21671
28353
12564
29464
5401
44078
31190
38037
28253
27050
32233
15199
19977
19699
12563
42284
32117
49102
29652
30489
15861
25237
1954
33968
43562
42195
31645
17109
29005
10779
17703
32540
17989
15528
30503
24676
18404
25510
24029
26039
17544
32962
47005
12220
5219
13186
17345
31044
47424
30136
46363
43964
3963
11375
35991
41659
31073
41501
4702
36606
31384
31844
35137
41729
5880
40732
37496
16721
48490
13703
4234
47415
22739
8324
35896
28436
42318
396
36197
14090
23848
7412
47463
3235
20878
17884
32558
6017
46508
31309
6136
8636
31164
32242
16983
20881
29317
5862
10018
44083
18226
38679
26815
17916
10657
44704
5790
43392
45947
8781
41357
27395
17793
35221
29008
15649
22832
36967
15623
41906
17586
11090
25001
10888
38610
17803
14825
12036
45291
9852
8112
21460
19527
19244
28141
43911
3913
11006
19753
15143
40459
35310
21315
34829
2401
45370
4144
26162
22681
12896
39406
31952
48512
47118
26905
442
33713
48954
27121
546
5714
13749
48599
1887
48262
40812
41998
2194
48439
16377
49666
4582
20737
47070
41298
12267
35996
15180
40012
35847
26030
2930
28241
46209
19995
30188
11026
4678
30820
13491
31759
2881
16985
3207
3775
41325
6588
23913
20962
43130
36539
38044
4397
5673
30271
6065
23063
44763
34840
28127
27603
15622
7586
39367
40047
25983
12852
7836
16578
29247
34549
36958
42861
35285
13153
47072
36621
1172
33311
7036
33604
42884
45865
25730
32801
28940
6423
40642
47709
48595
43953
23345
40516
22460
1533
46567
2408
30433
18616
12146
446
48673
15631
33987
28258
5458
48889
45795
2245
41871
13463
10535
38209
23427
19503
41569
24384
11900
12518
38122
7557
47884
21916
26839
44378
28156
48712
42666
34168
29589
34665
8657
6435
5329
7589
32348
16450
37790
41887
31257
47500
6378
37529
13954
30857
21863
2460
24108
10538
22819
8913
18841
36715
41328
9948
48590
28483
42794
3585
48273
16793
26880
44175
46339
41487
10748
49296
34745
13686
11188
13739
44785
8032
9118
27353
47837
31589
28412
18282
20117
10134
40068
25255
3233
23813
46560
45532
28778
7900
45497
5133
41848
4929
41390
41363
8046
48971
25014
28933
47108
12174
40920
6504
403
23792
10013
627
25785
39179
13832
10140
28674
16669
20197
14261
46449
11751
11934
40724
18975
18152
333
31494
47483
35672
31043
26144
46145
49466
30724
22802
20968
3108
45682
43383
16861
47141
15643
45598
2890
36318
7943
12704
35081
24907
45862
33358
18674
17879
1289
43231
15804
7850
22649
29051
29748
5153
44381
31519
14041
31738
17367
43389
42352
7054
32755
24125
30749
29064
23062
12007
42908
44394
49489
35521
49550
12476
32698
39827
25332
1453
14965
32514
1460
43723
47086
5582
16393
29312
1347
21459
23423
30467
45786
13806
42239
6673
8468
45369
2989
19177
2636
16225
26934
46847
27033
29555
18030
22471
18698
41845
8923
35638
34959
32274
6529
2018
30859
39596
612
34841
15588
11834
31320
20930
3848
41851
18964
13336
26377
723
34700
40553
47840
48407
43298
15806
19400
39680
19029
25617
19891
25866
26993
25352
18821
14853
44619
8392
38140
26338
44516
40853
20455
10074
18509
17199
28022
21494
7018
2440
9035
22389
19268
848
13757
10550
36366
29472
19374
38724
2563
45778
25253
27049
8021
31245
32614
49701
45317
12433
30019
36711
43210
16283
9942
45438
7893
41003
23837
8119
20283
34531
4803
39584
24241
40418
29779
10117
9079
37792
16463
5819
42332
16552
24942
26780
41256
26284
45637
17828
37469
38007
15672
29427
13247
33068
47562
8889
4163
13380
14171
6890
6521
26817
15828
30342
1940
38883
40343
10814
22286
41294
2662
28651
33749
39807
43193
34465
46726
28469
33566
39006
24880
19445
11803
44997
3085
4911
20554
18885
2516
33053
14301
24723
16319
2642
15730
36308
38406
8949
6460
8359
11768
12005
41445
16934
9224
20938
22321
18562
25859
10872
10301
35180
13904
27137
30538
30556
44390
17442
18699
1796
38763
1129
42133
19406
20725
24400
39582
28452
34801
18727
30690
24569
25121
32087
27243
32438
13204
15403
14749
37944
10498
34216
34012
13925
46942
40972
47510
16232
12660
40745
16504
44859
111
23932
29738
26642
21660
27275
1108
47601
25609
10042
8690
46881
7353
36639
27737
6053
256
12534
42629
45674
36641
44903
16538
18048
29094
40058
12845
38100
11537
27431
20054
47272
43809
24505
9447
18726
5711
18724
37782
28980
27949
43139
45391
47101
15610
10799
44821
26895
30076
13656
7119
48345
43004
33886
38541
22821
24100
29109
11130
36551
24830
9198
20053
18873
38310
31523
28876
43702
21773
17043
44002
14584
28639
38472
16980
18636
18955
11479
5815
17338
43963
35296
48479
28555
25594
48806
21663
31435
14342
7699
16389
39108
1012
15978
45378
22490
21622
264
23711
12935
18177
46115
38924
39311
29966
43303
9124
10580
38434
2257
36439
1214
30070
48028
9397
10293
48432
38149
4442
15656
8600
11057
28831
47606
10918
43753
38441
10727
19943
46590
43420
17732
27885
6780
33239
19115
42587
3527
18231
5563
6147
31182
24825
27432
36729
47689
9378
31789
42226
12976
6573
2799
2551
24674
16705
34605
23806
44729
15586
33719
34770
29610
37024
15624
48659
6223
27976
27429
43224
9777
49312
25375
20953
41008
49148
8685
30004
4846
17681
27705
14611
27325
41678
25158
25587
9082
21445
12596
2912
37820
5998
35999
36834
7601
22070
42439
34186
39462
23864
34366
24360
1489
15068
18154
29992
162
28444
30262
3306
17390
29807
26453
19421
6725
1788
8113
12582
31516
17163
28815
20755
33724
30685
1979
30395
15604
43593
3691
20139
13431
6804
6195
26749
17415
27628
35807
46475
37271
26092
15334
14722
14146
42169
13672
34408
24523
44534
5660
43635
15038
35792
26240
32660
47470
33543
9828
23912
10616
37789
944
38339
34488
32974
11552
28563
24764
22483
2485
43496
3190
28016
11895
14652
11474
13130
38778
35918
47152
22966
14294
42944
14465
30360
20381
40667
9905
8170
41417
3635
23275
24095
29323
42590
6365
30629
27295
19306
23851
1173
8250
47248
34821
4111
47704
39470
43470
43308
30547
1405
19005
33150
32666
3362
4817
31927
11560
30569
40327
8515
27088
13514
49195
22720
10578
40179
23474
18446
31378
49552
19204
44521
14184
41684
21557
24275
15465
9849
42890
33541
13809
36675
8539
19824
33782
28662
18473
9290
19510
25363
1839
2501
41329
17021
38519
13691
40328
21098
45256
22837
20498
14823
34505
29305
5377
10208
38136
4053
12994
8737
47604
3767
49959
44524
11736
20525
47377
24881
22795
35461
21508
26383
24281
35398
45956
34711
32317
31568
39851
46637
3632
25910
6343
27916
49074
14446
23162
8677
41787
22453
43105
34094
48085
9858
8394
25032
17357
9682
34023
44065
30164
17844
10496
17772
8131
28200
17185
40317
42046
22576
7169
33932
201
26719
2301
40240
38942
39999
29831
39815
10828
32683
26429
12784
14221
49953
39988
12677
38923
36844
34592
44754
47030
31150
43063
7795
46189
28314
23478
36027
676
32175
10967
31805
9021
13605
23215
17184
11577
32211
8379
37409
44888
27713
6430
42400
26059
19822
49981
7164
6364
3220
43
12404
31996
19952
21806
24799
12904
40623
1662
4010
9500
5912
17826
32889
27517
28897
26727
16733
47446
45649
38458
35580
31710
315
21110
37557
8928
44970
35969
23394
27408
37699
9629
1229
31750
34973
45159
33363
8289
19914
45706
29596
27239
11568
18564
8244
4566
20766
24602
28394
28424
35216
18707
47178
21631
25945
1872
18314
13591
32477
25006
33960
49869
32994
28656
3921
35011
2583
36615
47946
33506
34376
2625
43173
19605
458
31512
41954
29274
49388
46794
13599
8137
34314
10854
1787
44597
38146
35202
11484
26337
41482
11947
451
40056
25420
17331
2439
1131
30
35597
20370
31068
8383
15040
4750
44158
2541
48336
12691
40078
1509
44493
16318
34340
4173
22553
2039
12135
1487
14840
4781
41203
6398
26485
15709
47420
20228
24358
30769
11721
41178
30490
11132
7013
25629
43788
44573
14263
17547
45494
30232
42493
29268
7421
12546
35225
40934
31107
11521
38821
38966
37776
22076
32295
28407
3184
44843
23214
18393
32522
9015
2792
12999
36427
20231
21041
278
33136
38943
36371
16544
19786
23512
20358
11348
28461
20476
23938
2434
4710
10412
33925
3127
23097
22982
16028
34876
42376
18157
10531
16868
43290
38000
12661
21365
10470
14951
26247
47155
44089
48469
42394
40205
24245
28684
18832
11808
19831
37807
48285
12675
37085
39765
15055
34854
40267
7544
5194
37816
7462
46162
39100
22201
44555
48929
24424
6205
15103
24109
20610
21063
27300
46765
47850
32712
28848
49832
8463
44150
14467
42749
32216
4687
20175
27227
36104
12301
34287
32925
5703
27071
36157
18910
28913
41898
23241
42329
35113
14530
28171
33744
5287
41343
22386
3934
20207
35497
16575
47571
22403
47561
10895
28354
25536
49688
20433
38312
19738
1134
31899
46312
17707
34087
23437
12540
47456
28413
884
45506
25439
30591
19304
11316
1278
15564
18753
36503
33238
4022
34352
4944
41603
19875
5197
37020
35261
19352
32955
39127
4948
23829
19836
2617
31959
20260
13916
894
4963
1346
42727
2024
42635
25724
23731
33764
30006
5634
3814
27362
39910
10929
15314
37579
22056
42999
5435
35601
34687
332
1276
1350
47154
1342
28470
22047
15779
15986
3118
460
2330
37711
25562
23994
21962
28153
28303
27982
44712
20691
24323
19415
34449
19918
2290
29712
25874
6119
12193
10689
40805
48841
45768
1491
11490
28196
5109
21549
8159
37366
2164
18621
41723
21287
17490
48618
25028
38182
28958
3277
16400
47442
22156
38497
15990
15717
12309
39416
23184
18408
8540
15613
22903
8367
31463
43974
7381
29173
49274
4177
9557
48568
33697
3883
44890
34440
24630
35564
42218
29900
30024
49722
17119
858
18924
18488
23081
1427
21619
43689
6095
21450
44098
23900
1834
24469
33902
37937
23026
13457
29949
13981
16832
19239
18259
34928
9744
31282
32099
26840
5138
35471
15741
12641
31286
24919
13946
48683
15687
41
8679
13886
41409
16449
784
6763
41616
42670
46883
11725
40691
2710
15467
41099
40863
27490
30398
37201
11653
10889
28097
30868
22593
4881
47322
41469
22935
32344
2738
46443
8110
7404
27161
27451
28465
14639
12307
6249
32648
38900
36541
22929
34833
2874
26057
3218
27105
49829
21634
26506
24207
24119
46384
3452
4873
23773
46331
35965
20159
8151
28199
47903
19339
11265
22144
30438
43082
22694
18825
27900
26375
14308
37103
26587
27387
29975
37643
26227
35386
12682
25107
7613
41634
11749
32326
44582
26243
42569
37424
23686
29629
5457
8568
13801
32258
23093
8153
18428
19569
30521
17060
5935
41912
48559
25644
27160
9466
48338
23759
17371
18463
7051
12993
43751
10620
11556
6080
17329
8096
45355
43052
41337
32160
10772
45899
37514
47771
17682
15674
45733
1515
4275
21740
43429
36264
21008
17520
1363
29633
31683
21033
16045
4285
23566
38750
8118
38301
13298
2751
38256
3263
21361
41069
26119
41894
5459
45442
5979
27985
31956
14197
19976
39656
12189
34021
13443
37906
19309
26168
40651
3296
38987
19727
23842
12234
34382
12579
4857
379
20431
31707
42234
35937
39137
14116
42250
22422
44466
24379
43175
47497
4333
24366
2690
26047
43758
40170
48571
14582
48294
29357
43116
17412
44398
19056
44554
24237
3394
7687
38996
42710
6078
34956
48189
20289
39077
1844
6497
28291
37951
47277
39080
44122
6397
45049
3423
34776
23242
16571
40597
18874
39325
48639
45452
19703
30635
39375
5090
38899
4063
15864
10867
42233
16195
2707
5619
33256
12511
2634
20281
2509
45666
29751
4224
38134
26312
3813
1918
6881
24255
19105
27563
27844
26418
31577
19788
17634
17494
9778
25210
22636
25956
15914
19371
42798
9379
37188
1102
4954
48985
44494
20424
2769
24970
47718
397
12667
25664
34386
7768
27058
39963
44173
47105
40849
38262
38713
42512
773
28333
41028
28344
8841
17183
20017
35128
41006
31484
25771
10328
44497
30317
49163
2443
32325
23268
47833
4193
12911
27731
27650
7110
14317
28509
31556
38215
24923
45074
47167
27560
47092
3107
38655
27415
9111
9412
1157
49628
33762
9339
10332
17157
15434
47702
19556
48651
1414
15044
41300
38668
44146
10879
9951
14174
10765
35740
23335
37074
43904
16237
1995
3097
45483
13652
14997
29407
44071
11020
11941
25274
44848
44407
11380
18150
6640
40557
5899
10562
41668
44837
5254
1878
41676
40261
8495
20249
16445
17539
36811
3038
47699
47793
907
46587
3526
6264
7762
18798
22548
37398
42081
46513
4471
33700
13935
30714
37219
45703
9152
5545
6803
2338
31285
29637
10095
11575
3056
34707
9094
15999
43398
36352
43984
24586
20926
23965
49892
41002
30313
17441
7516
24544
29953
10459
3863
28005
9359
20386
6539
45160
44749
21650
34064
43156
46413
19394
47672
44717
39752
26432
5553
5805
23229
4697
39818
37190
40241
10358
46335
20486
17572
5006
48577
24499
31668
19760
46059
40632
4254
5747
40448
31520
38928
44437
49474
23639
64
30686
47399
43304
5625
23463
33577
21285
9297
17985
1577
15324
19328
32882
24770
45326
41005
19183
48351
8378
21048
14427
49814
16569
41235
17055
1975
18169
49098
7759
25993
20883
46577
14624
8518
16699
47401
47938
36019
10142
28089
36691
34684
24926
27986
8550
1781
16387
31217
17966
6477
39484
15686
12063
26874
27589
270
45948
40815
43185
40433
21537
10000
20236
18023
8664
28935
42558
47158
38537
38950
47875
16005
49157
44951
24495
31989
9741
24048
10802
30299
18978
478
2366
33251
15183
45287
40370
38931
3670
31727
5050
42004
10320
17075
5009
31325
1922
49008
6774
39165
32388
19941
28717
39226
34612
9568
23146
38965
46642
4320
27958
32114
4375
23537
46033
20516
40325
2521
3155
36795
37287
9185
16273
18919
47281
33939
914
44112
7256
23127
36484
34916
10359
9109
18260
14770
48263
36971
10072
3903
16653
23941
24361
19621
43318
30087
30243
3177
19303
7602
8814
28088
47960
40954
46541
25347
39247
6366
24598
35005
49321
12333
6187
18306
11233
31448
30737
38638
30582
6928
12878
18775
12920
41499
40773
33076
29817
16163
17748
20752
20745
2812
17283
14715
13098
49938
2090
38360
42554
39288
37207
712
9259
18168
5606
20333
27094
35252
31696
7656
7058
12856
8873
21971
18345
29781
45387
4607
45293
43164
27970
45352
20269
5652
27730
29859
17020
30416
23826
40556
41667
40991
15219
39092
266
10817
10144
45737
16921
18736
4128
25681
1960
45443
22820
40543
47883
28879
41293
19723
30424
31697
29080
40028
26532
15261
13755
19736
42755
37056
22960
10990
41947
1176
47810
1688
39476
19877
34119
1731
28612
36926
5413
19734
12443
37083
44732
9787
21117
41518
2157
49187
22808
7587
45456
38048
36054
45888
6608
1968
43977
39557
4110
40197
3699
23804
35501
3945
26735
44933
33800
33552
20788
47313
21632
49669
42543
45488
14078
24192
7976
14821
36033
49486
13482
35785
25299
46191
40533
13974
46089
12668
23476
26076
40260
14850
22110
5592
2937
16229
16953
46606
35797
12761
45505
48999
15719
2776
34083
6659
892
29063
13827
27284
47376
46919
49434
24132
28921
49547
5174
16267
10398
26368
31213
19109
48395
5426
3889
47876
24684
36831
3842
22792
8706
24860
35790
16874
42333
31301
25618
20461
48624
21610
35827
14664
11712
32776
2410
548
18281
30943
39717
19858
49071
47869
492
15492
18733
49541
5537
41956
35663
28561
29624
24124
1400
23634
18211
5395
36820
29264
5376
27361
27665
31947
30284
13614
17049
24843
8360
32185
23137
45285
33978
33300
47607
11843
36219
8725
26570
33039
26863
733
31890
46206
21194
22333
42322
48637
4309
28421
39840
4767
37170
28751
42403
33919
7915
30335
17983
42539
10915
15409
38282
14205
43444
27903
22851
22265
26431
26574
13001
33352
31893
2249
40230
3144
26463
5474
24755
31376
31039
41159
21182
46214
7582
26914
8310
38664
26522
45572
7439
37729
16603
8477
17402
26253
34778
49791
7618
34824
22355
2467
13099
7896
37463
36071
46784
27217
10683
10379
21138
16580
3787
39817
10289
30713
18843
44633
36133
24815
2274
3185
36174
34359
13841
24474
48158
11964
22992
14894
47179
35066
24422
12185
4832
11071
19704
12001
24441
33063
9314
12494
10132
6154
48038
6189
31414
6142
834
30338
32511
28877
7845
3839
27817
32670
20851
22735
3982
24559
21542
2562
32464
14503
5707
15571
38837
9505
2133
29919
23514
48883
19201
2566
30296
19480
42116
22033
2584
3325
16614
25908
40199
18958
12464
34391
36837
40558
46697
21313
31631
40680
29639
10804
12089
29293
15894
37451
7735
33123
21911
26139
6316
16706
2425
15799
32673
45052
13113
12692
4933
102
33821
27422
5888
38888
6924
20415
6650
35438
15907
38323
9418
38680
15470
42699
21303
43683
26214
9376
13276
18208
7362
24073
43087
21294
13501
47119
37516
3637
1161
16872
20634
35562
13789
25461
23970
42055
40886
33078
21487
13625
3201
13448
26983
9738
44548
17086
599
40067
44518
15647
35145
24230
36121
26129
4574
22822
31105
24721
16478
13785
22775
42583
21121
47635
16638
35085
29285
32086
28296
44215
15282
39881
30581
48591
27512
31601
41201
37883
11994
36378
41805
45939
42882
38222
7178
42524
38730
21280
13139
12503
8425
31275
8193
36099
9222
4040
15755
43184
9106
35384
27618
17203
39627
48500
49757
24454
8585
11101
16621
23766
27210
36271
38556
10054
4492
21635
25185
45322
25219
46078
23107
21521
33644
19413
32252
19463
49548
32333
41557
2969
41220
78
5918
9429
37364
35206
42175
28954
36643
5379
13518
2770
18903
29384
6656
8030
24664
19324
42475
19500
18981
8243
8340
11094
47113
43141
23624
2604
48090
30560
30089
16189
42766
5985
42365
17728
33627
23592
46999
18311
10536
42827
23572
20205
10166
46991
4279
25044
12798
17295
47097
10931
40340
6565
36867
36741
44134
15218
37386
14012
16677
11481
48013
5264
34257
33369
27084
41472
3771
14081
4311
33527
549
45916
45746
41125
49004
49459
27775
18689
16784
16291
12467
34635
22811
14971
24847
15439
20633
14630
602
26342
43806
21102
11981
37257
12876
38244
4431
15290
26508
23914
40810
38336
39661
35
21082
45138
28075
23219
39869
14516
13679
19152
6674
1232
20914
14410
5538
11879
11143
13031
24232
225
7880
17016
27726
516
42017
25814
33609
3928
14324
15335
26627
41942
29997
10410
7949
9075
1564
32565
9985
43600
24554
39796
46635
41096
508
35947
30111
1313
34683
32127
30787
2864
15797
30408
45781
44585
41004
43125
27369
35004
10237
35721
36866
37199
19685
44273
18205
14504
21129
19739
39758
27526
16772
35308
30873
42665
2260
37404
47366
11866
27423
23840
16197
27823
40716
49438
7370
31165
35243
14912
25476
8395
38438
15966
31292
1792
38715
3629
46632
22397
23265
48206
44255
38876
22592
46323
22009
22125
15765
46121
48973
716
48445
39674
47425
41926
4200
12015
26204
6511
9451
49297
33244
41240
20586
20640
2117
1511
16241
38708
36624
5242
44606
19451
19173
19717
6233
8431
33018
43499
38522
32330
22713
49009
48676
32611
3770
22243
36797
37817
18984
15081
17763
40108
32054
6695
3569
2966
7228
34017
36630
23351
15858
33410
45141
7730
11506
10847
5001
40694
45346
31010
5088
25900
33103
9535
23069
22510
26298
640
45447
46800
10773
18670
4262
25867
21768
6671
43841
19349
15668
10690
12635
37306
44168
24909
17643
29353
31650
31602
11106
24504
43140
33187
46402
10047
25249
2179
41946
25672
84
14105
7985
16012
17251
13819
5057
10820
46317
30278
16600
18094
7493
11061
13867
25166
29041
1009
11919
2444
43768
43362
30584
32912
1409
11086
43900
23688
34
25648
13381
25539
43255
24410
5144
1207
25568
40298
15413
25266
43016
41480
44340
47378
9997
15101
19651
44363
1695
34553
47131
23390
31945
26686
10532
18174
44836
4401
36727
7367
48826
28956
8768
9864
3543
9305
45175
38803
32299
29924
4783
34166
31622
40719
36992
27840
9221
7413
21649
2365
13833
22063
25608
45156
16397
17567
6862
13745
3598
29233
3759
39589
35826
18802
24451
35347
48237
2280
249
32310
24297
8838
34209
35450
22750
37388
42650
6795
4688
18470
9559
43775
42760
15547
11819
3973
42603
9468
41213
8128
33046
42185
46502
46692
37975
46490
8988
48899
4217
40275
21998
34888
16688
48220
16462
9389
10451
28886
18628
13190
44088
7550
8282
23880
9675
40372
38176
32309
46532
45561
28479
31481
577
13263
35188
48740
23975
30719
32430
41233
35351
5319
17915
22399
16248
36097
16949
42048
20081
5510
5716
16014
21871
49700
31261
21045
25317
30348
26926
380
42752
24285
42363
38912
46665
26062
43705
13471
30603
45310
48455
24218
15699
21540
9329
934
28962
46657
5386
43664
40737
38602
16016
3563
24357
36813
3625
1816
32645
12974
12280
48087
26229
23287
28324
42792
35834
14208
35115
24336
3811
3763
23600
27541
89
22316
10225
34290
4936
34052
24477
3381
8232
18416
3797
38145
45210
43608
32166
3241
45764
18071
15369
46922
19265
6401
47650
18078
44588
40871
5531
19247
8067
46574
9302
49652
10822
23419
40487
44624
20674
43013
30266
21373
24848
34982
46021
31361
38002
41968
16796
10830
428
38650
40477
21759
41675
19956
25242
8552
6269
21166
18501
32772
19123
22238
42921
4539
41781
34503
49483
12737
31816
21108
24742
25404
43434
46950
18944
21144
38130
2510
42113
11557
29401
493
5148
1976
45998
32307
47298
415
28001
10143
45032
5284
35980
25806
45821
4257
42449
29007
9165
41858
2834
14896
10943
15000
39440
45329
48232
6542
4153
39297
22976
18917
19729
40236
26088
10632
7552
43258
26620
625
1269
48367
11122
39711
24669
9930
36144
5986
41218
31193
37571
46123
17658
28600
13521
39084
21345
8658
10494
41089
31781
34215
6786
22353
13868
40202
33416
44311
30524
46712
40431
25190
5128
18617
44453
27337
40411
43336
9699
15138
4888
22114
12625
25368
36814
31416
45846
9
46019
47369
38471
10573
8578
49340
22790
47586
17337
28110
28715
40774
5298
23549
45977
11634
48083
3850
47148
21433
39739
24193
43718
9167
49192
42553
27811
8198
43401
36290
41181
21250
24233
40549
41280
28981
18479
22772
12670
21987
42144
36111
13217
40228
25747
11437
22139
12369
8919
1742
17591
33889
17549
31878
36594
36368
49047
197
31509
20838
19116
30353
49952
40021
39676
37308
43732
45736
48217
13814
48468
1028
18502
28942
34469
14036
48878
27208
328
42624
35799
49903
47226
40501
34587
27454
3898
21760
17308
26657
32264
33654
42038
13382
6014
35572
26739
17831
45757
16311
33639
33558
45025
12060
47394
700
26922
25743
9722
7283
36068
25198
22303
32306
23368
31106
42062
16781
13410
9267
16492
31874
28631
44055
25518
29774
6724
28211
4714
20294
40845
5664
22097
27762
33933
24317
28474
32575
19404
20035
30941
28544
49508
43684
14822
43792
32786
35542
45799
1138
40821
11361
3055
41731
11165
47761
9708
48833
34699
21799
39055
13365
5616
28053
7212
34788
47579
7024
38382
9077
19498
5029
4434
1799
31483
44765
8581
10878
34299
10268
23249
44666
47067
29496
7956
46361
20604
12655
27789
20008
33128
18472
23925
46147
25270
4777
45741
29422
16703
17378
15368
47905
8276
43109
12505
37554
27579
6145
12510
43832
33958
48831
895
19147
34804
39673
48904
15529
16063
2771
29107
28406
10827
20109
48023
41383
33973
36775
27019
45573
11743
26415
30470
20804
34671
39637
3603
23872
47128
45143
48060
3331
22835
40630
48025
26394
22974
2051
6615
38508
22954
33651
10021
3443
32198
20506
4289
17241
12542
17218
26911
31810
19925
21728
19558
4126
18571
48311
24951
41265
16395
23388
23750
28826
48277
34796
6822
49101
36134
42323
20223
21567
24468
5574
24616
21881
30028
11418
21441
24605
3467
21524
30252
27765
39497
16513
25486
7284
13070
26659
43604
7741
6670
9609
33421
46595
42993
43754
933
45301
19401
20744
32986
10840
4123
43473
29270
35988
19186
22331
37523
44898
29846
15965
20892
25313
9281
21332
42631
17122
2350
22978
44758
9384
31249
22002
3371
20420
31573
27801
5990
9137
23790
32240
42943
2697
27390
5149
20225
11369
27671
38074
3022
7458
34649
12652
12884
24331
12810
46753
47681
12967
16458
13226
22896
7254
20600
27658
29465
32374
5127
21302
10148
44527
2735
44021
30336
12622
1084
19467
49583
26085
6149
31688
9306
37050
3490
42142
3064
45051
40793
11849
44738
43484
27452
19267
47036
18872
12565
48776
13430
5453
10073
12459
46197
41377
12222
22421
40226
37549
47342
27035
36609
882
38603
30210
3660
44931
40660
18464
19568
33720
40714
2126
29707
23684
34844
35023
49207
38319
35653
3180
47851
35042
41790
27319
12092
23341
34013
33282
37181
43064
6912
35227
41016
28319
29250
35459
29131
42386
37674
9834
13106
21615
44631
17156
14042
30968
19455
49908
32657
49680
12610
42419
33539
3606
18702
41413
5180
49710
40371
2522
33380
30486
17705
25148
23546
4212
36031
14613
6917
20793
11926
4969
15544
31588
18276
7101
29650
2830
15563
19078
37806
10670
6959
40233
10737
36989
5831
41784
14682
35300
23888
17233
6635
38746
4118
25052
49803
20202
33412
43045
34992
5
29582
26810
1578
27516
1182
40670
24177
41221
36665
37684
42442
41204
34663
11938
13983
3354
8701
42536
21554
43353
39720
49264
20547
12901
13200
32618
20477
691
35292
41024
18730
38962
5147
16658
11488
44547
3860
38867
34000
49168
45487
4959
11972
22727
11896
47289
2300
42463
9977
8145
14701
40359
13342
1821
22244
39022
2103
2375
29535
18351
49398
42852
34138
5530
31868
40612
45238
19182
43824
39708
11574
49922
46036
5995
21563
31405
16608
28608
49806
44660
21915
36417
20873
18418
26428
27590
39849
17473
13354
44094
44579
23582
37089
1291
8951
9085
43560
25580
20314
37750
27323
43241
2845
19893
35583
37448
23648
49640
17671
25763
37779
25928
9231
45356
31262
26012
11113
40785
1866
45953
27405
15694
49960
21950
13637
23212
8816
36873
11607
3935
28748
2105
39348
48592
45772
31625
48465
4238
31256
30040
15405
5490
48048
22721
16683
35966
13850
38457
36999
35199
13670
35962
24614
1230
26116
3581
45830
2805
4715
20797
4256
29413
21618
15332
18773
3446
24934
49561
29023
33970
44375
24853
4664
45667
39273
29549
19484
48766
39857
35817
32567
20180
39987
9970
33451
636
39683
8542
34086
13706
4038
16517
2428
49804
44583
21222
8519
10435
18867
18382
26045
36184
22748
37856
45522
3912
24473
4656
15177
16973
49756
4586
43485
31690
14526
26323
15407
10948
9113
23645
42044
32766
39912
34694
47213
27561
142
13674
32653
27494
36036
41725
41264
19243
33198
11066
18179
19946
43166
37284
37088
10278
44783
43668
22946
593
8287
23366
21979
8009
8734
23455
22620
15866
44188
31040
2006
3744
32123
26998
31576
23942
28578
6950
42313
32771
43764
26511
15890
33693
27969
19647
19708
11624
41685
44416
10327
3887
27216
2983
4388
24226
24418
24525
9674
10336
10557
45559
7745
27407
7508
15942
35606
9247
14217
24732
29771
30307
17385
2622
29454
42091
31098
37143
5136
41358
26847
47534
47207
21940
44772
37689
3576
37722
3295
22090
4862
13792
9648
30528
38698
1514
5221
44678
39754
47715
32697
3485
3392
44777
33054
34470
9860
30894
32462
32630
15877
14663
37338
31505
3590
37358
40891
29334
2455
7069
34567
42427
39307
830
17551
44446
27688
41674
34335
33522
17197
11715
32432
5806
30951
33574
8630
17078
22393
40022
14040
13647
46440
8907
26136
2403
26448
13118
15393
43320
15889
24480
4100
34043
11012
6135
27134
119
32266
4017
33655
46253
21357
7564
26371
32453
35508
44672
5745
33931
26952
514
66
16713
40529
38188
15330
22881
30701
19574
38594
13476
43189
39347
252
31965
4056
1213
39244
8534
300
20995
45429
14842
42610
37814
32373
27920
35868
7459
13184
8430
47835
1598
2495
8610
49579
31817
32844
1222
26286
35798
7092
336
36062
14102
32301
18722
582
21235
21652
42850
42406
46758
19707
10071
13888
2445
29648
31377
13480
29392
22812
39200
24666
42375
46226
11359
46076
20484
13732
15146
47223
23670
15231
33064
33907
56
21219
11611
8778
27063
28357
17267
49471
8347
6927
35540
8872
25768
44639
17994
1111
29810
27079
4707
1198
2952
43532
41548
18270
2933
8081
13267
45116
4495
32720
43333
47264
18325
11700
24939
35047
14669
14783
27189
9226
49737
43675
17352
48420
35458
689
27474
40122
6483
34227
18685
39737
14819
39246
36355
41323
8648
16000
23206
44938
41443
13285
20534
19878
5955
31344
205
20973
44950
45493
10592
33901
44891
30485
38054
9411
33549
16944
28403
36344
30499
6242
8574
49919
37119
32011
17938
10770
26592
26731
17568
44417
15341
30068
38070
1139
29418
42887
16275
6540
29349
32232
2191
466
39167
21380
11120
42573
41120
24353
29943
44953
11527
28979
18443
820
39985
1652
47002
46182
19505
20902
7982
36441
38918
7377
25358
5084
46102
1128
39634
14113
42945
41532
23783
16359
36228
1917
42170
36266
49794
40292
12838
7742
25905
42855
8845
10790
39270
26444
25407
25538
13442
32369
40151
40010
383
26462
31695
29031
11770
36452
15993
43335
3179
40829
23030
33963
20895
29207
48530
22067
26086
39142
770
38095
9855
7199
16766
29724
15456
40141
33360
27564
13735
5763
44515
32302
14743
23815
29471
30049
8450
16125
19897
39633
43463
4644
28678
17004
38161
11239
860
29411
30354
886
21342
33073
1999
26235
2047
39262
14939
38180
12163
7440
11392
14942
5640
45531
22549
13586
34710
35915
26575
27271
10355
30806
15692
47163
6777
20174
29940
33044
5875
857
28123
45836
8646
36960
30405
34461
49557
2852
46195
31513
41702
27724
38543
38289
9869
27184
27612
49372
6580
19398
20426
12125
6727
35195
11219
167
45519
17554
43067
20060
17638
37458
8140
1811
786
4564
39312
40427
46678
223
30829
11460
26300
39592
43395
38517
4768
22618
43937
44481
25366
29239
35451
46891
26550
39684
12492
47918
24052
14409
2740
22431
23116
70
30492
16565
39669
30977
45161
8535
36616
26474
25147
14060
11897
1980
39505
38126
6737
42702
10945
25951
13277
23036
3951
1293
48709
12359
23553
1873
9798
27028
3455
10848
18805
39705
5858
27990
44202
22160
33028
47333
40415
32938
2272
44142
36412
9539
45708
33677
48884
35875
6678
44823
36227
419
48281
16332
6999
14402
42842
17201
28915
2616
4463
48755
11070
18070
19886
29898
22708
10270
28311
13188
1017
29118
3456
29538
37009
18886
41763
49104
31139
49877
41111
47186
30789
19077
42645
42676
44087
31419
10231
46992
40127
21297
1913
33192
20404
11263
21816
27802
5967
40875
10688
21489
33997
21993
13210
9904
35815
4057
35102
7409
31100
32806
45514
49759
48130
15943
22296
45698
27500
15780
175
10725
38474
20468
38435
23816
37756
44677
45409
3557
1294
33216
8766
8864
39057
47514
43200
36224
20318
6618
42227
37449
30459
32062
29436
39477
683
22651
42490
3975
46139
36491
2526
19190
13321
42687
9721
4002
16427
4332
43441
40330
47317
35573
34098
43980
9020
21439
42728
11625
34639
25826
12032
6623
43967
3224
38501
35007
26960
13901
3445
35691
45816
31775
45309
5721
3000
10149
24217
22128
11458
47974
44355
8152
17892
9299
39023
22122
8817
687
30918
47314
13389
2783
5101
21931
21004
20879
31908
47925
15947
384
21409
12192
20392
40860
5936
49270
7514
15775
7524
37563
25836
29309
43497
49770
13352
11787
32056
28174
19933
49066
47094
45521
26576
42037
45060
27320
23336
12694
6546
48265
8124
41691
20581
11362
20421
1454
26531
29055
32365
2788
11559
44782
49111
48039
8402
40027
12839
32451
25686
2162
31748
6589
20076
24747
35031
13775
25395
1236
12861
5830
49655
43787
33020
41874
45145
14476
44850
9646
11584
14315
23123
11331
4875
22586
292
40917
46461
9886
37546
982
5594
3675
42790
26017
23418
3086
12919
18634
7376
868
19580
46562
37907
47462
42646
23878
7858
32794
22100
16004
45377
25361
16158
39197
22360
11820
7620
375
13495
35117
12084
41531
14029
11363
32817
29065
40159
26864
49246
24487
22059
48459
23386
47255
3028
49863
17973
39837
4593
18125
35823
5910
43487
19669
23064
8097
26796
34976
9832
6032
28235
3735
31934
16527
9994
41856
20961
35892
30426
8205
44139
47428
16662
7752
45877
26376
18108
1735
22366
46600
30071
32761
35262
3910
12482
7249
17659
24271
22120
15243
43211
23000
36694
46500
10273
46548
16740
25350
39924
13512
1900
43870
4151
12601
6334
41118
10711
27314
27453
16747
44240
24386
49121
36472
37871
46341
37537
30253
33950
44151
40700
39918
30021
38367
45773
13763
27636
49156
21309
11615
5059
46487
8727
35083
22729
18579
11882
15695
34586
47731
3840
20629
7278
12292
25176
19815
22159
24206
13640
5257
30009
23905
25152
46439
40649
12279
15284
24784
21017
23
35408
6792
29741
10771
24627
434
15574
49032
46
47197
3050
42034
22212
23995
43246
27742
13662
4955
30462
21012
48514
8083
10529
13998
37
25834
49763
36459
35509
22152
41324
6955
8760
41780
13564
28665
5833
7571
31793
11260
11791
22200
47085
1065
24482
7288
39392
33315
4801
16582
18838
28192
30456
34949
38986
6710
33179
16920
23152
13871
45413
28384
5781
28380
47045
45847
21022
32100
34047
20157
46330
14340
49024
27960
45543
14071
37480
9756
37296
37660
8874
18338
1074
25558
42711
40285
41268
2519
7098
40419
10311
30874
10546
26482
6012
30739
27327
48607
18940
14190
32851
20430
42132
10469
24581
18663
22922
21136
2491
11573
16072
44109
34387
44064
11944
1285
2221
2265
6506
4483
32941
40994
42415
35986
11844
16384
29587
18498
37205
33361
36728
35483
37567
12600
41340
46802
27815
40499
7798
38751
18857
17488
5044
39946
7339
39461
37220
3408
11870
20575
20832
30697
37663
30225
30033
6022
35038
27093
3416
37888
15830
35865
39525
17211
14389
21163
49370
44910
31208
25707
30946
5349
31061
3340
33072
14276
3473
10777
45315
10554
9545
36996
34744
44461
20522
12353
41419
24812
245
847
9879
40175
16902
441
3016
35467
9349
17962
4796
35525
31812
35759
28638
49632
2630
45214
8647
2210
25570
43331
18000
32090
9908
42995
11929
36463
27123
30094
8632
37858
19945
5598
29197
13434
29009
16088
46224
43238
35187
47409
26666
32706
1698
38589
25925
31445
7215
44988
33362
14754
48113
46935
34927
43284
16994
1364
26160
30647
47950
9196
46578
26763
40390
34809
39685
43827
47538
20400
13633
2193
22169
14047
14480
25541
35304
20278
34837
46148
25778
32279
47130
28887
31063
12388
14698
18850
6779
28442
23979
40243
46617
6825
44962
13492
25426
38575
35938
38454
16370
20384
24175
49820
48827
20889
6909
42078
28261
20981
40655
24387
20717
32079
24209
13161
25022
6947
39039
49234
7843
21490
48703
48245
6991
6225
20573
27100
31131
38858
11970
48644
1430
2581
18952
43690
48396
30760
48791
15255
10905
13535
40023
29663
38841
34737
12802
20505
12357
42157
25295
15141
20536
46711
3710
38250
4325
24842
28567
1689
15921
15171
37014
54
45283
18693
32026
39291
172
16498
39887
15929
5922
14232
21943
14608
24439
38779
36580
36889
11273
12723
1822
12711
15100
31655
17697
5730
5519
29630
16727
2116
26380
35294
43858
25508
26870
49363
45164
30122
19335
31623
17656
42229
49809
401
24220
49045
23078
40742
17186
2262
41719
36597
47407
49704
21465
11551
37179
46009
39810
44919
35943
13019
33606
8272
45194
23378
40870
32331
10586
45949
23756
30881
46160
45800
38092
38641
36113
1563
44287
42555
1443
43172
16183
45086
49418
25716
27996
36854
18086
49983
29182
24466
24765
38175
2803
24465
3594
11108
16350
26241
28786
40740
9765
12383
42873
39850
12875
31037
15930
24325
29967
6813
46409
42299
29902
36923
27567
7962
23501
5906
49413
15499
46698
35335
13409
815
46803
1086
12514
40395
43524
45819
19069
24398
16424
22440
22850
37927
44863
44321
1770
40757
28797
15794
19692
14716
43939
35870
45542
23726
32510
46685
18026
44132
1090
19935
46392
8143
9627
34524
47414
5562
14188
9799
13435
4601
27983
33553
32990
6294
5844
37470
39619
19256
5196
34460
14466
27763
22406
25894
7869
47083
36007
23290
26105
11368
17926
42350
11612
44911
2860
31740
27871
29879
12240
26072
3878
12755
40885
14977
15122
23876
24438
4583
20220
43393
6627
8013
38346
8484
48235
4358
11623
33736
10775
23310
12004
3444
18116
35358
10784
29875
19118
13598
7014
22025
11408
28269
38253
27404
42656
43898
40077
28264
37733
16691
26414
34965
12451
3271
25661
21919
18560
48211
5516
41382
20628
49916
14706
39895
7227
41773
22256
23978
41960
1994
47468
22412
47852
49608
57
17991
27467
48701
21983
739
11632
48686
26792
32737
36897
24397
27076
23527
24050
2465
43018
5849
42791
21842
5736
27149
11442
19088
5103
38921
21840
22487
19012
10187
3037
41625
34783
32318
33904
24754
35326
14
10489
6708
5170
25000
44420
8459
2899
22951
43475
18047
3462
18081
48998
12197
28214
1319
18533
1716
24114
25273
32793
46067
17074
5515
3689
40601
23692
35766
49107
21780
8313
45012
42957
18410
19307
24897
20208
40070
21404
16186
38053
21062
12527
18835
9585
1700
30601
43402
20821
41320
31089
25284
42935
9785
48052
5699
22155
34815
49726
25483
44709
4901
25989
45719
33199
22587
10077
33664
37462
4122
27441
6162
43656
21210
795
13943
32212
29874
243
48846
31993
19522
20566
17221
22022
16333
23096
18530
36273
45389
46073
49977
13193
4562
38081
44367
22267
1444
11812
14343
34093
24402
32812
10465
43338
20018
1851
34775
41951
5286
34324
36038
30577
21994
9705
19850
40521
148
12445
3974
14818
44773
8053
33217
40644
37866
2399
27173
1571
32675
27955
1490
49468
44934
42159
33645
38947
46535
11985
563
12943
21809
46469
33342
22053
28863
44755
8300
39812
41922
38012
12595
7400
28379
42644
8851
22233
24172
13778
10970
35670
2073
6492
32651
33880
13900
7638
44013
12816
47589
18929
48368
18852
27416
17036
33043
49519
48010
27537
41108
24434
2102
25517
43584
17162
2820
20708
8199
4528
29478
37637
14970
17630
26692
14774
3434
43844
5829
45743
35586
36786
20897
34963
13233
20802
5509
30455
39121
39776
22666
4119
42638
45533
24727
29917
20545
34793
19004
39917
10296
28076
46948
35362
4446
7045
34085
34560
39744
29716
41484
46654
6120
21416
48360
40887
24054
14580
43695
46322
17290
12067
42596
35516
36145
40166
40003
15696
10234
42854
39542
18759
38238
39190
4182
46615
1317
998
12716
29115
27587
38500
25712
21316
39043
31778
35466
30614
6270
31941
47037
41394
38395
32128
14269
30858
18442
20912
28637
25917
17564
15442
38616
35534
8320
25650
10454
48020
30083
32656
35283
41938
34564
20293
22420
28504
19042
1485
21750
8116
46729
41918
43773
21657
36487
2198
17066
38186
6432
1697
41066
30883
41699
31642
30658
35832
4117
41442
18441
4321
18996
38170
2382
22756
49904
49353
38200
48312
19930
20551
35186
33542
11370
13696
19143
5086
44695
30370
10345
20376
39515
7695
11095
2619
49295
22202
18682
5940
40434
37117
5941
41682
40192
47060
44307
40794
49238
36687
13461
32001
42914
15983
27246
22999
24411
42112
12870
2914
40200
12865
35743
12454
5897
16810
19565
21627
15380
47023
13511
43711
26730
24680
34960
49480
43770
35138
38859
23404
36792
43337
41565
32497
17941
22242
26948
9844
35129
47479
32203
17899
12354
4834
31287
6094
19136
13565
48746
5271
13856
35536
17101
38093
43055
34894
49743
10738
49783
3822
24024
34871
22957
5247
40725
18153
18191
35329
35149
25090
8606
14192
7363
438
9780
23029
2922
21488
39437
13820
34233
6743
41078
40950
42776
33849
42795
43460
36292
24905
4014
42833
39547
26339
7558
1986
17869
35570
2705
6069
21372
18734
17784
33607
3895
42509
32685
22846
8029
37445
9815
33554
21414
43991
9959
41608
21454
33120
16794
38800
22991
16285
18820
39363
36522
8569
32556
16252
45006
2132
30027
6445
48288
8788
4214
34818
23185
31999
1869
6709
44091
3565
21154
47145
32376
6675
21828
36136
31880
33985
17979
28341
13613
30240
23779
6632
35181
22977
13397
12879
7719
1755
48777
18893
38745
10081
12640
25907
22151
40707
7162
1754
147
11846
30678
35482
12517
17039
31643
21367
17541
35460
37862
15174
43800
3906
41416
42821
12939
25208
39029
19232
17414
18684
35849
8366
40066
14430
2960
43104
46501
28556
22340
2214
16860
14075
41022
49905
455
43912
39514
35448
29070
24593
43439
33582
16886
42542
46157
192
28256
23577
32077
669
1212
35086
25435
13181
1323
11181
43480
41451
33589
46161
19020
38163
12570
40627
13253
49735
359
7685
28307
40000
43110
16666
23322
36193
31054
41795
45312
24620
35783
19100
28787
33905
49715
26074
12680
49873
5146
787
8492
5283
34952
45354
14226
9132
14244
38549
23155
11118
26483
23070
486
14290
34253
48908
46797
47065
2706
39027
21929
21080
17398
18180
33773
36712
12461
30201
40581
10675
31215
4935
5938
11609
5040
46376
35930
20456
9518
9898
2880
11986
9278
4199
47278
32587
11343
41689
20917
23996
12250
26599
883
26164
24044
35268
28035
15488
21604
36799
26470
41892
17209
30022
33964
24264
48949
38006
49389
49924
6591
2027
42312
2633
6851
14433
20151
21640
1646
37685
48621
43426
38431
42243
26108
31714
24933
40300
22378
17427
45124
38621
26306
5096
30838
19561
47361
36738
19631
48089
40373
15320
13157
28460
11924
15158
1020
9963
8611
21595
16124
21501
25786
19249
48509
15343
39034
22693
23903
7151
25436
30621
47326
15955
20094
3206
28373
22530
39706
35664
32230
5713
18331
16107
41018
33280
48587
15384
40593
11502
43197
32280
40958
10078
37286
30948
24720
28825
26044
32051
15396
29601
46299
30381
15827
23231
41084
41834
39368
22211
5102
38915
29594
37833
37322
31741
44285
30759
37295
14799
6415
23702
43049
41913
19064
4460
9665
32058
48027
22562
25151
30900
35595
36032
44766
11720
37157
35511
44039
3589
38612
26317
43079
25869
15809
12116
9230
19504
22005
35045
23035
35859
30043
45875
42575
4548
38959
36595
21642
24993
16864
7225
838
15112
44985
34988
38814
33253
31192
48900
33337
38819
9448
33017
6738
16514
8336
15964
44514
19550
10232
1320
43025
37248
11888
48403
21520
8123
20465
27804
42401
23966
5199
40546
27979
34630
14321
27515
49492
12736
13626
27383
34656
32795
19110
19030
48724
46326
26166
10347
29721
37008
22049
26563
6285
4882
37468
7755
2861
49568
44793
31337
47871
46128
48642
16905
47634
15777
27764
4386
28450
26855
41657
3540
46464
13033
22581
21370
7286
35563
42865
23767
37114
30755
22474
21774
30870
12194
34915
21996
22995
9916
16205
35695
37216
10501
22855
31219
26409
49284
19851
42128
38003
15215
25348
42188
22317
28703
42877
15078
33837
12337
45434
33032
25696
42476
21594
5312
12239
30979
33520
8107
18117
29288
23710
32726
32133
13088
46264
9174
16659
19980
30039
13102
19803
16193
348
26079
16624
14766
5215
29545
3413
29256
45685
1523
10908
23058
13141
10698
49481
39774
38105
30277
39309
621
18149
48784
30833
1870
12770
9449
29374
31723
23025
2666
18760
28892
17759
555
2390
9939
46619
47841
917
30413
14524
28670
1586
14592
24551
35049
21360
4850
49094
30228
12415
37953
45655
25381
2438
32095
5925
49089
34305
19559
49692
18983
16177
44206
8933
12270
2020
24662
46738
34901
727
457
28558
540
10385
44234
40488
30561
47661
39607
32053
21832
22944
6118
23654
43092
34315
4476
35078
12368
48118
24864
49582
45368
25735
5429
10409
7588
37697
22430
19315
41937
27766
23881
39045
9572
9257
28609
46035
11237
15822
11540
22870
27125
26324
1113
8457
35621
1645
35301
45549
38117
1846
22029
45991
36666
40307
14070
11350
1045
18544
38206
49881
31012
13969
404
19929
26293
15591
11771
38096
49989
44159
4054
34493
17971
17952
6260
1885
30761
41332
34616
45308
5157
17079
25256
28672
31084
43726
46471
21175
29593
20836
13136
44822
32287
41718
12392
37307
41948
845
19874
31846
36947
38653
1653
35410
41318
47899
3724
11480
14941
8871
41217
29499
38219
1864
39233
18390
41041
29154
10579
2079
44873
18088
42922
24062
36680
32727
11447
42832
8011
32920
6098
27153
1468
16011
31368
47849
18953
37099
38565
1676
33689
7902
15201
1158
30574
46551
12008
14271
29460
8834
12554
40736
3454
26712
35551
673
32110
38758
47853
8865
6109
28445
26746
1842
19050
39682
11338
49357
33585
27597
31099
39890
8602
27334
21986
38197
37241
19383
40914
25569
18971
12934
36762
49383
22016
39968
44164
33461
1756
32431
15114
47734
1135
39282
34104
6486
37034
47728
27067
1764
23558
27269
60
14553
42416
1376
7987
35912
15002
30777
13573
2197
6894
37299
8855
9107
7263
40753
39166
16543
21317
35768
29156
43639
27151
35010
41155
39709
48687
37091
35366
874
41060
25238
34720
26601
138
1497
18487
42388
26169
23631
39439
36713
7194
43548
6442
39788
291
16192
9824
10604
2298
19846
9653
7016
6389
45997
17956
28272
47713
40618
5665
9853
2645
48249
19571
49812
6140
5008
48132
13030
44110
39181
7636
995
33373
9513
33433
23264
27174
21574
31708
27965
15273
5268
4250
67
32644
31883
26347
13047
42620
35323
3570
16937
19195
18156
18237
2575
40412
44608
7501
9926
7094
31951
44279
47674
23868
9177
32064
30579
7330
20768
37329
8991
4795
4204
34570
12290
38503
924
31679
28944
27469
2855
44630
47553
9078
26629
11043
38110
29036
9013
3732
14539
3988
36301
12268
35148
49884
32501
35556
1196
22466
22313
18648
28374
48117
6532
25703
18812
44941
1281
3809
37111
22292
11173
7375
23191
4345
13852
20250
22610
38317
41788
34467
3661
3784
46217
22217
4685
13327
30428
31888
46387
44295
40368
24683
25799
3307
14150
42568
30654
40132
31421
462
11087
25659
17418
13407
39544
36508
25065
43257
33411
44675
36176
5023
48558
7471
42237
37243
44357
32155
8605
20740
14877
6988
43445
25477
39781
43142
23753
23597
35043
42916
20284
41021
12286
1218
12387
23055
38925
19414
48994
26758
13048
18182
17758
30996
3861
38290
47916
23561
14910
33284
30638
27150
43975
33879
13976
43688
49549
38258
28325
44475
30135
24016
42414
10564
1179
47502
33143
11248
33364
10810
7152
26777
48086
15768
12455
45607
46540
13748
49273
13932
21284
46816
2155
4865
5323
35674
14847
4669
12965
1456
22459
17200
35964
26750
37390
29269
29144
24840
16911
27340
31615
43372
23974
43144
17582
3654
32324
8584
46601
2614
16214
29524
42615
14322
45892
38591
8422
19260
32770
44702
19255
48782
15073
28328
43106
36259
4626
38747
39317
48677
4584
31869
13280
43713
43158
7095
12339
26703
5246
22856
4159
42970
12623
19036
48428
49798
18195
33180
47714
27798
2418
39730
20937
24663
6752
3755
16266
2530
25831
14857
42042
14398
15807
15390
39218
20834
35968
22245
44539
34749
24579
24409
19849
48664
10813
20235
35346
24668
19553
20593
34046
18147
8411
19531
6007
39475
1300
7675
39274
878
17269
4577
18247
27196
34974
27095
16162
36335
3980
7470
34962
32191
44635
17142
23944
13028
3315
21081
45333
35322
7163
18129
35878
33819
12979
39149
10661
20853
33836
6041
3792
28798
19211
46236
26912
5390
41014
15322
38980
39240
3804
8674
14775
24833
40709
40919
42281
45187
42134
44780
34803
7861
578
44770
1705
40239
21782
17865
10433
19790
10956
11719
15120
12308
6628
13758
12340
20941
32987
39225
49577
18049
8219
27331
9237
3461
32581
24900
29362
35725
14025
26097
10974
9145
5432
32686
20279
42768
21458
11995
26281
27875
36146
48146
25339
45614
31569
4277
1211
19745
5240
39901
24518
18543
45763
43431
13499
28938
6175
3956
4885
25099
36734
47438
17168
30632
1539
12499
28953
7271
5890
12363
7453
21922
33864
41077
24832
9919
47958
43533
6226
29850
39876
10984
41694
11867
3401
8358
10588
49529
40104
5779
45926
32416
15224
43565
42765
36689
11718
31838
31926
34613
16301
19188
39908
8389
13860
7800
30912
38889
21503
33191
38948
41597
37487
5914
18121
33149
20003
5780
41391
47235
35802
680
16919
19502
12298
38945
42235
43797
38798
42286
19226
10392
10108
29143
30321
3924
32108
32563
32389
32486
42067
46423
24831
3125
6458
20385
39002
34825
29819
7279
5097
40857
25463
12418
36913
3812
27728
9932
28100
6246
32695
3305
38316
10305
39549
22041
11388
1707
20711
34151
26989
13982
30704
41581
14919
33087
19711
9972
27680
26756
47482
29502
45437
11899
18548
6810
3504
45904
39663
1335
44616
6457
40639
28760
49390
25466
1438
49425
43436
45264
8088
43209
18034
43491
5920
1659
48016
7076
30283
23589
11784
8956
3280
43724
41669
6108
41820
31980
15262
14675
29447
7643
44856
12925
36339
42164
17480
15480
48716
48735
44297
31194
29480
12035
1331
12627
42068
42481
6345
26491
28812
25345
1021
38299
42883
22941
49619
15815
36108
42059
35084
24464
26611
38595
12272
22457
18557
46026
35855
40329
14323
26354
10613
17117
49626
40206
2664
11041
17393
35568
49494
26512
37768
34868
10678
3301
49774
6626
36949
19769
9232
10645
40273
2715
43550
37336
5759
14527
4606
42868
12195
32878
25283
20201
3448
4101
14498
40656
16503
7007
23403
30346
20649
47716
35576
13265
6428
26980
31402
15635
15299
11553
14933
41349
13796
12142
27740
40652
39139
30302
19441
4030
3803
24673
26844
47554
32343
16690
24011
34997
26715
42158
3372
21229
40688
9197
44656
46514
5450
11396
11088
25728
4828
16322
2223
26155
14555
25711
36442
11703
38083
37126
13313
23747
19465
44397
39458
1402
47908
33303
34377
40686
25850
31703
19731
44723
26829
19650
30167
21277
36685
49797
32019
7477
31963
24789
1599
19706
38716
47690
42187
27360
28050
11645
41149
5302
34244
33710
30393
30496
12030
14952
18912
34318
30011
29747
30308
12968
11794
9491
32871
7806
12959
11750
21752
32845
35559
14827
23082
42686
8391
21985
20138
4910
19873
6983
31981
19844
30482
43168
30517
13045
47010
27158
3939
37476
31169
46328
2553
38449
35295
37935
24546
24526
48772
3644
21749
39874
36707
12504
28854
47781
30735
23079
16838
33787
8732
6051
46884
32327
4594
34774
40126
34301
37488
33006
31958
42517
25727
21527
26385
11711
37228
37963
27699
13294
18269
31493
39658
48413
2285
26000
36984
8261
18504
39919
6150
12762
30038
8990
19022
11355
36278
1674
41124
29061
1238
11504
31237
1775
12148
7677
39734
44224
28346
15573
22928
47988
10128
17342
5324
19053
29762
29600
3117
38273
14786
7539
9370
2903
32467
26679
48056
26982
40281
22299
28984
48955
40734
3729
34558
36499
22564
34544
25840
12014
14079
15022
38493
12226
1597
48753
10245
28449
29168
16656
11119
18350
5854
6702
5957
21137
18625
19697
41090
42925
13121
22760
48092
34479
4094
36398
10527
30263
44195
161
26455
43155
3538
7172
7534
48461
36315
145
30280
24828
11810
37649
9667
25505
49602
22962
36637
30687
13912
16950
30124
32548
29667
2993
33101
43990
31492
42673
29715
27838
8705
30053
35143
28329
23354
42579
45020
20302
37618
39907
2426
29213
45833
9166
1739
39790
43698
11014
45775
49129
14586
37109
25740
10407
5740
5047
10603
18739
23284
29665
9093
29360
49738
6633
44894
15835
10807
21259
8577
46640
4861
49522
495
25632
26803
3854
22759
48201
28883
14395
49394
28852
28536
14767
5366
46116
36451
13851
39285
16037
19002
4809
30376
44012
26456
18202
23228
46288
8521
27626
45756
15589
39954
23089
14152
3141
1188
48409
22058
43955
9158
20482
17497
29364
23712
25103
23244
2061
20065
9497
15220
25318
27744
11910
46789
45857
35275
13441
556
49913
39746
32604
29931
17179
45133
18870
25479
1876
40310
22655
40856
22207
49683
346
41598
24055
6059
4425
29584
47138
20694
14364
6240
12149
27347
44237
47917
19017
35363
5249
33417
48733
4563
18240
49479
29032
15277
10838
9638
17687
10987
37408
35494
29280
11337
47341
8500
36466
27539
37464
37601
33872
17505
30078
39764
36332
49219
24713
28625
16715
41564
23573
7518
6047
44125
22248
36180
8616
20648
2698
25974
34820
34472
16763
19246
33115
25217
48934
9289
25360
46492
33049
15995
41241
42698
33140
19028
8278
3970
3962
33485
36927
19610
41576
39853
35306
37412
41853
44218
49126
31662
41254
1449
49988
44024
28103
40296
16787
34509
32819
41007
9605
33847
47931
38160
35700
45038
13240
38533
11955
19828
2328
37510
43997
25378
13286
27296
23023
31304
44832
7392
24660
38483
19086
417
1628
39535
8543
13303
1311
1260
24963
24202
44535
1503
45906
45292
29096
19609
40444
27842
44081
4443
28471
6349
23524
37159
41985
7996
41602
6340
21938
17689
17192
19991
27869
46313
35201
286
12734
36143
1186
27372
35706
29111
11008
35599
9924
17073
38848
37550
41311
29557
39728
34395
17650
28557
19292
24851
26524
36075
46437
19318
41574
25615
46101
14497
15007
31731
19269
28266
38408
45620
26118
16084
41359
37208
49613
14837
41407
45701
10495
41202
41107
17096
5405
48786
38010
17276
24351
43081
14972
27808
37555
45056
21807
26984
7463
7590
34569
48816
39199
18956
38717
10815
28611
37151
29000
10875
32503
3500
6286
33435
42718
29001
13885
46704
37110
31639
24946
7072
35312
29811
27488
49326
18540
1004
35720
12317
40441
5190
12782
37107
35028
31399
11571
47240
49654
1916
45550
23907
5800
18866
43076
16110
19896
24375
5378
40358
7232
38934
3249
43660
5756
33817
16317
12944
33643
31475
49998
32973
40451
1000
14072
47
47515
30682
47287
20383
25212
42136
32780
46007
2866
4981
43747
14945
43573
44342
20700
29681
45420
42328
5679
34534
22566
25969
22099
11826
13013
5626
4152
48737
45231
14914
11933
9336
36268
47411
46571
41553
47091
22216
35247
4041
25815
34676
44216
26663
35001
10788
35479
32414
11630
46119
28257
7998
23141
38635
40755
11168
35244
30722
5772
40011
43566
13667
6054
21870
49698
45471
15850
41098
49621
25191
7631
40153
23983
879
15595
1726
46591
19340
25800
36944
8091
4259
14725
25050
9782
39488
28730
8906
15292
21961
14780
20253
27866
26185
38840
32395
7307
27322
10930
12282
10637
37837
35234
32943
11946
4286
23453
28037
19301
15615
13986
11773
1992
42897
49807
37290
40314
44152
34867
13902
40570
32130
10803
28757
15879
45946
9749
22268
1600
40682
37548
13432
27496
48874
11223
34117
45851
33398
24702
21748
49684
9495
26316
39118
27152
47252
27194
5773
34394
42279
13740
49122
15652
15426
46251
7683
8762
12360
49670
19337
45945
15366
30615
23875
12891
9965
13571
29661
37938
10910
16704
3018
27689
9076
40065
41432
47787
16491
4573
7876
2345
45266
28689
3279
32012
1572
1451
623
7251
25636
11759
4344
6870
24042
6088
10087
4899
36936
31583
39698
3891
3833
22402
28541
357
49283
32304
12203
20156
2203
25933
2649
37423
3697
20855
47524
40957
19923
43226
19148
39554
33351
26308
20462
13072
36020
18102
14772
5641
25
18089
15139
44834
32810
35379
27267
27448
28779
43161
34828
39550
36119
39069
28138
29221
46907
37417
11890
21755
14336
33938
14764
11235
32517
12548
45061
15205
46286
32831
10649
27914
39044
6186
19511
4659
13754
427
17369
47173
5004
49593
26978
33482
17624
2867
758
34619
18482
40009
34329
36327
27367
43506
20504
19175
13595
24074
42161
13947
38993
42391
47583
2870
30056
28119
35610
28808
48888
9786
39965
12297
32231
31773
39697
20217
29098
32884
13836
37775
12049
23962
28533
31747
13392
16897
39516
49507
1406
30270
20371
40229
37032
1526
17850
41210
35393
16506
1594
32555
33094
22838
24724
34718
25756
324
37741
23262
40043
26476
8934
45985
38350
40425
16541
2087
36791
40162
36245
26071
36389
1737
28666
32708
19179
1951
49695
25059
1334
4902
25252
44522
20043
1896
16470
42337
18650
46284
13880
18280
49906
22945
14982
2577
28523
1807
30487
22517
49511
37097
19789
48689
9788
9194
46411
36460
31875
36721
25512
24440
13629
26537
18234
8080
28641
36391
44968
37384
35495
576
18823
38411
24733
28643
15144
32135
48726
6112
38264
27741
6034
26872
48011
9747
27024
39074
28966
46254
40514
3539
49945
9288
44135
7707
7237
25250
19282
37481
28124
32363
7093
12851
4878
6831
13333
33885
23362
23707
41196
48886
41177
38795
24194
32113
9680
10418
36816
3039
35728
6297
14373
32476
19817
18197
47954
31501
25849
31212
7170
10883
16858
11146
5478
14233
3079
29035
5823
15937
25161
46735
35462
21391
2746
45340
44035
29750
20357
46858
47675
28160
22582
11836
4213
5902
21254
22295
33843
16010
28747
24458
19103
19293
36623
32111
45126
46900
29153
19975
21411
12187
7792
18104
28696
3425
46307
47756
17313
33966
26718
228
19904
22062
29553
4637
35133
14666
37939
14487
47146
39271
26726
33707
7306
24225
4581
22013
17404
17768
29699
46696
23528
47789
22687
38293
25383
1763
16271
30810
17764
14212
5930
30120
29500
45856
694
14913
18922
2784
37860
35683
25520
34506
4185
43814
18370
41860
21701
12556
6330
13197
34167
17528
40592
13173
7431
6654
34191
34677
21006
35419
38722
47126
34303
1619
3718
41758
38874
40965
49802
5369
29559
13568
42853
46278
15715
34667
13558
40646
28399
27198
35760
31110
37252
28784
33957
33501
19972
4500
2542
19409
46178
25301
44114
16758
42616
48991
39253
40311
36610
49719
11227
28480
22741
31214
34133
2267
34425
40181
42770
47995
41873
20148
14436
42904
49091
41818
37367
7913
18255
38204
33297
7825
34919
49528
110
19354
26446
34768
24165
35925
668
31911
27225
17927
11153
5065
47193
6237
42385
20667
22464
30133
22560
8554
42100
16033
14700
34914
31593
9487
20443
19419
28169
18368
35391
37153
32677
12085
35649
32678
3310
24149
36877
661
26346
48004
9193
27497
26897
27769
48176
15061
25561
12541
48814
6953
22574
29503
2084
17
1981
43643
14056
22045
81
18731
49261
867
2911
22843
48088
32297
5255
19389
17443
1593
16722
7955
9341
39778
7132
27807
15954
44430
9975
16935
40668
3835
45454
38401
17460
16744
33117
33029
76
43370
49110
3478
46912
16661
30782
5273
22228
13127
17859
18969
20379
33877
7577
26641
31984
24485
8503
876
45045
37007
10002
26502
38495
22307
42102
39203
21192
47780
39945
20191
19519
7763
24150
48369
47874
39934
6782
41746
35715
604
41135
334
16242
28242
33647
20029
14614
32214
40894
46383
3188
12914
1192
44805
17289
49681
18075
7774
41921
15523
17370
13328
46519
15525
4293
31983
36932
22874
19245
3998
17992
27721
45295
42964
16508
21737
3497
14347
4667
30177
22014
22074
4894
23452
46821
24714
5021
18591
39286
28742
42862
49399
25443
23641
28286
44570
15747
6908
40790
1242
40401
40572
28692
10066
9433
38470
13577
153
962
34154
39245
21327
40124
6375
13520
12276
4525
3927
40313
26812
39660
41509
43513
35443
16511
4197
518
358
24954
10668
19901
23778
27252
40297
5628
4211
40193
38930
25025
29985
34652
4268
12411
35067
27182
1385
49525
39456
39953
22555
6599
12948
1492
21279
34842
12237
34024
6124
36435
34443
33255
37809
41361
36212
15640
49606
48321
30588
27747
22524
35486
23329
18690
38324
44263
15944
37931
5306
7027
35636
26778
33489
14677
47692
41738
39955
4335
16761
45897
3378
605
22990
45509
8452
46381
49057
12260
12493
44708
24887
30125
37209
20644
8811
20129
19164
25041
19018
3238
12389
19526
41131
23130
5309
45206
31542
23824
20734
4342
33272
6113
9805
38055
42320
23442
12578
25236
18036
6819
28758
18178
23679
47422
38309
16025
29467
8318
9960
41093
18782
25929
2759
25330
37282
10467
35324
44921
9032
28906
35153
5644
17661
41126
47501
34545
39350
34904
7494
11253
32245
29550
44415
7688
43831
34889
7422
17365
40394
27930
33884
25196
35396
49231
13580
45274
28032
9979
38532
41720
9987
45806
6028
139
15045
36530
35510
2750
39646
47770
29948
45254
3957
49405
24023
44004
32105
30606
6438
46645
16190
28464
28041
36847
16431
3853
11909
47584
24453
46459
10729
31570
46216
39845
4109
203
41829
37436
732
45371
19478
6132
9909
35132
7154
17804
42928
47205
37441
5082
45031
20372
38419
1039
13292
44540
3562
13700
2654
45513
25319
41628
22143
40344
14157
20311
7315
44410
34481
24996
27089
19013
14013
20764
37623
24528
29560
43569
1288
28251
1847
32367
28362
38137
23809
1341
8829
46424
15085
2925
1256
12481
29672
48859
27031
25138
9017
5222
276
41832
42129
33134
17928
39228
36997
25269
12078
11598
4491
37691
12051
35299
49478
42671
3605
22540
13795
12500
7705
3769
39799
44171
2204
21608
42984
27220
26754
30562
17552
34011
19598
47665
14569
1736
26632
4923
24515
20366
40387
26208
48719
37754
13594
22274
20861
30403
27942
43346
48597
27498
42140
31849
24215
47832
45047
37644
44193
46981
2657
34298
43341
1658
31900
33757
39937
46272
1576
25423
30407
421
22186
39568
16635
11
39930
15939
47048
30736
17858
11497
26593
4779
25889
17249
4059
22769
26639
6729
31929
5608
34185
17711
13459
47695
43424
37540
14418
12275
44528
24312
21599
8937
930
12885
29030
40334
2019
33523
8283
22261
29485
23675
9573
20574
30206
4004
1251
48342
39243
40726
7475
28360
41497
33900
638
26026
44269
19326
22055
24025
25214
23217
6141
35369
43099
25843
1890
46746
25128
27585
1240
41905
38788
9471
22441
14644
26596
23041
35240
38581
7945
30700
45169
9845
35810
5344
2286
17694
8641
21614
18729
42886
21770
28500
45053
27576
44025
22551
14758
26581
35249
2376
22102
31901
45270
28226
21694
26261
6335
19848
31966
26220
44908
6572
47597
16807
40086
18517
6949
15803
32151
20338
15883
17472
16507
853
21584
49817
9673
48093
49646
4654
37719
48375
23853
17433
15798
13469
24861
47801
46498
9122
33023
28484
29324
19024
29104
47220
14286
25752
23910
8652
2456
37926
36981
27809
5863
34729
43171
6063
3450
10837
20783
17856
13221
27265
35819
47473
49191
27912
21178
16663
43733
46861
33661
8683
5002
10614
16999
22770
47221
18559
40268
30501
17797
33616
27799
24162
12152
16008
45263
33194
25625
19242
23945
12607
11321
36131
49100
41033
4660
15754
26667
17165
24350
16451
46462
31536
34362
13950
18652
27401
35302
17226
24301
5341
17392
44198
6592
18287
48270
23016
30310
35167
4402
20806
13722
5850
39067
37015
443
8230
3160
46405
811
16748
6723
21612
49686
29488
30267
23515
21366
1718
7276
32282
34234
141
28817
299
24223
48836
23456
3531
32080
44980
44036
7760
17106
27099
28603
3349
35782
22827
36305
34194
9205
42769
11804
37704
48837
1957
38528
17557
23360
43149
41422
39321
6672
6923
43780
30969
178
40134
11104
47006
30522
11697
14397
25589
14162
42127
49853
9819
11324
49556
4610
38608
49598
29942
22052
13404
39976
27120
35640
10124
47284
27931
26219
10377
33840
45597
28144
42256
36561
43384
12362
23671
14869
827
46694
32988
44049
14600
9062
27466
30945
6348
4121
36548
5108
47831
41722
31143
22000
13029
49000
41463
11304
22479
5184
39998
35162
4819
16018
6281
3158
20623
31332
46659
27215
11144
2898
14627
29916
33036
37001
44393
22854
9988
25453
42519
2292
33537
43093
28233
38649
22184
42750
4426
10514
17403
17868
38023
28830
46306
43292
43085
10281
9636
46450
5058
4545
24953
3788
38445
8330
24699
38364
36612
38509
35637
4841
29313
31352
47941
37867
9672
44614
15477
42242
46020
23469
23959
2965
49585
29778
9678
6228
2876
28040
4340
7796
21600
1078
40146
41189
29908
37000
5295
15848
34806
30784
18145
21057
23339
26604
26023
46207
40316
6837
17673
41543
25886
23115
19627
8202
41914
34908
39913
36954
47356
2779
3333
40274
49599
29968
10941
3978
43907
11004
15722
12603
49642
34852
46408
36653
48585
4482
12529
37608
33210
20040
38574
11158
35941
26295
28712
11673
32613
46366
48579
38849
46812
28960
23635
17602
21290
38357
38119
41446
48238
1301
23911
36270
11966
23179
4780
33912
923
33547
28904
63
22290
24941
48353
30646
14360
23730
46260
31757
46886
15213
8086
47956
32734
47406
24978
33751
17190
7358
35704
13261
28366
44226
16243
21514
32278
19887
30871
1080
41054
43131
25573
17770
26233
24532
29039
4836
21571
34640
31322
9315
9101
10012
5293
21591
25875
10719
30018
31124
4015
29058
12231
15693
33714
7444
18199
20642
30609
12954
37983
18005
3139
43027
10189
3587
37292
26572
17070
7004
44828
45887
36537
39033
16529
4668
9481
38210
35487
7556
33203
49822
46053
39577
1233
24437
43122
31281
18254
13319
48376
3690
19796
44278
17181
45498
2293
36153
40337
28999
1037
29196
10158
18239
44853
10035
16834
26784
6802
37632
14020
28679
32870
29808
37026
536
33111
45099
31083
45129
39326
21228
31113
8412
19229
8689
19033
49046
28629
23666
23379
6658
12700
21820
40747
41952
44480
22405
27655
28985
8147
36053
11511
13928
35057
31486
16516
33233
21231
12588
4898
639
11536
2500
30711
45624
39047
7805
15435
26785
48110
44395
49134
15057
26274
31186
14615
17511
15265
29511
2335
37638
1255
34930
19142
13729
19266
29290
42570
20317
24013
14647
38107
10456
4811
46096
12507
18016
33278
20441
36815
30962
36536
43044
32357
20480
16174
45915
14303
16422
3088
16282
24876
40154
49242
7166
10186
45988
37702
12034
9386
31960
6383
4794
13803
356
14605
37266
34439
5865
32732
8598
45034
11766
26397
13475
13710
12687
17679
22254
48569
37553
31029
46854
16165
45739
43930
37619
3171
28693
20749
2961
4765
46717
21854
45669
21992
928
46310
17423
47435
37714
12801
37127
13892
39991
46547
34317
26885
5654
48236
1920
24854
30983
16852
38077
23789
35263
9544
48588
21761
27552
17652
36855
31860
33709
19791
43752
26607
11358
33475
30465
4740
8345
42381
9119
41252
2234
46588
33241
35696
20720
44556
21522
40977
35753
30666
27987
29677
14299
8997
14704
21421
47859
30625
18623
36483
16816
11706
45328
9802
4642
11390
14646
16349
23154
13604
30543
21020
7856
20291
39211
26996
49150
35894
21513
29802
38983
17590
7334
24701
35163
33920
24867
48402
24690
40437
40620
25244
36080
36107
36920
48981
47720
33772
40304
13468
30439
8144
2684
44210
10781
11114
20414
1506
28982
7282
37795
46456
33806
6161
3955
13538
13000
47214
13866
28775
34978
35656
35566
10157
44194
15065
13488
34140
8882
42777
18855
46533
29965
31948
11578
399
20320
36063
39727
40052
19693
15501
42025
26157
12848
46186
45577
21721
47245
23870
24244
1817
45869
48754
19496
366
14899
13948
9130
23195
23134
841
46482
8050
11543
34563
7134
2543
21886
7846
31000
42725
19994
1396
38461
20606
41941
37597
5578
41644
6842
8487
24687
5770
34594
28099
13847
48246
20577
947
40189
24154
3865
26721
1901
12886
43504
26859
13360
39795
45690
20984
7615
3360
48614
13766
32489
24608
38292
7233
30356
22046
36440
39468
28768
41683
28073
37466
33440
33264
10339
16235
13576
24906
15039
6444
11461
40475
47168
23216
19990
48958
45755
8299
17786
9088
28002
33898
24527
20992
49400
44485
33037
25344
41295
24753
45419
32152
42582
325
31887
26262
25155
21140
25535
32112
5217
21
6048
6025
3247
35889
4786
25652
11891
39911
25376
37038
8475
