45845
43880
41303
14335
12631
20588
23564
37701
48790
33660
47210
40838
37427
47868
44741
14858
8327
37353
41751
36532
25285
47991
32291
41148
29713
2564
42364
20407
33991
23497
3986
38975
27045
4241
36456
29199
1052
3246
17189
29253
32351
25598
24779
19695
34050
7000
31641
38429
13415
15268
47153
36365
30384
37264
10991
45723
2281
34581
33734
48896
30472
6829
40797
30571
49128
7569
22880
24510
18828
7159
26471
31058
15196
24656
29772
27905
16244
7756
6158
22251
49815
8905
36961
48574
39996
29226
34462
27863
25154
2695
10928
23657
45258
40082
322
6520
42087
32014
26559
5585
13572
29844
30781
10239
29489
3646
41092
11473
4569
26841
18257
20487
42302
374
17275
33721
17515
890
18321
42507
46357
22979
21781
46977
4681
41307
29752
10949
15168
4384
17699
18492
46718
18027
22007
49555
1521
28062
20856
4294
37628
44954
14808
14578
7645
27264
9104
27122
32457
1160
43192
15590
48700
14548
48002
38561
33842
47346
2311
32143
23820
20950
6556
12545
10936
14475
3414
33699
33695
26907
43472
17452
36656
21090
39564
3604
12430
34165
49021
12702
30705
23841
20009
29444
34786
12820
21562
12230
16344
27365
11616
31939
18587
382
32731
7090
45075
22544
40846
49315
36556
35253
32917
14048
1818
21754
8693
46741
42955
46172
44788
46138
23999
43729
19867
42072
4459
1549
33754
26303
25976
22503
18337
27849
19346
960
35718
41736
49696
29706
11351
26186
5046
47819
17993
26621
1159
29066
28592
7566
40293
6757
37380
25346
35092
19966
39655
26886
1280
6191
44176
45087
19857
26987
44700
966
5179
35916
30863
15359
23028
22518
957
9181
37822
2825
49600
43837
2762
13400
18250
42294
5333
49819
45740
11699
22072
901
43570
46410
24743
1545
33359
23644
11841
49454
46202
16866
25474
49310
49452
14620
1201
29380
2997
5603
20955
3681
40806
13698
8136
28828
16618
18992
27836
1036
23682
6449
12789
23621
15758
18720
21064
13541
10865
28734
12216
22583
21541
31216
15064
43207
33516
28646
30306
46828
33517
32546
18586
15034
23143
46772
29576
12273
41927
11601
5464
3137
23327
24801
22423
47979
649
28756
17174
134
38218
6002
2674
34643
22252
3607
25511
17923
29322
4497
45797
43073
25085
22385
47750
5105
17696
1369
33965
6440
48051
49056
11610
22718
42435
4844
47645
42255
48634
15115
4618
28804
32728
11003
9383
12977
14215
46180
3494
37010
43374
5035
15225
32036
38845
26690
21805
11190
35082
49767
40547
35813
1843
3482
43015
24928
45411
14661
20959
7086
491
48867
33869
22417
39242
42771
37962
6527
17546
7848
29281
36168
25720
46767
23343
36030
40172
14690
33536
19111
47202
42891
9595
38362
20025
19793
11476
14074
3404
17556
15671
8603
36035
21312
37709
14125
23856
45950
14477
44995
48555
40645
25721
35179
43585
17936
6939
40144
38901
23417
42369
49022
26999
9385
31795
3905
39054
19257
39536
44144
45339
4998
48917
47706
39504
29457
1950
13212
20850
49460
32213
35012
32578
42809
24520
45954
19185
9537
39595
5583
8916
49543
15167
29393
12978
33832
17346
33375
41133
10366
18201
24534
36280
10350
2240
3728
6544
26648
47371
12717
34917
38246
13419
24889
12261
17597
26151
35984
23615
353
36431
14400
20130
31928
3374
44010
33632
19367
32976
8306
48549
16185
39995
38254
29307
39801
34143
37378
41169
31353
14996
5978
11918
8962
40474
26223
46749
7265
9793
9891
46623
27250
47236
37426
14889
27502
39268
20172
9080
7160
31619
11566
34130
41261
25393
19360
29092
30362
48525
26790
46003
15626
49407
29552
48944
9709
3278
48252
9865
29234
2130
35150
908
12465
8790
11432
22349
33508
35543
36755
5338
30925
13068
26887
47603
15605
41029
44864
36559
8166
11657
29126
19331
44230
24428
26457
6848
1417
24032
28772
18040
14588
707
1027
35013
27525
17946
37320
17489
2243
23153
38982
2343
10474
22288
41966
37898
38832
3959
46227
19742
21800
10903
34419
44653
39530
20165
4831
8698
9161
12674
46755
18659
45207
31915
3914
3412
1358
27492
11441
34288
22833
7511
487
6218
46404
37824
3267
13838
24071
10676
8716
23104
48843
11949
34125
17366
32121
48542
28203
26046
8708
5709
19552
34623
29798
7064
47000
2891
6359
10482
47299
44225
9862
18907
5394
9836
8650
21658
99
17761
430
44883
44448
128
11954
34494
385
2471
17482
3631
48207
37262
38281
46676
12456
30245
44899
16822
20822
28343
43614
39519
1383
14619
49760
39675
14637
20206
21890
9664
4991
24623
21218
37669
43878
48810
49604
21462
21071
4330
2555
35428
4940
42101
32392
23181
28237
30505
39647
34951
8964
15837
10485
45677
27702
6425
16881
21662
34554
45307
42802
45660
4580
28668
49209
20756
18840
24138
41020
39340
21500
6384
7910
43696
19248
24393
44265
20000
36907
9588
40174
48573
10951
21127
26626
36406
34576
41373
16087
368
1423
7374
34611
3030
18913
34903
4219
43111
29717
16904
49237
5314
13631
33493
20308
38276
45992
41902
48127
16119
40269
5693
17636
26669
38657
635
35200
27633
29249
1121
35360
15251
15232
12296
24915
13958
17592
39185
27827
31924
24689
43515
31371
6178
32541
13516
18246
18271
7701
664
47311
31359
43703
41587
21617
17883
43576
29255
33051
9521
38862
44509
10067
3216
21427
21291
43728
3698
4636
27118
30238
23295
13713
25828
41612
44992
30834
44483
45170
157
21050
14223
5809
4106
3222
10304
20898
24617
13128
24369
8155
8931
32422
17419
7782
30345
6347
32492
4229
40673
31784
24334
21255
15585
14039
42002
43633
4019
23299
37477
19684
8815
38729
18601
35647
16120
22645
16292
48872
5225
23223
21655
28039
25118
37793
27753
27282
730
32334
21624
3900
28255
2229
1898
20517
2782
27954
22815
47103
45551
1536
3869
16366
8399
45289
26769
18481
33921
43905
5119
19418
18346
5878
39831
46649
43838
25351
36132
39316
20502
3019
1307
15801
35183
30204
19095
2502
46604
24216
7270
19135
23652
38830
35713
48996
2158
6008
18632
14872
20693
35021
38822
49218
22536
23519
14455
45790
27877
9870
19449
5346
12776
2990
35661
43419
33533
27092
28680
29964
46531
16986
37568
47232
15772
15895
6076
33220
4048
39341
27653
41299
20059
10884
32859
32665
11278
32668
20553
49316
4739
22514
31821
9962
49165
36582
15151
35411
15187
41269
4653
9446
44845
22253
45619
32021
48184
12662
34989
32122
9324
48950
21052
41924
1044
43380
2954
36277
10953
36625
27874
4456
5933
24972
14747
5797
23283
14457
39394
14371
46939
38108
16660
36779
5656
24354
35257
44334
11971
5872
23720
12592
17464
23964
20655
8464
809
4271
46766
30741
27709
40697
15416
14377
29608
18723
8977
10272
30326
46598
47262
6856
26556
41163
49313
2552
48451
9008
27287
14195
41713
47469
19234
26464
42505
44900
12646
49404
5089
8897
18252
33514
10978
16467
16557
34682
44105
47892
4127
13040
1237
35293
12619
23198
36216
20688
34970
24038
19782
28821
30804
23160
38433
44762
31853
46504
37350
49210
13780
32383
2857
280
26683
40138
16927
20393
24648
23332
11742
10805
38572
31357
45179
19411
26412
31005
40585
43916
42682
9211
14358
25091
22791
23092
38951
10457
25713
26492
35609
48198
45296
13050
45692
46301
30888
15922
20617
24807
4947
23061
16759
7724
2282
18302
33317
44457
7547
20369
2143
28219
12681
36905
28577
30850
23672
43041
46917
8351
3810
392
18998
18455
42214
11893
26207
14860
4036
7127
39562
21256
29785
35265
2849
31130
49705
29934
35758
23807
34206
38366
33052
48000
48192
4541
40578
35520
36886
36348
27746
41695
20970
46782
22859
35087
30707
5074
2421
2134
35157
49415
15764
32361
39644
20809
1522
16989
24486
32354
6130
4237
11664
37880
46874
476
4506
41582
42344
33496
32283
23048
18301
47746
4849
6472
40941
24793
19888
46763
29678
7144
21861
25873
3832
21269
8832
46261
1555
7185
14943
42625
29993
37987
5437
5963
863
36354
5107
17982
16714
42807
626
10357
4405
19906
26624
39322
49351
15785
4170
6613
3829
41376
29263
4312
4427
32286
35119
5204
3985
46679
27344
44384
4108
43283
3275
28447
45850
9767
18358
10155
1101
20817
40841
49563
41414
170
28370
10806
9115
13910
33320
28604
17967
36138
25965
7038
48977
38069
6581
32073
12893
39724
45067
3036
35850
42917
16477
42098
25949
28210
4284
24347
19751
25753
21478
10061
41822
21011
36078
8847
20290
13607
26190
40764
49713
13807
34714
49942
8825
22162
46174
9410
226
46103
27929
10914
18916
41302
39298
25201
40161
20570
21641
9831
42452
14665
15053
30862
34861
31646
45508
10106
9027
33088
6958
40788
20282
24679
9171
14944
29292
18215
16842
43218
41138
17779
25591
25082
10226
32119
15096
46987
23587
11555
48631
41923
18921
37155
34134
24574
25916
45105
5953
44274
22126
37759
14246
30012
37033
11246
25054
27795
9676
46037
14412
48230
9707
31776
22736
31595
17976
2652
47117
4576
49133
39835
3320
8673
36959
46795
5176
992
19915
22900
35502
31234
583
9791
33047
20843
39726
46596
24316
34732
19370
15609
18941
30597
20845
17409
2831
2242
42866
7502
18817
31967
21126
16280
16535
12305
8381
21237
20222
46599
14156
45791
28515
40435
44854
25211
41427
16044
14806
39980
42095
14988
30409
20956
42902
8528
34065
31675
49461
10001
23001
47004
3182
29800
43736
35382
9225
49368
36852
48242
33166
34538
24615
36217
15959
13570
3723
36789
8382
23586
3429
12730
3852
18756
8731
35844
43279
18626
14956
26693
41900
9715
4196
44870
23006
37966
29878
29045
46841
36263
40600
17506
20508
34038
10682
36087
17359
1941
4826
3925
4496
5267
4058
46727
26932
9172
16367
47324
5571
2120
32172
12817
12759
26143
48582
37482
36453
23757
46041
15891
39926
4926
28574
28090
18923
17468
8396
44162
27701
34115
10453
19008
28330
6750
49155
26873
31420
49193
14973
4336
42828
42484
3433
15089
27992
9441
27961
46049
7384
47952
8908
35009
15062
43332
23270
41670
22878
34398
48968
14567
17272
36349
18683
18232
29184
9189
21963
23319
14732
37677
40414
45379
30752
6043
10897
46622
22771
49291
5717
26970
17152
3611
2394
44967
48026
25776
14934
11463
29491
10123
13716
11164
7811
42871
41215
778
3564
27535
37662
42649
1332
15957
38139
37053
17955
3541
19193
29171
25478
13351
9496
10808
3756
9863
49173
20093
10290
35608
29052
11980
26148
10356
31191
32586
31408
39862
19787
31691
30464
10927
21083
14631
22818
47742
2189
5738
49141
34302
47660
25444
29462
34061
13295
3667
26263
35046
21547
27782
8087
40720
32116
31464
13089
8505
36895
15436
14897
13720
46566
34231
40619
45260
22488
28799
37878
44197
11284
3911
25715
37063
9931
23678
8055
44512
12408
28987
35203
37362
25767
28528
48870
37925
6318
46705
47444
12037
24949
34862
43056
39380
11992
20987
3559
30668
42103
38208
30880
10404
8181
22379
12423
21225
17224
15792
13651
33135
3618
18326
14242
12013
43989
35044
27882
17894
13245
2031
16191
28635
30175
10673
23342
31327
21274
2842
33525
13936
23869
11988
6391
10184
13508
15557
45041
32359
6536
15546
15462
6153
36276
12144
44053
40831
34177
48939
16819
3317
45485
21187
28260
36547
49639
11137
13944
42499
49772
44974
39990
12637
48355
6209
36291
34123
18334
1512
22204
42454
48278
15808
7712
12749
25500
29327
47337
49584
40534
49625
6203
8507
20437
29034
14560
47543
8229
13076
5669
6412
49581
39147
13084
43540
23163
40781
28400
20732
26514
45103
31057
23879
18457
43871
17092
16245
47184
6593
16525
40217
38864
3136
42722
19564
26472
331
14084
18583
13264
48853
26075
25106
5423
29048
27062
12693
40497
34229
17875
41735
18888
5690
9516
29759
20435
41350
10099
45040
32507
12587
39529
16180
17058
16062
33091
38956
4191
36187
35764
39089
4287
4298
6210
16095
25758
40149
29381
40966
20042
1813
22868
42121
4694
20936
48119
34693
45776
41908
7125
42013
48374
9551
4394
14186
6231
18038
24291
14907
1223
32797
46949
28435
3403
46203
47296
9776
11073
3091
33981
40739
91
34830
19019
25385
4365
29020
25287
38695
40758
39858
3174
42190
23921
4455
24283
10597
41741
19518
44819
46557
38368
18353
25140
28636
5590
2601
46485
7642
26610
4018
33974
46417
16486
34848
26793
38135
35418
27791
11080
44946
48175
38911
30639
28300
42064
47165
31388
35136
9253
12417
38810
9345
5916
33560
34152
32722
39671
34497
9414
45555
4661
36535
26461
22277
22362
22408
27015
22958
17486
9083
30643
6817
4240
17478
7640
24708
8635
46732
43478
3164
40326
38272
49631
1190
38989
31465
49961
14686
9579
12679
30675
21811
12873
34695
33174
31274
20830
25280
44519
114
25227
31128
34048
35048
43030
11977
35217
18524
24047
20016
8888
42894
41622
7197
28583
40641
27175
42341
23887
47293
4138
3352
32919
15843
40997
22205
24269
20004
34808
27660
25487
30853
29390
13177
10502
31229
29821
42001
43818
26823
31174
3645
14903
44423
39873
48758
38667
30260
38475
11915
21572
6965
8432
28326
43830
47825
44058
48239
14721
46651
15121
39207
33331
33185
17725
4808
2976
12772
38514
1306
26178
10510
12053
43159
22634
12599
9936
49951
14621
19512
16915
19638
37504
17363
18411
38494
5134
14500
25374
14305
34256
14824
15962
44439
6490
1704
47001
38184
25702
11868
33858
36116
43804
46829
38026
39387
43415
19853
7594
23931
49973
20510
41811
45363
43652
12867
26191
23391
20803
11221
41423
19038
27245
7779
24609
49203
42355
800
20935
33281
31971
31680
48045
34537
2859
19114
39415
45886
9018
8622
43146
4302
44433
15379
18793
47948
49500
271
48953
47211
12206
12065
31253
35158
34662
18918
48946
15427
2319
43836
3926
31312
31349
44445
29513
35747
43739
48264
47667
36766
1761
29822
44565
36659
37783
11674
6411
3662
19582
3023
31552
30241
23940
1618
2448
18319
41554
21893
24214
14940
48141
38651
49260
25362
28304
13563
4776
35032
36965
1685
44084
1164
12087
46054
11017
39572
41454
34139
1303
2756
31957
26804
25048
41883
38380
46633
21456
49073
19993
41521
49656
17361
34468
34246
11514
22793
33989
38811
5696
41136
4908
18538
20270
10476
14778
46958
42309
28855
11633
28109
31409
11288
48845
15731
18251
39686
42695
13908
35017
11807
33031
45923
43483
8154
46394
12964
30275
40902
31189
24435
8079
47306
24030
15337
30822
33450
15960
363
40450
5241
19097
1361
24982
49472
49342
31824
22667
43687
30444
38727
31628
19821
46503
26172
26396
32002
37964
7173
3209
46011
22680
21570
189
3183
4261
38390
33971
20292
1003
44082
24621
45069
19278
12123
24788
16149
37730
4011
681
16812
34451
9038
21628
41545
18803
18795
30993
463
28993
20276
186
35998
37911
6941
19302
14482
19615
25936
19781
48460
15186
27639
45002
2241
14252
5063
11845
3375
6905
15140
23638
42360
27070
44745
15111
44986
22448
31347
48066
15311
1450
35000
20039
46580
44904
34673
44574
19644
44253
13399
23735
38949
19049
21191
1712
40210
19854
4467
49015
25331
10752
21483
41504
5541
17180
15517
19983
16686
33676
31230
4470
27446
49611
19347
36486
490
20072
40266
10200
24644
3227
30559
10041
12064
36514
15888
36787
23636
713
43235
22494
18496
4252
45246
8323
4964
38232
49620
44170
19228
1343
47846
19144
45907
1591
36100
44447
32953
6099
37328
26106
27818
8246
25631
46140
10548
46546
47619
1141
35643
3936
12397
8374
31236
23372
42786
49451
28614
13862
11708
2122
27514
15749
36039
32142
6992
327
43260
28046
36975
16443
31511
35983
11416
20746
16290
12916
38825
2836
2496
21474
27779
41671
19748
17150
41752
9520
37630
18052
32205
47747
11424
10363
17311
27113
506
9526
22852
43694
41537
41618
11191
21975
37437
14744
29776
33376
18808
34356
15135
30856
9282
2379
34547
26433
20150
48329
2858
9192
3270
30443
47458
17553
1962
7040
43094
9953
23164
46106
9642
40918
36207
32966
23754
3574
7208
3762
3505
34604
48536
5356
22135
30272
13750
17573
28591
10374
35334
48802
3517
12452
42491
3727
43894
30970
15095
19586
27389
34791
44852
28974
1528
27456
40041
43418
34373
27413
14249
18709
34870
19203
26851
35345
18848
15162
47461
16246
3447
48825
38818
5354
29994
23650
2294
23251
3904
16137
44956
14253
43950
19472
30371
35125
7107
44907
4164
26304
16351
41161
47493
37475
24719
1581
16223
15149
20084
38665
19865
49897
14959
47347
49079
1771
45251
17771
3256
46365
20031
5410
28548
14926
44545
37498
49603
45185
39492
9381
8174
18890
21839
39356
34782
36538
47821
40133
27433
25127
29923
28610
31820
37017
35681
31726
45183
44987
28986
23993
17422
27181
211
33164
31050
18766
19160
10185
48062
44786
44030
14590
35376
46914
48067
24272
19159
39293
3399
16871
45937
39140
33355
26898
14333
25994
14591
2315
20714
47331
7527
65
29904
46309
34528
24717
8120
39742
23106
41572
19224
37676
2718
2199
24001
19616
49097
7082
45048
28839
27667
23370
11483
25321
25823
4976
37234
46268
28201
9248
44401
35033
7681
45316
32910
27098
24856
15417
17187
18510
49854
43509
29701
30063
12744
1777
27249
19664
3731
16684
44235
5973
8975
44462
4999
45820
20784
18549
46169
4075
25016
5124
30684
48325
32868
4066
9580
33130
43692
29421
43962
35503
42088
43535
27018
6139
45376
8665
10386
18406
40309
10323
14581
12400
26713
10712
27183
35463
7352
23897
2172
6085
16737
34847
28315
38741
23713
49139
5921
48543
26889
33003
29059
6706
24189
47505
38783
34458
45224
29773
28862
24716
36504
17998
29632
49864
40898
16808
38571
12544
10629
40702
15476
40029
303
24589
46298
11450
36881
6489
1632
24111
29660
13907
551
34403
24536
8444
46792
38213
32237
32034
407
8139
33831
18678
18385
30533
13055
4072
8976
14717
36025
48003
1284
44529
20951
46350
36722
5343
4343
5718
11716
5869
29071
10679
19800
49649
47114
49177
12460
46238
27388
46432
24322
30155
37743
15932
5172
19236
40119
43254
23233
17913
27568
1010
43474
34674
37797
14351
16648
24279
32493
6601
25246
35665
24481
23311
16751
31163
5742
36243
21836
29796
3583
23136
1142
25891
41916
25519
42982
30840
11545
31551
47885
10530
13060
45033
27046
25322
18343
6843
631
17610
6686
26578
23998
18011
11038
47796
15194
5675
18703
34051
39994
16482
49391
46848
22744
10504
2573
40333
13752
37461
18741
46071
45120
23526
11046
21788
44313
47183
33746
9892
6634
15769
3472
618
31030
33405
7336
20474
22174
28438
22768
30645
31694
28015
31713
18039
23018
23542
36492
10156
3874
18765
24968
6823
19797
27670
8329
42460
38726
21925
23801
30220
19397
20507
11779
16284
18274
25813
24003
47047
6583
48125
16233
14871
9270
667
49580
47295
7314
33844
41224
5847
16187
26630
5493
43012
44743
40839
18322
12522
40345
3828
43779
33999
25421
5451
8365
21447
7490
4785
42675
7293
3619
20733
24769
40835
18261
17425
44391
49506
16561
13619
5691
34921
22332
5843
32158
49375
14443
32881
48694
26459
7348
11778
5901
21389
35623
32926
48534
9140
38308
23363
41372
17953
32013
18761
47385
755
26682
33580
34810
19555
18851
8597
47997
4366
16700
20428
27909
8702
28972
45910
11339
39763
35344
242
47204
43889
21725
25150
27104
31049
39302
16381
35687
47701
6534
48948
33279
22387
18029
20239
8334
25164
43637
10115
18570
37076
33940
36828
32609
13305
14541
13091
41841
36300
41097
45714
13169
42082
12538
49766
2712
29068
26631
46896
32400
662
11678
22150
21544
23509
21792
9455
49208
17937
49615
12651
13764
29562
35224
35603
22481
39483
16877
28408
31447
31431
10217
5913
1798
43500
47429
40430
39447
35298
274
43123
32031
35677
6730
48770
454
37313
25186
35194
2984
38372
26147
38960
195
8531
37585
21132
16709
41506
4390
6748
41662
13854
41134
41222
19218
140
5774
36683
304
5421
41971
33035
16532
6219
1778
21526
8443
19746
21731
5840
10425
30516
47512
29856
31017
335
38089
41288
11486
29148
14429
24950
32822
8489
22187
13483
42324
14132
10946
37997
44802
22359
42447
39012
48109
8073
20030
49785
46820
49947
5311
45889
36285
14834
34371
2677
5210
43216
37086
36702
44877
11515
29787
30178
12127
9846
18459
24286
15272
21951
29095
32157
14486
13654
24262
36381
33628
43901
46512
9490
2169
1053
33173
45345
307
30973
43477
31308
8239
12705
43931
45680
10843
39182
49967
38617
20966
45157
11735
41031
35400
15338
29015
34157
31265
46691
45793
28170
36862
23110
46061
29758
14572
13793
10759
48706
8930
42976
13606
23909
34735
39254
25258
13817
11125
31681
32336
11398
49422
9661
4132
14984
44261
27086
48271
39478
11159
21585
19716
21260
24276
2422
46097
30102
11875
34910
6072
27298
14955
41492
4701
47881
28690
4896
13163
721
36122
11163
17958
40364
16576
43655
18554
38719
724
36189
11464
34521
40669
7867
46979
11276
18376
19424
39426
1337
31580
27493
41692
37720
33995
38326
411
20145
25604
41704
30844
38573
39257
44254
12217
16022
7822
35476
40443
38451
36718
7599
46499
29753
36835
20901
8527
6739
43490
756
40554
20656
9562
21055
17326
22133
31094
38506
45028
40813
9203
15241
43489
40110
19261
15509
28250
46066
37193
530
32865
11886
19772
5209
12598
49423
16040
32942
20762
15408
40140
17487
17474
6643
34262
16540
4489
6587
46618
47393
20698
48873
18085
29611
7221
29178
12157
34878
38554
26645
104
44016
22931
25722
8822
12313
16981
10138
33686
13800
43394
40744
25221
45172
36515
18718
38938
12158
6602
11194
3187
6714
10902
12111
21032
49963
4990
208
2808
40203
5532
7113
22625
3649
12010
24045
12656
26768
4016
26405
38518
33415
16131
24036
20635
41400
3471
30008
5053
4619
17647
16383
19710
14127
32783
42680
22920
48830
13002
33151
37144
28806
16542
4136
16898
8824
10973
21393
16736
21693
12
18059
9298
7604
30350
37067
12741
44587
49964
1884
40759
4479
30432
38791
32995
31154
48778
37721
10229
24084
30864
15102
9647
25797
13821
46167
32820
15491
35645
14444
3250
32874
7469
20583
38426
11939
34993
24820
1886
39590
47300
2363
18518
8797
31014
22419
25812
14900
4083
43232
37095
16741
11956
15257
27074
32447
1510
37870
28139
25392
33141
4549
37242
25674
49870
14240
9453
30079
33947
11691
39015
37005
16782
27786
21683
18105
11847
42690
41112
9255
4957
28640
24208
4067
11049
3948
18454
39566
10037
30138
8961
44434
42560
28633
38850
8879
23609
20463
6720
43765
33114
7517
21348
38563
25396
23472
34480
5937
41744
32825
26265
8671
31313
36646
6180
30892
45724
18797
31284
36900
24058
28532
14607
30130
774
8989
26822
27140
38384
8695
25704
16885
5962
9342
22785
15703
21248
33975
41837
44077
34609
39156
10497
23991
11445
17807
31400
45104
22504
30181
43998
9956
37882
19009
5316
47826
32520
32767
37442
26269
42858
2540
8709
8285
38400
41816
14062
31364
18704
27392
14609
29352
5760
49970
49554
10006
44787
3410
36433
43151
24307
42518
49365
25748
15884
30088
47190
9563
15917
39677
35627
16646
16060
23377
21523
21405
26255
39545
15443
5220
9072
37843
31280
46561
30077
10570
21207
49143
6122
14049
20301
19377
18936
2128
26493
6413
11530
38969
32999
20241
4367
17373
12605
28351
14206
1275
3379
2850
41063
22089
13927
7102
44402
6400
35407
31591
45480
22012
38842
34668
31021
3791
592
8853
19804
9883
14104
2632
40280
16328
1855
40257
38637
26058
48275
47829
36585
39949
36763
29508
8620
37527
32052
35130
37377
13203
459
43307
25024
30876
16046
19101
10101
43040
17778
22115
28516
49572
40019
4080
42693
48291
26957
19368
49007
24558
20181
36416
9576
19882
8085
21233
47056
929
29533
43103
38102
31031
2211
17877
38029
3304
15607
43867
26297
19613
37269
24948
47329
12486
48458
43777
38755
45030
6920
37631
17003
6146
3664
9515
40963
32518
7406
5802
42919
40738
49292
18332
44113
24587
31937
14765
44490
3421
12330
40531
38790
28738
27607
33621
33867
20528
22485
14961
47499
44889
41406
30831
35814
3968
43051
14346
1429
39079
10780
44508
24991
27472
35100
38394
590
17406
18585
44154
32909
42251
21868
20185
9405
5425
17792
49936
16196
7340
1046
48450
7803
6781
16795
3546
34220
16676
39972
36759
26112
45228
19287
2539
46813
38277
21298
39261
14928
6957
30352
24935
42983
25454
31392
9238
14183
42801
22352
21281
7573
43278
27165
21036
39038
42960
6407
13544
33696
41791
10162
220
40336
22994
31380
7674
31387
24682
24367
16439
16854
25327
20470
33184
2264
38427
25540
40494
46476
11707
40946
42508
1262
32809
28686
34856
31156
42838
32654
18995
29618
32649
12593
35535
4761
19986
351
45050
47174
23873
41778
1029
19547
10387
10452
41681
40834
3806
49693
1655
25163
27832
17067
46634
26928
7068
18785
11250
25556
41502
40504
13582
47041
39982
1720
44674
31564
2763
40207
45647
16664
10346
684
2017
14694
23213
4818
4749
38917
538
9371
26309
48667
13010
5569
35762
19842
46120
24295
21324
45095
26770
28268
23857
22500
41813
7483
18679
35746
27155
32040
16286
49377
567
29531
10026
9632
36684
4760
17765
2088
26706
8051
46563
3491
49975
30927
3722
18871
15915
11211
14653
14915
36401
32368
34954
4952
29526
46625
36022
29829
36806
41121
13063
2312
21539
41412
20082
32629
1758
33321
263
36887
36736
36069
11249
7366
40587
22869
43323
7116
14267
41503
7817
29119
10947
47353
1947
10436
20886
20596
9366
27078
4184
13687
44520
14707
43324
19215
825
4360
20923
44612
3314
12178
17285
39940
29170
47928
49699
23053
7793
27352
28660
9874
41259
35549
37150
32020
23919
1279
26382
47848
32017
18895
24134
47658
20940
42301
33587
6406
44928
8560
19583
28644
7790
9110
46720
21398
7349
32622
14213
5928
41915
40658
38028
19575
17827
7931
22893
39651
16873
44796
49025
43662
21897
10486
2696
46636
6860
3984
10757
2261
25109
5929
16300
42492
44079
26081
31205
46329
47171
364
48103
48218
18599
42715
38486
45255
2758
30035
39664
4160
144
6371
32219
8682
22465
39224
6517
9854
25197
27937
19230
12558
21106
38498
44032
49448
10308
48168
7360
18954
33070
9760
20179
46488
17621
19408
10373
5496
13537
2003
18225
8858
48909
21756
37495
26296
23551
27850
38846
38926
3257
25413
11878
20823
45872
41168
46960
8670
25271
49663
10860
11236
27594
15006
16932
772
5259
38860
11925
30257
29882
21905
23361
13282
8263
13681
23669
45247
28618
46455
18806
14230
12384
15972
14514
26002
46259
31847
34062
16230
5554
30942
20565
47169
184
22801
49476
39585
15363
16587
32787
10393
310
18066
36037
38624
34795
39191
3338
49731
19373
48105
42455
36358
802
28901
44860
24920
17466
9283
48984
8010
13937
42410
22909
5702
19039
26743
678
47968
16716
24408
33286
13401
19106
42339
42864
39687
48660
13335
41976
37573
22348
2822
29074
35854
23140
26146
45314
35068
24916
41474
20780
28148
1629
19321
2893
19482
19121
13301
27286
49831
22784
17517
10204
13192
16020
10982
46639
39735
49386
47783
42467
9438
40034
16958
42516
17467
22589
31071
26612
26635
36304
3765
22042
29585
34615
34415
43379
1893
44901
6487
46671
4852
19987
38142
32469
46760
42093
20133
35006
48017
6892
23060
23947
29577
12777
22004
20866
22168
15612
46569
33765
35860
41059
41866
29514
3353
19440
29540
49764
8875
8471
46497
4551
14141
32000
27283
13008
36744
26205
26499
19102
28105
24744
18258
24324
975
27800
43097
37774
29860
39365
29350
29989
6239
12076
8999
21507
4579
28497
27935
4622
22677
3511
45759
47481
18551
28207
27403
45835
40439
20352
32442
7732
29877
43135
22158
13081
20071
38642
29907
9117
39419
13489
43588
42514
45153
33129
27382
24790
25179
1493
26007
36192
41970
14262
32927
47862
41238
44865
15478
8820
26901
1867
20182
45861
39128
37359
13683
1911
5584
17723
24775
44190
35276
46305
33854
33469
28299
41191
47110
29469
3439
37171
43993
12151
3114
34602
11198
7333
27000
15252
48412
48650
45548
30924
46453
16563
8478
14176
4440
2118
16992
38115
28832
31604
40566
7338
33014
14237
42085
38071
32747
9188
17127
9330
17018
18290
12176
27794
10861
26831
39016
20268
43390
13424
43712
47922
4571
1095
28143
10218
9071
27410
20341
46353
39202
33610
8485
532
47413
32543
36316
4982
34523
22163
18196
41393
41146
47844
40391
47175
47565
30723
17262
17094
6557
24221
394
14289
48952
19557
41641
48135
44243
2755
361
14649
7495
32901
15685
40245
43597
47100
41411
26814
7541
35465
29793
25662
31366
15535
11414
40347
36670
36517
6576
28285
9058
47093
37011
15913
3131
26545
1657
31954
32608
44444
34632
16396
21014
49421
35019
12613
9602
38820
10361
45681
34858
42551
41797
15069
27111
14702
16272
31670
20085
24952
43847
43176
2946
15279
35036
5230
30627
42478
674
13330
49937
35716
49505
4436
22640
39014
49235
43670
23473
23776
44414
20257
24599
43631
5449
1076
29645
27879
3286
32366
49565
1002
20888
6291
29777
29617
36528
37217
9748
14018
10724
13315
43214
42418
2059
3783
31544
5671
7420
29272
2160
39299
42107
1170
15375
5233
28349
1621
17417
49874
2159
14245
27501
36468
35472
34374
13018
40752
7015
12714
26029
24039
38904
36333
43677
19666
40628
41614
13275
596
32636
41347
45843
29936
48748
47330
31858
49409
13006
8160
20335
30663
41368
45844
4542
36894
35110
283
13413
29788
35707
8481
13498
43803
326
47585
38050
8206
46304
41833
24531
26495
27714
46724
21744
25967
26052
46130
18506
49707
28045
41051
27396
14383
13744
9981
29529
22289
25356
1264
47382
44826
42135
4414
11360
47754
7398
6834
43647
45017
22264
25857
29192
44184
15365
35684
44505
8769
40647
43884
40993
10141
16201
18898
22608
41769
20262
26783
18728
32756
31258
49225
42254
17740
12438
48084
12126
27924
6522
5522
3627
26700
25061
32848
2435
27240
17949
35070
36782
41444
26344
34627
15123
12311
48575
3213
45155
6899
18227
13436
37077
418
36287
36543
11420
1935
48730
22969
40150
10317
38414
23544
21948
48969
6785
45111
25893
38577
1626
42843
5345
7290
32843
38017
37973
43946
47437
10233
22709
28538
36909
41995
4643
6064
4065
19196
46646
34886
24884
2170
4115
19483
10473
31395
48666
21363
14711
5438
615
12077
33105
11431
14917
7193
5362
34163
33937
21125
44467
32811
6027
10542
37235
1519
46047
26260
30751
30550
36434
26211
8449
15046
5310
3743
527
31326
28176
34552
47049
12019
45848
4499
14849
22561
42639
3503
16123
6222
19940
44652
3309
3356
28553
26068
47758
49033
13297
18535
39304
27876
47475
6538
8241
17145
49948
29855
6376
12040
34573
4334
8451
2291
33211
22836
37345
6657
28243
27609
26856
13517
9842
23255
11295
4559
48221
39701
15941
7942
3760
47170
27613
49356
38103
15041
23083
1567
13213
2753
29891
4722
47867
17171
9250
49643
15760
38940
45461
45280
38527
30513
36267
6929
9180
11786
19322
17248
40093
41172
12985
36826
38937
6981
39431
5816
21093
10746
17012
28072
31636
8486
25809
27244
44365
11025
18630
239
15198
29296
39612
13269
24877
5033
30123
47802
10367
46472
5836
5821
26854
27536
14388
11397
49544
28013
33735
24550
10163
30423
39915
22413
44047
27482
36560
16056
18419
9598
28081
1684
30026
13863
21469
42240
39580
18063
23855
26962
41739
38385
44498
16206
38553
31950
38585
18395
14052
25073
7433
39390
32808
27212
4924
17615
18074
42614
37045
36223
25734
36647
20831
19365
37093
44567
30895
24155
13165
30602
20069
17550
9947
25002
32433
34108
17721
34941
23977
29125
20948
22952
3537
28676
25417
14341
28780
35141
1480
42857
36629
29167
36390
46652
42893
9978
40617
22932
36518
39787
28857
18860
29121
8309
12708
4953
26945
12807
22569
7807
16173
36426
13893
48050
40760
19705
3231
3138
49345
16785
39523
6926
45591
7341
37758
11705
34646
29532
35331
49823
3655
25529
20361
24725
13891
40406
14365
7668
4699
46945
3841
47273
5448
26664
31264
2544
38460
7776
14161
25772
37483
6292
25593
1234
11069
37037
7274
503
1767
41385
13557
30200
13135
666
30473
1357
5213
23232
40379
25817
15014
30479
46586
14875
13527
25491
33276
8843
38165
34940
37163
30205
5855
41052
37012
38024
14193
6665
46489
11292
24146
9010
5162
13529
30801
24371
17733
22086
10832
36818
35026
9910
20107
43252
46426
48095
13437
38392
4181
26370
7028
46367
29019
45192
7791
7292
21424
45350
31389
3496
49597
22318
42920
9030
9212
30944
33567
28292
32149
24145
16820
22324
41430
10121
10891
38228
37913
38772
11150
8720
30849
48253
14602
35245
9670
31698
4766
24958
18622
11103
16017
38898
10794
40142
7934
15088
41183
10441
10324
24390
20945
18293
13140
12062
30845
24981
835
32696
14032
30099
27435
4264
36739
37265
29804
40986
26264
41594
44387
18421
39886
14881
34007
15308
28783
7021
500
7128
46507
44364
19139
25977
23188
17368
25513
32440
15555
45878
20364
46687
31227
18522
42714
18894
48362
41057
42641
11148
1401
30992
29956
25042
18563
14515
35395
7676
17996
10925
11097
17334
18668
16269
42504
26672
42172
28018
302
3266
40851
40455
35657
46153
8498
4698
7623
46484
9841
14546
48533
45589
11792
25119
23777
47291
10833
49893
11459
29194
3074
4762
7781
20146
33219
24700
47492
28967
2371
19779
27963
5529
48122
17947
24352
16639
660
49446
45925
34969
18019
31390
49865
610
4624
31276
29823
629
11266
35667
33570
35851
47823
8721
3857
8162
12569
45864
11738
22781
22241
20307
24309
16133
23973
35456
31418
13815
19917
26310
30349
9178
44463
31434
44593
39558
36980
3633
16711
31652
24306
37748
30552
30207
22218
41281
8978
32339
31203
40037
22734
44960
9696
40476
26760
2672
34845
11824
4376
28457
40727
33761
5484
14804
21581
23550
38116
48892
4037
38675
18664
26794
15540
1782
5385
13831
20643
22414
44885
31862
45553
5905
19892
43060
7329
15735
39136
31240
4070
7335
32779
19358
1295
37251
19907
17513
19491
33603
28391
39250
42372
18238
6683
40971
22161
16982
3643
48926
45968
40101
16774
22678
46748
13931
1466
9555
36732
40681
49773
34412
23414
44973
21362
34205
31808
45323
9663
14126
37078
19696
35390
26753
35385
36590
8844
6420
47084
11816
34004
13020
6937
41909
22301
27508
17796
48653
37104
32985
33344
34740
44748
9984
25199
47737
35281
9808
28502
37399
23075
35447
8031
30706
20885
40272
19805
28566
39171
38994
33268
37993
45204
26990
12156
19392
10032
26646
7704
47405
2511
24298
49299
47839
10877
34321
21498
41541
21234
30815
39428
11399
1421
6550
17100
3048
14623
25751
6263
47180
9498
19348
14714
41110
47615
24632
48347
49648
44571
22194
47574
21172
41465
33200
429
38775
44506
19061
34384
21464
15512
25685
46923
23521
19089
39032
39116
8952
39381
12141
44697
44370
13519
8895
31499
49836
2883
7570
49378
45184
18790
30189
10567
38018
37186
10205
14895
9254
41596
29453
15288
3140
13707
23770
46786
22571
8604
7476
6217
39615
46908
23722
754
21596
2670
31751
13734
48945
37158
48750
34807
19934
26838
8338
15420
46095
13834
32949
19270
36800
26805
21201
15633
24846
37512
4187
40040
44153
14953
8842
31197
9463
34221
32800
19031
45515
32107
34069
16585
47102
30185
14727
45446
31277
6604
24443
48606
26216
12489
39329
250
39308
43922
42327
39186
28441
22092
28928
24845
38266
33393
46681
11656
23326
27973
38257
35220
88
17691
34898
23309
9285
33636
7248
35289
33399
48280
7454
42602
26709
47595
40583
43869
2848
38261
17594
30608
24364
49266
24078
32164
36507
4647
3886
390
28490
9294
2449
42503
2310
5317
31331
30634
26878
32568
46052
13645
20367
30673
12285
35689
23393
8036
42304
36142
23226
28302
47765
38568
44019
27110
13444
27913
31244
48980
40803
16178
22445
31306
33013
4789
47363
15968
7603
40827
46393
33642
8041
31597
46290
11782
35314
37493
16402
7574
44896
13283
753
46441
25845
19617
16967
34339
13555
49849
49116
41062
46228
16739
4778
42778
46445
30929
22496
13299
43873
44229
4994
2342
46583
17805
26584
21029
2538
11695
33267
29206
25802
22019
31266
43578
24160
1133
45970
35269
49876
5248
27159
5661
47847
41561
12349
18060
19827
40
36191
4693
28872
18155
5167
16364
33949
3819
41483
27117
25774
19576
2693
41398
27449
49065
14773
35731
21211
8480
11439
42110
36279
46282
4317
9162
45414
21336
29544
19508
18609
12031
40398
46549
213
771
6169
35767
30620
3052
7130
3796
20777
28781
9902
20049
43918
30572
44936
41567
30491
39241
36067
47915
13440
11757
38061
3348
34239
40872
3395
22149
25296
38331
11777
18278
6447
21713
37813
8212
16837
25585
38774
35639
18712
31406
17123
5567
42186
277
1603
49667
42581
43902
20052
26680
48879
5752
36470
18093
41876
11376
10720
26121
31316
41546
37541
30042
38771
22829
29373
34203
17470
1181
41765
43983
49240
1779
45215
25359
38974
5678
37917
29987
8201
9143
46722
28889
24330
43619
6067
25964
42109
7911
38720
11245
25370
22334
21620
31090
37419
17781
46511
9784
49834
39688
40848
45137
23294
40904
20776
27460
35059
48398
27648
26888
49140
12246
37530
19970
11178
38984
41715
42839
13481
6244
14109
5165
22443
1601
27749
1812
40975
39096
40362
15762
46944
25896
7118
11906
3523
26236
37891
15845
20527
4747
44043
7177
5997
44710
34621
45769
35864
39168
37435
41588
7757
37641
31653
19332
24467
26356
39115
25245
33248
22798
22638
16459
13828
17090
26858
7041
36238
42468
32699
47267
6980
17031
34938
32066
27157
14200
44918
37657
29297
5817
49408
26946
13167
11927
30314
20848
46756
45535
41304
25998
28248
45853
41649
41115
9355
33081
26862
41808
29283
4731
2108
42763
9422
32700
122
19735
35831
28281
13376
26994
6469
29658
14676
41802
31278
23863
40826
35587
20167
30748
3067
20256
24250
35803
22570
29241
48037
36841
30427
9401
35550
19375
24426
24022
27572
25325
389
25027
33679
33386
43326
851
28683
46385
28773
3693
48150
23601
11832
49982
27683
35231
33391
13955
20409
2313
10025
36205
19585
5337
1738
8993
25626
20103
42069
39398
11932
6055
29974
4408
1740
29695
47684
19725
44698
11772
28888
20194
26278
26021
18686
5091
32595
39334
11724
13578
19776
24213
4773
47302
10555
39789
2469
10932
5000
18056
40416
36
33381
10762
17282
12769
15683
40825
49685
40098
7984
11466
5357
46543
22137
2069
24007
25365
6207
21133
27977
34686
41730
42231
41768
29163
8730
34464
45891
41464
29278
27312
14431
32126
25795
47521
10996
3365
45928
25194
39923
48560
31826
49206
46831
26503
46233
20020
14220
14797
45962
1701
19316
42084
5461
19428
11298
32322
35651
22384
28552
7696
48320
18582
47375
22688
34388
2479
47942
31159
45894
28006
12709
34319
22984
27821
35349
9734
5580
48152
25471
26451
44451
48598
23406
16556
47418
18009
29682
32524
23543
26345
46840
20274
9899
13926
41278
7529
5595
7111
16405
34849
49833
41139
19747
48773
32398
26122
22461
21630
1420
26843
31173
18813
18076
4351
40253
13199
13246
49883
5597
44759
22388
3826
840
15107
246
9731
20893
43685
33723
18450
7073
26806
3542
14297
25033
33712
37819
40339
13693
26242
3773
19938
7354
8544
41743
29725
7253
12113
45276
28952
27192
2886
301
12908
13331
21496
7183
27629
48350
32167
320
48965
26372
28411
386
7957
4186
13873
39622
34402
39694
37376
44006
32605
26048
40469
8390
3932
11133
15246
29275
16106
45810
20326
29614
10899
15630
7359
6830
22337
16629
20329
29703
23490
5387
41556
15632
24359
23529
44329
4418
10758
45499
13500
35932
42938
1641
34240
44659
36402
31555
26257
15621
14417
38420
10462
27214
34823
20446
28895
23371
14378
2948
10254
23027
44069
17741
977
46938
7682
23166
13387
12466
44752
11862
44707
44607
48608
35089
25224
9480
45063
7881
38578
44814
30145
39707
15428
47772
35016
12057
32221
9322
28657
46537
27294
44239
31120
46824
49867
20999
13581
17286
29157
37368
5080
24635
39351
15949
12335
9826
6167
27229
12732
16750
41287
17613
33221
28067
2726
7325
45390
40341
8157
2950
22529
47594
10464
26538
42784
18162
35439
20137
42997
42043
32488
15020
46612
25909
49087
28824
4928
6467
37525
41170
7838
32332
11959
44121
8970
32739
23607
31995
24974
25769
27305
43653
1097
12995
26765
49217
28595
41519
16148
20585
6637
7734
7218
46778
37650
8984
21958
24483
35332
12331
14612
17394
48752
19066
12284
11251
36903
2982
21099
7728
4046
22797
15576
22598
35361
2974
32202
36494
14129
37450
42661
22095
49595
15556
47882
25098
1277
29710
42445
2653
45229
27143
34199
47636
40234
41756
19073
4202
13175
26685
19589
22970
29301
30656
31200
44913
6982
25289
9727
37039
21214
498
43070
40926
19052
48318
35160
21564
25628
23483
35960
24339
19761
17389
24965
31410
23718
44691
3573
35841
4324
39502
47434
19047
42923
18558
32551
25431
36408
33852
47219
43510
26277
32596
40505
17618
4451
48759
24091
9998
27997
16970
19532
103
10082
16071
40843
33497
13905
3484
16086
36842
46425
46626
28204
34865
36948
41852
1744
16623
31185
20062
48339
43024
22370
40602
25601
34427
30910
26481
32293
35974
49535
12924
21096
41362
10633
6298
1077
48938
2336
22967
6770
31732
5143
570
17571
1016
20359
42592
29090
17579
20582
45016
45249
42147
18212
40698
11544
1007
35530
8726
11952
20707
7200
3327
580
34188
13311
35644
41726
37019
8570
29369
48358
36512
30050
14128
30343
45384
48443
45811
7430
26965
6801
34873
29248
28699
45905
7994
46045
23304
19548
2420
17054
3470
12913
899
16931
5842
13920
27332
13733
9168
28334
12393
21306
40663
17230
14050
23420
47189
41128
15392
40335
6450
41886
6507
34278
37261
2057
672
29475
29694
22220
15948
36065
24671
26034
6648
17017
23052
34660
19562
24922
4105
19290
40765
837
16692
30194
23392
40180
14656
16972
46905
4364
20405
28562
23313
23523
18687
16314
36380
10255
885
38047
7226
30461
27461
27374
30286
17519
14509
13284
36479
45536
46356
5171
33893
47596
34964
9037
45973
433
41175
9293
11384
49439
31762
31953
16554
34912
47593
14010
7538
34846
41591
31521
20095
22492
33125
32010
32170
46903
11564
11737
44157
11930
27254
11426
5623
32207
12200
33289
27679
13705
48203
2748
36309
28761
319
18561
30848
11147
12650
7217
7820
17250
42775
44640
9625
2679
26041
42961
17584
33890
49215
44663
33961
33564
18159
30303
5727
26198
33726
19145
24292
13429
46785
44284
43978
1711
29530
21335
7917
34625
34985
20051
13688
30389
43163
24142
34725
7012
12825
48298
32823
41868
10730
13646
22682
16643
13241
26133
1382
43887
45121
26328
3466
23112
6045
38424
45501
9746
22740
48159
34863
30375
34347
40486
28724
26976
5056
25124
8510
16596
22222
36701
33942
23446
41428
41438
11997
22780
25470
25963
637
23440
26917
24516
28865
1452
37804
23599
10215
29722
16977
15665
13176
34266
26408
42767
43495
49531
40967
48200
15184
3692
1231
30055
38586
24082
25871
40865
37838
35105
14096
19171
24310
47755
12590
49011
47727
44315
16428
3678
48763
45571
15423
7946
4363
42584
49358
20121
12042
12961
44231
26821
33777
31476
46168
38391
35876
7489
7786
47058
39117
45478
15348
9244
38375
27717
1505
5068
25282
17611
10181
10437
40704
32408
30747
40672
23267
45883
41475
48495
21300
30440
45650
10253
47649
36620
12632
1248
23760
6832
46079
45697
17013
38992
32502
17387
5853
33838
27828
814
13575
14413
30316
47312
11563
11999
3121
26369
33669
16380
16294
8016
780
10761
20957
40355
17538
43312
16198
47700
25546
27732
17410
5564
36939
38588
34933
20680
20863
46110
30882
33959
10274
32118
30020
37344
8099
41460
30251
17428
1483
27263
36018
29137
33845
42910
47076
22153
33640
32314
2070
42056
24585
26582
10333
48029
7600
13782
37869
41389
21586
49780
35529
40595
6388
32719
30216
16976
29046
7131
49501
23012
9457
31571
40288
10129
37760
20402
22071
46415
36574
16593
16
16228
46187
33908
11356
17028
34644
44211
30190
19458
7498
10170
41087
43377
27292
11627
24181
7743
26536
21015
8712
12729
40596
2111
19813
3673
24806
45822
11978
30394
43783
3031
43760
10909
17855
19533
46099
11684
45475
44233
37978
28425
42924
262
14576
18764
34746
35484
1137
17731
31450
5949
7897
4329
37770
43354
7017
21512
32419
6230
38088
10795
3021
31686
2745
48139
15814
40342
20677
38981
25403
15997
21944
2181
17158
23413
33548
21292
41216
36938
28267
21149
6570
26373
1463
43248
36169
19554
18336
6057
19992
31102
4000
35626
1766
4088
43225
42178
41101
16917
22911
27195
3772
35155
7428
47936
38935
30410
22559
15376
3014
26918
19922
7542
3977
14474
45645
38622
26985
36603
21013
27704
13144
20005
27464
15812
26660
38158
41640
31047
14551
25858
34334
8751
13021
30254
12871
40526
28104
10038
26320
35862
30805
29638
39327
8417
40294
14755
534
38198
6863
6703
20882
3827
39337
3045
15326
2353
5115
38125
38963
36337
39986
32257
11382
49918
1399
22468
11301
42171
36919
43720
8672
25131
4974
24659
4517
26008
28601
47614
29602
46558
39755
32693
16729
34764
5208
36307
34789
23180
30174
25973
17107
25854
24133
35537
34042
43819
3157
826
11761
10120
15677
47777
38347
39157
25705
31592
39967
9964
23358
17144
21264
29062
25731
29944
34583
1772
28476
46890
37852
22938
9586
21690
40952
37513
36858
23003
31701
18880
42204
28358
43868
30972
25146
6569
7596
8033
43821
48866
45742
1643
49758
23705
1672
15148
1987
36222
42197
17835
40982
29731
21156
15382
45717
40194
42851
39759
21644
23934
43791
24521
23039
48636
5018
3825
44392
46768
19422
20880
37989
20550
32139
36972
22715
25169
16390
3068
13386
7355
11755
8800
5601
31218
5399
15857
26419
34280
41850
42379
32682
27678
1748
24290
16181
29433
15628
15319
19626
40157
42117
5799
43007
12958
36147
38352
10227
45596
45541
28838
22132
23584
45397
37544
18043
20147
26825
5281
15197
19310
804
39894
686
30386
11774
1899
49845
1088
43518
5232
15849
10431
2549
2924
36869
44768
18959
40792
8595
13772
43735
35425
41935
23987
41345
2416
48744
15372
3032
30117
36079
21882
17220
4404
4704
29451
46460
27034
37225
15170
40148
996
44984
14488
34202
4520
49852
12853
34929
11185
9420
10130
37332
1061
25616
11449
47039
49374
9445
4614
45216
10011
21578
42967
36253
10369
14481
8447
27813
33863
5832
6192
17569
47403
29613
18273
24442
19283
44236
15189
13171
6660
3165
7954
28755
33170
26248
925
8413
33790
12795
4166
32888
44549
45300
10167
8854
24463
828
23883
13426
34566
18037
18550
21408
7926
653
42860
23347
34634
32741
43084
30392
4493
34722
29826
15603
1861
48860
8787
44478
2840
32184
36330
42052
29412
17870
36476
20535
39848
35666
49428
26
10207
3651
38875
24937
39599
18373
323
6502
13350
30256
28589
39346
38545
49010
36627
22315
41470
36375
8211
24490
20013
922
33789
12760
36576
12000
25089
34631
23653
14763
32570
17325
4805
6009
9012
832
14536
21559
36566
39639
43352
2396
47247
7831
34975
27009
49322
8071
3312
3481
8108
33532
40081
36231
9391
19839
15019
17862
13262
34958
22434
25651
33148
2253
9114
5469
35944
37930
9571
2656
15388
29174
42141
43544
19868
33205
11758
46877
45449
31433
15639
29434
1507
19714
32559
6790
43236
37485
3750
26302
35698
39989
3084
41655
4276
21880
49125
7504
25310
34389
13232
3458
18146
44174
4501
34217
45578
25667
44830
13870
23701
21026
37653
37030
19130
25066
12170
18932
23663
37732
8095
15037
92
13844
21920
34811
1147
48721
40842
23049
18740
12266
3245
24578
11110
38450
2364
33829
26640
43716
10248
29026
21989
30291
42106
49778
13816
10980
25174
5643
22371
41143
28729
4641
35994
33810
11402
19011
9913
42545
898
765
682
21181
28145
40188
24417
15293
37876
22866
38112
28229
35922
40847
4099
5966
25043
42578
17281
41664
44622
5037
25267
5104
32156
31863
37543
24821
14255
6759
1706
40357
14319
5971
28209
13963
48327
1110
25134
45994
41381
34723
33785
31801
35575
30563
42079
39608
34550
32958
33944
11822
28622
4125
7592
14817
41105
42003
27425
14868
4871
47358
19870
45982
7255
9099
16650
8590
28722
35080
1990
15244
13737
25012
38634
40216
12639
20658
14203
21305
39162
14328
19372
44304
28990
7267
12450
12497
39527
29674
49564
29318
36023
25605
12470
39235
12685
27911
32937
35744
24997
29510
2967
35970
23539
40485
39214
34995
48021
31969
2049
49216
9829
30994
11513
42219
9877
2269
13991
29054
4419
46871
18324
32873
13574
37270
8932
26115
8743
7235
33629
435
39798
48405
1965
41772
34650
28310
42479
8837
3979
13134
37072
24931
44097
41468
45933
49328
10152
16432
45072
3706
23849
15455
6251
19473
30279
28908
35481
17121
37401
33743
2624
49060
17782
11885
40878
48266
46146
17172
21188
10004
6377
1661
49690
37371
30100
48911
116
48188
31559
10769
18660
19025
6688
38068
23190
41544
37221
40348
7250
38236
2427
12160
1224
11659
30504
16701
47191
20058
23504
30322
2685
23125
13678
14936
2546
444
43574
46125
21060
3193
17151
35630
1498
41599
26413
29662
45223
1722
11931
46875
19479
33859
43242
32805
10561
37654
45794
36152
49771
23680
27681
7553
29218
2669
18594
33334
35880
23633
13701
42762
6902
30980
48680
48819
34502
44062
32206
9135
27398
38106
16952
20529
23821
47644
23997
9126
33767
23037
10083
2956
16302
28008
26084
31175
29166
29258
45870
28704
15486
4091
32880
35811
8770
30502
38524
5161
25145
22375
7887
33142
7087
531
28456
13334
43650
40350
34141
5013
16568
1374
27923
32807
20799
28894
30893
7834
11689
17674
5443
19635
36681
47012
23117
1326
7320
17900
41180
21723
22401
24034
2270
17912
5852
12376
14302
9475
20211
8074
46790
14059
48421
17669
42600
8065
32916
20924
16489
28540
29761
20454
16941
10952
35260
17384
26174
32744
10979
35951
3389
48478
3778
14391
34037
965
25340
48164
18475
9367
10992
44102
1477
43296
24728
7777
30248
42931
38073
28510
40164
22304
19913
25613
16082
22533
20835
42705
4371
18651
49350
15043
8214
16308
146
20106
5011
23320
47386
33309
7149
20571
36210
36885
21318
2083
31209
24783
9835
3407
9142
34892
28070
44328
46023
19600
45096
16846
33188
46332
44831
13414
26258
41171
47230
10182
22733
44847
30000
559
32996
45818
19410
1774
14009
28173
25354
14950
39957
26820
10145
1155
29210
1580
7269
9631
48658
49450
5315
13080
47836
7259
34292
17816
41782
5026
6129
41490
22263
14463
18947
8350
34767
48111
14752
3548
26201
49711
2895
38865
21967
38555
41686
15908
24709
44935
1026
48191
22665
36093
20611
23922
43924
7614
32404
32239
17895
23119
5621
41157
36485
48389
4972
18185
25575
1582
38171
9502
9735
46370
45467
44476
12842
34054
33027
40452
17288
44120
5470
34510
48359
27306
48372
32076
16537
1590
43003
7347
37517
12248
5755
34812
4338
30415
13496
28021
15481
23568
17755
16421
48565
24066
3427
41547
19826
35274
406
43748
11907
49784
34370
31126
42741
48115
16426
26082
13845
25334
7906
33299
49691
23664
20613
27768
28630
12618
6639
29347
1991
48162
16379
9574
40130
12684
45445
29279
32145
19646
27803
49622
39797
34417
43118
42836
7435
38035
28395
4305
48112
12855
41717
8631
7862
13062
29664
33071
5192
30105
6073
44740
17434
29612
1177
46743
45914
2149
19676
37382
2498
26197
8541
8982
7635
28277
21484
17358
8836
6110
15110
35558
11508
46479
17881
2283
11835
32952
40471
21669
6075
32140
37990
1488
14930
7924
26738
35561
11323
39158
36249
31755
12754
37538
35014
37071
33780
21711
23031
11023
19794
2977
26866
11859
47575
27635
36998
39301
31319
6903
1435
3870
32067
7865
2780
12526
15961
3714
34411
2344
24112
4937
22043
12431
33882
35311
49212
3142
15583
25741
46390
15855
21204
22692
3599
719
15881
14073
49227
30990
6362
37850
9360
47795
16789
15047
6188
39598
43425
3159
28175
27550
14511
43287
5883
10950
6277
37276
35533
49360
22395
48171
28283
44969
775
29628
22325
37828
26986
32730
9218
31699
39280
11412
25409
23325
43511
17837
27814
16702
16735
34787
39609
39537
10298
19167
9820
14564
15497
44572
4349
30249
9264
3612
1380
29341
29737
41257
26392
21492
8035
49866
20996
16818
43626
28375
21364
30999
3641
18662
23503
41244
19091
38278
13357
36329
32968
35795
9155
42353
3917
44963
26126
10282
38090
5761
13322
17849
8662
11503
30509
27867
7509
24575
2446
34850
32106
42939
21339
39826
39659
12281
17783
10146
27484
15985
3616
21889
46477
30483
7043
12056
26729
42717
7519
6379
40699
4300
40046
16867
26732
41230
32537
27529
17523
4347
35555
22213
7794
38274
42244
26548
5712
25687
29358
23649
5657
46893
11011
10203
33917
7497
32319
36801
46248
48513
40053
11438
30304
41535
43638
47989
45936
29906
115
13388
24761
2077
18413
49172
1588
9338
13250
44454
34426
49714
40582
19494
3737
29425
642
2955
28191
37636
17420
16769
32027
43640
4429
2216
21059
28860
41312
3005
26650
33446
26311
32577
16882
14695
9701
1946
2515
46830
48869
36864
1221
15670
46164
48240
12616
10244
27772
13997
14149
22279
16460
5360
37489
3053
43680
31553
17649
43659
19701
1253
27668
12199
20735
8370
14650
581
47237
48933
39541
21778
40204
40750
5748
4599
10349
27139
33951
29225
43329
45455
22035
39526
1583
37786
4480
25915
1527
34574
46012
11704
5798
17253
7062
8322
31379
8563
36896
3584
19936
35469
48538
47480
48962
35793
44929
4938
33513
31910
47890
25782
34204
25789
44489
15545
21476
2180
12536
11531
4178
45472
14257
49616
10572
29027
1100
12283
21907
5297
20216
39429
37108
49569
24247
28663
37611
8164
1820
31728
38604
10816
7983
42272
30036
18484
19107
25142
48005
30553
6715
24738
40868
2224
38507
36572
16579
5544
9063
45699
37387
37744
22939
44875
22749
32721
21135
13628
13036
44336
27085
42847
46027
10116
30054
30025
26717
20423
32340
18503
2000
9584
3262
760
14089
46863
13773
25411
27138
14318
27967
1682
22567
16780
41367
37214
12175
43449
49539
22879
1344
21611
47776
41693
17833
42667
3890
15360
34751
29441
20977
10171
13553
2900
47042
47121
4919
35775
48496
45613
11072
2996
27370
39884
8957
12834
39690
2014
21592
39944
2916
46039
5795
19648
35515
33409
18595
47733
9269
36602
2761
27910
44801
2062
657
24101
24570
5500
1431
44693
30231
8954
45181
4570
45325
2200
11270
12254
13439
26477
22844
47678
3204
36567
5667
21851
11336
16277
10417
29654
47459
36667
43820
24399
37503
10648
39289
25458
46225
17627
44185
12484
6841
46065
26318
17350
47188
36902
13162
33512
22154
44893
38166
9223
22912
26231
28531
38902
21142
45827
7394
10519
20664
44576
27554
22191
32435
38404
21674
15697
14489
41558
43605
43408
5682
24341
39947
25184
10791
28228
10271
41186
3648
24771
32104
32840
35254
18556
42835
46435
11619
1904
23781
37130
29765
25157
17790
106
7895
19818
20089
38479
24015
49276
30753
5607
41978
41515
44641
15989
24595
24729
4235
34620
6003
30869
11814
21597
40621
46427
31115
7995
37453
21384
25499
48431
49023
21543
49112
45967
21764
22877
29836
5609
48314
12831
47767
43293
10517
35578
85
24340
41095
25377
7002
26237
22528
41437
12903
30347
41306
27734
39255
49085
13993
33728
1180
46315
39556
34323
32760
7133
30221
48522
37673
17660
38097
26110
39855
20488
1448
4886
8090
21646
24739
43944
43228
40761
36819
29486
36247
25406
12539
40960
43148
21435
37648
10944
19076
15370
15934
33182
45200
48987
14000
2459
21161
7767
24557
19217
47708
21714
34942
12139
34851
1627
9092
25055
763
3558
10062
12453
17698
468
34225
13699
27200
30001
43693
41085
17160
39184
16488
18113
43078
36626
29191
8148
42253
33494
48228
12811
27468
41651
44701
37710
2574
19665
47450
8361
6079
15471
25801
269
28932
11790
48255
11213
49570
14077
48966
32227
1105
16665
31733
9375
11935
48765
34817
2252
20163
16295
23144
18468
41661
40854
33240
9546
23658
17933
30374
35838
41827
467
16998
19344
32571
41248
3077
24018
2037
4139
21077
22140
45211
40910
2011
21428
21061
46669
42357
8474
11393
43366
23511
25018
14884
46970
22006
49455
28320
7223
40089
22516
22806
1019
42274
41809
45213
938
28010
44187
32647
18396
12697
40985
18640
33706
28316
27640
43167
616
47071
24086
1419
32129
6932
46744
8502
25682
2940
5229
21645
26391
41847
18882
43008
1552
24
39205
23307
7723
35612
18299
31987
34350
43295
251
26606
36056
36058
7280
4507
18097
30259
42905
21736
45392
6696
35734
27654
13378
40850
8596
776
22761
29002
19124
5100
9774
343
26742
6972
24930
25412
45182
36613
14420
27203
40741
2879
30903
10380
26861
27523
45989
45920
24098
38812
17700
42529
47632
10029
9531
34948
5282
25582
19588
5807
32141
21340
17381
10543
13289
5896
30106
49914
7391
33197
14181
25793
42586
44155
19403
13884
20884
38903
609
6336
26425
2207
48593
31002
15500
14026
22675
21170
49635
26819
6202
3203
15657
28385
28468
40751
48411
26194
7778
39731
16169
16176
24811
38444
27810
45608
16760
30669
16835
17493
27672
49268
26636
43512
12413
8440
32582
11614
1696
648
35474
30756
16182
41000
35336
32439
7104
14136
39396
36569
8061
4880
12532
45774
6705
35182
7136
18735
77
31840
7988
26676
6399
46913
25958
49258
5173
6353
18577
45076
29960
10913
7294
31323
12432
10340
38824
48972
27943
44412
43382
3679
33813
29754
29675
19537
10938
12382
31665
16903
32025
27573
16502
23734
25060
17335
40818
18572
2720
48605
34731
19973
28564
37237
3034
42199
19958
15437
2978
36374
32707
27928
29298
29359
8714
24470
29442
44998
5822
16097
12088
29564
9660
10191
1118
45924
29443
312
28387
1163
46520
25666
6712
28511
15606
16586
19709
36394
12232
27224
3960
42692
2171
15214
24388
20632
15925
39220
27936
14696
17774
12086
26107
42881
12377
15217
11033
35939
17995
5689
14966
14207
12695
40407
37612
7446
5970
3369
27268
16444
19783
26633
20556
42412
19447
19235
7609
17606
45484
16305
3923
32631
26547
8017
31459
22758
6491
8987
16140
33814
25008
47907
49650
49290
32320
41455
9615
22690
1709
28695
21092
3754
15505
20252
5994
17852
44001
30474
37785
13046
16441
6594
14086
31025
8089
1609
32643
32251
30172
29267
14366
47074
23758
47680
36922
34485
44991
7606
17258
19453
21876
42664
46955
2676
23946
100
25490
47225
35547
24277
652
7525
27237
23074
24093
10823
28919
1637
42500
47864
35452
41619
20170
34006
44247
49871
30535
29951
48137
33370
14287
46400
13934
43936
29345
28227
44399
24711
4876
46446
47528
20939
17356
41276
5903
1219
10354
95
26762
39729
28807
36793
30478
1585
44015
6812
35585
42277
10782
18469
40799
11851
2973
15887
35963
35945
40633
30234
11760
7689
12370
48951
37879
24140
40844
606
40545
22061
35727
17099
18064
1272
36652
37800
37582
31137
45602
2145
32674
31042
15608
23436
27021
46526
9750
35780
28270
46817
28060
12009
39086
33207
27656
17360
9925
4227
39866
11989
13738
20619
17604
14110
10933
45110
35353
44404
47743
32273
42822
26745
22626
39135
26653
44725
46352
43350
41142
29760
36115
27784
17780
18478
976
3094
37330
11286
29735
5296
8270
44609
42176
45168
42259
26135
20964
41330
45807
18490
6861
21623
21937
14439
11428
12869
20436
4147
11366
18494
28868
37471
17734
19974
14995
5466
11425
40802
8943
29690
32838
21535
42180
20919
7368
43895
850
40094
24319
16671
48798
44312
44486
36135
16499
48081
33237
20046
6865
4533
30816
8558
43785
5568
32627
16231
46706
12963
9337
31572
17609
6201
15136
40775
42875
26073
12829
22111
34034
23281
34922
14949
37256
11998
38311
9268
12923
21724
2968
32275
47449
29093
1206
17170
13711
44925
32097
27922
785
6194
47857
31074
48622
45885
27796
22591
31221
15245
48855
17889
25182
19662
4042
39276
44511
8613
43771
22554
5032
37391
12560
28543
9402
11916
34603
9640
44262
29603
25545
28537
15193
13804
21151
28363
30166
26741
15666
33563
23784
13940
5422
39283
28499
37572
42988
20974
9394
1359
31684
11854
22656
2023
1757
44902
16135
26289
28588
3512
28367
45554
21482
24414
970
32762
11400
6288
33108
30746
43743
32964
45812
9743
17593
29067
29231
29886
42952
1863
33546
45634
45360
8194
42065
27707
17903
3892
33534
45304
9404
20126
43968
26835
12277
21159
29229
22088
448
9716
17717
16475
5407
32701
40083
5575
40301
46822
15751
17885
49338
36714
43011
3786
10466
34149
18769
15721
48209
24219
42559
21593
48326
3100
25049
43686
22175
18340
41586
48361
32963
31764
4263
40036
7744
9641
49331
26707
44550
18079
35058
1602
33442
37707
44685
28213
5812
37617
45893
11345
11457
41231
6324
41542
35784
26534
33079
28870
6728
47077
7933
45524
24998
32552
33870
5371
43096
2487
4598
9758
38022
21910
40095
32789
10022
43833
35271
10338
24429
408
8753
9246
11561
7739
30915
43388
18942
40324
34211
9358
4079
47703
38242
33021
38623
19432
14898
41212
47910
15358
23969
9522
13879
31877
9628
32597
21073
40852
34248
31442
29078
2986
8401
15191
3733
47981
22841
36822
2235
34501
40999
44650
7067
43187
15597
17306
48494
42773
17469
24792
19199
36215
36709
12172
7175
20242
41944
25919
21827
47239
20631
45695
23038
1714
2056
26748
24858
12120
43761
12190
5331
47659
34306
43992
37414
21176
27103
24370
44739
44041
48633
912
6198
14517
18555
22543
25638
26138
22124
14550
17522
910
39951
40684
30865
32637
27379
43876
40405
27477
24869
29302
7808
22897
49364
14705
35212
7450
22525
36840
27932
36753
2474
33976
21605
14142
20509
16382
16049
15125
8163
29329
15773
49176
6111
31530
8458
32717
34883
26544
742
20373
32475
1225
29361
10136
16847
20969
7928
891
33591
40039
34977
26883
10125
19809
1671
29599
3547
437
38534
5364
8546
40315
6700
16211
7114
30235
30950
30387
23762
41507
26781
47196
2309
17207
27386
39867
4133
8744
8903
15885
6866
44426
32718
13449
7664
42979
24804
12786
1124
45798
32827
40224
11606
19127
25203
26779
36890
2524
28017
43941
4555
39847
4544
13728
15157
37118
46791
23100
6844
19489
12099
16922
6258
20753
27854
31066
31638
345
27354
35522
36591
8831
16057
19921
20007
23338
41250
20687
20479
30323
9407
36692
15549
40923
48292
39983
28881
43996
47079
45831
40402
49810
15411
15919
14893
41425
36876
3802
697
26307
18669
14748
6638
8494
13669
41123
7405
38211
29501
38961
32177
29266
43488
41153
35053
24735
26341
7884
3650
32650
38552
159
22308
6685
781
5014
12002
25912
29438
47816
35389
45366
44260
34160
19620
35924
44400
40231
45127
23407
35560
1559
48024
34654
6887
15538
44366
45098
35679
15567
10541
11636
24493
11731
13636
2944
46849
9553
39538
9326
19044
6961
2232
234
42781
7328
39844
735
25732
38957
29316
42471
35108
29869
44771
3274
24712
20670
26027
2767
1083
31272
34393
5274
31894
43795
29396
12398
47955
38936
14594
19288
34724
19333
47943
45738
38133
47033
16024
31825
30512
8615
49624
9362
30441
40076
26443
28833
42382
36489
46318
20188
20819
46643
13648
49509
38085
7091
18977
14144
35173
25183
44149
44906
33438
4292
49999
28701
8069
37788
8372
2247
33127
37821
38448
40016
8859
35056
47842
19856
27266
4532
47016
20243
28217
12205
15975
13273
16035
14771
16160
14901
15863
20811
12857
35333
22890
32075
35291
36114
48174
1270
24017
8749
47679
33171
21853
38247
21833
12242
8404
42948
38544
16415
36171
37324
1622
40722
37531
10700
27884
26977
5959
38620
4890
21941
7071
25247
6761
8454
25832
12112
40125
28664
31510
7011
38710
27247
17530
11485
15318
29430
37363
12686
31637
43289
695
32538
28388
9603
4392
27651
45716
36640
19678
3638
23862
14967
19490
6977
1299
43397
44123
4732
45694
18073
17302
4708
26766
49933
49380
6322
21386
3153
13826
26908
9804
13774
13032
22998
29863
6091
46271
38020
35124
12219
34484
1540
48044
1556
28074
18908
8251
29082
37318
36802
12826
40284
9619
4591
3882
47238
14760
23833
23183
7731
39357
3785
13180
5911
24127
32542
46343
31032
32165
33448
3684
44503
45691
37029
41600
33590
18471
25737
5776
8849
46539
43674
14131
6115
26655
17767
6265
20259
37389
49826
39234
25482
796
35367
47605
5365
12946
45881
46941
6172
24752
18297
21037
32109
21878
3335
48416
16372
679
10740
19819
20523
39353
3666
48690
12315
14501
215
42469
15211
42165
24652
30596
38168
15882
15463
32427
37349
46920
17876
15618
28586
36283
34089
2958
21216
27434
33097
6126
24984
31430
7870
36477
47666
13205
23120
32411
17008
24445
2766
33368
831
12929
18053
12428
25451
4270
1273
48715
41903
27041
41209
22121
41473
2104
24829
4519
10426
28746
18209
4838
49979
44926
32425
49839
12327
37326
2610
704
9310
47693
20166
32846
34015
25635
45193
22847
21215
46573
9687
34953
32238
22322
23640
23708
30515
46262
42179
1148
47051
46773
39287
45732
45971
17777
17147
37355
36505
2041
18183
3858
47949
48882
44943
49194
32911
30005
6395
46658
23292
571
25970
671
19238
38847
44143
9236
44627
38109
44806
20334
42657
48656
19166
30417
15060
1566
5898
22281
23752
27136
36601
25803
37304
869
12547
28743
7646
12836
37370
38453
6984
25634
15748
414
96
18781
47263
36751
29692
553
47432
46759
4447
17931
22508
22704
39961
45579
43862
33524
34579
34696
39004
2327
45275
39081
1928
34109
15847
20621
38823
47513
11082
4592
46553
40332
48508
43848
28534
36405
35975
46715
21067
47416
48080
949
14671
10049
41049
38064
32484
43239
37040
32491
32867
20638
38728
19055
24321
32254
5557
19264
44241
29920
49972
31489
30059
33332
31872
9800
3347
22839
5440
43825
32864
20112
23235
37655
17111
26595
738
21698
30988
12109
19563
41570
1574
49859
25485
25914
18065
48978
8516
7729
31453
22300
5352
45530
13183
39114
26410
15406
41679
26480
6516
38510
21467
10954
32379
49435
48505
24088
16287
23651
21283
6470
10260
26055
46770
35255
46127
6987
45725
31394
44978
23257
12463
12294
9427
19417
33340
43527
1432
25623
46866
34708
34222
9129
4966
4090
43028
33250
20862
14159
47043
26842
42054
13486
48410
33715
12659
38669
2480
22702
40674
41439
25892
18114
30835
8599
9424
25457
49929
46799
15548
46175
3915
7319
36690
3516
31314
11050
1912
17038
1616
28882
45343
40874
9719
41621
40417
37492
20444
41508
15371
6060
30182
26102
26598
39106
9296
39085
23637
36521
43378
40117
29377
44317
49449
7725
47319
999
33868
36608
43632
35121
47400
6776
9768
34672
35176
23697
42548
10275
34736
33057
20555
469
39617
22374
26145
16265
12069
20731
37984
37112
14035
7840
18103
32535
36076
35156
8986
32639
8645
21705
38127
24596
29851
8637
10147
47953
10549
29470
35611
33630
8617
4218
12874
8397
400
46265
28030
10131
27953
36830
21981
15281
34218
24841
13861
14537
46258
14610
28482
49559
4889
18897
15676
8268
19622
19098
46954
2618
37346
28323
11489
29541
26020
45999
38164
20787
43981
31070
27522
18746
41009
18176
46336
25009
20374
43908
10874
11904
22701
47504
3058
6922
24006
15742
2699
8995
41526
31693
7608
36686
33776
49114
11920
48979
19639
22585
2034
45426
14751
5022
36500
45209
49095
46728
22040
44713
43286
30104
25120
5513
32635
45144
7492
21122
4253
43432
44544
17504
19618
47176
31009
44161
5406
24737
45986
15129
28752
17645
3215
16767
28957
36695
41638
18312
32826
107
5680
25129
21241
5145
38547
48736
41673
9459
4012
27475
40404
7455
32088
6452
7784
10027
12970
31832
47395
24010
41315
17343
27147
11102
98
14327
10110
30570
3734
47559
13655
44869
49436
27297
40882
10901
32893
3551
7953
34434
2075
43249
31398
32473
13768
22236
24313
27350
35426
3602
3958
24492
31827
13583
37884
32391
2595
22686
3708
28782
15740
34762
24944
28048
26140
27543
31669
9911
26972
35192
13970
16718
7572
18348
32832
44033
45638
47845
39824
20916
42267
41747
48082
48068
20429
5010
5427
31788
24891
32905
29319
3168
36857
3440
29217
1082
34785
17498
13840
28454
4156
13272
2195
36392
8944
35565
49333
18993
49993
3336
29809
31019
18072
3195
44563
8700
26117
9541
37621
49030
6121
15823
21643
28206
10981
49828
30671
24992
44258
19712
17063
6247
33753
22934
18568
47626
31585
48723
31554
2008
44924
18853
14211
14408
33892
35979
38773
38270
4389
23286
22451
44292
24925
34178
911
13228
13718
25923
22789
8553
20779
34076
4633
19807
25068
40998
1584
47199
4398
44470
20353
35002
3992
25045
39281
33429
26038
28295
35063
36458
7860
35457
30288
48932
12793
3694
21515
15841
22141
21282
5491
22091
26475
36875
34758
35884
44330
7837
20719
11238
1974
14401
535
28246
33112
25877
25630
41094
40569
12342
8258
43427
10399
23477
952
39636
5942
36269
12041
41493
19939
25794
21538
35437
49303
48546
8735
37139
2192
39143
32015
6287
12198
23743
8786
6179
49898
48301
30379
16222
1040
16465
8723
28694
33464
10607
40867
21582
45960
40525
22933
20057
17307
15056
47818
2875
49491
26095
16634
29839
40071
4897
48506
12718
34365
11367
49298
11293
11258
9599
32187
21375
27185
18935
49627
36506
15559
1634
20520
40964
39430
25079
36322
28788
37305
20215
48079
20597
16518
21823
29424
47591
24318
10800
44916
14472
19546
45658
20214
20557
1441
36393
6127
43363
47904
18905
26971
48438
32849
15429
43217
2884
17739
19900
21786
21703
48476
4380
25275
28513
29770
17932
11948
36804
42735
19671
3342
42941
43649
25115
25292
13044
6515
18980
24303
35354
39689
1654
22054
22968
32171
19661
34906
23954
33509
42441
14468
44066
45396
14355
11277
49445
47990
43553
47540
6307
9566
9720
13347
42212
2209
4927
25272
40468
4799
2124
25206
25775
4971
36362
41321
17477
24633
4172
31803
32136
21516
30729
11493
24508
29676
12956
3721
14557
7229
5676
47913
25446
7096
33545
35445
28969
12047
20267
12329
45502
36242
10478
4308
6541
36230
48377
31627
45665
27555
44380
967
48099
33441
2251
32272
33795
38485
44543
20627
39878
36849
24308
15274
5078
16862
11516
9123
44429
10069
33048
34405
33722
46008
43256
38802
17139
42497
17437
4806
28290
39941
40409
46213
14654
38230
9529
23121
26618
46666
15558
49414
21517
43001
11216
34556
23835
9081
45477
49920
31978
20922
7989
15367
33402
35235
12673
19861
29134
14239
15008
3751
4307
4441
48661
19214
44681
12947
4942
39751
31594
28700
9437
45027
11021
26891
4400
40959
38268
49123
17110
34753
7898
37769
5882
7309
1967
4355
16113
37679
37092
8038
45422
15634
11052
1635
35413
33113
4233
2687
6916
31109
27627
45646
9999
9036
7888
44322
15190
38523
43002
3152
29254
30605
40733
46852
42458
31383
11029
25038
26755
38131
31550
42806
9141
13753
48757
33896
14862
27426
31048
9754
2086
32276
743
41274
37507
8681
31802
17050
11434
47440
33290
35374
23772
19151
48654
37393
11576
10866
6021
1194
48074
16327
38654
33816
2637
34690
45704
36642
47778
16335
28019
45407
23271
10335
14164
32993
44827
7184
2275
48801
3808
46252
37323
47633
3671
47760
10096
17845
49287
32070
9567
33977
24678
10428
26087
10075
27998
43507
29990
18456
21560
38640
9923
32757
32358
15789
36410
42292
32829
22563
13257
28842
30779
25156
10692
18460
13248
750
48156
18198
11969
2579
481
8100
1250
44427
38481
24246
15530
41015
42880
16240
41897
2064
49776
22282
29202
27238
25268
19084
8960
39872
23221
36281
36265
3415
26101
1286
30998
82
41631
12751
2730
23982
27261
20011
44882
11272
32735
7187
13326
36319
39916
4469
3884
12406
29580
21808
15291
45319
38735
28843
11592
33615
16098
13781
46894
6874
10873
14314
25586
36120
16581
562
308
3167
8724
13227
33682
17872
4060
27538
43438
44689
1694
44389
20090
3862
8801
44207
22917
3568
48594
20038
45983
13642
15923
10940
24404
39449
28278
43355
14470
4098
46087
6914
9280
34935
14617
36570
39174
29169
5494
34678
46324
44492
29597
38827
17905
8040
21223
27205
4521
9955
39058
25303
22192
41755
47663
1679
23020
37128
24224
13309
12437
47668
37855
45670
2016
28519
15738
41749
33183
8557
18987
2089
6808
8247
24053
24144
43954
27101
37191
34507
12785
13661
23698
12391
35935
31135
37180
12703
16430
35788
40562
39318
8078
8946
44955
40331
22166
13972
44720
17984
6662
10313
30899
9725
9935
31385
10161
17112
6839
45395
24304
35722
19594
537
25181
41849
3069
5193
10192
40111
9710
231
17339
23484
37912
18372
28939
33274
37094
11535
37061
43302
30762
41762
7963
40735
28529
16530
35757
22377
17939
47332
10023
28697
41339
238
35804
38067
35242
10160
16425
15395
5672
14147
24103
27330
43170
5518
13249
26555
33846
49410
45357
7591
40136
24686
45828
43628
14632
40779
47436
45489
3647
45311
9351
43492
32413
22291
34659
41589
2362
25878
28131
28147
3680
42888
4629
43849
3189
39434
7726
20199
58
13051
33828
19909
22601
30956
21936
9019
37534
14908
41964
45290
10015
19551
49184
27941
14107
44056
20298
36519
27206
8082
23399
9610
10238
8223
27873
42936
38320
19311
23901
47390
8094
45158
46005
18138
36577
47741
35541
18537
31498
4893
13487
46834
10389
14199
9066
19155
42282
15077
1060
21659
31317
47749
17193
49381
1093
37425
6971
41757
45546
4682
19476
13290
28033
13243
32504
6619
23874
10961
8317
35041
15132
31077
37460
6964
44074
31633
17492
11644
47156
37279
16682
36148
45978
14416
6745
37357
13725
34274
16631
9752
38259
4738
14492
36481
2148
30292
28813
13811
48812
97
117
3533
13114
40155
13015
2678
34003
17444
19412
16347
37183
46219
45642
8311
17254
11734
20738
18137
42156
14904
21518
1978
33322
30469
24362
49694
47671
47738
14585
21150
42465
8633
35708
29696
4712
6190
41243
30967
49968
496
27236
26589
8472
5367
37246
9986
48852
24344
25047
35694
36323
46414
33468
38631
12332
37309
10055
28120
40956
39269
49790
29482
48989
37802
47258
2994
38307
699
3849
42863
819
49909
2002
44358
11423
45057
4800
8740
18188
9617
25677
2920
31136
22717
1006
13960
28312
20079
15817
4810
20345
40535
26949
39266
49426
30554
38407
49799
13143
5917
7981
40640
25885
11942
9403
7968
49052
21621
12676
36141
11526
10483
3294
48562
11663
1169
39448
17061
40014
6024
46181
17950
32903
11671
8493
40711
18166
31907
49987
18417
12215
10917
31134
1678
6424
31566
9354
21224
42856
15767
1849
1815
23192
24087
32553
2988
48107
18248
12799
49510
15903
31358
18466
34885
15394
20739
46730
13769
14575
16466
45593
34515
5572
32091
12106
26416
25981
297
3284
30616
46879
49980
14538
33635
6317
23949
3441
30649
34399
36185
28218
27357
9435
16856
34294
33503
43077
155
14673
29959
14448
23560
33126
11407
16115
49233
18451
46779
14248
41426
28949
48688
47352
47381
48697
38583
36708
2151
45803
25583
44051
24606
23643
31401
24576
38249
18213
23817
1790
46077
48259
20280
48847
22278
26125
45235
43874
23367
36429
28675
43143
46556
4061
17925
39672
17011
6584
16299
20618
16307
13790
15116
14031
40346
45102
14583
31472
45459
1447
32268
15761
33601
35490
29818
24803
39066
1415
4845
28023
20943
3815
15402
19015
4939
37690
18194
6997
5782
48042
43961
31685
1668
37120
1840
42221
23928
35498
47224
37096
14285
6744
6436
11010
19843
38378
21449
29448
48647
31772
5786
3176
38671
23021
42958
3361
36158
608
19657
16070
32914
5560
13302
40048
1057
38287
37006
630
19174
32836
4081
2868
20389
26006
21443
19037
42207
31302
34565
42810
40614
10219
1944
13402
40259
43657
45166
41408
30420
10582
34171
40695
40004
28659
32778
13585
23314
4124
45441
14014
13616
9309
32860
8639
48584
48854
39593
22520
45911
37961
16032
17565
44810
48930
19237
27385
6070
33910
17454
18329
352
34827
10685
8512
10718
810
28816
45059
30861
47350
49279
21322
19560
35190
2789
45167
49188
48572
42182
10135
33390
7390
19207
877
36699
36254
25733
25611
1132
8799
33634
35040
16678
42549
32580
9811
16304
17305
25777
18826
34777
3229
39929
26507
41933
38237
7864
5520
45476
3219
25597
19765
11314
43057
15766
39417
28225
2184
25123
32490
43591
16401
12822
28615
28262
1819
37175
37156
20539
49891
32296
47877
33741
34413
11296
16021
14375
30213
31719
13890
47999
191
25985
30598
41479
9686
24046
29308
30114
35480
6284
46932
16331
9108
5206
22449
41174
37428
19357
23303
34344
24081
24056
27520
1471
4502
6968
25230
47785
45462
43022
17641
44108
2571
27242
12643
38863
21180
29983
31599
30274
5132
47542
25248
13724
20343
47244
7720
48603
10419
41266
9151
4007
646
46223
24530
35893
35778
9040
43915
9643
6610
15516
18749
19000
13129
49503
10406
43965
23316
35756
25335
47610
39829
46190
3495
18359
29161
47478
36055
11385
423
10477
20963
32754
43471
35088
18590
17318
2918
26773
16609
33470
14510
31470
1948
25202
40491
31108
10617
28943
14960
16966
25839
26124
39626
16841
27317
42628
45380
32813
37976
22432
8169
27892
31921
28507
26331
38335
47900
32777
45035
41863
10432
46764
15951
10247
17963
47624
34642
48179
7554
8696
43147
23960
40836
2781
7694
29782
1266
44017
38579
10890
33266
15108
39479
18381
15495
4043
27806
36836
18400
35230
27130
675
13349
2478
1104
18292
164
25468
5226
20598
33172
9906
15728
30203
17871
26060
18318
22442
46375
11583
3265
41821
45901
14019
29723
8792
32046
14692
5062
15287
46603
24645
46218
10420
3297
44733
29745
23111
28052
34991
29522
22237
7050
38229
25966
27797
1395
33008
21686
9426
33474
8939
17188
29049
42949
13219
47769
16200
6797
8911
13325
32300
12026
31439
20387
22599
7874
21104
12765
19726
41796
16512
25430
14568
9043
5648
25309
24326
5734
39605
25887
31157
14312
2359
45758
10935
49969
28091
14254
37515
21432
5961
30709
25825
42959
41151
36497
27767
45557
29122
15185
20285
47556
19456
513
37302
20703
23486
13420
48779
4843
48501
1268
40007
44060
12733
46887
47587
14191
39892
49636
45890
33799
44862
120
41792
21016
5066
35887
38488
28378
37551
47592
44286
43594
23769
20064
36150
7147
33956
45327
6975
17435
31034
38995
8511
23556
45921
31998
47008
2346
37892
108
47912
47320
11204
5228
4748
25290
27061
23331
41371
30230
8291
4851
18369
31547
48073
38539
29265
11951
31393
34055
43843
8909
42978
12424
29287
499
11982
25842
40897
29038
49058
32060
33208
5987
24956
18876
3566
3816
31454
4925
44436
49189
8808
42932
46522
28853
14815
45895
46104
15584
14803
6328
17756
44310
49082
6791
46509
28769
13244
49136
32102
22312
16978
14968
17029
31305
32406
25607
1042
2587
14975
37872
18360
44647
3198
28909
14814
43423
35642
36991
4216
136
21769
12029
27065
48434
49387
38696
21226
38465
3002
2650
12129
23538
47966
37958
43285
30952
35904
23291
35929
22258
41242
21960
15236
1666
12320
24892
44011
14490
42011
44300
9867
14729
16962
24491
14361
41869
5320
27126
38373
14238
15727
16791
6664
31363
2646
35628
18960
31188
16166
22882
38082
41122
28653
38548
47813
2284
46860
14225
13579
28085
39780
15250
8254
21193
11303
6144
10306
8899
42630
46056
39284
13279
25336
42738
43129
4485
20105
8256
3626
45432
25394
12949
38781
6102
12130
23246
25798
49875
6419
38343
37923
33891
6564
49108
27605
34404
37082
28335
49059
12425
12312
20297
30209
37633
30029
915
27625
574
8234
32445
29053
937
25862
37407
690
12828
30300
30599
42511
47670
4251
40935
20829
19165
39073
38723
15147
8643
23043
5991
42754
37900
40949
2927
13156
44179
4753
7773
1880
7749
6352
37459
30901
29219
32063
19633
39750
15911
31008
9492
48586
32465
27503
29033
46843
5431
5441
34378
11347
24450
9206
36457
42429
32526
31015
47621
2038
28423
12475
13726
135
33040
31902
30208
35375
46308
35946
48532
29388
18167
20620
34176
31441
44382
1257
21027
30344
45615
15086
49850
43145
14618
40789
43794
7549
19910
40631
33771
44092
28038
46159
36860
45112
40338
37410
14885
1702
20332
43928
779
36403
44959
9501
4382
36428
41761
32267
24278
45622
45538
13660
4326
49132
8761
43697
43448
34238
40400
24556
15839
1210
14531
22044
15381
35940
40603
43399
20721
45629
36103
44930
12262
9618
8972
32989
35286
43053
8561
6151
20990
37116
35288
28221
25338
35205
35107
26100
31991
26643
18365
5788
44642
33273
47445
34608
31151
30565
1724
42290
39714
11105
39948
39196
10998
20761
10127
26975
41481
23854
33318
10968
36450
6214
18058
24425
36604
1605
31121
49417
49996
39745
38834
31458
11290
23252
8042
23838
2161
19612
3560
26386
4967
22552
1801
24164
36350
49890
36127
39567
24763
26940
49537
39180
24284
5160
1703
40590
36677
12136
22221
3438
7061
32407
22522
22603
31765
40196
37268
2067
6454
7851
14001
38688
24335
21097
48612
8719
15195
27109
16720
5662
42271
44308
38322
48227
31720
12783
43410
44371
16594
10857
42963
13771
32922
3260
806
2953
12706
36363
2406
31737
788
12750
17745
13689
27959
27822
16995
15063
2217
28759
45203
48739
27975
15996
10619
39378
2279
41987
11677
47216
23151
33909
5871
6942
24106
127
15331
17595
41828
39548
38418
21801
45805
16388
33159
48030
19132
21676
37203
18637
25314
45841
9125
38891
5279
9549
7844
9578
45832
18068
7813
24069
33599
39611
12779
42399
27463
29820
42148
10618
28405
1719
47095
26540
15581
2838
36698
32764
23449
40706
12264
36767
4274
12024
30425
2602
20690
9154
19590
40893
5400
18184
7629
19090
2321
4416
23263
15342
38768
9993
40167
30090
37592
24655
22083
2212
27957
15593
16202
47786
45001
16826
29072
35978
49671
16878
47551
40367
20800
6152
22762
17719
13150
20646
37098
35050
35659
24265
24823
11048
29996
47373
4313
18519
27005
30334
36084
44664
9706
25811
40932
1353
17330
25429
37834
15373
38330
21331
29935
9822
41211
35404
12472
32039
25171
18508
7546
22495
35682
43665
33467
39879
23668
28282
3346
31067
25087
13635
16203
28851
33540
10261
9033
3480
2357
972
40599
11107
1465
15533
19153
22699
28249
42814
261
49402
13034
18288
11830
5205
15350
38440
27617
6691
38626
1103
27376
47453
16817
16555
31259
21607
15712
26113
31687
24885
28573
17769
37406
43719
30914
38793
33452
27952
16628
37968
1066
8488
6313
14863
3192
30030
31970
17033
43273
10267
48324
33990
47343
39553
37718
15484
30975
8178
44425
25007
19764
22330
21558
4220
9486
20340
34214
26287
5048
35409
9548
20037
1693
46010
15832
24329
2398
9300
40748
32610
39384
47932
39170
10352
38909
40466
43531
3095
16938
28584
27462
32834
34726
6701
12468
4620
27624
19862
19444
8775
29565
18593
8496
45486
21448
7191
20625
25679
14880
20346
11332
12319
48601
28903
9703
17909
46973
22876
27716
25475
3047
1001
21912
2794
16013
42648
33702
9753
35436
11419
8795
43112
36204
18641
29534
34843
43467
30536
8461
40018
18784
6480
24113
31166
48957
1650
27663
5511
20458
16121
46293
33943
36046
14672
988
30131
19640
30107
28063
35732
25952
5092
34009
8819
4943
11622
42487
31671
30226
33229
3580
43875
18493
42564
33555
40073
22439
44551
20036
23222
32305
40158
24618
31022
16710
28522
2266
2801
36986
36387
43368
47025
24580
34601
14363
45545
6200
2464
25133
59
13373
42264
47683
46924
36940
43595
40462
8575
42867
20219
36166
17374
46713
44443
28880
26173
37607
42674
28934
10370
1938
2828
903
2534
26279
17866
6622
11741
9006
28240
47327
39324
38349
27754
32269
48229
47788
47926
10065
32574
41646
21814
36182
7555
5543
29141
893
26181
22031
24430
33711
28893
47682
11124
4306
19396
47021
42070
23085
26791
16779
11372
26568
15295
15927
21325
32572
38766
44871
21629
43609
44676
33929
48354
40833
49302
47712
21047
29335
38887
40465
45944
4428
20390
47616
38516
47630
24611
17471
10053
33401
28232
45612
13632
26352
30144
37383
23574
11279
35755
28489
16948
36040
47357
2721
41830
31842
29013
36376
28069
17821
36632
13364
44491
35654
25710
1328
44115
46963
11991
5051
31749
13056
25883
16073
6061
15164
34713
3575
35035
38298
14241
39964
10774
42531
18489
4632
27030
46374
40677
43615
6732
21377
33343
29017
7533
34512
21463
5687
32866
9444
26509
20224
1780
5028
866
42987
45221
40169
20954
49447
43269
7868
43416
11693
38144
22527
49147
17712
28369
13398
28493
15912
4686
13608
42950
1664
24872
46340
38939
23629
19951
6234
5666
298
37274
13528
49319
28327
33526
29933
2373
2115
24068
48272
18552
33805
14920
39958
20983
27685
6935
36635
32632
38118
47024
44818
26486
4665
20310
11937
16792
31782
23554
25543
38525
8884
49396
21656
33499
11550
47791
73
34624
13523
37212
30007
29728
40246
7356
8996
21696
1325
15506
9400
15145
48671
8259
36790
46865
49751
48435
39898
12841
3652
1125
32050
35927
18356
41234
26867
5556
39259
44945
38502
9417
33969
43644
20710
26896
645
8269
9207
42433
5141
21733
40463
43199
3704
48818
21844
807
5715
47075
14139
17481
11692
20813
26552
3885
45237
33733
42502
26390
8014
45710
1373
43651
19642
21787
24436
47297
37133
42544
17499
8579
2829
8047
28736
17533
19399
2237
13160
48672
16161
19967
34704
20684
24976
19184
39559
26937
2947
35752
47484
20702
38648
3521
24372
3989
33861
1977
1692
17214
32531
6478
22354
18015
27596
47911
29003
19016
16673
14638
47516
15892
44915
24745
12018
30422
12868
6367
4150
22845
20958
43892
16464
11762
32713
49330
43095
6526
22433
9067
31177
12864
8448
25830
14657
35955
44999
41160
18323
30494
34781
43203
20713
42090
29619
913
28065
44603
20741
10251
21379
34757
42831
43707
30982
25493
18283
43000
2682
40636
33193
41100
8364
40589
46396
14831
37115
22269
5155
6433
23595
23365
27637
25137
49442
26051
7156
39493
19545
9761
15444
38405
1067
20193
20524
24639
13317
8185
9508
25895
31758
9097
25655
47792
29211
34548
6393
33994
32220
3745
47843
34029
1560
32225
7099
49558
33581
16104
45635
13731
46516
35430
35446
21859
48457
22327
1791
34187
32093
23927
44096
2437
4348
25988
2322
26644
24665
3509
49051
47082
10723
39808
46775
31235
5290
31504
8935
33833
39861
9369
32506
5546
2413
4853
41043
46864
7932
9187
47143
29314
28108
25472
37321
48937
2095
12326
42845
35954
33165
11776
44872
6373
48691
46090
30388
20614
14779
41919
10235
48415
35907
21765
18266
20636
41044
37811
6374
566
16042
46473
47653
15450
37533
11968
24423
3011
11053
4359
25765
21326
22584
36294
34866
20537
2351
49042
39354
33678
43317
4650
20074
9022
39588
6762
14668
2178
21369
18809
42456
40768
6549
8703
13623
27988
1848
11962
6396
4713
37693
27644
45202
1937
4609
18810
44815
12188
36296
3595
32263
9000
28152
5771
33302
35449
554
15953
10400
12955
5989
40832
1462
36041
42325
16416
28613
27620
45808
33918
22712
14720
21195
42737
37587
28542
29385
14606
43150
2177
5762
37659
26876
482
36540
10826
25514
5725
17178
45815
21330
40770
43411
38203
12887
6669
28902
38442
39332
44531
13490
27720
31889
45654
21601
22767
33283
15410
30139
8284
37178
36669
27339
47310
34527
30991
29378
47316
32045
16827
32948
22066
11528
10112
29089
8994
4770
41341
47351
41934
40308
48166
22621
25235
6764
19485
47506
38732
4430
29527
10089
27881
1795
46965
18062
8929
19149
33673
39237
15611
6496
38932
18387
42019
16089
10309
41660
22800
49895
40017
31324
1570
39098
39048
32057
1663
7617
15398
1845
36531
34887
12164
8483
30436
16456
2689
14055
10540
17848
32593
13310
38484
8867
7814
21973
24300
9476
45219
17934
31167
47827
15075
44638
16227
40930
18409
31586
48734
45537
44884
35717
49674
31122
30661
44661
7847
39178
33826
46937
32633
14519
34983
30539
35214
9569
11056
38439
10900
46001
40947
29595
38597
11344
37868
31584
22824
16150
11373
38329
31491
10256
44277
13470
26361
26266
17265
14963
13759
36888
4206
2154
5777
20825
23422
40168
33779
9425
4140
39056
29075
5123
37831
48702
13532
25193
1056
15017
27861
39445
37836
5728
12191
20266
30692
34158
1854
23626
6629
46407
2013
26230
8292
33688
17379
38567
3110
39303
16321
801
4958
34765
4868
20312
14597
12957
43551
11155
44438
1956
48761
42566
16815
45171
23139
9583
43461
42152
26787
18172
34422
33738
25761
7826
3746
28397
15726
19200
24809
33515
10512
37946
7478
9001
45590
32006
21157
21329
22357
365
22747
23647
25719
37558
22032
23013
36993
8861
585
26808
37250
45640
4915
9992
2096
41263
46486
6300
10793
793
6052
14298
43219
34162
37081
47274
20810
598
38436
17531
20716
13090
26602
36310
3383
49213
22039
39805
17429
18289
19470
22361
3135
18961
16567
31815
6329
35877
10
7639
11231
40705
22392
28340
40432
4368
5272
47808
4378
20662
16446
31233
41727
29135
7619
15551
43265
46063
15756
7423
31540
39909
20350
5586
31881
29417
10092
11468
4453
7304
22752
28190
16573
29946
4315
45766
22745
14151
19362
27781
31804
21070
14357
25495
13715
4068
36083
2488
40730
11793
5373
33365
38094
30377
31649
24314
43613
32082
43971
42954
40256
46916
43741
28117
1379
41754
4709
28498
47691
33325
7474
33668
28731
3674
33372
13603
5723
40541
45416
24263
32259
24459
29742
23714
4379
34014
44440
21625
42563
28431
3073
18528
41083
46024
27927
42689
31081
16330
36373
44495
27186
10447
33434
25861
13923
28202
464
9323
27934
18999
33041
5463
44166
34132
20490
1339
49332
39144
31567
21813
13077
48751
14790
13052
28580
24117
36557
25139
31381
10382
18532
33260
46959
46344
27738
7857
13624
36009
7672
37755
46693
36664
5476
13201
23836
28126
19683
1315
29022
30396
9592
42466
1874
2306
2436
16078
46183
617
25277
4490
18341
25053
41881
80
14622
10391
22648
3451
27355
47732
5278
47961
48268
16574
11371
47856
1800
41308
30587
42155
14087
651
20125
15263
40610
48170
6104
27146
8405
16524
11694
37049
14552
25559
3228
9365
19231
34685
14045
42075
20495
7316
47477
41825
16768
33430
4931
11802
5094
32839
40548
21446
43043
26528
44617
5382
14753
13345
11417
43196
10627
30636
15027
2156
1753
47893
24238
34661
16848
3205
5627
28430
16215
11032
34522
12721
12846
25494
46885
39277
25040
9390
6273
9813
35729
744
32550
2029
7437
36129
38985
25549
43581
42071
25643
8857
15487
21772
12177
47494
11269
7505
9292
34530
1532
16675
311
21232
45217
28125
44553
6575
6439
37060
8209
6630
41629
21205
8955
8757
46825
698
539
25388
9170
2786
42009
48250
31722
46458
11570
5351
41786
31912
17236
1612
29459
43502
36425
6598
4829
2709
31451
18207
47073
15328
45523
15098
4536
17284
6381
20870
288
26014
34236
30176
11440
4820
45707
4381
47208
36255
4745
45227
17648
9989
26695
34453
1961
42384
17010
41486
17062
16611
30086
37908
47797
23803
3686
4690
29764
33769
26923
28626
45261
38464
8624
48629
5214
13456
34655
30152
12850
19690
16778
40218
9041
31861
43586
23334
23321
33484
41495
45080
33119
23245
35337
11062
28971
44408
9164
16901
512
17817
14861
32935
6354
34559
36956
24797
2929
49717
13271
37301
3532
8424
7997
13041
1953
31535
10490
48901
28955
5926
3621
4406
46416
29332
49617
47020
8058
3930
15153
20814
39087
14478
4047
40648
42986
7824
25349
6173
9229
28098
34008
42707
49703
2040
26802
40560
39104
42319
8765
24565
14423
31391
38694
4546
39843
31830
31839
37853
39125
12788
21239
28252
32736
45136
27345
38062
15432
21131
43088
7697
5071
13393
20418
24533
15104
48553
22227
31560
15994
9591
30771
43740
3172
39040
15485
1826
5588
15572
8173
12562
30218
46597
34638
11990
1360
18748
30744
26736
7919
14687
33510
29841
35633
49725
49327
5207
28364
47924
35806
25144
31565
11002
16696
1610
9817
30819
26043
2052
37634
33618
8290
16362
35027
11740
17704
45130
49441
29642
3907
23936
21510
12427
27848
30385
21822
20010
19689
33556
14561
37635
37176
624
4674
25229
12012
10039
36261
30867
12367
28998
45722
47896
30520
24392
15431
12951
39000
43482
11045
4167
47285
8642
27638
41701
15313
28965
41658
33670
34396
27424
18829
21678
37957
45146
41774
33261
2600
607
3391
1936
30358
32619
15774
896
33176
28265
16954
35074
8870
36382
12485
958
45788
31114
32423
48729
16730
25173
5981
4509
31403
45417
43132
39094
18025
35545
10886
8271
20229
49038
7
45765
32313
35686
35159
35742
23717
48928
40510
13138
6409
11546
8180
40389
4475
31626
11983
36942
24591
21347
41102
12612
44424
30780
39703
32370
22885
10760
14414
10849
44665
15031
44561
10612
4465
32323
24571
28064
28669
29291
47140
18900
24681
16875
16159
39112
39474
47344
47063
28182
16788
21709
6740
16276
5741
40221
40940
33657
46220
25067
873
23798
40555
23957
25578
6754
40198
35097
19355
47664
4266
5428
7393
10599
34779
15383
43893
41048
3302
40675
16979
45197
18943
20108
26951
27107
6325
20184
9139
42510
21706
28581
10491
19279
46029
23434
17665
44031
46422
27478
6878
1518
6410
29973
28946
10859
37848
13218
5783
2433
29816
14974
48834
44376
22597
37327
43476
3536
22309
6357
38952
11197
31342
11044
30555
42621
9213
32573
21677
39082
18719
309
2276
20647
15498
1018
9880
37478
39256
4867
48741
42783
3640
20569
32005
47550
35738
31297
25192
34058
29739
48333
28620
13692
7540
42541
22955
17064
29198
37315
23174
13458
35172
6327
44948
6346
32890
7669
21422
44722
13339
20152
28284
13542
36974
6713
35528
21953
23480
49017
32710
1644
34189
32162
6811
29536
35577
843
38920
33894
37491
10691
38325
18398
19430
47812
43933
22711
44688
36490
48648
31485
41434
31522
14344
7055
22190
9550
22107
15418
9456
4395
33841
21477
24899
48382
18367
14924
22171
11349
3876
39049
803
45271
49530
23819
31709
35387
26195
21972
43972
5573
10307
8936
26786
26089
32913
38396
17838
30886
41555
20102
40938
24231
1892
44145
42398
33407
33984
15513
16797
25503
13251
40057
49991
25391
24136
2339
4912
6245
32148
43999
4165
13730
11781
9382
18523
19391
26353
15718
22482
37395
34066
46686
38933
10172
10714
30637
38255
44073
43669
20047
41523
47580
46380
48780
12972
2775
11829
48319
4718
13990
1445
26417
39412
25946
37671
39130
16743
45199
49185
20727
38397
28273
3845
27758
24921
33384
17103
28505
15099
32769
8881
31515
4154
14390
36167
44432
4758
2582
31792
15152
8806
7210
21338
31248
31232
18200
1529
7438
34610
4450
745
47888
39466
2074
729
13513
33329
23460
18976
46700
2397
4045
38128
9878
38148
16442
8981
11218
4230
17196
27951
3489
18786
13694
21935
48902
44779
38248
926
28306
38356
2358
10687
38355
15362
9895
28321
11005
10934
37245
10798
42607
16209
9256
35003
15531
36005
13786
16738
38929
43271
41573
26580
7559
28404
42092
30677
36250
22210
29921
4055
28197
816
5270
29086
18539
2711
9511
3337
40978
32335
31884
36851
24452
49467
22104
3709
36003
47914
33009
11831
15010
40690
19277
32244
20485
38065
26910
23042
2694
17633
46931
20499
25996
35992
14374
39927
38114
49354
19953
33259
46399
17213
31936
27895
32346
22343
9047
24567
45747
28415
25112
4523
30073
47719
17484
24827
11051
5424
32512
44459
48540
23898
30937
29042
978
49596
45687
49329
38919
5827
16657
37400
39442
14095
12228
26019
11015
15269
12095
35029
36660
49160
160
32533
39042
37658
7216
39436
34095
45932
30365
1808
8589
6930
42285
20319
24147
44126
14978
49902
6547
24592
2760
12122
19431
39771
18477
35241
49872
4984
10611
45412
11283
39124
30920
21575
14730
8253
822
1542
48182
44610
23576
8208
38607
22240
39009
2042
47159
42515
35403
16560
41698
7922
16870
6509
41804
31291
42681
35433
45995
2137
13680
21974
30108
48749
15592
41879
44867
28785
32815
17893
31076
17628
23823
17040
35680
32904
902
36196
29420
37520
24432
35604
31949
22101
48927
19122
48486
34207
34597
30023
44536
41277
28132
8325
634
17246
28309
19908
44791
23201
7663
8406
48675
6512
10098
40352
3665
1386
10214
42724
21952
21818
19928
74
23622
2847
48453
40858
33887
49858
26807
8738
27846
36159
34478
18054
38707
8992
5540
39624
6821
23208
9698
15042
5045
31417
8019
46122
49888
1829
46647
23617
36988
19386
1803
10993
6985
41650
26349
40123
14352
11943
1550
17672
19378
8438
35219
1933
32226
26868
9639
22170
23091
46976
26009
23397
30549
28550
20398
48781
18927
41279
35605
20077
44655
21745
3672
26449
21087
45372
23744
48114
5039
42263
10778
17229
783
17001
28234
44435
18061
18624
43098
14922
44008
40399
41563
3837
38337
33104
24969
18951
31065
43157
45896
9671
31096
20757
11588
20412
37686
14708
17287
45142
25694
37002
45823
2765
33444
35368
15242
34182
21803
16293
44085
43443
11690
24658
27544
4472
29047
20382
17261
24553
27761
37316
50
6026
37988
7901
6788
21681
9689
44753
42739
24672
7708
35796
34027
6677
29402
49027
19538
22382
44851
40436
42269
42000
14265
7171
46152
42946
520
26332
13403
47467
8075
1713
11472
49966
49795
9387
48001
37500
15931
47305
26402
12373
21197
32204
33876
28231
452
48537
16672
29117
16274
17810
39756
27634
11207
31873
4437
20493
24736
5789
3154
15617
14392
39333
25818
5866
45299
21687
46627
2384
20061
15235
27014
47089
46576
26899
20526
8694
44205
9318
49159
14521
20997
37528
39914
18600
24626
33223
34981
179
28605
7120
37864
11149
48895
30224
34337
41854
24391
43005
26767
3420
3711
34907
28899
13155
1640
39473
42138
3487
47318
40862
2749
47194
10647
23992
31413
11117
35956
7551
13502
47736
8192
17317
40209
45078
26403
20240
44009
36060
48161
38628
11234
3843
28043
34330
23844
18505
25286
10368
20852
5804
40470
1227
28114
521
11075
25833
2215
11401
9611
32691
3942
2447
10211
46529
13897
10421
2429
32705
44789
46523
22723
25770
20650
4097
17408
5708
32094
10017
2058
4895
41642
3716
9762
16811
4856
19486
7828
4515
49862
19932
15300
18667
28263
14918
19168
1290
31754
39292
349
3300
24153
41064
31763
5211
16606
23352
34474
48442
24878
17113
41696
21732
34860
27068
1725
26925
41117
21395
20330
9759
38511
5951
27106
22642
43568
27127
3291
36726
46480
2411
49054
31224
40503
29903
18896
8479
15445
714
1302
47834
43182
30109
20203
33413
33146
46962
14540
17137
22973
1561
18394
37247
26535
25865
5856
13634
39604
33531
42356
23972
35808
46663
2668
25187
4513
29387
46250
27610
1458
33138
34358
32499
42326
9494
34923
19744
2325
34688
25122
3358
46143
31206
9946
44692
37986
4033
48091
25437
44294
4666
18920
4155
39499
1858
41386
26272
11823
3774
13367
10416
4568
16391
14852
27234
16146
187
32382
9321
13069
28885
21158
21075
40306
18033
550
36676
27172
22627
7815
15154
43017
715
29679
26734
28593
14761
39649
8298
32607
3818
33385
1011
28951
37584
19468
33366
42826
29172
39480
12533
27209
21896
20248
26549
871
5612
29363
32758
2827
24363
22116
46144
3780
46754
46062
7266
41980
43985
30451
7299
5968
22534
8295
40723
33447
38263
14080
23411
47927
43117
19
16583
9102
29284
47986
35370
47265
45909
48684
33860
45431
4623
7345
29789
17896
1109
4323
42533
11421
15678
3549
39822
21885
5895
39922
16996
2441
9524
3027
39921
45641
34752
19474
30919
19795
28822
39008
14266
34986
46518
9374
1187
49816
37763
38075
31372
10351
43195
18452
29018
4960
29037
8782
38043
38194
19209
24643
2466
21525
40637
27481
22050
28198
31994
2570
38056
8654
18223
15706
30061
29306
6595
38946
27999
17680
14835
25971
10505
181
36784
43440
39213
18265
26398
14873
36234
43253
39103
9049
9332
45233
44829
25647
41750
49629
36367
18989
28107
6464
20590
43942
45575
11595
6493
24888
49594
8947
22180
30660
14987
789
34293
15566
45081
43009
9912
20758
23794
5336
4239
8302
32513
4278
2082
45979
49662
28976
49201
33945
46964
17882
10319
41677
48897
35579
62
23033
28410
16437
20263
6815
13266
37895
16755
21954
13256
34518
37992
40989
19162
34407
46134
25962
13416
31490
19289
6735
5492
5301
41505
11903
7967
2603
42451
20706
44046
16610
31799
34891
49306
40363
20615
19985
39358
43744
33571
49533
40483
31734
33862
41141
36357
38354
38677
1484
19359
45023
10388
40247
15327
5098
10922
45077
38662
44177
30157
39993
42261
11936
27418
22872
44141
20771
25507
19341
34179
7657
48848
12666
29106
24345
23468
46757
26902
35773
38866
10154
36241
28840
37365
10052
41770
193
34079
44774
7456
42201
47970
39389
36937
9175
17324
45134
21891
43243
38590
7317
2112
15440
43899
38370
10468
48894
30618
10667
3130
30727
14986
42534
3071
25010
40115
10269
12678
27533
41056
15349
10681
47222
40927
6163
25257
49793
17274
38853
15234
16883
42347
31444
42991
25220
34578
25918
30519
5503
28305
38185
35144
41404
48128
45244
11243
24746
42367
23768
37624
14362
47705
41740
31785
5381
23952
46628
2981
23211
32285
15511
37629
45297
28634
3146
15976
9159
11839
23145
40360
26516
27417
10524
25401
35852
9084
40114
27826
15577
20601
27777
13666
45874
21079
25890
19046
17635
13231
8434
8545
34226
42426
29238
43351
20605
25419
35821
9219
2383
41875
15669
34568
21831
24524
42012
34802
27506
32928
19525
6495
33069
14533
26367
39400
21874
10547
16500
18743
24642
4201
6751
43268
15787
46270
24873
1156
9056
49048
3836
9011
18244
31745
2463
8848
38663
21654
29757
48627
12038
35900
12110
16454
14011
8653
1244
11509
14251
43456
24513
27748
21341
24814
14098
43863
29416
37526
15745
34784
26551
8548
46295
30545
23665
43458
11281
12224
11154
3096
23129
18003
39939
35236
36657
43188
33656
15846
42912
720
23681
21684
31247
18691
7074
17228
30832
40929
13126
2078
15928
23282
1877
30940
39209
20497
43204
504
29704
29158
46002
15412
40085
5636
14178
46897
38416
11587
2835
41214
44250
47106
15786
40195
40131
13896
1151
29684
33637
46158
3535
32159
30548
48924
1565
42789
47443
30710
37497
26774
12104
3009
388
5256
4370
46266
20976
2415
749
3221
45517
24260
13371
35018
22172
46972
6718
29708
49118
5462
28524
26615
29383
45457
47934
40981
18774
48527
13189
10009
31340
45013
7944
6290
43671
38868
15266
40552
5182
11013
15264
24794
44537
1746
5238
1178
39036
15816
45633
40605
29479
4675
26714
4992
42677
9816
26688
7387
4983
6479
25937
1416
25017
37502
46688
13446
40970
49901
37054
8044
34477
41961
18771
24597
10507
31779
17382
14678
8894
33812
25924
22489
44775
29251
37561
37372
29429
13966
20323
13092
14762
42047
15356
12426
47124
36282
12648
34900
4649
40478
23738
31426
37934
32833
48364
40005
38342
36059
10397
23086
46710
5439
35987
2680
27675
38831
28708
35544
47294
7960
19181
16851
13837
43737
26091
39648
557
36233
46354
47217
26196
24646
7372
10717
47745
37904
3426
48548
22719
21930
38702
25469
19899
11256
26488
49175
34379
28791
20818
24413
24653
22921
40782
20998
6058
12942
15916
20920
5514
23755
46362
48116
28878
5555
38285
8508
39050
41785
39794
15781
42574
33815
43590
45961
29700
7220
20001
10059
42368
20299
49857
12487
47520
49687
25701
32290
12379
1638
13839
31507
37215
43276
43906
9319
25668
2688
23541
18957
25697
31673
33414
18979
46075
31705
27302
20171
26665
1015
42895
45599
5796
3132
26154
23276
41907
49880
39524
23353
10696
4498
4734
19801
10284
13601
12804
43542
16324
38039
49127
5996
13627
9637
1312
44799
20759
23825
19138
49229
7722
14368
46055
6617
27510
20748
731
15868
9623
5489
34269
23787
10640
6769
11346
32539
46956
24654
22572
42198
9973
39959
11654
24203
2385
48745
6910
13721
4961
28093
7322
49200
4645
36446
18095
21358
1397
39275
45632
32085
31473
44887
1467
41958
37595
42813
4560
30383
49106
1665
17600
3469
4797
7473
20562
34327
41793
1089
38869
28514
26723
18161
18264
5251
4228
15526
25658
43313
1501
4860
31086
21784
5178
7303
7500
21002
13497
21695
20578
41313
23298
23924
22017
11739
39839
25784
32830
1535
43457
11889
17752
3597
31831
6607
19334
14938
13924
2985
37198
25438
21502
6015
41928
34542
36089
15878
25548
2512
33793
42733
36346
1246
49002
14170
12664
45342
29512
35981
33694
13474
35751
36607
27290
28184
16207
15079
4143
46046
6494
18831
12624
6806
23454
752
33788
8248
39064
44989
47865
7875
4887
23435
21258
27584
13507
12011
3078
168
21865
7238
9830
41939
37680
19071
38014
20985
30928
19654
45065
25226
13151
37197
28506
13921
1871
318
29578
40118
23199
31964
711
29399
25911
38314
44345
26605
43373
2818
28313
37490
42026
45114
19677
19308
43301
21066
4824
24818
26442
11320
29129
44468
26720
71
7181
4374
29108
15240
17585
13911
31273
49678
15650
8523
22972
23357
29394
30679
5549
47426
38913
41384
49689
4630
7143
22615
23205
12937
46015
410
22930
43572
25563
3364
16447
47028
12083
37162
41986
28488
40776
2532
30939
25531
47323
33204
40866
5593
26127
40780
6551
16863
33820
7065
30800
10754
41166
38284
32210
24573
4866
23324
40312
2361
28718
32872
46434
1457
23189
27902
37940
44020
35442
12358
44613
21076
2065
4625
35422
12003
25084
11034
49965
3173
1508
19210
34392
23402
8442
48448
37767
17548
33592
29588
42031
10976
38807
39579
18317
38562
15853
13111
24955
12739
49786
1984
25524
47673
4304
17688
18578
40820
49
41840
12742
45753
39072
32694
24911
15227
14330
12800
45679
12223
15353
8125
22148
24456
33453
15169
49660
4512
8612
48922
34092
413
46177
10594
17508
37863
37851
28422
47471
46968
17657
26098
42359
10566
26890
23157
29847
42996
32857
21007
11160
17104
22298
15013
30168
15018
29670
8998
46655
36761
19954
28163
9352
20233
6434
40112
26903
12575
16809
44302
32877
19272
4705
22329
25489
23598
1687
31613
37025
17215
22505
22532
3033
47887
6952
27622
23068
13022
35624
34529
16522
36377
49755
3398
6077
20579
44897
15270
5276
28492
35902
34719
39160
9512
31250
35801
963
10103
30222
27528
31303
15739
29149
4816
8204
14173
30340
17930
32982
30448
14405
11456
21900
12025
10753
19957
5824
15033
13260
40030
31746
23818
33389
22477
15200
43240
38676
8109
40044
9929
36034
1587
46859
15805
49818
34600
1589
35164
8526
38432
48054
13359
28777
27273
41228
1675
43038
4655
29243
49976
35882
36963
20820
43805
30657
34675
40861
20083
44076
39463
49514
2348
450
3254
16067
15248
2340
9509
32528
39481
13560
32456
40323
37965
8973
22773
11171
8752
19755
41301
46683
10702
21616
2477
48678
44880
33649
27917
38207
34593
17459
15166
21198
47923
34331
23272
40804
4725
48378
46614
45009
2545
12915
4383
29300
23346
4754
35171
35340
49910
30081
22604
10179
26427
4854
31334
12771
6885
10565
48805
4466
40163
45090
18846
22467
5359
29655
601
1059
34174
28995
28271
18688
42108
34286
40408
48279
27144
2817
46430
11208
2813
18738
24261
29152
45043
1175
9873
5834
39571
23193
13525
16452
27087
20572
36520
27037
14484
9990
38132
39007
7380
35473
8111
35846
34880
39830
21301
2878
35961
47898
46793
20234
22670
1130
11031
18339
24169
18082
21855
31360
45689
16776
47560
43520
10601
30812
14601
3339
37652
36012
21385
6760
13202
46193
38896
37647
13058
43451
24787
1624
23493
16752
9691
28616
30429
49259
27230
8649
2131
5969
24657
32690
46668
37688
47227
25781
41322
3999
16429
38643
41885
28720
31367
42523
32194
35513
19799
18965
6787
15963
26772
34589
4755
34980
6456
34555
2369
20135
16534
3719
17270
11429
24427
39543
32494
44586
37985
19094
23602
37740
33613
5224
19492
40075
20982
49001
10033
484
33093
4996
6392
40225
3087
21565
20164
4290
49911
43979
3196
14499
20453
49736
27661
22807
6641
47921
48720
38087
6308
6600
39784
20140
22130
25240
16068
5931
49044
28918
14376
19523
15663
15594
11492
32679
25216
22862
22947
40903
7561
45107
18713
27984
21244
9430
47654
33972
33338
9478
19737
29842
5117
16139
46347
13235
38632
34088
21162
33674
46878
29586
49574
8072
48199
16410
954
1127
17461
16127
41476
2821
27351
42965
1283
10220
4249
33383
23555
31469
36523
47822
33346
5430
44469
27599
1806
4835
3122
22096
6966
16412
12054
23732
36467
43367
21403
48267
6315
214
1058
39570
33913
9464
9736
37577
2186
23492
16433
39366
12984
19778
45162
26222
20457
30985
40908
41605
30121
29872
10684
16644
46525
36194
27412
16622
4297
21867
1348
21034
42825
2144
13451
7746
16409
16055
49196
3479
45900
27040
48747
8333
2320
42599
27114
32997
32270
6666
37260
18497
990
47269
49887
41387
33298
36555
10197
19425
47855
2476
38872
7188
45965
15421
36994
11881
18575
4361
35134
41457
35064
16261
34075
9227
30566
38036
40252
24327
247
43828
44596
41375
29120
46926
2222
29561
19081
725
453
44327
48299
18750
32814
21286
20816
29343
33737
44861
1785
49495
25649
23348
4319
6579
2752
3888
22697
5253
43559
22575
31438
21480
16392
12757
26424
43749
37599
12265
46438
7060
10921
11765
13823
9894
41967
7718
3766
12046
9271
21702
897
7441
16255
30680
37405
22834
44578
14931
39336
28193
341
5055
29680
40289
46163
6426
36838
13307
21534
16993
8006
16626
2452
20118
17706
10551
12253
13460
5787
27647
4226
16080
41864
12352
41710
45770
9201
18714
38785
15902
4026
29543
2548
13736
25261
5877
49792
13473
23161
38437
7296
36118
42436
15852
11291
32763
37933
27326
44601
27272
49932
43462
24927
12758
42595
22069
23330
32048
15870
29079
27646
888
34442
255
27710
26675
33312
49286
49517
45113
46481
8883
29215
2025
27715
42994
1437
14547
14718
33583
41061
33481
4741
8039
45625
6056
33979
23405
9469
35858
3846
13396
49896
11127
18574
34153
28520
21688
9209
49115
3240
27880
12561
2586
10228
38703
25807
19452
39792
2050
2773
9153
48399
6561
12225
30170
46869
764
7937
38709
14736
31329
3817
12155
17559
16719
37319
40421
19679
16652
21381
47940
41585
26080
980
40453
5814
28058
38656
27485
20751
47336
7829
31346
1069
8669
11448
9534
46448
26546
17570
39388
7980
23967
13238
41639
44212
21481
35441
31660
1126
43091
34839
905
37084
37893
2882
20128
32600
7214
32969
28135
47641
44510
44107
22231
13503
43280
3322
39681
20533
24421
24822
27310
45516
47642
7297
25525
36770
46664
41812
20772
43328
44165
143
15752
43322
38596
23785
46294
12488
22695
20045
28071
7189
16830
14792
16105
17475
43658
5785
43347
544
37738
11328
5292
22284
36679
40237
5507
5372
133
24389
29569
44886
34943
38123
11427
10439
14291
12584
9971
18420
1971
27847
36203
18643
37765
22275
31798
8005
49301
23591
38468
28937
35264
35191
41431
4723
16175
1033
14891
39981
6370
35024
47198
10180
36697
17259
28585
39555
34591
10880
35147
11365
34747
15829
21679
42462
46870
2702
45439
27233
27285
35891
47200
11465
24431
36859
34237
21128
47775
38267
32028
5158
46319
15133
8904
37919
6184
2484
8980
46113
6266
28118
9034
19327
30341
25876
21053
23149
44735
17675
4120
27363
47053
12229
48705
9087
45482
30708
42193
22411
17353
20496
29691
45022
4190
12859
11411
14633
46807
48006
1592
7927
47150
432
41314
37734
10365
5444
34738
27291
39753
23660
19652
41396
28220
3417
18849
39465
1478
39933
11519
29556
30696
4604
41275
48620
15952
28402
35616
2764
30191
44629
27167
47533
10653
34235
17563
26789
28905
39821
43672
17293
10198
18206
15105
24924
42753
28874
30935
10516
12952
34482
11430
12890
45903
34893
19350
19911
2894
19715
40987
34067
18022
41604
43577
18187
39629
9284
9564
29081
30380
24844
38725
14272
44057
38076
7106
34853
14573
25056
29827
28762
19754
44267
21791
13131
1243
14274
41195
35399
37910
46300
14839
22942
18132
1945
15424
15896
41794
30051
13505
3090
10534
11620
34937
25926
3793
34131
26875
5768
9467
45539
36495
8057
25405
6010
16436
28066
24759
1906
28667
7231
33425
13515
4210
9928
15701
36593
32944
20876
41147
12555
39219
16649
32248
38794
3253
46559
12528
4034
6471
26704
41745
20722
40624
31502
25323
6663
12809
3062
3430
49941
18589
16756
31149
36274
46594
48104
26184
10216
620
1140
25888
28495
22075
26321
6358
44090
8772
13366
26256
25641
3435
5350
26423
34045
47380
16929
46835
47744
19749
40671
18139
29590
43982
42423
29176
38489
29558
25097
37285
48881
49769
39062
16194
36164
48180
8640
11093
7543
36812
16496
24734
39802
31648
25189
31296
17149
45019
8135
4331
12255
49013
6100
25178
9493
14421
34918
8092
36418
2185
9450
10258
39362
9980
41207
36934
33732
41167
11140
21103
8380
19384
25577
30146
5137
2468
16419
9279
37519
20908
40565
47195
2297
33341
28301
48856
48995
7461
38193
40537
23349
17603
9601
48519
41534
33857
8028
16844
30717
19387
29128
24601
32176
35210
40035
16894
3520
12096
35972
18186
20612
9016
45500
3344
6331
19141
46909
2409
5508
38410
9565
3276
39003
12090
45752
45684
26656
41527
28496
3436
2533
41824
31920
23690
14143
3072
44359
5886
38046
34016
6417
14502
23517
33225
48078
27438
37700
43860
24762
5864
10894
9243
14422
18012
12233
12835
37801
4301
7665
5769
14452
12922
37616
23531
39360
15518
32452
5746
19080
26520
32181
37059
27228
14202
24120
32222
40147
8750
2615
34113
9477
46867
48551
35928
14636
44299
39126
13784
347
17263
48936
38954
14053
38060
31452
27518
14543
46990
4327
18128
26066
45150
16550
9042
9597
12161
16619
5218
45010
36983
43956
24157
15230
29056
23279
31527
26343
6989
27135
5318
10997
14280
43514
20675
11856
22884
5677
20965
19338
5112
2853
40100
19058
29828
45526
6535
31990
12812
40915
27915
4543
34972
40608
11241
29138
6212
40809
25228
48307
36757
4595
45829
14851
1154
23465
20394
5447
3316
3475
15128
23522
45934
46403
15226
33473
5258
45131
18833
30947
41636
10046
37602
47404
11795
29693
29340
26737
48760
12252
26705
27547
1852
17836
41452
49198
9064
39871
30116
47231
33983
16023
28823
4883
880
30694
20273
23475
47509
16633
5624
29463
3838
1162
49277
39631
37233
19035
6001
34268
15909
18480
12016
13765
1146
26366
37627
11913
9589
20056
19700
10755
48547
4069
46690
4403
5749
2004
47662
11042
30796
24159
27440
47784
42438
36257
33367
13100
42335
38886
28092
11613
34727
41896
44248
9235
8341
14742
5999
12263
21109
126
36244
19202
47064
42618
1472
2928
29605
38225
41285
28728
23389
35226
42283
3025
2907
43121
43681
11443
48400
4839
35553
8255
209
34577
18399
15317
4486
44282
35279
5610
12889
38280
22198
46184
21647
33160
37832
43850
33270
12366
46114
20521
23557
13567
21112
39229
7289
25822
9871
40220
2576
8101
42396
2659
24229
43940
40074
20303
6693
34532
49493
18966
27288
36957
2352
27328
44373
37914
36717
16047
5891
30875
46815
47389
42972
37565
9090
43447
37996
41861
26651
479
14387
25264
30477
23084
10048
45273
8348
43165
39435
33163
14856
5733
37325
35464
46279
35122
48822
8691
42989
24479
40573
33930
24866
25935
28961
1759
15744
48149
31855
150
19687
36510
33033
21431
12107
38878
46493
28112
7812
41994
34705
3545
11525
18837
11454
32887
3112
23400
43995
26764
36156
7261
4932
12927
8303
10728
18296
33638
9517
42246
38179
31582
21413
32971
34071
49275
44730
29784
23247
3463
43641
3115
25757
39409
26445
15664
8572
16051
40096
35309
40107
48076
36605
45657
10109
6385
29573
35496
16448
33703
26818
47254
31918
18892
47782
39668
36906
13281
14091
36370
18807
49796
47465
29913
19808
20245
35427
43929
43522
14123
23466
25645
26291
36668
38199
19096
43886
8275
47608
12803
613
3326
2908
34508
29799
11167
37881
2979
15720
47340
36047
10663
44128
22147
48507
3194
6123
8901
41803
16783
3329
47656
18633
27521
17503
29224
5265
40382
44103
24904
11696
42597
42076
15005
28453
5454
44333
1648
44318
33215
5420
3578
35015
18193
44385
23525
29991
28409
4879
24035
32544
49346
6107
24670
38177
21720
35660
8868
23859
8467
29456
30995
39028
6062
27124
38154
23269
8346
7952
36209
21729
20227
11257
4071
29932
40634
40626
21141
34957
19773
46876
2032
33074
47031
49899
48284
29177
10177
18676
35607
17348
21089
6170
49323
14219
26389
46915
11523
23459
22628
18655
19254
34369
27862
8547
27896
17413
23356
29220
18124
38787
44532
6525
27359
25898
21177
28847
685
21699
38977
44611
35297
24201
12535
3223
7161
8224
39811
35287
27595
9216
19544
20002
32652
19601
13980
20913
23312
19437
10625
24412
34721
34450
10085
21147
26828
47032
22093
791
37374
47564
44072
44063
49630
37600
16306
15249
29155
2513
40921
34100
43459
35618
14958
31062
7006
8687
3166
981
36628
31279
38809
21005
4074
30298
27384
23147
22502
27188
33235
48797
43546
18991
35373
37886
48185
44878
29791
29223
17277
20960
45782
18241
3105
2238
20501
49747
18706
47866
18378
36461
18067
16548
34741
42222
7563
31635
42342
24080
23890
41844
15642
11203
25449
6204
25460
5168
23005
29792
15743
10787
48707
26322
24198
30540
30987
41891
11134
15458
40984
20591
25773
38799
12722
38683
13187
40683
24989
5307
27222
23499
26586
23951
12302
6040
16495
5932
4985
7941
7866
31809
18135
34270
28298
14660
34091
22660
194
37433
36372
27301
16058
36527
48322
18565
29910
33608
17242
14844
17126
9421
36511
36340
43128
10783
5719
12385
6852
49978
24496
6898
46675
12429
6221
3492
37297
7057
29643
24374
52
2045
22310
11187
7222
7080
27318
10243
47628
32168
24813
45750
29671
20086
18374
35338
39769
42151
3501
7468
17861
221
4131
27812
11593
26906
43061
43714
28115
6000
27593
16156
41165
37123
8385
21743
31843
16605
3042
47107
47939
35316
38279
22810
44917
29666
42260
30237
30016
19962
45529
32418
6462
23457
35594
21289
42571
19632
46810
29657
6224
19133
18716
47798
44559
5418
45873
40447
24004
42636
25149
33685
17225
25447
32525
22803
42153
35552
5655
32235
28975
7327
6275
19356
47256
43205
10008
519
44214
6267
49178
41955
43667
31590
27066
16404
31667
43676
28332
46993
14993
21957
33922
40922
48489
33422
22580
20589
21566
26694
5275
17048
41979
25424
36002
2736
41317
46989
34947
40248
39768
35266
41436
29952
2970
34633
31612
31725
43947
24280
47052
2183
47811
32626
48738
42937
47109
34636
33690
5236
9190
1776
15181
31506
31898
35733
30508
40291
17701
3376
42525
18671
46088
25265
48261
41467
22860
4438
49068
40778
24826
37857
45262
31144
12996
2318
11817
39091
3800
40461
31011
4736
33459
43229
41071
20396
22057
23988
12858
7247
17820
43932
5561
12756
33881
22595
36155
49716
4640
9890
41855
49925
12241
33848
34716
11797
30101
9473
17349
40880
8891
41810
12182
7324
10259
13919
6667
34504
4869
6784
23642
31127
48851
18864
37781
16724
35830
32861
4518
27899
46198
19816
31091
36554
18429
33305
15304
37694
1830
22226
10658
27054
28988
43727
49765
16249
19942
47215
1828
17052
1292
43629
12830
4354
49753
32623
23019
11063
32584
24707
1908
39421
10460
10222
2722
14662
13609
49055
17919
18700
33698
43812
5874
37698
14962
21895
6309
31528
20712
30699
35995
15425
9694
17244
38283
5497
6268
34902
44683
28113
46349
29337
49142
24750
5729
13824
2218
49835
41999
3851
30648
48222
27562
24619
8564
42598
18606
4771
6220
3702
21272
41984
46398
3712
37087
2558
39565
30807
34354
31088
42669
42058
26518
33798
15565
20685
8
48234
13592
32521
33228
14138
17897
2531
26597
27956
42632
7713
31813
37240
48047
15680
2387
33247
4671
27316
30542
35259
13554
27235
27652
22018
39376
21664
29339
36617
41420
33665
7262
36850
41226
44301
33775
3591
46229
31440
46060
6828
29834
29730
6302
36901
18515
35455
44452
13849
25920
26218
35901
1310
3012
4433
29649
26393
9726
30113
38625
14828
10643
37356
24805
46247
2347
46739
2486
36213
44442
36964
43949
42849
48646
10695
13465
16798
15554
37124
16589
7103
6257
27712
26959
42453
28590
3043
44396
11036
5433
49181
43059
10040
33133
11099
49294
12168
36383
49524
24706
4724
21426
38341
46412
42409
329
32061
2326
26566
9217
13147
42236
20422
49768
10287
12044
49005
34905
1309
22437
23374
17757
41289
17321
33306
34081
27338
43617
35829
8588
6960
39833
23937
45248
15880
47271
44409
26711
1064
40538
22400
936
32557
3657
26421
26153
16770
40701
37375
23498
43563
43177
4422
7033
6305
37715
2739
42653
12620
48570
48418
15378
7583
49282
14807
23045
7923
38504
1943
5262
4137
37004
1859
7537
5419
15176
37142
14642
6716
14921
39719
28996
28750
30790
20548
12576
7738
6505
36258
22918
29969
5813
19477
38953
48693
31437
47617
30169
20546
41346
27570
4914
37444
17737
10811
31053
4001
40092
48947
41477
21918
33387
47739
22602
3582
21747
6320
20624
12696
281
17642
33314
42014
36673
14731
26561
8583
25640
38670
8063
13909
4192
17710
21717
15713
12658
35913
20101
39133
12654
20641
25572
48992
43435
18403
1681
23051
9803
14158
42744
42736
31195
47609
5250
23579
38260
3051
41975
14991
34263
34201
8525
42538
27770
14024
12166
18899
6614
13853
20088
8892
25706
18333
3801
20075
22326
36658
18972
23002
20024
42334
18863
14525
23308
41354
18422
7612
16959
40079
4077
6996
6498
34056
36092
2572
16961
11510
47321
43861
16558
46904
8798
6555
31423
39925
9266
34361
46109
7397
2236
10513
28827
7277
16510
16083
37244
34541
28716
4135
32466
49644
11183
20971
25125
188
23709
23704
36671
18427
44246
18111
40143
44679
18891
11455
39423
13638
14802
7273
15560
27223
39643
36094
32640
16340
33319
10444
9068
25984
7536
31744
1910
39713
3133
6105
33445
19117
28396
45784
48202
31270
24273
21491
9770
10193
20511
21054
20200
12787
20328
41512
15051
26809
43089
20313
38008
22965
49521
34297
11305
5960
39736
36563
34799
38031
10150
36598
34326
502
16075
28559
29845
14461
47959
11182
37839
41342
28977
5923
4432
38838
24076
46156
15838
7581
30193
6612
27558
18391
38964
11855
30159
27591
11289
34533
47242
36351
39665
18090
3636
35936
43923
33865
38143
12300
289
34101
5135
38687
25533
44054
1032
46491
47383
43309
18158
40749
47283
40279
9009
35748
8428
41380
8476
38086
8203
27090
15208
28602
23340
23908
38042
6969
46314
48007
42361
8098
13639
46542
47398
46235
24776
4487
6690
27776
26103
48070
8953
12844
515
32519
2729
24731
11752
14570
24562
8789
25080
30217
34223
7449
35152
19180
9773
17620
12524
26090
974
34822
3630
14906
18762
46714
2450
8138
31132
16923
45824
41815
15598
11254
36175
1322
36014
11923
1433
33620
48475
42257
23046
49512
11815
36480
12150
49484
45595
15090
19325
11921
36746
26333
14506
258
32602
19655
46906
7466
5576
37057
20491
3600
3508
9182
2255
45071
36199
48771
6437
41654
33565
39875
24641
25906
39193
28146
46648
27176
20709
40837
30215
18569
33007
37901
20868
15003
25557
19251
30435
27132
5198
23470
9485
33500
26594
30295
45272
4735
31162
47485
39355
13988
5943
41969
30573
46721
31525
10652
18123
12401
18963
13117
3060
4258
23108
24539
10708
8755
39111
46215
8001
2106
30382
3622
33403
39645
43120
9945
166
5498
13659
28518
10841
3499
8240
42351
12409
22146
48649
11701
39905
26942
10079
8328
30265
22871
5487
19674
13805
19450
47315
32183
45288
9525
49084
1023
32579
40591
17128
49647
22260
10608
20503
22766
44482
37569
29925
2139
34385
23865
40530
26141
19536
32345
40913
23902
39460
31940
39451
19584
30239
30630
15454
39678
41993
40939
552
13589
6794
48844
19989
38269
12550
34896
13504
23505
2206
767
9014
11000
35248
26967
17692
39373
41930
48040
10303
16374
15724
17667
45727
30062
14083
29849
28632
34838
28130
22557
24625
21583
13096
20541
46889
5300
11957
31288
29481
27251
17800
34380
25759
43554
30058
19603
30953
40615
3191
49782
37521
33462
34629
30884
14367
32312
8697
23520
9859
6031
19429
32003
7680
94
11723
20837
12897
46530
29689
39906
33181
41592
49777
19363
30785
27169
40523
38674
11626
36347
2557
18638
38214
16893
43169
7211
13223
23656
7737
30032
17014
46277
305
49779
12797
47724
28846
28884
10825
16247
28393
31355
32243
46316
34691
37589
11189
35519
6838
34595
20368
42417
23090
39414
48915
1649
46098
42804
44068
33727
105
31146
17825
48018
39521
41988
24603
15142
42209
39696
18681
37532
26013
32659
47288
935
5483
15658
48190
48838
43183
3498
23438
2804
37509
21691
28368
37420
16172
45374
35593
11462
1680
40287
11860
709
9538
14724
8466
33350
14948
30766
40354
16111
42929
42349
43034
46510
21848
18745
25642
28571
6164
30750
13329
39467
49742
32241
12990
4916
11162
3128
44632
14222
22823
42900
47392
30446
32841
46274
28024
40824
45868
39828
40819
32931
36672
36817
32616
9621
33770
26330
7484
44965
33404
17578
3292
13164
42220
48823
25215
36051
25343
34312
21388
10651
21423
19570
14508
38379
12653
5876
37105
11470
3197
40936
5212
43115
22853
36745
30619
7977
19785
12763
16398
34161
22078
41742
45465
35843
24692
19299
45119
13962
13846
20846
22538
31006
49190
35809
17851
37036
7921
40458
24126
20183
24498
13208
41580
28794
40807
6117
1107
9039
48467
27752
35238
33998
9024
24768
23782
36912
31716
35724
14976
39809
10733
9482
290
15541
8538
16226
33169
41297
12293
15032
21819
27303
49712
26251
24985
27163
26054
7530
21429
38861
35866
40410
3544
21168
28487
48408
40262
46091
8562
38321
37278
44455
10277
9287
33347
44855
13942
11313
40356
30180
49464
1573
45547
15886
45712
14229
30258
48743
42245
7300
15117
6986
17632
22177
21719
8876
21858
5596
44256
15503
44242
26747
45385
17716
29984
45189
46969
16472
16936
18526
21470
29004
27583
26083
32923
7605
49677
11217
22008
29575
29203
32924
32842
47017
38844
3534
19495
7637
42377
35051
21884
43134
15233
25824
18228
25324
3768
29986
15778
32894
48961
49912
48835
48296
18844
8227
42022
31545
32664
30075
16670
18160
17377
7853
32591
25410
2815
46826
29537
27342
19040
23612
45108
4989
37854
9364
49349
22476
20760
30896
44523
38908
15869
40493
29539
25669
13293
32218
34181
28706
2201
41578
44027
31321
14350
28418
8197
17217
21400
41130
26175
10342
21261
25671
1530
40508
14103
40392
20683
45611
43822
18646
27166
33224
21785
14658
17396
20237
7648
48641
46044
16152
12318
23059
21019
49851
20871
43344
30281
23899
1022
9163
38592
46725
18112
11186
6168
33419
45324
11444
40374
17222
34090
10292
9053
5525
20033
46672
25930
44800
3285
16946
49761
11963
47498
36899
34584
41184
9147
17832
9608
11579
37303
32655
24960
14655
27691
43042
16236
2885
48295
5977
25633
30233
3880
22961
38505
6476
47431
25982
6574
23580
21991
25389
1690
42723
25177
41491
14112
27348
42745
198
31819
29615
16171
29320
47582
22828
37667
20401
17015
14791
27972
26513
22350
6216
11068
15729
22940
33147
32796
17860
37381
11585
17239
32081
46555
18230
13906
25516
29922
24158
14628
19864
43539
14338
10119
4769
47648
47588
46360
39667
41197
44099
7010
569
27865
25560
23464
40062
18680
37922
3363
34026
44007
6042
37941
23533
9095
27981
23950
17260
41065
21209
7972
41705
28735
23667
10792
4462
44876
5801
7195
25108
37921
18233
8371
38359
20186
32487
11287
35468
36471
21346
29201
1543
5260
40869
42537
21869
1926
26577
2643
19007
21636
11800
39586
4995
13767
979
46241
39432
15504
13085
18101
11710
6524
46117
13714
10413
11176
595
41206
23619
42035
46589
3834
14451
22082
15137
36771
21700
27402
43100
6463
44879
33519
14925
49430
436
45605
32896
17664
37796
31769
44129
10768
37835
11617
22511
13650
16411
30839
4716
34106
19944
38452
14306
21602
16154
26077
17942
5765
24383
2703
12167
13057
3586
44626
47993
6772
38467
2537
39123
11541
46176
7364
16184
18080
45601
7402
1604
17023
37810
14167
7029
18221
40563
18224
10084
43882
48157
47599
32945
29519
23218
21841
16523
42782
42874
36044
29746
12566
20730
49588
6993
22182
10344
42230
8171
25868
6394
279
32426
34499
12114
29246
1596
13899
3243
22826
23398
15433
19643
9875
10963
21350
10302
28916
25660
2225
4814
18045
31800
29187
41688
21352
18181
23605
21712
4006
28727
611
24294
39531
28521
31251
30331
855
12299
8625
30695
22671
45496
40457
24902
24865
14415
314
35321
39783
21262
31241
14532
21980
14579
1038
24610
24152
27989
43725
4746
1263
12154
9320
20928
30578
47838
38196
31856
1765
47104
32957
16352
5701
12183
34368
10236
37141
9200
7651
1630
46463
40184
9704
1553
32101
18985
22706
18949
15824
3390
42405
27557
36173
42796
8520
15493
16254
22363
24187
55
5615
37823
31796
7886
12258
15351
6864
7401
7117
27711
39931
14097
2182
20419
34664
11078
16061
18316
48071
40120
18357
10100
34580
2113
43162
8877
22515
27116
8948
22964
34057
1715
32598
33598
3938
14331
10030
41595
28560
26498
1537
35791
33594
6768
4028
14798
21134
9851
44196
2580
24500
49518
38689
17997
3075
6038
45064
29726
2150
15580
44406
45066
36016
8146
29803
23040
31018
10563
44816
24870
28230
38178
45518
47466
17271
21734
19206
28744
28051
34780
7030
24936
24514
16533
28527
7801
3272
37369
35305
46230
21095
44288
2458
2648
25320
32549
21726
46943
44794
4189
11993
34121
32930
39485
4798
13094
4558
24817
48710
18752
42380
10642
13644
42817
20792
31854
16213
44833
49527
13543
34790
10745
35899
45715
18542
14520
19964
27277
17009
7951
14235
6252
19319
42293
5285
4913
19329
15474
37402
22452
4242
39699
17026
7357
32921
40063
11193
9807
37959
5467
16473
16239
14980
18229
16630
28582
31242
9274
47279
24796
45587
37948
45163
654
32863
15315
42834
24020
5915
24980
23893
30754
17044
13587
36924
18046
39657
17724
32891
21850
49318
9751
31712
1235
23981
45470
6332
18692
4025
45801
14947
31879
29085
17059
31023
121
34658
32898
37333
41932
31859
49789
18436
49182
2220
11648
17166
35539
40746
25259
11618
12244
43223
27394
36987
15700
10080
44040
18143
431
23728
48224
34346
9443
20306
23646
41144
32256
3104
40613
13338
12091
48401
31311
43673
48437
15568
948
40222
23128
27674
37065
10402
23494
6945
42498
18603
32908
22616
3683
26600
1988
25943
36526
29205
18388
45232
27837
37918
14300
35711
9127
14258
15422
31790
1667
10624
2053
47338
8249
49403
4787
49255
49567
45616
30236
48824
11976
1623
13348
17819
36102
12412
22447
8237
29627
14284
39093
29273
45265
39223
18008
31487
46708
49668
17970
27381
2528
35625
18499
35554
378
8018
6363
6046
16559
32071
46094
36235
32628
37547
31024
17500
43251
49526
12585
41801
11558
42992
4399
6934
49830
8651
1114
23930
11565
4318
32663
41663
22600
32417
3776
37606
2141
34252
20337
18294
10060
6531
5579
39315
42930
746
47096
6386
23431
29625
34984
22698
236
43948
49443
41789
23408
46788
23113
48102
46953
4934
36921
16357
8941
6849
26701
27377
17922
18830
5064
14813
15818
15247
49211
32980
9893
44589
41566
13065
27430
33005
6653
41399
31184
15066
47803
22077
43277
37928
2417
42696
26280
38531
16212
46428
49440
1085
35824
38786
5460
43857
20378
14247
29926
7378
12905
19284
17843
18235
19225
45975
22556
32918
23187
49135
43314
40423
22398
23277
475
35620
18363
13994
37622
32089
21101
1538
29050
24368
21847
48515
6621
40265
16968
34498
42663
36088
48340
28155
13671
34313
26981
23884
23700
45564
32352
20622
26440
29452
24890
10372
31056
47441
30583
24871
3972
6176
48809
5964
31882
17890
10449
101
47308
33850
41982
10408
7584
34316
6995
29687
26634
40787
28096
12790
12081
5445
36386
5539
28162
22266
26533
28890
42015
3355
46702
32895
16598
48043
6403
39936
16015
44361
15684
14111
48449
32634
14735
985
49516
3046
47149
48885
9311
45473
22923
8455
12880
46436
35588
41188
29547
35392
14145
45876
33888
30906
41013
23443
14007
21120
13690
47246
41981
40522
5404
9839
28719
22577
41889
22225
39652
23135
31774
16334
28658
29980
25450
13945
852
12573
4711
20169
29165
8619
26953
32658
32281
37028
33626
24726
9415
20309
17024
45959
36575
21042
27906
42494
22119
23315
21035
32308
125
5434
7758
3008
26554
11873
25465
22531
10440
21727
23596
3269
16006
5630
8833
44558
14784
2395
11646
477
34446
12137
23171
12663
23729
48477
24563
33824
37847
34169
10674
22262
8277
12212
19146
15323
30681
44757
17921
19845
42647
33781
19156
39786
6157
22475
8764
22629
25957
5041
41775
34401
33521
20296
34267
47374
47964
1752
25953
17319
19971
17462
44705
1895
49016
45334
26879
38890
6755
27641
36891
40518
31036
31079
26609
7816
14120
43634
31145
15387
22653
22725
8840
20904
42844
4508
6408
39132
22637
8305
11877
7899
29888
48657
19607
46255
1762
36783
28472
15494
30366
10316
36478
20515
19259
4793
34039
38304
20162
4445
20119
26203
10360
44488
8866
16279
38150
46568
17654
26406
4949
26016
32725
43345
38241
42077
5684
39198
33313
34258
15646
30718
29295
40049
22428
12907
28142
5885
17841
45402
25542
36124
43556
7918
45491
1336
38369
17646
21203
25576
18516
2072
28836
46155
8803
35030
12823
4956
14964
41075
659
4906
33227
25445
39575
26565
26757
12066
7291
40369
37090
27470
9303
35874
39452
25948
39453
28551
13569
1983
13406
237
4411
25333
47397
23917
43815
40282
35106
4174
29509
21068
6503
21504
36170
19163
46872
48446
46798
20678
43786
36379
16309
4116
21775
21200
18527
489
9723
27588
49523
41353
30158
12181
31
5637
36953
44764
46242
17534
5060
35223
29088
47234
45731
37902
41395
16907
48371
8704
40883
40638
48762
10882
49437
11650
33059
24257
1318
22473
45474
34835
13211
47894
5482
18742
23703
45018
6248
25039
46581
22738
19960
39131
16103
14841
45115
33784
31938
45303
16824
46650
23105
48126
20747
24061
31252
44513
25698
25600
29548
30093
4602
29838
24222
31412
25835
35910
23014
19876
48550
30778
40611
48531
39710
48891
20580
47266
38239
22763
940
20665
25379
33465
29181
9340
36943
13455
20055
12295
47873
20022
45341
30902
12581
24199
5536
14092
44221
47879
4341
46303
19811
7925
47009
47142
7930
881
36952
20532
44419
48483
19227
49841
31460
6721
47600
10824
44798
28652
25232
38156
12140
46126
29528
35204
2561
10957
43580
16539
30476
20857
8176
12457
47472
29315
34363
49992
21116
34147
49575
75
49164
26224
21472
1502
29977
7872
38748
11060
10722
46391
10525
16251
13172
2527
47975
47878
25312
757
10395
25408
17088
5223
36017
8362
42903
34540
31600
49601
19462
44667
3251
391
33511
28180
28
13146
22230
13708
21913
11405
6707
37812
30604
6684
33792
28713
44966
1750
29885
3894
11709
4337
11285
37152
4410
42045
12862
10196
28655
10630
24420
35131
37977
33794
9368
16253
49167
24041
2288
2809
42297
24378
47945
36248
3952
23385
24638
9684
21556
18110
152
14458
20288
13394
18216
29972
7417
44937
45082
7264
28087
13122
30328
40467
20929
47889
26438
39145
26958
48063
20842
43358
7371
24898
15945
2915
12414
18392
18032
1824
44238
11643
14710
8084
7070
6915
18791
43288
5810
36262
32372
29870
17299
26968
24929
19963
44201
49542
4357
19641
43621
40942
9228
19323
3488
43802
23230
35272
49131
47019
37596
45859
6533
21160
6518
5185
46082
47241
11837
27073
6037
5524
27889
43842
6241
3059
42194
20230
25736
216
16048
376
3902
37167
4807
38174
27527
14679
35881
39386
7491
48260
9616
31035
39187
46194
22814
48098
33597
15844
44914
39443
44776
34295
20657
47137
30460
20786
33659
40512
16142
14064
5753
29865
25620
41200
44042
47773
33899
11863
3311
42024
29186
28766
36955
25432
34111
15035
11128
24288
16728
25760
32852
17574
43311
36861
43356
47452
19459
26065
31503
47228
22606
36320
18042
42485
33437
37578
31917
13787
16908
12833
46978
17303
30115
26327
27048
43835
20865
25062
19595
32733
20841
25683
21908
6767
7715
424
29581
22341
29145
10862
7785
22396
44264
12849
31310
24268
2998
29794
22034
8821
7105
38159
12100
34243
28274
12458
1743
21119
8156
46092
45205
30702
35863
39597
44840
2661
23209
45236
35313
42232
42975
35166
7097
7693
42660
36353
18598
31558
11961
23424
15514
46947
22924
3506
48286
42073
18665
40376
8626
28714
2768
34653
4049
17273
6676
1340
27886
28276
49061
13038
547
32223
7974
37272
20014
342
31267
25294
39025
19285
13915
8823
33098
22657
36573
19691
29899
29546
17114
47011
27968
2080
35417
41309
30091
45241
7999
1252
28911
2987
29410
34588
43817
5523
12372
40906
41635
45398
40996
16924
0
44734
26881
17695
37456
3856
30655
27491
4076
30783
8742
17235
4775
9470
42859
26374
33478
32853
4585
7121
12316
9688
30293
43315
41783
29683
9357
24497
2641
34304
33371
48464
39854
25353
14838
9262
43717
40784
16975
9606
3922
46761
28820
45365
10240
39472
2324
33914
38546
44568
31677
30118
42470
21270
18588
17686
17204
26579
1495
44386
7078
2205
40692
42317
40492
10835
26460
33801
22328
25864
8314
11170
42464
14441
32603
27669
33834
37772
11670
32711
49228
3226
34116
11453
38734
49562
8220
34651
3994
49944
26647
34264
11074
43839
9679
49138
13242
47655
37753
25288
32566
10609
24647
1973
14733
46731
24396
8064
12419
26159
39107
43782
20471
20395
1321
26733
44947
25860
35699
19108
2388
39725
11764
26215
37434
24266
46552
10070
47519
45336
44645
31488
16845
44756
27013
27933
9396
123
36064
18968
17173
45726
26292
22206
33107
17576
33080
30397
19996
30664
25610
14604
4864
34590
42816
7622
13064
37440
37827
46320
18284
7005
28102
15550
34074
49018
9918
29813
20715
22320
31328
35971
41132
33982
17125
32939
17310
13658
37736
6719
10575
34137
21509
3588
16723
45403
5288
48031
7877
40594
665
39814
48356
45178
30475
45054
30575
19567
16208
34760
45834
4280
45382
18263
48956
23395
49300
43529
43969
49285
6355
30770
41779
2832
31101
46936
2093
3997
19889
12928
7167
49144
25058
45585
36105
48871
7313
41030
46006
43623
10493
9961
29962
45825
6746
14983
17085
43829
7305
3831
8536
48065
32338
25092
1745
10939
40616
33335
35895
45972
28486
25223
26165
47046
3150
47906
10655
37539
16461
28151
32084
3175
33092
15054
8363
45556
18077
15131
46682
39654
4102
2568
37808
16483
27455
23953
16825
42909
2331
44637
12153
10518
25596
36179
22051
15819
49744
37267
38999
28624
46257
25788
37727
33232
27259
34680
14635
29014
20763
29077
27421
47646
10671
38997
16655
23194
48373
19461
12962
46285
29909
44993
3964
31196
21685
20549
39152
23444
24185
16026
22048
10064
36326
47034
47038
18656
17080
5140
1287
39692
10605
5347
23004
35600
9876
28034
12509
20006
6585
49256
44857
36704
43244
26744
7809
27918
23694
32042
26955
13023
11894
39533
2099
49397
22622
12980
7198
15893
48974
39733
5976
42700
41607
47764
10173
42402
49392
30963
2909
9432
21295
17535
27371
14979
22010
45659
1875
5125
39063
6877
35719
21888
36731
37210
17898
32983
6125
19937
42761
48247
21453
7513
49117
28057
37713
27311
9921
523
3628
44413
6066
7138
36743
15534
14756
22997
48567
31271
9821
24447
8601
39413
44293
20854
43075
42300
42812
42915
12671
542
17426
14068
17007
49078
38243
3370
49075
14625
48628
17746
49837
29355
33518
26357
35897
6679
33875
14563
34044
24000
43086
40943
32498
49590
47334
27204
26395
40299
46465
171
34519
8684
45789
27616
46136
24629
8856
1642
20616
24349
35828
20794
4051
43536
32018
36562
37588
24167
4353
18818
27375
18861
46737
22864
11327
26270
39494
38201
32960
17397
43305
34606
4029
24977
37745
38916
39471
38529
45668
4452
24607
38412
2168
13447
38138
17857
233
18925
12898
27168
10088
47035
18461
26963
35592
20781
46593
36496
47090
25502
25111
3010
3015
2774
41040
49641
21263
3530
43481
14309
2505
39230
35267
42506
32560
45055
42927
5992
30457
26494
22027
39704
22743
17775
6208
29116
18904
19814
36716
14648
14034
45418
46267
7295
1054
34372
11638
8056
6431
22084
10438
46358
29200
43413
1963
28083
45588
21402
16940
46494
9840
12050
37706
25670
38058
15645
4393
48990
47457
7593
35251
34397
32249
45165
43970
32189
4267
18010
32059
44067
25254
13239
42241
26569
9966
42184
28458
28350
13939
48714
21845
25816
1541
19126
5380
15325
44625
586
45092
33742
5698
4195
8130
18902
21056
33236
13316
19433
28547
15579
38001
41448
17608
34219
47535
11091
38078
49496
44714
10031
2714
49637
13159
27486
30529
33137
34890
4415
42637
24332
21552
38104
30712
49498
49825
11225
42124
36462
29342
31760
11009
7318
7499
12690
42576
44724
25624
21085
25501
4161
24572
29370
40561
17787
32454
3739
43973
37421
28732
32692
17760
24973
24879
32186
31397
36883
40097
31822
20012
23323
28417
14085
18362
47059
44228
34197
3264
29963
43807
42039
2778
41388
529
4700
31204
27831
43259
38233
25938
9003
20978
27025
38332
22980
48535
40031
41953
16145
14882
7575
25622
5551
20774
29729
8736
30319
41835
13411
11477
19380
10280
46118
22365
21310
17943
19624
2826
47490
9423
2273
28443
32377
17177
1024
39997
14998
22786
36950
39662
1375
40050
11126
26131
36469
42627
26542
31160
43505
41540
13477
31427
24588
28599
36619
591
43988
7709
41067
4062
13425
30046
32564
27853
41766
37106
16356
11482
49367
14169
46751
18507
47339
36674
31117
29195
34146
7243
34525
31350
18144
39760
26182
17456
29653
6196
48862
31013
47325
47937
2747
33752
3941
42131
10114
47206
19475
38530
21666
39823
14785
49393
19361
1387
1220
20704
21577
3552
14989
33934
43722
9361
21697
9982
4603
37696
39
42094
32900
39232
42907
15826
18779
47947
28434
13014
41560
212
43250
31028
24282
34476
38833
8746
45100
7230
36226
17399
16288
18092
4962
30332
25718
2454
23764
22523
22223
19634
726
11394
27632
7388
37508
29432
33353
22373
17237
12347
17194
37177
21031
21343
29146
12713
23451
37598
15451
23956
10326
16707
44533
7032
34755
10481
44868
4385
10870
40609
36549
46524
40214
38955
16210
47430
49344
31834
7487
42307
8414
11214
26290
20798
43823
17362
7244
1838
39880
42726
17134
33745
1345
25588
20448
14485
2897
9783
27156
34769
36917
21114
40662
24151
39860
30954
33953
18349
16385
35477
4527
16204
1055
30854
21790
19263
38151
26466
47280
9503
43010
13600
8077
151
29893
372
296
13984
33307
9028
22865
38749
42779
19085
49754
6416
15025
41610
48875
48788
27897
7703
42308
18305
38894
34277
11840
10174
24675
8104
22250
19501
7565
48578
3334
953
46661
44244
12055
24037
34336
30318
36930
46289
47078
37394
24506
5442
22691
4612
45079
31051
45313
12583
14916
36773
41154
19219
42640
28866
39408
31148
36423
28963
38854
14334
48623
19905
18732
16969
3940
705
19493
20168
31539
22654
45453
39508
1708
17510
28027
19487
2717
9519
29780
16987
20559
47007
4448
12128
48940
47421
19984
33392
13643
10036
7532
21003
15599
37877
47799
49026
8501
36239
2043
42083
25927
22816
49373
47752
44594
39560
26426
41593
25729
4205
25209
12917
36240
12720
2945
16358
38294
7879
25165
5617
36286
7408
3083
7066
11756
39640
48332
3617
22737
29554
38839
9729
13812
41290
777
44552
46466
32134
44350
25521
48828
9388
28280
35567
17294
45125
19777
6631
11498
32791
30936
45527
31263
5471
26004
23416
44792
31931
41272
43180
21573
47518
28348
39296
28970
23167
15679
14685
23261
588
17301
2917
11533
47486
35120
14493
3881
36846
42626
32818
10430
4859
49457
18751
6474
43386
21946
5036
42556
25792
45259
377
38606
9712
5335
4
24704
35303
5374
31616
38882
44769
26865
17375
22323
30808
49214
2962
8893
7909
47532
12471
7653
24102
37443
46613
9461
45351
18189
48679
43958
30454
28355
26340
28446
47304
26752
40654
13676
49003
3411
30613
32743
41145
15940
17483
13561
4225
25554
44747
19198
13059
20375
42057
25612
21894
22840
9950
18705
46983
30363
12982
18673
24296
48151
3656
47815
20492
13369
28061
12975
34053
7396
29016
22647
29044
43567
11024
22676
34025
27447
9677
10846
21990
25899
44421
27207
15316
23611
3893
36236
27279
4968
15221
15253
11590
13959
20790
21692
5465
8470
1534
32460
20403
29124
36125
37576
9214
35861
17822
39793
15472
21164
25986
28185
8713
27569
42601
2490
20808
24179
43943
26156
35735
44996
49727
1117
19675
27119
19667
11255
46165
16093
22685
38752
27443
42651
1513
22073
43846
19471
27598
42420
26244
12715
313
33684
46420
25434
22663
38430
14399
30855
19212
805
40088
20839
32936
31563
13770
28059
47251
19982
28372
15578
16376
29727
43299
14667
41150
33124
17975
15302
24449
12033
42530
40584
17743
36073
27938
43319
25291
18962
16971
44711
30541
42437
47474
11077
16910
43033
49844
46585
13428
6326
23380
2391
3483
47301
3003
38661
39295
39300
48208
15021
2400
6304
42878
26698
23500
47735
37457
49050
5547
47160
20021
34730
8274
44222
9121
34249
9105
33209
40756
41402
2121
28526
199
12549
43310
6943
42268
1730
14394
2837
21555
6261
42191
43909
1072
30745
29142
48165
45729
18800
44715
48310
44200
5948
202
1853
42208
11785
2033
43606
6553
19998
42111
9005
47860
27458
174
27329
48097
26378
3790
41113
1165
4417
30909
22381
1525
5126
2931
2208
33617
2012
1424
46170
49536
33797
8167
30698
11522
17278
26149
31857
37712
40743
37334
47360
49949
40855
39313
40995
48430
41643
30437
25143
24267
11315
45011
45534
33109
37452
12399
27336
3502
27072
30600
30187
24448
33883
18327
25851
46534
16440
11259
45383
40160
39715
26334
14051
45528
23741
7351
32448
36845
40622
9086
11196
19721
23344
38691
32132
19438
43910
37687
1733
1205
31682
20875
32197
49401
30651
22613
33602
23506
12179
24824
49808
26670
44023
29914
6183
12490
34005
40064
33687
38905
41034
33730
39053
30421
5111
29790
29403
48258
30325
32576
6299
13053
28596
9363
34562
20438
33177
7841
13418
24395
14004
7209
1071
38192
38731
45358
13408
34112
44958
27582
4524
49420
13533
3273
48564
39195
30728
25592
2227
36066
38922
48503
9937
19604
40001
24204
20212
26515
14518
35779
19443
17035
41700
18909
13445
33000
40025
46660
12725
13794
48452
26954
28426
15988
41415
45721
11727
16019
44507
20568
35069
19216
11326
43625
25689
5313
13078
1048
42387
4743
32961
33016
33759
42697
7986
20754
24274
7655
41931
47721
14030
38767
34210
12840
9333
19223
18881
44
8559
22134
28764
28245
11112
21965
37132
14447
7889
8045
13894
5658
8878
45042
16840
22541
2565
41219
38455
21437
27016
14577
14836
29123
32642
39882
25791
8403
42440
13930
30510
10912
42358
13588
38059
18437
17232
14313
48887
16394
44669
14566
129
35794
44564
25096
7224
47503
39278
27221
19663
18402
5408
7535
44971
25433
12630
10294
43267
16833
39446
49076
41990
1617
12568
362
2239
42196
36798
9431
38476
22080
48385
49170
20890
3658
19286
31482
8666
11433
22108
12322
8827
46528
7382
18926
34145
27649
38019
6620
817
39194
22914
44117
30480
7885
44130
43213
22214
37980
10710
44339
27064
9116
6232
47569
2054
21708
45871
12966
39265
24966
47669
13318
37280
29937
33131
12814
1551
44178
8386
3821
13506
24529
39134
2791
40689
1228
1005
40385
13312
6668
42691
33458
25991
22109
2152
45118
8777
6510
5152
36968
19119
24355
30305
24649
33011
13641
41429
24135
33708
49856
3098
26134
19296
909
14279
41709
38804
17450
2814
30161
28451
23860
30268
24882
2167
17457
13082
30261
36414
27829
21252
1
48600
20413
26590
5635
46716
25034
39379
48662
15087
36413
2593
4244
32902
18801
33980
19023
38191
782
13965
2723
124
45332
38181
45062
2611
9128
18612
47557
3824
31678
49534
10726
49497
24118
40571
27020
38690
49343
36778
30493
36661
34283
29114
6093
40951
14424
44306
38893
13168
12872
42742
14769
30823
44530
20452
614
41227
48893
32180
30351
34689
49775
24543
5646
11317
43385
31041
20195
29568
26671
49573
44994
30792
15973
7652
9974
3555
37187
45220
13593
26188
18164
20729
7839
44181
24097
5154
9045
7692
5499
26496
27759
23103
29208
38892
27411
28829
21319
16753
17095
11520
24320
3514
9700
46389
45135
1955
41114
22886
31672
36898
19521
48880
42896
23430
14093
14115
7203
21145
3350
28575
36338
48254
35976
33214
39420
21039
32740
34492
28871
46621
12108
9915
26130
47111
36072
8043
1857
29592
33348
29795
41011
4494
14260
39201
10747
2299
2246
39978
23749
49174
41331
42461
3781
41229
7627
48429
47973
24333
49745
6296
45180
5720
30665
36823
36251
8966
34296
7548
4813
24912
37798
12310
30821
41336
330
1079
41053
42577
18854
25357
10057
24419
28275
32703
36872
37949
46368
35989
5724
27614
19054
21670
10955
17629
36004
44517
24200
36464
36095
2140
48541
33062
36564
9809
9940
9328
18799
3288
8429
18584
41327
6414
22605
14957
49359
38645
8150
30842
13274
27774
41283
6644
23715
42273
6468
439
12410
39512
49702
30788
6884
46856
34792
45450
26824
28012
5659
48863
14866
31976
8015
36502
22986
48300
45393
6859
38550
40318
11652
24401
26489
42606
34733
33672
44127
48528
13552
21320
32201
2691
44204
15901
35523
49424
38630
46610
41865
1814
846
20669
30631
16613
37950
16689
48148
2631
17964
36303
6749
43264
20295
37695
8900
45709
47552
39952
30264
18787
12731
20679
43545
37971
45298
40974
33701
27690
35709
4104
33230
46833
11666
22410
40800
8660
14923
5389
37615
19082
43101
42213
23234
13992
38275
32328
41943
17424
19579
12537
32144
4918
7852
10680
44335
22376
12932
17198
34967
37310
16268
17354
17555
22707
25942
39236
29812
10331
7486
12118
44809
22891
41374
3701
39513
31587
1422
44070
13953
6086
18990
46709
941
33249
3061
23011
17372
26638
339
4596
48057
17161
13182
31003
28172
11769
11641
40084
13857
1092
10797
28745
40786
30017
42225
28133
25013
31603
36710
46921
31467
40295
49376
30150
20639
16828
17886
20692
30872
39938
39490
48611
16955
41836
18602
11979
6303
29883
40696
25523
10767
29240
43039
26452
11377
38216
15259
36449
5825
44981
18878
48941
42265
5988
49433
42837
2935
37021
9004
9070
44268
9439
3805
7204
27274
7361
16136
43885
22989
16100
12764
36892
31111
4369
6661
34750
20442
4538
6566
38252
26078
36688
21466
49253
37499
33339
31432
21902
15333
35833
41893
28924
46058
45344
15118
16896
25382
41365
9023
34311
20903
30908
44595
36328
38487
27623
33374
48427
20397
20416
32724
7929
1391
23706
1372
36558
49366
15562
768
40482
9651
39151
18541
4757
48463
19379
40884
13760
34585
40498
2635
7129
48204
45762
38971
17025
30212
47971
31943
2872
11310
13882
6301
20190
2489
7727
36218
6698
11100
7109
31833
49587
29755
23008
20344
14166
6747
25387
7503
7936
350
29825
6871
24971
48366
14434
47976
10911
28079
46276
32599
43233
33050
42080
722
14946
11210
15655
48257
29516
22757
14599
31654
2675
1939
29175
29854
4423
34428
39695
12531
39804
10423
34869
24089
24502
4535
4922
23274
43220
31876
49236
27841
45503
3593
49039
3178
23810
47365
12303
9523
13300
8745
49566
47061
23971
30576
38762
26036
21879
20796
7654
23243
44600
21353
6289
47886
15935
28850
48033
8826
33156
21942
30733
939
28056
18134
28136
3879
10199
20531
39418
25844
17854
48303
19205
36682
5403
41140
44964
18253
20896
49728
34875
33803
7821
8529
39188
36769
10381
3486
39068
23296
32858
43178
6895
10429
11022
15015
29376
46057
30127
39129
39891
10164
6649
10705
41697
30836
36588
37052
3324
10405
48138
19768
15992
20213
14038
29029
45148
42562
18642
39846
594
48663
5651
13421
37069
46296
5535
30184
344
20518
23719
7883
30971
16943
21606
26567
34224
14057
30285
1865
7445
24636
18834
49781
26032
35650
26096
48422
26557
47348
14224
14432
34814
3518
35094
36583
25574
2932
23250
15600
32529
16090
10699
42489
10279
19961
33443
13835
36880
27553
32217
48589
43108
33242
20331
31923
16064
37263
8835
15301
43153
32569
10511
10434
16069
24786
449
8914
43750
22565
38733
45678
37844
23674
39070
10195
1034
15
10715
11569
20726
40881
90
49307
21139
1296
48423
32154
11201
45401
14994
24343
7598
17223
21553
40386
1723
37894
39161
26966
41129
38756
43486
30468
24943
8398
41072
12983
20672
37283
748
4540
22030
47018
26892
23122
4987
36833
35816
22539
5663
8070
340
48840
16814
3214
31598
27834
5972
30134
47125
23532
44449
25400
6451
34103
45981
43583
26625
30824
27601
28512
5526
1183
27898
13004
43412
8354
34348
35848
29303
13362
1482
3753
40625
29439
29740
42397
7644
37392
43202
35114
29698
1152
46483
15682
2085
16509
29621
8177
38011
11675
22673
38425
12609
36706
35948
24476
13649
26199
40072
43227
35671
48426
47657
35557
27
19947
49090
9789
38879
43154
7771
43994
5003
4695
35277
20041
42757
30898
2046
40042
39172
38958
29
47491
25260
2518
17693
1204
46862
38409
28923
39005
35703
39175
26562
20847
44905
5521
14640
16553
43137
3341
8692
41019
32774
39628
3170
8106
3145
43006
32288
31082
37668
20775
49070
13320
21796
32355
41648
15321
19093
46771
2349
1390
31659
26158
29294
49939
43762
16708
8524
33825
13417
41379
32495
6422
11089
38466
18140
47637
45574
766
15163
3748
13788
26761
31138
46804
42918
25481
45408
1153
32977
28805
8537
38473
11307
23659
26213
46192
19577
5647
41182
16965
49028
24791
15746
3696
33269
2506
8315
5007
34516
17495
2081
35208
45957
29130
20686
42808
30879
10257
45643
4662
25326
44569
30775
22568
9825
48711
20769
33
22731
34517
40177
26093
15258
38609
30060
12496
16143
29641
5304
37138
35582
27507
15675
34097
27445
8436
8133
47359
45044
23401
46951
20795
19806
36925
16591
35505
33056
13929
8925
40979
13872
19810
2594
2503
10076
37236
9941
3736
4763
1827
17202
18242
708
16468
37982
2839
38315
29245
8741
41010
41799
32083
26827
30333
9240
35444
45984
42968
26924
6835
38515
12900
8482
2219
39320
14445
14932
19549
34452
4454
4207
48173
42668
23691
40817
470
43247
39425
5159
41839
18272
47748
15161
31780
31425
32350
36870
47022
48554
41316
46974
2277
23933
45423
14381
4635
2453
18836
26939
17653
26850
8093
17065
26245
14407
24019
15150
25021
35514
35662
49520
14021
37656
10209
8912
39511
46256
402
20592
8007
1267
47647
42060
34068
32946
21653
17957
16117
7510
11206
34195
49838
5887
29720
7122
27307
23892
14189
45097
1793
29688
3653
34136
14523
47364
31972
33855
3779
46179
29685
32979
24475
48964
40544
30311
14603
44351
7506
275
19170
42007
16112
29517
26530
15490
25072
3290
31170
19623
24161
18566
27008
18127
422
44266
440
39385
20576
37725
13108
48248
30984
27343
16375
7780
18889
1741
35837
31181
22197
23495
42276
27888
10424
9527
1476
29328
12806
28389
24183
22774
16895
2744
3242
7241
38318
37206
33100
1773
17206
10475
22270
38672
15979
29579
1254
28128
19702
10892
10868
27115
21304
19063
927
22131
9533
12498
7145
33756
9301
2175
29262
46273
1914
36188
47147
48668
44199
48609
12644
19645
35770
47379
26388
15130
48144
11629
36868
4039
8102
1261
33427
8571
48485
35250
16988
24781
31578
44346
8985
7686
24033
14016
3113
22368
43654
32179
37716
1112
13222
18715
31605
40822
9241
2585
49734
30400
4222
22904
18901
45855
24983
2296
17532
47639
19698
33066
19841
12989
3054
31027
9575
26202
2381
405
3248
38744
25504
32932
7146
26271
25922
36447
41127
31295
13956
19221
790
5501
42291
20659
49384
35886
22546
16312
17945
39897
31533
35906
8418
46930
39427
6446
35574
9745
2068
49917
32174
5692
703
17216
8037
34882
27859
36663
34343
48133
37238
6106
23421
34950
11767
28691
9814
39942
27315
33379
4726
18631
31620
35397
21846
30015
27057
38817
31942
46521
20833
46382
6174
34381
35507
38141
12988
22809
28792
6603
25026
20447
5611
33388
3419
27349
14277
23677
8226
8890
45730
45177
40481
24522
12478
28352
9120
229
1356
37642
21651
36824
5589
39902
28194
48384
8326
39444
27128
47526
21455
40080
42289
16141
24901
7379
18930
49162
28187
21425
34367
15052
48172
18717
2295
29354
21021
19798
24819
43913
43612
9561
31837
47062
29458
4788
44922
42799
1544
34657
30128
30202
26654
41190
24002
33292
25755
20127
15689
23182
21344
41652
17668
15028
7716
43624
14507
26894
39870
30315
46351
5261
9530
35690
39017
17312
21355
17051
38536
33439
3855
29365
47127
13132
12334
36552
48727
14359
22305
32150
28247
8785
