8986
17124
43401
20135
26324
4400
1156
15902
41709
4698
19584
39812
14317
3085
698
41649
20743
37277
45662
29336
18716
22382
47449
5964
41384
9418
16087
31973
20138
33088
10030
33402
17388
21557
43311
16807
33069
5593
2092
40721
5973
38732
7518
32257
570
36536
12264
12619
47537
39654
31183
24887
41237
44354
32552
9370
42245
20734
7848
43219
4784
15038
1370
42069
12736
46962
23574
2548
33015
302
24358
35035
25487
27239
9097
45575
22889
42354
12043
6277
37829
1260
41554
4765
4040
22460
49707
23464
13992
29118
29778
5479
28624
47622
14502
29298
1111
26872
21617
22856
48693
21808
33060
4683
15537
45961
43235
19167
30090
11993
14804
3065
14730
30441
29892
4976
23847
32671
9588
22574
10692
29476
36163
22423
17881
10149
46122
28478
22653
18506
17380
18471
14337
24857
33867
19981
33000
40967
42583
18091
12390
48763
33818
2713
25620
39519
15808
35300
9499
19752
46980
35945
2463
49361
35851
32532
29413
8813
7950
2296
45634
2529
34084
29063
13199
43240
15338
16544
19974
48818
39243
8158
2165
25087
42597
8523
16620
39833
33980
15046
39371
40935
419
47288
14788
48834
30490
46623
32124
33716
17760
26912
14154
42121
24902
48081
43860
16201
1685
38702
7434
893
20081
5161
38661
18082
3562
30833
12460
25187
17189
20987
40992
34820
20068
40066
48156
34343
8166
47734
21705
10035
30778
48342
5190
1913
31684
38323
9944
6097
12106
2359
5196
34604
2417
43119
46695
7943
30109
48782
38969
21235
31171
2188
15247
37456
17735
15276
6367
18758
3991
16821
28273
15202
47436
4896
17164
45200
40982
28283
38858
34922
23723
22026
28375
181
11658
12243
24075
12599
44528
26921
27123
42993
39998
48785
18024
49542
22436
10584
16601
3892
23737
15144
7208
10614
4449
17736
37624
24326
2741
22732
40437
8628
27913
30931
45754
40137
48245
47014
28823
42838
45060
41848
44155
15314
25287
38326
37053
34540
33897
30251
48204
15077
3090
41950
8179
4558
5398
7916
46390
15382
44232
38378
41862
267
9395
34733
10640
9423
1898
20111
22262
26643
13480
21340
21042
32547
709
26821
32610
40420
31850
1543
21530
24802
30106
9311
43806
524
49796
19985
45045
23154
45176
26424
30166
39411
34197
34806
20578
14827
11932
23823
33334
34969
36142
46703
33350
24312
46939
27268
24383
14349
29804
16645
3456
2071
36860
46002
20117
34328
9327
18485
31534
37226
48800
5988
28499
4957
39809
46722
30066
30826
13167
42285
6965
18792
4131
33418
44075
37875
12274
4320
47099
241
12502
32330
39815
46160
34547
48242
24366
39846
22923
49280
41260
44430
12524
43986
15391
5724
9549
13064
20342
30469
47630
18596
40539
28683
35386
44967
28679
13488
1354
15528
30325
9550
36916
25640
33786
36975
46625
17928
36090
15235
17345
3337
43358
6269
42739
6030
20177
26179
13045
3197
21954
42183
13307
25703
18536
13579
38939
41487
30666
36728
35788
29821
46049
15091
34940
36703
30252
26363
15988
9989
13696
4798
6988
7183
40129
27021
44180
18859
35807
19218
38445
28662
5271
44512
41400
23958
24687
11692
3336
8285
30642
36845
6976
49674
3242
536
3602
12701
4399
27551
15746
36491
16814
11762
6603
25467
26410
26303
45139
7668
21645
36960
17766
18512
45802
38539
42097
8531
20931
36717
39776
22132
42907
47213
9139
24328
41389
1255
26342
7198
26276
46180
30890
5126
45984
36756
4262
18921
9477
47031
13078
12510
39629
30796
12703
46798
49006
20237
1855
9720
38664
484
5631
37128
5268
10029
805
23708
41438
32339
1051
8076
28280
44152
44545
250
17680
44263
36520
42088
2139
18693
47294
48726
23799
26954
12555
27290
38440
21308
48727
27907
6775
19806
16525
12792
44609
24338
16373
8134
343
17571
9532
5603
23442
26486
24979
42507
35312
36249
41325
4885
36274
38695
1946
11501
38959
40677
42843
46272
41324
7148
171
13433
27890
41339
20348
28067
49416
32784
25171
4512
18075
47025
45764
24867
13140
31902
49615
43511
20374
33776
29491
31422
21744
47044
48600
30646
26628
6622
32652
8186
23499
49153
43886
8525
8672
14227
16687
38282
26053
34717
24552
42486
40734
2537
34740
36944
31126
47472
408
49945
13105
44176
34205
48865
9749
20248
48041
23960
29678
48440
2755
45927
26918
33356
2324
43834
19565
24922
864
18462
24
68
37377
21673
9144
3750
33274
21578
34809
36372
14371
107
26011
1983
26306
18795
14925
11592
37124
6552
26020
39151
31347
3078
42886
16717
18429
17774
43384
38759
16290
21419
48120
1266
17476
6933
49790
31500
35212
37879
14902
29994
2341
44331
2276
4895
24769
5586
48316
984
46135
31827
20094
39467
41887
8580
29878
24028
1212
34508
41758
16871
25316
21802
30801
27171
22200
23736
41762
23706
27629
30391
31959
801
5236
9070
12729
47036
9398
8324
15006
45459
26299
36511
18353
22835
47408
29203
11731
39750
16075
3843
34916
44207
36842
15646
43510
31185
7122
40392
4318
21876
17524
37936
10755
5201
17086
10408
12101
42677
14640
33437
39451
21331
3219
35601
40612
17579
31365
18581
34161
15865
47254
9375
18112
8898
48966
38972
17243
14446
46845
42500
49073
2874
34068
32440
2201
24247
9667
703
43685
44150
40561
29538
48699
16467
22918
23812
12607
36094
22968
35784
11237
38373
43433
48073
17460
6727
41010
3973
19216
17408
21186
15940
44319
37232
20786
40038
17073
39555
25397
1343
6171
4722
9639
8391
25098
30406
17499
26408
22393
38334
21077
19324
38177
15341
6715
49959
22729
49094
9239
12168
40404
37303
36242
20978
7233
21893
18652
13479
41065
14851
42187
36024
47522
48648
32831
24020
44230
37634
49890
24331
10366
48568
1153
46867
38749
41963
15947
7760
29005
28278
16333
4429
4898
25615
24905
31213
17629
30220
28789
13982
1843
5276
30463
24114
39403
8002
38891
14027
15011
29559
35474
10793
39634
49204
28366
9145
48920
46976
22215
34997
38787
33325
8358
36911
10621
39370
26399
35573
34377
24509
9606
36840
38309
23439
30904
42256
922
3006
36453
31966
33813
32843
37897
6517
9787
21363
20718
15122
22648
4575
32186
37576
807
3266
48797
18561
48562
29042
27026
39779
41993
3370
4728
25358
41289
13819
5725
7325
15915
9200
19628
19817
7873
37096
39013
38538
34152
3825
2048
424
31887
4057
8940
2212
29390
10420
18407
40505
12525
22441
46849
22227
21974
30918
47151
26082
8596
37195
49223
10743
21110
4697
49815
25798
42562
46832
40529
43917
20969
46790
29543
19379
4365
9922
4879
2781
16162
128
38602
19909
32857
32627
18650
3908
34624
44643
12704
45216
24147
24907
10108
1742
24832
49132
39319
32175
25780
37598
12206
43423
18302
19597
9131
30343
12660
24053
38406
23046
31597
36510
10797
22672
32510
31020
27889
13371
23882
8411
31753
39585
14766
27107
5774
29335
24118
11837
10816
1144
11525
32914
33326
15532
1282
1892
49398
3510
37139
38646
49770
31267
46826
26830
15521
5889
27126
36903
47609
20074
27935
30471
30960
24643
37490
49728
12197
3393
13560
29828
9524
38910
32349
42042
46290
15527
26320
48733
22885
24267
4876
45770
11639
29423
3418
22414
4899
10341
13136
11893
9773
40862
6816
17854
21103
43545
19204
20612
40856
3120
31768
49113
35999
11953
8916
32745
28812
29283
33099
31487
34200
7547
37116
42795
36171
37811
16417
42973
3273
33292
8661
19153
39482
23331
21572
26970
35691
29777
33697
14292
34635
11053
25696
41771
18025
28444
39605
1592
2041
43966
35562
43694
16664
461
16580
13732
31027
24334
40834
746
19592
7486
4230
34290
14723
32351
28368
46452
725
46254
16185
37777
33348
39422
39623
11017
29017
49139
14358
10141
32310
5642
9339
42064
39819
8364
1378
8728
2621
21854
13629
48574
42235
21379
38322
12633
7050
13995
17815
31308
47248
22904
3459
3719
15933
25064
7116
21226
28757
10048
21878
32956
42108
24904
20211
19598
813
5884
40742
15306
21360
21375
49681
23409
36565
19731
24428
17951
48625
4662
40936
10501
37674
11233
73
42383
43664
35645
40850
30295
20995
23167
32482
1535
19051
6396
44097
8243
19544
19350
6017
12339
34446
18201
16799
24218
28415
36410
37049
14806
8184
46823
40310
19316
26042
18813
32728
46609
16140
11064
35893
3260
47821
22444
34304
9621
1746
29803
48780
34644
2002
38541
40040
42437
41772
21795
38628
39387
35338
26093
10915
25840
34574
20611
14245
45484
32353
49353
31255
36920
37011
23276
30290
46023
11634
16067
48232
20484
30566
36262
21380
42893
33999
3184
26281
16380
44493
21917
14635
36405
15328
14033
46444
6044
34455
43486
24294
35487
34257
33524
23544
39443
30702
11050
23387
25629
47799
42983
42149
36376
35792
36508
35437
29130
46646
16009
13977
11736
17689
35696
2215
12251
38970
8088
35209
36676
6406
41316
13283
18099
16590
46332
22756
788
36859
3471
13310
33903
24816
8292
23802
4504
38372
48266
11265
22702
42744
46596
40548
37396
11167
3263
37610
36542
202
40476
29537
29541
39095
8561
36202
7654
3832
46007
26169
37568
42686
27636
8423
18569
7870
7376
5149
351
25256
5831
22777
39433
31649
18503
15715
31105
28306
12779
42300
40909
43797
25106
13664
25268
39375
6786
25593
137
27608
12187
35858
31507
14236
23242
43826
24220
5510
48435
37786
49999
13417
1283
1129
20084
17876
15832
30621
1107
36228
46116
9983
7531
9065
35133
19038
47769
36855
22566
35000
537
4906
24491
18187
41459
28328
13553
14190
14297
34072
24090
43058
48047
9662
48615
26433
20727
7887
23835
41494
39906
26895
11344
9812
12165
10130
42690
8803
24800
41210
44039
45701
37682
1032
32472
6916
20485
12753
48596
42325
40353
15725
24673
14699
44
30901
4538
28595
32417
1234
1049
11305
46299
12090
5700
29482
18368
20044
21434
32035
16245
39863
19842
47247
34757
36740
13502
43790
48412
10694
47340
9727
46458
29866
38819
1857
11323
26201
21026
23772
37514
46520
46767
47438
22007
45348
48635
38164
45604
6220
26351
19242
33665
32756
4556
42727
34031
6438
25364
40508
18886
40990
2206
18259
8974
26704
43911
7342
14449
13704
9881
6191
4173
11959
38763
17757
39342
16346
15516
24830
42327
13926
2967
20358
28713
18836
40779
25682
42660
11472
3814
4522
5723
33238
6516
30017
24339
48949
5122
14025
42186
11685
14643
43001
41590
26240
33428
49150
1191
42580
7673
22614
40801
43348
29121
42771
43387
6819
19551
27396
42585
7407
24072
30368
25820
26960
30023
15890
12698
1109
8019
3140
14763
34221
43039
43019
19526
22840
45674
33965
1030
10110
24287
22078
44018
7590
11506
11722
32373
47612
428
32734
28524
30587
15447
27637
4508
25807
40518
37330
30640
47995
14796
48993
25008
21353
1057
9261
14259
9832
12967
29206
38269
45476
48751
18437
39883
45710
40836
43330
34170
39274
49967
13633
45641
24679
42320
29092
6970
22943
19465
47870
31774
37572
6002
31061
5233
33940
14964
39199
26984
19123
35272
45050
32340
14151
1288
8000
39984
30887
18205
15290
11434
37601
23138
17411
30273
23692
34668
27445
40402
9820
20259
2146
27669
44095
17846
14520
26443
33902
49230
27248
33397
35149
19486
20742
6671
36777
34067
30654
13313
7282
49462
2030
14986
1993
48278
18638
5280
37613
40698
17867
17962
13883
11106
41845
45756
37315
23178
35193
32626
14342
15281
47863
35623
27449
13914
27164
48462
5941
43206
3391
41141
20034
30497
46897
45154
48317
37019
9670
44100
8291
47700
43934
37939
39704
20858
46772
41703
24991
2580
43324
14267
19056
39410
49121
39094
23449
29054
2272
21595
3343
27590
25481
49315
5639
35400
4304
44153
41668
35565
8346
19413
15750
33679
10483
1809
3016
18193
49854
46172
15913
17927
48775
16025
36722
24545
2221
44858
30555
45739
36868
9133
1829
5940
18330
24329
15304
15259
27391
1444
24325
37605
9507
45616
28036
5896
29595
39599
8722
18620
1920
9708
1204
3429
10352
16510
4147
32155
10205
38509
9675
6365
41347
17576
18373
29119
597
4176
20906
8343
35644
29659
1190
3205
26470
11105
36925
8929
24194
46933
46781
42553
18036
47990
38018
44855
18659
18256
21739
15336
11313
48755
49101
36837
21014
40731
23104
36612
22917
16108
28307
35727
17777
20966
48286
11110
6284
37337
12015
32829
23840
34873
19357
4854
23460
49341
5279
3548
8956
29135
6702
31026
27064
35716
2459
45319
43678
41137
20306
49058
30877
36387
44363
21848
46506
7849
10021
33629
38067
11181
27340
20609
35513
45363
47770
10529
44087
30101
12333
48564
1528
29915
42456
39603
18162
40887
45497
15616
11555
15836
19538
3417
15589
34029
47329
15849
5059
1423
18528
37652
33093
6871
19309
34151
2954
26532
25283
4181
12996
42338
43361
45985
34172
9330
26132
11802
47878
26454
8744
27540
23059
24176
17169
24070
40217
39816
5117
34899
8114
38200
36590
37021
25149
522
44241
44269
49207
22243
20507
28947
24460
21072
11567
29824
26546
31457
49993
47168
827
6293
25643
39462
2688
43849
13981
39350
21996
24008
6385
14670
31877
46387
8549
46353
15895
35293
34866
4314
23350
34014
36432
1581
48732
7710
28479
7130
49932
30124
26174
25990
48443
40891
43415
3046
2964
13967
39233
18153
41847
6647
19133
47953
16238
39485
31198
17830
47895
33566
15370
8478
39252
4472
17351
32099
35963
3626
39926
33640
34327
30603
13546
34378
11865
43451
37901
4203
40240
49304
8666
43821
35547
9347
25766
6860
5314
43788
14821
31934
47046
5590
87
26124
31551
10090
11975
19094
10095
2248
45310
46408
43245
39074
39503
32134
39255
21961
45536
48227
15393
44426
14957
37111
24989
5697
26635
12810
49753
31261
13361
27364
28602
14200
29986
5369
49337
31603
42965
35123
21176
4494
10402
8556
21562
37941
2332
23064
28881
28380
3828
7209
18420
44431
35355
35559
9686
44391
26222
3706
14542
28673
518
13519
34048
7187
19727
1782
13061
13349
19894
25581
16915
17417
37138
1290
45851
31933
49567
40107
16501
49301
31797
23044
47656
33251
45800
34359
41013
4018
16595
29851
40272
5561
24394
23540
49164
700
35383
47711
10736
3552
33214
40771
38992
10023
18817
27302
37828
13245
2333
31071
39091
45576
39139
14774
47144
11372
15875
32064
15029
3797
6472
30873
33586
40152
37321
44479
27508
24485
24237
26952
7740
42277
30760
10338
21863
47546
5900
7546
16599
293
35186
23691
22901
42110
13001
24782
1182
20150
30462
16031
31174
35057
35908
5134
33125
44652
42622
4322
11099
41418
20755
31976
5263
47876
3116
31564
31514
16421
27614
41599
36203
15975
20261
19618
40444
45792
41872
3324
46193
16208
22900
43402
29873
25552
36071
23834
38436
7506
38840
43629
2085
11846
11869
22425
42532
49157
41323
40697
37378
24488
16361
26358
32276
47015
25786
14413
872
29225
20751
22687
18684
19146
9083
45268
43271
12953
12975
11062
20725
33557
15823
33953
39150
48770
18233
38138
7176
26098
26425
34154
1863
28162
34044
14325
8933
24796
26649
38158
17715
38137
22161
40046
39039
34239
10040
20732
19874
32819
31548
13381
9402
45338
40848
42828
21806
10315
38377
2872
33616
18015
41945
30981
48877
10914
35663
43439
7692
35138
27251
15694
45197
17246
44219
45260
9278
35846
24463
36731
31
49366
10843
17762
33158
19282
5357
46532
3818
25313
25309
17402
673
23114
21004
39027
22247
8771
15571
44094
26481
6364
34505
786
21132
2029
45137
43669
41203
28821
47842
28767
31447
47483
41493
6550
1567
38318
44447
44329
21726
15976
23607
36398
26957
20947
48147
1401
10277
39549
12291
46580
19750
46297
39564
31681
6065
7230
46787
20309
29507
11699
49463
27146
20618
36016
2389
11772
30464
25685
49215
38967
8449
30599
35493
4004
45436
2845
12431
6165
49483
26703
37265
30348
20836
32132
41540
28966
4130
49066
30811
49198
44283
47601
36896
20516
48576
28775
14026
38655
38337
26699
11070
2244
14315
40251
30514
1683
22674
28233
35295
22752
10894
29952
19479
24290
18519
10497
48507
43353
49823
14456
31339
36447
13848
20656
34009
40703
2087
18252
40062
7002
35369
14489
37267
45344
32930
42819
40875
42129
21734
23042
22074
20122
10335
19741
24626
30907
31870
5349
48098
30580
34027
16198
39915
43658
17233
38989
44471
38499
34272
8736
8659
47205
30148
14202
2231
37214
16267
23102
47180
8090
10556
37509
14223
44281
37607
44275
14475
32198
470
14650
27746
3518
36626
49505
35049
15681
36044
42544
39266
47466
37475
4769
21293
24771
46146
47458
45108
5327
1184
565
19115
25442
13904
6764
40512
3167
47849
9310
38448
30336
43739
14795
17755
3971
20524
42415
18010
38466
36364
12072
23613
30629
30292
25722
19911
10242
37836
31132
29184
7827
14177
16063
40151
33207
39469
22587
16781
35750
40330
27494
11128
20633
45569
14080
41697
40283
8654
5168
44601
44888
15127
39830
11780
4113
24002
6969
34572
14604
4202
9954
32071
45167
44810
13081
35416
20678
48113
16543
24724
5838
11748
45350
45231
27668
26024
2130
12074
5804
44272
14842
1812
18755
31200
7191
19802
31235
8161
18560
35525
4460
14300
38225
27805
21469
10670
45567
30825
13410
41048
25207
27233
7500
21934
32559
46384
49393
49008
17584
9760
39049
41231
18952
33615
27188
27828
18919
23236
19304
16503
23509
23384
41702
20637
11280
9219
45329
20640
40430
32211
39135
12496
1605
3362
40350
17350
27467
20519
6652
20883
24780
45558
20322
33362
3902
21738
47194
1450
40182
43229
4523
34538
25370
30914
14729
46814
44220
24040
26067
42343
27846
35165
14559
4484
29436
12748
24955
8068
43310
47709
28008
11279
937
31049
32693
39357
43169
22774
8763
2216
20622
40042
17575
42788
29840
32016
21715
48532
29101
16954
12519
48538
18398
15174
8650
6637
30103
28992
35950
32312
30579
33204
39864
34431
29369
13468
9431
45677
32863
34360
17051
25428
23671
29356
4951
47735
29565
28918
8450
28481
13689
308
21170
4849
48612
33614
29252
16042
22293
341
33140
42817
6634
11108
21889
1106
3830
47021
11819
19328
19419
17926
19231
47369
48458
20594
20139
41263
5037
16477
30394
14818
8619
25717
7150
4117
28611
31785
30049
7047
34309
42165
42670
39667
24242
25656
23767
44610
46378
42637
27283
34128
15717
24141
29018
47296
28688
10835
27812
33684
33076
25333
19039
23941
4143
23386
25108
34202
14258
1962
26069
45360
39691
47196
34398
18613
12822
28878
9688
16571
38736
41592
39554
28763
43101
41910
29726
48308
33018
25789
46018
47603
15889
2978
150
7871
6130
22297
41369
24071
24763
2775
45679
48312
42614
28367
49218
25088
44453
15057
23394
41800
49926
23773
46674
36077
24044
45685
26612
17590
45068
4941
48353
22613
31483
46706
34169
42636
30528
2868
34646
28022
14682
3899
3593
21729
21322
17788
31961
17759
47202
21208
48355
15731
3736
34436
46340
1888
14197
25139
40339
43323
38104
30301
15354
14029
20845
23373
6251
11702
5373
9685
10027
5005
25048
7114
39018
4817
11499
5656
49356
239
28041
26165
20253
46360
6075
29916
3406
4821
22263
1254
33829
11384
14739
35169
11379
33729
31714
26416
45043
12862
31709
42573
35296
30095
9237
32375
18208
29395
25955
35262
12359
26751
89
49444
17578
26595
41468
29505
10191
7841
8576
17080
2369
16351
39902
27675
9904
30065
7041
34590
29743
36512
14017
23731
28324
76
5033
36653
34929
36669
8195
29874
49849
48503
34229
21667
36004
14181
45098
2278
29646
40693
3728
28987
32338
5714
48998
13039
22625
18643
3998
6639
14875
9841
41790
24423
36493
16724
22854
14222
26311
5004
29622
38855
39745
29666
6462
14470
14326
5722
11705
47927
20853
10185
11113
44221
33974
24364
21156
17488
35756
46321
40783
3979
31379
31110
28693
45195
28290
43377
42478
20888
6682
24642
40554
47478
31946
7092
39957
21346
27309
22344
19014
2725
32931
20844
19500
41707
21499
25125
37718
44004
18092
30643
29787
14594
48464
19990
48909
38662
11716
34955
27921
34591
19872
6679
33677
23670
2895
20362
46656
39425
43033
16303
4059
25051
18022
31299
46334
37193
7967
26894
29781
25459
34158
22179
43991
32687
7730
2858
1646
41534
48304
44966
18949
18739
48468
12443
37741
40110
22859
9001
20937
43331
48989
27214
14356
28124
45292
5244
25019
11519
8297
48901
4226
5647
17697
32231
27813
4592
40382
41144
7947
10241
17434
26812
16680
7624
17550
16428
8785
25351
10950
124
6168
31403
5764
15649
42104
49584
6707
47819
48071
16856
17903
496
25
15711
24707
13441
12128
34609
31563
16928
24740
32105
40223
35872
37390
46693
31077
48478
38073
27132
20769
10073
9695
28129
6013
36947
27195
15759
7350
11056
11673
40618
13673
7257
41675
16611
18730
416
9472
43043
37643
655
12743
4164
47716
20535
44924
15718
35688
38044
48228
17032
23972
14824
10337
19873
18970
25406
46650
27318
34919
14765
49131
16506
29297
2474
44121
46995
40889
42945
22497
14949
45324
33757
38551
31410
23949
48110
38943
15200
30229
7174
40559
46012
42306
15924
21581
32675
29755
20251
39388
6172
41551
3367
17132
27609
43567
23263
15444
45016
45450
2778
11242
48543
8731
18946
6315
23639
45309
14841
42685
41566
8781
37439
3404
29710
44731
36285
32201
10193
9176
15737
10450
11159
14853
28746
41037
23554
19442
46306
29907
18706
45925
31679
35572
31288
47534
41820
32911
22809
46499
43000
32342
9063
5365
43409
16382
45883
27350
15949
28849
22892
23440
5496
16010
3836
25261
13913
32659
34875
15223
11201
40509
25869
4468
24190
14833
26380
20357
8830
36448
35885
31800
43158
43113
37297
46881
36370
41747
21055
48846
35569
16678
45458
4501
41871
16284
34021
17952
25564
46743
31243
42376
15629
2025
4973
16881
25420
3747
203
31019
9027
1403
48761
11291
13347
31776
45785
39626
1082
27502
9690
7787
48069
15182
26328
21180
37759
42574
3620
7133
7106
16946
15786
24492
20188
49430
8065
12515
40214
39741
38162
10096
3440
23403
49746
22057
37420
31617
27941
8678
18507
21558
20428
20702
10283
31598
20899
45282
48631
28458
23224
44276
3723
41575
28148
20337
40015
38512
40501
16644
18145
41178
23093
49590
47505
33906
20793
575
23690
33241
35362
19786
30021
33130
4055
37358
25314
49876
10887
9162
16671
43364
39242
12236
18496
29030
28256
18524
17515
3653
32038
41308
27496
28831
41947
45012
31385
23585
17462
4998
17778
47009
38021
15194
48607
31064
26307
6870
16989
1021
39098
34467
39757
11602
30060
44000
14180
36012
23583
8112
32674
26756
42421
43333
7995
41029
42502
17253
15522
35125
14981
4274
2283
24865
12156
27265
28026
22428
4767
22593
14233
43816
19504
5790
42764
25377
4720
11240
44588
35201
42905
34634
18993
18342
38388
13068
29032
80
23421
9214
1322
3573
20623
8260
42084
2686
49725
24119
4054
48899
39345
27232
4189
22135
12311
32946
8875
23512
43950
45159
34784
23252
8221
48318
4776
28774
11127
38197
47816
2945
46267
15232
3667
13050
2197
30546
23457
43716
48354
38374
49938
31206
32209
44986
8571
8106
27040
7913
14263
48720
21740
11806
24427
37259
28164
34457
34109
35051
14106
879
21173
40942
15031
35821
17416
45307
2347
38803
593
5516
6090
48264
7758
10044
43249
47041
33074
13895
43034
39712
24894
32393
16455
35137
45748
29242
7756
14985
31730
33202
15795
34852
34754
44096
27025
25784
9853
40994
36391
45639
34318
24205
14441
31737
34568
2735
43294
31067
8171
37494
35738
23820
41195
5572
3607
6370
12833
11442
45721
6193
2301
41068
26887
13315
38460
6600
48940
29286
13699
17035
14602
10570
49832
34695
13257
12951
19042
14377
47753
29265
44126
35373
12039
9289
30485
44135
36663
32796
44571
32386
9024
47355
15256
37976
6889
8952
33820
9959
48526
7351
18757
49983
23082
24477
27170
6583
25305
39356
804
48647
23256
29216
5150
4419
20284
29107
10207
24750
40376
21468
45873
15089
42323
5258
39259
11253
8546
25929
32963
2096
23980
24245
36355
27854
43449
31129
22602
38636
3176
19609
14732
40766
21722
39276
9067
46098
38911
613
25891
16662
8045
34650
34213
9450
3359
12679
16320
9761
42758
46811
28446
10862
32729
22950
19966
34928
23470
4834
645
28348
42136
41891
8216
133
1000
30409
8734
14443
25070
45777
14514
30105
27995
48789
4524
2469
6950
9510
21921
16195
28209
13921
25523
21707
39930
34055
6913
18966
14133
11085
3776
30891
48798
6413
34269
38645
45025
8100
10899
47315
32634
26827
2839
34767
47733
33234
45032
3745
12876
23774
16956
12296
27310
45056
21420
22810
46472
38217
18263
14881
27455
26533
37427
49647
36848
46971
33544
15628
28898
45565
35500
25548
15929
24917
25458
18477
49392
242
37873
47540
42590
39802
6841
1445
41514
24701
1243
37145
42061
40288
42981
30663
34305
29936
35995
5867
1330
17392
10457
12669
7552
25865
14617
7332
40462
23141
48728
30746
45405
19110
37144
46195
11267
9784
12324
11617
15512
11512
44562
13135
40017
35797
7469
20051
16199
11672
8960
7645
27490
35649
22473
15147
22611
42216
17994
28120
15258
9707
49960
8370
13065
46647
8351
21745
11465
26656
5487
16975
27578
34799
15378
14114
30952
12309
3871
22598
47804
4251
37868
19982
17894
3805
4125
11889
903
32392
21537
24764
29758
36930
24569
23241
39264
45937
20988
11764
12584
28502
48973
6207
42885
11347
20436
10059
35322
27870
32907
47141
36997
47157
22819
27122
34557
47887
44475
36682
7994
2180
1806
25378
19024
40021
26337
33090
21938
20948
13703
32777
30076
45859
38993
32368
35242
3541
28228
14913
27874
26944
35909
6230
42219
31004
22897
18523
25654
45999
40542
24052
49417
2656
897
1031
48929
44992
24200
30992
30334
45727
18030
30686
39897
1609
4232
48205
12472
22717
24381
13900
13927
12992
27497
40122
18189
1452
38160
30451
18624
10012
2405
22321
26391
31769
9002
45552
17014
30682
16706
11244
43618
14281
5072
41525
37788
48489
2854
22501
29582
33794
34980
2539
23473
5138
32110
13642
5212
33080
5449
34060
895
11111
20270
30857
30864
14664
2865
42747
29818
40054
32735
28686
20203
5012
4319
17463
13306
17511
4581
29304
27716
44820
46008
23624
17649
40877
16096
19503
35974
635
13858
3810
9966
23618
34553
45581
8583
15814
10664
48079
28488
21902
9925
20299
44408
16885
37484
11691
38586
2831
42214
2453
41564
32031
16457
29149
29285
10125
3564
26624
31320
23899
18378
14582
28090
44951
28726
44222
28441
34904
22014
6977
19280
346
17139
7494
52
25304
40551
29713
49760
40510
37051
38284
40805
3589
48967
28518
26505
33082
6486
24719
8927
41786
36955
43713
15041
21907
28410
22970
45971
42656
12145
14555
19478
19005
46009
44301
40434
20407
16064
28933
10165
45052
30991
7056
25418
46555
44489
23822
39408
49683
17932
18843
2118
14966
32609
13126
41541
12843
4200
22310
18971
34846
9320
30944
28222
26368
31823
37417
21297
37152
44245
37443
41033
26449
254
34416
5262
20130
31286
35954
4168
34578
27906
42714
28997
40489
2378
6073
17182
41898
32925
43067
1972
18067
5897
45169
29725
26055
42368
663
28660
32474
42117
48829
18178
49354
26199
20215
40224
12580
3623
22946
7415
41217
39065
44014
35847
37455
14058
4279
46270
39246
41145
47005
14127
49370
35626
42473
35071
32295
48777
7259
28697
46896
9725
15722
30329
12863
34931
16577
31674
13125
44271
42848
44813
19203
14451
23573
13145
46026
40065
16053
3521
25774
25989
26582
6475
41182
31014
16699
45031
34699
49160
16104
7131
31202
25566
30919
24793
12377
4367
25906
14728
24948
8684
31296
12731
3960
44723
25903
23602
13910
4293
16715
5025
37905
13024
21195
25579
38765
26761
10403
3425
198
757
23687
25633
27524
47280
39231
5302
9461
2604
9912
21950
30026
27515
20749
20986
28210
34617
14084
23463
26796
15353
13791
45870
15707
24037
30673
9338
44555
413
24408
3416
24936
41978
44926
40215
26838
15998
10122
37209
28608
6831
14549
4887
7997
36379
25949
21286
20427
35943
17153
39685
7762
304
9735
17957
15087
32461
9902
35371
14355
48297
37242
594
26961
33373
49955
26392
37282
25041
9847
15552
49609
10699
23890
25498
4732
3654
39026
4237
28058
13843
32528
25379
13782
42530
47516
1635
17941
39456
48352
19143
15856
18718
24792
32615
24120
48737
32983
46652
30373
29984
31949
25148
8189
42205
43014
432
29908
1606
12083
7510
31819
40962
20050
4235
29724
45911
12832
10288
35337
11638
18155
13457
24478
36075
43054
48898
27184
5766
14021
44600
19674
24368
44781
6564
279
23217
44198
1994
4184
35578
13505
7081
43588
3726
48885
34731
21406
33633
7981
14119
35545
41498
49987
32487
49334
30540
21826
44792
45094
16666
11958
30883
30121
27161
39578
675
28053
47312
42968
21556
46027
3756
37197
25327
21725
36485
31571
15264
21017
36164
38290
36968
3638
3169
8143
27273
44022
39640
10478
15867
46247
18045
7724
46485
49328
9049
35551
17321
8408
23129
10926
32569
32578
26000
32412
46801
4866
28194
35323
22933
4653
38841
26719
5569
33191
39107
4940
13295
42512
48001
157
22851
37804
11190
43414
19833
33441
32811
45935
42732
9694
871
39343
45063
7206
41027
45546
26339
6398
7785
12432
2326
13743
36665
19905
26551
21605
3308
4294
31044
42623
4137
15482
881
28042
42738
33466
3129
10067
37291
18006
20776
29260
39101
38444
19351
42862
17300
25290
43016
19087
46827
45523
18287
18599
27012
10176
1417
1942
37930
12084
10219
7958
27387
1454
29444
36708
42345
24239
10239
2809
19708
26325
23308
47071
47599
33134
9726
17403
29237
38301
22171
45960
37842
41022
39296
31094
43445
33352
9687
17637
40881
835
45028
3760
18419
18572
27623
19134
30966
14885
14188
32661
17067
14580
31439
32858
35436
36847
19922
15078
16354
6572
10548
44347
30942
18351
32720
15335
43778
37910
28282
42786
15525
8014
31031
14909
15748
49276
29458
20815
25568
16002
6651
35432
39193
46309
31478
5989
25278
15331
19035
14803
30341
1771
21182
15050
35177
49871
20408
17234
34210
3289
18944
7674
8214
11693
39664
46683
34716
4503
16022
37043
9010
38792
18831
7013
34573
49190
42671
36827
10119
33186
40436
26784
40403
46209
9517
19400
11114
46904
20787
45979
11206
31809
46468
47124
24411
4949
45023
27525
36898
9502
1704
14597
30053
49240
42132
18004
9764
31558
35422
25613
45613
18278
18211
32649
22792
37452
25550
8858
45446
36752
48437
24580
3578
40306
9598
19073
41811
23589
5147
10321
40236
37996
19234
6686
6318
44016
6439
14778
30683
1029
10329
14043
512
46726
25455
24482
24212
30602
41588
5832
1414
38233
29886
42475
21520
44463
26609
4053
34295
146
37182
20711
42631
47241
23769
1235
26430
46856
15355
31404
42753
49320
12895
23427
9698
8340
8321
47569
17281
25203
19944
17871
30477
24739
39102
37425
15776
26298
8333
34562
14634
23322
46575
23084
18179
41006
11584
39854
15822
46925
38689
17180
35037
1615
21212
31136
47828
35604
37948
38952
39492
1908
22754
23030
46774
27942
4371
43383
28870
45698
41499
30597
21010
2614
27109
10200
13708
14384
21993
40748
10325
44067
27172
32104
26269
13082
27856
39
475
5043
3204
14049
46621
30212
31293
43022
17767
24230
36755
37799
5115
47524
42790
13816
1828
47514
2668
26477
9947
21879
45089
9964
8293
43366
41680
27068
48584
21260
14511
28439
39440
7478
10022
38832
48173
42557
44696
45135
755
18947
22314
37619
12714
10561
40524
8012
14053
33344
4486
25546
28369
44825
40234
37485
29753
7636
19904
6920
2722
29674
15714
38826
49466
23016
31944
26045
40504
34228
11703
48233
5872
11744
18441
41435
29638
31451
42271
32205
45340
7835
15866
2189
19876
33019
24015
91
946
32189
22724
13717
41648
31059
37299
11523
29424
3037
11595
36864
34008
14156
46511
834
23526
24965
20757
939
2275
28813
17803
44877
37671
11034
6838
29215
35748
9054
26096
49130
32978
28001
30434
17678
28149
14711
632
17323
16399
34056
48549
24023
17828
19100
37992
49479
32131
11316
15428
34164
46033
23910
39152
15326
41591
39341
8513
14579
10507
966
7003
10909
7696
29198
31358
43191
37442
43683
47197
5380
39598
2097
16409
36073
12542
14436
35370
30974
30265
32319
5163
33372
12527
22992
40371
44336
4212
33961
17900
32942
27521
10344
49523
31706
28495
46919
34751
43306
38276
405
6179
9556
41089
15417
16547
4913
43706
25694
15058
6267
19011
49892
18035
14309
44310
38593
22639
33252
30601
47204
39072
32664
28610
16939
23383
46168
43288
41622
33967
16488
12189
14600
13679
22823
36735
31355
33860
15838
20654
12440
9265
30190
42399
6941
43126
21298
36226
3253
5669
26142
35718
39335
12741
5505
11353
20387
652
28818
36435
45173
48794
10571
9443
23818
1213
20314
16306
17702
40905
14134
42377
2314
19879
32712
6864
15124
25066
19226
40370
21394
32264
22530
30847
49038
6874
2086
31282
35652
28712
29601
30729
7034
39466
5397
25934
25835
49827
12285
18726
3007
28100
22189
41977
39014
40960
31648
4827
41830
33175
36106
39835
47054
27160
29898
21344
32079
7215
27912
23392
30355
30725
34729
27635
18988
17510
33768
18710
28741
11715
13789
47961
48946
46182
13590
11666
48725
36034
8955
37827
17553
1284
37462
992
20675
23815
31192
31396
6749
3445
17172
10803
40471
6107
13177
9909
27814
17396
12404
44308
32762
47445
37360
40087
33257
26346
38843
21496
6500
9335
47335
43367
26376
24170
5679
9833
2739
43625
5581
36005
14228
40974
48475
27209
14241
31295
11973
49889
3925
32152
13752
42633
8155
31128
36208
21222
58
15047
33026
28990
26153
3331
5223
46350
34370
12020
8995
38172
31000
4758
3558
469
20687
40167
18606
11368
19197
42960
7833
19423
47702
20089
15267
21484
2597
10665
27748
159
25184
10947
24248
23657
9107
26186
22203
30667
32399
49465
3862
9117
1441
4129
4214
22180
382
31532
22722
13771
14184
27736
27922
9655
17879
9597
27227
7180
18681
35607
30197
23171
1092
1974
33756
39797
42204
17719
29966
20469
3398
39506
8484
2766
30699
44973
42321
27651
23306
15265
48414
8866
20511
2977
37094
14168
28883
38635
9068
9811
39447
4920
40184
44191
29276
46993
4325
17096
18473
1384
13616
10638
33778
44560
34418
40134
23862
8384
32332
41780
34856
37001
25036
14442
18571
8075
31791
43398
10426
30794
47856
23097
25404
35220
35789
23261
9868
39526
29615
20566
13203
21490
3785
29708
30248
31173
16297
5696
31326
40940
18508
1389
25468
17258
47430
18586
47293
21020
38228
2730
20983
48882
25852
17481
46054
33683
5994
8911
29451
10083
3563
35554
28559
35412
44819
10935
44645
6391
25091
35940
18209
40307
6241
762
16214
37961
17557
9508
49469
43078
39042
20007
6736
17704
15400
15119
20956
1286
20608
10045
37210
3529
24127
32812
37890
24551
7960
45989
5610
9810
36631
47416
4210
16742
48140
36224
15901
3017
41653
8461
41600
2176
40906
17490
36418
18978
15812
18161
14552
35866
34313
18672
12825
28857
36938
38710
39326
3769
35187
39901
40018
37692
19910
46673
40737
20690
5965
6095
27938
11957
32716
31161
13658
40431
25236
1779
27824
5020
26148
4272
39253
15023
36535
34427
19791
15163
37885
31307
35850
39263
10371
17458
44154
19666
10112
5198
34437
1003
25239
271
13896
41306
41851
22150
29240
45002
38075
34854
35217
35031
5604
38080
39352
35681
9901
36900
37240
48136
19289
5749
30747
24502
40008
42755
51
31474
40869
2093
18933
7615
3174
13596
33883
49187
29040
35600
19041
8690
7404
42424
12881
19319
33567
5885
5787
28885
37140
32058
33876
29817
21392
42546
3355
29323
6400
2751
47292
30338
13653
45822
13862
48915
28640
6677
196
10063
9226
9778
4521
45582
2397
26834
40583
32459
19359
36830
13944
16670
24414
16436
45683
32767
17646
12749
28754
2315
32949
28061
41705
42258
22036
8458
10271
44632
6238
46965
21421
6589
41043
19012
23623
30831
25853
4845
29928
34677
6719
6588
3658
9583
25241
25733
46614
11612
49440
7365
6290
34845
35160
39706
30578
39153
2761
40824
29365
22738
27323
36296
42336
25200
43902
40879
47208
38766
7192
13383
4079
1010
45502
46666
2914
21628
32653
25490
11249
46461
14581
41268
7917
45990
45574
9514
4064
15982
35064
47278
9637
26445
13536
27686
16231
11177
23050
15498
45059
43645
28647
7983
9059
7893
13787
10196
43386
7250
31323
18387
24876
3618
43794
43748
41071
3863
44691
33950
23378
3462
25138
44856
45277
7068
17609
36486
9388
27257
15282
38945
31689
28215
45631
26522
49802
15703
49911
43168
1905
28914
21036
32072
13364
19650
29219
20576
38668
19510
741
6232
3588
40258
30362
46553
7613
47400
16473
9921
7810
15186
7071
22512
497
47421
43247
18529
7505
11978
16146
10220
16137
49317
47281
24797
43697
12928
34298
47397
49989
40497
9315
31374
46338
23970
29858
24201
22962
32971
21874
38173
43947
1218
35523
24018
27765
21244
2586
44690
23081
20199
6592
21555
23851
31701
33847
20483
3072
39701
8673
39238
40429
21970
29964
25818
21750
11836
40293
5845
8511
4843
5918
5289
9663
17184
47118
13503
17805
47627
35809
29553
42417
38236
22682
327
34859
10235
39979
4216
10316
3987
46210
25706
11821
34045
39971
5654
45448
28522
26349
20367
559
11883
8720
20391
1580
683
25519
18014
40367
20998
49486
3144
19367
2413
8257
6957
13049
43122
44721
36040
12073
25767
36985
15852
12423
16701
2245
45905
15763
9668
17121
932
33474
4050
1301
49870
5388
1096
6355
3650
47492
10828
17288
27167
3319
10285
19576
35321
42601
27228
32855
438
7051
36996
44003
23873
21522
16920
12010
24095
8286
26899
28333
43791
18759
43269
8695
43635
14409
13685
40761
13500
11833
45659
24674
28913
20588
14328
32617
22675
4573
21063
38947
16906
7201
49151
28010
39005
48200
15434
35027
44327
44307
40230
38930
2070
19952
21443
18348
33408
31133
669
5077
19975
14676
11415
22318
41042
37918
30851
45369
19846
42233
10944
29481
31194
9100
2641
47938
18736
27928
5671
3052
46128
8799
13907
7660
10
10091
44177
32237
22632
34362
15736
30690
33017
5641
11842
17936
9416
24042
1055
39197
27314
7293
49221
3763
43024
24598
41877
36143
38026
13037
8981
30520
6006
49248
26491
34096
34984
25210
8057
23686
21141
5735
28970
31144
20804
37228
8421
49925
15990
25705
19244
38748
28638
17296
38467
39328
3351
3272
40991
18258
12086
7582
14486
8354
26238
32904
27790
47638
23870
3688
16154
33904
7806
46749
46748
1438
20128
45211
3543
26739
44701
8032
7880
983
19206
34081
21001
45035
25477
6643
25742
31301
7808
27523
14755
36442
27851
5273
38462
25188
13444
27427
32837
26128
48185
11046
39601
15479
29776
47122
23407
37983
41646
33331
48216
32842
34177
23164
8599
20839
43499
10910
20409
2485
9596
31513
32717
27739
43336
44804
31647
25025
48801
45084
24527
7929
23490
3163
14104
10719
34692
9122
20531
29201
28892
20063
9736
25322
46494
38192
42096
2305
34968
23829
1498
38886
34267
13959
27027
9894
22438
25218
48811
14647
40121
4723
41670
27899
20200
10777
12924
24078
22991
32893
19325
11942
41571
47932
5410
24281
4422
32555
43873
41460
12794
48212
21084
29519
19704
39773
3663
17047
24895
33639
35678
34724
3300
916
6061
26997
33672
46545
15653
42902
604
25723
27082
40124
46031
37530
1026
37556
17236
32053
10150
36222
41765
38231
26513
28583
3935
42651
29255
3118
12757
18955
4979
35509
32129
36318
45910
43970
47925
18873
4771
23022
45496
41355
35279
13339
9516
15476
27720
45658
28459
19746
11238
32410
38362
11138
7032
7877
19542
12293
620
5650
43568
17205
36247
10555
47138
40157
48913
22053
43677
38919
42986
21123
46862
26282
3842
13902
32719
8040
13186
46410
7316
45614
17248
49171
24310
10221
26586
36650
16400
18911
2754
14262
18782
11490
22781
43896
39323
24576
24038
36494
32786
37308
31015
47970
40633
6299
13976
37058
18455
42352
48401
5797
8700
34782
28303
26010
2383
21146
649
13651
61
41986
18501
34830
38570
34141
27955
17447
4420
2851
24565
20434
36558
39110
32077
45142
49724
19635
22071
46395
3264
27526
6887
34470
16710
33412
43297
5419
19291
41861
44944
16833
1912
23754
501
11934
14837
10058
17348
25407
37503
37033
4647
9084
37149
34078
15062
17344
9058
13881
43599
643
29522
35241
1950
47860
187
5368
12040
10738
20929
32768
41900
1716
32753
6597
42568
48268
9128
4357
16192
21106
48380
16248
13695
15693
40592
33686
4204
23277
27379
14498
26140
16255
18647
11039
30322
43373
30762
27567
45118
45909
32896
23693
12716
46196
34498
20941
43197
15233
11781
38897
26483
15854
46106
34244
5664
4994
30078
24840
26637
38198
46816
5209
39379
26718
43135
5466
4881
22680
15320
48541
17727
16145
22839
48847
20207
17455
184
3647
45106
6039
18327
25427
30466
25649
18339
42048
20166
24466
28730
14868
21278
16541
7709
22410
770
31904
30008
2098
45157
29837
10547
11350
12664
34735
25230
32468
24646
17574
19760
49598
36816
36796
37747
35156
32948
11775
28242
14673
36967
4136
7258
48409
14914
16230
31778
3727
45480
2520
47276
15343
45117
44302
12834
1227
27456
47680
37372
11898
48062
26456
11172
46548
21231
13475
44733
25628
15716
18816
40684
20867
30246
45153
18446
10635
44985
44326
46425
13779
9581
17325
2942
7706
32754
12659
35836
7767
15964
47606
47650
2663
43663
26230
24575
30086
37526
10558
48736
47952
33552
8121
15953
24116
4619
2910
41356
23246
23932
16138
29460
41196
27615
1415
36093
47047
24939
23208
2404
15829
32698
38742
8761
6700
48982
49858
48149
43985
530
27480
2948
13176
27451
38136
18521
16536
47839
31900
36
22270
31461
22130
5237
14553
1259
24288
31160
18364
1194
4217
43900
33667
16553
11587
8453
11232
18626
13278
13020
24773
30695
37893
46788
24930
15505
48809
11787
11192
27678
31583
42808
4110
37126
10917
723
26753
8550
29241
44740
46263
6574
33240
42479
44594
33882
35587
11032
1594
31228
1393
30776
28799
46473
14935
32005
12298
15352
4087
21448
28196
2906
30448
32283
40837
2746
44622
7221
43644
11404
2499
9168
8475
5120
30331
42915
49178
21763
24963
48005
2052
780
41186
49402
47705
28993
7938
2390
481
22866
36921
2142
39908
12637
34124
20875
38275
46698
13281
31069
8135
35734
41156
41238
25331
41577
35534
39358
33353
24798
43259
4706
7797
26361
30311
2620
45284
23523
14169
41381
24024
43442
38776
20791
5256
16637
4445
14996
6178
49888
5151
48129
20359
31624
13810
41720
29570
48897
42090
21686
13985
12163
13134
13922
29676
2191
41833
41115
45892
10709
42694
188
33574
16384
46262
4175
41326
34206
1238
48237
33991
11805
35480
12001
22090
5435
25453
11306
11171
8568
25058
41139
2549
4826
13561
35971
21602
39413
7738
30272
33983
7628
8762
40636
27811
37538
41770
34144
18558
17005
32052
24566
34098
45607
10730
29346
7438
49877
48460
8265
16240
12277
15757
17786
23300
44864
44244
29417
36610
12606
7969
6992
30670
40763
30437
24385
5422
34332
21568
45941
46554
23504
16563
3669
29338
48820
48953
26607
29925
24275
20696
45355
3080
10251
28727
11844
17632
25299
37022
27130
6818
39774
21111
1611
38632
31193
36125
10456
39981
19946
32645
23202
22695
39675
49478
40179
8378
7427
7406
3866
44459
8812
31677
29015
23530
164
14013
40111
38701
538
37916
36546
28637
38187
46224
37034
37350
17677
4787
42689
2374
36769
3717
39460
29231
44284
371
25394
21279
10702
20416
964
45081
11458
10069
7197
10868
25542
45676
4607
3686
18883
10703
43960
32128
27024
40841
3699
19061
33414
13631
26374
48257
32701
12983
13526
3449
48979
22269
25590
1951
4414
1168
25938
43692
20439
1070
16459
23621
42141
46901
14141
12099
36748
26460
29383
9432
17405
19127
13012
2573
32376
47692
35664
14889
27632
15729
29378
35505
32838
41146
33656
3795
40229
8594
9005
13548
45801
40587
12746
40490
29268
39729
47007
43068
3681
36784
40590
20920
15061
28717
22610
19162
11856
49433
13549
23006
49857
44509
8281
11966
37502
34763
34448
13243
3732
48553
23009
40031
35879
37081
45297
17729
24302
38424
16850
45085
48689
40722
10473
1827
1125
11268
30483
11175
15162
16972
41471
3711
24600
2896
16549
14978
2843
6066
31538
32839
5886
40171
34252
24086
16101
1225
401
45203
24333
9381
44237
14334
29954
9211
13565
45827
26209
17178
41917
29431
7507
17050
31716
2678
10043
38244
34598
16806
34960
37631
3849
47290
46437
34645
19329
27023
34179
10697
6945
40454
15677
2818
5317
47001
38820
39336
10907
32494
18937
20247
6582
22909
6522
33197
49005
35471
7945
11087
39949
40464
44174
22597
47310
15483
19693
23997
47937
11961
38261
47082
17742
24416
2924
11829
30003
18748
7783
48004
48158
45981
5550
5726
20777
29672
35676
1307
49809
6124
45808
47115
23
28255
23358
40009
6767
15680
17063
6815
35805
42888
23964
13557
22440
9755
13462
48167
15753
41518
29526
17789
21135
17642
39986
442
49764
22356
47552
45908
15719
8442
6246
3628
12539
30581
38268
39886
38823
29368
6448
21998
23209
19866
46302
36026
29443
16517
36239
24498
10720
4781
49144
24061
2765
48347
38603
9179
49342
32825
41470
35390
11977
11491
36092
12858
32015
2386
21447
43453
23414
38120
30168
45923
8073
40221
12670
49041
1647
38380
3203
17790
10809
32452
28239
31573
37244
13141
45950
29153
3066
45515
21451
26514
40624
44628
16625
14764
29932
14940
37326
37430
38797
24301
42836
20905
35955
5778
34753
2129
23466
21980
13111
2000
27316
3223
46928
12940
5718
24206
31873
34142
5936
4963
2057
41357
11410
18555
7604
705
9175
2638
21792
2622
10832
38205
18472
5476
6939
30848
39933
45213
16168
34721
33450
18167
27159
19422
2506
1360
33222
34220
46668
27774
43242
30015
42055
8078
37765
20230
36333
37224
13776
7625
20115
35795
16744
22198
31204
10217
40533
30177
24982
33927
37720
3893
26086
17250
31708
46244
38074
18203
10243
8959
35820
1164
3685
41958
21107
47969
15371
44400
9364
31958
43752
43846
42011
12194
1253
5775
42105
39121
30128
25252
15665
5278
14115
19256
27600
49586
25116
39206
12235
45072
25167
11586
30068
20055
30657
4904
41859
2228
16751
4126
24900
46159
34965
2637
7946
41764
24158
12605
47837
14939
7255
35228
35314
45671
34683
20012
36979
48500
48765
42200
12563
14381
33154
44558
18648
33546
39570
49123
29884
12111
43425
2690
34419
44800
18304
47844
40800
16039
37453
39058
23590
37590
47637
36048
18300
43695
16133
6482
19330
30414
39760
14135
4932
32639
49893
38437
6909
15641
30074
19898
25154
25597
47797
14697
16315
46868
36874
15027
9273
3897
11788
5888
19899
816
16879
21386
11220
39655
14906
30092
36035
26469
44665
1786
25965
39699
25328
16395
16286
36910
21963
42451
26385
44492
49228
44938
31520
14030
27981
41706
44468
44918
34199
46994
44916
16448
42119
11820
40605
31858
44817
15551
46156
9721
42975
36685
47894
19822
9895
26159
20764
30213
2627
18058
2585
39924
47880
36507
1822
35189
39489
33473
12094
27088
41729
41960
11452
23705
3789
45486
3601
25131
42957
15007
45735
4993
7175
28247
42063
47228
40606
33625
870
35151
43073
35537
46040
38559
26023
8698
22542
27224
16976
27269
7842
17508
25015
26071
40064
44569
32206
12887
38581
19509
1721
36434
34468
14305
44907
47850
37165
34387
42696
28144
22192
35421
6697
23610
48941
31917
29839
10436
27201
37441
28617
26353
15536
48832
41672
26272
35257
14504
39862
3097
9336
41519
7599
16256
17814
47174
16475
37076
1505
38174
34957
13162
29400
22845
26203
18340
27782
40474
9496
31847
18534
47235
12158
3257
4287
44462
6123
36518
34559
23005
11939
39631
27297
41439
36308
35495
36500
18450
47270
22009
17309
810
32807
47246
10779
19332
26716
1986
20024
21843
7084
15017
31725
15220
29985
43927
43317
19323
19793
45651
31713
31098
28934
3031
7751
45510
40325
27486
28246
30284
16049
21237
42408
39791
5759
47811
8017
11142
25310
30622
35531
38799
13118
48892
38051
36616
16152
6170
19958
29123
16907
32797
49555
37859
24011
8127
16265
7644
36922
38156
43208
24380
33962
24456
8400
8652
49848
10211
35059
7147
7934
36104
36438
19184
4312
28110
7698
5694
35614
8353
9
8304
21598
41684
10398
23177
16673
21191
18749
28986
5986
2951
34781
7238
29415
26099
48917
3926
16562
7212
5816
31590
36109
43038
45236
42087
3463
39561
25917
45585
33123
23194
14165
49314
15142
7117
43474
8519
24919
8997
3831
13645
8874
43744
9055
13200
47273
48321
42267
2513
24845
39904
18244
33984
27135
6405
12622
31250
11528
8782
43855
44828
25191
34453
11513
23072
41447
16890
42422
45779
43703
49845
26769
12933
6085
20302
8922
20800
36715
7549
40146
39192
42731
4241
26573
43642
22375
4152
31370
17335
13392
16996
28203
44510
7864
13820
44552
4124
10599
3838
38685
25866
7236
29272
48381
13404
7446
23127
44629
37238
39672
2490
9404
23744
41704
40873
26017
36467
38583
32849
45138
34879
16884
28497
25919
30551
47240
38715
42963
25979
33153
39222
16241
40617
45361
31672
48148
11320
5673
21833
37947
24990
27837
31259
10303
18541
12221
22521
27570
3290
41004
13335
7170
36469
13804
37004
16617
26882
6447
34410
39435
8879
38563
39575
28912
17602
41962
8209
38903
33083
41834
13532
30517
28185
17283
18853
24548
20499
19588
4566
42065
12830
37974
14243
49311
3869
338
39771
49129
31593
34259
38580
38595
24503
41206
23269
8760
17532
4205
39349
25562
18612
13073
45293
15894
19266
40806
12471
33846
35787
31796
33358
45132
8431
9269
30569
13016
11677
41083
46989
39009
30726
40625
482
2418
19536
23494
14408
17834
31889
4944
37498
43516
31616
30276
48201
21809
8798
25117
36183
8051
1551
2594
45386
44935
16753
4179
43251
40966
12379
26117
10771
25904
6981
23095
25925
22092
20031
46953
37307
27836
38609
13314
23189
41537
2213
44379
8732
45199
22848
21634
45982
19207
30226
22903
42272
35166
22081
31087
48282
18997
39478
23011
26028
6062
31846
14820
49059
40340
3683
29289
16472
28237
16073
15063
43203
30577
44736
11477
12397
37260
10503
15065
22133
45202
7834
2367
1088
22771
45578
46364
10745
47357
34115
9567
24299
23398
41826
13190
28684
39019
4474
13025
38038
46940
5738
46449
1205
38866
19112
37383
23098
13694
16732
28346
12979
36465
47093
6399
43399
29819
44418
45818
35199
8456
34829
1774
39898
12756
17753
1473
32782
23779
24731
27882
21352
34768
39541
12777
14908
44716
14207
46187
5567
38999
27101
9737
21190
25530
2014
18365
1743
6487
7083
11388
12205
2265
296
29829
23004
2632
28750
30476
24030
34341
34036
34580
2128
245
10268
43090
40523
23147
5677
48485
15376
885
13187
1568
32808
22086
16500
20109
38762
32889
5513
35613
34374
45451
35518
29446
45963
32346
5318
43632
28959
25759
6987
49655
17000
10172
3921
39618
17469
30797
25488
694
45946
43811
44199
6182
5333
36058
38836
22627
1110
6994
10208
7470
41713
10421
11649
11970
15111
38206
820
30678
47389
36393
30525
42093
21054
39158
10838
45987
7483
37993
20169
9503
18867
31659
22882
1303
14123
37921
27706
33575
4201
1804
14537
29189
48636
31486
12227
39803
44454
14173
11933
4848
16646
29115
34337
23894
33333
14331
44490
20192
26725
31011
24678
93
49916
5446
27752
28964
17354
5800
46216
16412
30987
29438
47327
19371
26865
20799
2414
4243
28175
13052
23729
3741
11416
11951
23887
36087
19227
43254
22145
44896
22146
7606
5646
42563
22635
11428
26249
34862
17286
13066
11902
19491
47531
7400
17174
3368
647
42911
20124
19436
28271
39169
15879
30895
15581
35629
45145
38523
7261
42301
42609
42944
39240
47848
12203
18575
35274
48963
2358
44006
5306
11448
38727
28515
41220
43389
12279
44612
41624
12674
4309
23620
29905
34133
12768
49437
46220
33779
10460
21919
29759
36362
13017
47726
1331
11877
31545
36346
21955
45330
49267
24064
7004
36795
27993
31387
5473
27321
24596
27970
38191
18590
826
9702
45601
37557
38184
7145
6060
30976
26198
47590
41056
15578
6601
3504
37734
29937
14382
32249
1422
32684
6508
25337
3306
15195
29126
48942
9191
5114
12577
160
957
41603
39346
23545
39662
46678
23145
3690
36354
20437
16790
37463
26359
37515
32396
9345
42600
37959
48151
24848
49508
19392
48106
33013
23956
35758
37428
39872
40568
1755
232
42262
41038
16720
12362
28706
5508
35860
7016
15843
22651
33314
24431
6345
16014
30814
8708
23681
11095
30708
8052
3447
46682
30382
32019
22536
16090
35131
21024
45568
17654
25506
20584
18678
44364
7275
37608
10470
19154
7456
28487
4215
15772
10077
9877
14128
20033
2149
29360
29577
20125
36621
19186
24677
34817
43587
46905
25295
28852
16097
4338
3649
12052
45934
29073
19403
24240
7971
16508
14678
25848
47366
17516
32585
9025
7354
7996
32300
44404
18608
2965
48827
33954
25922
4178
16157
44406
26910
45810
48520
29100
3508
13835
45817
10028
17290
19645
29636
17179
36166
40466
46490
46551
19972
41604
900
43592
10142
22333
9190
15728
21856
41723
5605
3073
40863
7007
29031
18356
41034
17291
22957
11739
29486
14369
46123
24861
5751
42839
21030
25357
2372
49408
3787
17312
23468
20305
23150
24214
38097
20294
18200
11275
38456
34775
17356
514
40324
19454
38653
49518
23833
7247
7125
15562
39226
29836
29607
1424
18646
49917
12842
47756
3710
42493
37117
43507
3327
12327
14360
2979
9817
21475
2481
31345
18050
3608
5259
44085
17226
19543
37401
1789
47854
31876
22847
33171
3233
33845
46133
17061
46176
9898
29617
22985
22944
23850
2454
29022
17652
43884
19839
15121
48395
41909
7499
37966
25724
22023
12954
49418
16521
7618
17440
44801
28575
38435
2564
17724
5039
39719
28500
11006
44286
16052
32560
39225
37010
46484
13171
9859
24554
7248
32571
26373
37583
45241
32969
48879
14845
4952
10057
43403
32821
2893
19239
17276
516
8935
36761
34639
16029
38062
17577
1513
44777
41233
25735
40654
22155
49378
38168
43564
46544
19924
8945
20069
15656
750
12809
48301
36926
49547
28769
25764
27822
38036
35451
6612
15556
14150
22581
36762
19471
25667
31249
1887
21258
14399
20173
15120
44181
46060
39923
18017
22509
20456
29980
48876
2304
48422
20605
22480
11370
20126
1446
7033
10550
43994
16518
47221
43596
35747
34690
34307
28174
42745
3281
15366
9931
8992
10639
18872
21655
30141
18806
1447
48742
16797
47708
39754
6429
13637
16480
45623
49573
43407
13304
27624
20219
37037
27794
28266
24698
38498
33007
25410
5592
27645
19261
37397
32833
19773
16873
44292
22982
28578
27628
44386
30094
33638
46301
31815
49183
37625
31607
33163
5849
40125
9974
36914
22564
10482
10254
10634
44941
20131
9079
45845
41690
38025
43477
6802
34823
8252
42846
31291
3228
12910
17687
34906
22084
29388
18515
33160
42499
5411
34214
22466
48560
23295
37264
28526
17618
30870
29788
12950
18563
34888
16015
18854
22202
29790
24864
3126
24736
38912
554
17278
33744
12548
23268
27229
10976
48793
38442
37445
11367
29157
18804
24868
26312
16125
39767
13121
21884
45383
29700
32778
33374
49673
9087
41380
10328
44019
24006
31441
7898
12827
40852
37178
7132
18494
38990
43557
34703
5818
10900
34840
48427
37567
30878
30615
11227
1336
36794
12867
33585
21285
22890
32026
46549
23989
47159
30234
33909
36390
15882
26260
39061
37506
43049
4731
1052
36378
21210
49675
48154
1724
14516
46190
27887
13343
16610
4733
27838
6481
49634
23827
37582
30505
28928
39125
16491
35091
11296
38631
8517
7347
29736
8716
45151
13325
12190
20579
29307
108
5341
9837
6136
10290
8833
1421
1565
33751
7182
8476
23367
3389
30011
43937
42380
12033
29439
5218
36070
22032
33484
47597
37100
10754
31381
22739
46628
20070
15767
44046
20692
18705
34439
6627
30961
35108
28072
6148
39946
18920
48889
47077
28752
23207
1297
35779
45897
3234
2785
47743
17861
10214
23400
26138
21324
23722
1598
31354
24630
27424
273
34182
44531
1443
3076
13067
29416
35722
9153
20053
22309
8006
30006
46493
17633
2078
27190
18777
42881
47215
7663
49571
26792
6210
9468
13378
2788
8402
41930
116
21603
48226
11096
21873
25390
26389
35289
29575
39761
35803
30503
19675
24453
22128
41172
28314
13597
11981
32746
44698
36250
3570
18177
40047
37913
45919
15690
23810
23510
19907
42735
11849
3648
2433
37170
39615
26849
36213
9140
2903
33066
33332
20218
10264
42909
15075
49400
29592
22380
8607
29167
41913
36221
2966
11165
20513
49970
44832
22952
20371
43764
40163
9769
10746
42559
13473
31436
22365
25624
28470
41921
18490
39400
30687
40826
29590
24173
3215
142
2815
46938
32919
20338
38141
22492
39817
11338
22232
23430
35007
47873
18027
12473
2312
12150
36461
27986
13424
20694
41352
40792
42554
46591
25901
33875
47900
8602
40843
35761
25352
40712
45518
27721
8742
39716
43747
15839
36419
22273
20174
14278
32536
12969
9671
48837
20240
8096
14321
6549
23582
12064
34770
42803
35555
30425
35420
32347
12123
14528
42572
13539
16929
44215
25150
44920
13667
11411
37516
13897
1554
31625
21276
5374
6926
20291
44109
20232
26157
29770
23776
25156
4370
45175
37686
31409
11711
8117
8729
15135
11508
46690
36237
8369
43266
21225
5806
30669
15003
2833
36625
40657
11339
38043
26674
10577
2625
12640
34777
28080
2984
41023
23525
12069
28030
22117
36059
28142
7662
32589
37580
3147
19098
18213
46568
27385
2219
40235
25250
18463
6347
31899
24343
32161
49679
43092
5453
7049
41966
309
35952
30871
43633
49563
24055
44187
5205
40291
1179
41279
28764
31970
29667
2973
15212
46328
17098
5684
33161
46482
35294
44432
24777
36745
32934
49767
18533
26793
44360
29406
36248
32180
9766
1780
11461
40481
26580
12835
43123
47353
13268
23143
28848
43513
12256
3766
44521
24153
33142
24637
44179
257
42705
49662
48945
12761
32040
13051
11992
17480
18204
22711
15010
15950
20076
1890
43880
16326
18105
28339
25936
8887
36061
27848
34843
31186
2606
19124
6760
13830
229
13973
35253
27131
43952
7271
36008
38088
5021
12819
25297
22284
28716
20624
1706
30450
24439
46728
25942
17314
36076
26634
347
16124
12218
30221
21871
16004
30758
32994
4657
12383
30349
22750
4162
3053
49649
6659
16786
10292
22949
29973
28102
46783
34285
25414
42151
31342
16079
29719
23083
19169
35285
36268
38872
39250
21112
49114
39556
25476
33853
47211
41090
28609
32954
48626
22175
4259
18143
13236
49712
48102
44115
39895
43300
5406
17684
49912
33859
23480
48634
2482
21271
31856
4540
33839
15158
24555
34769
3817
9659
7895
4067
42396
29903
16855
29261
36305
43186
20915
3369
27362
15970
4548
7280
35956
15130
34749
22291
46361
8639
49446
26398
8691
37575
19738
46509
863
46659
44423
41625
998
36670
36691
13326
28070
22567
27007
18725
14798
47284
4955
26087
20962
48729
28635
40714
16959
4467
25760
35384
11551
9808
13920
15026
44771
15404
9568
33485
16823
36522
14495
25126
27505
14922
5848
40299
44353
2579
21424
29329
32154
27569
48874
34447
8373
14085
4451
38809
34529
41616
46339
32788
42987
38597
9199
1669
30651
21371
1785
24175
46055
4977
49459
7574
41028
1085
17902
39384
16088
36286
46226
8509
49284
25289
22068
31032
10132
8496
42625
41923
21524
372
47668
35798
23278
16756
27658
32076
45906
18662
31338
10821
16787
26064
41012
41746
30119
38707
39282
5459
47349
41954
31641
8323
2101
13253
13353
42647
32184
20172
42864
35336
10180
20
46411
39177
32153
27689
24872
34972
24361
5744
23598
19608
43005
32798
17799
39826
24789
1346
47907
12217
36821
41821
33496
17549
13946
3209
9846
40456
5231
42984
22011
46847
46256
19236
1790
34613
16616
43939
29464
36592
24870
17503
1199
29524
29585
21847
10181
13983
4536
33591
25608
7712
21549
38169
11556
14503
3363
21366
1463
27086
7924
10661
27359
33512
22617
33850
20226
2269
49883
38288
39722
6944
41836
8037
12048
646
41360
7534
14917
26
21730
4935
11385
11406
44533
34321
9156
49750
20046
3678
546
21988
15847
45415
42610
17390
29080
14244
6175
20202
14343
8107
24752
45769
8679
23067
33300
10424
12157
26495
31108
42524
16842
35618
34832
34742
14694
24772
45442
15117
40933
36917
43075
16041
21794
13387
35947
41761
24494
43337
20655
3974
1762
41700
32916
42916
6192
4273
42231
31909
21897
4068
40220
24253
29096
48379
20107
27371
44062
36822
47706
22880
47761
29150
43687
8804
38610
49969
39617
15300
17661
27643
26712
32006
13334
29934
601
29125
24136
37812
40445
9196
1492
49580
43326
20064
44964
14968
2986
17119
44806
7676
28666
13930
21390
42193
29011
9661
39052
18310
31114
17673
49514
33531
26528
33605
29180
25873
28457
39271
11538
9821
11719
43506
33454
26189
16111
47728
42770
11439
19563
48926
42558
34336
32004
22834
9046
27877
30187
16984
37942
46803
44484
48891
23987
13941
33832
39700
19531
41406
27166
26250
49515
24713
26962
40345
9801
49585
15893
38977
25085
21501
31216
38611
31360
43928
44455
28861
41472
45051
18318
13004
42575
4675
4339
35024
29196
26224
45862
28151
24047
31455
8947
42612
21966
41728
39441
40342
49056
14483
47479
21047
43981
28687
23333
47822
7704
43454
35175
2720
40216
2502
14073
22800
16378
713
14284
25763
49473
22640
21724
24315
7329
25050
30537
12454
42015
7163
25937
24949
17013
17045
26775
39239
11622
29159
1712
34892
6008
12003
32464
46377
11444
4727
18980
8693
41311
42166
24109
5819
48805
43616
42269
9195
22960
5206
33114
4805
46873
38713
29579
38708
23747
4029
40276
44543
43953
19468
11632
25648
14488
18064
8796
28492
24412
34858
16893
22152
8108
2935
14210
3201
14364
40726
11566
27280
41218
12198
24289
7936
30554
8970
29530
30997
19797
40166
8441
23839
39517
10472
38561
24521
27090
42519
27328
33924
13359
2343
28241
22852
42925
15819
17152
29433
24732
30661
36846
11299
10624
26773
46917
37098
30509
36294
26369
9489
46624
1025
41710
45388
46029
37648
4744
18271
31075
41999
34987
14532
34138
7204
37163
32480
44760
8750
30172
7536
17796
4336
21359
31062
10826
13497
7953
37663
40943
46686
27291
49299
16082
33077
12509
11243
32193
7178
3166
27991
27688
36945
38946
33339
6528
34707
32556
35344
12560
1830
14097
13655
14775
26263
18312
38612
4264
31960
25775
32895
47439
33587
36578
16191
37403
1676
16607
39001
10229
4332
25860
44428
23703
40389
13661
40284
48
3481
20699
2022
19507
5594
2131
18482
40861
836
34585
6620
15549
19508
22630
46422
4047
47309
19053
1480
3771
2285
11738
39888
47136
32325
4828
19000
7070
22930
40500
44962
21947
24493
27984
31499
41897
30786
6737
43495
43296
23182
26444
29493
33905
4342
28843
46912
17711
6949
48056
46416
49867
49368
10842
7867
22548
11850
33596
47062
32910
784
16166
32903
32039
11336
49093
14249
23581
5782
23172
1150
13833
21333
6930
36555
48859
2589
43718
38033
44291
49367
30313
40120
33806
11281
32874
44320
7694
43418
3226
17525
42487
31482
38416
2822
38734
37095
34737
46205
24779
27133
44057
33649
5359
16085
42056
35014
5081
41981
48413
24476
9383
6306
2602
37677
46916
12005
31766
30955
22794
11504
1680
35776
4459
6094
20607
21918
45075
36574
1304
36215
19387
30567
34007
2207
13367
32032
46818
30330
38384
37385
34789
12222
40266
49678
9317
31707
40176
10817
69
4922
42534
16365
22373
15330
43582
8725
23856
3600
34970
32265
49610
22531
34469
34186
30129
10276
411
40591
17849
20561
29193
10273
20634
41942
6567
44420
44086
44996
25991
11897
12712
8359
10833
4545
45736
47446
20972
12645
18317
34460
46524
38277
14183
32817
44636
42467
20541
43050
8438
47026
20671
13143
18928
37835
43329
30045
24232
20028
24265
23864
336
22207
37424
35868
40113
3720
27905
1172
36205
20189
41150
29815
25276
41344
20814
42799
34994
5216
36623
42692
15475
1337
36786
17145
5418
15785
2992
1966
8148
11679
19099
45107
41532
41934
6211
4091
41968
17432
8468
42639
36883
10156
39505
38839
28258
2509
22043
32538
892
12051
16899
16312
25933
5285
29562
14519
8778
35915
162
12147
5045
17301
8007
27997
28296
43996
14658
10117
30071
34766
3691
38905
149
47419
17270
29072
33423
504
4228
30154
23957
30458
3081
13123
3522
24959
868
9866
31036
32090
45036
19679
32676
11264
22030
48655
36885
39038
36359
43025
41635
21196
33979
11581
40768
12523
49875
36570
24932
16159
12658
44827
13234
19338
28326
26841
6274
29194
37862
46386
38596
2424
36768
26755
47699
19525
13871
7734
9421
5981
9970
29963
10788
37359
37068
4363
177
17595
42842
3382
27382
27022
47500
14323
1619
192
45573
47367
21282
46754
30795
35372
15113
32872
43472
5949
38150
41092
37161
23381
31102
15904
3934
49021
21269
46840
41334
32781
34924
42003
6518
34917
43137
12380
1224
28996
28329
25086
23695
4457
25413
43155
22694
47666
49254
6140
36243
40846
8165
11532
26401
45858
11088
22853
40305
3275
41543
41190
6756
21038
34442
13943
67
32165
21053
41631
129
10589
27896
28340
46192
19820
32635
11470
41129
9566
49399
15621
21771
23698
18011
34461
29246
42717
31383
17142
41736
47731
3802
40313
9697
28032
38463
22609
8215
4511
37070
39312
3590
21006
32643
4145
19996
29768
32533
37852
26891
40557
12034
4927
9782
45884
27730
28542
6879
6350
25739
3383
28591
26089
14147
3180
26897
25326
23262
22887
11848
18251
35656
8344
48144
40260
3582
20823
3567
43561
28875
1872
6962
20710
18607
9575
40653
3644
28593
11799
28555
24420
24717
49225
47373
16135
28834
16798
24437
37461
43
11332
15327
39017
12813
2450
9716
2926
4869
16027
26234
6234
49281
9081
5977
12993
7975
11093
43159
49338
40394
8758
2733
32941
11297
20603
8623
12231
10384
45172
12860
41047
25366
15713
17261
30759
47056
42040
11769
18621
6917
38852
3781
43002
13305
46178
7442
9520
24398
29520
29069
9771
45146
21413
46443
23969
10128
31079
45814
35276
29938
275
4448
7935
35516
48339
42951
39914
44702
878
46312
4658
43494
23369
46080
38369
49134
25028
33835
28766
42313
39472
24372
17552
33838
8305
10360
7270
718
31464
5393
17852
31530
42348
16005
44550
36041
39309
13449
14508
23148
26127
14327
48551
29334
8327
27187
37869
48810
49897
28900
47921
10246
25782
32299
7466
12193
40747
34400
40915
19902
27542
21527
49524
47401
14702
21853
19285
46352
17853
46085
30808
43918
16963
4207
43207
12098
49814
31009
49511
566
44352
45315
42393
29969
47715
4326
5661
40705
25231
2776
334
45838
41390
48903
3856
23174
41108
637
27583
32147
21188
48313
32456
31869
48256
49302
17337
22873
26493
48505
49623
638
47372
20246
48582
33834
22539
14285
16217
14172
31434
18068
10347
13149
44694
10686
9118
38003
44144
4427
28663
27110
15442
13183
11601
3700
41322
36750
22160
23788
18617
3737
36706
32057
13166
19401
49061
32845
19138
30379
5826
40086
1703
26715
34493
9292
31159
48124
678
18009
19800
38934
24937
1408
25770
14319
34204
49447
11985
47960
35112
40457
11215
32584
16282
4236
42611
46279
35937
9241
48179
44739
42560
122
22063
19747
16642
31181
11354
36303
45209
1542
5294
20572
16033
8331
10597
15848
33652
35464
33501
8306
12347
28981
22911
11827
9513
26987
37423
3609
3989
14785
47352
10034
6575
27147
39858
33843
110
502
3177
23370
49335
4417
48816
15028
45836
12823
3086
43615
5297
35197
1039
31705
14663
3060
2608
36101
43638
24489
27305
43875
32714
36857
576
9197
2061
77
42724
24924
43786
43479
20488
11524
17361
6858
48449
40945
27974
36829
48016
42058
48453
9350
25173
9975
27051
37960
34506
33809
13952
30299
42762
6502
42613
22392
36069
49629
8685
38524
8005
6663
9188
39037
27048
46127
9982
24291
24952
20493
12170
41319
19811
21682
44306
3153
48599
333
28381
48850
17808
8840
30723
11295
49028
11730
24684
43967
7146
7988
28226
22204
479
37710
35563
2613
15049
14122
43302
43984
40262
8366
19168
36227
15524
13102
17221
9767
3664
19297
18582
23029
46401
10134
12770
15710
33907
46474
19077
45596
26867
45190
45513
15013
32280
11729
6103
14884
23961
44505
25147
14277
43785
33073
28379
32922
40049
3918
24319
41053
40275
9284
41939
22502
6376
35398
14191
7443
43829
17679
3292
17413
8055
13345
37876
37410
4238
46605
46824
45969
47257
34563
9392
13192
35266
34369
28873
23094
41505
2346
25772
11721
39974
49222
26081
22461
19344
13956
40635
24986
2672
26982
33284
12004
28594
16596
1131
4576
5128
639
12162
11884
22143
40197
5352
11228
6099
34947
45718
1713
49102
26212
47030
20871
10827
11273
42220
25823
32043
34088
33181
15040
6054
38527
1476
24125
2837
23766
49233
42712
21120
15069
44766
24168
24641
16582
22147
13015
5430
15771
27871
46200
44936
33956
46518
38922
45949
6379
34422
43150
49043
6304
17249
13089
41228
40228
32847
23162
11783
46792
35839
18632
49026
48627
15876
13215
11974
15593
6845
11735
37825
3662
12319
31853
21347
22999
22886
37433
29082
49726
32984
829
45530
23968
36007
39796
4700
17364
30836
21797
34180
1059
23531
23160
40689
4529
9185
29137
1427
28690
22162
41838
42081
42070
43236
8821
11801
41377
29826
1858
28388
11887
4154
33623
46588
3749
126
44063
33
25232
43209
27434
45720
17707
40413
22433
42939
32982
31788
46546
44201
37017
26741
2126
27683
43655
19057
45373
34271
47994
29961
31744
12342
39668
29625
25713
33177
25668
7450
32822
3500
30116
22737
42561
28493
19141
12441
880
37753
6735
12265
41275
49933
33589
34040
8807
24962
14874
7129
40680
1502
9062
40106
10997
19355
48495
21303
29129
9262
42038
37667
38968
27054
2136
24572
47250
5174
30841
2009
15402
14440
39996
49246
46675
39855
8042
37207
25864
19377
44624
9538
10462
37678
49427
46504
15425
38400
27368
2334
35298
480
35894
48653
46442
36583
2218
4138
47885
21027
7364
9096
14992
19829
27081
23718
33660
21960
26942
25031
33985
13829
29088
15799
11218
18861
30641
17539
18139
19943
6001
35533
40081
44614
35202
14161
12031
1798
6865
22126
48721
24915
231
2587
45793
20586
4042
1837
13368
44279
6297
22345
27319
39164
11098
29772
28477
28985
26509
12393
8087
29655
20981
16859
29095
21174
5166
19284
32992
17506
45057
36981
43482
1617
3026
44213
44328
47109
25984
17371
1733
14754
43084
43548
7349
24123
16171
10866
29688
30396
25954
41443
5264
15997
4048
44886
46213
43508
6468
21223
18547
38677
14052
6788
8054
10356
15957
29933
44129
24350
8275
44170
35791
40679
11000
24875
18550
20940
47476
6416
28908
27002
33603
25655
28906
9647
19541
30225
43609
33302
26441
21866
40082
40563
34111
13584
8191
26119
28596
42131
15971
10391
21636
45353
43962
35861
5051
26709
21790
36246
39606
17675
32997
8129
31784
27708
6137
48222
44785
8116
6412
1279
3240
32048
37717
41652
48178
37733
180
32227
24195
36568
32891
45861
10967
28847
19850
4246
13280
1047
8831
48250
34
25056
858
5158
33126
7562
31740
19523
16841
20411
29456
21284
7926
21218
17863
18410
3261
3286
25306
31494
14215
41878
10434
4813
45794
32489
45158
25321
33219
6141
22749
17456
40502
5489
38686
49558
47883
26967
46791
31287
38555
14022
10983
35070
38884
19129
1911
39167
7982
7850
29487
50
48325
560
32477
28854
40022
41223
25483
11349
33287
24621
36587
821
41353
36074
18261
7321
18443
35339
42384
29320
36195
18746
3387
45452
34002
4180
34219
10581
27020
17639
44119
30645
4031
37555
23069
15092
23786
21164
49499
6214
2246
35243
37465
24297
16345
14016
41297
40207
10466
42120
21560
41538
35498
32748
974
24704
21967
22804
37324
2321
27304
33199
20918
30244
26953
20661
21785
11120
8386
3929
23601
33681
34240
39780
47322
1043
38095
19938
44080
43201
37790
23663
18301
2694
2813
17222
39273
22231
31234
18124
17670
40531
7658
19616
24050
38333
13263
44913
34839
5462
11287
16296
27369
9357
35237
17848
27594
10877
10407
3692
49078
15286
8857
35158
26035
39807
4586
15566
14288
16304
41546
14871
42641
20065
22173
23363
8562
39064
39730
44483
43315
17712
46648
36613
34277
37381
30967
29341
1893
12784
163
48025
2395
14680
44059
37702
48044
32294
13875
18869
6973
49451
37865
14718
18498
15531
8979
12874
47087
34848
46711
45633
24788
8710
21716
24461
13618
3526
14465
5713
49325
35263
40600
47038
24559
7386
3591
11198
24726
38246
39531
48995
1294
38531
45080
21837
28548
9850
2377
15125
13041
40059
13615
27182
32172
2938
10289
32761
24007
44618
38956
10493
49804
22109
41397
34361
20944
37056
24152
34121
6177
46599
1588
38401
19368
48093
4718
23396
6912
43421
41516
35317
29742
37988
26287
36367
23330
31253
15469
18826
38196
32113
35463
34933
46755
28431
3544
21151
2847
46864
3503
4361
37122
16476
19002
27058
28919
39847
14345
37716
20442
21189
42699
32791
25902
30393
13784
40832
1940
30257
38053
10759
49587
8198
20750
14855
14700
44136
13489
48977
28455
14359
49127
38126
31690
43686
18629
14295
48451
28130
39455
8741
30882
41823
22069
44437
11343
32455
8829
2871
28680
7912
20410
48479
1933
34512
30739
24568
37958
931
42179
46420
938
36699
3984
21432
13746
8747
17438
44011
43048
8460
44346
44580
4640
29998
27084
47192
41241
42719
3104
23447
3473
2021
8825
42150
23857
32640
26356
11834
17113
9254
15440
1670
21731
37343
43979
8801
43576
6206
10158
10166
43514
30400
14876
28374
36529
33482
44090
43705
47467
40749
17628
10787
11241
22572
1802
24873
18306
23617
16566
23390
38767
27344
174
30983
39087
33046
20368
46715
2004
39512
23092
12817
8234
29798
9148
32965
21215
12214
2316
10611
46600
18347
8315
23511
42246
25975
5892
20349
11505
20276
15573
29485
9000
29737
41952
36067
21441
9380
48904
18889
153
11669
46947
35878
27169
43018
10837
12585
8020
48175
16348
29831
5488
25563
12373
11696
46952
46930
39165
47941
17783
27801
43355
43704
1547
47080
4908
3864
38366
28418
34819
21942
41832
45276
43268
33103
12211
3904
36427
25035
9574
40320
46188
43431
36557
46636
46670
19533
7228
28678
30200
28176
48188
37298
14164
35424
30889
8817
44861
24610
43252
36145
5
32486
40629
45824
42826
13415
24135
21644
20663
10825
1906
28023
12188
27591
30374
40514
7768
35084
46445
35625
16100
42804
25044
6712
48284
47997
35751
11623
3041
46047
43086
35745
23349
35427
35013
32529
22747
26077
35848
12000
23334
31729
41696
24180
5197
13043
30261
35983
12727
37798
21767
152
44519
46273
45492
22772
33861
15825
28331
6059
4671
29264
11348
16750
48774
48559
25412
33696
45358
41398
23860
44565
2639
32565
5157
31986
42759
27266
30933
13545
37797
1462
29113
23136
35363
26590
556
48467
25423
42807
10255
33064
29807
31510
8211
12559
10782
46260
16128
31930
36651
12991
16777
43053
46885
40435
8932
10580
22785
39163
41565
11907
23319
26587
33150
45606
33545
45156
13076
21637
34346
18475
20683
41911
42476
36828
43321
26274
16233
31512
5543
5058
40424
49517
41899
10975
27817
24444
10418
28866
39696
34756
38981
13938
24244
13847
38844
22156
1379
49667
18902
42440
1595
3380
3018
6203
46639
40797
12682
13522
48958
17541
602
13786
4149
2551
40647
45104
4509
25332
27461
29999
18018
7232
26166
23484
25027
15347
46820
5311
21440
27390
7765
34156
7779
9382
14967
20840
49714
49206
14988
41893
40192
14071
4198
13878
30319
28566
1671
22708
34291
32207
31157
11245
33759
3931
27397
34490
38669
48711
31054
26364
25827
37279
16579
5383
31179
25285
1991
4404
11255
36908
29469
39820
2790
711
21378
43874
35615
46649
30821
19589
49568
12223
26999
26926
47658
15948
19611
41235
26147
12439
41167
14536
33192
15239
49277
34191
14102
11851
15792
6014
32292
46265
22538
34964
15284
30255
37926
11859
20372
42548
42529
29353
4505
25812
37919
17948
27558
15435
29425
4534
21525
37025
38802
7788
45079
18504
11831
24211
43244
19784
9843
7575
9525
926
39080
20900
30837
27470
32801
19427
27988
45404
48833
10722
41465
40336
33836
840
29888
42381
10397
39006
45776
28972
37275
36150
33304
42761
5113
45227
11365
10372
24625
11200
49088
24754
8737
32055
37393
36051
41522
40957
10906
15625
39313
4151
31495
6657
40931
9542
5399
5914
9136
16511
6186
17756
35598
6451
9228
10713
48030
44190
4636
33394
33826
9919
22119
10908
23976
817
42398
27674
7892
39256
25771
46141
19142
23796
34482
48852
7064
59
582
16381
26420
38796
3154
15369
37874
12167
11656
35568
4910
26584
30188
40484
8541
20217
34672
8827
20281
43955
37534
3352
46003
22932
6823
49896
11921
42785
47987
3241
14872
39800
735
12897
38089
33651
40379
41927
1469
10263
6678
19333
44211
4051
33459
23431
26657
6382
11550
45649
27964
8777
26335
12025
47263
38000
3005
17185
42453
33376
17933
45185
15526
8205
28876
7653
33068
30478
45640
7294
37533
3605
12413
29588
24556
29722
23185
43434
39365
41080
43974
24406
6935
43370
46084
23842
2371
16949
19908
44066
32379
41919
1997
7019
10342
36181
20991
19008
27411
36987
8232
10841
16694
48137
3027
32146
32389
9714
27509
40866
40804
23977
14593
31060
35090
45804
30898
15622
21126
16347
48295
21928
9113
7502
4794
13459
12487
12185
36369
19871
24977
907
2107
43052
18210
48771
36655
13556
35683
16991
15226
1017
43480
48407
7901
17873
6408
7267
44422
46132
36078
6523
27338
41529
41791
29281
6118
48040
16572
37252
31408
46186
39941
28060
44648
44842
4359
30706
44726
48260
8110
16685
25037
9216
26884
13828
15955
6247
29900
4316
45119
30849
25071
11202
20383
39581
46723
35544
13
32284
3231
27534
23694
1154
46079
17754
37491
21345
11014
1257
34648
29430
28937
23459
48927
12579
19470
45655
16260
46131
44557
43680
12503
37711
35100
22701
48864
25896
16404
1969
17979
22914
28177
42178
40237
43733
7776
28792
19603
2848
1612
35271
44486
45956
2467
30152
25584
34432
27732
22494
21506
6509
22464
16554
19967
36458
47541
31718
37968
10399
9114
16870
44846
18097
38592
26744
26046
18362
16349
31212
13890
13571
41849
29695
7009
41937
23128
35256
32462
30126
20954
44143
10802
25791
40117
13917
20491
7501
13939
49622
33188
24313
10737
12139
19346
33198
9792
48258
8466
24274
25399
21748
1970
45696
42892
22525
5591
3009
27245
27791
49648
19691
46177
12941
5229
45608
17586
44125
25987
9863
25023
42924
17011
40798
46507
29389
37861
40270
38573
47964
13221
44465
842
25768
19055
5386
5928
44887
2364
323
49765
28720
9719
22481
39036
14240
19464
46564
3525
10688
3660
46734
7368
1309
38027
19734
22170
27259
24323
1879
22315
4565
22417
40469
44351
20635
960
34647
45812
14830
43422
13332
16716
28081
35139
29112
20257
40897
26669
1649
11495
6088
26928
34539
1176
18439
43504
38577
9264
23472
48130
1734
5080
29854
46369
44225
30863
32551
7448
13445
45533
43864
46934
15674
11568
40847
48184
40068
31384
9481
35062
25849
24803
25644
31516
17667
37554
47116
37316
45120
949
17567
32232
25699
27952
38987
33070
36037
26871
34670
30353
39563
11216
44572
42565
35342
27925
43103
16285
21807
22535
46406
14589
35268
30184
28969
10528
34893
33583
35725
32298
13088
18237
12062
29702
16745
17696
34356
18580
13218
6189
11664
48244
25175
40944
14518
28003
19409
11585
29979
13059
37409
30906
1824
33775
78
7223
44859
7966
21138
30263
6733
5961
4088
24508
36135
46201
31614
19617
2784
6785
1563
6407
32287
25140
44795
5381
18016
23264
47691
15059
17395
31476
42158
29178
13525
42388
29053
45899
45318
28034
22327
39321
5284
26570
17611
17826
25043
21058
44501
3014
19076
37866
12549
28166
13628
27193
8348
41469
28721
5328
46716
12662
5716
41904
44947
33098
14239
41722
20198
25641
558
1534
2892
1627
44396
16209
16263
19200
48518
40183
4694
24526
1902
11619
23655
30735
29513
12787
34488
30123
11009
16846
46738
39674
27293
21037
17512
14316
865
10994
3622
41744
45704
21953
33229
18546
47629
12529
20659
4532
41870
38709
4362
15100
48057
40758
11694
26772
23925
22359
23346
39457
7337
24854
4775
29663
20550
49274
23493
24238
17256
7096
21477
6931
19887
25279
36112
2284
36867
31895
23738
18094
30085
42126
24808
19545
39465
17376
37525
39067
35790
8099
36912
35245
18963
25053
17623
31711
36365
38352
17465
34049
40953
7074
46381
36505
41985
23220
24744
30770
4257
33680
42588
18802
11810
37952
40100
36635
41605
34103
9151
35922
36620
31806
46433
12321
47161
26016
4708
22235
2162
22996
22534
25653
27584
215
46414
853
15457
21091
289
39464
1485
28922
9645
24735
17087
18428
17418
40080
48895
38521
41032
42684
22316
48349
13857
22449
33490
21207
30844
22431
33267
30522
46198
31269
23489
47818
32333
14044
29331
8938
14652
1783
33075
611
33451
7771
29402
29527
11563
34982
28927
2727
7467
8855
44098
41567
29086
21051
7581
13298
46699
1788
28557
16738
27254
4208
13989
10598
28541
5428
26623
48614
30365
29920
43870
18641
15269
8393
13266
31491
41413
19460
29380
10355
46918
41267
14214
11117
45561
31936
778
6692
4052
33225
43653
37391
49991
22083
30637
12289
17
12286
18618
20290
5686
1735
7949
19158
28527
25189
4410
7815
7533
42303
32789
45437
21008
47018
9198
46556
44233
14462
25832
36136
14433
24316
18897
39029
44865
29421
15397
10361
14039
19834
46908
38479
13260
23939
10690
23902
20805
6505
36304
44929
19527
26214
12102
11541
22095
48670
17543
9202
41075
41117
40730
38020
6998
3149
35126
31639
1938
18627
39283
7327
23116
38016
201
20606
4661
7651
3044
5028
5204
31826
31333
47604
32835
13214
46300
39088
30283
9838
44707
38176
29447
36701
48111
49414
4729
27124
25623
13932
34636
16094
15228
1760
49759
17775
36340
4159
28399
21596
49723
14674
1916
38643
29249
33131
28160
19971
32268
32951
32010
33619
32867
13951
35647
22233
36159
39962
23507
10812
6108
12138
10062
28530
6833
36936
26453
34530
41556
3384
18231
34741
30146
45867
7711
35393
49336
25461
23688
5093
13237
35583
37646
19223
25089
15451
27162
15691
32711
12982
43061
49318
47847
41944
34758
1596
1339
21619
11526
9193
45201
3946
31841
41973
14838
16707
29344
17741
29825
14425
37892
42157
49344
25206
44495
12737
45430
25797
47428
14771
43914
43216
36220
38131
33166
5011
28198
17996
25376
28771
14506
19801
27482
22748
35721
44444
23875
45270
41818
47229
36530
12258
387
31134
24048
42708
31028
8948
35360
37521
16600
41889
13635
43457
39189
15405
5232
33559
28270
21028
11054
39324
49209
45885
40736
23289
21597
41650
19295
31191
17204
37380
47585
37181
5267
39686
19845
6156
47577
17686
19345
34935
39682
16903
13249
32692
8976
26021
21367
25195
21463
42536
35445
34119
18803
9594
5382
7896
24974
49175
27640
7904
46572
46622
16123
38313
28533
14374
36995
46327
26074
37838
32940
34913
33997
7781
81
35977
41364
45742
39362
15424
45555
38520
42489
33391
533
6807
35356
39162
42551
9786
33369
21774
39657
47295
44566
49837
6455
36611
5808
47253
28002
16937
43765
24593
8961
17274
4155
2897
28279
49167
17938
3482
14665
14268
25932
20472
1332
25301
32695
46175
42145
3754
3249
35255
4153
32139
30604
22006
41016
28851
18132
12641
48663
26001
39480
18333
16261
6866
14573
34649
44487
20040
7322
40348
30430
2830
15219
17409
46771
1536
47104
46852
40352
616
6142
25067
47843
12012
22124
5121
32030
30929
47694
30389
38081
18527
2504
5537
15747
43007
46735
21545
27324
33009
19456
34483
18595
34956
23982
1412
45130
48240
8118
48666
21698
35996
9717
23990
2999
30293
27827
25213
16638
3100
3098
48417
30773
35671
44410
24183
48159
29580
7820
43885
41864
4267
14468
25325
17824
33634
15307
6188
48976
4919
38327
36065
20341
33705
30178
41452
42628
27841
1947
6205
35023
15345
21179
24929
37329
19013
37771
48575
27388
16376
764
6480
36271
7193
17375
48534
37877
1784
19386
11043
20167
1084
9878
16570
8542
3195
38552
47050
26622
46902
27140
8437
23752
21613
39768
39227
23831
38500
33005
5533
1192
13362
41612
46053
7380
40314
3735
6425
16175
42071
2706
7090
37915
30748
36953
37723
46171
39367
4823
35483
31596
26510
2516
43295
1861
15538
48078
1643
45602
39377
45732
45728
41692
10161
17020
29350
43309
4600
32737
31994
26378
6397
29983
18440
36368
24722
4298
16076
11760
15555
12907
27010
22370
43382
38302
48880
5230
48702
10209
7397
47195
23593
47499
1623
22544
28048
8218
34776
44620
2919
35581
45678
47976
4986
26116
46292
28924
38853
26114
36204
13032
10784
18172
2596
22997
40675
6720
43651
21257
28411
26129
8671
15545
42089
24770
37356
47815
2380
16559
1823
41970
47417
33011
20047
17608
25897
31822
24806
47645
42308
6861
19761
29744
16913
39943
14703
3191
23518
46569
4968
49882
49846
27442
38004
26870
6443
7063
37757
4428
31896
42999
24884
2259
29006
2468
42068
36624
23805
37164
1793
23436
31582
23791
2195
2233
33706
7317
5103
15652
12970
35743
18812
11300
14546
283
5408
29122
25355
46872
24102
19724
41124
35535
14221
43577
3309
34678
48996
11931
16129
23159
12836
39395
12133
12742
27041
1066
2238
29358
4988
11019
25020
32616
2645
19079
34863
5930
48764
18134
23762
6744
41227
26155
39798
5455
11650
320
43087
37695
27563
21675
31421
47463
11121
48164
11598
11511
47554
2382
36388
45327
43098
10395
9203
31855
36384
10326
23825
47942
22015
42208
9391
31954
10776
531
24913
5164
406
28098
35736
44615
11153
17007
26602
38294
41766
48174
40386
976
19390
12421
19049
46138
34705
35648
31321
40269
33168
5292
27939
13193
5475
34051
13494
21507
26139
38311
41061
46961
39449
47635
24852
16367
39845
4883
22290
32650
29968
46034
34074
18892
16450
24657
34912
4035
48372
4430
27869
21184
40427
13174
1610
38314
40615
10454
20389
10076
14179
29233
45535
7807
12213
5222
15756
33823
19631
36157
16918
3316
35655
26572
7737
49261
11224
15766
31787
4360
38501
15565
40496
29244
26468
33993
30258
43523
9656
1312
26776
567
46396
44514
17645
15123
38006
20644
48863
23033
34883
2339
27781
16921
46795
39753
15488
45279
44976
48146
31289
16887
7984
44840
27472
10308
35082
26862
6660
48405
2182
35822
9941
16470
11011
2099
5520
14543
4249
15903
34140
6891
29555
8276
883
24528
35970
39636
27733
14385
5295
28056
22575
42734
13510
42979
48873
9660
39973
33957
633
21323
139
32229
34500
9826
48050
24811
14008
29893
3731
33109
32970
1123
7515
13799
8471
6183
21683
42175
5741
16802
40494
41659
36428
14599
14685
11326
12113
22577
41463
49411
49297
33959
49733
47973
4800
25574
31518
16647
19101
209
8848
35407
17978
4756
47998
24219
8878
9988
49099
21321
48463
2618
35284
42411
23191
31106
43636
12676
48956
34183
38724
18081
33719
41348
40211
34089
22066
13287
48291
8727
21834
3171
48457
16118
14696
21343
13710
13564
22755
16398
43858
3265
40955
19587
17298
1715
27145
14662
38429
30799
39007
1397
11609
39758
19179
49956
16132
6176
47468
48905
34774
16796
35692
32080
41585
6377
13749
32592
35008
31770
43566
26940
44570
45600
42491
8060
33262
20774
8047
33492
10636
46710
19969
21852
41809
25456
34325
19273
18721
38887
29792
35225
21627
13758
48620
13709
34726
8132
1467
3835
33498
1549
26763
29665
9414
37052
464
26802
6291
27306
19198
46950
28999
22304
43851
41060
21397
48382
40596
16942
37148
40448
34322
47334
43891
11800
38285
45285
24874
7532
49865
49504
42013
47156
24447
8506
29895
18845
22723
42221
43279
22281
15981
26183
26798
40138
7008
38151
18061
2894
40297
15471
224
3822
45000
8703
34907
38965
43275
22556
7578
20534
48211
4795
23926
9464
39583
46440
37508
22646
11611
38873
45874
8625
13403
26653
43371
45460
36835
45921
23629
16849
30233
17116
2873
35088
38477
14117
940
3461
48563
27177
20395
5228
48672
9990
20412
35196
6840
12453
19939
27747
27313
35173
8632
6747
44773
46288
20620
21318
12409
48593
15109
41935
13794
47493
19070
13775
37153
49596
24140
45597
16529
31440
49957
2886
12929
25888
40867
22482
38240
18077
4374
32577
23297
43956
46753
44324
11453
41296
18163
28544
46620
22838
37333
36097
1501
2916
19550
16283
45320
28795
9626
35685
1033
45519
32689
21693
8714
41925
37903
35800
14717
1925
1659
3270
7576
5609
3855
15996
8864
33880
48292
41526
18370
17534
41979
33960
9043
33515
34159
16091
26211
42251
17856
1193
35303
42835
27673
44362
45250
1371
30002
14636
8642
47992
25638
49205
30408
29099
28643
9233
39509
21034
4590
34412
14569
25826
45364
8620
38339
14747
8488
2570
14093
29910
37080
39045
28523
15481
28445
3629
8199
28033
12624
19596
2683
653
43646
42034
2152
35992
15054
9835
37898
17798
46949
31252
21043
27909
22416
49174
26348
26675
10683
48943
47306
11987
23111
17118
6993
33313
15962
32733
38984
41187
34209
45445
17514
12949
16180
28935
44784
4144
49779
31816
15696
27374
20574
24223
6335
2160
28719
16950
27596
42405
44195
19069
41560
15609
14338
2660
19229
26352
13044
24703
33244
46457
6783
21540
13087
25518
3317
40194
35246
24883
10685
18611
46948
36356
25012
40173
37458
7311
9206
6794
29324
19571
36444
24992
20194
5130
13969
41995
23201
354
6867
22469
41732
8
37781
44713
2161
301
11436
9470
18584
7171
36965
46539
25257
11317
8901
28139
16785
22351
42607
11008
42488
41627
38807
45913
18702
10911
30662
37773
44502
30573
39428
44202
18403
16205
508
3320
47023
28385
19864
5143
47852
29628
18430
33892
26434
30930
18898
3740
24743
33041
16557
19572
42672
48210
24718
42154
3496
10388
39062
20773
11123
25939
6772
42439
26220
25541
19881
19321
31006
45829
34023
23532
917
48202
13839
35181
34173
48425
41831
8153
10430
2036
11552
45029
17367
11351
31634
33676
30320
8188
12035
14452
48719
45376
30591
35343
10088
22445
12171
38202
12442
35286
45228
22928
39404
44732
43738
35972
43904
22029
5607
23586
771
12412
35478
46700
34163
35239
1948
5915
40328
44299
32221
14960
6649
7454
21635
41737
18973
16827
9413
10913
48890
21332
21779
10086
8873
42903
13770
4965
13208
16071
25951
12583
37552
44630
25879
14898
31241
43668
29131
44288
44952
49413
25158
16092
40084
24036
22367
47642
27393
33641
4915
11840
14261
19810
17033
5159
6310
38449
49962
42283
17986
15570
36021
30082
19131
13271
12700
24586
10382
47495
31967
36596
18454
1439
39369
42375
41682
2090
11662
23948
43740
43189
34825
21821
20274
21823
31687
11027
49985
17594
12255
33929
3077
22054
10400
46005
45695
30195
40754
21964
23513
4021
24714
45113
34499
8537
49833
11318
8001
9465
36540
21018
23651
40213
11815
48484
8985
49654
8814
35365
854
45393
367
4409
9014
33800
90
23808
49903
40164
40327
4333
42060
47653
11122
23139
14880
35119
8712
42423
10959
49600
32348
35969
13201
30850
27152
30219
30775
43277
16335
21404
33525
9473
38725
6058
37908
46091
15807
3689
36881
9028
32688
35328
45413
45689
7412
19562
42720
29561
18956
34246
1701
47791
65
49839
43938
46875
2762
15855
41396
9576
14074
5501
34280
49663
41112
4542
154
12845
30474
19219
38588
40265
27076
331
31016
47814
26797
39994
36175
6340
48638
37807
49000
28650
12891
40788
29766
36389
9822
13807
5979
25695
9498
5666
31336
43579
48341
49703
27463
27011
4213
25958
25747
49653
16357
43072
21709
30242
12873
9666
18791
32996
28046
4219
6240
42780
38066
47687
45037
37981
11357
6706
1252
26394
35939
21412
16086
13591
12886
40756
35278
18926
17694
12095
2692
36292
46543
19699
49117
17303
18219
48143
20168
22775
13729
38251
13945
16271
34827
20866
8994
24619
17620
4715
21334
14298
12499
4493
29489
39977
46492
17857
39663
9839
12626
28170
1479
26833
29560
40535
36594
43830
26805
36869
15898
32779
39130
8406
17083
3431
14920
18800
7879
7011
41971
19821
27241
32197
24953
39999
44640
46858
21139
12801
35605
15456
8860
11262
22818
40099
10553
48249
8886
42844
37477
8098
2759
3966
22159
4649
23273
23579
45387
23155
38395
477
1566
18846
24513
15068
41298
4352
12244
965
3955
28192
10331
35903
9085
8681
25944
17251
22803
18984
38894
20333
551
40493
1008
17426
44127
26558
37292
22110
43845
2898
38647
4065
24178
40964
49800
32596
6067
42265
43916
23451
40538
33084
12643
22039
7588
5239
28652
21752
46819
21040
12820
6271
982
21485
4387
7344
46958
17781
40799
31881
10463
12371
21409
32706
38065
3903
49468
19641
14742
4245
41661
7899
9433
35595
13432
36809
49535
28201
36576
47324
16977
3357
19762
36978
8432
33249
49419
44603
2428
13235
40219
30376
43586
27392
8130
3137
26721
769
38364
4166
32219
28291
28893
45820
5732
2844
10819
5878
36323
32774
12266
40674
16755
24149
30179
5786
18056
35621
43047
1314
1292
25202
25571
1466
5798
11025
4587
49529
5699
32160
42002
18149
32384
37912
20455
46165
42481
7157
22448
28084
19191
30442
9646
42706
7172
26208
37845
44246
9459
35609
35387
49565
6793
14608
31937
37459
34936
2983
29901
25744
13970
45887
14794
37105
13207
24536
34308
31046
14280
9972
37160
47299
19475
5220
37289
31626
9601
43689
37931
46720
19554
11796
21172
31828
44719
21784
25495
16847
7484
15494
48569
38962
31852
21930
33033
20754
792
39218
36001
28321
6053
41795
12930
37563
3985
24031
29021
2028
17710
28068
23461
23814
30819
17520
23553
12673
29427
7356
12735
13802
10772
22390
32611
28335
42649
48978
8500
5971
42374
4752
6548
6829
21445
14777
48368
24791
25143
9355
9076
23179
39913
40638
26110
1756
30784
14472
48513
45669
13912
40640
35174
21638
21175
44457
3084
8242
37750
18837
1045
37728
14175
17746
1334
44499
27847
27531
9703
48919
11045
30108
26442
16983
42655
6559
43154
12587
29440
35143
49236
34426
47741
3554
11236
23399
42736
20236
5498
2440
17751
4028
46477
44389
23301
2366
11761
18456
48698
10364
4518
33058
30199
12115
42112
28059
20775
7108
44586
27697
22681
2956
20577
27971
8083
20638
753
48886
39133
35982
6100
43757
10705
27342
6584
27425
9564
34260
29557
36513
36116
49185
9309
24446
19034
44712
42592
12389
41741
40831
954
46011
12401
16829
9247
28538
18299
44262
30560
26107
24300
14178
12772
42337
4111
38528
2034
16861
43412
19964
4996
38319
9579
16633
8397
6470
22511
38397
15303
13420
7113
5376
22998
18346
23433
13855
1365
16924
44394
2685
19558
43759
47800
45835
12661
37609
39670
16759
40842
23638
26708
42897
33849
26596
15411
9528
38478
48848
11150
35794
20355
22486
12504
46810
19006
4502
36597
37661
40446
21160
49635
943
4564
2508
32120
32869
27894
11713
8248
14725
5689
31290
38854
25159
10986
47275
37274
20766
10223
16811
4002
44164
44549
43800
45367
28027
25219
48849
47380
35765
1698
31755
37846
29345
11901
49758
20763
7920
15777
45882
20388
28127
24843
8072
17287
41867
8329
2710
31331
46889
10259
46144
49709
42581
22698
29420
11112
35532
17551
27612
5602
32579
42599
47808
43867
23379
43270
32739
9312
4187
9790
12709
24012
23196
12066
18140
9373
22275
14152
657
39630
42596
19215
5813
596
967
24199
46036
1750
19976
30790
2159
173
14042
18775
42772
7102
45479
17636
37077
12604
37493
10082
41133
40326
44212
34118
44513
40012
42906
39784
35319
14657
10895
39718
6541
12325
42053
40513
21251
14858
4825
24353
40359
19187
40282
25512
41914
12087
38278
17227
11915
49997
19857
30879
16059
9676
43171
15437
27519
26543
29941
18811
21093
5187
42078
29366
22024
20190
44876
23203
28613
1158
45034
21396
11147
40358
35009
40259
4597
21466
38874
4450
13331
11533
16310
41284
11531
20497
15283
17832
34120
38986
48465
45026
14646
1167
22829
27330
24595
48930
37434
36394
21459
17692
30488
41183
20404
38149
22149
39173
43283
43990
9872
19149
26457
35832
14934
28932
24871
24524
37801
29618
23704
623
44332
11655
32173
48358
5390
40599
35695
20569
30519
24881
24154
36063
22660
24590
16066
20540
34270
49806
5563
38825
1098
27149
41001
37632
40972
13430
5436
9939
20855
48280
41957
48224
22784
42533
13477
17877
12882
34184
18664
18884
30596
6761
839
2525
1209
44607
4158
31984
10425
28531
47331
256
27820
21113
19498
47858
2322
22690
8079
12029
19388
20331
23921
12328
20245
15544
13079
39573
41535
19740
11940
47217
17075
21483
19097
14557
28631
41495
15422
14715
42626
36357
15004
43455
44848
27032
44012
21829
30807
1533
41213
45247
31533
8064
4444
22931
4165
42274
4080
18457
26979
38982
11473
33121
2294
15433
40315
21965
8499
6221
25927
39099
30237
45620
5110
44375
18832
41215
20170
28971
17473
10891
7530
42652
9401
49941
21885
14320
30279
36614
1090
43232
12671
49973
48986
45359
45857
36601
23125
8897
35056
35015
5840
23893
30920
22485
13898
48701
39385
38389
19769
19567
41349
15414
46057
30432
43138
17131
7722
38780
19560
28334
587
35204
16854
14627
168
27444
49407
29581
37399
46325
16468
49426
12691
25876
7429
37880
787
19831
18215
12857
8226
42873
18424
2884
14530
13261
39147
20422
2528
23793
36931
28351
34344
44960
12956
47385
47172
1256
46115
2628
18376
7795
43702
38015
16227
6023
37250
3606
49181
46785
15506
36374
6048
39140
34477
8272
41837
35833
40565
19272
3142
30496
16516
39077
21564
20303
13640
20921
10889
17056
4822
48400
21234
13540
14890
41328
36107
44796
20328
19287
34778
35508
34548
5982
31517
20508
37373
6859
13003
3304
3999
43396
19610
30012
36147
26029
40849
1147
26832
47766
14060
18453
28791
3254
28825
22210
34160
35012
34402
27289
45049
39818
3087
36251
34853
16151
6244
8588
21216
32158
23867
37500
7288
39439
48095
27611
8902
1821
28472
22094
48650
7804
22456
2524
32297
20873
47682
37963
5951
3150
31953
35270
22599
4100
31857
20444
1433
39837
18479
11825
125
4948
15460
4679
21338
14706
1136
46271
46782
23091
29650
16564
40145
23352
11418
46602
49065
46427
17587
7363
13153
37101
34977
17289
19963
20862
4416
38505
38783
45708
24139
19903
38773
28025
25702
10565
37697
24530
25114
47648
37888
34071
49527
9701
41252
38550
9718
26015
25637
45022
22994
19961
7020
12511
9194
30875
18700
22669
25948
48983
47303
16667
9252
13552
10549
37176
49498
21261
11362
1826
28299
42445
23662
26613
25185
25663
31802
32962
5895
43144
48509
19701
32709
11337
3565
26512
29278
38046
18573
4930
11211
25555
38665
23538
36534
12288
7369
18096
12354
39071
32115
45015
42386
17260
40552
48660
14272
10392
48075
47917
10033
9997
2819
38997
30047
42185
661
21274
18184
48246
28676
25980
11254
1302
48681
38011
39715
18260
45115
34443
105
41596
26873
34637
20097
25646
38292
36734
40735
3093
28180
8528
42270
11149
36218
48808
11478
14412
10791
29141
33723
31265
19374
24956
13990
2393
34855
17975
28092
13256
40545
41666
17842
41366
8557
26122
14912
194
26487
16702
26686
12341
48608
34108
31081
30705
32255
10718
38106
14757
5156
26951
3977
10627
33329
40078
15462
40901
32553
14112
32403
3295
1128
20151
36223
18286
48066
41151
2677
27036
7639
27192
48486
7568
29612
38493
9073
43496
7439
49866
36014
17053
9061
14266
26691
2507
47035
33762
25741
14598
33713
32460
22238
10410
4195
6449
19412
42037
14645
8677
27033
31844
34134
11976
1883
16997
47625
10084
12172
29775
12683
48034
30072
17758
39611
13185
33973
28186
24268
23320
33432
30169
22483
34404
24784
912
22462
27085
18754
41549
42664
15645
26489
9280
45205
14480
45653
6653
5781
26530
10118
46619
18707
5247
24501
36045
26842
32766
2932
6163
36064
3378
44687
35704
24996
14751
17505
39132
44554
46063
19836
15112
42630
39103
19657
3576
5404
5226
2792
22121
11492
3888
43298
4306
12543
26417
38963
31862
12852
45019
46603
47415
43876
24786
14969
32328
26749
14375
35610
39170
5611
18303
43717
5504
4621
15958
43469
39659
18047
14895
10003
34702
29904
19221
37837
40588
16875
39382
22468
23979
11283
13427
23090
21023
2810
19001
5091
3405
47725
2971
27001
19308
9207
5919
40203
47432
28182
29306
48241
22051
36103
28384
9019
9442
17502
23764
44669
27247
12089
21211
38704
45687
33357
30553
25130
48283
28756
27692
26661
2880
7097
12081
6037
1115
3029
21886
2905
29207
20275
48990
31142
15775
4041
27961
47485
25829
629
10656
30612
6951
11073
3528
16627
28086
18879
46066
21205
33309
43795
18989
10609
17016
40751
17918
14059
2795
18434
15002
20548
30818
37091
26446
23871
40546
18052
6855
44974
43711
33920
25437
21951
44606
31140
30824
26758
19469
28073
41307
11879
4299
20039
19003
17770
295
5634
47810
21528
5926
15431
28874
8719
49348
39562
18794
17740
10168
3993
35657
38933
8600
27745
35080
46635
29764
34195
36515
38579
47143
46289
5024
25976
41916
33464
21680
32282
14638
41738
31979
13247
6980
29783
21268
3325
45807
25793
44456
48077
30025
49055
47318
36806
48708
14945
4415
12797
41160
42332
30157
48839
37436
20999
16530
1328
48492
37551
12058
22634
11790
12127
29170
47412
9816
26044
31610
35033
46409
7289
6104
8767
32103
38387
12054
20043
6880
17201
41997
10569
9976
43619
38258
42883
24307
44162
49516
8038
7846
10800
21069
9467
11258
4936
45414
4102
476
47561
45305
17836
36984
71
16567
16274
24097
19081
22665
33584
44774
1979
21532
44381
11807
47342
32017
13226
19575
3348
24954
27586
13028
45461
45953
46764
27537
4902
4082
12744
25559
29475
34035
5998
14828
26429
40774
10848
9603
31329
9831
19570
30134
12249
23865
13255
47727
41202
33411
40374
33872
44979
11548
31820
40708
47707
7516
39060
25499
19574
46065
35413
742
27238
49019
29076
46671
414
23830
9981
49054
32539
24950
33024
27527
31084
11126
28118
15615
2798
46665
40917
26983
18840
6717
18241
40318
1844
44247
18723
15692
9774
26829
33115
40128
38938
2447
42425
16632
34435
23999
49441
7670
38408
29704
32519
1672
18745
32691
16546
18100
39109
44216
17771
12752
991
1166
30838
13800
8311
43130
32036
8434
33282
40126
41890
9034
30527
47154
30183
4946
20048
4431
42496
18516
44596
13447
7143
7675
161
42278
47361
14138
13374
20748
30595
29183
27120
5007
48247
7405
12304
40662
16251
27420
28880
26228
26175
32665
999
38103
14487
13961
17627
29209
6361
487
32751
7859
36825
6711
6586
19577
44678
38764
25582
2821
19348
43627
38483
39740
8124
43753
19306
16494
8646
37487
40322
17821
12272
20722
44518
14877
44911
43082
26313
31566
12458
36572
812
18414
26853
2223
21031
11457
6031
31041
49480
14242
49834
38109
32378
44885
44317
46344
39948
18486
7024
31430
48766
41542
30874
37273
6561
39201
30440
26134
28028
28980
44699
47696
32364
38154
2864
41135
43190
33039
19785
7961
37896
36679
4369
39565
8863
17104
1661
34092
20809
37645
19825
34587
5629
8328
42346
7811
41166
866
28508
28055
42330
12636
2408
3196
45273
23087
16719
43758
43595
29432
22421
34510
18673
38918
4626
44312
22988
47776
21888
19912
26724
40011
13530
31034
27620
21137
29273
47646
41863
37616
16172
39402
20670
42716
728
3192
47267
12282
41154
49550
11509
8387
40250
10938
410
35114
457
9258
37543
9374
7801
30963
32421
46497
23824
3954
22762
8574
47712
6389
8885
26905
23792
46056
8217
46733
48752
9681
20808
906
8446
10171
49717
38153
36958
26097
20848
49155
35843
18246
26322
15418
39314
48351
9180
38257
40645
32167
37778
4888
21270
21706
31715
42669
17176
19240
40968
6883
12119
9405
37954
6662
1836
3823
6134
11140
1497
25319
26641
1355
46470
34577
32881
11290
3364
10632
25211
48565
30804
24337
33107
23861
34345
45646
20971
23099
23195
12573
40349
11069
35828
18436
10174
24384
20001
11083
32492
30194
17193
20030
19160
13206
3354
35900
43493
10286
49168
28214
36169
11422
43146
14779
24096
36299
34136
42022
36089
29619
31012
14713
40072
3220
20462
27249
5254
10655
648
21656
7601
12943
17819
16960
45438
11818
47806
23487
44368
42947
29677
27343
36736
32990
46013
27200
27106
14834
17027
48218
3611
20067
38224
26681
4554
28569
43178
20185
6628
5760
48838
28982
18159
34556
37623
49050
39353
48985
25180
14770
34338
2707
18522
44908
44297
32501
294
11667
19440
10459
25083
39397
38517
49080
46231
31927
44123
18352
13273
30835
45876
33321
10968
38056
2859
15262
41920
39900
49077
10405
40853
14578
32401
6827
5990
37092
30568
23650
42458
34215
49751
41277
12710
33570
14859
6779
44931
37003
21349
27900
18987
20525
27656
4598
10748
10595
40795
8322
25360
33361
17266
18668
43679
989
39304
16522
22959
19091
19847
2804
47838
24781
46742
14660
1087
23603
49895
33772
7798
9684
35594
39936
49633
15080
25118
8178
2214
29564
19380
29789
18657
26601
15486
17231
29347
24418
3493
31773
27520
36838
30719
2102
49300
38239
34386
11164
42756
17211
41512
13853
21669
16771
14311
45551
22623
12754
23550
44647
24745
44730
49326
30549
35011
17556
22395
18983
27485
25969
40477
12267
23994
24535
1732
31749
7747
49027
46854
27719
29174
41087
111
32308
27447
7040
11855
42344
33364
33403
22070
31297
35806
13110
9543
5987
20707
38497
4411
14402
1825
49269
9409
39196
20343
17970
15106
18285
38591
14843
36642
36639
25282
38925
5780
27127
782
10594
9854
24389
4261
23183
4171
12478
9842
15740
30935
22524
24682
43847
37581
14423
16377
46465
19815
33311
8753
21872
25446
33295
9930
27240
36772
35066
25726
47131
40055
20425
16178
973
27348
46304
1949
18119
48868
15872
42617
2062
42940
36261
49029
9768
21198
46942
34673
30259
37318
34593
471
25557
40610
41513
23101
42526
274
8636
14282
39632
47223
819
38845
43601
18858
7886
9644
5423
2059
9326
27384
23881
12695
26379
24285
41598
20273
14474
14962
20113
48554
48263
5655
5698
48248
39689
8820
10733
30999
24221
42872
42933
30820
43183
13411
16761
48439
10492
31928
7426
45556
41211
37657
25347
32224
9802
31391
40922
13813
33743
1544
11321
31497
25800
40001
22353
32199
27946
40004
40277
26246
47825
25578
23181
43365
15701
40051
21803
26981
13227
38961
6755
22105
929
733
26939
4666
43104
1582
19022
32861
13446
43286
32975
28251
26614
43712
9331
37712
31602
27773
41712
38179
7701
30484
49979
25077
48055
40453
40255
2530
31948
9605
10814
16812
35666
38001
37294
30245
44137
3218
23549
35101
44670
2384
8049
15455
25974
28784
27095
28219
31751
35720
37368
47055
904
34921
28317
31546
1897
47722
36549
22942
672
24753
41855
29654
44524
39488
42763
41857
39181
10323
13301
18656
14915
35179
43379
1832
26202
45111
20536
20239
49734
47219
16403
23756
9173
598
13328
43325
16329
16452
46644
33277
20164
49212
9559
38419
23151
7956
28206
41638
35536
40114
18367
7334
4156
19987
33611
37748
49878
37173
24150
3342
1245
47042
1398
16184
24487
25062
31941
32235
3227
49250
10572
20959
15159
606
2505
41888
10885
26375
8757
44585
43782
26056
10732
47670
13229
12655
13566
40622
35164
16065
6458
26106
7755
20700
35106
25998
48822
5595
46233
47313
46469
7355
17015
20898
48950
47632
19385
44214
14391
34148
30151
11714
40644
40158
5855
14891
22435
15663
48155
38913
47688
20924
42474
24157
42904
47563
13421
3743
1894
5959
23733
18329
46853
1340
26504
32961
5599
33670
32755
36278
30193
33736
10087
19682
27103
18266
19883
1244
15423
38851
40776
16371
43280
28440
12154
17143
49493
34607
38683
3768
1114
3531
41030
44208
29756
6152
39268
33487
26062
21476
5701
6907
22305
30347
35288
9585
33145
36684
17931
42522
14510
33576
35109
21757
15768
10516
45382
47869
27737
24365
12697
42910
44811
35566
15781
39398
36646
2108
41143
37255
23807
40628
28558
41548
21357
20997
3441
11988
15242
20054
17219
26100
47513
37416
9693
30570
25093
48160
18493
15229
47308
31556
13008
19977
24958
15630
34849
31673
45014
1006
17430
30077
14822
45855
7396
47403
47075
19424
48128
31045
30998
20735
43555
10811
30493
47771
42253
24085
34958
20160
31042
36989
36140
40143
33055
36550
41630
2241
22498
23455
13036
2624
40902
44591
23809
8843
33871
41552
9927
40807
5638
7306
39931
11690
49387
10852
21905
16951
8765
39856
291
19492
49346
41669
5432
41162
15175
9316
45390
19557
2416
47951
47611
8770
28308
9512
40878
8159
13251
32327
11413
9368
28019
46454
29330
11185
27559
42416
29785
5839
46661
30593
43729
44217
27211
42773
1189
31963
32301
20833
37793
40016
8520
22907
41116
20148
7156
42991
8730
40373
20418
12245
38659
48255
17748
20293
8953
16758
33763
17326
13924
46744
34552
25247
20323
32215
28760
13107
30223
24192
40459
35183
32522
9008
8070
1295
10452
15605
43852
22144
34132
38726
29192
10343
30333
12651
46252
26003
6253
49554
41695
529
6848
23572
35269
33182
25513
37185
252
44661
17397
25445
35095
15420
11103
3796
11641
1013
15507
26061
48238
4990
12963
4703
36815
34018
15584
3696
47079
32391
14459
21909
28494
31643
38751
4402
25721
27441
48517
10918
39709
25363
374
7678
13825
33888
46203
20487
4537
9298
43328
20568
10990
20191
39859
7138
5140
36551
44722
44488
25311
40985
31101
21348
21606
14927
3386
15979
24216
43766
24934
10100
10437
19993
9504
42834
37606
1061
45265
14481
24144
25659
13478
3651
9796
34808
7200
39792
19934
1999
16032
45875
20721
20020
4469
21032
29262
30628
12355
26180
33027
27183
47066
27945
7001
15203
15937
17252
48104
7035
24911
28434
19009
44287
48760
28345
10622
39171
32439
15610
9288
32591
36591
14679
23634
47039
22967
28018
31851
48333
16933
9804
6645
48835
38084
44031
19331
49715
31033
22355
7708
31943
26695
49108
30120
38024
14153
3930
6301
26177
2422
14570
39982
1537
14466
40418
25391
19315
45328
34268
22896
45783
10269
47717
34274
35394
6068
3211
49260
15765
48555
3034
47893
27452
49472
38504
28480
6045
37878
9672
41527
46194
45221
43611
39995
25387
46239
389
118
38412
19195
30649
17997
26305
27483
8993
25112
23653
40304
48796
3190
30530
5016
48530
29891
10846
48623
49664
47337
42550
12981
14195
43556
45938
21723
14576
45457
31377
36011
12788
23293
40159
44847
17437
41421
27630
23514
49014
30438
7856
31103
25465
30274
8451
684
20171
39299
44131
26264
884
3799
28128
47939
31554
47595
4011
40520
7986
6910
38983
3136
36351
4221
30927
41245
45697
1490
30752
19532
33081
36919
2970
36282
44761
8649
28645
35411
1576
26133
24892
3575
45888
34895
27137
32832
15655
9590
34080
300
292
4418
24968
37218
18126
15044
34676
4650
262
8174
873
13580
47764
30203
31990
6409
40360
22429
28288
23023
32656
39591
23476
42116
7119
708
2381
14716
4348
21242
18597
3133
3407
22214
13585
49621
16630
48303
9910
6034
35530
49439
244
41332
5913
18593
31481
16824
9268
15240
10919
7101
36454
12805
10706
12514
11847
44763
46048
39333
23115
25280
40772
183
12593
5827
12528
26941
37564
25749
30250
4435
5518
32668
47316
27003
16877
45751
16539
36133
47693
13490
1954
4791
11529
11626
4970
45389
9445
1327
38280
35002
8944
40998
25223
13988
45365
13824
26578
19947
22278
8853
35642
28454
4631
41615
28967
30653
47232
18141
27148
13780
44145
6411
26757
48980
32999
18151
25417
18753
37895
15840
2655
20027
46376
14972
18284
11625
10139
23188
10590
24961
4103
23742
25511
29609
41557
11749
11768
7444
7135
22871
42515
46405
5468
14390
8595
7885
35324
20842
38201
8407
36709
42760
26372
40033
10233
3344
6869
23501
27488
39448
22795
13978
23192
45988
24836
34043
32279
47173
27796
25181
39022
4687
9488
22508
10439
10734
8624
4877
10140
7210
5912
44079
17513
43538
4016
32395
49270
23229
13324
26903
21957
29322
49191
24817
35457
19080
19161
38652
27956
26329
25078
24778
45831
8091
7759
47823
13534
40141
6868
34312
6514
37914
18929
288
21433
14743
32681
41787
33943
963
930
9527
16401
2230
3262
3199
34012
46094
48502
20723
20470
20271
30411
25842
16621
43895
6213
7919
34973
45042
14020
48428
10026
23315
22258
12759
31388
8303
971
15783
27409
28425
41367
46206
30979
38705
8409
15097
37924
39021
28899
39359
33390
12367
2112
16909
48182
3939
11031
17507
14836
10987
28916
21864
41719
4768
313
223
26949
14479
48746
32870
34743
30846
27487
1367
43238
14527
12075
38012
2488
23008
35984
37454
28860
12782
9924
7688
5858
29226
34513
6418
40239
8312
3758
17540
12019
23596
49436
24774
10940
6245
5773
37855
40056
19991
23118
25225
1636
49166
2083
18689
23244
36983
34666
35624
46448
10489
15684
44905
47317
3940
35425
43772
37287
20329
48858
21136
10427
33208
4099
11464
25480
47911
3130
19428
49226
41940
4196
1851
29351
37482
40938
41197
14393
33235
4648
28205
31861
9963
17108
8480
6656
23222
17738
26866
38712
3634
30984
34930
40169
11188
18738
7268
30127
30957
7866
26492
41426
44542
11706
28276
16182
35831
16173
8846
47510
24511
46020
3640
11778
22361
23108
47765
21756
14937
48008
35741
19936
35902
29693
10187
26644
9142
21428
36184
24292
11397
22017
38409
11530
42047
49279
25293
43350
29213
11438
37300
30271
39031
47744
1699
5277
48152
13996
8862
29441
266
48290
39945
46951
36618
22816
40885
14624
24187
21252
16659
45030
15721
7970
17487
28401
16831
28409
26801
43107
45715
24479
32884
45245
26452
10557
36240
46362
29166
33986
37074
3438
40969
16147
29419
30256
37027
40858
6799
14809
14839
9427
9217
40544
35763
5160
37448
12512
42946
36562
26562
13533
38297
8931
24010
25750
1656
31378
47792
17484
41386
37129
27911
45070
3250
36284
26732
28661
3702
28095
37154
4380
16973
24823
22151
5564
544
48270
11998
3524
5953
48819
3972
4593
20505
10432
13544
43157
4078
14714
6334
7721
10979
27292
4106
20123
16434
14353
45902
39652
16925
44561
10099
45429
37810
32027
12216
29066
29258
5993
34038
13840
19105
9234
7139
14400
1975
26752
34772
48952
49886
27978
45625
16383
41153
43304
8482
34511
2860
45384
4766
12036
34303
31676
22718
49305
15394
10302
49840
39366
39669
5875
278
42922
21533
29889
14130
36258
8899
27043
31790
27696
48630
23963
48119
43341
18520
41410
5441
46415
48076
8190
34537
25819
45126
22650
24607
33281
5484
7589
3534
42457
16514
11314
21470
6112
16766
39622
40663
7149
14943
31666
17313
35840
2646
38553
27394
1620
47512
21148
25520
37679
14614
38746
30018
24469
41805
47081
41633
29583
49251
1165
16077
35918
22622
44573
19482
12027
15920
17358
37760
44633
35020
19441
18307
47610
22153
49780
41755
4436
43497
41258
3297
21076
11906
47384
43676
7017
32343
306
40839
12448
40077
31580
8036
35764
35374
1865
42024
2001
13759
944
6225
3299
19756
40441
8104
29033
45986
24448
44667
31981
4413
23564
17224
48310
11914
3390
11082
24269
8241
44055
40411
49306
26362
45046
39486
19978
28347
8585
27949
8140
16904
8028
33977
18221
18086
2584
45816
14805
16148
23746
44725
45013
28762
1889
47224
38877
6708
11569
3109
47011
38644
2783
36543
38568
44710
39592
22689
15987
24155
40655
43276
26048
45346
27677
16020
27627
48668
4539
8962
15116
6346
12505
6011
35960
1608
20363
28063
8768
21689
32913
12628
18809
22523
39498
26036
7428
18544
30302
40759
20886
26980
33045
45929
5377
30543
45366
37351
49787
40920
7512
28743
1386
40854
2054
39624
39419
12388
42867
36332
32117
33265
46101
38050
28699
13578
32581
7876
25843
9451
27664
16598
47097
45731
29282
15658
45539
41679
5946
37029
4389
106
31304
43184
24399
11809
16626
13797
2355
16072
22289
23153
32929
23628
22403
31627
27770
4639
1507
45983
42667
15245
43136
16003
31586
25661
32413
8003
5145
29245
39056
4811
38144
19438
19625
5526
10469
41782
25804
25097
25014
41806
42099
48145
15860
17721
2175
24251
2588
6202
36225
35093
28920
18480
8220
25165
14944
22248
34860
1545
29339
23418
46631
21510
14192
31164
43866
23038
7932
17547
1720
4025
12516
45826
26400
20157
33601
169
20564
43715
41062
9948
46503
48330
43381
30446
30783
15873
36716
10728
41152
19193
40923
36632
34399
47314
12675
8973
17501
19232
42749
981
20009
48022
14225
31619
1094
4007
15107
44508
44093
14420
36579
6640
15214
37891
13915
18799
39841
42275
20142
16965
37505
22475
15702
19923
46336
44270
33117
47422
18049
47410
39875
11876
28718
16952
4591
7253
30401
7739
24357
31187
3246
34434
36293
40952
33730
1023
29185
22915
44727
26560
3619
2105
44616
621
38605
36705
47948
32111
18790
5841
15416
32871
7993
27262
38434
5785
26630
20336
22299
23292
28224
4964
49090
37531
25217
25353
24841
28152
32003
38587
20489
27684
48923
121
32537
2425
10451
32214
41946
15161
23661
3861
5743
11340
26556
10471
16629
28839
35045
39286
2797
44049
46402
10441
41879
28362
43301
9961
27071
49583
3175
9291
7726
45125
12438
47404
40254
29827
6636
31843
43850
31166
36606
30544
44635
27112
23221
43726
25681
49217
21100
24853
35781
4810
16675
18055
48715
4905
36834
41388
5287
26065
21083
10836
29635
40547
11462
12545
34988
16047
40480
5242
26668
18337
46174
34759
1799
29761
37719
29727
34927
16117
38971
9295
22684
2360
37647
18577
23357
29584
32242
48421
7959
23701
17739
5100
43356
29361
18686
23405
40948
27662
20880
41280
1275
49701
15263
40540
5820
8674
36791
46505
44065
24222
49947
36459
27903
38059
39688
14098
11026
47679
37075
48193
7164
10978
22707
37900
31154
6041
24440
13954
29912
42898
38017
12590
1028
43489
45635
5960
33632
18674
44729
14994
14419
22420
26473
42942
25389
20790
38791
12392
33952
1068
37293
16098
18793
14166
36657
46081
20385
42431
13763
40886
2546
46284
10667
14463
45006
16046
14501
45345
33119
17220
498
39272
46701
1931
11392
30421
27045
36402
6431
32520
1792
6147
22780
32182
48013
13031
20647
22953
47358
9150
19941
27895
2150
36548
19676
19311
40724
8430
607
32093
38565
31172
48687
24783
34474
686
24998
12104
1939
29633
42896
24481
48026
30472
5811
21652
35783
40892
29106
30660
2902
335
11427
11161
44405
7713
23993
845
43889
18468
24099
29028
9235
35659
38263
38638
28259
16218
17580
35529
4815
24471
25141
37730
43503
35524
26195
41476
26788
40658
26490
17827
10055
25510
28484
49601
46626
26150
45854
11860
35550
22545
24027
4620
46095
31273
7814
2461
45560
1076
43894
30648
46346
49271
35515
3551
13850
36934
21414
9905
47437
32563
35087
38790
39372
19920
26431
49613
16115
28568
34380
27440
30288
24695
22934
33118
46763
21342
41179
38414
7828
8271
14692
46526
25941
5853
28546
49813
2158
5762
4378
16810
14218
23951
7436
5822
30087
15083
27549
46775
49294
32540
41521
9870
44238
36605
43021
11862
7741
47051
43293
33324
22080
18810
43958
38650
30056
6631
19064
6022
7361
41984
6854
16497
24776
1817
34428
37851
31657
13319
15403
5202
17004
44345
11507
47739
34105
34791
23942
6029
30030
37166
43770
34225
25136
27139
32840
34708
37809
43604
44001
32952
20187
5851
46471
23726
29701
34932
41595
38447
7245
16391
9500
18890
7099
13344
11718
1959
16726
5095
37772
36192
26435
15884
21569
31595
10668
32041
15170
45532
40921
6003
15635
36886
47348
6342
42751
19299
23943
7718
45647
1037
35162
49068
15908
8779
46070
33799
9746
43416
12348
10145
44991
9346
9548
20021
17147
38114
2209
44880
22489
39572
19918
48064
10618
46876
16081
37603
27437
4256
29210
33180
11033
36528
19093
13908
41466
15921
25176
33773
39066
1036
37340
41576
38547
11189
20147
10715
5402
42820
34915
19437
16323
2861
38784
36808
39660
28943
27808
24282
2394
28865
15906
39850
26475
24762
32844
23328
8268
5737
35098
30610
32404
16056
22778
29833
36537
24659
7954
48045
28253
46463
43760
21491
6349
22432
921
9757
30083
47406
10072
28622
30289
13131
44397
41779
43147
13688
11068
1035
9562
48888
41547
18737
25441
17521
924
8664
11355
3635
8884
40690
7304
6194
15060
14457
49278
42954
6721
43060
31138
22062
29631
43820
40458
41430
8267
18279
2495
14432
1631
25605
22107
37991
39993
12747
9322
19439
28154
41088
32780
27206
14111
42640
26683
46972
34835
22604
23444
41784
31842
47920
37213
22241
10999
41510
49263
28312
29864
11565
31940
48299
12038
47264
29354
426
41131
29850
21978
7770
43430
10645
33299
44530
36932
4585
176
40656
29523
40499
13619
10620
30598
18833
24279
44474
48523
32955
37262
37542
26498
11828
8892
32320
9918
33944
33448
42908
9505
19211
6901
23652
18122
23548
35993
43551
18893
6718
38488
7235
44122
38253
19862
15210
28131
6512
6849
22424
26820
19339
43070
39759
11994
11689
16569
12103
34349
47431
31090
2396
16754
48928
8357
642
42929
48690
2194
30545
35701
19768
39751
26193
34129
12694
19930
40567
37979
24345
13062
23231
48676
16444
28469
47243
46024
20599
9293
47402
10576
17566
42972
2236
30156
36086
450
403
29238
5740
10925
14198
1961
9303
26231
14394
995
12241
36671
11003
13601
13947
21236
49965
31868
43840
19678
18013
15443
32830
26611
28856
40261
49376
28249
44874
12596
802
4916
33942
42829
44764
30750
34150
19398
10381
42932
35036
19949
16748
3673
7551
38890
5905
47193
25383
43467
33702
49618
22255
40883
7626
7432
32846
10652
8207
38788
14860
2261
21822
13178
10305
26876
7641
34528
35616
34153
19776
14100
14324
30089
14269
41640
45553
15180
21838
44141
8637
41928
3434
40963
9412
16024
9744
25540
17006
38782
5578
24082
21801
6562
22366
22183
24842
33976
6839
42029
31645
41794
42362
1127
749
29062
3708
27060
36924
35434
11378
37669
28889
17114
28995
23907
20102
18863
37584
44114
42802
47817
31423
37040
34792
33275
43992
49293
31739
11943
33816
17800
18564
4397
20693
25872
34615
8800
28320
12987
43848
29035
18750
25340
12985
9752
49745
47962
10996
36449
31493
5955
46719
12436
39279
15426
39004
5019
18305
3350
39586
20365
10761
7485
253
35936
22322
26664
26627
41980
28517
7374
7189
20463
34723
30862
2856
21814
21830
38560
35904
2777
7153
11582
35482
24161
31675
21783
23542
16586
22612
10523
28700
7583
30361
17138
25673
45666
11169
34710
8157
10186
48654
27065
20830
9022
30897
30915
20471
24126
34992
44749
7705
26868
12677
2703
33893
31229
36165
33157
37395
30005
37060
41333
25580
48988
43265
26163
36749
11918
5588
9753
48964
39911
29234
2243
4579
28704
40859
31717
30079
8163
6539
8302
4341
31219
33540
16136
46191
1818
19349
8035
17974
748
30404
36201
28342
10958
19742
14916
33279
35039
11303
2100
36395
33934
17030
48390
36959
1850
47926
47435
16733
17443
17700
12445
42127
17334
19566
31812
43775
45242
29975
6249
16034
40812
10729
32202
14982
5756
46400
22830
14023
44954
45799
7105
14633
6200
21273
2558
18393
27151
45809
15603
4696
34802
2643
47923
27947
32933
18969
20108
3146
31362
33377
43473
27789
27308
40451
48768
44008
833
30004
16418
14807
22733
34736
24143
22686
45759
5469
28965
38898
44416
43241
21815
40212
23283
27298
21657
24981
10201
33555
10060
13461
38906
12080
37831
47507
26464
103
12092
13483
1833
41259
16858
26545
3045
12602
24347
22596
40045
5910
41994
4588
44323
8551
18332
5321
49471
26658
15614
37243
15289
24084
31929
34826
24972
2047
35461
19783
14232
9573
35366
41392
34594
48799
27778
21851
28099
35506
18226
36027
27823
3829
8584
26748
16573
31137
2281
12353
682
34292
20559
39849
26863
41098
44015
46179
22138
32359
39836
36176
7269
20877
31878
2648
33447
44748
14780
17653
32826
43825
39501
14171
34331
11710
21959
35835
7389
19607
40838
17018
38812
16414
34238
49002
7703
8021
16356
18549
23032
46508
16122
17964
35275
16193
33038
36487
4764
37211
29992
42653
20482
5189
22427
32587
33472
38071
44371
24276
46389
16725
31655
4386
35065
45351
30727
31732
24005
11743
22824
18281
42130
12864
7195
970
3408
44029
33272
35827
7900
7543
31721
43204
9384
10637
29375
28634
6609
20104
30541
2724
21586
9619
41304
811
5873
13482
42318
44102
47989
1280
40218
38391
8675
4670
18267
16292
6766
37911
48132
429
40168
25343
30370
37339
31141
35778
24995
15439
636
11917
39270
5137
16026
43303
47045
3905
12055
1586
42659
20286
5690
39546
24445
48315
18545
48951
22237
8832
41769
13471
22165
29982
8923
39919
45843
11680
14588
12764
10714
47460
38633
22789
20691
4286
23377
24000
21582
44021
17090
36991
4725
9082
9089
33541
34110
33232
7173
8326
31111
15762
48741
6196
42663
48547
19058
42460
34373
31082
14373
5465
45773
44755
12273
30764
33562
35448
12437
39084
13340
38332
4104
34424
19020
13852
48545
21862
19534
43346
30521
9166
22495
15237
42837
10074
12901
25964
29155
23682
38998
1138
7509
20080
22104
21665
874
40987
26130
39228
13158
4525
13312
251
2805
10763
5866
27772
42211
39290
23286
17165
21933
31002
39217
38342
49364
47544
28047
23711
23594
15322
11486
40667
21982
38785
25009
36659
38616
48807
7000
19071
15724
44904
42899
21859
3371
45403
5336
9213
32164
32731
21370
40700
38769
26261
18311
26318
24994
13323
13242
1562
3486
23197
5499
13018
35874
3733
34146
23780
33565
36483
6810
47060
27337
11784
31095
28007
8805
48658
23270
39865
24506
13638
13056
12724
2205
6332
9635
46245
25128
83
48190
1451
48667
38
272
48959
11084
5183
7577
21398
37833
44070
21193
29685
37739
47190
13741
48781
28153
32725
25994
14936
20950
38601
23730
13686
3779
402
5670
17493
326
15790
43278
43261
39643
9858
7769
11440
25168
3125
25103
828
23157
3514
29362
19429
31999
4046
28208
10942
10628
42900
40252
17919
33494
13541
15550
21764
49
584
22743
33040
28260
12297
23806
9984
955
46822
48445
11394
22097
42591
13097
28639
3334
7022
41969
41321
19737
5366
15892
30806
25345
36462
34844
46581
3901
10049
11414
43042
44705
34276
25324
5904
45580
45421
12387
23838
28886
26794
37668
1405
14145
14341
24362
27194
34821
14790
28776
24163
7244
19265
12180
35519
8638
46303
5044
40447
3165
5440
35110
5883
40488
30713
22044
6534
45880
45852
36501
7631
102
30737
4347
11345
20792
44668
27484
20756
45733
21994
40
30383
21712
38775
37784
14955
12070
7699
6709
42366
19868
3446
19494
33752
22843
22020
383
19595
48274
19451
14861
5570
41573
18930
44171
13252
46669
22740
35961
16492
30625
45622
41955
25298
49828
48052
49697
29409
10317
6862
17818
20716
34549
32252
28917
23611
38353
47805
15789
2523
28832
37504
26571
26187
29512
16327
21130
31093
2323
26890
29786
14923
14882
1089
9965
45926
23848
9186
27329
11301
905
36770
42317
42101
1197
21281
32321
5055
5017
33162
25730
21044
28968
27919
40057
31972
42202
42227
18389
12046
8877
29816
158
32240
39749
8352
22
46727
37909
48115
6995
26594
36804
23361
26381
23317
28115
25336
44845
5653
37108
3096
5636
9363
31633
45232
4630
14019
40361
38099
39073
49235
6658
29399
20214
8868
14866
20529
39245
22123
282
39493
37305
13469
42109
11913
43734
26995
28794
36727
20730
18592
43931
10092
20720
49927
48621
13767
850
39178
29235
17773
43192
37055
14416
42959
25204
19111
7372
25594
10387
21721
40119
33289
13887
16614
18416
41582
5281
36377
1747
23631
18404
19606
25794
30632
13648
42033
47226
20837
9155
28909
37007
13788
4939
26205
14748
2007
37384
27405
1625
9283
32968
49576
29428
45690
22776
7845
42062
8665
4563
1810
41544
9172
25757
36130
20558
5565
45692
32776
26145
45959
11610
46464
41481
41824
16196
48162
10237
4036
36473
34243
20133
14251
37479
15675
34020
43478
35306
17059
2554
18932
15965
38578
35154
14051
31057
19361
32618
12588
36403
25398
49702
13389
20506
19480
39607
37328
36517
27833
26255
40521
39444
43077
14318
26956
16888
25715
28031
13354
27902
44611
17725
48842
10643
7617
9560
25570
4271
8427
27
46981
14971
45485
10662
49856
11052
1159
17545
46922
5036
572
30297
17295
6233
32438
26700
30198
33891
14772
33521
26327
26524
26143
24622
31501
12444
5224
24422
7944
25522
19426
10510
5424
3986
29227
30583
4553
28343
30042
22514
29917
4974
14040
49951
48884
6680
43742
36316
38022
2309
28737
22510
30704
43732
47185
26526
34005
46637
7829
3222
15079
28781
25539
47008
12225
20761
36214
26874
18375
3742
44551
17925
13742
49771
14956
46145
48191
43174
42891
5824
45110
28361
15896
19581
9314
9814
33254
1705
29097
2969
41189
40526
43176
45730
31957
28082
5299
44466
25284
43327
23832
4770
24538
41051
31762
26242
29810
18701
30994
42075
7161
39300
9275
26770
2357
17780
16222
20680
7465
4832
24169
32740
31318
49329
311
37561
6343
41419
25765
2661
38519
13790
11148
46878
35475
13120
3048
2480
36324
19736
15928
39453
6791
11455
32679
47954
38273
13009
24014
23575
6684
44340
46478
34889
3819
21858
49133
32864
15126
12740
39916
115
44438
13117
26059
40979
4745
16794
46688
25242
28725
12570
12686
35592
7656
10094
42
13630
26809
47139
11964
49628
36607
46658
822
45039
11263
10324
31803
41408
49872
34686
23161
19497
2351
8653
26992
49110
9980
7457
22683
26638
24603
14176
29845
32947
44981
29720
12124
39559
17084
31914
36707
8469
4897
46687
42032
26478
10240
29303
10071
43878
37727
31993
1293
33406
29288
36330
30798
36315
7690
46874
27530
11875
4520
19025
38637
41868
35703
39938
11293
39840
42237
20440
45474
44803
38142
34880
6762
12885
9399
6974
9354
2462
31356
30672
12995
2610
43420
42302
37721
28867
40976
31621
6765
7800
47268
35981
39594
17598
39126
2173
49216
37371
9406
23288
34094
20719
15067
5141
32082
47944
32570
44227
17297
25752
48476
18680
31399
31561
14208
17635
46898
30634
33645
7731
21944
34289
34603
26878
42621
8410
5291
24553
32799
5728
27758
32530
5854
3189
23089
677
16068
35617
46884
41530
9962
12332
48622
23702
36363
548
19600
27587
24258
22185
21623
14990
27767
31025
6064
43250
14163
40534
13163
27414
27134
30133
3581
21497
1211
27246
48122
38830
9460
33112
28960
908
27014
9696
37600
47535
32248
8783
17040
34738
15760
36604
28257
33945
5795
20783
29624
26273
7399
5139
30925
1781
26194
2242
11916
17244
42508
43028
34834
8201
37366
1673
43307
34406
25532
26239
40802
49040
22266
43243
37036
9879
20903
12883
1941
41569
3917
43466
36381
8283
46566
49963
12965
6015
28311
16688
16149
32987
7572
34509
44498
46371
7773
6558
41448
2124
27156
4734
32047
1914
47636
42370
34978
26692
22955
25371
21149
34395
1366
12195
20546
1607
34450
29025
24733
25993
13865
36509
7237
44209
8597
44660
7046
27518
27883
10674
17737
3967
37234
43055
24877
12209
7078
34273
29574
30861
47120
6954
40659
38620
41177
40388
46909
8941
6135
3714
19896
43417
298
20449
4384
41346
9691
47225
3890
38170
44388
30034
27119
44587
2599
42436
48907
43408
4577
44704
24967
31390
18121
17688
21243
34619
48841
25201
8657
9387
49794
49992
47532
8457
10019
28424
33718
21841
3762
11480
20212
21887
36194
27460
20728
2917
48366
43550
8942
11607
2771
6339
2961
25855
36134
26913
4270
45637
30780
4023
30206
39534
896
13948
2796
42072
44052
49503
36733
40149
34263
39551
36191
15755
34451
44009
20838
19888
29822
17638
30397
46413
23258
12007
40356
30482
30627
32682
44248
49735
29752
34296
16692
1410
38356
26825
1432
4617
44441
41091
23672
47909
39511
26591
23077
5167
46987
9713
49322
16070
19973
10148
14445
35147
15401
11001
42162
43833
29739
15567
17091
40773
44110
4624
38614
33788
28607
39544
28437
29957
44826
12178
17720
6465
6972
2056
35668
11984
9032
42260
21446
26673
41658
19739
15086
15580
33526
36559
4160
26896
21115
22465
35218
40882
9880
32959
22638
29254
47067
9348
48646
35856
41121
47521
42361
33750
28199
13182
20032
1101
45378
42676
17466
6248
25595
31305
40741
5618
25255
23819
42144
3947
14571
3345
11049
32883
46807
47719
21719
26427
32550
48813
46802
6005
43428
23755
18696
40383
38259
19224
7491
16419
18514
40096
22320
46380
43102
27286
32823
34833
20935
42832
29865
26315
12912
38576
1267
14930
45223
40416
25778
29883
27386
4629
7992
48035
27121
20967
18630
42912
31418
29462
32137
41288
7597
30470
13598
20379
49658
6493
25953
8950
41014
41561
48749
1998
6967
18964
6287
36615
35074
618
6792
45591
22285
43796
7086
45244
8053
48385
17470
23353
12557
16923
2385
9555
15637
23158
33981
4480
33602
30988
37357
736
22296
27926
22474
36424
32372
27621
27934
42455
21835
25100
48293
5761
18733
30232
16362
37067
43188
5791
42365
4513
48276
36628
12711
2217
6943
47924
31224
20454
47477
2836
11795
14560
13795
1569
20149
48133
24106
24584
19579
25172
11544
42721
615
11310
35310
46456
34207
43857
21648
15098
49074
27376
15238
36006
33650
26232
23543
48054
11621
1038
20317
286
942
31931
11366
22615
26070
16424
31831
39892
13801
42741
38629
431
39579
10593
19671
5108
11853
31618
6146
42527
5945
21936
29567
16019
15114
47721
35460
27866
13184
31260
30668
25915
12457
6757
6714
36416
22954
47901
45702
16343
24918
30715
5557
19856
12934
13090
46638
47697
34561
386
35912
39545
13923
41880
5133
35867
37819
19114
21743
41123
17518
8219
19620
27522
10234
18019
3631
41665
2631
20233
40439
30165
23570
39823
12384
727
34013
12238
7816
10786
9394
16791
22302
24976
27091
4856
48037
24185
4609
24671
42027
22973
8380
16880
3537
30316
18007
11962
11137
16055
1187
44767
12091
10710
47330
31693
12318
24087
23039
46977
18309
15143
48322
24233
32677
12078
12312
3715
14231
35252
38472
45160
7471
4717
25502
44737
2082
47755
34230
8180
47057
8172
36988
18848
24308
2460
1232
15706
30664
32558
49853
10137
5400
13168
24464
2273
16917
19118
17245
48126
48970
10542
17562
35264
1590
20619
4746
19185
6687
44470
16431
47114
14817
2060
45093
26659
7585
5008
18900
48419
14979
33305
6745
7667
19189
6441
33803
41253
25639
47269
30492
25029
12300
31086
46307
33323
1603
32580
30854
37115
8593
30009
4240
14279
27717
6535
32018
30932
49519
10874
8459
27793
34939
26935
39491
49646
37302
48096
1648
37579
18345
29568
18924
37881
24348
26972
4712
33628
29103
6476
41579
3038
41052
34627
16867
19279
33663
18554
26844
16565
35107
13352
42242
3995
1848
48931
7908
17009
41484
47078
39179
41073
49159
4327
32114
30943
40440
46634
44186
38648
3707
2419
12450
15907
30858
39079
49197
28923
49981
49943
5485
6529
18029
18820
39131
25677
35740
24057
25226
20324
16931
49625
30674
27212
22397
3111
3767
39436
38175
45871
10739
36082
25704
32879
27553
34097
21089
667
45254
28051
13666
49605
38837
30345
10545
1919
6224
39479
38955
31741
2927
30064
39421
34870
36328
41602
26799
28085
49578
31754
18174
38743
45998
25473
12435
24880
2050
14911
36818
27013
9887
25970
7826
18769
35634
13863
37872
8416
12821
31498
6122
7647
12791
1766
48861
2959
44424
46809
18776
31838
16113
38656
22727
793
44683
39693
988
44476
27982
24665
14970
36695
26733
48738
17010
26073
37464
18147
7037
34189
24926
26002
27654
41701
15348
33294
48750
49756
3878
5511
6453
2287
30839
3729
7440
38624
43862
6038
47671
43672
43872
29951
27670
12336
32928
1573
18402
25999
9204
13599
15372
12137
18386
27358
10346
10747
45595
16177
4959
35068
29057
22294
11863
17882
3122
3775
47033
46374
39824
14958
33513
44104
4589
42525
21436
35770
42768
15222
41982
28261
46496
47986
47305
26973
34867
24737
11937
2250
39035
32624
40148
13594
26135
18288
20062
46136
43145
46986
29735
16169
44814
39958
18783
23797
41290
31859
35612
19951
31239
25137
45747
5934
6569
37112
23667
3932
16765
16860
5793
17626
33259
45500
27062
25395
38937
45207
11282
15014
31349
2514
15257
4395
13773
36177
37756
33491
37513
8775
1583
10806
43083
6009
8481
13531
26296
15973
24654
19252
32204
13219
31232
26932
5286
16922
36854
25102
30924
21241
34571
41808
19327
26109
11308
25435
41618
10102
968
42990
3424
29145
4601
16734
37681
10792
30880
28826
3056
9419
37496
7612
6738
23213
26908
32121
38818
44653
34192
29091
49546
37050
16080
43037
37325
40794
9781
13817
41885
29222
21700
48012
11426
11982
532
13094
32620
42576
23117
15745
47453
37620
1063
31650
25057
27493
32710
24500
358
45374
11356
49365
18601
18406
42894
16657
40089
33884
49464
14469
32014
2552
10522
24594
15463
35830
34112
1201
28565
5720
26710
42791
42212
42811
7669
2081
40422
44107
20926
10970
24700
14631
47218
31452
45746
48960
4506
38298
14551
12061
18839
32390
25463
41394
38927
33994
47662
38747
29899
24520
44448
20272
27960
5687
17435
3476
33319
8277
41102
21816
33178
20778
14252
27439
40112
5978
10440
36287
32595
37519
35419
33435
47779
17607
42128
15340
20152
39557
30777
41825
19692
39166
17564
26170
38243
11479
21845
23678
28738
15236
20917
40553
11858
18677
44311
1546
32067
37923
17816
22087
19832
20429
1663
47767
13451
40050
41816
6450
31300
9762
31459
18399
22136
27975
19054
17370
43515
43608
40271
9016
18616
34811
42504
43046
12301
43212
9358
7570
46100
7229
39476
21618
49213
29068
2541
41743
49098
25878
45865
20552
49474
35022
681
33144
36425
19893
2439
5665
21906
21839
15374
16658
28626
5175
25898
12627
32953
32380
8504
6496
17374
26537
11449
15858
31860
27915
22018
37405
2019
2995
1860
49538
21408
14977
17126
38299
21642
25402
6302
33434
43215
21315
48812
45147
43957
33071
8403
14405
43020
37332
7240
758
49671
11358
22177
31919
14815
24151
23478
19573
4907
47186
45275
46910
31348
46142
9908
48169
9224
5950
25560
23271
5032
25920
35571
47336
44718
49721
41562
46937
12713
29484
33022
27804
47274
47988
6295
37794
5030
36028
10689
43583
33528
7527
36746
32915
42480
46869
10893
44024
21311
44650
21203
30436
16202
2782
18901
49295
9321
10905
33031
33968
44849
12120
38549
6255
35134
10799
42861
36457
21620
12974
37320
37978
46805
21154
19729
15156
5062
27231
29038
11767
21320
5717
25947
41490
5707
27274
16676
2006
29763
35477
12278
45839
40951
16176
41783
48686
5767
8926
36743
24472
236
47836
38834
36831
19648
34718
45958
36174
13731
19995
1470
19126
28268
4120
25054
46528
15608
40670
30574
24413
46765
6732
29305
20155
15634
43234
34234
48469
1311
39203
13711
1359
27234
7211
27421
20789
22699
16427
3494
35351
45431
29048
16834
15618
28474
42349
269
25666
4719
8382
25220
16552
20733
37656
21066
10682
22671
16069
24893
45806
22891
28911
19420
1599
19096
27917
41774
18774
19213
13687
41249
11155
7744
13646
15810
7819
46510
25671
1726
17671
22783
21817
20312
44188
6308
15515
33122
10184
18492
36781
32696
7120
11737
2234
31562
4982
40790
35700
15967
14946
18214
23415
19269
5597
42463
45238
17533
26027
5924
44128
6471
23709
4833
2708
16534
9149
45401
11443
6923
15458
21086
17302
7680
31542
14726
10972
15945
39597
46547
32673
49321
39364
30456
31557
49775
31578
27536
38189
44175
47098
10592
30740
1652
21465
8718
2220
26451
47368
31503
26164
20268
32149
27294
40443
27317
34583
38363
7681
49620
6219
38548
16387
200
3230
18038
1105
40010
9294
1759
25553
26285
37725
13291
46583
9522
38245
37638
47796
234
44042
15502
15045
42914
32503
6120
29871
2955
30876
7418
48332
46630
451
30282
19121
7045
33755
12426
16653
17277
25592
1120
15670
34850
578
25017
40274
19477
23429
25489
49449
39529
12904
33475
11223
41906
25055
44036
37135
41856
18842
8984
38554
33631
11055
20784
19334
40401
1741
16868
28265
38671
7123
40537
26931
49403
24351
18610
49382
36609
28777
3185
29875
19792
37629
47684
16818
17127
24689
20321
28887
8769
28393
36696
26808
29457
16471
16999
30539
46483
35938
45605
9013
8996
21328
18717
28250
4086
8508
5182
22181
19989
13643
12916
18852
46197
47783
12961
13891
25858
32918
13204
14448
8749
16311
27267
13230
6285
44741
14517
4437
49644
6166
26783
23176
22770
8497
32148
22216
29879
15850
29376
29956
47877
15193
43419
44532
38711
11047
258
39857
25344
35029
25478
10519
21309
25587
46613
14333
11131
4541
6963
28751
418
3432
12493
24080
13762
28840
6374
45321
26544
29259
8452
19119
2662
21811
3992
28540
16932
8212
47660
33378
15733
16338
36643
20884
15853
37796
21751
39292
7939
34135
14410
5002
28785
36099
37740
6074
18941
12370
38403
29204
751
34656
4282
7358
9570
30948
3170
49390
8774
9116
36627
32430
45890
47846
19689
47111
36730
46082
37426
33488
2540
36353
49795
34527
14554
8912
12598
17676
21489
42998
35075
5433
27395
16322
41036
42266
35378
25375
12976
8044
45122
18747
40244
37219
33200
22172
10486
1358
36146
47570
27015
8487
20090
17464
23642
7323
3310
6392
12142
6906
10644
42884
31188
29098
13727
47794
49048
17239
39653
44138
30467
32882
14064
18827
14606
6077
17272
23426
25561
7757
22579
41103
21358
31605
30855
31251
3874
40044
17135
1770
11926
21313
9818
47301
33551
15140
24988
5217
28952
42466
38824
31413
19654
35261
38346
42138
46830
25788
28941
17247
39635
12011
44077
27910
11360
226
32101
23441
34058
12045
38186
13691
46676
32932
31201
21567
36833
49641
49612
14185
31992
18948
30993
5332
22861
45516
18588
8192
34066
22757
14193
35094
13722
20807
47376
36289
29687
2649
30125
9163
31298
36531
30163
3114
28188
3884
33431
1455
9376
16927
18182
35254
14347
35925
43728
27381
36805
3141
33514
37295
26860
24129
21679
27352
49257
48373
35869
40701
9146
3392
11971
8806
45943
32303
46225
17106
2846
44844
34335
5343
21827
3356
43175
22061
49540
41436
17115
39416
6143
24442
47518
1335
11119
29596
13228
4379
42781
28670
45166
14722
21449
10015
31306
36652
21221
26598
10135
14808
20450
15301
7881
18194
48566
25356
11894
8102
14077
31247
24468
21943
47053
13831
38274
2210
4714
28819
23783
21104
18942
41343
43854
21304
4133
22048
43670
15626
45225
22620
379
3794
27083
17860
15278
38453
21789
10872
22085
20939
894
11941
9544
37691
44168
39122
9561
33261
43438
5463
24944
34567
34653
4161
44923
32518
8705
39721
25810
10333
22935
11871
34894
11135
34654
31682
5927
45842
35401
1071
43121
24171
38116
41559
8515
13514
12002
19684
19156
30707
42036
17449
7812
36766
15043
26482
17823
42860
42754
48947
9282
5870
4426
22666
6753
35096
19578
8616
1461
35654
23465
18242
18152
20666
11843
30062
48853
70
3079
12299
6728
38718
9653
11773
14401
4039
45468
15138
40780
37125
14350
22862
26448
1540
24579
5188
20438
18566
47158
205
45995
47442
10945
24065
7637
35826
35155
36775
415
27377
45993
17966
13662
23853
14063
12964
16463
49288
2017
3394
34342
18882
23587
12134
13744
1915
46488
29504
2211
12386
25443
44002
3703
772
33579
35350
13159
44261
21983
1002
30041
6265
44956
48287
4667
25830
6959
7298
28423
37622
45395
5123
664
4874
2974
34881
42879
34015
27507
3366
27727
35347
31226
30189
15619
45456
24746
41045
7522
27769
49696
2053
46298
6161
585
34037
38697
14761
4060
12082
25450
18675
9674
4498
25047
31097
48269
36187
6822
8971
32876
41812
41753
8489
15518
36275
10098
4072
41283
32213
43424
41482
31523
13425
26831
32407
33051
38794
17998
43256
20227
36348
27858
18409
49798
24935
13292
24022
47644
3055
15541
25198
7190
7137
46886
49637
8924
28510
45894
33561
1048
42021
5358
38350
44461
39702
25129
39576
17235
21162
44429
48063
40455
42549
1723
660
34149
41896
21509
27792
38975
31395
7159
25329
28193
11022
3941
29266
6519
24748
4323
23479
27650
19604
5467
30352
32307
49937
49004
38745
17019
28671
29394
27199
23374
39679
31302
13793
22963
16061
28782
4933
37457
20923
35603
24101
16449
8598
763
49481
8337
37843
41688
8295
8399
26740
9819
37535
26151
39337
25754
20925
28069
33170
35417
49323
29552
39714
24191
44414
9088
39692
4594
11077
2037
26437
2734
18043
26579
24378
48887
11670
45240
24820
30923
31592
43975
36489
45975
11328
29315
14941
12745
12482
26934
26262
4442
28707
30305
29532
28806
41240
9871
29176
23558
31217
27603
23122
26787
40290
844
16971
7430
31211
45074
22801
1658
14566
4300
32273
13814
38266
8569
36724
13466
30142
8882
26823
48345
46935
46418
37103
7112
44452
43681
13659
25859
3138
23051
36661
31223
15261
44728
348
10081
43624
18992
45952
41076
25046
41803
26278
44617
35564
15152
39431
38474
36807
40023
18073
22142
28236
23255
37407
30636
3584
31746
36298
22902
34805
14938
20229
18452
17372
12705
19580
36742
19639
44480
948
34920
12721
33911
20825
3200
33086
17683
34836
18801
13091
9033
38931
37817
5478
35331
33599
43859
3535
47471
28994
13212
43709
7421
20386
30139
35409
25123
14129
45893
14642
10401
3614
29429
11922
23763
26632
22374
11484
37432
5246
12906
15132
27972
45918
27469
31468
23321
13509
25596
5240
23086
26726
3427
33874
48836
12986
6655
21118
12800
36870
17593
9623
34521
39644
47539
25777
41358
13513
28513
37933
37198
43630
31458
17530
46500
24373
42778
697
27880
34281
28642
27429
48408
10192
5180
33748
44081
38194
33342
49704
16862
47677
26277
49032
40300
3615
49360
17410
49961
7686
49713
32143
40810
11903
40002
49784
9799
37444
29733
36119
44928
20806
5482
24280
15260
47889
24262
10844
30027
44069
36853
3780
33176
17596
48618
3994
9299
7973
5282
33156
5434
33868
41209
16293
47506
26930
41467
10965
28113
26236
36411
19521
19605
32091
37687
48192
9608
47807
3639
9776
13408
11074
47137
49071
32638
36792
14491
3232
8160
25986
14535
4783
35574
3039
43505
21860
13934
12898
26326
30816
21575
30791
1139
22476
5540
26181
27186
33436
28475
12565
3247
47107
46126
49718
34394
490
43922
6047
20447
29515
8707
46088
39468
20919
40827
35449
33266
15880
19955
2122
21306
41309
22230
18669
33958
20539
38331
1621
12978
32322
2183
27009
11467
4089
27855
22252
17779
47024
46347
42400
31351
1402
6353
44758
20366
21416
47661
19771
10164
12215
31799
19900
2134
10011
17624
14255
13276
21770
20575
33129
42587
12955
5337
6759
42691
16028
3656
47365
1552
21192
14592
38232
32662
47354
2208
4313
32286
23296
18334
7410
31772
24336
7475
5074
27471
42503
21355
49513
29861
25190
43170
47420
34533
42792
23646
47981
9732
28491
34165
10188
24264
962
6125
43441
13656
2235
36052
43542
2758
43527
2900
43688
28901
8529
48815
30215
9978
26428
40309
20714
32481
12517
49762
7616
30296
31419
1989
1692
14099
4740
15946
14254
5619
45904
27760
42510
2015
23900
2075
12017
28636
25755
49639
28171
22169
15905
19139
38469
18357
13109
35502
7357
34944
40808
42509
16341
12708
17892
27311
10247
26667
14126
23380
49624
534
42281
6052
23556
42776
30000
33021
21813
40294
9189
18742
45896
11709
43410
33796
8683
44318
40530
48528
18028
21361
47573
14497
3953
6579
33468
47579
6665
24417
1419
19029
33864
8307
19493
27661
3128
12617
40105
29709
30881
13029
22059
38774
21904
18185
27366
12152
47170
16684
34032
18104
23985
4366
32614
37489
23816
26616
34818
18408
38714
38811
22303
29734
31113
24787
10179
7897
27634
17037
20553
32144
2988
17977
48434
38417
27873
27604
10147
8477
1149
1488
40593
10559
48364
46105
10306
7082
35459
25642
17955
15666
11089
35234
44790
44378
46924
18822
36824
4654
16110
12476
18565
16613
8462
24667
27592
21422
1007
12814
9201
28529
44045
27722
23248
3268
28173
4109
17884
49202
27279
26465
7648
16360
9692
21316
31392
22541
9665
30958
21646
26550
40227
27861
40515
8917
42668
14344
9092
6432
21629
5709
17784
49179
3847
44464
36047
12932
11539
19172
8249
10575
9763
14596
36811
34551
10615
27346
26985
38495
8627
12547
24855
44860
519
19362
39876
37467
19336
30718
75
5146
6593
10955
19135
44047
20243
31890
28318
33398
1973
33855
22590
31131
39783
34576
11485
34351
34324
47491
3937
35522
36366
24964
18829
18044
22139
49244
1086
47022
45314
5695
30812
18912
3624
11909
16650
31956
507
37742
9885
22912
7933
486
43563
16318
49602
37769
33065
42041
29684
46308
34837
9154
45945
24243
18691
27404
47984
9230
473
45939
34363
28894
11946
16943
31535
31880
15591
13506
49137
49182
23578
22561
34532
35919
17366
11400
9956
24966
6808
14799
42767
45341
3271
10313
49313
19313
40782
36677
18392
37032
32936
22459
25303
44789
31568
43787
605
10066
29711
22364
24017
43944
20731
17166
11826
38546
10056
34248
2511
26257
7716
3913
26764
37637
46399
29800
6814
26292
665
30392
9300
44939
12872
40191
21498
5371
17103
33742
41654
22187
11102
3724
23908
37322
49242
37301
33091
33029
12018
36899
43954
33006
5573
14348
23026
24298
5916
31606
39083
39175
31492
7453
28456
14076
10673
45609
25169
20037
39983
8640
18417
6025
33371
38455
2921
14389
9958
43793
29352
46356
19130
36532
11346
30680
30912
10318
35380
23962
18395
18824
45788
9240
4865
45069
41185
20669
14759
26850
29023
13463
34535
39781
1287
28298
5601
20984
36211
44325
9501
19757
45805
505
14303
47947
12294
8069
26304
30529
33417
11868
24631
34689
23520
20179
38329
14091
27944
22106
17202
28357
48572
29535
3478
6790
25104
3043
16583
28599
19865
30639
27275
15939
30205
34908
5576
6742
18556
41315
520
20955
19148
46119
6626
14101
33149
41584
45621
25740
9112
29290
19753
3851
48452
8144
36973
40811
20625
21187
10789
12463
44663
29791
42225
6402
23619
22034
42695
5053
11048
44439
36244
27714
32422
14089
32366
34804
43287
48692
8966
16036
43105
47004
27250
4921
41399
2163
47256
28938
28420
9343
4095
42016
1247
10766
36311
6138
17060
17167
5963
2038
23146
47113
15001
33351
20645
1458
47830
41401
2172
31167
35823
17259
3450
31779
24278
19037
47608
29343
48028
27845
29175
27230
42446
27857
33598
21007
8939
25680
488
13719
20223
41113
9751
21395
34998
17057
9071
26633
42679
16215
41759
45443
14746
19933
14471
24821
21444
40492
37102
28140
3269
43436
35044
17494
7858
41671
1506
28890
34463
4755
5194
1944
45526
25973
49838
35030
21590
14187
4499
40210
25072
18374
41545
16498
31834
12751
33206
6348
49909
37780
41128
32075
23748
46097
26471
18234
24624
2542
16030
6352
32011
29337
11179
14844
26060
31416
27904
4253
38135
29411
31528
2065
20521
32694
7792
1852
3460
28978
27646
19653
3965
17100
11203
40584
15349
11878
6667
32034
17112
29065
18447
16165
17338
28779
15254
22519
39602
27618
14509
35290
27734
42722
8113
43522
40319
20522
22779
35662
27985
14776
47189
37501
12990
49592
16405
25743
18667
12920
23804
28903
8125
44841
45997
44869
33550
2156
10579
31244
36404
32218
20354
14974
22516
3099
21621
14493
28897
15633
44875
14899
22050
16358
32000
16696
39687
40673
26933
30479
15279
31415
12630
31292
20119
29465
33821
3443
12053
1917
27150
38147
9996
47341
37422
41451
29248
46114
29049
24691
48936
21514
9577
24009
7402
33264
16134
11152
16558
11146
43743
27191
23041
37761
18057
16788
42244
48893
27055
13634
15493
42800
14745
27077
14781
41908
17081
32495
32554
1323
34061
8565
17175
14929
27312
6495
5852
33483
7963
33506
26085
22919
19417
40160
31742
42140
32759
33053
46459
6997
44891
46513
42167
42665
34554
3867
18671
37203
38433
47559
16160
38985
21472
31991
3804
23888
38148
14015
33675
7775
30902
45856
32042
9125
20178
13472
8554
39278
3621
41570
18423
38454
15540
13909
31813
30314
41118
15818
28212
26026
29856
44163
23214
5125
26922
27581
6948
3800
1493
16270
16141
30843
14186
18107
38964
39735
26959
4140
6477
45948
22148
35802
5613
5142
10808
15878
46654
8080
16462
22761
24091
6106
8507
38928
36763
34288
17872
32267
3613
44899
25449
19335
46914
36216
27763
2169
20352
20896
4328
45179
49409
49906
26892
28816
8819
12552
43470
21425
246
22874
5347
42289
8816
14438
6494
40986
7529
3212
12702
45521
25514
10973
43920
12946
42593
6485
41844
42067
29287
39788
49241
18591
11312
40321
43413
16727
40993
45544
1373
7542
39361
37361
15362
27097
2074
34059
8009
28822
6925
38862
28630
29133
17581
5758
15802
32993
33659
44637
15577
38623
17237
6623
43529
25751
3158
21915
10765
6426
20527
10865
31472
13707
10136
49824
42392
15094
14206
14544
3168
24685
2555
25693
12305
28936
1442
47266
21288
15805
28641
48109
36810
20127
17640
12107
37039
465
35890
12889
22346
49138
39310
3536
27954
24470
36481
17795
30070
39935
20631
32483
48072
22186
9952
31736
23481
20019
21819
34196
951
45846
6338
26014
22605
16985
42404
26432
42516
34366
9371
49147
9426
34545
19147
19406
20996
35190
23316
48281
24866
43812
28589
42624
10869
3761
30360
4515
843
11466
9369
35593
5984
30481
15846
40308
43461
20864
17528
21065
38870
12176
14707
3063
24611
37932
31608
1471
5148
19816
16464
17743
42537
42247
9798
13528
27832
13401
22253
34669
38039
42701
26366
36358
11072
49001
46512
3509
6937
259
36409
4638
4912
18825
27544
27787
34227
4713
48754
7362
34903
7144
33717
10423
12530
12116
22472
34382
29490
19803
5026
40594
2412
16612
33608
38107
17355
32037
35504
45488
30384
40893
3853
42147
41504
41988
28433
15053
2400
15899
3049
30953
6705
37588
33606
17474
18394
1937
15339
33784
42035
28827
48166
29571
15863
45377
18180
3307
13527
45811
15188
18720
10279
18505
11020
9758
46439
2987
10114
25725
38178
31279
18538
38234
44590
22769
15688
24089
29848
28354
43160
33712
11888
12535
1618
20005
6986
37388
20277
45705
4917
12575
19274
37406
8182
19706
23348
28289
18699
23927
5308
19237
30452
23066
41362
19066
24103
8622
11401
47556
4000
1142
37466
27407
5065
23035
25260
17896
30552
47488
15685
39967
12877
28879
26248
27700
14260
26103
14954
41200
23664
3399
19144
27886
36783
35818
11125
2423
1391
8279
47565
44838
46608
13936
15963
14444
48948
20746
48273
3868
85
45097
1525
39794
1399
43011
14132
17343
25396
47052
10616
21662
12774
20952
19667
14603
26034
33912
45407
43312
38368
2143
30457
9349
17603
39043
17262
30403
11678
41773
13296
18481
13439
18003
5898
3285
16513
30745
14712
9115
12452
5006
29061
27178
31588
45368
44688
43989
23521
48790
25110
3599
39571
19108
7053
9015
11963
46833
4424
35733
41002
11163
12935
8486
5364
6149
17093
14865
25504
4453
49255
8255
31005
30638
34937
33278
30954
47162
5632
13668
31515
12648
24727
22091
29294
562
16489
11857
26191
49377
38427
24045
26113
2171
24819
18444
32166
3499
18682
49731
25883
47237
44940
39136
27473
25430
41698
15395
6312
49219
1664
9124
12308
26266
46836
19106
27821
19397
10770
24705
26902
39025
22288
25844
3208
46920
13083
21505
32447
36949
13572
26156
13146
14989
46607
27108
492
10431
47482
2729
46831
23728
12063
5956
8982
13115
7493
46747
47249
43932
8347
16433
47829
25392
38876
27491
48220
38367
17273
41109
11872
10742
31055
38402
39378
46368
14274
48491
815
5360
16905
40005
21762
4119
26567
5957
48659
38980
21029
40132
40880
23275
34546
20225
15293
1431
42673
24039
27957
47074
40286
19662
37344
23568
4702
15377
35883
43559
8229
45520
19677
48319
8505
30098
27260
20347
42180
5067
17597
26252
10829
49136
12649
14686
12789
39991
3132
29600
25433
26367
589
41724
38112
32866
9836
49544
45455
31680
42917
12790
47547
8447
20665
5796
35928
24901
5659
11489
22913
44313
14256
36466
35167
25910
43322
45617
34131
1684
24322
44536
10332
5076
2198
37736
34465
16926
9386
5519
12239
22652
29412
46163
16017
12948
27098
6126
1483
15851
23506
38723
39172
8613
561
11375
42414
33246
9285
39518
37480
39149
40503
18744
27075
10121
47851
49924
1591
38958
14458
88
29689
2464
28122
40876
29277
10183
2752
42943
28097
9130
9551
18785
5118
6478
40527
32066
28740
32177
24807
5931
20601
49231
1040
16482
40013
2581
29016
47210
41242
120
23508
16944
3894
49052
13756
26720
12224
4699
30491
1
6199
4500
17163
26626
12192
41184
26370
20767
1413
9609
36049
20658
28408
21275
8145
33537
41796
27281
6625
46839
27829
547
21214
41807
2350
20938
44791
43773
38324
46969
22016
41894
27089
21253
14832
24690
23952
37549
37460
16826
21681
22326
10801
29793
36563
11319
23801
25243
12824
47795
32566
1430
36649
8389
12582
28949
33111
41802
7749
32976
33155
29284
21890
31341
18779
48825
22533
28156
35063
17913
24666
5651
40720
27252
26162
15738
49665
31504
40956
1816
12485
41574
20598
16589
37446
2282
13657
25669
12042
44922
36629
41395
22287
7391
8152
21690
23332
29296
45243
11816
14575
41269
19300
4632
15874
25787
624
2711
24356
35699
3757
45559
3774
12161
47344
13669
23533
4346
49148
19721
29374
31007
46255
22616
19732
39756
29067
17213
4693
32424
41852
5500
34028
30644
18461
21262
40029
38867
48817
9408
8128
21565
8203
13963
19867
22099
39216
40472
8629
23636
49803
22606
49582
27878
41866
26484
42620
34822
1388
47919
23416
39092
10902
34367
4890
13574
34401
34352
9362
12037
41943
41503
22607
21741
2590
40101
2141
8025
46527
41788
41740
18500
2975
48697
9677
44240
6378
31884
28422
35120
42930
37806
6209
19253
37957
12455
39868
702
48712
26467
3665
5265
23906
35585
12909
9305
29730
7127
7723
38510
23404
16107
17340
41515
43839
19948
4115
46944
48962
43193
13042
46124
5195
29340
42815
31955
47809
22265
20907
30043
49607
39917
3095
15870
22096
19878
24688
15900
5181
5243
18206
33819
28161
37615
31190
23254
45504
35491
11681
9324
19113
11604
18823
47012
16587
41070
19027
33210
15749
15034
11952
41412
21922
26485
11624
5375
35117
40098
26888
3945
12687
29870
44497
5881
5099
41125
40498
28945
5203
14404
16969
33714
9739
46074
15689
27963
2593
23745
12429
3515
18377
37971
20137
28327
11870
30502
39412
17942
17415
39552
31001
33340
15613
49614
34905
46104
21684
11665
46911
32980
37537
12831
20639
44625
10260
8611
25962
10213
43391
39187
1797
45549
37342
8726
10433
2024
48840
17054
35687
42514
29556
34155
41572
2949
46276
4191
34891
44743
13774
19945
40409
1396
24295
47048
32344
31656
3887
49627
43091
27918
6595
19194
27115
42726
34299
48533
15294
7742
2659
4659
3412
45095
20689
31099
33453
31445
31485
36499
31738
23417
8544
46219
7309
21267
17883
19518
36349
330
16654
27966
3944
48617
32302
18095
43143
31998
17046
49730
24814
49887
1409
6264
39471
43919
20949
44478
28107
44167
12769
4618
21219
25692
32420
31747
28579
10518
22868
2178
8906
10173
36585
49859
19067
859
35521
21049
36161
20401
7435
18917
25527
49011
32223
4157
4569
9903
32263
8296
36803
6683
13399
46943
13592
48015
26909
7272
28619
15669
10840
8949
14461
14933
18517
18633
34452
27660
17983
31135
40070
46238
25892
40989
10934
22657
35079
20543
48550
20977
20431
10707
26411
13360
19649
49616
13074
41164
49942
28035
36593
47279
640
5443
2069
31238
1958
29989
47088
3596
25408
39524
6577
24505
34501
12498
38458
46481
5579
31035
5932
13246
24051
627
41361
47245
9849
18459
44277
25634
36156
43983
16375
48583
29627
14247
25065
10721
25016
25007
32805
32425
33955
20144
5587
4507
14484
29927
22573
7865
1602
7165
37284
15587
18850
37803
31913
13998
4669
14752
14671
1326
35669
40423
18768
45538
20889
21659
2591
48814
27648
8238
30102
20760
41550
39186
36443
9106
2989
4288
28013
34507
4260
214
18740
13002
46314
23428
2930
46533
8156
35249
21812
36283
35488
24003
20475
5997
37317
20419
5976
24387
41303
8239
47788
38838
28417
4665
27296
4995
24635
33745
6300
46067
33370
37064
13644
37680
43571
5169
30285
45304
11390
13188
46237
15021
8838
44912
38183
3680
34887
49072
40623
36380
36280
37028
42693
42066
27332
20313
27410
29859
21090
28807
47474
36863
3969
29410
30506
17847
48870
47594
2409
24410
10948
31932
21060
40302
32680
24760
18903
46435
7196
41265
14103
45543
36544
12418
5628
11661
22274
15931
9430
5708
23247
29629
46655
12856
38684
20828
27860
41424
22164
32924
23713
12344
22500
38663
8601
40694
14587
21052
27454
49998
35038
19849
10871
34779
41055
3812
16164
12878
45619
5547
12962
8776
15582
39339
38349
46370
9249
35884
26803
20244
31567
3277
14786
17120
42358
47812
37937
12143
25272
8396
453
15438
22802
14213
38343
5682
4641
41485
33218
28694
16355
23892
2353
7903
47631
30037
30059
29064
25529
41749
27219
1957
39582
34421
39155
26502
48961
32251
36197
28691
19122
32056
526
32107
15208
17968
7265
5541
3458
46799
28136
8715
21992
36841
42941
19895
27800
4019
25943
28742
45164
33518
42816
32658
49936
23863
29641
11456
28574
15024
16486
47203
22905
48734
40651
14415
40874
10562
39954
14485
10075
41138
3157
4773
44822
46250
49184
33963
14340
1849
11905
48488
5868
41676
35025
27595
45761
45249
30182
13873
36714
4276
12378
5637
40641
37237
46222
14856
3251
12262
21073
9210
22668
21625
42006
10964
17141
21329
10458
13725
25619
16935
48480
32112
16340
43879
42966
24999
14224
430
29533
32433
19151
36852
46834
17241
23974
29796
15583
48300
8802
27276
46107
363
45821
14174
30613
31237
26039
18235
6726
36032
30269
13198
21365
30973
4005
39251
43230
41841
37767
6850
22877
745
3906
37090
43965
1406
18117
44061
47543
30173
19128
36170
36521
25714
39508
39237
23144
44330
21622
38522
14693
21246
48695
36941
1268
20724
28710
27226
24452
33237
373
15871
26507
38717
44113
32582
36386
33971
6298
16388
13495
4547
13681
44753
21566
8859
9475
32141
37367
1696
22384
10144
830
49369
46561
48921
28091
21291
14296
1980
26557
20627
29300
47886
39329
5658
31496
38753
7126
32899
34396
35006
26112
11
1728
40613
23559
25001
18131
9951
15912
16264
38542
6664
40296
35111
19812
1952
21727
14205
45914
39894
33685
17160
20821
14812
37131
13476
22324
34795
7373
7136
11514
47774
5769
29717
24571
18383
36000
9007
45823
18156
33798
40601
35042
41656
38954
16370
1091
19840
15448
35780
22261
17517
9397
30278
38163
31543
24359
35517
41100
39484
4311
12646
12966
35857
36269
17191
49879
48531
44786
27168
35777
40715
543
7449
36619
26461
40092
21631
41201
31262
23889
11030
10606
47864
11433
41423
3759
15650
19384
28685
20186
1681
46999
6386
30728
25090
48275
16962
28211
39860
43720
38128
20132
24259
7330
32387
1689
36468
44879
28430
30564
11674
42856
19647
30104
40391
40830
20330
26149
28243
12638
14069
36545
49835
2814
37745
31640
21773
26343
49640
40745
41931
19640
5038
13593
30606
40231
32741
23425
14609
12795
47258
5018
6404
2005
39034
49695
24686
44395
39003
33078
41445
40185
45916
21116
4258
11015
41046
49092
32647
29093
23018
11740
10953
34174
20399
16712
30689
3409
22111
10896
14995
33227
46058
29686
11794
35086
49461
31258
18080
23001
41192
2617
28714
32073
39293
22122
3949
35862
34487
18752
27457
48521
32135
1228
23552
33765
38690
10415
4793
49968
8137
37435
6964
2177
29291
18297
31205
12060
5075
48933
34241
43968
27863
33327
33658
18925
27830
28646
34524
40959
36023
17386
16454
37078
33737
44355
26167
30192
14376
2295
33879
48515
10785
17468
48522
12846
4981
9546
17565
20642
25500
26047
39553
12212
6373
27357
18685
45399
20375
19915
17956
7006
43390
33429
44708
29613
13435
5474
7385
14427
33698
46431
119
35567
32428
24390
20380
38214
23184
24523
4568
27797
42410
34194
16342
8788
8109
612
24560
30378
33754
6437
32176
39445
22239
18690
45008
47200
4645
49880
29716
34052
39481
17726
11016
45803
41454
15830
16535
39893
29712
25886
48824
23700
45099
42329
34297
39015
9132
26795
31051
49467
38923
14395
39920
36439
34842
2885
41450
42806
314
24766
25000
34989
17461
261
16011
39507
15316
20295
24664
12899
22268
48748
21155
31636
44367
46696
14947
15334
5269
809
29434
8313
36100
36253
18771
48594
9342
31281
8533
47034
32371
33622
44282
26993
40864
28580
12427
31240
46705
9936
5506
11503
8472
12122
48359
17228
18896
35408
44056
19461
35606
21266
4174
23741
24434
6492
18578
29728
36797
17328
26043
7155
43815
19555
23060
24229
20657
1351
26625
3850
4061
4197
43837
22328
46523
32228
48394
16163
29328
23019
23323
48180
21820
10368
104
8867
6532
47757
8573
10750
21916
28426
16615
22765
18637
38121
25960
462
48375
6953
9134
5925
22343
3397
10574
36068
33933
17563
44975
8631
21607
24809
27546
23495
49920
47177
48388
21931
48189
18349
47773
21749
43724
11793
6968
230
12807
40385
3134
49211
6618
28040
13095
36779
18361
35674
47675
26702
34393
24933
227
22811
44756
13285
12449
21531
1221
18415
39772
3739
20547
6236
48571
25769
2779
37099
2338
42887
23325
37743
15758
24581
14736
45208
13086
1281
33380
35944
27363
39160
45178
5334
12196
7441
15452
35896
11226
22883
44204
17906
48438
23024
6428
30375
5275
38086
41170
44693
48125
44709
47134
32383
16298
28062
26104
45184
49825
38213
43803
9779
10133
38171
22010
35438
40719
24257
13621
7496
10795
11896
10293
36693
18102
41019
33094
19296
5403
46594
17187
49201
2455
8392
14490
1171
47423
28891
33693
27548
29651
40334
14011
7335
39423
4302
32291
2003
21604
13821
2327
48450
39078
17811
8237
4925
3751
35651
38165
39944
7998
32423
36817
46441
26835
28805
15052
44084
36901
18344
3645
31074
45682
47359
33427
24426
24159
17988
6319
13870
29692
14862
6424
26697
12518
7750
19120
47377
30318
49905
34409
12538
40161
21140
2543
30585
30424
18062
42355
17714
3092
4806
35710
40279
31257
43045
9907
21518
47737
21194
15311
49091
43913
45038
46978
23714
45863
41739
13783
8381
44641
34945
12707
20895
9441
47789
3472
42492
45252
39248
28105
46243
42294
4610
40034
8975
40127
29549
36155
9245
17573
29081
26851
31412
13660
14529
48580
3959
42602
20890
1130
41101
16439
42432
8479
46768
1521
541
8548
32865
26063
31350
36139
49996
29050
40528
38486
48826
29645
17990
42586
47504
11542
44752
12395
5124
22385
23267
17381
9712
17634
43910
39380
30160
36933
10533
46281
2669
31840
24228
7569
38881
1571
47906
26405
11535
2857
35693
24074
48747
12016
23061
13233
17095
6570
49669
13765
4893
40406
28623
8503
34188
34732
20968
44304
18220
19787
7559
13196
5391
9351
33746
44957
23354
7315
36025
41035
7333
34544
38699
31572
49928
3322
29846
6071
15415
19166
2883
27399
26022
48588
43200
19271
9869
31254
49510
6307
27432
41281
32814
5620
19063
45942
18037
30267
39176
25543
35541
12417
26706
7521
4224
30216
7242
29454
49395
1572
5407
7057
761
30828
22655
44839
4077
22225
21688
23633
28111
1054
856
15827
12391
5921
3497
2567
46681
6617
43590
29071
30589
5429
33347
43096
33664
39724
14870
35433
22072
43832
38929
42821
4863
24432
18645
42335
22895
22163
31508
15708
19222
47379
36524
29780
46587
29591
13007
16332
10672
44166
49176
44706
14265
38916
36123
40950
33947
17750
49684
48454
21095
36711
20859
7023
18961
7061
37585
34700
43779
16606
32583
31089
49253
24025
31789
38037
8834
12490
46653
8893
23309
20705
21488
49421
35308
11733
38739
13321
23068
23712
45281
20581
36767
9634
27299
9051
40058
23285
28586
9882
172
33812
3028
35150
40728
3811
43448
32478
12866
28029
39708
45349
31704
21263
33363
18449
2603
34495
33147
23879
30934
38744
12603
38465
23660
11864
40357
21903
32098
41111
24742
11391
30624
20252
2866
14125
2519
38617
25339
11382
7320
5173
4735
28112
16095
20911
2536
40225
48524
35361
34882
3069
37220
41335
37335
8031
41081
9874
33653
25292
1988
25099
42570
48091
16825
19670
17327
45878
1702
20951
40872
49982
46713
19060
26707
21250
24812
34616
36350
7874
29931
40597
43029
19337
25432
10760
22430
13099
21660
19788
11412
45757
12663
48441
34831
7824
34489
35238
49265
34739
37227
7043
36866
44224
34765
31987
2361
26030
40895
20975
21265
45599
10151
16690
23200
43274
8244
25024
2352
48049
23528
49788
26766
47690
34116
13918
40343
28521
32900
28125
27788
32022
34127
2354
41
25977
10608
38450
39925
29372
3693
35235
26778
13231
15470
27476
37369
21692
46959
4015
11845
6568
49245
10626
15129
40470
38533
11097
30118
6654
49443
42571
43606
39678
7420
30623
45464
44235
28147
23326
43565
21611
35208
2578
4438
40267
15954
44526
35590
22065
36964
23935
26597
12925
6676
31905
62
19033
13674
32162
35273
45711
24016
13377
7307
45593
33582
40543
34871
32116
9184
44035
10162
19257
8413
44231
34104
39000
33379
17387
32314
11133
37884
46724
33478
17772
18188
11605
39012
15511
40912
28869
18887
43639
5640
49651
23371
37363
19467
2224
48606
3752
32606
22759
14306
45
6117
30050
29494
29442
37336
14991
2470
38393
46844
25732
16987
43026
6527
12844
48679
15035
29247
41932
37904
33132
45010
19430
11371
15723
28705
22558
40153
39374
36757
27641
32397
28948
24349
8610
2653
37577
2582
6616
49952
27839
38618
22888
2501
32185
8133
276
8510
43079
44534
33104
49575
14253
38250
48415
18713
35446
45922
22927
30366
24207
25662
617
20175
22368
24847
17672
12220
47291
25862
25400
1874
18390
8150
17330
535
10727
16623
19669
34320
30028
19837
3839
48567
30419
10586
5680
41607
40789
27237
14848
39822
38013
18509
17993
31854
24167
29767
27046
18679
11176
18847
29750
46892
35468
6688
28942
19552
27398
45467
7761
2077
25825
15704
48577
16460
10939
2072
8122
33530
32525
37651
37683
47140
33704
24231
44054
12146
11459
542
25940
26291
25111
47117
32860
26463
17012
9352
23364
39676
35354
15467
20831
15055
46407
15461
11613
41876
10923
14086
20162
23715
33848
9710
20591
10985
15136
38123
16957
14893
17934
24255
45760
41817
24648
22808
765
20498
21984
8491
20467
14901
6989
40770
2427
44106
15207
26968
13431
13504
7640
15454
24271
36644
26990
13929
11036
37026
39641
46317
43520
39459
25931
6096
40175
591
48602
36325
49506
2277
18789
11648
35755
2801
41157
30990
18615
21990
21760
11005
37120
39922
42518
41287
9476
45150
29740
48537
47283
34697
43801
24644
49109
41365
19072
39988
21294
7817
49045
31414
12322
30886
46895
41662
29459
19019
41699
38589
7607
19718
36056
13239
31008
27153
23031
23027
37097
48745
29461
33297
22454
44831
46357
42139
48346
7974
49869
25320
21201
443
14031
20296
30055
24517
40467
20827
44458
8662
29563
42728
26462
39399
24076
19568
11270
18078
1012
20515
6283
15250
16515
42579
9471
9917
30538
30588
10642
37999
29857
43017
23886
30084
38757
1053
8024
7789
15935
17855
40740
33270
25711
47231
18272
12780
6830
18355
28302
7062
45253
37147
39548
24862
28585
13663
36050
10065
7388
37392
24534
32732
36726
44745
27255
18857
23372
38040
24284
17929
12868
20057
8861
20464
33016
15305
25194
13375
15255
14045
33805
7214
1637
27996
7343
17218
33387
8183
5213
13620
8320
20092
19992
30208
16555
4135
11727
40627
37927
22507
38070
27019
44626
14601
13363
46825
19838
42073
20887
38468
19960
41214
47272
46941
23227
40208
29935
7629
46685
30896
35667
49772
5970
21542
10839
4871
7451
8263
4353
15187
31432
19799
32939
4096
30685
19277
21068
2870
6078
39200
44073
15221
34384
30950
16902
8115
15351
19539
49720
33290
5954
35630
7121
31152
18033
26977
41064
16422
7328
32094
39401
41015
8361
19735
27885
16740
46712
49532
38518
41234
25588
25183
26265
41067
36373
16639
31980
25650
13906
35327
15770
5069
34473
1381
12240
45303
19779
43654
2257
38540
34745
34376
38506
49357
5079
33341
27809
19524
16397
20852
26914
15980
17794
29326
46887
31683
7109
46694
31118
5836
23007
732
27176
13737
14800
19320
7689
33760
5013
15960
12228
44482
45505
13937
37266
2535
4013
43622
26889
4937
28983
34810
15952
37175
48398
25457
28682
40661
28392
12199
18239
27810
33196
9571
43869
33307
46707
21096
37528
28207
4446
48906
1220
8187
47103
27029
19425
38396
21511
17486
22228
3152
42229
6237
18382
31997
11024
43828
9840
9177
38526
1875
49087
19183
45627
30618
32852
7763
5748
15761
7085
5344
16294
42054
38359
43432
15844
41018
39912
29991
38328
45741
29597
49631
46563
45385
44654
34761
977
43602
26216
12375
49643
2736
6734
33590
17630
38480
44506
25707
28087
1104
15599
41017
23843
25454
21417
21109
11454
48694
33769
30495
43982
39267
37986
36729
39947
626
10605
48525
20753
27061
27052
18497
13373
36488
29128
36452
31920
9889
33293
19733
33042
26121
26856
8826
16363
22340
9991
12551
40550
3559
37476
31808
29801
34006
9611
32352
1277
8253
47835
35935
34570
6691
34838
17363
49152
22490
39320
25484
43539
4128
27666
42783
35490
10052
1795
2154
49836
7657
37754
45290
47874
14641
48433
11686
43534
31369
3891
23482
4440
30241
7416
23971
5492
41229
24757
25516
40717
20004
34233
47649
32028
23124
738
2732
16504
22257
11494
12357
31346
17617
39212
34258
5554
31550
43411
41865
6256
33998
10531
34910
3020
26917
13693
3961
45762
25460
5571
9290
12667
5992
13987
17831
38920
23923
43227
16792
11013
25042
19914
16207
41374
15779
445
46985
31175
16602
49476
28244
24942
440
17886
9620
49913
1329
31726
14840
38654
3997
10383
27361
38410
32599
42977
36782
23452
13382
4263
48496
12338
48011
136
19205
38256
27307
23142
24069
40452
49497
29547
28476
3911
9648
14007
37617
395
42539
11468
8492
16711
13238
13753
8670
24927
36144
39673
25429
29551
5274
18008
27263
49186
49677
15172
46257
19164
49396
9813
33529
49385
18478
32274
34033
5219
493
41082
10300
8131
13864
49537
19104
21351
9745
29820
24890
21948
186
32405
49227
34064
34212
12109
16697
5706
27785
46367
39198
4672
30982
8578
9673
38842
26204
16978
26553
33517
41613
27723
40699
16705
46557
37708
38604
41158
35510
2046
16636
28295
1787
8298
4637
30240
37186
31505
11184
40278
18539
15000
48912
35658
23389
21663
49690
34405
1306
22246
11798
28254
5952
35283
7100
10566
30137
4531
27757
8524
28230
4737
685
31668
10980
48511
43750
1675
10322
9231
2937
12032
41886
24925
45661
42513
4491
17452
11643
23347
11560
11948
18218
44659
33463
32126
31147
30518
13402
18170
16941
37281
43427
26511
27422
34680
46092
43662
25718
19593
42477
47405
16767
46214
19075
43088
33043
9793
34514
24324
31327
47568
12720
35496
23931
48370
10002
48688
5765
9094
47206
13893
33735
46487
35711
44253
13928
49657
31978
47238
32632
47356
41608
46125
29623
31547
33189
4227
7481
12169
7948
25199
7295
49082
38511
35367
25251
25196
28076
25142
22131
1739
18020
32763
495
2891
12451
24344
22129
7579
32451
46888
39731
25817
46227
19342
38681
5409
21399
24419
36138
47748
14850
23757
47289
29371
4192
41869
49296
24562
10282
7018
28373
41555
44361
25475
47571
43132
26125
43464
26497
30447
3873
36441
38351
28733
47171
16483
27417
1655
13769
38691
10225
9943
36599
145
12469
10422
46264
35076
7359
38340
6229
13093
32485
23324
40925
43761
29529
14769
45813
45972
2806
41875
33908
34918
34091
26782
31836
31526
46228
31952
6983
21720
38407
40908
24483
11331
40205
47580
48259
37413
24474
14998
40796
12364
47824
8553
13436
4989
22219
5693
12666
13676
23239
31207
17421
39885
5211
38091
10020
30903
46846
25448
641
44007
31727
5316
28550
13537
26604
28603
25627
19814
4809
18072
45554
11446
11510
41929
10977
9242
46296
19601
12117
2862
20660
44809
20600
1434
23362
44491
26414
1633
40196
39495
6164
3178
38995
13308
11213
40650
49128
5894
19301
39076
46293
219
9582
3523
14948
13464
42020
38094
49786
38494
4093
39844
12077
37751
28405
10054
5116
38721
20894
15399
216
46280
41300
30238
22735
7218
13844
20010
24914
30736
2302
16889
16735
32092
36471
13974
24371
5042
17342
46183
46030
33703
47888
1425
24033
1034
1160
41601
9638
33674
44072
9586
37589
13714
39560
20221
11822
45709
31968
42619
24923
7646
44577
16257
5691
2889
41524
7179
6328
45193
38535
38953
47903
35260
27163
38271
42646
1956
19052
9446
22849
12896
38255
48362
8735
15131
9183
23423
33610
35313
2135
1081
43853
44655
37938
43659
44866
2429
27728
45642
29707
43354
46419
27704
12141
26458
12616
17088
40932
32309
29124
36010
11094
41475
22710
14512
16634
36637
15022
38932
37296
38390
40136
38101
910
20022
1922
49252
25182
18229
22978
39502
16446
27094
47447
3770
46041
19421
49557
37415
38034
26565
7511
21711
7039
6851
35753
21920
36413
48657
13100
45194
22595
14110
8196
43360
397
19636
48494
7072
20957
42520
22325
592
9164
4953
36895
30868
13706
48199
34608
21991
1300
19109
1474
31180
22240
8706
22286
8224
785
27481
21855
45426
47387
36527
3561
13529
25228
31698
9458
10078
12201
48875
43172
9610
18998
10041
8282
49273
39970
25335
27435
26811
14993
31182
48170
39732
36281
7822
29660
37821
49660
1737
9161
17041
19175
10267
16309
779
30385
21081
6958
26054
16604
49914
3435
32824
3433
3824
24878
47681
34388
38330
12495
22174
30556
4481
16762
45152
40362
27203
37906
7089
2598
34694
30153
27647
6026
32088
37703
36291
16190
22961
26845
3610
44372
8575
18323
34459
17544
2202
33385
33532
36765
36788
8308
7036
25323
48637
15449
40170
29453
26898
9439
37346
30533
8027
15782
27005
30100
21121
33852
10625
49748
33516
1597
27080
12006
24370
38567
44425
7991
17835
23163
44321
47652
861
47914
47624
4003
38908
10956
24681
45371
21892
35402
40257
43517
2640
42589
32293
22408
22805
35875
13777
46929
25971
25609
41204
28625
29363
31509
391
10867
37653
19994
19341
17718
18169
32642
6410
10845
21658
32269
42752
5394
29377
925
19293
43682
34441
10903
34364
8888
39627
35231
37437
5890
38207
15189
10654
27360
18762
36474
20610
11080
19196
36422
12802
32622
18676
49330
24303
32721
43656
21844
11116
22334
27210
33511
47896
42082
14313
27784
7854
47813
2557
979
45592
31048
22725
28984
17723
4929
26396
43822
5568
49292
24369
46702
34864
46315
37548
49169
2379
20376
47710
11969
28519
9457
21101
44584
39500
24533
16099
45058
41798
1489
13072
10261
32316
28394
38660
43597
45611
2985
38754
6235
44266
41681
20752
9031
790
19085
2912
17953
41239
22993
6873
15576
4377
49844
12181
4584
24277
9393
22628
26237
10888
9377
6027
36131
29152
39827
40091
4185
20002
45872
34744
4017
38355
17866
987
38354
34985
14789
11817
19370
233
7790
48309
23992
37155
41842
10362
2532
4464
24706
36306
23721
16938
39202
38272
48683
11808
11543
24309
33388
36399
4812
37650
48709
19088
31104
10496
21254
38974
15828
22763
20396
18326
36031
11575
38344
12177
2768
34167
14428
16045
744
21651
17223
11758
6110
17425
33505
34709
44850
45490
42851
47487
44539
17068
11007
15546
13554
44041
23940
40238
41647
20216
46294
42206
23697
25691
24656
14724
49275
42305
12684
1752
35472
12284
21641
49194
31214
49766
1866
23614
38360
11813
31073
40366
22394
28915
33405
47481
36580
2204
45898
23056
6498
21577
47562
19656
19824
11134
6596
42675
38558
32335
26293
10931
26171
34216
15914
15133
17604
5667
48975
39956
9652
46329
37374
48857
48046
20672
15500
29657
20503
43447
31246
26152
22484
37246
12693
18319
47251
27599
22726
22341
39661
45248
43116
29640
15073
31319
25645
8839
30698
34914
26991
1856
1803
5730
20668
10231
16955
13815
24655
40907
42678
7104
12521
14107
28939
18371
42769
417
8842
12135
9848
1319
20319
23959
4030
45422
6436
44443
10815
48206
45434
26013
49599
35686
16992
28123
18819
45009
15543
31782
45333
37791
45317
3206
47623
100
6050
33253
28106
527
18000
38357
7286
21997
48673
49264
19926
3258
40860
13250
2317
19103
2483
2084
47551
30140
45473
13994
44672
38235
41626
16770
34773
11488
39188
45308
9438
33193
18248
6875
37871
45499
42935
20325
13069
40517
11717
28615
13222
17859
16527
4199
44017
49852
22766
6524
24122
22798
39642
30616
48871
45027
64
36617
12356
49310
27780
21012
41359
38382
35287
1686
23954
18880
10212
2023
36060
7010
12875
43971
46383
2700
30398
49855
34000
23028
8350
36476
12470
41044
2166
3579
3062
42197
20378
34701
46061
16287
27566
10517
2666
16336
2561
6326
7065
11759
13747
17150
8656
20698
22267
25174
32850
2500
3705
19372
17991
22938
28747
3511
35548
342
3074
20681
2437
12526
37087
1207
9788
7884
6934
8793
14062
10920
21516
23123
40819
12574
20904
5814
49755
36721
19084
5846
23913
13055
1342
24021
13652
22731
38525
41912
39523
15510
2691
49652
24117
24651
31121
16359
48195
32409
16592
20819
22098
15213
48795
10534
33476
18384
23683
46391
3957
6811
10411
16783
13957
26254
36313
25783
46751
3725
34807
16142
37994
39208
16083
19775
32730
42850
21573
18979
48579
16187
24088
35887
15815
16838
29944
31652
21480
22224
27514
1639
39590
28855
32441
12261
18559
44934
28286
19393
43485
9126
32345
42407
22709
47659
32827
19163
22842
42118
14283
1775
39082
10578
33851
4701
27779
26745
8626
42555
5996
32514
20850
448
37975
4343
22768
35191
43100
22826
39964
26521
41822
3151
4290
28554
34408
3882
5958
5085
42505
22455
17734
45267
33990
28103
6473
9390
21082
37863
49438
15275
2170
25393
22884
11437
44343
30856
18232
20970
18228
40268
36681
44289
44689
45667
43756
46426
42654
24019
11210
20390
42809
34780
22450
30800
2292
31266
33678
8999
29034
39415
455
25163
14450
2079
20697
34294
12400
26365
49452
17895
2088
39723
20344
6515
1231
1927
5367
43332
45294
7319
49081
3455
45768
3050
15468
29573
45951
3716
44392
28504
24795
40787
27430
33135
30869
12988
39114
28016
34814
20846
42390
39055
31882
21687
45654
9266
11221
9277
35379
35635
12021
32957
42135
32256
18118
48253
44971
35841
26785
6922
1814
27580
26642
7519
41340
49161
5064
27116
32572
34392
42312
33382
33375
1632
14464
35099
10037
7225
23219
3054
37239
10526
6442
29918
39429
38418
12847
26052
36196
37659
47950
26251
45837
720
39810
39684
39277
24639
47413
29782
32800
18589
20059
7980
739
3676
5495
23654
40672
15542
423
30792
14006
38755
4797
4760
34714
3032
31664
21747
48628
28421
21571
25822
4875
32259
30254
8050
41801
46521
39580
8390
45901
14975
30270
25205
44720
16912
27665
42389
18540
15234
40757
35817
44553
22745
32127
2111
22499
48759
6605
34584
42578
37830
37168
35757
35951
45127
15993
29332
24680
29404
28722
36110
23505
17915
40433
380
42196
3225
5330
28404
26319
990
23443
27356
42683
23604
15923
4483
13096
33217
44044
14304
43035
3421
11145
2878
41009
10883
44411
16958
40355
6817
28319
34041
27271
19462
5935
36561
23768
22012
29887
11004
666
13764
39744
19680
41901
41641
21178
14094
16948
32715
36484
25687
30766
43071
8250
18634
5906
38100
22869
6598
28675
13165
9403
18931
13671
7714
40020
8269
43031
22191
41181
33936
20079
22271
17406
38127
13716
12927
14
17971
5662
46143
33654
32012
28231
24758
15173
38680
33446
47550
40165
8379
32453
13832
49543
7605
16461
27174
16420
1987
33767
47980
28587
15490
47502
41689
47628
17264
14558
3798
26079
4942
34675
12166
49738
35873
18173
37023
14363
29102
9221
28796
47759
7246
18191
43553
28078
47142
10820
47464
45214
22814
33733
17555
3782
33593
46103
42052
21369
37469
47409
35213
12126
37546
710
15700
7076
28950
11880
17797
31814
1871
44824
27136
11522
11683
24260
42725
39882
46828
28511
29448
19602
18636
17810
36503
1918
46842
45598
38810
23953
27173
36288
33301
18910
42962
15705
37591
1022
6323
26581
15296
12345
798
11742
5088
16848
30885
39185
14526
46957
20526
16228
33607
29849
10009
43667
34444
8900
4324
14854
18891
11910
35859
5417
19823
27690
14418
1223
24640
11929
42046
40419
31767
29797
22125
49142
9486
8048
35813
18562
25526
14159
45931
30262
37121
13933
19495
10778
13113
46964
13563
29714
15105
997
48969
16832
44671
9102
47371
19813
41568
11286
21039
46559
13386
4840
44172
1317
20632
4345
31309
12405
27989
33548
44148
46305
7140
33036
48902
24728
30415
42569
39113
45976
6872
33989
14545
4247
33392
5132
14167
38516
31912
17858
42296
11983
41730
12329
8289
29087
42956
39191
40664
6261
49754
45668
12200
35723
19652
25105
40586
18101
11980
39315
44451
13148
5711
86
35637
30769
11839
32758
22667
7780
32046
891
2203
49037
28824
13805
16276
20596
34389
41881
30845
27639
19150
4473
39720
42028
15796
783
30842
27373
36738
5834
15497
24272
35403
37599
35001
9765
12050
3990
9651
45550
34157
34655
680
11487
15084
35250
4330
27448
11460
10428
43142
6863
24567
24454
44500
5389
22618
36030
5817
33780
48856
41342
30688
22557
42133
21956
32809
43972
13038
39183
18431
30815
9809
324
47302
11927
36470
15104
48527
20650
10202
7560
27504
21924
41354
21911
45372
34625
19046
3428
35990
8228
20159
13350
24179
49560
31728
35089
16441
3282
5215
6366
29602
44564
1216
20452
30459
27744
11342
16308
49549
3592
40369
33014
23359
39569
44385
24810
38361
18470
2793
16982
15969
48327
35986
34990
32311
12207
8711
1516
46786
33901
1143
6415
37376
1241
30765
15504
7069
22641
42697
25863
11476
49010
42076
35914
2993
48739
6629
30558
5165
20824
4479
14661
33694
31215
45425
49994
7348
4193
1854
29010
24582
18875
27557
25426
35646
35227
43187
40483
4818
3001
29976
42794
47875
25022
14720
26689
2436
35385
31544
18343
34518
48031
14293
29814
28975
6797
24550
22218
23922
7952
38530
14196
24049
1578
49556
6145
49422
37536
32435
36553
6929
10226
3444
46679
49384
26946
34660
31380
45483
12893
8029
23534
36423
6699
15141
38960
16430
36219
19663
27258
46130
46757
40041
36948
48632
25444
3886
17655
6698
39843
37544
34566
46838
472
48716
9541
36894
33050
45699
47455
39138
42156
32770
38909
1881
44799
3778
28758
1285
28749
9618
3641
4616
99
16708
8164
13949
48225
34438
13180
10474
49404
27326
9334
42030
15764
26019
16743
46574
15410
46640
30607
26057
28121
44711
38917
7339
5199
4972
25799
10798
9069
1230
4517
11419
25517
13980
36018
17423
5582
4335
2679
42875
42982
16820
46540
5346
47584
8167
458
2042
38457
18085
29138
36577
27063
49501
16443
32979
19174
38124
42159
31611
16487
48823
26436
40930
6594
8889
32226
46718
26178
35876
41760
14672
14477
34085
18465
5615
9511
5721
4066
5821
34520
27865
25178
36771
25005
48107
5413
35159
39747
6184
40896
44948
315
38951
5420
33443
16181
17943
48356
41745
27751
28473
7025
38722
15991
49453
3712
25805
12467
436
39301
16275
41069
10573
41496
16288
29495
15985
19913
41752
2811
46451
37263
22836
34983
43675
1876
22850
46870
17038
49239
21383
1377
2684
26091
11899
23133
19626
39302
31209
20373
41667
42805
44700
34357
11968
29718
281
1807
13147
14118
18602
33061
3113
8522
28858
36300
46530
35423
42920
4141
12879
39953
15323
35871
15640
4421
46
1714
44223
14378
40256
21654
28659
12829
268
1246
4622
36193
44264
21846
30367
32892
11081
510
34682
47963
14478
16853
3338
32724
2915
26976
3179
36406
33106
29477
4307
2934
22236
26314
30112
39727
26131
17601
29382
4599
45419
5445
44780
26294
7564
5942
31277
6778
30659
37478
34785
18065
43536
27285
6102
15360
18401
3633
38029
8954
1926
27568
19263
41632
29094
18499
40809
8418
22280
27671
31654
16648
22055
17976
34923
6316
7445
22254
24606
23450
33233
45266
14429
42449
32816
15682
43719
7455
10495
23344
38305
18600
23245
40541
43789
41458
9123
10312
33143
40052
22452
22987
47297
18935
21594
39148
44575
11387
30388
18491
5546
2907
31777
12623
43378
6423
12888
46208
29762
24859
42230
14813
18918
19623
26041
48684
9612
11537
43999
33100
22603
13189
10701
3484
31364
40602
4098
40292
47362
15837
13293
19358
46894
35619
6713
4934
33025
13365
18511
23410
29771
13023
8845
46404
32905
7553
49572
5066
28535
20554
37107
25348
45466
28616
18448
46558
7452
42782
42985
12870
16023
27680
47654
46534
28506
33102
35735
20927
39763
23787
42810
35670
47484
5101
34166
27087
36414
33236
211
23648
6105
5553
28501
32288
19564
15590
15005
45726
21249
41938
28400
13849
3896
39241
47064
27994
49935
21158
24094
5392
24402
47227
21452
5238
6847
23259
46498
15885
6375
45778
21487
34596
32909
5502
16533
5753
43487
2863
26383
35456
18968
30048
7066
17610
40053
28109
21319
6805
3755
24720
32220
197
27355
35958
10514
26406
40144
27743
35168
44816
48172
11600
13845
27815
5528
9657
17804
26333
20976
37920
32926
10129
9040
20335
45615
3777
9169
2726
35542
12576
36382
33609
31569
20180
20573
20006
16628
10858
18372
33797
36980
21102
2018
4038
6329
6010
37775
49477
27105
37177
43771
39665
13474
47996
41478
30665
36273
3981
48431
40775
15118
15102
425
10491
38529
2952
24708
34643
2076
47444
3148
47201
22626
42889
45771
39604
17071
24627
8422
6672
25981
8552
32367
42594
34430
19770
16051
43500
23382
26479
3701
27783
44547
14814
41305
33560
16528
25611
14455
37408
14735
40619
2340
26919
14411
44305
43352
33195
33462
21861
37965
43148
24602
4956
34665
49158
32270
34319
18273
11040
15986
2344
49046
36504
35017
48311
2695
20782
24828
48043
38014
37106
30937
8667
42964
5865
18360
42291
9928
29108
19288
33932
2104
2728
48298
18530
29653
39533
3088
21153
14219
40400
34069
31901
41025
9545
7630
39236
18154
38615
26233
20801
35486
20538
25833
39987
33923
33728
15398
33935
26040
9933
19709
23936
44228
48038
33445
19686
12718
40414
11204
42464
34190
37541
17197
5001
37208
19841
43707
48714
44969
12210
44556
11038
37054
16784
27741
21901
39417
37008
29414
27652
23376
6729
22244
48197
10298
869
3860
11329
45847
16229
12334
41814
13173
36600
21737
14897
7346
26439
19343
38692
8290
17021
7687
44249
40744
33580
4285
23503
5635
32254
43841
32524
45298
25144
30582
17401
5663
40039
48418
21772
12971
2518
45128
33308
33345
23462
47689
10824
43437
29401
28285
43488
41059
18807
37792
47220
30501
14689
19828
47285
29978
32512
45512
44112
34638
18046
44546
41096
21300
18894
38693
46677
1364
18605
40506
44197
22894
45392
28991
35073
48267
7154
39347
16769
19553
28323
6266
31158
42434
29074
24522
21736
31023
11214
35415
40910
24645
10921
44623
30387
7541
36266
16442
46134
60
47758
26843
25248
35672
9047
29314
14332
22876
26654
5911
28961
6445
14209
40246
46714
10859
14000
11900
41437
24409
15363
13223
21453
2035
47621
37539
46388
2962
22860
2676
48710
38492
18770
48020
40103
6257
24056
35219
7802
43237
11061
9515
48090
5617
38496
32868
716
17428
28804
43940
44977
33916
13258
3834
46983
34728
34771
45514
13518
19173
42194
33919
35975
39965
1650
42288
2466
7600
33057
1995
31581
2642
16210
48791
13551
44980
19404
49894
15642
35579
24909
27958
49719
32490
22517
13677
36054
43164
3070
4961
32244
22411
4081
28592
12242
18767
8168
40006
4836
21952
5833
32629
37850
13754
4447
40131
15886
22528
26105
24317
3555
36514
33164
28363
35492
21411
13606
41479
18250
6314
21209
42704
33825
11012
39496
23595
31575
41520
21517
33568
27572
27655
36876
2950
37230
49448
322
30253
30716
34961
3655
6650
44257
14584
33527
6693
16447
45428
45774
21609
20953
33455
37763
33424
9110
9304
28272
34550
44341
40133
1772
25267
33896
26500
47096
40363
17365
39156
49445
1757
7937
18166
14142
47461
46531
2115
15951
47072
40692
10678
9565
35291
22060
35382
33564
16478
41956
134
679
23795
46848
15396
3545
8764
18432
4772
13517
43699
4412
49283
37386
29009
14651
18766
9834
4317
37086
31669
2616
11207
37805
26137
5385
7566
13452
17709
2291
6420
6722
3294
39805
39867
12047
5431
36342
41903
34265
4211
28407
12057
9630
39940
11996
25631
13854
43819
24393
29179
10960
39344
46906
23025
33689
468
41610
43988
32118
19651
20099
30344
35577
12734
433
38090
28482
48671
39209
20486
29455
887
18412
19818
22828
18115
13448
32471
34024
27742
5329
6513
2267
44942
6128
18265
26877
17085
49769
41480
40729
6936
45563
37640
5857
21694
21536
35768
22563
2699
7308
10152
48669
39265
22422
30515
6740
49826
41683
26810
15157
13499
12632
35673
6320
48426
14653
7331
30014
6795
46865
36678
34926
16237
35690
15499
24138
48085
2980
33457
16224
44673
32233
29327
25003
30513
16866
14422
26879
29610
25011
47784
18484
26223
38209
12149
49736
31322
28658
8085
29690
34626
17210
14189
5438
14873
23665
10253
43525
16757
21150
6359
8755
8094
31283
49966
41750
29085
47511
31871
20849
25401
420
28360
27826
17043
357
21504
20406
44005
4824
43661
39639
23876
4049
31584
6927
31272
8854
6642
10320
48740
4085
32443
11997
35019
27158
42853
14216
45700
40209
25591
38731
28143
31352
8034
34222
8086
1548
14290
16456
10000
13568
28696
38948
49595
2946
4991
42787
32275
43780
37990
26790
7403
3051
16709
29516
40996
45954
20263
12540
30093
10275
38973
9957
43652
39426
36475
46436
8046
43080
18927
30031
28788
47176
28145
799
19
22251
11174
23002
23445
14105
49247
2838
36400
10309
42026
25030
10879
42181
46295
39144
17937
10479
37470
29217
24073
43231
33808
21228
5844
6354
47010
35102
34354
337
22678
19549
33870
36519
41461
44082
49545
43737
21538
16900
19843
49410
44156
10272
38221
46086
22692
19852
12614
14963
24172
29919
31811
2553
25166
20392
27962
45347
40060
26158
45686
1960
29501
17308
2406
16369
41216
12481
33508
42953
19529
11637
41492
34523
17813
17776
40536
23699
45712
10631
39891
42996
11534
722
44417
40142
13798
28429
32406
17782
17311
13733
3256
9705
5303
35864
36301
706
46326
15561
38019
43823
13405
12972
18053
49680
34187
35810
31585
46761
21481
17188
37802
1248
4975
19395
19045
46597
21482
7310
49060
31671
37038
23021
12957
28581
10567
14407
27253
9740
8101
580
631
47892
21702
17001
33316
11187
37922
14499
11256
4747
45895
7843
25907
41107
33335
17431
11627
47017
22986
49744
4334
14744
9187
32718
44997
38159
24165
5566
9037
40335
4792
47999
46773
25914
23340
30498
15169
33972
31130
6083
22550
26357
10691
37171
24557
29747
23919
29151
10363
21735
1801
15547
12760
28828
30631
35122
3402
33572
12408
38996
41338
15386
19411
2849
3291
32238
19021
9929
20740
25748
13297
3448
30572
40755
46313
45230
42174
9534
17865
13997
11938
44735
14630
20082
45869
6952
22712
14907
45531
16305
7487
49739
39434
47470
1202
7284
9104
25802
1390
36111
39180
10680
36904
16013
44919
44496
49013
15484
35880
20196
25253
27795
1075
9829
23656
2841
8876
14434
30113
18291
16396
17052
12407
27372
29312
23817
47150
8606
17275
30977
19886
800
47781
29004
25880
1539
29500
2307
12776
791
10107
36813
2497
28773
6878
17257
10671
10010
4084
40713
10563
10446
35340
20892
39539
12923
36238
2168
17111
1943
21585
35558
30692
26780
6591
31467
47865
17615
12859
27843
24636
48181
26197
43926
38218
6503
32083
4107
37814
388
4851
12446
13496
28234
26008
28814
42638
19369
44818
40344
4331
41489
49075
2936
49789
97
25330
47587
26599
38756
16953
16078
48446
8405
15093
44686
35916
32059
29200
20802
27403
34315
16700
39483
7661
30143
10853
37045
18079
25701
28537
42472
44226
11274
34082
39884
7422
3936
41663
20129
23233
19935
4492
44882
37673
47785
17194
34986
23113
20583
26247
23253
39717
45449
49262
8946
14522
44674
20502
48396
28178
10281
33538
23232
24473
29158
45423
20653
8702
28877
17519
46157
14654
13826
44987
47752
6689
31018
23565
21233
41853
9754
38398
49908
4
4605
8022
48570
48051
46560
7231
20835
2780
2941
22260
3572
20897
13372
17504
20616
27517
38674
14496
32769
6956
7184
22079
43701
45566
42703
32603
39269
38822
13507
28505
19687
31719
489
1273
31469
30504
10228
34560
49488
11925
41502
45222
42249
33469
17097
39989
7352
11251
4170
40767
47456
11199
35540
47178
9170
569
19714
14144
15298
11417
15883
25675
25676
10218
18797
11991
857
17791
42268
28597
7857
33715
37732
44890
6542
43600
21899
9042
5779
113
27215
30350
35586
24137
30020
37174
18275
30099
27980
34139
47872
40851
4122
23524
1776
23274
41208
28064
34348
38423
46068
11720
43581
1794
29147
14919
3988
26032
24441
20141
42264
43392
40104
6809
46035
31406
32140
5362
42775
26988
25451
28191
48118
19373
46974
22920
16819
9711
8063
20695
17531
8375
48442
43185
39596
23753
12685
15734
16259
4695
545
39432
35335
7287
7732
9960
5172
3004
49900
1132
9250
5683
21508
41827
18862
12330
16289
1945
1180
5207
47233
43110
39487
15042
9998
31845
9642
35978
42106
32363
49431
49397
49053
28632
43117
16581
19844
4396
23424
30057
38676
49119
11380
26660
27204
30354
32736
39778
40174
32021
10753
41385
37550
28633
8246
46903
1508
48367
41105
26768
46335
63
44685
10711
8193
10669
5490
4044
12259
15787
4882
46269
1657
131
43521
37151
15249
3505
9478
12726
14124
15730
26927
9410
7665
11583
41329
385
2441
34022
30970
34857
33220
45603
4056
1056
20231
21074
40311
8206
18120
25708
7638
14289
38312
4861
49915
4736
4651
8176
49049
7517
40442
17706
47448
4075
4519
11559
2611
4799
7805
10291
37553
44972
35078
47184
7603
7772
34256
29318
15607
23469
26781
28709
43345
29299
45432
14482
16416
29136
7390
7281
30671
44380
46166
42814
23103
31233
48624
29426
19026
20758
13880
36700
5084
35988
10604
10365
43531
44192
7621
18125
8004
32515
26688
7111
17526
10480
34762
42280
48470
13892
12465
7302
25521
27561
12479
36312
29539
8810
40575
1778
33669
28761
36589
15752
38556
270
31115
34815
48231
12
30264
3314
11562
22058
31394
23137
49089
42784
3765
14431
15664
20816
42498
4022
19855
26038
37527
24794
1891
31703
2151
1060
42373
27008
4689
42387
48092
3106
2342
20674
24938
12644
25438
3848
3571
15204
38572
26004
43621
42710
43714
36798
29749
6324
1269
28416
5096
2544
35897
30286
3454
19254
8983
42662
15821
7433
15139
5545
25254
47882
29188
7338
37143
48968
18951
9780
27715
46248
43865
29109
19375
22585
2138
1464
15592
39254
26693
43248
45217
37414
21183
24026
33643
27867
18243
42435
1117
3721
37047
18142
18711
40532
17841
33035
16919
23412
7278
43156
774
45719
17230
13613
38476
49047
38431
13194
45149
2484
27585
4027
49763
13393
21796
10890
31367
12980
32927
10284
12475
26229
29644
33673
46565
8213
30980
49821
27365
9260
42506
47520
48455
32062
26288
9449
17705
21393
7377
33113
41678
49570
6296
24537
21624
40928
29257
31189
20560
35853
41580
10311
40981
49552
17292
16851
46285
19260
25132
28049
29474
47418
34582
41593
43362
41370
1018
48536
42177
33409
21372
31898
40198
10554
33444
4248
42143
1662
16863
47778
12850
25626
38750
18137
36229
2568
33059
42841
42184
36231
7492
27849
13348
16808
35153
24824
44807
39645
1964
25912
44910
30962
16512
20832
37844
928
31013
22619
5645
18694
42495
23679
34725
30231
19036
35702
25026
24826
5589
42113
18974
11891
34478
16246
8436
30489
17908
39677
6821
9627
44872
8648
18986
42161
36154
31996
33830
25193
13456
35454
45790
47326
46051
19613
27370
8794
10070
42997
6258
34897
22582
4244
9020
2521
29546
7844
40868
8910
43763
13385
38821
19882
28017
24182
22553
31553
7748
41961
22965
10310
11950
44815
49611
39331
45703
29190
26388
15639
27197
5967
17069
44139
10453
6843
13437
18133
35376
30675
8142
33837
16413
28313
9378
11425
19502
30626
37571
1585
8429
37481
33258
26929
15927
7614
41254
24341
9654
36042
30709
24815
6093
49394
11804
36812
4561
43593
49124
1971
39104
38594
38306
9425
14095
27073
2682
48843
18487
8989
28263
47602
7911
12260
583
4223
1011
27818
3870
21995
15332
26723
44769
48610
5627
33964
5452
43374
47934
35334
24404
31576
41084
29924
49593
8815
29164
27663
3110
23438
28925
7719
16339
33096
9052
42482
15489
29911
24617
22875
16106
24077
24162
13542
34632
38599
32208
17622
19155
952
2370
18292
10854
46517
15598
4850
31357
40710
9329
20643
5050
9888
29357
12692
28745
45714
32431
11723
3323
30945
10966
15464
35829
6150
7743
40595
44568
43223
19040
24805
43032
5802
34713
9599
13715
30091
4020
24104
729
25674
49308
24092
42304
22038
44535
12837
2600
30214
34558
6028
19228
31771
28498
42919
9415
26547
27786
40556
20818
32500
23205
48971
3527
7118
14773
21755
9650
47343
43076
29142
26906
22929
16828
3585
22182
45684
8795
6483
8977
29311
10053
38111
20066
33228
34790
23978
44337
26600
23360
43933
8937
32790
24729
14550
31939
30921
3229
21227
41536
6190
42341
2547
5746
23078
3326
8590
35924
38829
31620
5644
48552
1162
26678
2280
1557
4385
3652
47068
19875
10930
44802
13971
6419
47566
32446
18708
19569
37573
55
47146
31427
45624
4685
30081
2435
45879
43519
36320
13493
42372
19953
27562
38077
19017
2167
6996
43741
29224
26286
46592
47242
39961
11231
40937
41446
27512
22782
30559
32050
42356
25479
38489
20490
28168
11018
6565
16379
29435
14273
34720
27436
49574
34122
8015
27695
692
23076
34874
27325
14900
7672
36375
14750
14143
1923
25670
15978
23918
38241
28004
29342
13406
38199
34536
3422
1380
5338
3625
31599
29869
7314
13142
7847
21912
10855
14583
46382
26767
13684
5575
17769
18655
13320
16896
36541
16334
15346
38720
49632
39520
17294
44782
40000
49146
9135
29191
10857
9225
35973
29370
39414
30888
7565
48059
22588
36083
2652
34622
3457
16219
48344
41721
26426
4642
27914
40468
4789
13119
21061
49352
30228
42823
43951
22021
15342
1426
16782
28759
49688
45144
40630
42796
13416
19906
16728
12360
25809
28907
20592
45825
8957
25153
29949
33285
33471
9860
45928
20492
38430
10500
48504
18651
48855
49525
35819
3396
6121
37127
13697
1514
9968
6383
46162
13465
8988
31601
19643
8772
21301
5938
5472
22975
10442
36098
4873
1976
40479
7181
6119
74
42391
22939
11516
44563
32602
31473
16803
44243
16911
23605
243
29608
6082
13265
43640
32921
42702
37188
20542
25785
47386
36105
40289
22194
24801
28536
8907
45834
41417
27884
20589
41531
18915
17267
24286
37270
27315
18598
11431
41597
43233
9389
14149
42845
19489
24451
10104
21003
17062
42008
1847
18320
28735
38860
25380
1767
23606
26474
34208
44613
2492
49958
49919
26515
13834
22406
4992
24960
27571
27006
41373
7677
47509
39806
31325
18224
43949
37839
2714
12093
17625
45239
36126
27050
43836
6259
5772
18314
11635
27500
11753
25909
19726
41155
43762
32285
14061
37245
15744
11162
13356
33539
42582
40172
3672
34070
41483
49220
235
11546
19116
35141
2148
5315
8439
24293
17079
44142
4839
21429
41617
41008
38085
10485
36345
15891
2127
3920
22409
45462
44348
18164
4278
11540
446
33549
8330
35157
30275
1305
32648
36603
42876
14460
23845
14534
16353
8740
39513
13467
35913
44415
49154
11890
9531
43915
39046
33452
16007
2767
26058
31124
6032
49964
25034
6114
42895
21403
22580
40465
36887
27891
28397
49606
31807
22306
34347
22621
19612
48067
49797
13577
6896
38871
40765
31875
144
7274
3687
18950
25850
7523
3453
6372
18729
5614
49774
26837
6208
14562
16593
22487
21283
41163
3155
31256
45066
32196
33647
44108
11832
13942
43575
45235
42497
6356
49237
10822
49995
32998
1707
2274
717
20785
13327
29738
32576
47486
307
37973
34100
15288
13836
8236
33230
11333
42797
14380
3933
46042
37840
21786
36210
13092
18313
23727
9540
2981
28572
14894
49539
35957
43006
37146
7134
5186
2421
21133
10005
622
6606
26141
37592
43969
43285
37864
28220
5227
33400
10696
21932
38562
41415
44843
28656
48131
2563
40204
1308
42674
22576
10647
30298
15743
40130
13796
38706
48006
4108
27633
42077
29668
31116
28229
47063
34046
42989
32085
28628
31407
38118
2398
6272
18760
8061
41262
13419
40954
44064
27702
43509
28988
9709
39295
27141
21122
21780
25485
32222
35069
10206
34900
16105
35931
15251
19157
37
3922
44765
21703
45062
35709
23878
40071
43109
10546
48150
12331
25995
2479
49423
26270
35163
33533
35364
25575
17017
9447
36180
4709
1440
25369
40855
10447
17151
7296
45067
35058
34543
28514
23477
13175
12253
48127
40914
24879
7495
48573
10304
20797
49716
48744
31658
350
33922
32156
3938
25617
10870
30909
20308
29696
33215
32885
9827
11591
32106
18977
6337
20351
25018
18041
13070
3059
21891
14078
13155
28564
37212
317
17982
25585
12848
42937
22350
45198
33573
4923
48640
26538
22685
24869
40263
42700
27426
40738
31697
13060
20928
47298
1042
24241
22806
9286
9756
40063
9632
33822
846
16894
20023
20495
35267
20812
37319
47013
28837
27042
7370
31245
13768
27601
21535
2431
49389
36039
23775
24296
46153
44333
4465
9624
9852
3259
34801
49562
43978
31053
8754
29139
12581
43040
39070
12869
11324
14896
6098
25367
45590
18962
22629
30324
27031
30757
35152
29605
27872
10659
12958
8336
41674
44662
44989
17801
23170
44772
31798
4301
7923
36581
33477
37158
3803
11841
25968
9844
33028
41858
40486
41149
38072
7141
43526
16368
1146
37934
45219
5668
29621
24458
797
48387
37429
10265
22213
2055
22878
4462
1383
49332
30561
12447
18186
43943
9080
3082
32
28089
34025
20083
49873
21377
11044
35570
15051
17924
46261
7942
38002
38115
13739
36877
2996
22966
39409
38370
24375
20744
46536
8349
16505
13484
49534
3182
24604
8262
27462
12420
40704
29479
14352
46149
35333
44750
17910
35622
48032
33648
17076
16291
16852
25963
27138
34010
22019
9805
31056
760
45722
9308
47732
44194
12826
24499
29229
19180
21280
4971
39161
43532
39804
40097
35233
43194
37987
39363
17880
46421
5497
25610
12839
22679
9992
6239
18698
14691
47803
22948
17433
33120
54
31047
6979
47414
15248
11037
12766
3594
21437
27969
1344
39589
18743
4010
29154
35838
7594
40637
48894
36906
10513
22715
12130
37132
8895
46266
45134
34715
36754
27181
30865
21704
46310
43435
41212
31792
18059
39327
44854
8614
10961
35315
28778
40329
39120
34126
3580
38125
29236
47489
25734
24430
47
3697
41110
37421
29480
31763
4242
7292
42866
3566
2721
4209
41050
13106
39896
12730
8751
20042
11657
7326
43558
2448
24908
49475
13575
5685
21626
38831
3296
31570
27803
4945
25957
46936
17875
37063
43484
15012
18909
37247
20872
42059
19416
25277
21389
30175
32605
36412
2391
20415
26190
27277
42992
15508
24613
15651
284
12275
8790
45907
4646
444
29385
37982
43161
27738
44124
46001
3695
7489
19624
21695
23351
12853
47958
37524
27423
12968
26517
30911
37283
18425
14547
20528
3637
31068
141
23676
41293
44040
4190
24254
11389
39002
11219
36972
46991
28187
1653
41789
12668
42412
3748
12044
44751
1745
34730
94
17691
26083
23749
32448
22134
44679
48713
34026
3513
49163
4583
13682
43404
3859
30614
11631
44390
41226
22209
34946
27762
44863
12798
41462
41247
7610
17229
31372
36152
1217
3131
35712
44559
396
24669
27489
38801
46403
35405
20481
22908
27879
24693
15295
42170
22870
39887
40341
44808
28150
25697
46606
25384
48002
12939
41120
23576
23356
43843
45657
39937
25386
38293
13877
20370
11676
2313
17159
10995
42952
9785
8915
724
7054
47840
36322
48207
1140
22002
44915
47094
43700
6946
47618
5733
45629
40485
12763
26226
18090
4390
49831
16021
31964
30500
25923
29422
20630
5454
36710
1718
9452
26646
3520
12653
11654
22995
29280
39950
10448
2491
23212
45737
13130
5234
29844
5061
32385
175
32029
4229
5704
35849
14668
32243
44823
31971
20184
10540
18270
41500
13005
45417
34481
31863
23249
27100
32355
2153
41642
15361
25127
17496
33894
35004
21206
4997
8963
18245
28655
27235
36523
848
13294
39769
44522
1456
33303
26012
20504
10018
5850
8240
24068
3202
47214
6362
4652
1813
22439
13225
26948
42295
22075
16109
24834
5596
42737
1667
27729
30051
36737
26836
1831
12561
45743
6846
25621
39475
28768
47647
36963
41175
42921
18923
37597
48481
5345
32102
22546
44399
29292
45570
36057
49659
2574
13164
49104
31178
39330
16277
11071
30658
1834
7524
10477
49706
28765
2298
34967
9091
20803
22984
44581
759
2835
5874
22000
45660
15535
14987
7479
26271
27111
712
45191
20008
32793
9057
39829
44867
31849
25857
20061
21633
28181
41442
30714
37042
525
9483
170
12182
34971
42812
35639
32752
18731
5177
36506
26786
17448
42385
19463
17606
3237
38216
39959
24970
43594
35161
43180
16741
30710
11924
35632
45257
40519
14615
10982
24799
33701
42098
17349
40511
7462
20794
30328
12608
30439
13842
24004
47320
9865
6796
33657
16882
20256
21534
2199
29881
10042
7883
3483
45849
4633
40929
31376
33079
9417
45506
43533
2701
32496
19919
39793
34114
8958
12118
36290
49333
43339
24376
3479
46746
6614
48403
10369
5789
23126
13438
16669
31040
8969
9208
37089
45992
20289
12984
31083
1135
29078
21870
42340
6331
34788
2247
17271
37353
40686
33167
23609
27208
38808
204
5335
26525
25689
18773
14648
10256
18714
20795
10536
47457
24058
27499
14521
34050
41330
17643
28309
15196
49608
37946
17149
11936
28669
33795
42409
25598
46579
14096
41375
7791
2268
35346
15647
18670
31613
9855
23859
29754
39853
21019
44300
4062
32454
36013
1487
11724
7999
17612
32437
26480
6263
47198
34662
26869
31696
49579
20565
2933
37887
42298
17660
48703
13288
47695
15379
41302
16805
29876
30358
21011
21576
41191
1495
4748
195
7567
39587
33001
22211
19314
11432
38806
14903
30712
20346
3845
36538
27413
13935
38083
48830
22042
30956
46806
49107
37370
10051
37251
27503
34760
33890
36498
25781
2997
16729
6938
37014
27625
30323
42074
9563
24388
18856
19394
13000
47126
6116
47110
39391
22833
15569
18005
143
44203
12601
5031
21341
24443
13884
4738
17177
24041
2943
14810
10633
12775
36942
19499
28378
12148
689
25972
35511
25683
23190
26777
39305
47037
7555
14620
29509
19917
9121
27418
9741
36998
41350
40572
31050
18763
14513
46283
15313
3107
45342
16324
26806
20058
30287
25992
17949
21650
5864
47868
32230
4382
12283
49847
6635
6042
18192
10475
21356
21181
8385
8709
16704
28435
38507
7786
16665
2442
10123
29506
10658
43963
39215
11904
14847
21430
26123
9259
35582
5539
46078
2670
40750
42730
1163
5536
15636
5783
11178
17870
28801
36719
17362
26561
4853
35309
19402
13085
15922
7473
48117
40061
19630
20480
44734
18640
7279
20682
6908
994
39454
7580
28336
44089
17026
23547
26345
23058
49939
39710
9557
9209
21199
8918
46793
30032
6021
23052
1097
5544
24825
33827
25664
6546
31885
45291
31694
15791
15602
16093
40032
26409
9229
7203
26290
38438
43163
14758
3442
45734
9552
4716
31925
4938
8264
6999
40180
12155
24697
30132
3064
18761
47724
40818
12520
43369
316
40073
3360
10756
6758
47160
34415
12088
24186
2928
5241
2904
19668
26588
1347
15943
14322
21033
3837
29853
9914
34816
47936
33095
10487
46129
25124
28951
18295
43628
46358
9469
46667
7799
42107
45033
2731
32246
44717
30731
18899
43961
15983
41054
24142
37593
15751
43111
20703
39261
32972
44433
18190
40793
25215
4112
36725
30584
13048
18385
20301
22127
40725
13259
32044
25737
42494
18212
44038
11754
49170
17946
42859
19225
35280
30717
46076
6835
21016
4009
37113
7528
21653
3519
39311
25558
5255
10334
9934
1044
39247
39711
36556
40570
9466
11812
41282
48123
45112
9484
20741
34047
28871
44955
1416
2774
38544
35018
45447
23491
27579
20441
42286
32125
8641
44387
11835
5102
48361
13838
2345
17950
5968
29732
27028
40156
1178
9017
37313
32986
44103
45177
23015
20563
17039
30174
36347
14749
41843
27222
46077
29143
33504
47469
6903
12108
45740
39059
5907
14525
36245
16537
42666
47762
13806
12132
12486
11777
40024
47898
14666
6461
33101
36702
36297
30036
25657
32991
39899
11193
13443
27588
30413
47465
28549
20545
23312
41093
30647
4644
17945
21229
2401
18665
11386
23272
48756
46111
49656
23413
41629
31208
29230
40871
2527
12861
36117
2445
49747
31022
24512
24899
2368
9935
17034
49986
8067
45528
41077
47533
38940
31502
6111
11945
40405
37199
49470
14018
4552
43363
47083
1955
26450
19188
33863
48922
12179
6427
20182
24235
14397
46501
15134
13515
23955
15018
25928
20420
10881
31537
40025
22101
47751
13626
42316
12028
36560
45148
22264
22277
36267
10724
2407
18658
29599
41819
34480
4069
49343
27034
5458
15184
35870
10167
45229
8836
6286
46059
37785
6341
22633
2705
6292
28281
27597
26711
12350
22974
45233
14709
7825
9023
13582
16986
40652
43305
43573
40649
39608
48083
16328
10856
21461
17763
25060
1682
31829
11852
5983
33416
27143
27144
46577
11659
14500
49778
49489
15317
511
13882
36674
42023
35121
20726
10064
20994
46863
34383
837
35148
1310
19044
45218
22249
1575
30418
7586
33969
4886
6899
18199
13516
25151
7186
38696
47802
42971
44903
1642
42855
46708
9864
4880
20739
20241
3298
6092
21787
23789
19513
38729
9683
10886
44714
6268
16872
27859
33774
1777
14783
934
14973
20350
44460
24391
41717
44068
30247
33687
28093
13366
45891
17306
19208
37118
26218
36602
4373
17379
28844
33159
9539
41804
5210
35650
12204
11063
38885
3773
26267
32995
8696
37928
3813
29445
16300
31398
16103
2749
40075
21793
43128
11334
44273
41693
36564
814
16186
40688
38341
3187
21981
5823
47945
44511
11972
47899
37183
96
29199
47407
11481
6144
45962
2826
35200
16194
10467
24633
11405
21046
4239
40303
23065
1345
33151
14070
6380
29044
39766
19317
19290
29922
8177
37189
36206
33636
362
35923
48363
25234
2901
18975
46087
32588
32923
1077
14009
29132
8335
45796
35224
16299
42152
8870
33856
44738
23355
47775
26018
24920
47027
6157
25908
41372
25913
19869
47908
19634
47255
47133
46571
20035
16891
45924
47152
25084
15803
18269
40428
49359
41563
32250
8823
1095
17478
17003
19312
48508
47592
48389
8818
9986
19431
1665
39106
33914
39866
33581
38230
33470
45102
920
8658
42123
23230
15430
4487
35392
20154
24060
43273
19472
6674
42627
1226
31824
30039
38283
15155
42292
2255
11830
31926
5522
35258
7990
12650
39285
12541
34620
38883
3248
13555
7324
20965
10349
8170
10687
43263
18913
2958
32841
38733
18289
1524
5112
1198
19364
35576
49193
6824
31285
41159
20112
28797
43368
24261
1270
29001
38621
32436
22972
41497
37071
5003
35083
47902
31793
23647
39929
27694
23996
17940
9244
22594
37894
1065
5535
44835
7627
7635
29809
16119
7940
37752
30691
12609
45508
31691
9420
38321
34526
35891
27799
43125
15154
12688
5089
10097
2704
5807
11935
1448
8724
32281
45744
42517
34687
43282
48254
6828
13720
15798
30196
14629
14157
28402
27693
40079
6484
13999
29379
41767
5860
30512
6132
35713
25761
20684
45454
25918
7535
3414
17359
10131
46204
42459
16736
16749
33458
49687
27016
32950
31759
32901
43959
2909
13181
40706
23928
20881
37596
16058
44644
18249
38470
48643
36851
31389
18123
12430
18298
41775
32187
26886
36718
5922
4928
46189
43456
27189
1222
47169
37980
3156
23395
11284
41225
27691
3238
38441
37944
8473
42226
11248
47536
21350
38949
28525
36361
2020
31786
7745
36334
35512
25952
39224
40273
25068
46692
27510
22031
1764
38035
31429
42192
11057
32054
25146
2290
9622
43980
4074
4033
10564
24941
42273
17042
41140
23937
29499
33691
25152
5523
33010
22643
138
19018
3501
21632
42801
21502
49954
33328
27667
5521
46491
26200
42444
2680
7266
36255
377
14708
5192
46973
19181
42442
6746
41420
485
40200
21292
3840
17685
18466
28355
20870
18866
38730
20445
29134
28551
27511
40377
39260
16551
25471
46259
40317
10203
41286
23874
41136
21493
49727
36569
43936
38904
12358
15217
449
46043
16966
29468
40014
43343
45487
36929
31426
31817
19212
43218
18405
14435
12292
3329
35406
3042
3546
22788
32095
8965
37507
34201
17912
2723
9323
34963
29056
6955
42485
29545
38537
31162
24467
30158
34633
35560
13358
46657
48208
5643
44873
19347
4358
25658
2103
34704
29860
16603
28277
15048
6914
21232
37945
41049
35028
7595
3193
2817
26501
2717
27631
23891
16143
1299
25556
16556
15794
31804
21664
16998
44322
4777
33310
23043
13916
37205
30985
13299
4862
27528
14307
24831
30114
24978
8560
37633
29673
18639
794
31604
37419
26574
39442
42201
5106
20165
37935
4097
18828
34612
29301
15137
19870
10046
23751
21125
16914
44978
15687
1206
9911
31574
36445
25525
15966
28232
31985
19485
4071
42874
39680
25237
4868
37967
4280
47616
18253
21836
28830
15620
3806
38508
22471
48100
24081
33627
18722
22093
49458
42469
34168
46956
31686
19445
27711
14056
38108
49173
24283
42279
34674
36433
11475
10280
14067
3598
16114
43524
9270
23474
5745
31915
3437
1005
1148
26245
48023
17616
40026
29885
3475
17716
42584
35620
29120
18849
19278
48320
45210
19202
45370
33692
46857
34996
7381
15357
3302
12816
48598
43320
40323
10681
20264
31063
5606
15735
49548
25246
21050
39119
36088
38957
2106
47820
43856
33520
21781
10394
14383
49785
49884
48641
34287
25719
43696
21788
44950
1992
27862
20544
43892
3898
5835
46813
35192
851
4376
27477
13397
9453
23311
21312
4364
3288
28570
2303
20153
34722
17110
24054
1693
23854
8527
36884
45841
46286
43131
29039
5805
33618
4266
27617
454
31148
42643
3015
523
1604
9306
48804
30995
33899
42222
21277
13872
24115
38626
7217
40178
47736
37447
19932
721
17500
37834
1404
37005
16316
9422
2311
31758
36277
15523
27927
33054
21579
18103
28486
18087
38383
49509
39230
45391
43127
24721
25038
32457
40407
579
38220
27672
32654
48773
10093
3194
10596
24768
20958
2091
9492
35316
19264
41198
47390
38627
42707
12320
34611
33700
8502
31328
11571
31373
27333
32469
30420
40248
48198
41839
27118
38966
30946
31123
13524
32772
25302
8514
32944
49904
2626
20648
11892
33740
13014
4225
21867
8526
43842
13748
35754
27756
42687
28398
9913
48094
34925
30738
18042
26858
30575
36178
46627
38694
13718
46880
6975
34896
4407
13071
9045
19047
2823
1395
5331
20158
31622
4966
38673
35815
6020
40332
6782
32989
27932
46900
24392
8383
14787
36162
1353
12184
34796
6280
47061
10170
37649
34993
3181
35895
30928
12913
28108
8200
36408
24435
16693
4954
25094
3668
31382
6444
33523
42447
43912
44359
36990
39694
13127
20822
46137
42188
31442
2850
49972
20106
10222
45650
38130
13612
26998
30395
19962
2263
11247
16012
46752
49749
49224
28772
24601
48177
34938
14361
4779
22067
49783
26647
33588
26184
27419
6250
20604
41387
11574
22157
10299
7151
25164
10873
5815
21415
38513
21570
7177
20717
43030
23811
13818
25868
13418
31886
6556
22742
39538
24532
9227
8151
40083
27606
11614
40564
8530
15146
18904
39705
18660
14386
35215
7868
27937
6072
46397
13122
33367
39521
37510
44133
17527
17483
7060
19561
34486
33782
45542
24804
3019
26677
47564
40381
23216
42413
11166
7632
13342
6
38994
28389
49485
16605
1394
19716
23675
17959
41609
23165
6801
17155
43863
16273
6089
4092
42994
33777
6187
42688
23577
13740
651
32818
38703
49577
35203
47853
2944
41024
41261
7754
44675
1634
40723
38515
39619
7059
23290
37690
30969
890
46578
35396
24649
27825
27976
25967
28859
40285
21925
46990
42371
48003
32531
43182
48854
6456
37495
28269
36053
38914
49885
40764
49604
22926
10971
15
30449
29649
1719
34975
42454
49085
32329
8930
48101
33731
11168
27819
32473
36310
18907
16220
38926
25235
32241
42949
37626
43375
5225
12100
17198
20077
16945
43817
29731
36905
19794
6046
30733
8426
20942
43224
28509
754
6566
40678
34579
2430
38464
29987
28438
18784
27642
8483
38048
10880
8697
33828
37020
42958
43074
26687
36022
734
46211
31975
10116
13318
17129
478
32573
48965
3963
1924
43935
41506
37858
238
167
25988
25374
32479
30722
16737
33738
2496
36935
41085
10731
37110
16764
18171
14310
42852
17693
26937
3738
35680
21473
33535
48134
13013
6158
17498
23337
14710
28146
40085
24638
37261
47332
25039
4847
18943
32897
26520
6464
45020
48099
31612
7593
41694
21717
29293
45947
33898
33571
27236
12508
38582
12271
22279
9971
2187
2239
17529
21910
33661
27295
22796
12433
34413
24849
6554
48142
737
4950
32810
37689
18433
16425
37602
25216
11928
11874
26412
31420
29748
48784
49862
18888
11792
8635
47742
2119
48925
39782
31363
44631
31058
41310
34251
14688
33949
22222
35497
20585
45044
42567
28293
2647
30611
7103
24709
19007
14081
32020
26506
16635
14825
23304
7463
7891
2328
42142
27807
17023
15302
26219
48406
5842
36430
9448
19599
39852
10860
46423
21025
14120
44160
31891
47754
8278
45162
6710
42890
36492
28157
33630
42743
9795
16040
24741
36872
5251
33671
21927
39683
29823
47119
46170
22212
42833
1504
38211
46221
43809
12174
37664
35053
11558
14065
40611
11590
21908
5301
26283
31555
27416
38793
6460
33433
36307
500
2181
39647
29163
48082
21799
48691
43443
3950
17319
25492
46821
1601
12566
27218
43684
44783
5494
29566
41255
20893
23911
3040
47006
38439
25092
28325
1990
23048
31065
1577
45840
17130
13614
10350
20796
17681
4220
35679
44472
40604
40671
40845
20443
13338
3815
33276
14826
20857
7753
47596
23803
22369
15246
35222
45400
8181
28973
32411
1641
25630
7664
3927
43151
48722
2623
38098
42541
2196
48336
35773
996
29741
21373
17802
13986
20909
28463
15056
22951
3278
9794
46291
13822
45469
39383
25291
20193
27220
7379
18683
49495
41959
8056
26552
4595
43905
44770
20856
15153
35906
4612
5688
17454
15450
46982
9747
42484
11315
41983
23294
28926
33245
8162
49810
32159
20712
10582
33269
12022
16204
8360
30337
4452
25756
15596
35391
10928
22141
18642
10358
23761
46689
18510
20266
9356
19501
19970
9434
48788
47393
30486
39695
38608
2696
19453
21456
15167
47132
31938
47626
6133
17999
22790
21457
25424
20140
21914
14264
43589
15216
49097
6317
39739
21381
29405
29250
49617
15128
4058
30097
21977
42224
20014
46663
44058
15797
38296
4488
33721
515
155
10830
11688
26279
13724
26900
47991
10109
37473
49528
17613
34597
19354
23872
16325
15834
23717
48487
39223
40162
10677
31983
17439
30356
5348
48165
10412
32697
17747
44239
37820
12959
30236
26986
37048
43153
1796
20011
7437
46096
13269
47943
10941
39221
28240
21550
10032
6004
23199
28863
29168
12014
21290
14314
35732
30781
22981
1363
27185
46960
5755
26589
25985
8256
48369
3047
36672
15559
30217
36121
5702
6837
18697
42160
28786
15811
4643
43342
22799
24589
18369
18756
29449
27129
4535
34454
10901
22168
1589
48097
8030
6769
37304
28158
35775
7251
33655
14952
32317
13033
27552
43012
1510
32145
48682
1907
20614
29962
11785
42339
12592
25890
43134
21541
11100
889
18585
35418
20209
21071
31818
7371
32466
48018
14767
33726
19165
33173
29161
39736
14088
43650
27951
44358
1318
29270
35341
45980
22339
26975
6057
45675
25997
29942
57
37327
41578
34492
25709
32357
49020
16438
41915
47388
38376
39351
9075
44998
38758
3907
10373
43093
28165
29847
21946
49373
38092
24193
47866
42241
1157
46691
36951
4070
3145
1645
34224
13649
18614
39297
18157
15564
11139
36943
2399
29387
19140
9009
2058
9205
9649
4026
17930
14237
46784
32508
40206
9689
6803
9920
37497
32859
36326
42789
42566
9783
15627
1984
32594
14610
45672
48510
17954
2080
23454
16691
44293
3470
17935
2443
12725
30743
27644
14028
13481
2991
21087
21400
29670
2743
43603
17850
23929
28005
1678
19031
14921
41250
32449
19050
21239
48103
10952
26846
39620
32078
1298
8756
16317
3512
9021
34661
14611
39048
6774
40835
8493
44798
20945
39698
25959
319
31594
49034
49630
6798
1078
1935
7596
21630
14146
29463
1324
35184
19209
12295
42153
47167
25362
20458
49258
18296
41405
34293
46593
17255
4984
28512
28810
47351
29195
19473
26540
2635
33486
36952
28489
16594
33542
41611
45114
30633
165
2319
49820
45215
12762
45143
41026
19258
19778
39799
23012
16126
28462
46966
5319
43065
25712
49812
4177
16502
13010
7888
17242
33554
28753
6587
6069
49891
3549
13248
2411
41440
12892
18990
16542
14768
4582
16643
4188
22560
21098
1584
12290
22188
40822
34306
6853
42882
43385
30429
6440
31910
28119
21958
15171
27450
2434
38651
21405
26679
45288
18916
28294
27104
2595
6630
19632
7972
222
6080
27936
34411
15548
19546
36426
37566
5948
27341
4337
29186
6204
5068
33988
39210
26518
277
24306
46268
31560
33558
2330
34979
45789
42402
23131
42311
37737
8792
40396
3172
12159
46447
13351
1515
34631
26994
33023
47155
44893
12562
34083
27616
16445
49307
16344
47441
12270
22624
33116
14926
34458
9875
41376
43198
35964
24546
38835
17024
2013
5000
29572
40395
21224
37808
19790
26936
12900
34039
12569
39880
33012
31218
22703
20882
32702
49375
13919
29349
48649
10101
22700
6327
42847
32625
26762
32644
25887
9212
39407
8010
25983
6971
10354
19890
30207
2286
4761
21114
45830
5046
1103
36865
29472
8266
33389
38503
19921
24208
24403
21710
16465
25861
10502
37018
10675
7464
10370
48802
28790
30167
4710
44759
15178
35381
384
2306
12306
25837
23967
19880
11886
46680
33247
27478
45335
12550
32785
18625
676
39115
33938
27038
7414
29603
20874
12483
34813
37813
37782
34606
25063
2240
14829
38485
48329
31070
29616
30473
16144
47977
22118
31907
23063
3303
12793
21450
46535
34657
5801
36149
26459
9152
29256
10653
46829
6273
33212
11246
39430
46235
23707
31177
43751
42394
5107
34800
3852
33690
36417
44892
6087
7633
36982
3401
44182
9509
22608
10006
5261
21600
16474
39287
45548
18938
1027
21455
31155
49975
22447
17898
47515
36344
37204
17122
38619
45103
15115
285
49522
15110
31700
7907
2186
42092
44837
3820
41165
13750
45577
902
14727
24113
17985
2043
20297
26774
44401
25436
17031
8089
14632
3612
27724
43998
26496
27749
45932
23228
47427
40426
19826
6918
5322
38716
18914
9602
4967
46721
5803
28132
49379
46984
39418
11483
21391
6281
6504
11104
42849
28202
41114
39438
15191
42448
36464
44183
27242
32463
46282
49843
47685
36648
38157
17939
2473
31303
26818
35282
47091
28563
6611
34541
27607
28376
35730
35259
45071
4455
766
3321
40614
9455
37285
41594
14801
1687
4476
15553
48652
32902
36066
31867
38700
44515
6139
18953
4858
32049
38129
38459
40598
18023
41331
7869
49743
14523
37822
40135
5692
39463
27685
49861
5340
28248
29578
30939
28744
12635
20813
14515
26154
20701
18225
25002
22190
26592
3583
305
2185
25899
10182
18881
3021
36502
31236
39612
48141
3139
38060
714
35292
36970
33635
35277
14131
16223
17078
29041
31225
12026
37012
45007
48803
14257
38140
44602
3468
15817
10957
24421
45269
16588
32382
6619
21696
3075
8367
14424
37015
22052
24662
1174
17186
29594
27589
48371
28322
11949
1522
16206
18400
19474
42742
12567
13991
37411
18604
36020
13209
34266
22041
12571
14238
12952
47605
540
5768
46732
19399
27335
37402
23080
17491
38585
26542
47462
30684
15793
28864
12144
19659
29721
30761
35305
44968
44541
20759
32608
12719
14819
36839
16746
12398
39743
48535
6547
9682
6218
13035
32181
2972
13874
12041
26488
25472
11173
29437
6043
6812
24386
43660
365
46550
41714
43450
17352
31638
37431
44250
1878
12208
5162
33626
47434
29652
31745
29830
7821
26455
44664
4918
41273
15800
26901
20860
27761
11225
25096
6101
1325
33407
49566
6254
44993
39976
2310
825
45612
3595
15604
2026
33937
32163
26301
20146
9462
46241
5943
26800
29576
19405
22664
24715
30550
14984
27916
17196
24215
36704
30369
26925
17657
13860
13058
14953
31368
28037
11756
48272
25133
34101
25946
38386
12611
18341
28552
7918
27261
40525
23226
41188
11369
34581
49412
10380
18871
25533
34941
35503
30600
25496
29269
37450
23696
21362
30655
28465
27037
19415
366
28413
6804
21079
4315
34301
12733
10583
19997
20465
27940
49491
14656
33211
9256
29110
17144
37035
23156
45316
43512
46151
4674
36573
17851
37069
17947
35404
11911
16390
36526
29177
46365
13124
6394
3332
19681
32943
41236
9915
28054
23877
21937
8317
14563
34283
11250
16121
49811
15585
36584
264
29626
6056
18552
22196
45289
21883
37856
4606
31764
509
30075
9636
13077
42172
23800
31397
27550
22442
1161
28274
12024
6668
29051
24355
15492
49868
16179
10115
44184
43552
5879
45529
22399
24997
33862
33804
18294
9926
26519
42100
35968
42367
41099
5771
20713
30557
41411
6648
3487
48209
8111
10861
44421
37699
41224
39616
47135
27707
33209
30681
15520
40549
7872
6051
44776
8539
22554
15941
5456
2820
25632
49007
19059
25790
49977
28358
6991
13485
15384
12287
15699
20781
44930
44140
43246
11618
719
40709
17922
42709
8928
2308
20532
10679
29012
10435
22415
17559
33063
44503
37150
3376
2120
33913
14816
6198
23014
494
11136
34464
6479
42378
15480
17206
22543
12140
27114
38223
44412
34017
3101
228
42740
48221
44314
42950
20461
37746
2562
47971
12229
5152
3982
3533
376
6781
12855
17373
21616
49192
47968
40478
31893
7679
39477
37783
21035
41086
36666
37704
42198
11091
1338
2957
19117
23944
28419
47701
35207
46311
1503
8435
35976
32742
33866
42450
41777
37157
5405
13979
27931
20621
34181
33360
17279
41619
3924
24663
29243
21166
22670
10396
24833
46229
17318
7260
38598
290
19048
9396
5825
49737
2123
28605
37854
19062
42049
18688
2737
15421
38649
47395
42928
38657
40585
12808
43987
35092
20110
1654
37950
48743
8856
7277
8535
1155
9038
43340
46430
15319
15534
47261
17907
15501
6243
45782
13723
22388
0
44830
18227
27565
35694
33887
265
30809
6278
7107
10481
24438
31465
49638
35799
20087
23193
32475
21708
24838
1315
43181
5412
32535
18814
29656
49551
38238
22046
37512
39516
34706
17911
29872
20036
14538
42290
29502
4891
42470
14846
36712
21439
20500
26102
19660
18994
40516
29542
13692
14621
9530
26857
43831
37768
48108
25265
1392
35061
42552
35115
36185
33110
390
7702
10807
39671
18735
31417
16568
32750
20015
23243
21200
17822
3909
40226
28817
49863
19028
30088
28137
30941
30742
44259
32150
36080
9493
44943
49773
22844
44593
8259
18851
29508
31230
12786
37235
33502
32434
45713
42420
19722
41457
45965
26907
32938
28627
43580
247
17558
13498
42657
985
26447
18216
18531
5799
24660
9086
44255
8464
46028
21238
6776
49331
42210
29774
25373
39053
48629
37594
5674
4749
16352
40364
47801
45408
8043
25385
32362
40449
37192
33543
45263
21070
21289
49931
43888
10499
7160
8532
36595
321
19294
46359
564
43272
3025
670
25346
36331
1119
45723
23235
47374
30480
7666
5416
33789
35060
3844
22352
47450
9558
46762
21759
37104
47560
48183
28600
28496
41882
19192
36879
5396
2289
23934
30372
696
11304
16793
13607
6226
11549
28872
26576
25746
10717
33770
21161
7707
32820
7752
12361
23121
8964
31066
41193
21264
12903
699
36256
43221
29913
49672
29024
49521
11363
39284
12411
21299
3381
15358
46758
19929
43222
12399
49351
2834
6932
32191
11079
29661
16776
25145
14453
33604
23778
47862
3744
4403
39420
29205
33172
33666
1181
11359
47121
19916
2095
24407
23920
46926
6387
44344
15070
506
45940
29418
45272
37066
12008
25821
10927
35602
36319
47589
13624
4980
17477
3358
29160
16130
27754
14336
40582
39790
3340
46542
26173
25534
11194
26422
19016
19859
609
10898
4958
15657
27731
26771
1765
35128
2572
25382
1768
39878
13680
35959
43585
30465
13412
1173
27243
12994
45693
32505
41924
10505
48014
5378
43637
37970
35994
8604
5155
4045
22401
38473
32499
9127
9333
11646
13576
7460
4838
20393
22552
29773
18108
40911
20052
33256
31872
13376
806
14329
3419
21777
28043
35726
18358
45334
31795
21875
48881
36856
12343
20088
40676
19798
39317
16252
37815
25538
6533
46236
49507
8288
36478
28370
6180
4678
19458
15390
17829
31310
8841
36272
3704
12812
16618
26828
38110
10587
28184
35962
22114
42603
2827
22234
47993
8581
23592
27446
6490
41815
37886
27718
22758
28359
26676
8694
15149
22983
44656
14619
33814
23135
19074
25073
32878
34390
44037
21766
23883
45967
1677
28715
20423
11402
14791
37306
23130
29295
8582
1626
36407
38875
15930
42324
25583
46998
33497
30024
22312
32331
12796
39890
14406
6510
37532
34371
47857
6599
16167
9287
9533
48935
23497
47826
13282
35226
28853
12403
47750
15632
9064
16197
26606
10749
13054
40919
28449
10195
38859
46073
1729
25482
42403
32013
28412
10676
18878
21647
39316
26663
7861
7736
2465
47153
49850
32683
43338
5041
21307
49694
84
22223
35948
38670
28921
9955
34417
40372
37724
41967
46118
45411
5887
23852
34102
17369
4691
1251
7955
743
37956
21431
36339
4774
43069
4782
29841
23488
43220
49490
20279
33709
38536
25545
35304
39040
9360
28467
14591
46931
23496
26534
29084
49291
12890
32704
10933
16038
2840
22705
38833
9251
30453
6602
24547
49388
12532
7860
5612
9101
10008
34175
29760
27205
9078
14426
44481
44871
18031
23759
6421
4405
12533
37349
5770
15638
39051
35636
21002
24495
37079
42869
31653
34107
13665
15419
8233
42045
27053
32096
25660
25222
10198
4433
24266
29639
19449
777
38666
32304
24360
46251
40482
44335
42718
5531
24888
46740
6303
30096
8501
33421
9429
11076
46997
45065
17495
47165
15344
21969
26350
32613
19582
26472
32898
12739
39725
7299
28287
7252
33503
47399
27322
8071
32497
40241
5451
38317
29007
14852
14965
6024
2764
41414
3550
34423
33620
11671
11701
49210
45541
49208
35034
46039
7234
11599
43380
18127
37065
45944
12783
34316
25434
47657
978
12591
40375
39918
6886
8154
23020
17322
27806
39030
37248
33844
1936
961
15201
19638
42545
17651
5584
16453
24749
49482
1616
32400
14271
5577
37520
44889
5861
14299
43498
9129
35265
5525
38630
4567
166
33224
1558
46343
34885
26503
44023
24459
33346
9942
6905
26655
35113
35865
23287
28904
42629
18098
46258
46992
25315
30679
30428
45011
34484
29467
24273
48934
30227
48974
7353
31156
42766
30893
42115
45819
37172
39755
42831
29894
21949
22292
49345
41813
6966
25059
3213
10294
42025
11763
12237
11092
38452
37216
33577
1183
26384
6694
49950
1374
35205
47749
35737
23458
16682
10016
42793
3816
48383
26516
20457
10847
13128
21094
45055
17717
48831
23013
40926
8759
31757
22336
19446
38770
37787
26620
24246
41433
12690
20201
1815
48477
31466
36415
29156
21671
13734
7142
14057
1491
34236
46392
21272
16775
30677
23635
19901
19851
20745
25288
35494
47940
16813
10157
20397
41990
48472
15936
37570
45083
3722
35428
10623
13587
16619
44638
26068
25409
27415
9613
47070
17077
18553
17208
47433
1644
747
20779
46019
35185
353
36971
41785
19201
10757
29779
37253
49636
21317
25684
47163
26729
22591
25524
8339
12307
47321
2697
2375
43318
35247
19957
48138
17701
42598
44189
40894
40815
13894
28770
3821
16780
22526
38868
49415
15864
48938
45974
38461
49096
37627
43893
3420
4790
25381
49015
33108
23641
9862
38068
33359
12219
33004
40232
44383
37184
8355
3274
22033
190
29510
15820
13792
28689
48546
32672
3235
7254
49177
22040
31284
32543
20255
11383
5027
25403
40188
20992
12902
19043
27968
26090
38882
45828
45471
12112
42461
33386
5447
9281
48335
4969
24599
30548
46541
48999
42863
13678
2615
14999
48157
43882
45170
29114
46355
4830
14823
23897
45917
35178
46729
45766
34264
37229
21327
21962
37312
43657
20402
1711
8660
2256
16458
41799
17963
41727
1093
25921
35998
13302
20446
26415
1465
43260
12280
43118
26791
7914
33425
4704
42857
34640
21256
40123
33306
34797
34651
21685
7544
35580
19711
11570
30803
20394
11697
7910
3415
43923
23053
3826
19270
36882
15769
888
36889
8851
44504
4804
34253
31579
31924
25119
27560
24145
40354
35742
38682
26852
29569
18328
19772
48828
23915
22001
39490
17641
48203
7573
43066
42535
8062
24539
49289
30635
27705
3694
9592
42465
1638
20016
17471
15654
16266
33072
45204
30916
31663
48918
15211
43690
48397
37412
17346
29075
14797
31091
39733
1262
33349
33975
48932
48705
14561
26717
26636
41735
18034
15071
43997
36129
18359
38863
47090
18908
7110
5810
23680
6538
34525
23673
3713
7394
40682
1526
11545
47130
34599
22571
35041
38543
20018
41797
29544
8345
48656
19927
19548
23895
35892
5293
13625
32216
4603
1499
43898
41716
27539
28179
27278
47501
23938
10232
4560
1024
26007
46879
38590
12921
25076
44676
43835
16560
6576
7073
22921
47040
41264
22969
14905
38575
28382
29251
35837
47528
6947
32586
20530
12919
21589
42577
9147
25607
39097
24497
43140
9341
10339
2911
17146
24612
5893
15081
48613
18557
24661
16531
43964
36950
38291
15190
30191
17049
48633
12424
8223
36928
22112
48704
21563
48019
21129
23562
16272
8968
35881
48252
27465
14312
4778
17961
35426
41792
13407
48548
5235
16731
35467
20311
44788
38451
37779
44032
4857
47972
9580
12568
25690
33317
28956
5372
37167
31642
4901
23223
38316
16876
30443
45133
18619
21410
48080
82
2947
26440
45274
36102
42005
19594
20382
795
98
7447
45048
614
38899
37114
13851
14230
43783
31401
17708
38896
12634
15648
46010
43746
47084
37662
11930
7587
14618
36190
47740
15660
11663
3333
19418
25635
39600
46330
38212
1411
25867
22193
46398
26728
27999
22311
10963
19633
248
33430
7927
36660
1041
48410
24829
45663
48176
2471
3912
22208
44949
7012
12131
29211
18283
11885
36429
20120
47394
20364
16895
26051
42650
1407
24609
17072
21810
25762
33336
25209
48792
42634
19619
47918
36265
25452
4169
36233
21601
7591
45362
15695
12125
33089
29683
20254
32773
19720
48404
21539
24755
27908
23166
29498
28672
15291
20400
43481
6915
25845
22644
10929
28783
39588
12396
12613
9160
1921
4425
10068
40691
44205
42648
35176
11157
8896
37241
2913
18526
20283
13391
14740
15445
45287
29664
21005
30249
40626
20854
46739
23502
23075
3560
3216
48499
11364
12250
14738
37940
49018
24898
46016
7693
191
8287
9733
20060
27764
27213
14035
8074
28252
38752
29333
20679
31918
25271
23109
2512
48786
37488
37684
33787
1362
45124
39703
46363
41130
26566
1453
37774
27834
42813
20204
1873
12977
21454
10588
5486
13958
5087
35855
4142
40580
34496
36137
13414
49381
23846
21526
40115
16886
45121
29703
4283
45815
33668
1482
30380
33783
39446
42401
25221
47187
15253
10617
28300
26743
10537
20651
29214
19102
34403
22529
19796
37382
48021
17307
22331
10417
2045
32183
1660
48010
37334
31076
15568
42824
45021
8743
37707
14291
9050
29852
35145
6084
15780
38248
193
17656
8445
3772
4034
23632
3379
26390
29897
8222
38672
45283
4024
38789
7027
13423
9361
9485
42777
30910
44778
31107
28126
17148
46725
13277
13019
44682
15909
40399
40333
12841
43106
35195
45638
16677
5491
23314
48883
4372
23995
19015
28567
31801
13311
4485
11861
9884
17600
10357
42328
36688
21
22298
5401
6560
19199
47555
30694
19661
29384
16908
21791
13868
2674
43562
18957
30510
30033
20468
46660
18959
47182
49902
17378
47979
14792
9456
35466
11579
11101
34794
8026
13021
5947
29671
13647
2229
32200
49732
48493
29923
49851
49768
22857
26192
45724
34841
46780
43041
35198
11029
19353
34385
39182
27072
32136
18195
20817
2010
39813
36337
49974
1903
38215
17868
34255
30499
23096
17972
27977
34472
28601
45001
21543
39690
3854
8204
48471
29407
11647
23909
36401
1083
25926
11288
24629
37604
9861
48262
26640
49591
36539
22551
14048
43228
10047
37280
19432
28940
5974
49214
2803
4275
7459
20405
28451
14003
4393
47076
17825
30364
24860
28310
49111
27244
14886
1541
23716
30422
47793
31587
17572
36329
15209
5252
44945
2922
25536
47523
34869
31897
26893
6333
47730
19725
6081
1496
36235
2114
36002
10414
22704
34353
5660
9035
30423
20403
4470
695
47768
1877
26126
4116
48436
48429
25895
36780
34974
31340
15911
38738
10695
34949
36451
40958
45775
38315
25262
5901
4859
27287
40762
49126
15009
16869
9056
10704
7941
13841
2671
22088
6703
18787
5625
17203
31424
45259
37995
25801
16892
36252
5710
11403
14136
38924
8847
31665
32506
7166
44812
22349
14182
17339
43725
26382
11118
39610
26338
3315
1900
43877
27924
3058
33771
31294
21583
35481
16262
11469
44285
21248
3857
2522
24529
37925
36264
28337
42163
2770
21108
19481
38105
32323
23522
31670
4572
2113
6321
38849
8699
22547
23302
42822
22760
206
26593
45564
10390
11497
45427
27777
11867
47424
7498
22513
43013
11109
599
43798
39134
2420
43838
30959
47545
18732
47542
5903
22990
38146
41511
36440
5136
29914
33928
33127
4926
25507
33519
10143
5350
35643
47833
38237
33049
36747
29643
30181
21529
41645
46158
46083
30239
41270
25491
27334
22872
35170
40048
22976
12918
21213
37694
6195
35825
37943
20280
16591
13046
49401
11594
32130
6357
18483
16225
30590
4268
8008
20100
46800
4570
11335
28172
37217
22176
25679
48595
48171
2510
933
39318
21144
21128
34232
7561
11576
46921
44933
16773
22383
40019
4635
46154
13639
25273
25486
9495
27626
31248
7540
2157
42190
2318
44236
39424
28811
8572
32097
47411
39207
22478
7930
361
35767
24985
12656
18844
18622
1842
28798
48955
20093
8300
29697
43572
14721
45296
25935
21336
12410
41219
25095
14505
21305
5616
6621
48168
41063
34909
22056
4931
1460
27933
22649
23912
17092
27653
8663
9995
1700
44544
33996
29403
44909
40331
15244
48514
2044
39584
1296
15774
19965
41905
43051
48924
45090
48314
24433
19303
29483
45787
41533
7468
26253
15368
25361
45018
28057
32637
49670
37142
43648
39044
14248
43196
32289
32834
9734
8643
6414
40988
31950
18687
34030
22832
19448
7840
35489
27676
45224
47123
27284
3976
48229
39118
35689
20361
16507
17133
40821
44048
10657
10079
8967
39499
14568
34310
35136
11269
46450
15897
6336
23017
13394
40603
11554
2503
818
6806
47704
42314
40778
12973
42114
189
18322
30571
40913
38069
10698
33044
37860
27901
48675
42948
38687
29967
2667
44517
29955
1529
48009
4686
39213
18135
21492
46794
3464
26182
20688
12368
33030
3067
46375
49559
40803
38737
1004
32278
24676
10769
3162
39470
20910
30110
26684
7514
3283
31688
37693
8951
20208
46385
23079
18623
38117
17336
13745
46812
25509
6488
24249
35907
5715
41477
27074
19522
41491
15826
8175
1910
19642
3121
47663
2362
13641
20116
19281
18724
30894
8018
48305
9337
25884
41232
40118
13379
32628
33811
33085
40037
19496
10465
15099
20626
39281
46373
573
26966
5361
11021
24188
49842
25603
5092
31425
34106
37202
945
44402
43255
29947
48642
29514
20829
10607
23750
37073
47383
2583
7393
26666
10336
48860
48213
27175
8363
26734
35675
4456
46778
44316
17125
22103
12480
41987
26814
20847
19690
2117
42918
21045
31275
3011
46737
24592
38413
28739
34247
7609
34861
7684
22940
10849
47216
650
19537
21515
2225
38289
35527
6834
10897
42182
39650
5104
19615
4690
41948
56
15868
33179
40415
16979
10520
44592
43149
9994
22272
7838
24475
11051
18954
32493
49930
27619
6856
14719
40631
31443
1679
23291
42014
32296
19243
23265
43908
14883
17664
936
46851
45798
10764
2032
15164
26840
14034
45784
30859
3872
36335
17960
2791
20265
33766
37654
15408
49642
23535
22458
4012
35728
28998
18160
46955
12914
1475
47234
4947
37200
26115
3983
20134
28227
18136
2456
32069
5880
40961
21643
13398
7682
15932
11065
41902
22013
9669
10025
8169
34317
16226
17958
48084
15183
4596
16216
11374
46140
35793
8310
4441
7592
14849
31830
39980
20770
8738
5355
33885
19979
46537
44746
11292
32888
32630
33612
37191
7977
44657
31146
36079
26568
18
11205
21592
16713
37701
21612
32973
23119
39903
17768
39405
26331
1321
7978
42715
8428
45180
18628
33003
23284
48753
45694
31092
5379
32084
21302
28503
49581
412
18649
16874
46090
28681
24608
17332
20025
24928
21666
29669
43634
47905
15019
12750
47181
40351
10648
32542
46604
20072
15192
34226
15101
33781
49112
40475
12160
37635
4292
13879
4392
41673
45174
17761
28077
15926
901
34614
34516
18282
44775
849
18703
45470
16437
11471
38195
22217
46538
28468
5010
42419
20863
34787
30359
9589
13274
10155
28989
48223
20381
14867
1731
30768
1124
2772
44805
19707
26354
27543
10444
20595
6646
42542
14160
25602
45579
44043
24354
24577
22037
33322
30805
30304
42976
35886
5214
39881
37009
47069
27973
12722
7964
36875
15974
773
18001
11170
29497
7052
42019
37365
35003
20377
18350
2011
35929
47738
32854
32945
42080
30860
11067
263
39934
24542
9257
1600
3964
12121
47974
26696
32418
17181
36907
2410
13757
48289
6921
49165
39127
37985
44060
3574
16656
39474
27438
48338
32445
499
23869
44157
6633
49781
18661
36986
29855
35927
34534
4206
42217
16668
3423
26413
39129
19940
30417
20571
45251
49619
41434
48609
13144
48497
18413
5009
22863
16236
23251
31153
26969
13216
1357
15934
47043
17094
42310
3395
27378
8033
38481
48769
14762
17240
24761
10863
16366
45587
7264
31977
42711
22342
11420
30749
24943
45691
10215
47763
25281
24916
26217
47634
36656
668
11919
47614
14595
36472
42232
43239
45061
4297
39504
6690
11010
4816
46064
41431
31661
17310
41840
21718
43722
28460
19210
37984
19891
13336
7005
23210
26705
49022
20549
40316
26650
15712
30892
32600
47375
35528
10552
23238
23298
12880
404
38226
39985
41444
13547
23798
31431
7303
2051
47164
12818
30711
4008
43673
12268
27270
2110
20961
5304
4408
18071
7015
6521
39389
46514
21171
14294
12665
40233
28
339
8739
6384
37883
5621
12936
29642
39851
29680
45594
33032
1472
9044
8883
35575
30209
32253
36128
41620
6842
24401
44252
17878
5193
43284
34420
22372
11682
27657
7830
38846
7058
3540
17838
48482
17538
30468
38901
22532
11430
33169
29940
46662
49791
30817
1885
33320
8717
19248
12013
5014
43015
45161
21259
49816
32880
8126
45996
7243
42357
36758
33250
45738
8097
40189
36168
2388
33509
15145
18587
13442
6844
7685
33761
17265
27516
44130
35719
24885
46466
21753
3013
35043
9526
17793
10591
3346
43199
5626
24716
24672
27223
48557
43214
49682
359
30676
12096
9547
34884
29587
45844
16170
47956
45418
48448
29373
44091
40685
48386
34901
48391
16426
39211
41449
34783
21442
41976
8773
43089
43167
17987
19968
13279
19858
30303
1622
47549
11424
33384
30058
15388
23282
12803
9616
20737
48772
16120
2852
8284
41180
16801
6358
46246
17002
46759
30136
8103
45750
48762
35697
28929
18158
23149
48724
36496
35782
503
32873
39752
13586
7720
33617
22697
31559
15485
3164
47095
44265
34878
29972
21584
18542
48461
12056
2494
37233
46866
13721
37159
6417
18060
15016
14302
6227
30565
29745
44349
30751
14756
16423
25115
8692
44436
5763
34601
45140
42322
16721
35796
42379
2650
8704
33465
30785
30951
6900
19455
34659
28621
36479
35942
16840
19247
25686
8617
28862
4368
5995
10105
48466
13337
31463
26559
14942
44548
1215
29408
38607
15959
21544
9328
3586
13309
8881
5776
47392
28000
4681
3313
19765
23569
16250
7503
38888
30061
48114
34693
41104
37093
2252
18874
17967
12233
40786
13931
12477
8688
40397
18207
14802
31163
14492
2994
6388
20282
24166
41734
1587
22008
4454
8837
32974
7556
6216
38190
25264
15859
6704
1808
18877
39141
45326
33286
345
1791
36892
43802
9182
10744
5794
36259
41974
31280
8197
38345
23858
16901
21765
49805
32001
19854
21495
28576
32590
18083
41455
16232
9537
9873
15198
28304
19658
41345
3451
39081
5739
15686
19410
31685
32546
34691
9074
27301
49666
36801
38254
23393
21022
44857
32981
16837
35561
8871
31268
17384
24107
31761
34261
5975
35040
11463
43574
17190
740
29111
49243
20269
7431
22825
8258
11838
17785
47982
4673
43460
11158
19877
30978
9886
14879
31024
30294
17427
33190
28584
26080
2476
40093
26989
10851
40393
20478
49039
42215
28094
2651
30788
38740
1278
15474
16155
15554
49363
38325
3105
35142
49434
31145
47191
24605
16844
49921
13583
23204
30975
2592
2193
39011
19145
3718
36055
15673
29867
36630
17070
45076
45003
14675
47319
1320
44365
45589
3919
5909
32089
18609
25010
41733
24484
14421
38847
31527
23120
12811
18396
7219
9607
38532
35297
22793
47277
34340
27431
8494
8365
22601
28024
33315
35326
32803
41428
44724
48680
4656
10538
9738
44927
49189
11920
28573
39461
39764
32562
34445
35047
27775
43334
37545
49801
19159
26938
28448
12534
48735
18838
12315
249
42540
17445
39289
674
31989
19698
11536
5421
15072
5856
2869
344
14387
30700
32419
23036
9474
19352
40421
37404
8579
15308
43292
9724
8023
33419
40253
5351
2073
33840
19322
1203
48296
48529
5991
15754
46089
18421
22077
899
10762
17420
2920
23280
13569
42618
41066
19889
4757
34016
18321
2923
21877
42974
6613
21460
474
22337
22047
3827
32414
49103
32738
5253
44034
34414
30309
11252
15333
399
31085
35507
45410
31644
20641
16313
47834
29059
42988
34087
340
25238
28133
37826
10244
15961
4234
7550
16523
37389
4443
4668
49406
32726
11407
12363
1113
15910
18181
35397
37341
47786
34314
36966
10666
7488
32151
34185
33725
38185
21512
23684
7925
32669
6537
14079
14050
12497
9238
18130
30007
46584
9353
33921
24108
15206
10089
34711
16278
13735
877
41623
9728
29715
41687
12999
2816
40785
16839
46963
32178
49460
25745
16385
13761
48783
577
23826
10224
36909
42050
39955
35479
48585
16752
5891
3375
7890
34057
32170
11517
11260
45495
1978
1185
11028
8723
15389
13632
30964
24001
37338
32621
14577
909
19089
15230
14628
33243
12589
20851
20613
768
5969
45509
40727
10039
25212
14162
49067
79
27303
17394
28755
13316
41291
13098
24628
8890
17923
16683
22082
3661
11257
35221
21985
22937
15185
32142
22378
47957
12838
15037
24225
16622
21818
47946
30326
13889
24332
29503
3388
36902
34752
23517
32747
9940
17817
14961
9750
5877
22120
12415
44382
3943
39874
20430
19107
23947
19763
2486
15659
29536
7241
8589
15857
24377
34623
2601
25576
34076
46164
6681
20936
40739
30317
28428
43570
1985
25134
7598
3858
40076
11041
1819
48908
28648
11823
45973
48036
21701
21868
13772
17254
13152
34999
15560
12230
24425
23307
439
13114
47108
25157
11771
23485
39540
45255
5754
13380
12406
20181
23626
13905
20496
11630
40975
12105
32060
28217
20582
49324
20685
24455
14038
29393
26924
3783
27735
34589
45717
46467
8235
10455
9867
29593
6434
36778
693
41248
20843
24541
7733
31344
45472
46212
35553
24181
11803
10385
40643
14731
4139
30834
37559
23616
3753
36799
38161
41846
10351
33138
15643
30938
25004
31199
29784
20989
43977
19644
2550
27282
17619
45749
15380
30656
44149
43976
19298
17299
13966
23034
44829
43129
3958
6446
21941
32427
7419
38113
24561
25614
19540
26617
21296
27948
44158
1862
5425
22457
45572
25081
4194
40865
24903
26529
46913
45753
6489
29558
30222
49106
5792
42012
5060
27412
5370
23933
7341
41003
49953
35863
17764
32444
18277
15496
1019
20156
44083
15533
17891
3764
1695
38132
33563
29729
14301
29003
42018
47364
18906
22493
45545
13785
3312
49172
49259
26094
27035
26698
8797
45652
33002
16967
45087
44627
48074
21769
7979
37523
48490
27687
11923
42039
45396
9105
35786
13112
10227
46015
8280
38358
42195
38804
18138
30159
17554
28577
28075
9979
6885
3123
27998
43941
18276
14959
12840
7803
15036
25604
36552
10438
7297
48987
38310
24765
12738
36741
10943
46859
39848
24311
18254
3480
24197
24710
959
34953
2040
17889
44906
22137
41553
23140
39354
4391
14087
6982
46817
32081
11496
38058
46446
47897
21691
37225
29682
40264
23000
39543
25074
44267
33708
2487
517
18474
45246
30335
2145
43195
25549
12815
23010
14918
49200
36878
22360
20673
27535
18741
25411
13778
40965
5538
38613
46112
4043
28083
1532
36720
45936
19023
44303
2288
20676
38678
37889
48558
3630
37418
4530
39789
3916
17360
1835
14357
21326
29221
3010
19860
17028
539
4394
72
6751
41336
35476
2477
11811
22229
41094
3879
5917
9523
11653
29171
2132
1233
24514
2094
3788
18076
29675
48029
20587
38817
26670
32575
31765
18764
21354
3786
30507
10252
11577
49729
13157
14121
36186
42155
18583
32935
10494
34868
49372
34391
21989
22956
21713
23719
39838
1400
28614
39280
6638
775
48116
13413
35127
25792
13341
407
47640
35104
34372
41926
11132
37676
14586
43139
49500
15032
32217
15575
2644
23580
7855
7558
6670
49881
1509
49125
3784
10790
5944
19672
20017
3465
33184
12678
27979
22584
29325
27987
14869
38082
3910
32564
45610
11311
34117
21339
22379
38303
7026
47360
40495
10804
37518
1690
32612
513
23186
9437
41432
38304
5530
35717
46113
30038
12773
17089
11450
35749
1064
21882
31794
29843
49069
5483
7504
17809
22797
8377
1761
38741
22398
22693
29647
4406
6113
14055
41244
41655
2493
5127
15676
45850
26760
600
47398
23561
3365
29953
39921
5129
46275
8987
5460
31315
37951
1261
4423
29974
16672
18999
49668
6904
42103
1239
41161
43458
38031
36279
3636
5034
47426
44762
49057
46218
8689
41918
4134
8485
40337
24652
37540
37394
16545
12767
37231
34147
13965
14572
24692
10330
47798
19132
9248
38679
44529
26603
24174
20474
44092
4496
37137
1272
22028
24496
9223
30900
2251
5154
29496
16730
17022
39633
23516
13254
18644
29279
4889
23435
3012
47935
5703
19730
27842
46642
41256
33785
40716
33183
1313
46006
46417
6784
36189
41828
44715
45101
49030
23637
5481
44900
37511
9770
30218
22662
33569
22505
15594
33747
38270
3679
41486
34235
43004
5185
14565
9072
33707
44132
3279
12544
1118
38007
16006
22822
17347
8395
46394
15274
4527
36723
610
32723
15299
45498
10767
40410
49135
31600
47425
31945
28464
26652
34629
2147
43930
26210
49676
45332
11652
44309
20360
33255
25270
7584
48730
43226
29648
41965
20267
14234
49898
36122
18860
8341
7683
49976
47915
23299
41731
30138
35752
15088
37949
38915
31511
35395
20523
4814
5624
29611
41742
19703
26161
2403
19095
46632
45970
31848
12621
47525
23914
45300
9157
32666
13034
22570
8609
40507
1349
29218
42282
21494
47664
35097
7476
28539
25808
6197
25875
9365
9307
2373
17391
21782
18631
29959
43906
18870
10017
46349
3439
33877
19807
860
4844
35010
36843
8558
47613
25439
32476
43115
48483
42682
7067
48365
13736
17536
15918
24234
12755
15862
22354
23771
40560
12425
17136
45280
39927
31628
1564
45354
40398
43166
47890
22980
27649
22858
8645
41884
43909
16520
14626
39697
8521
30310
15381
18146
12365
11182
41425
48506
27893
39801
27256
4289
13270
45763
43063
39877
20798
38878
36341
20476
22820
5135
7538
47655
19170
29263
11573
40412
1517
19433
48027
23100
19530
39137
45155
32783
35589
21117
39145
45096
39332
9167
42471
22864
18781
2887
35081
35526
35452
11230
13006
38379
45092
20041
5442
43610
1929
44578
15697
27327
16747
45912
22479
44419
8618
25776
914
5788
1697
22515
29043
24160
22470
22076
2757
38857
11986
19444
4310
47558
27057
40840
1749
5908
41933
43598
19764
1177
39154
23945
36212
25469
44376
26648
23720
33136
29488
47101
14760
4741
36207
43173
19789
43205
35772
15409
40899
3632
8415
731
46967
46841
210
7021
29632
10751
40648
19136
28071
28836
41368
12474
46480
17546
30171
31524
38574
27079
28820
26221
36091
3880
44028
41320
46576
49120
15841
11645
43554
5290
39832
28117
14217
9491
23884
53
49792
24128
48161
49424
12938
44651
12884
48512
33139
44680
46217
36588
15668
218
1001
12647
3490
8972
13964
4682
21677
35244
15432
37400
30810
49287
32305
31313
17058
38421
19259
7987
17631
14417
11322
21523
42263
5923
1016
26815
19276
28490
38443
16540
26742
40666
42438
45752
25307
43471
44445
11302
8547
16247
49457
33194
31330
22167
18114
22654
6217
27816
43462
24921
10199
40491
39825
46861
32544
25728
25758
25405
39525
30508
9906
37486
40784
22696
41708
5200
40576
7042
44151
3734
40642
45420
27923
23327
33223
29083
15064
11684
4864
5457
11277
1108
4432
47859
46745
16393
8425
28350
49442
49533
21869
27740
41757
9777
12998
23211
46428
22347
36153
17269
11154
2882
42658
17066
36188
47207
18805
10740
45583
3808
11330
16156
13523
42490
20473
23406
16331
32707
46843
28453
28452
42360
46595
41119
23781
20878
2665
9617
43674
49536
4663
25616
16883
23397
36343
4114
33621
25317
3224
46704
41007
17436
28674
34302
11642
2609
27681
39577
46014
44797
49484
2262
5727
30753
5828
7477
12620
33460
37083
24591
19178
49035
47125
4284
12854
49145
11381
22719
46316
21467
42299
31169
39195
12728
49371
7622
35698
33263
23868
31264
876
2808
9313
46883
43165
6730
927
9584
45534
20210
10969
23365
13604
5178
22971
33732
6526
15877
17752
22116
21546
46573
46062
20667
44895
37569
9018
2718
8651
5250
10924
26466
40181
42531
48060
18168
25688
4463
18868
2449
15861
46322
2200
34959
48042
6174
43901
21092
27602
11698
2237
42757
47508
22005
24616
46460
42698
6167
24132
35440
32641
36516
43946
33280
42169
17459
2526
37190
33987
6215
12506
8943
16897
49076
8185
38634
10327
11995
41643
45337
9332
704
35921
2875
14454
35641
19238
11866
31724
4786
28235
23784
41205
30001
16372
27400
24614
30280
17400
45188
29202
16350
44053
38061
20982
30080
15938
24213
14287
36800
18196
24518
8376
48447
42528
11341
10509
45978
30793
13329
31489
2392
45220
32703
43945
38139
34086
49455
39249
4808
48896
47209
45278
21900
35899
2337
7793
39777
18257
6777
30732
8417
3373
33396
36241
24093
41606
7951
9490
39392
48196
8332
30940
34503
30487
15530
28724
26031
30830
25080
22925
26554
29965
17535
40295
2335
13275
41996
15095
9742
29223
24756
38642
38564
16321
34764
38815
297
12765
29316
29367
5902
43665
44677
459
31366
31197
39010
29806
25368
42779
29047
24725
4083
32337
24670
2432
40983
14564
26256
48393
687
46586
43710
31775
7985
7863
20114
11042
20567
31783
18397
47065
447
40746
45853
6590
46021
35611
40102
40088
30069
28436
855
1730
29882
23813
2426
49070
17424
41776
32862
44251
38640
33343
28702
36850
5048
35229
27351
48089
20990
20514
43671
13492
28729
48235
15778
22827
47029
31120
21672
42207
2299
46117
8903
3642
35442
12337
32541
46529
31731
35357
27573
4978
30542
28395
5470
26789
27383
27000
27950
15231
6902
23206
5022
39775
16739
33152
47669
5395
41992
34001
49740
14046
23341
11395
37731
10768
20285
6894
42164
9891
27967
49149
13440
32534
27659
34950
39785
9454
17232
12129
35640
32655
48706
27067
11352
3530
36236
35443
40438
33592
21778
47928
46109
7424
15835
20334
6890
27725
9036
11728
24320
36151
26665
31480
38471
48261
27555
20980
30390
23855
49741
8850
4892
25846
13603
11060
32890
8538
32394
31151
27771
30872
20913
2654
23758
32277
7563
30410
25577
8210
47538
23318
38008
1934
22404
9066
4006
39869
22412
46071
13605
38768
42854
44692
37997
2415
38606
21824
39298
18240
31549
26848
19804
6435
2658
38249
29606
43827
41274
42350
45656
48984
8146
654
5623
13602
22319
43258
8577
13866
23739
46502
6661
33646
47179
5532
2629
36937
35715
6330
38864
38210
25881
30592
19984
21245
6725
43777
37196
18567
26880
26235
30771
46525
38991
48423
7602
5939
40281
29598
31471
16524
41040
7697
9916
26883
11239
17844
20520
28545
35429
1841
32513
30327
20451
13803
39681
21896
1886
6368
11786
49195
33857
44033
40109
9775
35349
26499
11156
27096
10818
32917
3889
12246
3091
43784
42877
16817
5090
1550
42315
1624
17161
13220
27216
18093
13151
1375
45511
6741
9192
24747
32408
39614
38816
30312
13104
37006
16485
19743
10723
18335
43062
1523
36463
24134
24263
48061
10810
23483
2940
37499
2402
7526
47529
21831
46438
21945
29212
36858
5560
30029
26168
40857
33422
17353
47845
13108
35661
34641
12376
29313
8748
10602
9823
48340
29525
45105
66
9255
33133
37795
460
45312
2675
43372
619
46709
22751
10630
7823
49282
28888
37867
6551
24352
15956
15968
29795
46333
28116
7695
33824
49009
28044
36232
49347
23668
22578
43483
11129
35989
40970
47526
31359
5985
21758
39075
36690
43666
30720
9220
19125
36148
12059
46424
45397
47747
17992
6000
22348
5260
18695
6012
47633
6990
30377
15509
10258
37387
24436
48000
18116
17839
12553
49711
9791
42406
12049
17944
6876
16386
18197
32168
11776
44937
26817
43537
6940
6222
15732
1175
217
3057
11755
45780
17599
33231
35591
16878
2612
37882
7643
5962
8414
10962
6857
5980
17199
15020
24314
10404
38365
30772
31835
19092
35048
46069
41176
35124
22226
46489
22335
14524
8536
33995
20205
38786
14092
35026
2545
40753
44995
39306
2063
19777
16364
26672
46434
41474
36861
36739
33048
2137
3996
5119
35501
20460
38308
24486
5097
2702
19774
40186
18967
27943
1769
26920
42661
3094
23313
47855
23422
42236
5288
1751
48501
29946
30523
16660
21325
48601
23388
47965
39942
30035
28391
44897
49708
38779
14556
35682
40903
40718
36915
40791
4489
3547
18128
35301
9120
14669
39057
45795
26225
26713
41122
48604
19435
16830
10892
47582
34515
11515
1593
32415
45394
39834
44619
644
23467
48866
2744
29939
4625
25816
18222
20615
27113
32875
43861
26188
42326
36317
9985
46242
18308
24668
19376
17109
9519
37744
41171
27272
49386
32699
9890
21913
10001
8251
32760
31903
7158
41266
38446
32894
6770
37398
30576
43393
20973
34333
4780
20891
12642
40425
24910
44413
2515
6325
22357
32636
4754
42501
30802
27965
19030
5015
16804
15309
38005
16235
29950
12572
47333
10050
41317
43440
41639
47713
42044
39873
22049
26555
49685
44525
22154
14140
21776
49051
10163
434
30813
7915
7957
35599
7094
6173
39522
13244
47780
27466
41271
7207
10378
20307
8570
18488
48331
30779
41097
40769
15944
1613
36450
49456
23645
9301
15831
35240
15150
47583
14683
46891
38119
48707
35470
20708
9759
1839
36113
49819
32354
19447
4546
12771
14226
45402
35804
20780
10532
45325
48862
43376
45489
45584
34719
6789
28204
35450
36640
9743
6070
13950
28021
30204
35552
31317
21159
21500
19664
34890
10190
9899
15272
6279
19086
29757
30547
42441
4516
8227
33174
14677
29970
5309
6763
12263
31935
44298
8084
44990
23453
1372
26297
10216
24653
31210
49752
9366
35739
3675
45004
19292
8394
34748
48578
42252
7290
49118
20715
1291
27593
37364
39294
43907
30342
18965
26076
31484
47720
20556
34471
5731
6882
33948
32169
41404
38484
32488
11675
47530
5675
48581
43003
30315
23724
48334
30
9953
36994
35774
34042
29397
20315
26964
17137
16089
26621
18548
7336
25308
16389
41106
31029
39338
14473
17183
49298
35325
43299
49980
2008
23168
16689
16990
22549
36790
34323
25464
4841
29620
34075
10946
12554
7199
42870
45706
34329
34531
2745
27320
28562
6360
17973
30455
26227
48343
21805
24013
1050
47641
32247
39220
45040
47112
16234
11734
30435
958
30162
19517
2953
33578
17282
4356
22426
4308
28074
34865
9876
11989
42171
42382
37141
22307
16910
45141
32561
2348
34876
24395
39047
16314
5552
35430
43211
36787
25421
43774
5608
27479
182
43112
39028
15318
36673
43405
5070
37696
2271
20318
20922
34278
1263
21127
1137
26631
49502
7256
38941
29140
42955
8921
4801
22879
44878
37345
43767
14362
28736
4803
28262
16394
6553
25224
28882
29586
46366
3221
33547
37612
19090
39116
28079
34250
4557
19928
24046
26685
44384
26005
14367
1276
14036
42209
368
24112
1530
46234
31400
2565
14012
14531
30605
30823
12785
25652
37630
16822
3214
6675
7480
33841
19032
31894
25647
11075
3627
6716
5524
39742
24896
29396
35132
25572
37016
25082
41748
44030
1963
10515
18236
7028
45129
47930
15359
20943
9950
5298
16116
19853
7305
25266
9641
13429
6780
34951
13888
1932
47265
4611
9093
30972
28443
35368
40463
32087
39194
45632
29698
23828
8564
16035
36456
9178
34397
41327
6888
25625
30381
12945
42122
32023
46476
14753
12501
35172
18051
18728
19233
26421
37770
35889
18537
43623
25612
8559
26037
6506
47574
48587
10419
8543
9296
34962
17102
19728
33500
34564
21057
18778
11895
19408
39574
1880
33682
9604
39473
16411
10912
33034
33644
12491
17792
35377
26078
41628
41464
43059
33137
10758
6607
13654
28066
47949
3542
33338
4608
45765
5503
22817
21929
14613
9553
45165
12828
23836
41874
19586
23037
18088
35211
34671
38219
25815
42191
47286
7608
15025
18438
22691
7031
14270
48350
14857
48937
28842
48997
12183
42880
14037
26088
26527
4562
29105
12865
29681
39112
18110
13133
33128
45017
20326
21971
27513
41657
17482
2605
4477
25773
27221
38385
10429
33722
22744
29274
29116
24683
9949
45889
36352
33791
18418
47867
38143
10568
7894
42748
1748
28507
10949
10296
2619
37735
11186
45636
6544
11115
1811
31541
31540
47338
42938
24184
38167
10307
32548
42228
22242
32988
8105
37323
19744
21804
46139
20747
24540
35232
41020
13972
11212
21147
31780
19268
17209
23794
15529
3071
15243
45966
32937
46331
11518
39355
21881
26996
16415
33318
10781
2689
5323
40916
2498
39322
20398
17451
22195
10238
11493
13486
20729
15678
32557
17658
8680
25079
14623
25107
4252
22773
12313
31479
35182
46629
21580
6109
32336
1953
48187
40043
38411
28386
16663
4146
29172
33020
15917
24029
7539
20662
35588
15151
12989
17065
44599
47575
2636
13080
16624
30866
20768
24945
45313
21337
24570
26577
16774
16679
33355
7162
29182
528
43120
31477
45994
15813
47003
13701
178
36127
21464
19931
25160
7417
24429
21056
23904
45772
43141
43647
46815
36383
29842
37714
40816
36295
22893
15992
33727
1219
41829
5266
8356
30363
14041
12136
756
43114
42137
13876
21097
29117
48603
16212
6985
33917
46612
26377
7717
39090
9680
37362
10270
4076
46589
28315
13170
3915
20738
17412
22661
14005
49229
27354
5078
35744
26548
26671
22786
8990
37269
22936
22716
32749
31962
4167
25431
26072
48540
31637
44356
48954
22396
46808
11421
30829
33642
4032
44185
10850
33699
17195
867
39494
25342
36084
36927
28957
28096
28284
24480
18712
37375
22527
7239
24906
11557
15925
21714
21438
35085
29945
17101
7784
13210
30308
14741
20369
29988
1457
47149
42094
29521
22451
35769
30730
25882
12595
44583
27345
34334
4842
3975
41951
3293
23070
39628
46672
8470
30562
30461
18543
26336
33499
12778
48112
38569
33439
40245
38827
22100
38203
11965
12537
27004
38229
31271
48326
32358
15168
4751
9789
26050
20316
3709
15588
48900
27059
3517
2184
3341
24818
19696
2222
25249
310
26101
17713
21287
46567
43094
34368
29511
41860
43097
11502
12806
18780
30176
14439
1418
44315
23734
39992
49594
4900
25109
18653
23402
24558
17419
44965
2534
22706
3036
1210
38347
20772
30170
5809
10468
17404
16809
24032
31311
3883
46324
18426
2068
19827
46161
32906
32108
14075
19986
13962
46479
46946
726
23215
9591
16686
19487
30782
38865
41763
9041
22283
20242
38688
27044
24790
25447
26371
10984
6289
13670
18885
781
33399
34954
6115
35627
35762
11234
32507
381
1449
24083
16538
9893
44161
27753
21775
240
26243
42926
21968
13195
40844
8603
8612
39951
40028
22158
33213
20646
49358
13317
7794
35932
37611
10177
10646
26402
18435
13264
22506
656
28245
2577
40298
17304
44446
18945
22245
1116
7851
2769
4291
11752
33087
22503
28850
31444
30905
21561
40473
8630
11757
3161
41523
12944
16980
25961
19683
8455
40578
14831
32598
11999
36873
46046
42547
33124
42608
3003
43444
3502
45729
43890
9625
47346
287
19519
33185
8633
4434
28846
21220
39437
42199
15413
9945
33221
5249
49115
5705
44953
11707
32877
35707
5542
27892
47967
9138
14379
31003
48459
40817
39795
11960
13179
2356
27605
15287
44595
19466
35845
45478
17585
3646
1009
42765
46777
41285
38425
23339
34911
32502
32065
46287
590
8822
27506
23448
33895
40487
8092
10297
43730
31923
3243
6275
3914
22906
17207
221
29002
31651
32318
23567
12416
30526
31833
11393
44946
48357
49380
19310
21314
9633
26196
15833
29699
555
8448
9857
32356
17561
35852
11482
27864
33910
28560
48230
28461
33970
37618
36198
49899
35103
38667
34242
42543
10794
40067
24519
28159
40733
10461
45440
32324
31270
6231
15385
49705
43468
9856
22559
19673
21699
42427
37187
24525
16857
44295
16048
13084
11640
17238
19942
16084
30351
24827
18336
15919
33413
31921
16239
8093
47729
46455
16714
46769
40368
3000
34746
34872
32727
1884
3276
25263
34522
13550
8039
30534
19391
22389
15429
49340
13487
43264
5562
22463
44159
17382
140
15108
20580
13672
27598
27217
11629
147
1376
18991
9302
43569
7796
10014
12257
37688
11209
22846
10660
37709
42004
45491
31039
43614
2876
3659
40558
27868
34077
10875
46181
6185
36036
42031
23599
17472
5111
5191
10922
35556
24098
156
14612
31631
28654
42000
43818
5109
11561
11660
45968
8669
37800
33753
11035
2794
8388
29359
40450
9271
9479
45453
30989
11814
5580
38279
20636
43626
44747
3186
32802
19514
10600
24424
25811
20932
7291
9400
21152
17225
33842
45116
22276
1369
4296
26619
16432
8835
1630
36132
37655
42173
28667
16435
18666
45463
33495
47703
49454
2939
31343
21972
35129
38944
12232
26355
16302
28356
24702
20143
42723
28553
3124
15321
40378
40390
10189
43253
2258
17212
29045
44013
37517
10774
8136
31522
15350
9825
5863
17329
40007
24886
33368
38064
13022
10197
36158
12758
31122
34130
22282
16898
9845
40813
33420
44598
10521
6924
688
3488
199
23434
14622
21165
33815
43388
28134
1271
16295
947
10663
5509
35077
9487
43921
24504
28677
46877
39567
6895
39542
15503
1538
26618
13137
17765
13154
12657
20771
10319
26523
35731
28012
18427
12851
26340
7088
13224
11782
21168
9165
7095
9174
30073
41251
44794
36230
16244
21639
17921
39105
18985
15285
47016
1928
15989
33881
31974
49156
1348
16778
2789
5057
14024
36567
29275
30536
40946
22562
40562
43643
24658
8913
30180
14835
22477
36043
41636
39952
3061
23303
48239
48392
29208
39990
8686
19275
4549
37587
30531
27155
12310
17422
11195
23627
26575
11651
3948
25727
1518
36608
31488
46996
28155
48070
13202
19381
34696
43844
48556
39291
35105
49496
21064
27474
6696
17917
25606
23385
29765
2452
35345
6369
20075
6531
3400
37547
45187
25573
2320
34600
11553
4614
1151
11726
12917
9463
32568
31312
41127
7818
43620
48215
43544
44076
3489
123
34262
1763
4807
12419
22295
46970
30433
2931
1899
48992
15074
36234
43213
22916
15215
38338
22004
15741
12594
46617
17732
19137
40971
33711
7038
45832
22140
31756
28815
20841
37290
13808
47760
44116
18464
393
4172
23566
39111
28953
37565
48639
35684
31332
26804
46000
36773
1579
7831
30211
43805
44485
22636
16496
33481
14616
8095
17901
29470
32315
31453
28829
13726
9987
19861
13161
38781
47553
8518
13955
10981
41312
32887
19556
41337
7931
40301
38805
38935
8615
9494
49949
11520
17542
11059
20260
47598
16451
5555
26747
31695
6469
45078
10974
45886
40460
27030
6897
13300
28657
41528
43547
30853
13960
45186
11644
49693
24973
44050
23615
7216
9595
19182
46120
31221
37352
22720
38076
40829
47236
37268
17389
5426
8194
42051
37109
20197
2254
23486
8334
49946
6401
17914
18129
23710
26025
19688
48589
39638
9631
34642
356
30117
22586
35966
16970
24382
49122
1996
8316
10864
49319
1895
34178
13567
1758
15473
20652
29392
11606
11578
22446
42083
1668
40939
8787
8440
28065
6961
32708
42729
12461
27750
42085
12317
20213
17280
15329
18808
20509
15181
8914
37595
26963
29658
35414
8811
41637
12456
42995
9340
47985
15465
35144
2715
17728
25269
19340
33442
25208
36586
44134
33597
4383
27202
10752
28958
15563
40620
43807
16102
29997
28695
33941
11447
17284
48377
11023
1214
33889
32119
15373
24374
13026
33404
28114
24226
42538
21479
8621
23732
7777
360
16652
1754
36477
25753
49603
1069
40287
41230
31667
15176
33467
12488
41276
38180
318
2559
24734
7413
33978
26847
31080
32416
30277
33802
36820
17916
36017
1237
33764
36276
19897
36962
27541
6079
42239
29036
33216
27766
28383
22437
23527
586
40898
30936
39085
29705
22467
24405
21554
15977
21142
21559
43314
48696
41313
38422
26317
15266
31692
24198
4118
48194
956
3102
19414
950
29079
26185
33165
28352
38399
37483
45109
26605
38208
48219
49691
18363
39939
49742
14928
26585
2890
29943
33205
16779
38381
12513
6452
20876
47391
3495
17843
7276
32024
34073
43162
29902
18040
17614
36497
19591
28371
9938
32686
42443
34003
6201
44398
48243
19083
32853
45380
17099
19249
15662
42616
1725
49012
37715
30996
1486
5937
6288
35485
43804
13861
10613
47490
34090
41292
34698
2748
47931
14950
22947
23584
2116
45522
12079
5777
6381
37917
24759
44988
42189
14246
10650
29019
42363
3980
1666
9600
29794
47328
17048
34902
4819
7091
27125
41351
1614
23983
23401
47620
29909
37660
35021
41725
18198
26321
11695
19892
43824
3068
29550
29471
39728
34504
44852
9004
4726
2712
47128
38557
45645
9729
38879
37665
44338
1112
38545
1265
38760
43929
22418
13357
47578
34113
26092
24940
46730
16281
47443
46651
13470
28264
41382
45441
27844
14047
10250
32234
21574
26971
35146
40346
42146
22317
13396
22338
7401
45665
2012
20762
42428
21640
41453
13303
39514
9977
16410
1477
6666
21615
44350
48664
23305
7809
2566
824
22259
21376
3436
5830
37853
27180
7497
10406
43613
35431
1717
26824
47714
8919
32794
47966
44101
49044
10805
35557
23329
5551
44278
49105
28732
1965
23991
41126
35549
33951
29466
7909
15698
36890
2630
212
27875
44768
852
25565
4985
20963
28009
9569
29518
29000
9103
42043
34664
47260
32908
39746
26855
36120
18354
7375
24574
38392
23515
32623
42615
13968
19356
26120
42319
13369
47959
22434
3347
18719
44370
49661
15601
6212
32886
28868
34630
30741
23536
41005
14863
30147
29634
13434
33931
25425
12894
10543
36753
27529
11160
38262
7671
23785
33461
2293
47557
6228
47105
32432
44881
35375
20249
38907
49290
441
11272
40884
19782
26945
5869
10783
36547
39219
7962
22022
25240
43993
10031
25736
34588
32795
25803
40280
13975
8998
27709
26395
28387
3236
49650
26958
31021
49923
11376
701
30149
49907
4677
41072
12434
31748
19805
6036
1722
12531
40384
1968
31043
1519
45557
23132
41221
7836
41409
16934
43291
4730
20555
30321
1229
25245
19241
11423
2800
46341
20320
10916
19956
34053
25197
24156
24984
17820
21230
18876
30022
29077
49934
30696
11327
8362
38405
36692
16674
2133
13232
9137
20136
3353
7905
29921
7300
10992
33522
9181
1289
12302
34586
16916
41379
923
11628
43009
48444
47454
49698
9678
37492
8059
9276
11593
35067
882
36897
312
44862
18551
48910
44834
44582
25779
31630
22323
36321
42523
43027
14372
35236
29478
5310
3809
28183
44961
10937
31428
7340
29146
47581
25698
26564
40202
41634
2140
10619
7642
27380
37041
28905
27881
3801
44027
37972
12023
36939
21857
17904
38242
483
5517
26859
35941
21157
35332
9706
11276
8780
11278
25462
43887
1316
5633
47183
13040
6153
31314
1628
45991
625
36976
25494
15412
15624
43754
36209
9215
17497
33790
15375
47517
9900
39257
41854
4870
36751
2633
21828
4742
47884
35628
7263
25665
37964
19585
332
45262
22362
11797
44218
15606
49940
4514
628
22592
48542
25894
40193
20262
5300
32195
16835
21185
11597
26746
23541
33534
18381
27367
40814
31752
16008
14705
46932
43736
28845
43528
25300
40760
9700
42351
41991
10287
23563
23770
29838
14904
13690
20704
35584
803
46522
31589
11222
9053
46837
7226
10780
364
44450
24124
15268
39157
49429
27564
16158
980
36525
12372
26807
24620
213
9593
9748
9039
33873
17864
24363
28167
11547
28534
398
48271
36888
34466
38134
43010
47619
14687
10651
19443
898
27453
9236
44165
47983
3119
41132
30922
7520
27475
12937
36314
12625
28974
37311
8745
21986
8852
43535
27070
16681
47572
41134
15597
34011
20220
16865
11521
44520
30899
28543
31072
27066
28338
40995
35812
30744
8733
29364
3311
2855
46516
9640
32964
44274
20916
24379
43124
39086
671
8786
17588
16484
27078
1870
44435
9897
45322
5622
45527
42605
9614
28902
3374
27389
15166
16532
31470
15312
27402
48723
39050
44507
39360
32360
45494
12186
23055
19283
3885
39748
7649
31195
38490
39394
16519
35329
30535
23782
20176
34517
24450
2740
18855
30201
23071
40825
8058
41031
35801
16815
7852
20617
17316
24946
5871
44434
17647
49285
10393
11588
24623
40924
29929
44516
27726
31743
15103
15227
25978
15096
33337
31577
30332
12908
43008
6151
38096
19705
15177
31722
37194
4660
34429
30268
6294
47567
22688
17648
23546
16161
12654
13205
46776
21418
34684
6752
33869
21062
22713
46582
19697
37046
19863
17669
12352
45256
6585
20339
27443
38052
45900
44229
29104
4846
34279
46616
34054
37672
3301
41892
12464
9029
24632
7202
29832
39811
14365
44523
9098
18223
3103
15579
11451
46274
32713
39497
41041
45725
23837
45786
29906
557
2174
47345
5648
43056
19457
30230
33489
148
49761
29958
24066
11765
117
34798
11912
5747
5444
19809
3183
12723
26822
9946
23112
45444
37824
42342
4250
16981
47085
11725
20706
39390
35677
20292
21697
23966
41422
34851
6351
6685
32743
831
23674
49487
41174
41294
36582
27759
45331
37706
45433
14649
36832
9521
22600
30052
27850
37713
3267
2472
13886
49864
33260
24397
31995
44884
16490
35116
20163
30266
23666
33438
1688
31220
2560
953
20327
8247
11435
12681
25600
47498
49272
38942
22003
467
44169
16060
12631
28520
40870
21768
41393
25359
19885
46230
21435
38079
18502
6731
30774
5493
21163
595
41778
15804
1882
3962
21368
14607
10004
25599
27776
38869
4375
33792
5283
28353
45588
10708
19450
12349
23342
10508
6322
41147
30013
15225
17537
19434
39124
26583
23088
49830
25045
40978
7378
24543
41517
47922
33613
28734
25966
49541
41148
39910
30164
33354
32174
13636
35997
4533
25508
2687
32045
45375
28668
17134
39054
22637
14892
3846
6091
37179
21987
3239
35046
3089
17837
17315
39204
39258
42606
25738
4872
36167
17583
260
10248
17168
33493
43540
6701
19655
37776
6754
568
33201
14644
20448
18579
26943
34712
8563
37206
16213
38028
15277
15015
9643
31127
17128
33479
18922
43948
19590
29169
42564
11208
8139
2066
23560
34456
2016
15720
42124
39452
28200
31393
27198
43335
45503
15672
36957
18958
38394
44932
915
28275
45920
13290
30399
40222
10603
7408
4987
44147
49391
16153
34479
22537
4960
28020
29027
39535
31454
35965
42680
18176
30202
48430
34828
6403
33926
6641
39168
44646
3730
2929
21761
48651
26608
29993
38814
12248
46760
1481
48105
37641
28547
49948
36371
28571
22540
12269
7571
36270
28787
8294
15224
26615
47020
48024
19999
28962
34595
23950
13535
14659
39928
24100
25716
31832
26419
35746
15218
18765
33749
15271
14605
9279
466
48048
32527
31712
2719
34171
20537
8270
691
37989
21754
32381
42936
9159
6893
9026
10464
42878
13809
16597
7620
6457
44173
42009
17897
33148
36974
8925
11712
34143
48302
28349
6773
25350
7273
36698
20868
15179
8555
19307
38057
5972
37271
25651
18109
38719
28800
39625
39762
8566
23049
29679
5529
43152
14887
2533
35251
841
2457
22363
43649
24839
6262
1527
34755
17605
22989
5477
2226
38777
14667
15297
5063
32516
36689
13103
26418
26393
39275
11058
36694
27498
46199
16249
220
20098
36309
11954
8978
31125
20826
31965
11130
42934
19214
14229
24563
35188
35653
11396
10038
8401
31263
6344
25996
21898
35729
36849
48294
37766
2517
17862
30524
10530
40147
43225
6511
9615
19547
14494
28390
5035
5933
30260
34475
13899
47745
23073
6669
45299
24957
20517
15364
8934
17874
14351
31678
49180
19262
39427
46643
38227
46108
39905
42397
20413
24813
17840
10511
10210
25569
25349
40777
33291
32491
2329
26280
45212
32523
45881
12947
36641
2738
32813
21732
41793
9108
43023
35
3135
43319
38375
39235
30840
4623
40140
13217
13705
30532
5480
8202
20101
823
48236
1740
17429
7220
39159
14734
26645
23986
14139
44210
3516
37969
31982
10080
23106
25258
31196
8592
47683
27092
31942
13395
31438
6499
33758
45398
18268
7029
31037
18165
16609
31911
33273
40634
19646
36814
29055
21880
22496
46102
17905
11636
44071
5324
4762
35140
46147
5305
14784
32361
31825
7227
13608
24224
32920
5999
6309
20834
47593
37030
7882
12639
19758
37201
16800
8809
36033
47002
6978
48972
26309
16795
2266
34462
20345
6739
40732
13139
46835
32458
19998
10124
47686
20049
31988
40095
17745
38988
41583
27039
31892
32192
6270
18518
32341
36571
11956
11144
32100
35210
36954
28213
9664
6491
30111
42746
23790
24723
20979
48597
5184
27349
20869
36115
37236
39889
21048
28653
10490
35987
14201
8766
43871
5094
47607
14548
22102
5363
11151
17812
48872
12931
44833
49405
8147
34217
16183
4222
5056
37848
16768
48944
27840
13859
34734
25334
10379
29271
38252
42642
22922
46968
40683
32977
49918
26438
45234
17981
10295
22663
1773
30281
30724
46645
12226
9967
36686
37685
44020
21119
45758
41621
12804
1195
24210
36095
1368
43903
1981
29253
32074
36940
29014
29308
5270
9379
40571
993
40566
19766
28218
7124
31629
35980
37013
10278
18513
25814
14437
2179
3597
15824
19378
44917
11668
20912
13595
12067
23880
29317
28723
14366
28590
10120
47350
38978
15671
41011
35444
574
35399
18054
22184
20597
43810
12494
39458
31117
45053
7862
9723
11325
5847
15436
41691
6768
47019
20933
28977
6942
29517
34621
14976
20810
32306
34976
46779
18238
26839
6159
31781
36776
41660
29310
35441
22807
13460
27464
13169
23057
378
8894
4490
19245
49432
32484
20985
10413
23107
33226
22568
14507
32429
37749
45226
27703
27682
47188
25544
21926
25101
132
23437
42369
30609
48065
2478
43995
6019
20250
25924
15739
20628
43347
8443
46173
7366
208
28223
35979
18175
10345
22881
20000
36029
18411
32138
23074
48017
37472
44051
45005
7729
49929
15999
36482
23901
41975
13558
3603
48674
23391
28301
36108
31760
8872
28330
45424
17650
23658
10103
36961
39530
10524
4555
34476
24912
17216
20477
26680
26727
1977
30822
28528
28976
37379
12164
4785
43202
35888
28620
21478
24130
34565
658
6884
15478
24148
41685
44334
37258
3577
35447
26494
17662
39537
20510
14737
21552
37061
29
46232
20964
41677
22419
40190
27610
12175
3942
21742
24035
35032
4478
1437
23419
28341
20466
44088
34494
25622
32388
39376
36774
34339
10649
28931
9704
42010
18063
5757
28225
41299
38335
7169
43745
14539
7832
21310
37574
27713
15441
27179
29090
4820
37560
7075
24146
15726
29060
30852
1727
29691
44117
16243
28483
31052
46486
28588
28011
26508
20161
37215
7557
30949
38902
4254
18247
13903
25729
27196
11078
25885
35665
18148
17582
26284
24203
9319
28802
27835
37929
16269
30971
49086
47058
6422
19396
35920
46215
7283
4354
15365
38921
42825
47475
2918
2879
36956
30947
7
6390
20029
32061
29473
34727
875
38880
49025
32171
12942
14286
19363
5652
41907
18751
38078
23973
8904
32504
35901
6571
6252
23240
32272
24177
18489
22867
48039
29239
34311
22647
13454
46590
31411
1709
21143
24396
38893
27554
8342
48399
48911
31519
14447
1014
8372
48611
11774
31231
38813
15869
12732
47282
15809
44851
45082
919
47871
26423
1200
41222
13543
32334
22642
31335
44589
39972
16001
24564
12484
32262
39536
130
43344
13993
2227
40003
33415
47772
24822
40338
46207
34425
4510
15310
29637
39089
45352
352
30460
45767
20304
15595
5734
1930
12536
24321
30787
27458
20736
6825
41936
23537
35520
1484
20414
37998
30300
21145
44605
9060
21426
41142
40927
9011
22329
34137
19010
31837
6813
23555
25497
25214
29926
707
43769
35816
49450
49817
8713
3160
18366
38415
39997
15517
14137
45688
22941
13289
11620
32517
3335
42334
32070
48605
3372
27495
25075
40347
28372
5448
48402
46664
8454
5029
40977
7409
37758
5171
24647
10061
19506
20183
36217
22035
43530
46342
26136
409
42261
47497
40365
26268
16062
28895
179
24730
45755
34952
13738
15407
14639
1236
7652
972
18570
13241
49079
39515
45670
43257
18150
13370
47929
37123
35811
7659
31529
36662
30235
39968
18830
25838
39528
13262
27165
2336
38188
11615
15008
35410
48324
26289
10106
19637
24738
29026
27876
35814
14782
16406
13333
47831
44234
45707
44754
19246
43057
34358
45136
15644
44294
3877
29162
42468
30405
25586
17887
6131
15427
40695
35905
17523
986
27679
26819
6363
46099
23896
3173
20091
14083
46167
1531
47639
33886
11580
26347
10612
4265
23622
27207
35223
37468
18936
14368
44579
48277
18905
29977
32068
13698
41651
7965
5752
27353
43099
24400
13885
22089
39666
25416
21548
12303
5471
34275
3024
24785
42978
42511
16493
29971
28604
3287
23045
14396
29802
35877
4684
23998
27888
3841
20811
35055
25554
39262
34793
23571
9436
31088
255
42865
18467
2867
13101
47451
10359
47127
37614
918
36862
14308
11947
13390
47325
15406
10684
5208
22631
7482
11180
5829
23237
49829
16578
4763
46121
23760
5585
38420
39814
27575
13573
37162
28561
46032
32685
25720
34502
27852
29896
24975
3539
27069
27897
329
45680
14148
32086
2799
2049
37002
43641
8318
45957
32549
5574
26965
8512
40609
17055
47378
13600
20602
45868
3684
43693
39786
4303
16258
16131
17341
3792
17453
35930
8824
4295
30763
45903
17320
42632
37670
49901
20228
109
2
18325
9003
11789
16407
24131
9536
47212
17407
48307
21614
25856
31635
18451
18834
34249
34663
18012
25354
23625
21975
12564
23187
31203
47494
27433
29391
44256
14574
49553
42969
35638
1574
26690
4759
45933
43400
26864
20879
18715
46562
14398
46045
27930
6242
630
24121
5176
49777
37449
17442
22178
38482
6018
31433
19177
20288
28944
19490
35539
41278
32958
32063
18021
44440
18960
42079
31623
5843
42604
40980
9158
16037
32828
36664
9923
40608
25601
41949
47199
37180
22488
26275
22764
41243
7185
2877
48644
12696
28427
41488
7205
41441
36566
14235
49140
44970
39738
43281
43349
9824
22673
11090
23844
28292
9828
33801
634
11791
49309
33724
20096
7619
31866
36141
32271
25227
1170
8273
36257
44342
25021
14158
15466
18574
40934
22714
22924
23335
49286
13491
41257
1264
49799
31165
18603
41501
36880
43044
16499
22741
16127
26701
42774
26049
41539
19583
4458
46615
9535
33092
25061
39787
17893
12915
7313
44258
22166
8066
12085
37314
46152
49645
32370
13700
1126
19068
34824
42595
30044
37899
16718
19627
2753
20432
28598
49063
42645
37955
39016
15773
46598
25589
48991
48432
38336
3410
45264
24931
34491
41194
44467
35439
21800
6608
42007
8844
23984
21842
32122
47519
9077
12369
4894
33793
17682
28532
21075
43316
39648
30721
49355
36096
15888
24367
41781
14032
41199
29540
44074
42901
23866
46393
18982
46697
16074
18835
20195
30755
37222
16188
39214
25877
44393
37272
28703
40904
47147
9999
12414
6276
17909
32545
43942
17215
14476
22979
44982
27331
355
34747
44604
15039
41000
3349
30516
39142
48592
36085
36826
18048
13559
47678
5071
36844
30630
29020
44196
2998
20278
39649
5515
28442
24063
21593
44477
31591
19516
33510
43095
38247
14403
20435
730
6433
29835
9407
33141
6771
18786
25678
26955
4835
7525
1570
16723
48456
6474
17492
5750
4281
9344
27547
34375
30619
37044
13901
32033
42913
14655
17479
14108
21649
18709
15324
34062
22645
44427
21973
3492
24189
20222
1553
43429
33268
28644
32604
3008
36554
237
44111
34350
8682
6282
47089
17285
34300
17441
4461
21462
46044
4344
1800
16150
14701
8398
33854
24340
18084
11398
45301
1901
34095
42830
2881
17733
17787
23152
49249
36871
13702
9243
18821
15623
39527
44634
41922
23689
48498
20562
39033
20593
38371
8299
3881
25854
913
16479
8082
40984
34995
18280
38892
13609
17214
35538
5353
35760
44409
15942
39117
21134
39308
47300
18202
9730
27264
27831
31446
11873
14414
44268
43781
42297
43476
8746
29197
32261
43578
7700
42931
22520
1845
26407
12234
46432
41953
49023
38055
33741
23173
9246
10878
151
29548
5296
30926
10375
44473
27638
10175
7691
38032
2331
17008
3698
24980
11377
20424
1100
27428
3498
42102
8081
27339
36081
5179
9372
28344
8516
12706
19235
47339
43868
19520
32239
808
10993
25372
16526
9529
33146
26569
8789
42433
30412
40090
31632
1420
37870
24889
36658
40646
16843
35596
12254
14370
17885
18495
11854
48285
29398
48007
13213
40781
9932
37586
42452
30563
36260
18460
36744
12428
19954
48645
20479
8721
33381
13512
43541
46185
22555
46766
26978
47032
25275
2982
25871
45745
3198
1436
9803
521
21009
45047
5354
7222
4707
4528
45571
12076
28197
10512
19065
28316
39593
3143
11882
39839
33930
9232
17029
38300
28809
17920
48360
40432
6563
2698
2164
47790
36118
10113
13589
30734
44537
35473
45336
10998
24133
46320
41751
19407
2190
42347
28698
33008
35484
4101
370
6371
44963
19710
3452
48844
40074
24043
49100
49492
41508
44994
3255
44925
36683
37156
46379
3865
7301
12114
7746
5676
31449
28701
16548
24110
15066
349
29723
3280
9518
47370
13053
4615
22220
1435
13953
40116
30010
17644
37354
2027
37841
40743
19152
45183
9482
31316
7611
5556
7395
46240
6040
37440
30402
25710
15270
9815
30019
47676
12462
27157
33662
43607
2842
15709
14354
15292
8676
40187
9772
46412
21105
16993
28649
42248
34605
35016
13760
4121
43814
25312
9830
20934
26765
49349
20300
7548
14681
22491
23905
16392
40581
34065
32369
20494
35206
9554
41726
39713
23988
2556
48139
27574
27142
31149
3833
3477
4351
28190
25013
33283
20677
45271
43179
29813
33982
14533
21728
8865
47827
39128
9679
20298
32374
21832
36668
31402
31405
27408
33865
35216
9587
9090
25851
27533
15612
37084
42429
9896
40681
24650
12522
16481
15600
33047
25365
48867
31450
37636
16703
18255
22199
36634
4073
47473
3746
20551
35352
37130
32651
18039
22753
24327
16763
17173
45088
20629
36760
7425
3604
31227
32225
34569
34877
39656
31906
10160
40999
5307
32498
29534
35608
6892
1242
30067
4634
29450
39068
42086
36495
38182
28238
46495
31609
49024
4401
42111
46253
43897
8545
42257
13422
42331
44178
15076
36913
13712
18469
36009
21088
4724
14010
3666
30357
42798
33878
14888
1869
45064
49710
40380
12680
25796
16661
46022
40027
47230
37902
43463
47667
23492
28731
21202
3951
40997
36421
23916
24490
35808
29144
27798
47480
10773
21197
26881
9883
28189
45435
20914
31865
47106
20426
6557
27049
14212
31702
37628
19459
3035
5356
11608
16211
49520
715
39244
12110
5548
29348
34245
2365
31720
10991
12597
2064
3895
23279
21124
7968
30145
20960
38287
17475
47718
11500
8077
37755
40949
39651
25956
21295
18274
41456
47347
41207
18796
33925
18032
26206
12316
21388
45797
7928
20453
21427
33831
5052
47363
42827
32660
5719
8149
42333
2576
10796
553
1468
8534
29267
17665
13856
41873
8371
1350
39143
10951
32985
30150
41363
46025
24835
26316
30701
17383
18113
1249
45955
31908
21486
2832
26146
49420
23946
9629
13728
49232
49971
16608
4739
47092
41810
10111
47028
27990
2990
47673
7367
16057
5966
25161
18594
11746
25493
1500
24256
42733
24236
3968
12997
17695
23471
5339
23735
15816
22113
25831
26330
2438
17154
15085
49757
5313
38950
36182
40589
31734
14698
33556
35926
46804
45716
12717
47271
23266
6520
42234
36622
14931
18089
13730
9993
22197
30306
39595
41558
4911
45041
15972
23612
2807
38281
7360
17025
41318
24531
36819
1560
38795
24767
22841
47782
38054
49428
27853
46155
41587
1805
35118
43267
24318
36490
35514
14339
24578
35299
31490
7194
30620
44649
19251
7461
19176
549
4163
21099
44254
14335
8319
37722
31435
1478
32775
38102
23903
11766
38133
13562
23821
37347
8141
5742
27712
3643
12618
29863
14541
40828
27093
7474
14276
4711
17268
8909
24250
10932
19629
13388
11881
1250
45357
44099
6615
32700
19665
38534
48561
14540
4183
3978
9628
44527
48519
27406
46945
40569
37134
37529
46072
43735
42250
1559
28365
47452
46601
10301
22658
45100
46318
18445
6169
11498
25419
3210
32157
37223
38047
41589
21204
46893
46278
26295
30693
9506
3033
2968
45547
26904
20974
34019
11191
4721
4983
30161
41173
33288
44821
38895
10266
26213
12068
9969
31139
28414
28884
9325
435
35759
35135
32509
2747
20287
1333
11429
34966
5248
48088
26387
13063
13075
34223
45306
20086
29604
22812
1152
36392
7508
29890
571
34193
8784
10340
5812
34123
25900
14980
4943
30063
24342
8880
22898
12422
14066
22391
25155
3568
38432
8567
17393
41664
29812
16254
28403
13683
30431
38023
49922
35785
30224
17698
22746
37133
22504
1196
37438
33720
15513
43036
16974
40108
35771
886
38426
5583
26207
48214
14684
17807
7048
44894
6525
24252
5170
36946
5083
8490
36172
41058
32787
19318
29589
43081
421
48779
18026
31525
20433
19745
36918
25466
38166
18380
47307
35248
47429
33410
35766
6086
12466
45168
15683
18525
12402
15881
35597
13346
32442
9267
23281
34688
40574
5630
7875
26310
31810
39821
5859
5507
37088
42213
25135
36654
7554
39879
22358
21078
24105
1121
16550
7725
24346
5073
37729
47881
48217
46923
7128
32804
5450
35946
3900
37221
3674
21999
12097
21865
9973
47459
32210
43698
34125
31552
38658
42967
16466
13132
1341
48121
6127
20421
16640
49944
21551
32450
30122
4855
32002
37849
28305
43357
5681
18476
3807
31030
20993
43721
10539
47586
328
13011
44403
16574
36923
29751
42309
26714
28471
6463
44870
36667
20095
23965
33507
11271
4574
2325
40711
2571
9119
24585
13781
4231
22518
23885
7249
22064
49036
18217
4381
34330
28582
7115
19305
40199
24270
4613
34991
40035
35194
1046
38861
32601
2363
14585
21519
28052
1186
7098
1555
17263
24846
10641
22205
21503
43490
19748
5439
2121
27459
47382
38491
45409
34004
32657
23105
46890
10146
6836
45181
45295
49860
26118
34602
47674
46770
49316
20206
37644
31222
32574
30494
41586
26258
28138
23765
21661
4903
21979
10126
20071
10693
4664
16139
22443
47891
41057
41341
4090
18940
36732
23003
32009
37953
44883
48411
6644
10376
26610
24837
24712
22308
19302
30135
31531
6223
5153
6911
34433
5105
27018
2458
21131
19004
17569
29995
35882
25177
37062
44999
40621
4688
17398
6530
22964
21167
19959
18996
32133
23643
19751
7392
28780
31733
20145
34355
28396
26736
28748
15994
36015
37136
608
34203
8412
41301
27154
26084
21940
15325
28088
45915
13284
48821
8647
7727
4604
7167
48234
35469
24897
8498
44695
452
33440
24510
10504
14983
42970
11687
39550
15252
20224
15995
22206
1853
17467
49841
29694
1520
3791
9411
49141
39861
2693
44574
22301
2270
13588
13272
45791
34176
12612
1512
23841
45630
38778
32051
33097
42243
39234
2716
26915
49978
16469
29769
29799
17699
43723
40155
40154
34231
49561
31805
6787
42426
46975
7490
422
28195
789
13197
26397
16402
4277
41895
9272
17377
34145
15514
17568
11944
24067
5712
11700
21521
44120
10249
31460
37057
38848
14910
25905
45537
42238
3507
1188
41507
369
8119
9012
14072
19483
3553
16845
33915
6750
3556
29811
24850
35359
15459
32470
48087
36460
43631
25170
48776
46249
26006
26332
8041
29173
41074
16189
48869
12781
11527
46110
10314
25113
7976
10230
12500
10904
39831
3022
5414
37962
17995
3385
39229
18727
7387
1896
49530
34886
25294
37762
23777
2538
18663
48685
31456
10831
49143
47222
26108
47148
11285
29220
24634
23659
437
39307
8605
23898
4602
28045
48058
17333
6852
9099
25982
1840
24971
9435
27699
17074
29052
28930
42868
24882
12926
30426
32266
10700
43308
42681
11183
44658
19980
4788
34803
14997
7188
2232
30832
18230
10506
12960
15273
40632
36647
13581
47723
40918
5920
5649
11259
32806
19937
39396
44793
1099
36199
15984
39907
40616
13267
38010
15383
43501
11589
27117
33330
49266
3023
37082
23597
44105
1838
25244
39770
14155
43465
30185
6743
22371
49203
394
11732
19795
2825
27336
659
8701
20045
21335
43502
7778
28015
27576
2976
24515
17833
41581
25836
41768
14932
47304
1691
34237
2031
48516
16495
19389
20649
35072
6748
37257
11399
27622
13867
9715
838
11616
46618
32426
34667
1356
41473
22656
17170
1864
9658
5384
38348
26334
16641
5882
31361
42644
7213
13521
10834
43459
37639
5326
8374
44868
26754
38979
31017
15586
36802
38045
19286
16649
36575
11979
45465
8433
39568
20038
4543
43755
14695
42980
25911
19835
26536
14811
17414
20590
40243
19366
30586
13520
12351
11955
37522
19488
17663
36336
34381
30756
11741
48757
25834
8404
7384
44146
30652
44787
427
20765
24164
37847
36431
46988
30339
8587
14951
33946
3467
42927
48251
38475
11908
25120
12459
37310
29089
49374
26531
8540
38728
22589
5387
44118
9937
1240
47912
41509
776
42284
3377
37698
35358
39303
31879
14793
2033
30594
47651
6395
5678
30754
10178
12715
1428
10204
39406
12922
9800
8474
42923
32123
7921
17674
41972
5049
32398
29528
14924
8011
31565
31916
42364
19267
35130
45131
27347
13160
44744
43549
1133
24549
32593
45024
8980
31922
43210
12153
22569
38936
11141
26563
27582
17730
34652
41168
3617
21471
16016
34093
47904
581
34750
35854
25567
8791
25069
491
44921
17399
5534
7152
31735
29309
40639
15160
6497
28101
36327
19528
49064
13538
15806
26974
31723
40201
44639
16043
22522
48916
13150
23529
29008
6181
22945
43591
41272
15205
37072
12468
31324
39621
18532
22899
33939
42255
9367
35307
20384
13511
43262
33296
36038
7623
8752
29070
39960
26916
23644
3339
49512
28651
31699
8608
22815
8338
9143
16940
6454
49238
10377
33688
46641
25828
34812
31883
47262
13611
17731
35911
36697
6536
49268
1141
16968
30917
9428
29355
48731
16279
5427
40890
49031
15679
33383
14430
21217
20026
37857
16585
43813
19082
47672
40702
44902
49988
38889
10138
23677
3970
23420
1561
15574
46717
29877
16789
46796
40030
24415
37348
33695
32848
23685
24209
35302
34326
10876
47440
22073
14109
40242
33710
18635
32912
29165
23917
31448
16698
14004
22676
25839
39566
38571
10725
31100
40312
48914
47832
25440
46351
1982
30340
7902
6632
36385
40888
9006
18734
39613
18183
32465
2786
45323
35844
44026
2089
19700
13622
35991
39024
2249
37471
33187
42359
21668
11307
31969
2829
38193
8905
46169
28665
26911
20056
24457
12629
37578
49042
15784
38584
35214
13623
15491
43691
39450
5131
3532
49303
10527
39032
43617
35898
7093
37355
33056
21059
25618
36969
28708
22977
23054
37738
13400
43217
15148
17171
21067
4349
27102
22250
33239
26541
26738
38122
38772
46789
32856
48678
28141
22221
4676
48378
303
2634
12173
24462
7030
1674
11107
23260
13426
4680
22376
30986
35631
49910
29181
44025
44200
31536
30913
15477
42307
29630
35389
37256
43808
16374
10610
44242
47665
22736
27755
23047
24034
35230
34407
40669
6573
11361
47145
21587
45171
16995
7715
18535
43397
41391
20356
22910
5514
19230
1361
46148
22721
3127
13610
3491
10813
1868
36046
18002
33594
33480
25006
21850
13925
17659
42095
4014
28955
19250
10484
41295
30697
42418
29808
49984
26033
4305
22787
1382
2376
41941
25731
23218
48700
12323
21374
40417
26075
20234
3207
6162
37658
44898
36992
16864
11298
27983
40195
29037
17444
34449
33037
26813
34658
2475
15742
36891
12394
23924
10416
2144
46756
37059
19848
32008
48878
21676
9111
847
45182
21387
44339
40607
34211
13172
20310
30186
7537
48416
45286
5549
45412
10374
24597
42001
10716
42168
35543
46372
3790
24196
42057
1556
39975
23498
49425
13869
29981
34681
16054
32025
27128
28556
603
16253
35281
15661
37562
23475
5047
27898
34485
43290
45525
17592
46797
18315
1352
45866
49350
30454
25122
13811
27802
1708
2264
15199
33067
6129
47323
30407
11409
9497
31168
25033
49699
31888
27710
21513
5054
13384
23336
5320
49116
40707
43289
47841
18442
39146
27545
19484
6313
42840
5862
4466
10823
8013
36436
28006
16440
43973
29319
11143
23456
41835
18798
42276
46354
6877
24204
22407
4233
31143
15453
17385
2531
47175
39174
41644
14054
46223
13827
34592
26323
5437
6581
10443
1072
23551
42125
6076
45507
40177
39532
20946
2673
14113
45562
2125
39008
34218
25950
21588
4398
39373
23930
23310
15280
17158
18070
32236
29554
18972
1208
47381
8920
2451
8138
5325
12281
44608
36759
19780
38761
28838
46570
42223
40696
8016
43546
16961
39734
31242
17668
20459
47129
1169
46075
37832
48718
13570
19614
19755
19622
26885
38087
46348
6610
690
46277
46038
10262
25813
45501
35388
43708
31874
30155
47643
9297
44703
33900
19808
15611
2664
10936
36302
48787
34282
13450
28332
48994
19190
4962
752
18841
13138
47910
23345
39325
6919
862
18692
43394
3305
16200
49589
25537
43543
36446
38267
32511
31337
32521
14194
12586
47975
25893
28104
3506
43584
37331
47978
22405
31864
4559
8463
48135
17117
9253
16947
15197
21674
40249
49700
29127
22565
23085
43749
20865
25415
22201
25233
36687
13030
11967
25636
7728
26651
49807
20073
3244
46860
10726
4831
38265
26476
10159
43446
33739
1511
5837
3413
463
11408
21385
25388
38204
4578
6898
49564
41021
19715
44959
44642
45860
34034
6305
4123
8368
20121
3671
20235
36062
38625
48616
6545
17457
28664
6501
25501
47311
3657
14199
33966
38622
2828
8444
19535
48153
2802
13211
2444
39808
26735
3108
44377
7735
13755
42148
392
44078
1867
29302
3083
31710
7472
46462
28267
36764
27056
39828
23446
16651
37278
33858
15392
38735
10775
45833
31839
34679
35180
5221
39381
49793
46519
14211
7774
26215
5461
44901
31615
19695
15667
23257
42750
25874
25547
41429
36160
43727
27492
1820
18939
32377
33456
35458
42483
30908
6260
25296
12065
47244
11266
13501
20664
49234
34555
13751
5784
42521
35311
31475
19505
4439
12615
8495
31038
30307
21610
4388
24891
2742
3569
45482
49874
7318
8891
4471
44836
8849
16964
49822
34519
45311
14346
13027
25338
6624
7168
29996
39093
19719
29948
17666
5729
38800
9892
41756
16576
3952
21591
10236
26160
45054
18818
18069
49383
16936
456
3252
15845
34198
39726
2575
23338
5736
135
44296
6393
25422
1274
19382
33449
30827
27992
32960
13057
22837
92
43605
4551
26066
29862
43475
19988
5512
25040
35705
44567
23375
42134
18568
29868
49526
44853
37907
1073
40150
36789
16221
24465
3923
8869
35985
44494
24969
2812
16268
32597
48086
42254
41998
22386
45517
17357
34284
47879
20686
32607
34981
34610
20557
15446
33918
49686
32690
7513
36420
15631
45416
30444
42287
12326
2888
19767
20103
12699
10194
5876
38155
10585
1015
30054
48767
25052
9263
7382
42017
24111
42395
34063
41718
33105
39232
26403
2760
24751
17156
22300
45643
5040
48586
2853
44357
22659
6540
36114
24863
33366
33810
21678
16174
31646
47496
42293
4063
1459
30617
30965
18331
36533
2709
20332
33624
1846
49327
31010
4329
47588
31660
49083
5098
31112
7764
29805
29960
14864
15801
34286
46337
23134
41416
48384
23557
19983
21085
10476
21923
45439
32467
45477
15030
21825
7285
14090
21382
45626
6063
13156
32633
34628
35052
10488
36480
46453
10386
4497
17105
40522
27017
1258
4132
26722
48539
16112
38771
45091
11124
3159
4182
24227
15887
46184
31278
39368
9030
35967
662
21474
39646
4269
16050
36993
49494
44407
37558
38042
35824
39978
33817
28833
18976
19476
45681
33600
12672
17489
44469
40752
20901
29058
38639
2681
33393
41095
5245
19713
17749
11824
32757
48068
4526
2279
28169
39909
24987
43395
26750
7080
114
22958
10127
45628
14275
17899
18576
4105
6430
3361
8325
19360
25700
8254
28216
35465
24449
38566
32765
7989
17317
38145
44958
42176
39969
47548
43064
28163
24202
16994
2657
30427
8424
12849
6800
27401
7634
41078
18981
9424
5342
32190
975
45877
44597
31334
34497
46202
39184
44373
45648
15472
4544
43518
10544
16242
35934
46611
44914
25229
44666
4692
34618
31371
48717
35462
48758
5086
41407
6160
13766
15788
5272
49776
40823
41246
4753
6604
7782
22025
2963
33271
42218
26539
11445
39334
4321
11002
10154
16509
22831
12799
33426
47000
2824
33992
39386
20105
33734
16337
31375
45977
4802
9807
47503
36455
14392
3112
19759
4829
25179
10036
25531
47933
12689
1904
2607
588
2446
23175
24516
23975
25286
19621
2750
127
22791
36785
49588
8314
39842
47396
7650
43799
17044
7398
27375
13823
37254
48851
18388
30608
29148
43177
13650
24947
28612
14220
49256
22728
35171
26095
25274
46633
21013
37675
49095
12314
23040
7079
46915
29029
23432
39963
26244
7087
47615
49339
49003
3670
28946
26009
3875
17305
23225
49033
32836
47527
42635
9699
35050
935
15495
4550
48957
14625
17591
22767
44621
38222
24856
25474
29381
280
45261
19712
7766
19702
400
36638
26300
28050
23411
21384
38798
30346
38030
18262
28896
24858
24711
28221
25672
41371
40665
49188
8123
13984
969
48939
28485
27613
35714
18422
27468
28038
30767
6033
3474
45781
43925
30867
45302
31386
45664
32771
31521
28447
1134
36019
46585
17888
13191
31821
35660
32851
41614
4350
10353
15337
21608
23649
2773
14467
10449
12489
44193
45586
4482
14014
47102
10445
3328
1145
39637
49362
5023
3485
30291
13116
6467
16988
37818
32722
48265
21840
46736
35054
21401
19559
17989
37700
33365
47239
47600
38900
225
4914
25916
1710
48591
26854
22256
40579
8687
48778
33052
47086
8419
24844
34542
30884
1909
40247
8808
16760
36200
8309
15356
9722
16408
35348
1651
46150
10169
17450
33595
39348
16429
20353
10735
25795
41314
41402
39069
4218
6724
35330
37024
23408
4867
24544
32815
18864
27698
2300
19884
29492
24588
39658
18458
48474
30243
21240
3030
24696
6832
29614
26176
10024
35842
17722
29990
30511
13409
13330
6055
39393
23180
5600
44369
2192
32188
1079
16307
44366
13911
48163
36124
36713
29321
49531
4628
37085
48420
38428
49062
39737
18772
41403
1494
37816
46017
26259
47913
39609
19830
44984
17036
43881
22313
8120
13286
35320
18704
38856
7423
21247
30040
48288
21021
21547
325
14733
48845
10153
20417
11474
16301
46750
44290
45930
40094
36823
16722
8467
21935
10498
17560
40660
38286
4860
32619
30416
47955
38049
18654
19452
13812
38641
37286
2908
44449
22583
22677
19950
26549
16330
23740
43492
49016
17509
2253
9385
39558
34079
16655
23198
11235
31078
3682
22821
26759
21670
19511
16930
38976
10367
20518
6311
11779
7878
14002
10882
17324
23743
8173
15617
2155
49199
32260
11751
30475
4655
39123
39966
7055
39190
23234
43899
30046
28618
41383
11261
22453
3430
11309
14250
31170
26172
26308
6984
26682
37276
375
27959
36636
4909
13428
8225
1067
13047
37705
1058
17890
796
3284
47166
22027
46855
30107
20570
13458
18111
21330
17980
22377
48981
31150
32967
38009
38675
207
31109
48337
8465
36338
49312
31276
46979
7906
45406
10013
1020
25945
17157
36263
14116
33807
34948
17965
10245
31176
15387
10085
36396
31750
16631
41754
3557
19383
10409
35633
550
20512
35724
20013
21041
41427
10541
43133
46037
4127
22115
3928
10535
46345
48033
45964
45343
36437
23519
32705
48661
3466
44260
45493
46093
6695
40069
42353
18865
3
17806
48279
36179
13355
12202
26404
26731
46552
12610
9222
23062
20788
8634
35949
40973
3002
38502
24775
832
38487
14203
45086
26779
12652
19255
24335
112
13508
2489
2067
24951
45618
3115
3469
7044
26639
20118
34162
33242
20085
17869
11750
33833
39870
14690
22855
1062
9578
45073
1753
25121
24587
42556
36680
27288
39020
3677
39023
40947
4475
12381
6155
36072
47100
18293
36173
20902
22813
23725
2039
49435
28841
26111
28910
4837
7837
44374
1967
20238
33312
911
32966
6928
1080
48053
43313
38152
11633
45077
36675
767
25847
17570
17140
34786
44681
48677
95
4852
47698
43883
18934
9440
31437
27920
29746
6578
30650
47049
17107
34943
19925
32792
19326
39340
48424
26923
4255
31184
19749
30115
6459
36003
19171
24993
44684
1102
9274
35353
29187
35546
23600
1122
22108
28835
35005
8586
12507
24305
32667
36360
34685
7458
11990
18144
7813
42818
8991
4571
9171
48306
27953
45864
46871
20861
24507
11603
46004
13627
1385
30130
25503
2925
16561
32631
3403
42203
9359
32313
47259
18338
14878
12366
17845
27538
46319
10601
25889
28793
27929
41964
29706
16280
28432
46731
37309
33298
43491
22400
43792
11197
5464
6007
49084
8655
13675
39547
29013
20930
32194
16000
39205
35953
38514
25535
41715
17744
4924
45673
32663
14204
17368
9851
20003
9480
25870
45196
13940
18995
24304
27225
21976
48619
41850
2260
46515
32179
42871
44540
26737
17690
6154
4796
28014
14068
30386
23110
3245
7312
34942
36793
28711
1387
24330
24699
3217
38181
16816
43924
43452
19512
27300
43612
4148
12071
15519
23500
46684
48323
23849
11708
49818
17703
46475
39108
30371
39100
40577
7922
15558
7839
4094
28963
15315
22402
26730
12385
10257
13617
46850
4627
47787
18324
4999
23640
5527
31947
24062
38850
21402
6960
19819
6466
28954
16836
18074
48665
22413
33203
563
40408
24694
31662
24583
44983
48376
2349
13453
18391
49017
35318
34099
8936
34379
32526
6507
32567
21000
42858
35499
11745
8668
25930
26816
20501
41686
20820
13846
6826
37451
24059
40668
7889
20709
40941
41711
3587
2297
44442
37169
46954
42430
24079
47916
32402
25162
43351
46741
47059
45189
37621
49597
37288
8828
38307
45163
26875
46927
39288
7853
23608
27701
45258
17123
44742
1859
28364
25318
9444
10007
44010
28450
8231
6673
17522
26144
39510
10525
26341
18290
3538
30016
35455
10629
33536
15727
185
21895
21364
12492
12276
14170
44538
23343
15557
20908
30144
11066
35933
35708
25841
8644
14082
15165
20340
20533
6881
12871
40461
25192
12905
24675
23669
33248
5082
33637
45192
17217
29452
48186
2899
5672
2960
17082
31462
8420
25551
11289
2756
47861
45848
45206
34440
12151
21255
7383
38828
23368
38041
29386
19754
45356
31506
28692
26302
40820
43085
552
45123
10389
22734
24217
47591
29531
11229
12191
26535
32007
32646
10954
30968
1074
23539
15367
13129
29662
13455
9218
9797
49196
8230
25505
9095
12340
44697
49782
49162
16018
16584
19078
32258
6820
31096
1738
22381
32744
17969
3793
41883
4495
26947
31274
37642
24573
11086
41378
47287
25186
16203
6049
28629
6543
34898
46899
20258
46610
14704
26386
29046
46429
28466
38063
33553
3318
12374
3426
15082
19781
21080
38260
1694
26629
36977
8591
41989
2569
5312
35910
19217
19685
5558
12335
44206
23169
47252
12009
48473
44757
27532
31353
36836
27768
12911
32245
28728
22730
32326
10989
47777
29930
39096
18815
29232
36999
44779
4150
48328
35917
32670
10712
25515
40555
38404
31539
33401
28808
2109
28803
37764
43731
15842
30131
43108
14330
35435
24618
40833
32203
21407
21746
38093
3330
26662
11596
37474
22865
18316
31119
16772
27099
17485
15572
43776
15241
16044
15090
42259
4340
47617
29834
21733
25470
7224
9318
7655
28135
5415
15916
14001
44576
38600
35834
4750
27047
21798
32365
5559
37119
11373
37000
10348
11704
17621
37977
21599
4186
12382
25806
29228
8245
6035
9731
2787
18106
49626
6555
5598
18895
9806
21423
45644
42462
17446
21939
17162
25341
10884
19717
1744
12556
26861
21169
7262
45237
45524
49722
40139
28606
46050
36598
4884
29880
32678
36254
40900
4355
43426
3188
10551
21015
299
2387
17192
18066
8261
32764
21458
32212
26826
46907
34575
43768
17548
28516
16319
2763
26950
4580
30210
21177
34365
31951
34254
5257
47746
47073
17331
40573
3956
36397
16
45379
36645
15539
17200
46323
4705
8301
14637
49808
49569
12578
9572
24615
8908
39041
3117
1736
34934
37726
48590
26694
38264
1629
25259
46882
41079
11294
45381
37789
45540
7077
12546
9048
36893
7014
17589
5929
8208
21849
12030
33062
12346
41169
40387
18788
23630
11441
47576
32109
43560
39063
23588
49990
5657
6580
14590
41039
28297
30703
4037
30445
6016
37823
11564
26360
49692
25824
43359
3876
9141
22332
4743
42240
35453
14567
12247
5899
28039
35706
26241
3411
10988
33395
7411
12558
11217
27556
40687
19365
17984
30789
37031
48544
7345
4001
48348
39765
7545
20885
49689
11196
20078
18264
22330
19694
43406
44280
19723
23250
42961
23591
25528
48806
42713
25032
39871
18379
37666
28979
10741
34847
19515
1429
16575
40036
6723
45481
28406
24851
25049
45475
19220
36633
12252
10560
21894
17064
4878
27577
48662
39932
10274
26344
48374
11572
28377
37249
9109
22045
21553
38295
23366
11747
42091
13322
101
941
24983
45339
27501
38320
32290
13837
23981
1640
14388
17293
5144
38698
12600
32350
3616
16695
22387
11770
13713
13240
8274
15033
15487
39707
46052
