41615
33421
9717
7492
3935
5537
32205
46259
5172
42928
34818
16023
12692
7119
43936
30455
5738
7728
2191
44206
37976
41721
2479
47687
15444
18643
41785
41939
19378
6472
19881
42214
20060
23850
28981
39746
31144
23928
22723
18459
3139
10135
5874
29529
14596
24346
15568
48928
28724
37771
30959
10413
30323
10364
20420
35222
11848
3918
16398
42251
27230
41776
40411
11724
29916
48710
32501
7172
27406
12843
25831
5302
26685
23700
45775
35567
1159
4939
24153
32163
12531
20765
20953
3991
10755
39764
36427
31984
15844
9318
44659
27970
6262
39435
41029
45408
24797
333
32469
5776
18190
2045
48260
39122
19917
12680
36405
16615
29050
18966
41930
39575
3501
19562
38369
18647
34116
5735
9570
41007
27852
4612
16993
16366
3423
9699
13511
43667
7268
15649
16940
13907
39426
22965
8543
42676
42375
14957
30644
44788
12987
1702
19806
28006
30943
24005
28024
2637
18718
33435
32162
30567
21132
5686
36705
48572
10922
39036
29653
23999
8
7033
32017
30242
47258
17806
8248
21290
3710
33779
3114
41572
21300
3127
24247
7632
38750
20842
10607
32924
3134
35274
38009
30313
10479
17606
24616
15898
12589
15359
37548
11888
3807
1762
31007
24704
31245
48007
1011
31045
29969
25815
27656
41827
28353
8010
28013
30976
17723
25159
19650
11532
14647
16083
27903
13304
13412
23279
43592
40662
45881
36435
31711
25266
41295
20925
8085
14290
29111
41663
33266
17153
6739
33102
45750
1414
39807
2946
42717
46825
2488
1992
24309
12256
19557
32455
14302
15676
29562
7001
6616
12499
30478
39966
7241
17544
46957
40902
41389
44025
30071
9066
36518
6531
36385
415
34988
42956
25173
44268
387
18215
39056
30853
19544
47235
22854
302
25992
46707
548
39480
15523
41707
16924
30823
34918
44053
30691
45150
41330
41192
46927
2454
18281
24638
33042
29012
38328
18652
3356
17339
49331
31908
40584
31595
25244
31901
8379
9063
47115
8260
37185
15756
42212
18302
16668
8700
18679
30994
33163
9302
47149
27003
29530
33484
13842
3813
48559
9337
13870
7449
27354
23001
9842
3664
7551
1721
31888
361
1223
10402
30761
9365
32051
33793
46683
30736
23560
31187
11811
32005
26692
10009
28405
18165
12919
29077
26481
28072
36150
39149
23845
35286
35024
4873
37980
15828
46992
25025
14827
48942
44608
7326
18402
44144
23639
48296
27958
25216
47478
35096
47430
24265
48887
25386
40765
34290
5002
24108
37341
30632
12569
17112
21736
29232
21543
24499
49641
23926
11542
44140
47269
43962
2130
24940
45874
46581
45502
24254
8725
24628
47020
10986
10128
20159
37131
18308
31223
40415
14342
26025
17929
46995
909
16338
12940
32626
23183
33259
35934
1185
30322
18616
43594
18301
39166
23532
19581
35933
47700
16914
41111
5746
48058
7298
31156
25307
42929
5717
41534
29705
32791
38220
3032
31121
15429
32592
18549
37035
4657
49240
23797
30331
4707
17105
24918
10409
46298
12229
27910
1408
41121
15056
11376
20693
6290
5154
4019
27283
43905
41694
32203
12262
22284
27944
31074
47855
49905
14414
11129
35649
17004
27260
1289
38825
36401
39182
44291
13287
15556
23904
46107
8848
34915
29823
16180
37622
3335
41598
38342
41665
19284
29326
13961
10960
6726
27036
5320
49152
6589
17829
31544
44461
15863
9448
41290
33466
46111
24669
13675
477
14265
44393
40709
12555
1848
2154
42258
38278
37006
42365
42951
9404
16771
46850
24356
5870
49750
38772
33468
29961
45690
17360
37555
16878
37618
1248
38701
48869
699
18890
43913
28332
44896
38454
36525
17730
14287
27140
9376
36719
34499
8277
30942
17970
20314
47158
48306
14200
38283
38956
3148
18066
12637
41391
14982
12517
42661
9719
27492
15447
14893
31412
37121
28011
35909
48145
41496
49583
46798
29819
36320
40860
28584
2019
19306
26244
10634
20297
24854
12005
20831
11180
32870
33382
312
9777
937
21661
29189
47517
6682
14933
48647
3792
32655
34023
30428
33720
112
18625
6356
30230
22948
37503
35435
16966
48670
20372
45978
14332
23060
23454
46909
18230
18155
17485
34968
8033
11928
42742
7846
45218
8472
18828
42430
20947
14250
31055
10819
15614
29620
17051
3037
24672
9041
9289
25212
29418
34733
37265
7301
18666
47859
29859
40577
4579
31661
13843
153
28107
36175
32364
37915
37157
39601
6703
24686
26536
12439
5304
269
39743
22680
19873
44634
36352
34423
3782
20978
2157
49426
42331
11140
20424
179
43998
47145
43706
39203
33495
29606
19208
17224
32348
25700
35351
10160
4384
33642
13768
22838
37075
43059
47620
35516
33603
11923
27548
32217
3033
36253
14333
20041
492
43879
39999
21946
48215
14343
1584
24107
13606
11268
10556
25711
3902
25751
43759
9971
14557
4606
38696
21292
49012
25817
19604
18201
6657
10510
12511
42196
43877
31397
36977
42395
28393
49782
19658
3216
32087
6820
24868
15061
30074
25042
5706
26051
9470
14605
20552
40253
24204
33513
11839
245
30989
16654
406
10942
48867
27438
13055
24519
23213
23131
45985
12896
49236
38604
18632
48107
31061
34009
49740
46642
15780
22504
4123
36643
41706
12480
36526
10891
6962
30385
49264
40689
7836
28692
17670
4522
14870
32998
22310
39849
45568
20810
28074
41736
13966
10921
49393
40345
45642
36467
42608
27615
40653
13613
4056
25696
39049
49101
19916
43827
32903
13825
26366
23657
30453
8967
11262
33439
13061
39888
15865
45153
21903
6267
8757
23346
28846
34867
8961
5471
27305
35413
15618
13960
42709
46607
15586
29879
33460
27352
30921
45891
42595
27519
39057
43606
28949
118
37979
27333
1690
35063
10273
43152
4951
27664
7872
28053
36056
41896
46204
49081
35970
23363
38420
20818
2945
6679
7749
2890
30771
6178
1657
36924
16750
5741
32678
46379
29291
28288
45684
4733
44657
6491
458
25254
42899
5015
49290
27347
11943
23723
5989
47028
43240
28763
44792
24819
26912
37413
33309
10445
22235
38945
27869
7656
30066
27431
39342
20120
6465
19386
11410
41026
37744
19218
46630
7210
22316
35943
48069
24112
15338
17417
21811
13138
20448
11077
15789
44468
28849
14523
43891
5310
3121
25567
41718
2765
47537
9428
40576
49482
42388
43852
33019
34438
5818
44493
219
17647
2555
33972
4305
16241
46207
1121
4829
39423
17548
12467
20699
3626
17409
1817
45144
6938
44074
26061
7948
16880
35828
40873
34051
21074
11320
18837
35684
26381
30493
17534
34298
43184
45479
33606
18572
34529
30809
812
47925
45173
36762
45999
15223
46822
30460
19458
45566
2356
13754
11193
39204
19737
29039
27368
47172
42152
6414
36348
24345
27080
32654
34203
39689
22188
12082
2066
30089
23464
2357
13632
8699
41042
11585
15949
10321
45082
18259
29140
17694
6381
34925
14862
45583
26659
25661
18623
3571
45584
17737
30009
7798
31850
22189
35903
22113
48808
14616
31406
24008
5402
34617
20963
4356
19102
28138
28030
18675
25476
19780
23894
19830
20602
940
48086
46493
42453
21025
12180
45303
22514
32428
32306
29785
19489
1541
27391
46238
34753
41000
641
27956
27160
14677
46573
40583
29701
28571
16585
10344
17036
5207
14242
13727
45186
25393
38881
33162
46562
45444
5312
12854
7862
45493
10895
32947
24024
437
30346
39954
40943
28530
254
46489
10831
8544
25462
16361
25030
23931
24888
26895
34071
45734
8330
45219
3855
47973
1877
16026
25100
37115
25718
7803
10444
16278
31455
1368
31078
24887
48680
19426
5664
43786
27163
37811
3492
34629
3408
5786
43636
47535
38570
9414
27572
20352
31769
36142
33959
4990
7688
43788
1565
29852
15199
19566
31715
30056
31034
18103
48153
38292
32318
5224
39665
13191
36685
13185
17272
29769
2416
14382
22557
36770
35766
3071
9911
645
5128
512
10141
3435
45844
5618
3453
11386
15162
41581
18289
40457
7578
43933
17089
46584
37930
670
34186
26791
44835
9148
13858
21364
45536
8959
48629
45609
42573
21857
6000
9123
25355
17724
4334
41414
27285
10214
40554
16805
24233
36129
22047
43215
9678
44847
33295
35728
34758
21835
10129
15617
17936
44364
8624
38595
46713
9986
1441
24614
40232
14249
34809
15340
11039
49842
7787
8368
5631
42548
41410
14110
18044
38865
37683
26331
4060
14058
45441
9748
48881
39811
17321
14021
11380
46339
4972
3798
14693
26974
38558
15468
20
42507
28993
40731
30822
6885
3467
362
2508
13891
31842
24632
871
42147
20839
43610
46870
28747
4033
21654
17968
34151
32356
18200
7561
23231
4577
26040
15699
43384
8416
2014
42637
6874
24294
19043
37241
44200
1911
26078
9782
31718
26273
17486
3956
25388
16503
31828
14431
19248
27582
40063
31620
23406
43720
36438
9297
44064
38310
4313
6817
42069
47917
31728
49415
46655
28519
17987
24401
37445
18413
49074
22176
7802
43907
29173
20671
10795
38
21021
48150
12954
19156
10909
40486
27252
30674
33344
46013
25603
12266
26694
47407
5029
18417
7562
29414
14355
23493
26298
24814
22582
46844
33853
1673
21819
47866
20034
23396
5112
3596
4475
20371
48933
43841
21427
26022
37472
41599
7852
14818
16849
17244
16260
14434
49995
24528
15749
30944
14553
20626
22203
15352
40783
6903
10782
46871
12714
35538
25941
19296
11574
5230
28926
30308
26931
4952
24455
19843
7121
15597
41950
18716
24751
13957
585
28691
849
36986
27743
4509
16947
35623
15039
17774
16487
47627
44212
19629
2668
25470
31977
29
15011
35925
44348
6935
23273
41452
16789
49195
38582
18409
5848
34902
10376
36104
14644
964
27057
19381
12509
7035
39398
27208
43539
14723
6199
35494
13436
11679
33835
11247
9260
43388
33592
25990
32975
40023
15502
9563
47391
38443
2564
26041
29759
49988
38284
27985
31945
26813
7942
40920
6762
32873
34654
23670
39934
45705
6583
12026
27698
48679
24598
15831
34894
8087
33326
38438
36694
37324
35381
3839
19466
38985
44017
22692
37812
23821
31754
36964
22443
41844
34214
20763
7509
34960
21142
10220
32537
40475
43420
18319
27638
13037
28362
42977
11190
44831
9517
4876
4841
17991
2008
28448
9637
40669
18595
23678
37323
24716
32589
45743
47472
45909
29790
22741
33275
49065
7351
25804
6193
47214
2795
29987
23484
37398
38749
24089
30833
19661
34876
45782
44101
40288
20686
28684
11375
13667
38134
2874
24358
39633
14631
27562
8617
34573
18611
48687
21539
4361
26466
43255
27213
41539
48168
11885
5353
4608
23332
25532
31639
25976
22181
5132
38885
11791
22766
42837
39401
17561
45073
7907
31233
6073
34522
23348
13032
40656
29286
36839
44022
26584
15778
10062
4604
45545
48235
32697
23906
35460
46709
13796
39077
14709
43397
45674
33387
30637
9363
8377
31650
10638
17479
19660
31599
808
12899
38844
9336
12216
44433
7558
33687
44592
39038
24538
2718
6254
33895
12482
49008
21466
24398
7983
1022
33841
6467
41021
37675
39634
33157
31648
35457
34973
48273
4729
8496
2571
2917
18833
31262
14839
28517
38349
26185
1017
25069
22341
43299
21412
7826
14573
6489
20296
11894
21971
47447
3484
9307
28205
41445
2484
47273
2417
37030
44496
3012
9057
19878
36258
43101
11988
8369
30233
32540
3569
15907
29570
5336
36654
46971
39626
12545
40710
37619
807
2913
27050
21340
4417
21973
2064
11661
26950
45982
44121
18368
5031
38266
37346
25108
36333
19762
33867
13265
30949
45035
33860
12297
48717
5890
25562
30654
3600
19934
41360
30382
1760
36716
21961
24733
5358
3925
33292
24091
3310
44260
32559
48844
5464
17602
36659
10513
48544
19885
48332
25557
29840
1653
27863
36945
12907
31386
3699
47036
5488
15918
23122
16461
40630
36460
39358
22489
6989
4392
39684
16812
22101
42687
31140
29751
9471
5966
24042
2964
28214
39855
682
2378
31211
47671
44002
40465
7731
33499
2895
2392
6632
27425
1478
48428
20909
43761
35174
35834
25811
39553
46878
10862
39302
44904
38542
36610
26933
38958
18480
15708
14001
18124
14987
49417
6360
16357
39886
26357
13901
35808
36727
23364
27583
36391
39637
25050
7676
2939
9610
42907
38509
15238
14329
35796
4000
31032
33238
49104
43615
3686
40097
42416
47178
8535
2689
37164
32805
48765
29698
23305
33166
45825
1681
31674
31722
15927
24216
9436
23366
7116
13424
6228
19528
13073
13136
986
27744
39
30718
27949
40611
21656
19344
13629
21456
20077
48974
23632
39497
28760
26766
33785
44513
44091
16409
8270
32406
38437
26888
24259
36767
16917
10884
40282
45268
635
37767
26867
17382
42733
40340
20071
21322
4327
5606
28436
39800
15882
6584
15028
28447
10080
6811
37268
23776
46708
30299
22089
5362
1327
29577
18341
13132
43621
37922
2485
3568
35571
17689
15973
44289
33090
49687
35764
32079
10257
46700
20332
49546
34232
14318
4302
20151
43260
48789
18090
45821
38516
15060
47877
45555
14482
1432
18564
35366
14128
16819
18147
45017
6777
4634
4655
6104
18715
34675
49605
13386
23174
44625
24539
38657
15698
45393
1350
16651
17107
31723
596
31518
11702
39088
15100
39154
11933
41852
31928
35379
32189
24606
32228
954
36251
18270
4251
20419
44322
37287
10505
42018
38338
42902
31536
31804
29075
223
36117
18957
37029
28247
16168
17834
11768
12407
26687
44621
32449
44922
8291
36081
43232
40126
15257
24563
4488
14820
46041
7302
24226
19448
21778
784
27825
38427
41801
45192
47090
40470
44360
7849
41897
678
46735
41264
49373
1008
28454
5477
22990
39246
39696
18383
7807
37513
25076
10993
41138
44753
31490
7596
13237
8001
33850
43334
26553
46911
16670
19125
15079
23151
36982
15108
18562
2616
14661
9073
5483
36616
28588
22693
49829
10121
44239
34398
5175
24989
28711
28492
36018
38514
19633
28167
14766
49059
39104
48568
26792
25568
10650
21649
20386
2828
19991
36949
40858
40426
31456
31998
31617
30096
10591
12547
36196
18704
39313
41400
43927
23135
18354
5184
36904
10026
12566
46463
41607
46377
8009
39509
1641
18644
20598
23359
34954
26915
34613
34059
14998
24408
13517
11031
29095
2329
3063
48703
10281
11699
19520
46291
4150
31917
22951
22011
25776
36757
40646
45619
44134
46144
37313
7252
30816
17176
39926
48980
49691
32866
29926
34434
29005
42304
36169
29948
12390
18449
25723
2125
33196
20300
49213
34808
7909
48005
10327
2532
5177
12703
27407
11169
29582
45207
3870
9904
29166
46851
37421
3451
17027
42537
14522
32764
47203
17966
9553
27695
28947
20412
11859
3288
4906
21210
41130
25508
17482
24833
7077
5641
46035
5910
10139
36666
46182
14016
43700
17586
25142
22638
38113
15731
6204
37879
17013
27296
20273
49188
28798
25252
8726
34934
14449
13369
22623
34004
47229
535
27261
48387
866
22714
869
34670
6693
4827
28384
20651
21718
24078
13704
49863
35717
21513
31903
40479
24477
21238
12283
38660
33134
36824
27386
39221
4008
49158
45179
13516
40285
13334
18263
15166
13615
10835
36932
5616
36721
26591
39123
36409
19480
43562
42602
15248
40306
6285
44549
21570
13148
7081
14937
13413
25513
12722
17173
48132
38785
20793
31387
47704
36737
31533
17101
48458
19389
42937
12635
3554
10298
16450
44577
40509
25466
42404
24607
5455
47325
19048
44311
25423
14564
10546
34909
46068
10520
47469
15643
32022
17901
4540
14308
29851
46621
35194
25820
35715
45911
11357
28554
2529
14292
35901
38963
31569
14181
40812
43278
19035
23149
32602
45544
23419
24725
29713
48823
11849
4436
12009
23718
15297
47756
27788
31646
13039
45111
33659
2482
2953
2238
13058
22478
11615
15366
22930
10947
47609
12124
10436
42476
17356
24095
4874
23880
4543
19656
6516
6973
4115
19068
7833
12751
18866
6397
32835
48482
41396
44708
38307
13500
12863
23022
16916
18445
42296
39229
24227
12422
46940
45520
32313
15681
24530
28829
10158
3353
41708
3941
47166
8256
36283
9844
8061
24454
9978
30626
42747
7277
11636
24166
29927
32930
2974
4832
23405
21391
16959
49985
27535
42347
20064
36037
15581
15013
8576
40925
24450
24093
4974
12470
47880
23423
20534
39805
14425
27439
8276
6614
460
4871
2747
37791
23788
41878
6124
7407
8637
1030
1682
35395
246
44018
12219
17287
14902
27451
42741
43019
36213
8988
42229
29871
40328
5813
38884
10390
42105
31699
16565
21607
4603
43806
22179
16364
45832
44258
5428
31088
9673
41548
42060
26074
36799
42773
10780
34440
12981
38653
5067
3572
47238
18025
19775
18805
7911
9675
20006
36226
9918
13052
32773
41108
40490
42857
21285
45002
41635
4360
10946
12164
26150
725
31844
25510
32510
45097
10811
14467
13557
42065
35979
4389
19443
16782
27708
41168
30794
21619
27074
45446
2349
33256
21039
23226
45607
37786
44032
19965
44061
25537
26577
41508
6711
5340
41450
46519
32681
33381
35207
22475
24478
5586
21515
13339
18452
3309
42887
15740
40720
24973
43512
18883
28534
23623
12615
33018
17762
49162
6035
2351
6712
39731
45811
6289
32878
41004
46342
27987
27521
9624
2682
21884
13160
20760
4559
26752
18741
14830
1039
9451
15628
3944
1120
4728
13366
48224
39048
21360
9396
12824
24418
42530
27184
11330
9786
36955
46556
33639
14354
40192
7649
38388
36642
40281
6284
22392
7619
24015
5855
39610
33241
29387
31208
6897
11759
2849
40702
35963
20835
37911
42850
6653
38418
27982
3283
18067
29607
33721
49350
5366
38082
46679
48922
44749
20285
42035
45634
39283
48751
36441
29183
15140
44425
7032
46529
2418
14361
38835
6665
1685
32973
8951
23113
24200
47884
1825
32685
23784
25270
23003
48913
18846
9704
39233
17284
8244
22177
19680
34126
20994
11637
24040
46282
10603
48119
33254
19974
4180
22804
30621
19870
1470
36843
4228
49529
15206
23173
30278
30889
32541
21990
16909
27064
23842
15783
39169
4412
12356
36137
42793
20241
27459
16169
34408
9556
27777
42597
45564
26999
9035
29589
13930
39917
48689
5559
38795
6922
37108
29954
35107
25474
11549
21373
21911
28052
30008
14264
18271
47785
38276
15951
18903
40769
110
8701
18831
8608
34844
49480
24853
42621
30996
25498
40639
37958
21009
33181
47286
13082
29531
6225
48684
42115
25734
9150
33751
44333
14780
28600
17744
40245
17213
17335
38740
14491
520
6183
4410
13166
37342
41419
11966
37711
43906
15888
36942
29551
12709
3897
34046
21367
3153
8046
12316
45353
5367
23499
37257
37126
31895
40958
32852
22607
31441
2314
45755
35815
43187
10074
16906
34524
39294
10063
26393
4800
39571
2741
6570
7671
26262
27401
12113
20532
1045
41735
34187
8755
8781
23752
33688
43087
32991
10792
12681
19671
11690
26713
19307
44156
45962
47969
35057
17336
8671
18314
21932
7489
17585
5957
36302
22031
45293
3605
18729
26607
3924
47948
39209
47136
32945
1083
28714
31905
46114
45784
39431
25744
32749
8898
2406
26225
37291
13970
8460
44167
34252
32620
1960
38340
18671
39895
691
38066
48530
23100
18758
13596
44546
28598
27063
24196
33106
12475
4364
35695
21844
35502
34832
14995
8167
16614
46152
49942
18021
47773
11214
33371
14328
24026
9494
29938
23934
32676
31893
30863
5841
29081
1678
14254
15212
32777
22006
38861
35237
19197
6368
22764
48003
39852
28340
36361
25523
23848
15531
11977
21559
32325
4016
49555
25505
20800
21107
28581
32970
45656
8542
35035
2824
7847
42221
17461
36092
47591
45110
14668
36621
2602
29832
46132
18398
45575
15655
20921
15065
31279
47929
41587
21735
43173
5326
14435
44560
4501
34332
9306
42918
26130
27851
26944
14154
33028
2015
13838
26474
33947
36849
46460
28725
24935
16870
20378
19104
41365
23450
44781
49779
15861
3907
2255
30393
33192
20029
2538
22136
40892
42158
49320
43970
45947
46113
19907
34681
11995
7184
12237
30754
36266
9499
33837
30320
33226
19300
8194
459
8063
35902
30878
228
9467
15906
1361
17466
27238
7114
45319
48725
32619
46353
34992
4413
17897
30871
26688
21941
21194
14380
34271
2402
34609
34243
7497
16146
30963
35846
18392
5236
8946
4630
7988
26493
42784
21510
36585
41809
17923
4777
18231
7891
20841
10512
35761
49318
27587
4837
43760
21908
28740
6149
31971
3828
29717
41963
44850
36506
23687
29034
27274
12980
40971
49726
3306
3357
18495
18421
45802
37821
15967
13612
26082
32809
17622
45397
6896
17950
5575
13349
49629
9516
46696
44700
15387
38027
45526
6398
32116
2225
37938
29668
9940
18135
14708
2236
5086
22066
19834
36784
4330
41188
10024
29533
32369
5719
3899
10446
4388
5561
22096
28223
29772
48714
8536
18113
35576
39548
29360
30997
29496
23967
10464
44952
11700
6680
49805
9611
20250
24382
835
10069
16631
21536
5332
40294
18327
27892
5963
45993
2206
36785
28355
14681
6977
9557
42409
19990
48225
32875
46062
15950
44055
12430
5323
6135
1358
13100
3004
21719
41301
7414
545
24103
41710
3706
21131
30692
6752
15271
7065
19543
7256
28800
21871
37906
438
44471
31001
16187
18222
29180
19793
26205
29157
8025
48533
18793
19368
49569
22669
13525
48668
461
174
30570
6438
41558
36246
4709
29977
15667
19498
39831
22160
39279
32765
42995
30993
13734
18484
39589
40155
13341
45792
41316
3730
41818
106
28371
45879
23082
30119
17643
12789
20213
300
33555
18821
37881
47934
43731
4482
49399
33403
491
43781
16234
21110
35409
22036
20812
19609
30781
38439
18492
4132
7582
31149
28555
6077
5532
45474
22631
15763
17130
31861
11468
828
18882
31678
40638
17832
3311
40008
37992
24855
32062
21117
15767
45054
13013
45453
38047
26770
1908
23299
20654
30226
32292
15942
17930
16868
429
26017
41211
9064
43092
18458
13099
9756
21610
35545
40849
42298
8418
49435
41266
49608
38802
33405
37515
2230
49019
20833
28477
10670
40668
36284
4726
18426
1285
38637
46991
11162
36626
9364
34661
28189
41977
49575
8239
37062
17318
25789
38317
10093
3818
6147
45906
44307
24082
36711
11423
20360
35386
29251
32599
24773
9200
16160
38353
38726
13283
23081
41781
22221
33881
30975
46742
39258
6137
39078
34539
28516
9043
33838
16418
41875
31818
27566
23925
17935
5783
40263
19320
15522
18824
18768
27588
4198
11903
49950
20468
47839
33648
49419
49332
46729
29347
43506
38621
33027
36312
32132
5074
15736
13725
29169
30142
37575
25617
15293
16283
18224
32037
7450
639
29086
11398
2903
6599
6427
44948
40937
10869
33668
36239
25835
38174
25293
31688
14004
10516
43378
23538
14061
24834
402
15095
32014
10341
16984
49545
1312
18719
12530
36140
19038
1038
26188
22422
12719
20499
23189
46903
9218
20070
48723
40614
45101
15092
39143
22566
21283
3070
34848
1936
33430
30522
13040
46717
43769
3234
35356
44982
42222
26070
10014
36045
33204
27805
45908
622
16336
7947
35716
26608
26904
12236
39874
15197
37021
29543
11319
32692
48576
8567
14817
27736
31351
37081
26449
40934
31157
30862
34172
10647
2061
44151
3511
19788
47184
36270
45972
20410
22794
39464
23461
25586
38426
49692
27749
16783
22636
29722
9341
32427
28577
552
20660
9835
15378
24551
47845
35153
2514
39254
41286
35160
26257
1330
9203
46976
18672
11141
40867
49757
20235
24354
49728
19841
32750
1238
32918
49294
7127
46719
5614
20606
35645
17109
16421
19209
8075
30422
6325
7179
5235
1054
900
19469
10852
17326
35092
15680
41940
45525
48692
28046
36873
25989
5037
45767
36425
8041
5473
5781
8606
16381
14480
20522
11075
14032
28665
21962
46173
15480
36411
47575
11989
15910
39904
27602
49939
48683
30276
21904
41834
32020
48934
35879
48165
47511
17809
2301
8246
47495
16492
8758
47327
38913
42556
24223
4428
37756
49854
43686
11073
8934
18218
5626
9040
29269
18434
38026
29812
12533
16882
42234
4788
3911
29813
10945
4365
11466
13682
5361
15283
35666
23964
41249
2180
46776
33306
38525
189
13190
42729
28992
33201
16886
29830
43480
35091
1703
23337
28841
45160
43863
48804
10078
19069
42337
24730
41833
15308
7778
44106
24847
18871
20863
1519
7095
8773
8724
26137
44078
37856
40719
4879
47847
27418
9254
3519
42043
27889
22807
33626
44516
25613
46939
38846
12624
23629
46568
24661
11473
30604
12418
32627
9922
2673
34277
2950
4654
49053
17079
27177
1969
28833
34128
33489
31212
34530
11843
34858
2818
1571
38568
26619
2266
40439
32319
16862
15799
24756
11059
728
36771
8902
9801
43376
46552
12139
972
33545
44049
16198
46750
12989
37292
9876
11355
41015
39713
846
9687
5344
22611
26472
44298
5185
4896
18744
24531
1791
7458
23706
19811
39402
34998
39583
4868
38623
19989
1802
35564
34568
43717
48929
8421
5535
42387
32737
15350
45504
39517
22147
353
31744
32978
28959
6056
24175
36013
2221
21591
9133
15225
29771
48247
25035
12052
37765
13703
20675
9377
7655
37180
8605
22424
25446
31344
31615
44117
40862
46791
39355
16884
36065
11402
26243
48328
2198
76
3448
15900
19342
20189
4550
37790
848
37381
39710
40311
3898
28000
220
11154
16368
15082
733
13353
6998
42194
22509
40179
44362
45473
2772
21203
16901
44502
27898
49445
29568
16583
8965
7185
18455
12000
40876
25417
13826
26693
25997
20655
11012
13451
7606
19725
19034
31317
27046
15134
35339
47044
18685
27491
9524
21695
35795
13312
43808
47281
21534
39814
25368
47533
9795
28953
7031
2817
36047
44808
1637
44624
12460
9525
21520
44197
19437
27124
9294
3788
33923
23915
38173
46852
4017
32679
42301
10067
42411
5857
29207
17524
2363
5098
13258
46692
19688
9032
1954
40640
18554
47938
26761
33538
5250
24619
17821
41106
45205
19855
13461
17959
15252
4890
1488
24963
29721
17116
15513
28930
26986
4387
18983
36468
37136
46368
23963
11108
21347
42711
24007
7286
4363
5623
18581
14891
18317
47463
15194
37069
22367
18390
39491
48947
47798
7319
31791
25195
24826
31557
46374
41277
3719
13510
43263
43118
29127
11305
33389
40824
8081
48646
13561
25859
9740
2498
41636
7380
17376
14079
27905
27737
41879
42294
22150
48075
40341
45702
42826
27187
9579
3387
27730
22659
11263
2596
19521
15217
23502
21595
39760
22229
6399
301
12442
48049
19507
33376
44463
15071
13292
34506
12598
2553
18278
3462
32580
27772
25178
48186
39790
13358
23837
12385
17520
18372
42798
11055
24329
40946
28043
12759
32119
44396
19883
24365
26352
14574
18013
4034
43818
16220
21598
19505
39995
25543
17757
42708
4283
14765
11095
30401
26145
12090
11199
22893
36133
7118
16413
29312
14606
12543
8485
37766
28967
21211
23488
4596
20447
29161
41462
22525
31752
23825
13821
38217
34806
32345
30109
27919
25078
48447
40318
45283
29155
2200
10769
27496
4994
43283
31275
9574
23810
26900
48511
33364
13898
24516
3333
27112
16637
47133
46202
28831
48864
32275
9593
15101
11942
5669
20577
5925
32668
46980
31185
1224
43007
14400
12982
4518
39984
41306
38467
14792
22995
41967
5920
25897
28662
12436
24337
36618
28015
33920
42113
20325
35268
10826
14985
16385
980
39552
39173
35181
12269
45964
44863
24788
14760
12512
39563
9211
1919
35353
111
22928
47488
22124
31636
34229
3201
8788
45902
9617
13307
12201
46935
338
41220
34668
40333
5427
11003
886
27826
45345
23076
21937
32792
23286
13502
22943
10611
48232
21330
15417
19716
42488
6769
5946
22716
33880
36371
30410
46527
378
9022
31672
25150
37554
44826
25193
3014
44990
43364
26896
34405
26891
20274
12245
38546
35149
1638
31
5388
43966
27691
33794
27533
32567
41536
48930
33965
49655
30556
31502
39948
26199
43411
2709
20847
43898
15336
36575
45565
24848
20480
9947
14745
24071
48409
41500
32299
27677
49218
30898
16766
1899
32490
7153
44711
37627
34371
10772
10435
4170
12853
14770
5823
1143
2646
2480
11000
20611
31587
16867
7142
28935
25645
47558
23007
44007
21354
23525
28804
49335
49109
40530
33941
27822
33738
14339
18348
2991
29113
40642
9582
48435
14777
14675
4391
19607
34582
36516
43580
31995
44635
42971
22024
31249
49799
18056
31263
3417
18277
17158
39112
11013
34255
26808
11100
5594
11880
30011
25514
49061
34997
1798
21001
14073
34948
12166
35317
6824
24083
32266
19537
8786
9370
4602
22224
20429
39372
19283
48665
18309
49962
22085
45808
20604
40559
8866
12498
6691
27597
46664
9569
40334
12835
36350
2110
1764
9625
38105
39623
1906
16578
35703
14036
15984
24281
36644
44694
37375
22211
26261
1046
9751
45943
19432
37640
6247
15232
21144
7205
6379
36498
38973
4276
446
22202
17792
24480
26011
20716
36160
7440
12812
38987
30140
3658
12213
37934
9252
18908
20326
3376
20057
40196
6857
28699
12915
39932
33685
29485
18137
14123
29221
5456
44605
49883
6623
576
1059
12330
45739
42691
45115
25618
44759
27005
41261
43865
35480
47405
20520
45936
46561
28449
32293
6023
9633
5691
11120
1507
44637
4041
41860
12260
43952
49567
19582
7103
11197
42609
16019
42
38411
16799
19742
27263
1689
11625
20282
46626
1073
38581
20666
22490
24506
25559
32001
40588
14969
11026
16248
46159
5672
10109
28734
49763
43305
2377
40436
23770
19397
25290
6841
28569
47011
3204
41847
6411
19318
12816
27981
17278
9339
35473
41387
34360
39260
25943
20166
45118
44840
47119
42500
10815
9141
49820
23754
11795
4093
5096
31482
25160
37399
26769
3391
27841
20204
47723
42269
25109
47326
7378
9888
23349
21008
48721
21148
2091
31325
2623
16281
46263
46646
40140
16158
17041
3622
32853
14597
31915
48702
28153
43336
2559
19947
5787
17032
11567
3576
6076
46931
48673
47078
30642
34760
26083
15389
35696
7614
17412
11673
42955
41911
21705
4926
11157
46918
45661
33235
47138
31820
46274
44848
21128
42593
49668
17305
32954
16066
15391
14971
36907
37806
42250
48805
46889
6959
23708
9231
2305
10801
43544
685
45276
24124
5017
9484
4307
42086
32946
32895
38464
21392
10174
19683
49669
49260
20618
31877
32694
41933
33670
11313
37061
5720
11670
32261
26703
24020
7387
10602
42631
44565
30775
24893
42153
32906
18185
1925
11725
4242
26447
3916
31840
45533
45041
23835
7154
48397
48562
9399
14689
8892
30471
44783
27877
39031
38919
37647
2006
21217
30788
44280
48825
24587
23397
17662
2671
32277
43109
43003
35400
49122
44510
19877
32646
27631
33283
49072
782
26460
17219
6919
11879
15897
4269
25729
26992
38477
16182
32377
17119
23626
13320
24171
41824
5282
32549
43602
19402
17859
35941
28739
26076
42799
29297
2189
49455
44600
41773
11587
20164
8494
9951
24601
2007
9530
40561
1421
48346
8547
10462
12515
9385
13102
49493
19835
34356
8505
27830
31951
8935
39468
17206
32061
8613
27327
25399
2025
3475
2570
22597
22323
34443
40977
41942
38534
11704
6451
2182
11916
27361
20597
28540
21474
38198
3515
49046
38251
7021
171
15720
11668
12866
8489
705
29856
19573
23541
47022
30280
30850
44594
49597
21989
8344
42658
41816
10975
45188
36992
30910
27087
32503
18388
27878
39881
30318
41246
11545
1947
22426
6550
11209
31593
36433
27446
43840
24518
31342
16352
22724
37414
8235
45852
25106
21409
48623
15462
40994
16345
10616
42974
22992
2475
23079
10261
19526
28057
42527
46326
6964
45148
8821
33940
46592
19189
32570
31541
15184
11054
895
40343
33620
24665
28195
22705
25816
34611
36256
46120
2211
847
41076
29315
6515
11459
24199
10292
30244
41117
39717
32125
15055
17302
47384
33473
12844
9391
22196
40056
33335
22102
38306
2900
8020
1253
8910
29162
34752
33722
35955
40762
32090
27022
45876
46462
7218
25698
39937
3277
38874
1669
40519
46657
24407
36943
42564
4690
29225
47438
43449
23968
7848
34274
4137
29951
26681
47382
29834
6707
38243
42848
36365
7161
18375
10050
9641
583
17239
14662
4927
39345
8923
45274
4816
12605
41821
24338
27764
38252
10690
20407
16760
34261
20668
20264
19065
26871
30727
43265
18861
36022
13127
20142
49822
5615
33541
43314
17825
26596
37676
23679
4558
3077
3009
47916
38018
8387
16850
40218
15499
6988
13243
49418
27969
41763
42045
26001
1572
21476
20984
1824
225
47547
44409
48030
34359
2996
42403
31105
21916
29143
22186
31371
32763
21348
13120
9061
18188
22743
34886
40300
8776
30105
23974
7858
29747
24490
38961
27734
49246
13883
13456
29910
5490
45771
5807
48810
42030
10949
14481
23950
1400
39870
24045
4227
23608
48240
22799
31884
12431
2368
39091
19220
33597
28486
10107
2086
3026
31380
37176
34087
26451
16612
49458
2788
25627
12331
43200
22158
9810
21086
35530
16833
2092
44092
11511
11631
3654
43181
26600
20851
21897
37829
44544
40562
28021
37436
26606
37250
6209
45297
33716
32269
23232
8683
45669
18930
2205
5731
26441
17628
9963
34821
25360
44207
28607
33003
18167
28211
38944
10813
38827
35421
33207
36864
2034
25438
24981
19206
32078
1160
36014
26297
14938
11405
26527
10154
14337
46494
49537
13065
32617
17605
46541
22725
49901
14505
4461
41712
17822
19948
2634
45466
5253
36582
2441
15718
49190
18967
19810
41213
27579
28743
4069
7764
35104
35100
46869
38452
32226
35082
37787
17453
965
7289
36787
22572
11438
43276
15084
8884
33943
21118
22166
13017
30053
31442
25737
39400
33899
15093
16179
33229
17603
44707
48745
27114
46570
31241
15851
22836
32021
49508
38851
39613
46673
20305
41727
40888
4247
14879
43284
25952
48407
9351
38269
26402
27135
25573
22002
34738
18862
41018
19347
13884
12417
29893
17908
11393
36112
5624
48124
3005
47807
43167
43690
32745
37301
3919
21579
17583
18120
716
49259
45418
31113
34156
17354
10142
24701
42639
25701
27170
40441
12448
47765
27770
45523
29615
4070
3354
3868
43941
48001
32637
32542
29132
46096
14325
15068
24916
7076
49206
34163
8886
40061
2951
604
16609
15333
5021
21448
24635
37552
30490
39131
38700
37490
7009
10242
39667
22061
23840
38372
16328
16865
13403
37199
26271
16113
22946
893
27536
46362
22346
7782
27939
35534
28461
48529
26660
5433
14637
28774
35139
227
13266
36931
21226
22052
44914
4433
14721
27067
1323
33868
20434
47906
4218
44598
45066
47566
36197
7515
19887
13622
16423
23976
1946
42418
10539
16538
25739
39281
47198
17308
27445
27738
9357
13214
9715
780
2228
9534
22585
36708
37457
24777
17590
27979
4988
21702
35678
36298
4311
46302
7648
35841
23564
16227
22798
7107
34136
35565
20362
17599
13871
8890
43509
10011
42524
1984
46295
1604
5409
42390
30717
16215
41974
36178
44920
39009
45594
37417
28391
10918
35085
12645
41758
21848
11835
11652
2813
17632
3380
10659
11974
11426
32343
36038
26015
40223
37225
44281
16639
8970
28460
7284
28524
35541
28389
45152
31161
1975
45929
27218
29204
579
26264
21346
45562
6867
4893
33554
29809
24559
1463
13508
3137
37774
44213
47683
34276
395
27382
197
98
20880
40054
1748
22519
6212
2790
17855
25258
6787
104
22205
10240
8008
34055
7418
41304
19349
8518
12420
33043
34148
26269
24735
7303
48755
32104
39388
6070
12065
33249
49519
17106
43021
10495
35437
36886
12485
15631
22515
35513
30568
29268
29099
33567
49427
20601
27964
34721
41815
20882
49673
9216
1280
33228
14442
2870
24080
13195
33580
19364
32033
32722
7890
10767
25084
30439
9975
21600
1436
18236
2806
44595
48042
5012
4610
11043
47176
820
42563
3830
22707
45433
39386
10870
34477
15076
16443
42776
3039
46487
34921
27078
43525
20341
18065
42132
30179
13962
17114
10087
34139
31857
32951
43193
31534
18687
37689
16610
24882
26494
4778
40134
2642
35498
22964
48096
39847
34888
4747
43607
37692
29499
10682
45201
10366
5374
13546
14273
31885
6502
23263
41172
39496
8180
22981
17201
4703
9946
42526
17058
34266
47131
2725
35488
32704
23170
11365
43572
17519
27514
2165
29051
41650
1457
4333
38260
19822
7163
9651
17415
16149
11602
33384
35270
8430
19011
11971
7393
35300
45547
46196
597
39591
18737
26689
30554
26345
42432
33951
22014
41296
24472
34516
40594
43435
37546
48176
47362
17949
47817
36514
15280
43620
43414
29238
8991
30473
33237
26371
12725
14884
7510
18229
37388
34849
44384
19707
47507
39983
15571
33068
32883
43893
22839
43815
3885
17579
9649
12015
30102
14153
17052
13671
24377
37608
12038
41772
45215
2093
39755
14223
14244
32245
18926
10423
30745
32656
8224
43725
31630
31614
7817
22560
11697
5000
2493
40919
15148
37871
11497
10334
39494
38163
35426
5100
11597
30001
5940
15793
23715
11023
25735
22658
29628
15690
49840
7263
17904
30659
13562
9590
41700
12909
24311
39880
12114
36387
34924
7695
44497
46564
26604
9866
29020
28488
9535
5219
18027
657
4560
29581
2043
26663
29937
41743
5051
48072
19892
19245
24052
42205
26157
6730
34137
10239
34853
35950
14571
16318
13158
10800
34577
31374
43478
30112
4916
29377
31424
19597
2212
21954
39193
1379
27465
46650
5291
857
3528
44812
37520
3783
8404
3694
1003
25452
20980
8546
35556
5018
37538
21977
26114
19060
4977
8870
38508
36859
35997
37686
10873
26777
45089
46346
40034
21047
3711
26285
6099
27194
1616
11561
24984
22732
39707
9580
30049
36697
42876
34660
23010
952
25664
42671
21851
45955
38822
42660
38894
32699
44129
38478
13205
10872
33417
33111
21430
13736
29501
34502
40901
452
15198
40370
33861
48986
16346
7887
33413
19361
3753
46559
41163
42745
25275
11854
2631
44713
41095
9970
47038
45778
40767
1987
13494
25840
28955
16455
21522
28281
25878
20866
31244
19171
36
21233
1316
44084
3130
9670
34891
22916
43078
11818
26947
20262
23887
7272
9139
23890
25602
3365
18777
19098
33281
22510
2506
18322
3978
30397
28324
1490
41780
32024
9029
7698
47521
45614
35365
4368
46461
21176
25127
44729
22565
28240
1588
47464
37408
13399
39180
5838
3775
15245
38448
33998
20247
27534
32478
5208
7456
694
19849
22366
714
3747
33399
28730
35489
4300
8878
17691
26129
15764
23021
8651
5856
46169
22049
43396
18477
10468
24023
4310
21742
17429
27842
31988
45506
2997
18295
37843
34777
40442
39125
4494
23320
48444
31798
49722
47805
37529
18248
11813
22776
10465
20110
999
20676
1329
21406
43117
4340
17892
42479
31513
33517
11279
20960
3415
40136
27950
46816
13003
34336
29307
14824
48292
4721
1676
29876
20229
7773
25954
41839
46491
25656
4898
47291
40082
11179
6987
26554
14604
31932
14122
15418
48478
29041
38376
32334
35407
49505
34468
17456
21984
44323
3921
44983
6272
18007
16154
32133
36818
4119
24762
20802
48244
8129
26541
25114
26550
2792
29429
30701
20856
23047
14148
48259
11048
27055
37395
7384
27558
20198
476
43878
13062
8977
4081
8027
17568
27033
35572
962
24801
41524
31937
4599
9284
7737
33289
28742
49689
33778
36952
17134
29643
29249
3837
11025
13388
34715
17181
26951
39124
12772
5384
46247
22843
36748
7397
26645
32230
26320
26355
27288
26342
33909
37508
47426
22320
40447
21103
21066
47108
6862
23238
24142
22972
12247
47684
35988
18749
25549
29671
13035
34329
41819
46003
48516
34856
35639
5117
31118
7920
45907
41092
34358
10269
30571
7428
12359
34500
10645
23117
23356
48081
35800
25
43038
34667
24771
15615
11703
39516
16516
6855
6192
371
11225
1627
41070
7754
9246
5068
40065
7059
48427
12769
35132
13301
21769
35376
19103
30297
8317
6756
25257
9018
4455
5133
9936
29925
9825
7196
8214
35279
11789
46054
8746
33098
18990
10096
16498
44911
12905
4279
19961
45135
30561
45284
46237
39242
13988
13567
43072
44917
39314
18517
46146
4039
7051
32641
37850
38171
46923
41311
7521
7222
28453
48352
7317
15706
35733
36276
48523
19195
19227
11130
31070
33434
32492
31578
47398
38257
27433
48265
27113
23039
598
3253
1811
21885
49886
38391
101
27554
44181
16575
16555
34964
209
20844
8269
21055
4425
23692
35833
39368
1301
27339
36898
14180
34547
6364
3712
46587
3846
18825
7270
5809
47075
15474
15087
44469
29636
47468
46451
23676
3086
46234
48406
17014
29130
35870
44451
37104
5565
25194
18893
27253
16348
40283
10127
15892
37816
29598
3099
19578
42044
6007
23684
49387
36555
39492
16479
28647
23496
35664
29194
43492
3767
36691
16676
22501
23024
44042
12847
15754
35456
27149
8456
30640
23701
30887
2338
8292
42650
29295
9863
38096
33030
37123
10779
18535
37509
28305
39900
39586
46287
46598
14967
19456
19876
44969
17517
4851
15408
31110
26303
3670
14880
30598
41507
21355
25442
39161
49368
4221
34454
47448
44550
48436
1730
25922
31667
39693
38087
20062
30104
9788
6825
45914
22034
23911
21123
46699
692
28064
9346
43353
1917
34307
37139
49983
15909
24588
46201
45678
45282
40427
21627
25819
28790
34198
23882
18900
29708
10042
48724
33653
17735
32404
45748
34835
14035
8029
9468
21085
7502
22122
30974
47076
22728
1708
20309
4881
33767
7751
30583
46175
28602
28563
35385
15585
21014
31579
32212
37862
34534
36523
46119
33647
10210
49824
22087
14549
12463
26339
29454
23308
30185
46043
42933
27913
6816
17718
43393
38923
17972
22905
31420
19698
31433
35005
47663
17500
16991
38083
49175
2887
22747
6577
43360
2464
8400
43293
4001
14397
37834
17945
10199
38425
18153
31993
25239
26647
12054
20432
5440
16282
36019
49959
29752
45883
10345
31598
281
31729
16558
5881
27012
24574
39026
11736
31167
11727
23978
46949
35797
3322
15958
45764
1579
12557
43916
11538
16939
3109
18143
30923
28910
17870
23080
20320
36634
32614
44378
2652
24558
17607
14350
19492
11653
26403
18170
2706
9511
5708
36923
39032
17430
13638
18868
16969
33251
21419
41555
42803
19912
41399
42292
17666
20329
25113
24655
3509
25740
49982
35239
93
32462
20670
33370
31085
3731
14488
5782
19705
23219
22573
20573
41376
6390
21979
42175
9096
16859
30015
37163
10165
30748
6504
21135
7382
23885
17532
44416
34598
10291
48757
34555
46557
43329
16730
18146
11464
3614
46501
46072
41647
25364
19462
2118
10522
1586
34912
13565
27643
16628
26042
20207
21877
30890
40565
13112
1380
33153
10383
46998
9875
17627
10363
41367
16456
42248
47814
44286
8297
11927
12424
48216
7377
27222
49325
28733
15982
3529
29290
30618
46973
42531
32393
32448
37497
38164
34665
32868
25632
25073
24526
8345
37232
41440
38670
33058
38157
6804
24781
31313
24591
33757
42286
28361
42313
40517
15670
19646
49235
14138
17043
5971
18361
23414
32400
20394
11930
842
15233
6746
17771
633
40851
49615
14320
1051
12457
25923
46412
375
34767
20361
14497
5756
38751
5764
43440
16030
13267
10326
29321
26295
40052
41181
20617
41498
35659
34695
48110
14706
22175
32012
32160
14837
19254
47659
44170
47705
27995
40361
5899
44431
49010
27273
47693
7979
26949
1711
8504
44875
25049
27151
3212
36866
46319
38444
5693
17385
6818
17329
42083
1401
14909
634
3371
8356
22988
1844
10133
15211
24961
3334
23916
29018
29218
35287
2636
1712
21199
23281
38097
47141
47577
21720
21929
14101
41393
30012
27051
21832
12204
23650
2303
48954
43908
35959
11677
2688
1574
33974
9915
35867
1151
7373
33753
10456
48098
28140
33429
10563
9335
35673
23264
12375
28045
15686
40944
3318
29641
35013
25972
32410
48709
21776
44941
8359
45422
7998
5270
40021
27246
26671
7576
27035
37275
18152
25863
3358
24568
10252
4794
22129
16222
13115
1338
22508
45195
9515
6120
49459
868
22589
6041
28081
48501
11708
30742
8231
38222
25313
48293
30264
35482
9209
21177
13187
37983
44924
29456
40376
41159
49037
42641
42358
20336
22818
2784
4742
5896
6081
7694
36912
42098
19956
45112
48281
5410
37064
18612
42189
4521
3675
43587
25009
47834
15682
26937
43134
2331
26181
32522
3580
49971
29802
3794
13718
24696
12435
22454
42001
44195
41368
17204
36997
11932
9199
12380
17565
48415
6232
6177
27289
11973
11683
22736
12846
19388
21167
20268
14718
26567
45995
27715
14625
37658
29516
7718
7010
7734
7853
48731
6457
28490
18058
49212
45349
32270
3027
49251
45798
36592
29222
4492
30954
1859
15709
17983
11213
47924
30235
10433
45434
34350
27066
7506
27668
40038
23557
49179
26794
43584
3193
46239
9837
13310
36908
39727
49811
11807
14636
11671
1941
26039
34167
19568
39732
25881
39381
45753
24860
45952
10052
2617
12869
11830
23516
1996
35142
30341
1771
18540
33671
23235
46786
41474
15048
42019
28165
43070
3720
48764
40205
665
37
13849
14344
44533
33771
16231
6963
42104
36948
38629
45582
21636
9425
10651
29791
5778
14427
32632
36661
36147
2534
19214
1173
6211
8439
11476
48417
46130
28548
30120
36328
25907
13848
36772
34766
23466
49714
47360
23427
3414
46509
32816
32495
3237
5325
42836
32574
35131
7705
15298
31788
35863
373
35518
37901
183
34130
27175
6158
47497
25851
19960
5205
34453
39165
40966
15956
47602
10003
30324
48885
39090
23724
46531
45700
6517
15085
44411
17396
16247
33694
37385
887
214
40740
10244
32431
5435
15931
38122
18369
24959
28762
36063
26405
27426
11232
16803
24911
7835
30249
23124
44689
42501
21566
20722
29815
3289
48203
6727
40792
48705
45649
42080
48907
37730
1149
39490
285
21759
23381
41600
18563
22374
8353
32112
41685
16082
6687
13488
19350
28757
25158
18407
21254
19983
48470
5755
23605
34543
18344
47242
625
37086
46431
36261
14898
3436
28943
49372
43928
47404
27561
45895
40265
14653
15330
34049
4255
32675
14685
12373
31091
45131
43013
15482
39913
21680
19289
45679
35264
4631
7727
21046
20143
41096
34586
49651
18863
21252
37600
29470
34262
27849
13330
9604
19802
19130
13614
4122
37956
11195
5022
44343
15773
6996
2619
5740
29379
46946
40135
34572
35
28761
48605
29973
41796
14031
14345
23422
27049
247
6415
48032
30920
11435
2325
40079
45463
46784
33916
10527
584
24187
17902
20390
26669
2978
48484
4775
46292
27654
34354
7063
21052
44950
960
12306
17890
48278
4699
46230
24871
4909
44215
27258
44421
25039
43344
37516
47642
20349
45462
9771
12654
23712
45081
16007
9656
12551
35452
13758
47710
4706
1089
15612
31966
25090
35601
13471
677
32608
33609
11521
38355
31493
36534
9612
45231
9730
1658
12170
12044
21127
5337
6453
26056
44794
42881
16889
16660
11581
7931
26716
12687
1132
30421
48727
19570
18238
47610
3332
40514
11714
39137
28523
29690
45905
45858
47477
31168
22652
26406
19113
913
37387
24328
21175
18539
47264
35041
8007
38071
6336
38334
32965
3549
26186
27523
41136
7340
1485
48242
28440
28273
13922
5046
39479
2802
38289
3181
6219
14846
47605
49816
40506
3751
30186
33016
11229
28383
16703
3480
30205
26774
27895
24342
40141
20712
44642
27504
18727
18469
38106
30371
17095
41084
9583
10688
23304
217
7970
35929
14744
2260
35349
49359
42052
26952
37569
6933
37917
47272
42483
47171
36399
26117
40287
16324
6637
2879
9871
41509
38090
47345
43799
37846
45726
41133
48958
8581
46849
28817
16764
35109
5878
33939
1192
4460
17377
16540
3668
18988
35774
5355
18225
7014
46764
30613
28169
6968
9864
16294
14215
23681
13714
22350
35419
26340
30069
5889
35411
3559
26021
57
17725
26996
11004
8478
35945
38127
7977
17665
14010
26636
25591
10973
32309
2640
41043
38732
3934
31346
47744
33215
49756
24922
47188
393
3900
32707
32315
49429
2777
40648
243
945
11252
36255
11022
32904
33378
19643
40500
42963
16259
37234
13564
41667
1667
27948
1113
49392
797
22789
15457
9424
25486
39311
6063
36749
42936
23590
12108
43727
1066
440
34327
22133
44361
37629
12174
3452
18629
7906
30883
45757
31075
47525
39969
22852
43634
34119
25225
38137
33469
13291
38994
38351
14443
4366
7043
14471
48630
39085
5173
17411
16986
30990
44412
10788
37714
1841
48904
36303
49591
41541
21558
37715
31576
41622
30510
48898
43581
23669
49775
48368
18997
16548
8993
1430
30749
41957
40117
16372
5834
5827
5915
42126
20803
9733
1528
37137
14703
38326
31680
8915
32120
37416
36690
17887
21936
39068
37174
47410
36472
3594
5914
29220
48138
31689
46312
39605
35115
22562
42458
2866
19976
45510
23913
39269
27040
26545
36778
31775
22778
40521
34218
12349
20324
32446
11929
35214
42884
28134
47588
47380
17551
9495
38230
31677
26800
43773
12995
11450
48357
8131
25392
13846
16104
5160
20042
18516
15704
18570
37334
1348
21533
1494
15024
13880
45745
13143
13370
44632
45390
2005
9224
30481
3496
35629
35027
17707
13149
25373
8186
14478
31367
46890
24512
41250
29586
30166
29650
26230
43591
40548
21642
18922
43110
45386
12712
47014
10533
5371
19428
31046
15430
9755
29764
4730
1901
2672
14725
3758
27455
40174
7410
41814
34651
37456
11465
22331
48558
43817
2975
41633
2101
24663
13688
49448
48398
43567
21105
37587
45430
9661
31436
25896
37878
11301
27015
7570
33729
47096
20002
16391
30801
357
43530
19837
8254
1662
16837
47716
40868
6361
47018
19945
39993
5507
23096
22865
25328
33057
46676
12057
40753
41435
2864
3284
30032
11144
47536
35912
36984
25738
33573
47598
48249
2254
39353
1876
32113
39585
15945
3912
41631
45880
16301
28784
34931
12527
43982
9660
5657
33632
5194
3431
23655
38781
46640
22437
11836
42324
46857
21165
25475
32712
10115
47015
3220
41563
12657
39903
19663
33914
32736
38166
33864
19323
13676
40184
46752
44671
38170
46571
22606
1487
30658
13423
25292
43024
38650
27758
23354
29525
48615
25959
26379
4381
15642
39929
5714
9215
8661
18324
40732
33485
40998
31590
19864
22395
31849
20156
2530
10691
44588
4183
22282
31950
12839
12100
21893
9369
11589
5811
43390
43150
1611
5439
40952
26099
20165
15492
6425
14593
43306
46970
23383
41124
12202
3776
22870
18371
18534
49064
33396
48908
26697
37262
618
44881
21433
35173
17338
4791
9100
43313
30106
12630
34422
33783
31918
8196
35698
37242
22987
43662
24910
39611
31663
39538
38636
37296
20208
17148
31062
46027
10523
30139
49333
23404
19121
34353
28562
11358
14926
12699
23307
9130
43086
29660
27502
14560
29729
38839
2540
16705
5916
33099
24375
40399
42157
15657
30795
36883
23561
15768
1461
5487
42254
26632
5298
14813
28183
10218
13123
3599
40003
26259
49627
24268
14811
15246
24937
21799
19935
25291
377
428
22046
19179
26546
28514
42948
23628
17879
43382
44230
3230
23290
46770
32725
20441
16326
23510
18490
28406
38458
4264
14172
17785
32708
40407
18489
40194
11870
20232
40417
31921
42622
48092
46385
44405
36354
45796
6815
351
48029
30956
4944
39703
8453
19926
18015
25390
16351
21219
43987
38659
18464
44492
22314
4454
35582
26105
30866
41854
27220
39527
32558
40383
28396
36069
10568
46879
40080
3200
19781
7086
5924
37135
30680
23008
16489
43438
32302
10419
4339
41900
7624
12576
25940
10948
44882
15636
28636
40429
48695
1001
41079
16191
42885
8095
20078
45819
14752
30319
49712
33084
18608
49915
17414
19982
9053
42072
44849
32233
24035
19541
31450
21191
25274
12222
12218
13851
3552
18843
1085
9317
8918
39325
23570
48820
6819
40202
20140
42307
41067
2185
44132
26823
23029
21171
37173
22236
34040
5873
17533
44407
14365
22038
45826
34224
44770
21469
32818
8761
35242
6630
6753
29350
29427
24135
10317
3186
46919
26492
36968
4940
25046
18427
43008
13876
25570
16757
45376
7321
22326
41485
13186
12017
14775
9957
47540
23446
29342
36458
42398
25356
10434
41932
47936
34803
21521
24174
5694
4966
42273
3838
8921
1303
46447
38117
5831
25037
7341
11551
3672
17005
40485
29776
17516
11949
22657
44097
16120
17615
27380
3437
34112
40788
27284
18450
1465
47956
43081
21029
11753
22075
36392
11009
39748
42868
36901
49603
42401
3687
13995
48966
14125
34535
7878
47527
2218
41418
30195
15135
47449
48622
34687
20426
40066
6270
2486
2812
46075
22391
49241
19761
35130
39876
35633
37039
39960
20643
40856
1582
11127
31939
30267
26959
17388
5105
12340
37563
3986
41891
34646
408
2614
37940
8947
14206
7248
9263
38697
23298
8172
29349
25213
35718
26385
19247
21833
49022
6015
20825
26367
2076
30653
16597
15836
38927
30633
46030
963
14854
39681
27394
19479
44531
37469
5481
38899
7167
6483
37082
7976
31092
12893
5403
19369
10420
7615
20915
48136
34792
15195
1459
9603
25176
25370
33662
47061
43514
18851
13109
12086
3150
22455
28857
24905
20490
8105
21073
34234
25263
17521
32236
14111
48097
37169
2067
5118
35752
47231
26106
34936
34100
41253
35213
21763
24608
28557
20966
882
14284
25130
24483
21751
27762
29424
32631
30335
39408
43155
33285
17951
21986
13696
16746
41397
43027
18283
48507
27014
328
39290
19403
6297
48382
845
14848
41899
32114
27791
22026
39894
29905
31407
28299
46231
6185
9331
49050
9680
13467
29763
21841
4717
49302
49973
18227
30228
39957
29765
13389
19119
2022
17528
15109
21468
20773
44100
35892
33870
34246
16263
10347
45039
23807
49304
32604
26231
10380
38188
20791
8362
39046
24953
42139
25980
6875
6640
32011
3085
10221
45102
7091
30758
48411
41060
49381
12121
4097
10880
38684
7475
3345
30647
38204
21782
21316
44179
43425
7523
14047
35714
5518
20752
4705
27769
32419
16694
1378
17449
19159
46796
47907
20342
8789
8984
8086
22051
11255
40622
15533
3488
19724
1455
26889
38159
29605
13854
20295
19012
10728
35072
36590
47903
570
38347
48877
40841
44552
31287
4043
2362
1129
21694
14405
22768
32525
2801
21396
36493
38084
9282
42334
30255
48814
22526
47062
37794
29573
42633
30080
184
4738
39753
42672
30767
33789
31253
22864
4670
3028
48250
42225
347
43093
8996
19453
14878
36102
48899
44324
28500
38770
6404
12678
7851
7396
43192
7889
8626
8767
21958
28207
45556
37635
5737
39415
10038
1060
1510
46128
29929
41768
589
29945
14910
6604
38120
15147
7471
27520
32871
42503
15710
2385
35990
24168
37055
30130
13152
13249
17164
47629
27911
43947
32109
33515
791
10669
15185
1692
27356
7900
31961
39588
47250
23515
6025
2048
6044
875
9078
48847
26003
46969
42728
24741
18353
4079
38336
35972
45289
36299
30852
19796
29000
29184
28825
40848
37304
16712
49407
42423
4111
32516
27215
31808
2512
12894
26026
1909
21230
25875
38489
8569
28473
6087
33819
22540
39549
46373
37734
46818
5710
46669
43603
47205
5106
37200
47509
13844
37067
586
45005
32636
40733
48599
48771
34559
48944
34551
30601
37431
33033
3489
43408
26246
6331
48445
18823
13203
33276
35864
33823
42758
12209
26116
3115
34312
19838
49541
45157
46968
8382
10996
11600
35562
34181
30348
40806
18482
40212
22637
47795
30648
18265
23961
39370
48707
34938
37944
19525
12109
13698
44921
25640
32303
5062
4376
40392
48911
12274
16475
44460
31281
20908
18776
39416
16636
9920
34711
47052
16680
1142
32361
4798
3583
33908
44610
11828
48162
35612
10671
40825
24867
12288
18320
19854
9366
38572
14858
22542
17823
46089
49906
11640
25914
31929
11509
15798
32955
41247
29393
30085
5437
9684
26593
19219
28054
803
9201
6910
40840
33301
18975
12949
13245
42342
18724
1502
5452
36832
33015
28467
4158
11329
32202
3707
41215
44589
15807
17907
18528
32430
41540
43682
17833
36279
14581
6377
36339
36286
33457
12228
11071
34630
23550
34318
35957
16006
42780
4625
662
41404
24475
45733
39462
44829
42075
24312
13597
7577
8028
49617
29010
36889
25985
32863
34209
38089
32272
1632
20922
33611
22701
3805
14699
31546
45027
24326
43904
26568
12773
47255
26869
43458
4689
28620
38396
42179
48353
29199
45549
44583
3374
35361
1735
5269
34091
43327
41835
40428
40012
45343
40738
28880
30373
41912
6105
15960
17120
33677
30362
37887
25742
30870
30966
12127
18566
24831
49321
12130
18436
26426
30971
40238
48008
47421
8858
25422
45459
2286
1785
14393
13627
6114
30846
2113
46161
23738
7664
43545
11118
3977
44639
28770
16228
28917
23512
26741
41080
7350
37206
31095
14888
38667
37422
49256
42506
35873
9409
44123
20517
25097
1872
11384
49812
34462
30987
48778
26852
48304
16402
34483
12933
191
8491
1195
1199
36305
16735
16249
5317
19358
32674
18714
48708
1228
20677
14135
31659
6764
27568
48859
4574
31643
14074
13402
21969
26812
4901
45689
24079
5378
21479
27667
2382
4500
38716
32438
37243
4839
25105
6858
39079
1
8272
32776
23985
32376
36381
15151
31077
47280
21183
19430
12049
13592
15404
39951
21807
36345
29599
47910
2793
23300
30900
29539
1215
28066
49954
13286
25088
17824
15928
45513
2699
8142
14634
35064
37499
11040
49220
17296
37146
591
30416
25824
33952
37588
34831
34538
23748
18334
12671
29725
12832
49506
41931
10897
39854
15329
18338
33667
26839
20047
17784
38017
1244
28905
35123
996
11057
46077
25065
38486
27594
1753
22413
33763
1605
37450
18496
19973
37162
1821
15577
1556
36990
34412
27421
29724
30856
6942
29275
37803
49267
28673
843
43031
39721
31949
46361
39958
40829
5590
1203
21353
595
42763
15573
15808
22720
42543
49568
9119
28455
8953
37012
43347
9194
16761
37010
24158
35202
4887
38717
536
16527
17883
41850
2313
14446
7605
22364
38496
49026
19373
33600
17110
7684
36456
40686
15703
29695
15830
13329
3321
1666
36109
41381
19840
2786
12585
16741
31654
10875
3644
20046
13133
24891
35069
47336
13609
45067
24585
13047
6920
41589
9969
12920
19202
15200
7592
46867
43767
12456
36082
21889
30766
11217
47251
5056
45382
26732
2680
37948
26897
35616
17787
17650
22319
38449
14201
40855
23518
40931
26308
346
26227
41013
12264
15899
3249
6436
10613
17161
2477
12898
48302
24899
38811
6208
13352
46875
7331
4638
30724
33061
41713
4308
3236
23990
6216
38633
989
8972
46856
2998
28272
19422
23956
42652
8084
20770
19853
49679
16896
17078
24510
26664
28952
26169
7763
455
12281
18088
36230
47170
4052
31902
42315
23335
33846
36946
18613
46021
24902
26826
7589
37255
12168
6107
20148
48798
3296
8599
43958
30747
18650
25138
39284
25526
36096
8550
6306
47427
16649
17018
16331
32029
6595
11503
5775
39806
6038
27580
40665
29521
25301
24466
41428
42653
2384
49420
30303
3915
42551
23501
21477
47699
17990
3770
15961
28986
27052
41156
14018
8392
422
44236
1100
19797
2134
30500
14238
10485
23072
22043
31806
26717
27041
33929
13067
44747
41166
5156
19105
17216
9643
27292
28256
17264
49432
37775
45340
37838
25457
42239
9161
6238
41375
27767
29952
14140
30528
28297
35981
48596
19682
5329
49743
47661
4818
26465
24495
21338
45468
33294
25884
8521
1314
20149
3940
31530
27955
47890
5742
13781
15021
20555
4128
26943
34129
24890
6106
20958
14008
1772
40756
46546
21765
8343
48074
17371
17143
8763
5550
31277
36962
15409
13611
35335
7612
42900
39356
10207
15175
15356
46022
12410
23402
19445
24626
26560
18279
19931
41689
16272
1720
38345
379
48626
30941
14692
12337
36552
48886
46815
45715
24442
4317
40338
15167
23198
21470
10531
11596
12396
31431
32881
8832
40505
35753
22010
10431
11088
38316
45959
89
10569
42557
19590
26680
42310
39103
36327
30257
23798
41914
23760
15279
39673
38367
11352
27800
19922
44398
27133
6108
11628
4359
38860
14840
3920
47711
30624
38242
13908
22491
34075
4751
15908
30649
4662
38515
35983
37432
10217
42260
25975
33407
43529
34805
45595
34986
45050
9806
28858
1450
1655
14216
3876
43174
41313
229
49884
39735
32647
10730
26513
15797
23949
7876
34273
19172
314
11667
27917
49344
5293
33302
31025
20334
26055
23593
12924
1399
31882
28137
5990
38088
4319
40170
35973
49254
7832
14905
8817
38908
11382
12650
35598
37614
41632
23249
8347
31148
10635
38102
17441
3558
12806
37295
36570
4147
27434
9239
23811
42055
35801
15115
26182
18346
30607
42291
26469
9375
40120
28012
10162
49813
44902
9145
33780
29137
84
9797
23049
35557
18038
3182
20745
10936
31390
33950
18387
21542
6631
22647
48331
23602
6315
22438
10705
2907
45229
42616
28779
39007
21387
40580
11534
34076
18373
31747
19820
34706
42638
15791
3661
1888
1907
32912
26123
14253
49710
5255
47919
2993
16051
20473
13806
43048
3850
11946
4348
28
26572
45720
32170
7232
28020
39793
49917
24745
48223
17875
25007
40627
12910
37884
31523
23665
48199
8397
43455
40033
7811
7696
35579
18255
38294
7266
40
19475
10429
16307
41011
36636
18499
44721
39955
13850
20741
32123
4524
46933
39200
17798
47503
39947
29538
17975
1636
46123
39945
26798
1686
30532
37691
38566
36897
36533
7024
5865
5138
33834
48959
3809
8640
42594
17081
21453
38586
16250
5131
23869
42749
34682
33500
32867
3040
3521
14357
19019
38953
22016
19414
14688
48726
49277
40590
11831
10674
4155
32475
264
11177
13050
29362
20848
38589
16322
17827
22902
37701
5620
38232
27901
14314
1480
21843
46705
26707
49075
27148
22285
42852
23509
22152
13877
22137
20470
30063
10375
45712
20132
44997
10099
23569
25631
33140
37952
45438
41318
41425
15450
16477
28123
7199
44318
31318
48785
11821
37626
10692
7572
32263
47681
7896
13810
17927
34648
9481
47021
28893
48546
43315
42999
41993
521
11601
40885
17243
8526
40241
16706
2635
27745
8323
11236
46336
7602
12577
1851
47895
29048
30967
47465
24276
49069
31181
7719
5447
24842
761
7758
1614
21057
7323
9965
6380
2283
9559
9856
30711
19117
2197
3993
5524
7866
40397
49128
21261
14751
49016
18899
45278
46637
46680
23256
11980
10615
17969
34987
42651
20682
9720
44519
31031
14658
36306
20936
30764
31457
9140
47130
23046
43129
28850
1775
48116
22549
45516
42130
41643
16069
19871
5970
1587
11028
22093
48606
22821
120
43642
41415
28092
26759
1262
18415
32717
39037
6876
45417
7066
11216
9528
7335
49949
23943
15530
27139
15921
5316
20962
39376
35877
17692
38739
41986
2881
15933
28338
37851
1840
44764
4568
27613
40171
12593
17240
26625
38000
28592
4372
20647
23874
22570
41657
37758
37383
9115
33104
9104
7202
7875
38934
37534
26714
16813
23854
39520
44977
33480
20832
49253
45405
23758
1263
37038
1211
44109
48038
34485
37433
35585
23090
40478
12888
24571
3255
19571
22944
17556
35450
22569
10846
6130
21072
11138
39213
20708
42377
25493
31026
15634
44858
33948
7329
3662
6400
19791
10113
36336
23764
20018
30274
48345
33769
25278
26898
47556
8034
6689
27478
42702
29293
5307
31789
34457
35208
7700
31568
26176
16704
7058
3313
31799
38273
7306
42967
32545
9483
5489
35258
44441
10917
12008
22386
41734
8865
11136
2949
7054
2912
25052
13130
27640
13929
43860
36831
33390
48245
12548
38065
7453
19431
38917
24305
12647
751
7314
31423
8978
7552
11007
23490
8128
44160
17783
26995
24667
24094
27857
34677
41964
7027
38169
32554
44001
29381
19470
19768
4613
25671
19575
12837
37996
29550
26914
9191
21691
19894
21817
31786
18609
22244
8929
19355
36159
9117
28718
27307
9576
19310
32879
49140
22966
25716
28155
24392
28529
6344
30138
44039
20477
3428
26173
46067
20565
11626
20527
17370
6350
26282
15849
38154
13635
8205
36768
23398
32077
18895
8850
5246
39829
22827
554
14127
46344
37165
7903
29056
3611
42889
802
43132
31015
23616
36867
5991
2958
23730
27990
49215
31609
39547
26781
3161
32101
15392
17540
18947
30390
22744
40385
11985
23929
38429
22197
49754
13984
8665
41804
24545
43523
21306
14262
26109
18818
28229
41321
41888
22069
44852
40940
38627
37122
36105
49103
1813
4328
7904
46668
754
19632
20216
42238
41612
23083
25112
25329
22875
47963
7746
158
49347
43635
40367
31017
5429
31601
16316
20343
11533
4078
12514
36655
35462
11613
15526
23580
47037
19496
28525
17096
37667
25585
19790
28553
23440
43500
15650
23229
1628
753
32941
24195
26516
25410
27104
30240
5771
39458
22849
11449
12859
27687
45717
36094
44128
10598
8409
13800
35862
28499
14680
25059
216
4984
42689
20056
49171
15993
17685
15176
12793
39542
21955
38620
49658
27600
40096
648
1902
41687
3688
32153
29794
12273
25912
2739
38271
15372
34335
33644
42224
24423
20691
12931
36157
29029
27411
12440
17980
31726
18343
30440
49317
49330
42935
18219
26643
32179
49859
37661
47960
43180
37442
2676
24946
42191
2918
39235
19150
72
32126
8652
31057
10572
45946
16679
40678
10990
23781
32460
11103
24599
21537
16329
4493
37034
11074
13894
30819
31656
17478
16356
12491
40266
391
9196
48483
33044
32556
25495
40699
29317
24955
24908
43546
13118
4463
48310
8320
3474
17140
13496
11107
15196
39108
35600
49230
31297
40508
11752
1619
9905
14613
30086
25333
1945
9429
32520
38952
35265
25419
48413
47259
31868
16073
46325
7244
13282
29997
23294
36800
44665
44789
30559
12289
11482
15143
207
28493
33120
1442
15373
34783
45800
21295
2256
31355
16549
12999
13921
30224
49440
42444
41307
31920
46730
43884
43519
30338
29368
48772
33171
39788
36722
19657
49661
18123
33866
15396
28113
34608
48897
47236
25909
506
9062
34994
46127
5179
7539
23617
23185
49593
31637
1086
2778
11369
19984
25686
31797
42070
17635
26819
12217
15459
38233
21502
12856
27402
20199
32830
27321
46737
37522
16032
33885
45209
48552
22361
26443
24656
28158
33530
48700
38177
33007
25305
10309
12867
3135
13140
6395
2344
22387
32322
1259
14173
28479
24651
6672
37317
34896
20203
37953
5033
3061
6556
46303
13393
29054
21758
10044
30882
19335
47686
36529
24391
6715
18268
31258
36872
18194
18001
6748
14495
34475
22771
41731
18558
15796
25960
41586
34400
21550
20446
39129
20103
19693
31611
43883
33922
21244
12466
33708
9322
31173
33494
20139
49164
9558
31475
2955
45870
17749
3893
38192
47818
27224
18249
12458
44171
21308
9109
39712
30591
28089
21668
24633
34189
41233
22594
48882
39394
20396
10084
41965
44970
17188
48378
22004
12126
3285
19003
11790
47842
16163
25238
6462
46663
39322
22957
39062
15684
14786
47120
22670
38531
26045
34878
49488
49193
8243
23362
4548
46378
24513
13483
39249
12731
42873
28279
32398
1198
44617
16053
14580
44292
2829
33762
22315
4416
33113
44127
86
21465
48486
17117
49433
20152
42063
24222
26098
24898
43560
35190
3913
35882
33887
47066
1219
12677
13377
23691
9862
23603
13288
22904
5080
15637
24180
33312
45425
32922
46684
3691
47476
30
23167
29203
5146
28570
38922
13321
19383
24906
27422
42703
40009
22545
10981
47741
43228
9742
33247
13695
40726
23357
32962
28748
40337
26275
9327
39195
25018
48508
29101
20502
4586
49907
23075
45018
78
21892
26108
44607
17726
27837
20837
19348
29129
25396
45000
25542
43742
706
21019
42096
6184
46997
6645
18107
23615
42866
49472
11761
49142
16790
23989
23248
12811
34109
25808
948
23159
44706
49755
45476
5515
15553
38129
20750
12842
28073
9160
5087
6759
19846
3748
29227
17512
19294
2336
1624
8714
29498
38471
24723
49089
48439
12334
42265
38380
267
24603
25295
33318
7000
8476
35004
20595
12261
47451
42167
2839
28623
48829
42994
7563
9555
25101
31443
24257
41782
20524
9312
39988
24527
40139
11273
49090
33112
16611
46156
18664
13333
48016
6117
29187
5729
36674
26124
9459
5951
23239
35537
49511
29345
4487
13490
5508
35720
29994
29331
16076
42367
6581
15251
29917
42985
20853
43829
2133
31451
42752
31477
22630
13207
35154
27460
44530
25103
29899
28382
42962
29748
14774
20082
7607
4383
13208
41884
2183
42456
6806
35444
1287
1040
22468
22039
43311
29657
36193
18578
39824
38295
5808
28838
38366
33139
11694
49033
24072
47032
31051
34686
21250
8182
49796
30315
5652
2409
25767
31130
36808
19819
6952
25228
28369
34169
28266
14195
2867
18351
43633
41628
38301
44030
24934
13639
3931
22123
1098
39484
4101
12798
11308
26783
38218
46765
10312
42200
12200
37326
36028
43444
3116
46388
40144
8434
7618
1382
48456
40705
13221
15249
6005
40871
47779
36139
19424
19588
48950
1006
24659
18677
33800
14307
26563
23267
49897
44815
388
5432
37059
31358
40058
35186
1603
47935
21137
36564
10203
49029
5655
33442
18423
10749
26723
85
13299
24577
2835
49808
12429
21120
12782
36741
10028
36075
26978
34838
35412
22277
7108
28458
40284
37873
16378
41716
18339
21326
39330
35277
13474
18012
7579
10853
5422
18935
30159
3482
37393
21716
8045
2518
42174
42148
42231
43689
3050
7338
26715
44739
47397
26296
35888
42394
39488
7518
5209
18845
25045
30199
36462
22351
34505
31787
2421
26990
46513
44380
234
37818
47444
39495
3172
32985
13540
14776
5104
8565
21310
30488
48251
25579
48467
45162
8697
4883
1172
30782
13289
40661
4184
47010
7537
36195
13553
22045
22713
3785
12138
15304
23511
32338
39429
698
29462
30023
46751
32925
25464
36802
31520
18024
4698
16514
14508
573
45088
49143
45049
36192
35233
41459
35343
30192
46332
16519
48993
1728
40077
18002
6552
18424
19352
38108
25068
36168
15237
22067
10418
20083
49780
49288
30622
43242
39152
13411
18228
43558
3581
7838
11339
31320
31623
44682
19471
24439
29560
34092
28627
26052
38911
36544
26238
21339
13729
49403
47357
27821
24348
47822
16950
45350
9477
40939
18601
794
29896
39701
5354
44925
24447
3211
47139
40312
28082
36701
3231
2470
34324
23694
32861
5806
47246
35966
42905
20982
49590
23527
20153
13091
8658
3582
9397
19325
4172
49483
38645
24666
20154
9267
17793
1283
7525
20870
9361
12733
14570
42101
28005
12191
23998
11820
36976
31256
8435
24369
35414
36072
34920
36814
5169
41910
29898
30176
7269
34292
5757
29186
36179
21905
11328
42162
39306
13063
4015
47586
24770
7055
31496
28237
44755
11370
8199
18874
7505
3395
37718
47314
7799
47902
21150
35874
17645
45571
15538
1820
30615
46811
41347
44344
15010
16621
45986
25845
20292
7359
3269
22486
18460
2897
23896
23565
22292
1620
48654
28675
24065
49201
48678
8352
23048
38305
31041
12740
25294
22734
23858
444
11526
2274
20147
29795
17125
36426
26524
37000
4250
48121
39514
2814
31897
38793
47361
49496
40113
23221
39600
5663
35974
23546
32136
21490
46634
46108
10557
23519
49715
20130
486
27474
35200
24334
33010
712
15244
30940
37735
30645
36207
31003
11556
18769
38748
33282
21189
46609
34625
41566
20425
37549
1698
13482
34381
29205
43468
26921
39052
5057
2195
23707
23212
23778
8162
19273
34052
14742
27773
49474
44131
4575
36210
18057
19901
18182
21764
20868
33728
49199
15320
37022
22021
15345
16337
30531
22072
24567
1174
37815
46468
25821
23371
27719
21500
32010
43997
15580
18791
16942
13505
29535
29646
15959
31980
44992
25999
23225
10907
18401
8709
21504
25519
44536
11115
39737
44014
19173
38571
27281
21715
4594
46351
5495
19145
23280
45296
24231
24210
13270
42833
7436
11137
22872
30042
7954
44490
1995
3157
48652
39126
28087
13420
36656
16504
16136
23374
32124
32788
1608
36693
18728
14389
28257
17748
1306
35825
29798
2952
35479
40226
25687
15658
2267
27279
6161
6144
46802
46779
26578
9406
15035
26307
11939
31408
35459
38249
27977
47323
34446
39373
485
46718
851
31202
4289
29578
28381
25581
17175
17288
13802
27876
950
41871
47470
22583
21280
23980
23937
28494
11675
48900
3427
18355
18567
31429
21733
8380
17252
4980
29590
11634
11520
16411
18603
10979
13760
34762
7406
40838
1109
40251
10450
656
32653
1497
13664
48288
45686
39033
23558
37014
48531
7183
26127
8039
47562
11436
10967
49234
2922
29754
19579
18522
366
10237
32283
30261
27900
27326
6319
30356
11475
40389
40158
24774
35238
8899
903
38681
45341
14695
5242
20895
18323
32128
39436
7360
35658
304
22926
31341
12042
5777
35824
11922
4830
4514
49958
41976
7240
23439
29854
7325
46978
25604
32172
27828
32185
48183
45410
41424
930
1419
18711
22954
11992
21576
17922
40308
25372
12698
7898
14534
32402
46078
44540
7052
19592
17258
44162
39211
28126
34819
46748
33088
36162
20891
42290
6131
17183
1026
24288
25477
27191
45255
33782
24228
31960
29357
46886
9227
10545
15120
32799
31705
30690
10490
46212
48054
33074
21965
139
38921
33258
42353
31486
49115
29107
6412
35331
31586
44631
15923
8670
35219
9541
35399
11896
5081
27622
28753
35631
29214
20099
14640
19152
4585
43971
23863
2885
25782
37350
3400
32442
2145
27601
36432
9228
1456
24098
15722
18209
15557
39215
23157
40854
37155
10177
3716
25662
982
7893
38875
7104
37729
6828
9082
13331
15934
26107
3766
25832
12564
15057
45072
17891
45486
31136
38422
738
9505
4918
37764
6050
7262
7871
43233
3304
9739
3728
42675
35978
38771
28874
40637
38854
22488
41023
1830
44772
21015
42804
34201
13183
21187
38080
36545
49464
38819
6675
34846
24508
37872
25779
37962
28870
26929
45265
48261
33357
42738
17205
38493
14536
33552
46208
4847
35126
17815
46137
1344
13993
35685
20005
40319
27817
19290
47664
43646
19212
24719
13576
2513
45091
31038
19669
38989
42757
19608
38742
37665
46813
29753
40626
3008
42795
7772
33575
15473
21023
43065
30818
13968
23573
16678
10178
46551
15370
36635
35721
44065
29847
20019
31716
31959
15179
7711
6895
2269
24983
16435
788
49826
30610
23469
15970
42137
8433
1808
27186
24167
17031
11318
17797
28859
1779
8217
14209
23002
30357
24244
10493
35474
46834
14424
35314
28111
8367
38401
33250
10487
6200
40323
7706
38834
8587
45837
1699
30091
6068
46792
479
42144
46360
7675
35793
35634
32085
40926
49911
46876
27443
8109
142
28897
11592
24181
47016
36254
28814
14024
37532
23053
21748
8197
20411
42604
23417
31991
46241
30765
9623
18604
15610
3120
19503
44885
37019
49619
21020
30983
28037
12341
33103
14855
47313
24620
30152
38319
25694
16814
32211
36315
3454
18954
1370
13569
10768
48550
31066
48433
5960
48201
18681
14502
7019
14531
34047
5800
13896
22459
31904
11133
9079
48171
28840
32566
36909
1516
21225
13823
5981
18638
28693
34309
4527
34
9016
37776
28865
10679
40972
40501
1881
46497
10726
35271
46060
16050
33401
40751
34319
39747
5202
38040
45352
39655
20761
41532
39501
48173
3293
30254
13817
6643
6779
23941
45225
49558
37796
22668
32594
37753
4937
45113
5597
47775
30772
2453
13636
28609
12268
30329
13275
20375
38114
9445
13715
24562
44989
2649
11178
19860
36172
3245
36447
49397
21987
16696
17178
30524
10589
10695
29311
12186
37428
24700
19354
45670
3302
109
36795
27077
42066
18589
40053
30486
6154
8558
32613
3048
27397
8849
21439
24552
14790
16389
1087
24738
40700
16085
21894
31760
40168
6932
11253
26624
35017
49556
29455
18282
2935
25968
25548
39771
25340
24494
29483
39198
24602
21730
14275
22184
42990
9004
26305
4285
47970
33379
7831
48361
45442
899
19180
4763
607
29912
14707
22169
48718
37674
15006
32267
44891
12141
11296
28234
44057
7565
31891
41733
46915
20200
3126
23996
2764
15182
3470
9038
41929
36237
26251
13787
5902
15341
8165
40941
39996
1539
38652
45790
1592
34612
36921
9147
48617
5866
9652
10966
30477
45901
49084
25320
10268
45104
48782
7427
47146
47996
6822
40863
37894
4826
41331
47868
16245
28360
41630
36158
16172
40795
36259
31871
36508
49479
17293
16590
39792
33187
11891
908
40379
283
39816
44587
28938
10542
34788
6447
9607
31437
2787
22121
17238
19746
25265
1577
30968
46495
19564
3067
12179
49509
25529
40608
49825
40183
49185
12711
32227
32287
29228
23668
2293
46433
49155
22682
13542
21314
19538
39875
31525
17422
48978
34097
32418
25172
30426
7583
36535
28482
43750
46766
18607
21003
7097
4795
4106
14913
39871
5262
2433
13022
19013
41988
49693
20642
25404
15963
48149
5390
14860
45569
18140
46503
3192
15938
10391
32412
10324
37480
32960
15069
26638
603
2584
11897
46731
15620
45838
20538
27237
3450
40207
41972
3154
12322
11228
24772
39767
22410
41501
38085
46671
19382
40413
6024
8189
4037
9850
14272
47461
36264
12365
43439
32908
28346
23196
495
4444
2013
8647
20414
22579
46308
13293
42515
43235
15376
736
38205
37178
48573
18521
6574
14763
43711
7567
41066
41863
15855
48048
8132
44312
21467
22822
7761
37528
27436
12383
21058
28325
21863
24837
36062
6481
23855
2556
14901
27280
14299
5164
40567
26502
49144
40346
41146
12238
20996
29555
23000
31931
29914
2380
45395
24017
13176
34484
3274
15512
14246
44652
41012
15288
38067
17505
40269
14087
45387
31295
22755
18252
34031
14029
16297
8201
45021
18979
48212
49293
26758
40013
4320
7652
29079
46972
19274
45133
42972
12267
15606
8099
40980
34175
5149
36566
22919
11919
30087
30595
12342
5072
1097
13466
380
5510
37592
9893
1715
1315
41634
33277
10470
10941
12233
10034
29965
7431
26802
8098
37782
12253
21978
41119
28738
6488
20049
42888
24782
32143
11516
47343
31190
30268
44253
8420
9303
43784
48984
21876
17458
39023
19399
10672
16513
4525
49753
39280
35125
8894
28067
2042
23598
45223
30077
2129
28803
14321
37386
1131
3483
18154
41527
24889
23164
5704
46833
21282
40225
45657
14164
10051
30752
34963
10746
46190
40178
34248
40932
41294
14516
7067
26263
35595
6982
11764
8862
9277
31166
43012
5
18919
29981
41077
42682
20776
48729
35204
1431
21601
36113
32869
43561
32110
21121
34104
23102
8141
44557
21045
9474
1640
6525
36830
35756
23065
26784
24705
9712
45443
6454
21168
43931
26728
13343
13041
18579
1170
35342
21855
1548
30689
4626
18659
29547
13941
12324
21274
12163
37880
34993
31580
4116
39898
43892
8090
47079
14619
33584
24767
7721
40386
7029
44327
44085
12386
39132
25382
8221
4734
7017
38798
22234
34379
5897
21682
37989
36668
29593
30252
20556
9929
38769
44019
2880
38421
22939
8980
2348
24556
45127
9443
22763
19741
24075
31196
2186
41867
30039
6138
33725
11298
35817
47646
42942
1963
28250
36446
8310
45888
34337
30957
2053
37052
42774
18144
20768
20169
20051
22982
32135
6460
11470
21624
36076
23391
23522
4077
38028
2860
35420
262
29283
43264
29510
40348
43809
8794
39975
40355
19092
41595
31312
49947
14509
8856
23066
25829
13985
38674
984
13340
40450
28309
49561
38023
8528
39434
23408
38982
25036
19958
2127
28354
32885
22696
21886
26437
44485
17494
47803
12154
11070
14212
3187
39153
14782
17993
31526
49498
2927
26414
11303
36482
30351
15890
46644
46189
6663
32115
2275
33904
7082
21700
20627
26711
141
49451
17040
26510
14845
24786
23870
26110
8840
24502
3449
915
4932
33978
8305
28715
26775
35803
44553
14077
25583
42255
29534
23453
23517
1503
32432
29045
20715
45258
6649
11651
1025
35451
15700
22654
32796
33496
29247
37576
42380
2364
40201
48669
40193
49187
6894
42895
40984
18032
7486
9594
15574
35878
40643
20350
49678
14769
42201
18082
33077
23130
1102
3254
5101
25169
2599
48438
41530
7208
22759
15542
12674
19418
1968
8863
4335
12243
10753
15227
38086
47271
5342
2137
32157
28797
38036
27466
16697
24012
4296
42006
33305
19278
47118
11886
23030
9773
10850
31028
12224
7839
12327
23732
21195
17988
7084
1232
3022
26564
44947
22135
45801
19106
23092
48664
24061
12876
17099
33004
47267
38804
35791
12419
35047
46046
37974
2663
19572
3447
23749
11226
13126
48542
19259
24492
9205
49987
43969
9278
38404
35124
47189
35029
6741
20348
47922
48166
3348
15872
42829
42256
49280
38074
20688
423
47821
41711
17077
40267
33562
8204
19211
23958
29396
9024
42368
43454
4013
17227
38190
33917
3556
30263
42807
42247
26490
47703
11860
26489
48846
36704
14867
28641
1957
42166
17132
3366
46686
14437
32244
46383
45176
22775
47932
2613
32720
43485
43427
41416
44908
10859
43901
41777
2558
3849
20252
18003
8992
48849
49036
6917
33585
4316
45262
42754
17103
10368
24183
40516
27596
20402
27472
7499
32535
34871
5656
20804
8495
23137
1474
10082
18674
45242
36048
14761
652
47195
13723
3531
9686
12897
1998
13948
10256
47601
3015
43598
14722
3412
8438
46569
30375
646
3347
27270
31848
16800
34230
15968
35348
9118
41378
25440
43956
30831
36628
13873
4453
41241
49329
25996
7459
47580
44382
16379
12610
7465
2853
6446
5425
39063
36974
49398
11139
25520
4268
25151
35405
26558
14119
11271
21049
48208
45668
24736
25363
11377
14430
48229
10339
28243
40775
44685
36844
41299
14635
29514
43746
40165
10962
19334
6541
40204
37560
44429
36122
29433
25197
10398
37858
47312
42428
48951
8873
8774
47576
3402
7733
25314
48675
445
18913
4498
35099
29587
6478
9962
16288
5475
10944
18022
39075
7691
5352
39616
14352
5198
41642
21264
4632
15420
11648
4923
30970
34364
26235
14588
12800
47193
39214
35603
33492
47799
13924
21721
1375
12198
7744
37762
6258
41417
19620
20511
18126
6940
37407
19193
31069
3238
4674
31107
20820
40142
37159
8979
41958
13783
4765
1527
18960
35729
18161
3698
37348
35354
49123
4393
6744
2550
49145
1477
11081
43091
33684
27400
46755
48792
18836
22027
18557
4892
37656
5592
23847
5313
1007
37390
28745
37370
4685
19730
20878
46294
61
19784
19237
43058
48475
49024
37345
32076
41504
249
4958
10442
41952
38193
4443
3619
1687
24992
40305
40781
7100
7885
29985
14512
45814
45028
29614
27456
49948
5197
16235
3591
5109
45550
3508
29635
44155
42339
32300
17464
47277
17997
19763
19900
30037
24159
5554
27659
37339
11833
14999
37229
19351
29310
23285
10262
45804
20301
28522
13248
8831
41905
28027
6986
35449
25346
37172
27331
12304
45161
46178
21200
43016
27575
3260
38964
13290
19519
40252
6506
22779
20072
31964
37935
36816
874
21556
33966
34694
196
19491
41817
42730
12348
7777
22240
33009
22411
2873
31528
30708
49785
22131
18513
49161
20257
41995
39884
32790
31405
7452
43157
14301
35511
4053
13513
12745
7187
45921
15554
14413
38722
18119
40051
30893
23310
34875
315
20572
11182
10654
9698
48463
31749
40754
1559
30695
6838
23132
1913
28875
24397
19131
22772
14556
9872
47168
42039
48925
19736
16827
1743
5796
33518
48354
24468
18181
40001
19225
13264
42979
10300
11005
10017
48967
28677
32289
18709
30347
49705
20097
16701
28808
31265
44446
1372
19183
21237
26926
34193
24340
32278
6249
24246
292
14188
46662
49855
16314
37244
12603
22225
6282
8883
38445
46540
743
951
27030
8459
32089
1317
34589
38753
28589
48821
21623
31812
46575
18479
28737
49867
11844
35788
25641
3458
23919
37187
971
47125
10898
40659
592
40609
35284
19239
2089
10796
49566
27390
22084
2639
45776
25463
19708
11205
41658
39989
49955
4286
7564
24668
2557
22397
34402
47192
35122
46007
5793
43674
45270
27319
20087
15442
20769
1438
45003
16830
39377
41272
31337
14221
35231
3970
24205
41280
19585
18033
19614
15707
29450
27404
10735
7545
8280
14064
23050
44015
4336
36528
33216
28380
41770
22533
30154
37551
23786
16223
8603
38135
40378
9090
5414
8386
45237
2375
15779
4486
3863
42724
16397
39826
17080
44192
4201
10764
36469
3075
36953
46284
11692
44139
8365
7912
37591
38318
27943
21800
26059
30536
24974
13587
3543
10144
41254
29395
3107
11982
28217
1302
6003
11407
2126
30448
33988
49287
41803
21826
13792
19044
9838
35359
16474
75
22967
35682
36106
327
46538
17088
18356
29328
4950
15343
41559
20514
15062
47873
5962
6002
23334
6366
44669
14293
20645
42839
251
7481
40619
22844
36803
25473
37249
32360
7146
12507
35492
41490
34044
10325
23333
1716
47355
30476
49243
21605
10863
27611
23145
28769
34482
8509
29817
27310
9212
1531
5272
1707
31900
23441
19046
23272
49851
17818
44355
7176
7999
11862
44767
34643
31093
38441
6914
49326
26386
31474
401
6150
44734
42003
1265
42865
8666
25268
12280
18239
37235
18945
21182
47290
14866
25812
30132
5322
48066
37377
35298
36821
33351
11041
14503
1944
29149
34855
1243
42185
26291
36116
25499
14388
46400
39936
36374
4641
38735
25206
7046
10286
5869
29824
9663
5457
25874
33911
39659
49834
42514
2346
22206
4182
10864
16062
33761
29443
15058
31776
3055
83
49992
28723
44137
49379
43210
29460
2492
6659
47413
36998
43687
6133
9667
36190
33755
2173
7048
3679
2365
33024
38968
37160
19406
45610
31666
27632
1970
33786
48095
24481
4459
5936
20218
46883
40557
28033
40734
38767
25161
48311
48239
24432
44640
48257
40666
17070
4065
20277
5812
31553
39445
42740
2842
48701
318
28777
34470
20238
37893
35294
562
46778
17257
26289
37315
28456
12040
10575
14665
30952
28182
30770
3608
30153
19626
8625
7641
26603
31735
45094
32301
29739
49798
5119
22742
38182
30449
47534
3756
38847
36064
30288
27590
18959
25935
9812
36407
20987
25653
8867
41862
481
8492
20634
22333
15624
41948
20999
29844
18118
42414
37336
15817
1004
18394
16333
8688
24524
16559
30678
34943
20961
1208
22198
34493
20711
31629
34702
34776
39647
23431
27933
49797
3606
9003
38153
10646
34567
45322
23020
638
45029
22715
19084
28331
32459
36507
4204
36110
48035
31177
30094
47212
12045
48555
42440
33345
38855
4029
36206
45247
28666
10601
10994
25494
28847
37090
31246
1706
49858
16707
48857
30655
38473
15274
42276
8917
6301
23186
47827
2359
42389
40149
35496
41123
18202
31117
6260
33261
33807
24824
14844
32371
13478
21589
26364
49324
22373
22404
25743
20662
25337
34416
10387
17260
10636
13893
45210
46314
25469
44763
26165
21048
42306
13936
26559
10720
46734
38158
31936
13396
48910
21825
8538
11688
13670
16582
2644
34727
33734
43739
30433
28349
27812
25083
36379
20658
7533
30423
38821
2966
18099
236
7451
26325
7517
42272
21868
27823
33806
4035
7455
5600
40959
3781
38354
46846
12887
3540
7674
17391
11612
15986
18084
26972
5183
44157
32168
8351
15221
22382
15126
22076
7535
46086
46523
14714
17765
21136
1626
8373
28441
35406
48255
44465
41227
48425
28151
9552
17381
45134
10353
932
25596
8147
49540
26838
10549
39965
42108
48657
4109
29619
27940
1736
36201
6660
28999
16323
15260
14084
9197
12724
31529
5814
12943
32767
37643
15098
8097
45184
11742
47737
45494
41019
35297
34039
19941
45325
7283
15103
284
18661
26683
19619
2524
28956
20428
21669
28960
40727
29842
9479
4888
37240
38760
12721
4140
8931
43504
35188
11257
7333
713
30541
14037
3765
14063
34911
21552
11944
11937
649
26410
28075
17866
3198
48443
32500
27091
41141
29024
31814
10580
3542
5949
21810
23126
25098
17580
3080
31288
4162
43774
11032
1258
28702
36242
16359
28116
7864
29734
27802
37804
13895
11282
17169
47005
41176
34001
41129
4933
33970
25849
41371
33149
49412
39208
34852
26833
15745
33894
13890
47104
30480
29680
17722
8674
45577
15964
2440
1931
37572
38184
25834
35260
25809
11969
22880
49554
39196
33488
11758
4947
39734
41873
4169
26201
29672
35025
45618
3948
15316
43302
31435
49298
47747
18864
26029
35394
8198
23909
44473
29799
19396
39472
44622
6181
1443
18801
7391
11882
39786
23303
6799
1761
42617
40303
38705
710
28527
20911
34086
11829
44432
9120
34035
30164
43821
31780
21349
41639
7821
48514
21906
3340
44187
10938
43083
35727
27776
8580
42486
30395
46648
47876
40290
42954
39982
35114
23971
9833
10834
9402
24505
11166
18550
23726
542
12389
13447
19210
6848
2664
24813
40874
3292
31883
29992
13971
49083
32253
17837
47297
26892
19249
26280
48768
31641
43331
36444
35157
20008
45863
10878
21186
7425
26358
46140
12972
38032
25139
44172
14193
27750
33946
6229
42879
5701
1766
40247
17741
5073
21535
22641
5461
1363
42809
4845
14315
6956
13661
26318
23829
5377
8312
30110
21485
929
1230
43250
37046
28192
36906
16606
34125
31299
19702
33903
47194
23805
35389
44596
26163
17266
41101
12307
35860
31309
2160
13250
32512
37209
9457
39010
46880
6618
41568
24221
3329
22980
8481
7279
16427
23791
24425
34491
34713
45671
20494
26461
30593
3083
17747
25704
4022
26696
879
38685
26652
166
4304
40467
37168
28997
14919
3979
32450
199
9170
29621
19076
20772
8178
40432
44841
5918
43548
56
43639
26006
38605
33287
36559
33508
19587
9960
18203
37177
25181
38600
5069
2049
17008
38871
47301
39861
38725
20215
36074
42062
12387
35535
20929
36366
20406
15264
28510
29440
37664
39839
10441
22711
41730
24897
41996
27371
9575
35380
4749
44447
31600
25929
26139
31052
43510
26433
35111
14528
40254
40494
8975
2722
36402
39024
38175
38532
47590
39844
39905
14191
1033
41580
36491
7621
15083
24487
43874
35918
17122
34103
39050
41243
25917
12873
30018
20366
38590
40164
44297
31575
21972
18485
43914
46225
15407
36224
43241
20150
20313
3685
46897
28590
31570
32911
46763
45020
5985
28348
16836
3287
33060
27082
45316
42013
9693
25511
10809
22227
38045
22815
10830
6101
14529
40026
31783
24291
10528
20983
13318
23762
27417
43166
27174
44883
6394
15529
19120
32586
2969
21385
48023
11078
35619
17450
8288
33053
45155
11850
4619
7952
42366
46727
33523
28227
33486
6275
1127
41131
30016
10595
942
1267
36917
41567
27395
14852
12318
39899
46149
11915
5798
13888
22462
44823
35581
24501
13579
20418
21786
36149
16653
48863
7786
35217
33159
43288
6019
37192
22792
33170
11235
36318
32956
20119
34407
41281
18614
14815
33506
42715
35789
10222
14124
18697
43179
36410
15434
1514
1613
33440
14383
31416
47024
1264
39726
15713
21953
46248
31684
9723
29403
17515
28417
29046
45432
27768
5638
7494
9142
33352
4519
21218
44704
2742
39635
3041
7462
35318
13677
1857
7228
34714
10118
14340
11409
16573
31293
8596
41790
24693
31000
41183
49222
28293
2554
20896
2422
20214
46181
22580
36891
25093
13033
12032
31911
3757
42838
34260
23725
905
48506
49314
35740
44558
35654
19205
5519
15153
12834
6796
2224
36511
20956
19051
40180
26476
40067
39661
40706
27912
27410
23831
43925
9898
24780
30550
43926
26316
20389
45454
8285
16033
31909
33063
27341
15537
10844
9849
5513
41370
33310
483
20458
32468
20541
22553
44854
3087
5790
20194
8324
29032
9286
20338
26786
38075
38320
28163
12111
28193
34996
36686
37820
43950
18634
34770
7257
32321
33402
12775
43684
48662
10727
38348
23032
43231
6568
33587
5961
35778
34584
23873
7867
31793
36451
32913
14145
25550
29380
484
45129
8562
30703
43258
13920
38453
5760
25467
44864
37369
30165
14432
46448
26468
8091
11294
40728
39076
41408
18765
33126
29885
34110
37112
49588
36167
10931
24267
16086
21006
33827
26144
5854
41260
48207
6167
32405
19004
14297
33021
46323
6250
4005
17596
28681
27109
48421
6566
38062
35917
7078
13953
30796
2263
46715
48065
17791
5538
29165
26848
7762
32948
1552
31924
10548
44656
34772
11134
24912
3755
37133
46053
23297
46987
28606
9013
7508
20529
17808
44013
32876
27332
49531
42241
3938
23142
2811
43172
46639
47370
40739
17506
32893
37981
14059
35011
45608
49096
36442
15508
16209
6994
33298
15463
37997
48488
37152
25762
22588
26162
37129
38564
44202
18420
15070
9955
36291
28906
27440
46052
14630
48384
25434
10330
10381
7500
39054
9259
42816
22457
23240
2341
15922
34291
33991
36777
870
8448
41513
16175
29181
34373
6951
11135
42445
49229
12720
43467
237
21268
29287
14899
46278
31836
19689
15829
11590
20408
331
39869
33503
24710
36265
47672
33093
13193
32296
40987
4774
49523
43195
20624
22558
12101
29030
7822
23340
33146
983
38457
20135
14368
21675
18973
23836
19556
38996
14346
36538
23260
35467
13173
33091
34692
27724
33604
456
49348
47265
26274
24368
1291
20967
8200
41830
27205
1138
21473
25546
40112
35665
33772
8739
20271
25094
20269
38695
17652
49832
19020
17254
23146
30730
42586
35521
15210
47738
40586
22524
35129
10587
37063
22998
18879
28532
40173
35580
29335
8604
23563
40992
6546
46235
42004
15445
15305
35784
41372
36007
15936
35436
14984
5254
5788
43804
22574
25262
49759
29073
41676
18869
5611
7213
21761
9131
18465
40472
17683
34079
9380
47899
10903
36789
48078
30482
9438
40203
14966
20112
31445
47086
33267
4953
32762
28478
23682
1123
37449
48045
29468
41186
42892
14291
7004
10927
17937
35163
18998
11421
20162
29591
13106
47850
23283
20223
21220
26397
30060
11705
42088
11582
2877
46728
32706
25576
43123
39872
31278
38245
49342
16252
14621
41571
24424
18303
5762
22442
32798
16255
42599
32372
43708
38545
15672
19889
47492
4902
1492
15914
41
35384
26970
34989
22868
41849
31802
28070
43527
9047
12606
28415
23172
41747
37558
40852
28388
32031
25380
14757
34979
36247
16296
21352
464
43768
44371
36461
27200
27336
48593
41401
47287
21221
33540
29626
3239
7294
2115
1467
21582
5276
46633
42206
138
48816
10902
49355
29461
11569
11491
41732
793
1475
1810
34282
45437
8844
42441
13392
34790
41479
41383
17007
49935
22216
5836
37531
25482
33557
6085
17017
20907
49357
45145
20030
5463
24296
2150
7953
44126
9434
30177
5423
37907
2697
29979
34011
1460
20821
46499
23973
3128
18157
45546
2766
48371
628
41537
1542
48051
30629
31675
39920
287
22507
4347
25126
18683
39505
27755
47767
30030
25622
15388
37364
23946
37598
28931
36125
8805
48113
43320
7800
5494
43555
24364
7716
8990
16900
42249
30248
29975
12965
7280
28682
18121
2894
25377
21891
13072
16308
12153
13201
10303
13081
25330
48547
37181
24047
1148
30962
8047
36766
44224
1064
2539
37259
2082
17312
11767
20027
27722
24584
37258
18262
36617
43060
32003
27265
37685
17306
4797
27118
14230
8958
46256
4642
45830
47332
4768
12421
4237
22890
46414
28916
6440
44399
11656
4673
36311
11342
45182
14533
21744
8824
45001
17460
48575
36340
30020
44630
45107
9548
24214
22991
28900
37721
34150
14806
7460
10280
14532
36896
12792
23606
37567
33450
28726
2691
44521
45953
15046
37066
25651
35033
34191
43732
19612
41556
6028
48385
30374
17317
31582
40464
43692
32167
37203
13707
9266
47349
46143
18138
30058
48000
1965
26870
38136
33924
29504
48485
1063
14051
13599
30820
36683
20403
20779
2585
18070
14991
49148
38021
19919
9497
11781
46071
37484
26255
43014
21878
43148
18722
34542
2876
22909
30369
28913
7760
26887
1276
49690
2264
27932
26193
27136
5651
39891
40406
27190
32682
18761
1205
31940
696
46799
30270
41570
38250
49430
28901
23643
31823
15884
13356
35218
3609
12664
48807
46016
34946
24951
22787
37609
3735
21850
6839
7928
5753
7536
27120
10367
19904
5922
9560
38286
14944
22750
47060
478
45919
49182
20180
30564
2068
46547
5083
45732
21997
49751
34717
58
12628
32754
15786
13634
9175
29431
16736
37426
14851
19033
14657
3064
31652
40321
26044
39145
9466
17634
44895
38626
31203
37281
32187
42417
8646
35120
32152
606
1387
31383
11552
29432
15187
13925
11772
44695
17663
24971
47363
30925
26160
17410
15916
35854
7201
5348
29887
15871
48637
43417
779
18256
25426
1511
1166
3989
34429
35026
41267
45945
1234
14755
36313
2345
12413
42448
921
2773
24332
10318
45774
14612
24827
3980
2169
3112
38610
19676
1718
24060
7370
11680
48174
40688
12379
28909
9037
21914
46454
19856
15858
49487
17144
757
45729
16202
43122
45522
40481
15049
28863
34642
48787
44424
41880
7267
33036
21079
2491
46028
49032
45221
38200
3210
39846
33798
27070
20926
27389
15268
29404
30845
17537
37300
21737
2397
12329
838
33902
38038
5674
26217
41182
16663
1856
18881
33118
4281
41199
38506
48120
30472
27019
23313
49402
10561
34346
28093
26845
9225
49951
37459
47856
42696
7337
29364
49450
18208
13992
1994
9390
17767
49704
49717
1412
37273
30927
18838
25316
4552
13969
4760
13240
28556
19356
33664
15415
45166
11918
4571
22090
41533
13229
28318
26857
28409
22892
25116
27650
6593
16911
42766
6500
16400
28319
39541
10541
34432
33521
46420
21561
16684
40671
39168
9442
47388
19483
43775
2547
11743
15810
13274
42236
37537
2627
17716
33078
1642
6721
32926
43848
33071
49764
5978
38130
14615
43465
35724
27444
16045
27528
11272
44180
43770
16528
10943
31311
3385
32550
12205
18030
26751
33079
31079
45795
28511
15901
49376
49910
41797
47433
9551
48181
38552
3857
8274
8539
9586
26923
35098
12404
42810
36481
6416
14950
28337
11842
42571
42218
43139
36170
23622
37076
2078
44077
31044
47526
22484
39428
33432
17159
20382
41938
36561
46544
41210
21756
4528
49124
42707
48410
44250
3764
22920
47445
8926
19261
16183
36519
28368
18198
38918
11456
12996
11105
32118
29278
1597
30182
13056
12221
25880
19144
4564
27683
39098
42245
10130
13965
35872
673
16999
5048
5969
19831
35475
26418
38406
4780
6872
23987
31225
45022
40616
18077
35520
19972
45942
31777
5822
47329
41620
10055
17033
4964
1336
19530
35415
31056
28919
4473
32007
13254
354
10365
36579
20720
23803
42614
18148
6809
1444
3739
1850
6479
41155
16971
25973
44606
13685
6886
16038
45708
25297
43042
25456
2776
26816
13213
22295
47921
24393
44045
27886
9573
34289
7367
12951
49636
6892
7710
10461
3577
11363
35735
21231
26670
12568
18835
16074
17480
33655
35783
17804
4483
8384
35423
40906
14746
9419
17706
36600
15711
42508
15073
25967
36362
7165
47904
27833
48159
38226
18542
43501
26187
5143
21956
7860
37562
17251
27338
6976
26046
21371
47790
3295
34323
11147
25913
25556
10555
15443
44056
1617
31286
16626
24325
22251
43407
39581
35486
21487
23893
22079
37999
19936
43955
11364
44731
8554
34951
6169
49818
19765
29805
8969
39167
37025
19978
12344
18691
43409
11371
48231
48192
43484
19739
13813
10581
49894
6856
19714
38643
45706
20063
40793
13432
8116
11314
25962
37840
45624
16775
29001
29800
39868
22095
26876
14546
17397
42348
5864
29528
16787
17698
6313
48376
49272
48969
9968
35418
5628
43923
38836
961
1521
6908
8847
42583
17776
43415
46625
15133
22485
36877
7225
20017
38337
33280
49638
5589
20443
37379
28979
38833
8346
41822
39840
8002
41802
15575
41953
12504
38774
48641
10713
28572
2931
19955
5843
47500
24252
44442
1754
3424
9007
40458
3723
17467
35410
12794
1150
2724
23271
49574
42489
22733
14931
37145
7113
36888
13107
42455
41483
32042
1343
32834
23656
45648
44439
22360
25600
14214
48920
15912
38731
31175
20188
2536
49401
19235
43268
15263
27885
44418
47513
26803
10509
26678
15312
38814
23895
42831
13261
43175
3226
34590
11884
9
27317
31738
38107
10362
36180
49642
5893
2204
6064
24361
18273
37913
24299
49607
31316
40786
45622
1506
32527
36369
30906
44302
42859
12175
28023
19146
11020
44684
39336
16334
46736
32465
2447
30991
6512
12822
17678
20377
13937
25534
48279
26901
46331
23116
29884
24640
16497
43992
33097
43630
45165
25638
3784
12631
418
25527
42278
3772
44277
41209
14220
17978
41443
4598
46481
14444
16511
48189
34041
7940
40326
33367
13108
25066
31289
30760
15532
4075
15885
46964
38809
21617
4199
37571
9800
33359
12246
26158
36475
5372
29059
12550
10698
25405
29340
24884
2249
29512
45216
17210
17341
29901
28400
36594
28634
26247
48349
23881
44090
19339
37396
34368
16325
20623
48209
4325
41936
20635
37931
42338
35051
46828
35340
5744
15803
13799
34328
20327
1977
1733
9207
24560
44241
28109
45139
9845
1365
42847
26918
22354
5617
31360
672
31914
6435
23452
4539
17386
31624
36000
36987
26566
35533
11448
1665
19586
43981
19407
18991
35477
24283
21726
43924
49996
6873
39467
6911
38111
2651
22687
37523
46960
15285
37454
40448
23078
33610
29037
15752
6471
42442
6180
23017
47458
40511
18325
443
20423
35023
16131
33065
33883
6179
17775
7381
11037
6733
43702
43033
23979
25615
4476
31698
32961
44066
43870
12354
8633
4786
6967
48914
13914
16193
35907
24096
49249
544
17086
41968
770
38690
21067
38300
3690
505
12060
36930
35306
10425
8956
32408
26656
15112
23871
28306
4232
5392
3930
41659
43522
5698
1809
19553
30789
27493
29627
16092
26080
15766
14698
15665
8916
41248
9744
34720
3972
41480
48321
18291
47098
43511
25919
43699
24964
19096
28172
29224
17484
36539
5511
26983
7173
17420
394
47636
22960
48981
31368
15695
15334
25623
12988
38409
21749
16340
26427
44775
8828
1500
15380
39455
1454
27269
24321
47889
10889
2009
43365
25406
38704
46789
22245
42591
27967
22183
10150
36606
43300
4085
25450
45208
6096
42068
39537
44430
44487
16342
14033
33926
44586
7219
48083
22025
2289
9051
38992
24493
36752
36838
10597
30516
17230
21618
12007
3995
6788
9822
28374
13391
8656
19370
49395
1353
49079
29262
2083
41037
36394
17416
32330
15160
38711
39207
38491
43597
41464
3684
17751
44440
21499
7856
19
45336
25344
8185
32080
25633
42459
8540
22298
12115
18956
23965
18414
7334
33481
39776
23489
31039
734
25893
7389
25496
13840
5977
13803
9691
21227
13151
34898
17047
30461
24962
49282
42124
33813
13278
18253
15594
39662
34213
28078
11562
26065
15439
41128
41582
43929
27202
8748
37623
37959
17826
40487
25501
46408
7211
30558
39407
26128
29150
15663
4669
34165
11327
40707
5715
38139
2306
29089
38669
20160
22831
49707
26665
41218
42600
17259
24038
29913
22414
3734
9030
18527
44169
21859
1645
24809
14989
42775
6975
46254
12292
22276
30046
6539
37543
15558
41229
44960
19764
32015
9295
27487
28457
46524
49667
26422
8708
46227
11710
14019
47316
22447
3276
41062
28285
8703
12453
16891
44574
16428
38231
19215
11686
45416
6620
28143
8749
5405
12525
25259
12977
4288
36396
17608
4135
26748
35952
2090
12633
15994
27117
33750
34456
23875
49613
11908
11017
34043
33910
33198
35771
43845
33534
2728
44050
48871
31832
16763
48797
26979
6051
43666
32447
40826
37847
25869
4725
11389
39366
21002
49170
27671
30067
24825
39384
7117
1318
41352
29114
918
43991
16302
14611
8211
45346
2591
19080
46250
17222
46608
11221
45330
30239
34588
643
9823
42867
46199
32370
6946
45586
10033
19058
35312
40547
14381
21822
16699
37071
39902
9596
33324
499
28028
42340
29730
16087
43428
16592
47249
18620
35570
42050
16407
44326
3349
14935
32008
27311
20191
43730
20545
34460
42578
34080
23342
12879
1279
8888
873
2172
28868
40246
11126
9314
6776
42510
37698
43361
9640
12922
10694
26304
35865
23683
34663
32507
17770
14710
35992
25509
36017
17812
12621
47452
46496
17598
16535
38888
8645
17878
188
38507
24101
24120
29536
6069
8764
30014
5803
48982
23054
34330
3290
43676
15953
6388
47100
1889
16275
20609
3189
3031
37405
21436
9992
3505
21335
20093
26785
28861
39232
29866
5847
5333
36073
7863
2481
30281
10245
16047
41799
22483
45633
32030
27330
49025
49980
4502
7557
38474
13967
24718
17003
31305
25253
35622
13646
31668
26498
44696
15775
45563
7639
28520
5794
37973
36244
47796
19464
8566
20881
3409
22947
10681
45302
28316
5218
13153
19073
20100
35210
3173
7044
43641
8314
39329
47516
35809
42077
8452
29144
10742
49214
1865
30144
17280
8403
39064
32553
6257
17788
49956
773
9136
43668
36813
27789
47583
27881
37784
17746
18502
43499
49045
23960
43566
30722
7638
25569
41032
12332
14941
20557
32316
42843
30930
22040
33264
28055
37855
28976
21418
40983
3533
45011
22900
41346
42037
30113
10208
46419
11965
21087
39286
30438
7159
35134
23107
47070
7974
23772
21162
36522
13284
35285
45314
18696
10924
24162
22077
39562
49504
43590
1846
22665
4679
12024
11399
27662
16349
41895
18250
23902
3518
46277
6176
33182
4640
21574
2911
28750
24851
3280
10806
21036
32097
38646
25588
20575
36131
18690
46647
32645
25982
35425
49177
36755
27838
26284
12556
1486
29604
14
22471
9799
22681
7461
15031
19316
13701
33741
4193
16797
26514
41637
41510
6384
33067
42590
17407
43102
3279
42471
3084
27271
37637
49351
47305
16041
46974
37745
33062
17197
15005
35211
18651
19640
44942
11299
11334
41274
34845
46958
35322
37471
15734
23658
12016
3547
31973
39825
25846
44328
48006
38325
18243
23630
24155
36586
3183
735
3188
40635
45154
6213
16127
8650
11109
15644
18456
31741
31274
10525
43691
7300
22219
12742
37918
29694
38128
38413
2461
16103
16467
26071
5646
35087
10068
40069
48031
8437
5607
2434
45116
39487
36975
43831
31260
10629
18923
42154
25167
16894
10417
47227
34897
12220
25351
23903
43861
2252
1924
18847
46418
42364
44980
14834
16613
21232
32387
11548
29324
49204
14159
33375
42391
14410
23412
17049
19182
48359
344
5385
38529
20593
1725
2155
47310
8877
17380
27584
2104
684
42533
6492
44175
25916
39761
34300
5273
32452
1568
6837
48290
38579
18631
30403
48222
26377
20240
16280
23099
41214
26549
23578
34007
32265
13959
27383
35876
46180
31550
14240
5147
30259
40073
28429
22931
21919
37860
12076
30062
42023
41973
26265
34647
19756
26290
30291
37663
17100
21286
36495
28574
13514
27529
32524
49694
37087
8634
27298
31627
46518
5458
44931
46893
16268
43704
12242
9518
13211
41928
8363
11687
49178
18849
29880
7678
6514
12668
19463
49606
28174
14038
9774
38930
11045
48258
35377
43125
47633
34179
35308
8827
33297
80
8742
43972
10760
39158
26486
555
47177
32421
15753
14219
23794
920
17721
37833
28672
48308
32235
9671
25625
27006
13934
9585
14486
8233
22288
14475
43622
5212
40316
38936
20176
46614
19760
9172
17644
35416
7375
11096
2052
18074
8454
35786
3339
23373
47159
10278
30404
24921
32723
44705
43826
4691
26797
16910
44843
25887
1015
29430
45806
7968
12697
44869
34570
19398
11325
24815
21407
29053
28929
42010
39882
18720
36085
25844
2192
29256
22975
195
36811
1112
23353
21000
32323
25746
44573
8733
10547
41792
15653
12036
35712
24285
39473
26054
40857
27061
38713
49457
32498
39889
23138
43943
15787
3752
14927
47518
16688
27116
48616
19234
1299
21018
43679
45664
27441
17909
8331
7311
10971
35250
38618
31283
14487
41201
42283
38788
42332
15582
16115
36416
48815
30696
33448
48104
48956
19911
18244
45083
12660
39427
4014
19447
509
49946
39265
40737
741
31750
30294
44905
39008
17572
49644
6745
18787
37768
12546
14067
44638
26363
47570
28184
29147
30201
22250
28867
10737
45627
36520
10386
49527
6969
41786
32340
37755
18938
23474
15149
24287
28328
16404
10491
19665
17074
3124
12852
33560
275
39646
36071
16157
7129
4687
25117
45816
34744
3736
18762
43143
1737
3225
2810
33579
2207
20783
34579
42666
7531
13217
44370
45492
41160
39809
39935
22335
15099
11643
6396
17275
6485
23210
18694
32248
43401
35670
21503
31195
9645
43209
22171
39300
49831
30467
31709
40244
15047
1141
21635
48977
23959
39768
21596
22936
31632
36164
7865
24994
40591
44628
19083
26630
10010
26012
33433
34927
7071
1284
11110
33699
20824
36845
22770
21478
16289
45477
40074
11528
16471
22746
2567
13066
32409
18622
31164
37642
27974
22513
12763
27214
15816
39039
19277
17015
22456
30877
37947
43252
44034
46948
7112
5319
4246
27871
39070
128
25189
32346
32342
42701
11451
12343
41744
24729
48648
43601
11349
21567
45015
10729
22372
49610
29524
19467
30950
29337
10656
2669
13263
5994
10521
47187
17876
36970
28047
34180
12758
13733
18404
9725
48198
2694
32665
5258
22550
19380
43967
16306
34985
13145
29152
15360
36436
47208
19042
22961
37095
17128
9356
471
23908
3043
6880
17439
15479
12350
47200
20809
5400
28766
31869
16523
35709
4207
19951
34797
32232
30578
19420
29709
33992
23824
20059
21532
10022
41216
11806
40388
26582
27531
957
45062
34068
34223
10392
140
13852
41395
11749
39572
18707
12031
29632
36796
16550
28615
7795
41476
1146
20126
38912
28612
31537
16177
38562
25190
33339
8837
33416
29210
49586
14527
20239
44201
28780
5075
7075
38520
21428
1966
17858
43259
14904
2889
13835
15272
33713
575
2985
6157
14783
30716
11239
38324
9417
26956
31967
22608
37778
29272
12874
20692
49308
49486
27557
23034
28245
5375
46101
27559
31329
27428
39230
24805
12540
38594
42183
6359
29277
27947
42320
48704
45142
44437
39228
46104
49817
47913
47736
38187
46205
6522
2168
11840
43149
5774
20843
48941
11825
39822
39558
3592
44569
13867
22968
32288
34471
317
41358
11676
37966
1694
9702
33913
20383
37110
39406
8520
25589
45742
7230
11510
49806
18125
41538
19690
32471
5406
40220
49232
33000
48426
12523
14535
44158
18242
8234
16145
26018
27483
16844
49466
36929
16044
21951
29934
25020
48985
47103
38630
13713
13807
21366
21495
3046
23677
12058
9476
34061
23695
42134
38900
6314
46084
30589
35022
32243
2941
5357
48970
6198
14798
14404
42490
6496
4027
17558
16229
31841
38896
25730
12765
26686
18764
19621
23703
34739
3625
23097
29344
47169
35871
14970
20571
26120
38225
35368
43040
2411
44375
12946
47886
13096
2426
2337
29115
16153
18803
47581
49228
3270
32429
35501
26967
12089
43
21077
39319
23399
28496
9431
18904
37748
42496
11865
11345
22635
21289
693
15911
41224
28117
47563
9832
3018
34367
3469
41546
14828
38138
40780
26885
23572
42172
14166
48758
15860
48303
40581
10086
465
2980
30216
45239
39181
35150
29358
6052
32622
28918
6773
43626
33474
11638
37102
1769
2537
30389
36135
12666
38925
22022
44679
17245
17943
36471
39770
27693
38186
48184
39769
28135
33933
49296
47056
11786
14812
35657
44769
34083
48754
25899
3517
17925
22400
8093
345
34015
19539
23574
33029
36801
26993
27859
17137
29676
27774
31122
30047
27042
15813
5681
15231
34437
37561
33175
17956
5534
40573
45266
45273
10407
38015
32689
13683
44714
20497
24011
17440
39438
29136
42164
22538
27897
39307
18885
14797
10179
11659
43131
36486
49635
22639
35725
36221
8537
43403
32271
26505
27815
32738
2836
35305
31876
31946
20548
45200
12006
8173
20085
38435
6635
1115
42021
34512
27612
212
36051
17674
41980
19444
40382
22884
36695
10358
49861
34726
27984
7685
18187
15267
2967
7894
33487
26436
35189
46301
22441
30090
13911
31158
10667
2789
22837
47322
30501
6017
30835
46839
24053
39686
38168
1331
12399
9606
37230
42287
15821
487
48786
4426
44052
32568
48468
14496
33343
1819
11881
23141
26810
40897
18285
42893
49957
49969
29153
42534
27978
38434
2081
35309
12750
48937
45378
25144
47081
17180
16335
4167
39892
12132
11822
7571
44454
2333
22600
42434
44219
33142
14270
12494
21038
42528
40395
16963
27807
7827
4139
14088
47152
8940
31653
1583
28322
40213
9233
9000
37941
35960
8964
49882
8066
5186
29131
36657
45008
22337
15489
47695
16644
26598
20079
34952
30712
8159
47959
44542
23942
47217
44265
2721
38829
14392
38126
1439
26667
34919
30287
48905
32916
16552
32727
2245
21575
529
29726
49126
24405
11388
40017
21061
38450
31086
42976
16150
20478
19508
35037
43120
4458
24182
5894
4836
39022
49718
22559
38974
22800
18010
88
26981
17235
4074
40717
9492
40394
20345
7292
10396
3010
36383
16852
27266
23771
15869
34144
35628
12104
9169
20673
42734
48613
12826
21158
32884
127
38161
37945
38430
29409
26787
3421
37119
17830
16458
48305
45498
31603
16840
45789
17542
5478
8784
17711
11142
49146
32038
5754
998
34431
43050
10294
12181
2448
49618
14409
45193
4963
29110
4295
46652
12942
47457
35980
26121
10825
26859
7690
7816
35020
35832
31327
8572
44757
5670
45211
43082
22690
15853
47720
9501
8944
31268
47729
22494
15725
19699
309
34301
43266
32761
30128
4545
7574
40746
13958
34469
12393
37080
4616
12962
34593
31381
30203
687
48312
38662
37447
10838
26843
4773
9794
35184
29013
20219
19548
5127
14370
37186
5024
7429
29955
28933
48295
11111
24412
33341
22408
15790
21173
25951
11201
25540
46232
47293
6544
37699
22083
2745
15000
19836
34184
24201
21296
24998
48266
17981
23939
14131
1836
49111
47539
33184
29993
18968
5562
20700
41195
17192
24779
15969
29094
1903
30977
16913
1562
11241
25205
27059
38494
3426
9967
18515
17034
28547
29303
3499
2002
29254
1337
7657
44865
5883
349
9843
8391
10340
34980
20256
22894
11803
1767
18906
24242
6422
47645
44909
25285
16507
3478
39642
1325
9028
12084
29266
22114
7138
30965
44718
5324
1805
27644
39113
5036
46470
47347
5328
36774
29117
45692
8777
23782
41162
49878
48158
34895
25868
34426
666
35880
12136
38196
16067
35856
18257
22297
21982
48597
8181
3633
15504
8778
14130
28059
34006
939
17246
42923
44562
45052
48449
33919
42718
20710
837
9034
3069
15648
18234
38285
38313
17320
39299
34401
4189
44048
39835
18411
5602
18114
24641
31867
15843
29479
1823
38145
30825
17055
30221
46252
19995
30040
37188
47346
25594
24463
29369
21999
4094
21836
33971
10229
37277
16080
22062
12715
8388
18073
39184
10534
21732
32630
25359
5566
12223
39114
15759
23361
3678
32082
24695
10578
37494
48526
45507
40445
36036
13753
28533
32098
40650
24590
31251
22050
18100
2704
24462
9001
15369
18328
11660
33217
40612
25525
33921
45079
40799
43836
39466
330
28071
16462
25545
44397
42572
4852
4920
11307
7443
44031
32588
13515
12123
36504
19783
12573
39176
11645
34560
33410
49413
17732
43902
40116
25053
7747
519
20900
23455
30098
22263
39827
29493
6067
15894
32397
20090
28397
34124
5931
14399
13815
25580
49300
34157
3896
23247
7304
11558
40258
29047
9042
44301
25888
33462
38826
39109
43487
1508
11785
12192
22858
46611
17581
9330
42297
17934
37733
8620
27073
35138
43335
13079
1786
5671
8727
40469
46014
25211
28185
33274
27706
18565
5665
45096
1396
32724
44020
15623
47422
18785
3248
21663
37171
17773
42944
30861
16817
10665
38309
39443
12500
474
33928
32639
11899
11131
17023
49525
17554
28622
46604
40124
44183
12177
33717
45311
27004
30851
3227
38972
24443
24820
35906
28200
3910
814
31958
194
5952
38431
36349
13498
35253
25235
15027
34461
7707
41202
14304
10149
44644
413
43450
31460
19787
35883
36915
49998
45354
48649
936
42492
3479
22329
23535
7160
1499
796
37634
4894
15478
1893
20337
15438
30705
4350
19309
11283
7937
3052
32337
14882
19246
11629
3632
38341
16196
19017
30756
43182
2412
38832
7644
27684
30544
17020
8273
8229
46185
33706
24330
31621
45351
27688
39672
40368
8686
853
23750
31757
48638
30283
44176
7156
13189
40125
28439
13336
45288
4491
11997
27192
15362
8195
46724
46015
22586
9093
15625
29541
3621
854
27759
23878
3352
9521
49565
19511
47732
29841
28307
44524
25224
41614
47387
15739
32944
27069
20175
10156
28199
10194
31510
760
3546
1863
25241
16119
7843
350
35694
26346
42619
13236
46601
11594
21992
15748
36563
40043
34251
18816
11378
40861
43116
45892
5692
16244
5593
25302
12831
17347
41049
33760
41761
7089
19949
8071
24540
21945
40910
43352
21386
42211
1466
9818
33136
21291
2872
28330
20507
15932
15726
28539
43978
30002
27028
409
5365
42343
2820
19336
993
9804
38064
13686
15284
47897
2445
4570
17642
42041
42582
49341
3175
33076
1714
13247
25565
40758
12025
27243
48114
38043
46877
14002
37128
36640
16871
35338
5621
38837
30948
4814
9545
35744
21712
45893
23438
47849
7626
30492
25957
23889
30377
24755
12785
48316
7394
30995
1567
27432
37189
3497
5245
36097
36699
37579
22204
23476
38076
49563
4767
17648
44539
31567
42575
40673
6480
31302
15564
36463
3894
30913
1672
14895
40020
40950
39469
31927
6720
9198
12817
14568
46381
24907
21323
27490
19997
32772
27359
18156
3789
49437
22008
30136
32598
17817
24697
45232
22210
14664
37903
5025
1693
24143
32621
30189
47381
11959
26005
20683
25830
32416
10132
27935
47662
30017
8510
40578
8955
38052
31696
43145
42450
14189
12212
15044
20023
22859
27115
36732
47435
23529
19850
37950
3471
25089
1585
37437
43718
24033
30213
47144
9826
16981
18628
43445
38862
30744
7175
27450
22303
29270
34950
6345
6256
37595
47006
34351
29038
16438
24436
43656
40418
28799
16996
1646
19067
45604
36713
15974
15972
11905
818
21869
21303
44161
41947
49163
24520
19899
11176
37845
28995
1179
44937
21689
39175
41611
45259
45146
45810
1525
14450
20739
10574
1734
20185
42710
18786
12900
28103
5529
12488
42253
8149
31655
39682
26551
10342
16295
5613
46545
49517
12590
33561
43896
44087
35301
20986
36825
14717
22786
26278
3598
15034
10332
14283
26300
1807
19755
34591
19561
40259
44735
14738
21506
16079
8541
11958
22092
24863
29289
14513
39911
17428
28667
8207
11172
6582
30474
28854
48287
22446
21449
2268
15491
4337
23121
7468
48499
23069
39231
2162
41668
27870
35089
29334
26421
15191
49082
5810
12662
33583
7217
6355
1206
37040
22517
30679
5192
10272
14510
32967
20794
6501
25553
12685
9255
29023
15394
32006
24453
42329
18062
15876
24622
43001
33045
19319
21255
27029
27107
24689
26411
39923
4683
1297
38381
30143
8411
39274
22037
47156
42989
29669
34077
37740
37372
6343
1145
864
46906
11366
12068
9722
2611
44957
29666
24711
48151
23477
922
28658
26314
26760
28267
34712
22882
17475
16271
9732
14187
33788
10759
24416
30227
19510
19771
8667
23394
47617
30034
23690
12013
22190
42945
13128
28655
6452
7400
46956
15694
36473
23634
40160
35967
23456
11762
8429
11787
23935
21745
49110
10157
30093
19918
48943
49127
29017
49423
49404
38845
10114
32771
39780
26504
40595
14330
2948
5095
8043
24491
8611
45856
39943
49963
20506
3278
20121
34489
7945
29935
7784
47726
13476
45315
39544
32482
42769
6728
31524
21592
28608
20440
20278
33311
41605
18425
38859
30999
35938
7646
2166
8855
30587
7040
40658
16753
11171
8557
45490
24995
5234
12881
33977
7681
36229
38764
39267
18560
4722
39261
29102
34029
30339
44973
38500
46251
15802
36269
46649
36267
1991
32252
43316
25763
36389
20058
10623
40533
45132
14727
10124
21616
37380
9952
18168
46285
48621
39087
26009
31259
44673
36936
17432
6781
49210
16956
14591
12364
14227
6670
7702
28009
28210
25504
45467
9767
8406
23920
4113
9046
8004
36591
44626
24194
28363
33507
3879
10763
25678
13535
28041
19023
25348
28663
11607
4803
7290
21995
29665
49279
29874
33279
24380
34596
5815
24609
31831
15903
36452
21450
46289
35613
17359
8258
27247
9887
19127
2605
40151
6901
6578
24161
18591
20482
10702
32443
29903
13545
27938
34220
17780
30573
36233
12255
46122
31608
34800
45451
31183
48809
48850
36847
11611
9461
1543
41356
13161
45695
46449
36875
64
14447
24290
15475
10804
36107
12929
33101
13652
46153
4245
24310
2566
37440
29366
43244
30191
44269
10356
24270
22044
27872
24542
27864
29408
43534
37411
16958
32534
44480
44740
1125
21368
24458
21161
40787
18573
34828
20954
14759
44702
5907
7434
49076
48144
81
5412
6674
1395
9279
1256
31058
9571
36933
24014
2320
31773
11354
40525
34038
5130
25629
19635
2404
24034
32222
26640
41646
38615
19940
46255
15987
25335
44646
32842
35529
18525
36536
15842
21760
997
29758
31644
42333
11068
9894
26729
30033
10532
26140
25773
26727
49719
45637
17310
45260
17759
37632
20179
29566
16685
6767
1176
45662
46148
47823
17253
23376
2446
47718
9599
3657
49471
11852
49582
14669
22537
36884
49936
27633
1854
28284
36682
43960
32825
40815
28788
16723
37696
41104
21157
2891
46029
9472
23988
13793
5578
924
20657
22267
30665
17270
12088
46275
40982
3217
40900
35470
48563
17755
34576
28998
1894
9891
26580
35648
3636
41484
14374
35736
44099
20910
44974
4897
23735
48750
44717
44955
1275
20934
33980
28843
18151
2107
27569
36842
28145
1860
26075
17727
8985
46261
19942
34983
39597
40667
11757
38990
34785
31005
42452
42477
32453
9679
13416
13657
6605
23343
270
38601
49850
23182
11792
12944
21095
20381
42469
11161
17708
21717
21398
43115
18597
44420
16097
1955
8287
35916
3937
26946
697
43782
38565
20435
9125
28416
18819
42413
47945
41941
10928
27393
40620
29021
8843
6985
40831
24965
26119
7740
46304
22956
37028
15219
24449
32380
30868
24775
25558
47055
39912
39127
31896
33150
36271
3997
48776
41374
44264
47487
18686
30602
8893
22362
36806
36650
31169
21145
35546
42319
21907
38042
22057
27231
19808
6372
29133
16133
30269
37127
43660
29511
12984
15078
34122
48896
37403
44802
9519
35282
28147
441
10134
25684
14958
23736
41569
69
3544
2119
30932
2831
13909
25841
400
27507
31673
8067
25856
23953
41547
20998
44698
19709
36199
1019
38787
43721
26423
17919
32660
5599
30479
40962
8425
32688
19419
16843
21964
14261
36993
48238
29517
17490
21377
2805
20310
27896
11306
16206
17473
42814
29596
25341
19615
47524
12591
2012
45263
48282
2730
21529
12087
13268
19088
40949
1111
49121
26998
45075
46930
35032
44257
6223
2235
27539
22425
26049
9846
28231
1171
13923
2526
39308
14078
4529
5791
20938
8942
8655
38699
10075
40040
38470
3221
19622
25135
5639
8174
7779
34552
43624
39471
17853
28017
16734
26151
10558
37813
28789
45335
44024
500
4080
1383
10264
45768
23215
48835
8083
45071
29148
7996
39842
9884
23635
6700
11248
40782
42425
44643
30784
12634
20584
28971
44776
14682
31604
29374
38304
12875
31139
5647
45841
27966
43343
44138
27392
30700
30041
16176
18072
16957
4819
5997
39979
25668
35532
9281
11220
44745
22795
29279
16442
26518
8838
17267
12398
48388
22613
32847
34308
48906
15025
18379
2525
6812
41838
27125
4756
26442
2612
38756
18432
5660
13481
32659
19515
22406
46166
9631
47462
45452
45542
6625
43486
48619
10440
36927
7519
12427
2030
42279
16426
8534
14552
45828
4505
12997
6924
28190
17212
38513
5555
18876
41981
31403
637
13678
1838
33107
22017
40747
18733
34264
28811
44494
47420
21375
2028
3396
38202
27119
18532
28258
49167
43026
16122
13235
6668
44345
22473
17508
2702
48945
5151
47887
1136
34053
43968
46599
44300
29014
22294
8500
44995
43915
38259
34904
28648
28395
1235
12188
25552
47179
46004
26575
18531
42620
10289
6203
514
8349
44163
43489
40327
632
1294
3156
4975
10861
27894
32130
19727
20680
44194
49446
5305
33346
28034
3054
31228
7908
24395
40515
39245
6598
28154
2816
37580
42930
43017
6732
2843
38632
30631
5264
20725
46689
28208
19554
27676
37586
29861
39508
12520
38072
24644
12323
45639
44402
38010
34810
11957
31763
14390
213
39959
35606
12583
10224
15604
46838
26537
29179
8825
31906
28657
30310
6626
30167
49836
6326
2242
12072
30611
30929
30982
19546
22081
18330
31498
3065
18605
33616
21090
24028
22496
34005
6075
45759
10559
44455
45033
49374
4346
30114
41627
9778
4828
31540
16534
7712
5094
37476
14322
48795
23675
43350
29707
1839
7226
33459
19153
15132
32424
19041
2136
2335
22120
49244
39590
2467
11695
33858
204
33013
12173
28924
21345
17862
4466
49986
49051
28159
34719
26491
44203
36880
43912
33752
40456
48263
36822
42674
28292
15881
25445
30360
33206
2683
43886
43064
49944
26614
19030
32403
42576
28860
39678
31165
2882
1649
10984
7645
25061
33897
43469
46088
21101
10885
15812
16034
36698
37695
1154
41139
11812
42785
38607
44383
34834
25458
41887
13154
26698
3669
30551
11250
29109
48870
26831
22618
9997
4834
22528
9208
46593
11504
42207
18235
39666
1532
44115
13276
38801
40081
18654
3584
27473
32213
3343
33765
20819
24025
43688
13422
22063
2858
31548
39858
21926
8228
10893
19093
37299
18655
9885
26093
5842
34708
45197
46959
37633
811
20612
10085
13239
31712
46429
31362
35141
29487
40185
31810
31221
19687
2578
4083
48341
42326
47968
8140
18336
6966
37215
19433
31676
34884
24150
43869
13845
41975
14144
3327
38077
24324
29655
39897
36033
10929
4375
34399
10020
45198
35166
14670
35656
25650
42110
16888
38692
18274
16262
39240
31492
1226
3218
2989
10
29410
12326
1386
11853
10077
42577
33595
23136
45064
40913
24766
43039
19302
25655
32815
49130
1896
4992
40076
24273
44611
1973
41196
47414
38181
12639
5278
46963
7814
27786
41729
9647
22068
41992
4831
36696
47155
24852
35674
18374
39478
28889
15375
32206
18213
42998
23253
15627
49526
29806
29003
48595
38724
13070
41885
25719
14194
44790
10427
25860
28526
3964
4153
46674
27399
41473
41823
25825
39859
47742
27427
36817
46184
32379
30028
1923
1569
33569
15311
14396
33438
10230
2971
31774
46327
35212
5181
42300
19099
35112
48286
28101
28813
29361
8031
43395
36294
36833
7550
33825
8372
34750
31483
14623
9430
33652
47481
38702
41058
18870
19882
26835
48372
28984
12796
43236
29355
8675
10459
12608
48226
14808
22032
24514
35830
2106
41175
34106
8134
24190
1783
7200
45496
6021
8868
26260
39916
20462
21939
4236
17850
16808
65
34425
7148
25317
48902
40264
35705
33776
44428
38463
45862
3882
6651
42910
39003
6389
35671
36487
8919
45456
29060
33675
39224
44741
27645
20144
46533
9264
20661
45177
29810
44062
45246
31254
34722
49274
47653
10514
15814
33350
22111
43596
5438
3819
41315
9508
32129
3697
35228
44796
28179
39369
748
30951
5446
45329
41236
48770
21511
41203
5396
11058
40741
15403
44930
45721
39080
7177
42421
40976
37270
16151
24799
20585
43062
897
31779
42636
28696
16090
31633
46667
48402
8468
7242
2123
47611
42328
3256
28551
9729
19037
47606
37278
6638
47222
40273
32821
33020
30628
46961
30874
49637
8783
46622
44098
8803
10146
22832
15173
48968
12974
14060
4117
15723
6899
38672
1884
2299
17688
46395
19408
16642
22934
42587
11976
49841
42415
14167
3062
28403
16473
26315
29681
38315
15926
2147
9542
9293
21762
10724
859
25408
33471
11650
15354
33862
15751
43999
22499
20454
13681
31700
23175
24864
38631
43424
19271
39922
14377
25908
10566
12732
37920
21234
18774
24760
20211
10323
46018
43828
43473
35396
19241
26846
5625
42924
19611
11941
5945
12691
41194
47121
5343
44390
47685
18848
18635
23633
43389
12403
26506
13539
8393
43833
47124
39357
39268
32949
39021
24300
5170
12078
450
28879
992
48017
16237
24131
19966
20168
23318
35810
29853
43025
47760
25843
49139
23064
17631
48283
46063
47982
40606
29542
15239
12501
19343
34306
4925
10626
45366
39519
47745
22430
15975
6747
40701
7287
46873
45384
20713
46048
24314
21488
16974
5886
17133
40268
44293
22155
47625
6532
46061
35230
48548
47731
6263
27660
8981
48256
28498
46001
35777
41946
24894
28232
7022
18804
37660
42120
49394
21017
34802
19798
17675
19601
32053
11269
5266
49490
33638
17408
8078
17768
8747
41920
48791
20467
6264
31574
20592
46898
43644
17477
31720
18723
11258
27350
12882
49312
30676
9531
25245
13580
37335
8860
22149
6708
23872
22097
9949
4981
22357
2823
7209
25267
27479
17640
20694
26104
9948
23744
38101
6621
19971
14483
29451
2494
43654
46426
25449
13024
2751
48246
3871
33220
14360
14267
36200
46093
34472
15784
24555
16825
45682
31334
32595
13902
18233
9234
44068
47676
28568
47071
15758
749
2541
36597
42031
1177
37949
41750
45423
47377
18468
2589
1273
20542
20664
1915
33635
5330
28664
462
417
47059
10451
16846
46300
14094
9084
3093
14493
45913
10102
47999
49405
47502
13832
4399
42772
46081
25918
6132
20737
48749
11998
21267
45559
32441
4651
46315
1697
674
24013
726
7765
6373
41444
18826
22144
22474
41189
2561
20220
22259
35731
41003
23969
48025
2544
40111
17690
9189
2187
26324
35926
5680
29071
27196
44666
7601
2749
1313
28624
17327
31250
19985
11827
8586
5950
24379
40759
2779
3257
33651
27452
20442
34947
360
18800
20369
44818
15944
14541
43559
34747
30296
6239
12975
14655
8238
17097
36532
47482
2370
31201
5165
45519
9416
23995
7982
27963
11591
19535
3877
4569
4254
31768
30099
9927
18080
25087
20747
44570
11627
14959
49223
28989
5632
10400
7993
8170
44102
25984
18888
38244
36032
44145
8104
44827
49099
17982
7692
21328
11167
2681
49723
35042
1341
32362
16955
9393
43169
29449
24046
29319
26790
26496
14407
12254
23262
9741
29816
16070
42610
22978
15633
25842
39706
46693
32547
26334
23192
46392
45991
11909
3769
3996
7892
24164
25889
35198
5465
19140
2803
9935
40664
47754
38189
35341
8127
47162
48766
18166
29292
43803
32562
10906
28694
10736
7603
27099
16116
42213
44270
36599
40148
22649
16576
27442
15008
49938
5444
11490
23110
10182
574
26948
26555
25647
3945
21913
46994
25162
29442
13272
9683
36465
28196
28892
47757
42359
17426
21688
40568
3825
6709
41180
34145
9689
29744
38943
8507
46922
7745
3079
2710
6113
6861
35048
21920
30625
13219
24390
19560
21362
12914
20365
43709
20608
16004
18633
14720
34016
508
19050
27621
19502
48875
9107
48694
16737
18771
33114
37770
5649
2459
40420
41132
6851
5274
27034
28427
580
46682
12190
39295
23599
21631
6758
17448
4146
24980
38415
45654
24169
46979
25659
26814
44541
27792
22375
20753
4636
47937
10414
1972
10784
23832
13487
21692
3049
45222
22737
45078
42054
47651
1250
20537
34082
29848
36001
27144
46434
17372
29678
32435
30855
43459
36677
13407
26008
26629
44086
8419
46217
49221
15935
5761
46206
20948
34216
36245
49086
48374
37607
37363
22808
36935
46405
18590
13910
26910
15299
36675
46264
20212
46514
33333
39321
13785
44245
15432
11617
42629
37671
7212
8660
28544
20721
6545
22889
16560
49494
1122
42443
35647
43246
40828
46714
7994
39833
7594
39133
10105
10477
27195
9487
22433
43451
35662
41868
33590
41606
42198
12823
21369
33334
8501
13691
23420
49581
28423
39140
12158
5653
7766
39309
45402
15501
8506
20230
48039
2288
24706
35133
48451
7975
29265
27761
30082
49660
45968
21606
40152
6524
23468
25721
47831
16027
43190
7135
6844
3111
15385
17651
9669
32974
6310
22070
711
13808
27297
20588
23323
17498
48462
27044
37741
37565
32375
37789
29915
40890
35839
43291
47373
37654
15701
22805
4408
42683
6463
23689
12923
42522
21622
12369
36209
43301
28509
10599
1411
19751
30804
16194
10537
36042
41005
8994
49913
38538
16420
43537
25898
17226
4864
44954
35869
40473
19392
9460
2196
33452
23577
26161
15018
10950
43552
10904
20893
5349
22423
43272
20118
39029
15037
11200
977
44670
30714
17400
12891
1231
13387
32239
28088
4357
43340
5052
13179
36494
19331
28254
16873
13519
2413
6534
16444
32366
34779
17170
10594
49044
22071
35226
36083
44768
25273
31898
12683
12840
3355
3185
12257
8896
12710
17262
41623
7840
46446
37117
27225
35697
21874
31987
28908
7305
28782
47574
30933
47608
41506
4471
17413
16022
40807
28755
31099
32758
26844
19495
12056
42705
33851
18382
49416
32043
40634
2398
8188
23292
42111
26557
12833
25191
49598
20044
26754
41800
39449
36999
17736
32142
41258
46678
41688
6664
19593
21027
17502
48130
35321
17076
26539
27353
19915
14163
43227
9219
21454
30565
17436
45114
31206
33505
2808
12579
32016
23547
39841
24996
3676
20195
44232
9991
27013
39053
14235
15598
16478
47077
42074
44041
40558
14583
43532
16166
43285
37747
48489
15555
48336
34703
31938
37475
44004
9098
3020
35770
1018
35913
36899
24991
34455
37967
34605
2241
26712
48127
18992
43740
27039
11568
7689
34830
4549
13982
43224
7045
34134
30300
38272
42127
21403
24469
41421
22379
26621
30202
2103
6241
11554
18014
40914
8706
43154
18600
15451
14255
41429
25421
14177
16563
44112
33094
32695
41302
14466
6174
44443
40175
47493
15208
27122
5948
7037
20197
15400
26448
34501
40405
46515
17910
20227
33754
41709
4257
47459
26679
19455
4617
8752
7041
19266
15192
47353
45885
31756
48108
31464
11728
38709
20796
42980
15719
46725
27171
18586
16460
11707
11381
22308
37264
9006
22571
39159
16864
34072
39006
5020
35780
3259
42474
39649
21862
11715
46567
41113
7628
8712
44478
4976
787
27308
38729
14829
7769
41357
36988
16501
29080
47117
11910
49462
817
18911
42794
17803
1951
31294
5178
5840
43619
20358
5567
31145
10676
14804
39802
23103
26626
32753
30398
36308
46165
3832
23768
30686
10122
48841
3143
39238
22548
34606
24554
33748
12983
35148
5579
15846
33
37220
13122
38656
37430
24997
47673
13571
24039
4664
33051
48277
33646
41338
33612
3883
38051
49663
17111
28495
27168
26036
45824
45140
4970
6118
32013
2580
2746
47733
12845
3006
49847
29746
2414
20764
1979
4591
35609
36608
11968
42560
2233
44762
23291
49323
39546
4924
38277
37359
15596
36440
34789
46024
49118
7741
47340
24488
1307
5522
20885
892
35355
30496
48179
15259
8872
47012
38024
44166
3673
35105
17492
24674
35668
12936
5102
13406
8096
33391
19952
34183
24708
38125
27488
34436
32846
46586
13991
47074
23216
7549
17060
6774
21750
14624
43800
46432
221
49499
29918
16382
41660
48491
18702
11231
34890
178
12363
14979
13956
22080
3463
1081
2827
28765
11873
4179
17147
48440
28018
14142
43056
37991
15483
23432
26975
36879
9478
49157
22699
24411
47174
18939
14778
44828
48773
3796
3446
37252
26827
19981
28545
45178
30684
25038
45272
31800
49248
5467
21091
29520
41842
13468
5573
42371
3495
40430
35911
8422
134
41402
47344
25848
42473
46520
3251
31178
24009
21106
23352
33563
32250
12370
933
13373
23500
7432
47406
1557
10007
29822
35313
23367
1758
44168
10415
42692
42034
9074
27379
39779
21378
5419
103
43256
43051
45779
13996
24092
6832
18705
17639
41787
25199
38149
2394
18914
11979
39483
410
33504
31440
46305
33286
35483
29372
29683
15002
34478
43257
12027
48971
25413
47550
42512
13782
41409
14712
48564
35802
36571
49165
43629
33355
37142
23524
36089
18481
13119
35827
45347
20558
36068
35887
36260
12505
27839
48476
39930
7313
2977
46800
8371
20913
22962
29145
30495
7955
31393
24690
41845
30190
943
32477
34854
39695
4504
49809
42523
17552
16941
28828
26853
21198
8601
42731
22117
42142
10183
45653
34578
33145
35688
16046
12333
44660
36900
4252
19142
26220
29439
39941
41283
6196
13302
16643
8815
9538
10351
35119
46746
2618
319
47048
46337
40425
48190
6681
18519
23645
38487
2863
43216
25803
13798
35155
41808
36603
43391
49898
49189
32569
43777
1133
22683
24114
19782
43011
20401
33888
21839
26194
16608
16439
36612
49238
22213
27026
47947
44545
12110
21562
14575
41892
17564
12921
3271
49011
38715
497
27517
33842
636
17182
24749
22626
21190
16233
43067
20830
41157
13497
8592
22042
4716
2307
13716
49073
47225
45971
44486
46944
40272
31098
28604
35591
6103
46907
25867
45866
18577
2057
372
12663
7324
39134
26031
22708
2854
20457
17856
47931
24130
19164
22979
10642
23134
16968
8275
44981
28463
22989
31426
44124
25541
14232
36027
13625
11174
15576
28957
3595
40083
8417
1591
31459
32578
28962
18179
8108
10421
35707
122
24344
16776
47596
19286
3024
6619
33743
43834
5828
23254
10251
43460
43161
21854
48291
41373
9886
49180
3988
43994
13722
7422
2017
11956
47863
16142
47545
13202
17279
21639
48270
47593
45012
2202
23344
11571
43022
14961
16277
44683
1778
10716
12821
14600
17779
47544
48012
27093
41292
8490
36198
23227
29631
28505
13795
42386
1684
15253
16327
2292
11336
35101
16655
48543
8225
49456
5659
44120
36961
27646
4759
22617
26086
45158
1523
39439
34194
15841
6939
10991
27106
46820
31411
24993
26293
14719
31796
40942
49173
14980
26851
35175
25902
32902
7938
16598
35510
34343
8657
42997
39051
15521
13064
14225
3282
4867
2141
28936
16702
41257
21856
24111
20587
1346
32174
29490
10192
7233
23876
43974
38838
25706
49551
10985
35360
17225
40513
5309
10104
8163
18294
23568
19733
5850
12085
46354
3504
17655
3990
2643
16480
39808
4058
36002
2471
39360
48838
25658
43964
19501
40356
35440
13986
42897
23269
10573
8723
24274
4238
28503
40735
37316
532
470
20270
21206
31803
16831
37823
13775
181
18269
31488
43463
11433
28549
21629
17682
28727
12282
14733
3118
38569
28593
21766
3056
34991
34481
10894
10004
20000
2586
48843
6961
7829
49920
13464
37150
9855
21094
47402
42135
46352
27993
29826
14349
9050
14771
11383
45791
13816
31042
10738
48955
21713
3326
16341
40721
5203
47057
44710
48730
30279
16985
16531
19625
26927
40471
17301
11508
18533
39819
22237
7637
5972
37054
44193
35953
16586
925
39065
16755
15570
4999
30562
5420
23316
26522
32151
15588
7174
35806
24115
4063
43823
41788
38789
14358
42706
41626
29191
230
24136
13448
47751
34562
24133
48602
3777
21707
13591
26842
46193
16847
14595
15715
36646
4152
23767
10781
46057
20674
19134
21444
2438
38706
1738
36815
30265
16587
10687
7793
39239
9999
49087
26063
33038
13030
9210
38484
41197
31432
37581
16403
40351
185
19133
45147
47860
25092
2358
34906
14025
45658
45482
48080
12538
43733
29025
35527
24403
23775
40645
24883
20919
18668
11481
35958
30065
41564
38124
13234
19814
29740
45338
24522
24818
38030
22667
3092
39711
13089
43683
14874
28827
862
27188
40182
18867
19681
28470
48988
46594
29807
47832
32333
33884
49207
46112
30986
25657
38817
44205
813
34197
20519
17295
39785
15750
31266
4627
1155
7662
37788
2896
30675
22174
13459
4593
45960
22493
18241
1227
14085
34716
26616
47519
31875
19524
27002
43897
8631
46464
28515
47088
22125
14548
17
36439
25595
5115
49771
44082
25175
7007
7915
35813
21685
27651
45093
31923
36478
43164
34908
22604
11428
44855
10803
16148
2234
11027
35371
24703
36747
6382
37367
47185
172
37694
15839
39110
35859
41412
20759
2856
43095
46613
9831
25196
27306
18116
45060
2261
9450
36965
36005
33676
21806
14660
14237
49268
39511
36127
3394
31392
23652
18915
38329
25166
135
1237
35393
35692
31692
17186
8711
4202
24073
37641
27771
33931
16365
48163
39980
528
15486
2920
10964
32734
14213
45920
37905
36344
26779
46810
8795
26922
13332
44067
2904
45570
16599
12774
14489
16015
13241
20263
35807
4650
24212
6187
24191
3787
16105
40443
41154
48686
39347
4160
21671
28639
40535
49002
28659
19895
41843
37060
5268
5851
42192
23705
18965
27960
28941
23220
3158
28289
16291
18478
13607
37338
17193
11877
30643
9762
17000
37990
12367
46590
39119
12522
47993
11693
40404
325
46706
2633
2624
14323
33303
7730
21865
35787
22702
36039
24615
31209
27092
3258
28965
45254
43226
14598
42827
30905
43724
23722
35058
19613
16416
22173
1036
18381
24129
46578
30891
14537
38055
14485
19341
45731
45169
20129
202
928
37294
305
14108
8692
36692
39946
22620
33476
43876
39856
45295
9127
44136
20311
16848
19111
21890
44733
46774
21659
10747
6450
6742
46484
8768
34215
4112
23944
9054
30844
2970
35108
48888
26936
43127
156
37553
6953
43400
44743
2915
28476
39351
21082
13162
33736
8023
38185
11495
15265
44993
26935
5500
36274
10072
23763
5167
1852
28882
44438
147
22178
31284
27681
28668
2181
25365
15001
37648
44414
46359
35193
8293
6459
39081
8735
45581
22278
45485
49514
44247
17131
8415
19933
34345
8663
12320
37824
11665
44593
18049
35289
25987
27810
28375
4047
18520
36782
1464
28437
47820
46950
29006
32216
39365
21725
5150
21320
49052
27250
33340
27457
49885
10447
39073
44766
7028
21153
9533
13171
19055
12813
15659
20055
958
22417
36222
2830
31315
10399
45589
22415
2603
6636
22814
41350
28271
30670
33955
38240
40973
27635
37525
14473
27277
35485
22592
15500
19029
11889
44423
35936
21445
20535
49378
15619
8762
36215
47749
19813
17525
32221
11576
47964
27784
36663
40563
36947
5049
28768
2648
38876
40071
12519
44304
752
9711
30029
44495
36623
48832
9048
34392
35986
46656
9690
6698
32851
35390
46623
17401
42497
11417
582
11084
36941
45554
9916
14748
7297
12795
26079
44861
16395
15662
15664
35782
29629
19851
11168
33137
20951
38587
45833
31231
19061
42647
41935
33109
7006
7123
32587
6376
47967
11391
6173
37639
32789
31954
39359
10012
7992
38519
46677
38011
23817
31742
48891
3683
4007
18221
23055
11863
2954
33536
42382
23341
28902
27248
47953
26361
578
22564
17256
26267
31353
24876
25204
37670
27973
28065
36130
33262
21053
42890
48497
18247
40872
9602
32197
15342
34527
29229
46698
34451
27154
48536
45761
27883
15487
5418
41325
10057
12966
45412
19151
23392
26306
22970
731
38614
21315
47270
27511
15453
16468
38639
49890
34275
2184
23711
30055
49361
831
25148
26634
40539
32091
45365
43163
35176
280
46627
16978
42197
5845
7296
11563
16155
24352
8340
13227
33633
15255
43771
9427
33224
3682
4213
32046
20474
531
25778
36202
5168
28985
7255
22118
35799
2323
34595
1873
46415
19905
34705
32440
6743
47163
3762
39994
6252
18712
9463
37864
35147
43763
42177
46066
47898
12776
47735
13659
11227
8038
12433
27396
32652
24313
3119
26057
18551
23539
35182
34162
46894
41354
906
2655
23321
44907
26757
42916
31269
43871
35438
1949
8121
22168
5360
18091
39216
41454
44406
22394
42743
23981
20946
29264
1240
25517
23416
29486
32019
48396
23497
26412
13335
16835
32335
3445
2443
41520
24532
40770
32096
3342
24360
29527
42815
34355
26208
33125
5398
12313
41164
15674
22142
20293
1334
3641
34959
32188
24988
33400
22505
11972
13094
44813
28219
25761
44251
19434
13520
22722
9657
29480
1659
21723
43705
23011
40985
26174
47002
34940
6906
33255
36191
16877
49306
30755
32094
39981
38403
31864
12819
16533
41449
35015
16469
14773
15045
31271
6244
40903
36146
48799
34435
9903
21129
41738
41314
27228
22311
38365
39587
38776
40502
42237
30623
47213
36658
42038
45480
35923
41074
13997
44470
33361
11931
7315
21970
5114
35493
7792
28277
2595
22506
13125
8164
4322
9707
27255
33956
26734
8261
20355
37182
19550
7259
36914
12619
9270
257
30810
37438
28698
9695
16979
47564
24739
17743
34322
17864
6464
36145
45957
46703
43491
37190
49810
42354
21359
20513
9821
28945
7902
22601
17194
35900
1373
4090
45616
12658
21739
32184
154
19057
16485
1501
6316
23114
31778
35517
45560
37809
13975
35643
9387
20637
20022
12613
24044
47781
29146
14507
3985
3958
42099
1828
25357
24245
9912
19641
35503
46179
15626
13551
38580
8110
9901
18451
3140
38977
46990
42926
30231
6575
30873
20115
31103
33558
24936
41832
31438
45854
12528
29211
16339
10474
48505
38397
33810
47416
17434
49131
41719
23862
48082
22449
39766
42420
593
38407
42853
1305
31662
4331
48600
13642
3708
40289
10322
30523
13421
27899
7617
27527
25521
31106
46483
581
28721
19077
42051
22187
35686
32307
40711
14459
46044
15332
45212
11149
29821
45537
39160
41945
28276
17597
40459
34583
19946
24428
9544
35548
44890
23101
16161
46386
3184
7131
369
11934
25353
13541
32740
33654
742
46670
18726
21798
49553
46981
28144
18576
28728
42020
28413
16727
33828
46293
41468
32458
2295
7738
43611
24734
37222
6432
3263
31761
38682
36560
5233
42840
48274
8412
41388
42422
18491
7026
27862
30526
41812
41072
30458
48391
36823
8226
35067
21208
9388
16343
20706
2936
44107
37505
23444
40466
37170
39272
15593
38969
2243
30222
45420
43281
18164
45711
4731
31198
4688
21948
4962
44196
40592
35315
38303
44526
41701
19713
30183
11416
40200
30417
25554
642
47989
26170
44535
33179
46563
35758
6153
26408
12265
26611
6126
15721
39971
44376
39752
38537
32667
36895
40755
29971
38179
45817
39539
12694
43383
16675
14737
10721
17297
43513
46116
29438
20589
43989
17593
29223
30035
29267
35281
12099
42463
766
23888
36052
5155
8315
5852
17054
46500
17071
6860
6826
12627
5416
49846
8871
13645
18399
47137
11486
46124
5934
1469
22112
39813
49767
25362
31428
42128
13480
11150
19542
32368
41677
22698
37282
24731
44198
16274
12263
30876
48340
41115
49748
19652
48624
10732
36629
18053
21099
41829
37197
33070
29419
40214
33200
8869
2094
32464
7322
22228
4772
48401
9928
37792
2670
13016
12649
41807
47411
37570
47721
6353
8212
16360
32638
13460
22140
4210
10238
17171
48753
28864
10125
4719
2010
10047
12249
39676
18928
36077
44118
33408
16374
20510
38712
40451
557
29697
37722
4026
1549
19421
7253
26087
17728
10378
9784
30059
29766
13856
26825
21242
6981
47220
4244
44681
29271
47872
17898
43462
31391
13558
45084
36819
34557
22781
10185
47099
11112
31385
10049
2667
23774
12614
6760
5148
37017
7723
6803
47546
10883
11745
29078
33520
31746
16973
19031
15424
11484
44453
27072
38455
27181
33490
38668
28660
32422
21544
40544
7158
40243
49976
33631
38156
10481
2102
16930
38784
43100
13425
30888
35248
23338
9447
14521
35589
240
20206
47912
10443
2431
10372
17350
25122
38370
29121
31399
36419
49217
22535
33962
11010
42655
49023
16021
16551
4995
40358
38616
45087
3171
26940
9143
34816
12094
17255
13927
3151
19425
9426
31111
49120
17237
29940
20590
14317
32958
26690
33697
22028
19377
25621
25223
47049
37517
11804
15873
29052
10401
10976
41430
26027
20487
32165
29009
24004
47584
47660
4714
23697
33709
15746
27994
30101
22912
19551
25714
16254
36120
7905
17221
29803
7544
36546
26605
34206
14914
43199
40566
41983
9347
16818
33313
12434
21380
28927
45381
12643
40172
41212
37653
20025
12063
23828
38428
22609
4813
28222
2542
27701
19897
37161
20368
49926
7724
3419
44692
45638
44352
40694
38661
21587
27592
48831
8327
35090
39972
35288
16320
47415
28010
16546
12401
28601
38029
7922
36730
39759
10385
14341
26126
42025
45597
14169
23526
1664
32137
36703
14050
37276
31382
6891
2510
32332
41669
25733
28700
41426
24576
42915
2703
7651
11474
36293
21538
47396
19178
17085
45884
44520
49584
40904
12193
28255
29083
48300
47335
2208
32934
38755
13002
25080
46384
29656
49634
24561
44246
41486
24840
45500
29124
46382
40610
10722
13361
35560
34949
26764
26190
12014
2347
16138
37810
47826
5248
33458
24748
20641
6821
18665
10652
25369
23312
6713
31182
11340
32231
10968
28466
6881
8464
45100
7364
45119
8811
6151
28632
1471
7805
14285
5917
7897
32
34331
32658
8623
4345
23765
35225
10449
47692
36572
3967
42982
42521
17236
14156
19485
17661
48660
18688
33593
22301
35939
14132
12917
35819
45257
20421
49014
4233
2132
2369
49975
8621
3176
37148
28815
34978
20648
39264
28835
13663
1398
40847
38392
12641
14651
39150
32183
39256
43772
41456
16064
43186
16574
20376
12305
18063
16276
46348
20834
21620
2799
5839
19089
10680
31772
30038
45024
26587
41927
11206
20504
47696
16795
19930
37319
41853
2865
42012
30681
36099
43932
14416
46321
35848
3537
28031
20976
41698
48650
14440
43494
33566
22056
3136
29253
48840
48028
17491
49543
12752
25673
40865
12588
41883
15086
37603
44475
7514
14674
17203
177
38654
47490
6782
25979
32514
45931
6610
14229
41351
5763
7566
5386
4040
46103
43054
37253
35739
17393
4423
14859
23112
9186
47915
41041
5911
21393
32039
39956
33588
24612
6469
5476
27806
41063
47157
32384
21640
28344
6280
24173
32919
15247
37750
33320
31427
42141
2259
18657
37932
16532
48893
8146
31972
4702
49211
47649
20767
39765
43430
39115
4720
44010
981
44563
27663
5123
22318
29406
42904
2073
38155
3983
21246
17570
5861
30928
33130
5964
32915
12315
8813
44174
8911
41702
8693
45596
4682
9766
48141
5697
5472
5335
6475
21288
13801
16652
46396
4597
12235
44506
20672
5682
14584
49390
45587
28687
22257
17796
6810
37153
4516
29033
13605
24985
44777
34237
2455
5933
5004
35002
46472
24769
2142
24547
11461
15019
11570
40905
7223
30443
18918
3425
6731
22495
49071
41252
39961
21849
5140
30218
34200
9540
43637
16826
8745
18429
42664
2720
38736
14514
12991
44459
43392
26499
26258
7869
31651
10161
37053
29090
49623
5695
30462
47151
33689
43470
12240
14070
9060
47739
13092
47154
12935
44571
45613
34057
23491
48811
17894
15421
45746
31702
23153
48659
32040
7752
21410
25652
40961
14785
20048
45935
21793
46916
33420
26811
26348
48298
36903
30121
12973
24859
23879
18782
34549
11962
43185
21429
36334
24256
12097
30306
10802
3603
48909
37183
3562
47309
41926
18541
35946
37908
7079
2476
28365
29936
37376
47508
4190
12565
10867
46410
49639
12411
26965
29837
40488
602
40161
8499
25961
938
3468
6288
23804
23864
14411
9138
1864
43844
13559
35868
8833
33893
12035
31388
22390
22412
30198
32355
22116
16304
48736
31862
95
41934
31859
126
41342
5502
48752
35191
810
24413
46859
42022
43076
34391
29467
42570
14476
1831
28651
23520
25237
12754
23042
35001
20177
24761
40956
9746
31619
16719
49501
39454
28895
20860
30150
32161
40603
123
26369
14750
42312
36029
42267
13259
39598
42082
47474
24003
38144
49343
41648
47816
20583
41470
21722
21188
45719
16893
24163
3045
32102
20397
16570
27653
46809
37521
37495
41291
46806
16762
6119
29390
45655
2466
40714
466
1757
26330
27904
32937
16838
39323
49848
14659
47467
35620
37402
33212
41217
468
13026
47428
3927
39820
29333
17948
36893
1515
8927
29579
34942
34619
11188
33269
47276
39197
34824
33705
6913
798
26840
7532
47630
31473
21475
6571
20107
30657
14955
36820
45057
430
4025
5222
45056
12968
36769
489
41760
30757
39389
27636
5445
17657
10265
17062
10600
28506
42349
49699
956
44456
7030
22801
1788
32783
43965
12461
13833
33231
1722
25279
11541
40039
13521
32339
32517
16571
16170
36234
43323
14474
46050
26610
30854
24229
26633
18159
34168
42750
17011
33360
32623
35908
27290
28221
8679
31679
2893
46257
21812
18435
28649
41448
40365
29890
8618
28141
37410
31732
35738
4882
45036
45672
45414
5728
2930
18105
29371
43475
3300
44798
29970
43332
38852
22712
19040
11711
13300
37827
6071
24875
9214
19998
19412
1650
26058
11990
29618
46830
32743
15835
3314
29035
31519
32747
13644
27300
9890
17857
49040
23410
10480
13116
49666
35039
19999
20255
313
44489
30007
9171
47707
35507
38302
4609
9682
3724
23275
15121
17893
12353
49671
25478
27549
14843
43583
8190
32999
1389
2535
37977
2968
38501
32536
24605
46585
20388
2483
33719
43819
36605
45428
17965
48520
13155
20638
33582
4177
19203
22018
23144
43920
5061
43604
17038
35066
41519
42325
30904
45227
447
27203
36501
8441
5041
44069
28106
11706
6543
43959
44799
8483
21923
45362
34782
17539
6706
426
22272
44314
18494
18286
39677
11189
22472
33818
12374
24371
2593
47772
518
38046
17083
1883
36273
22291
15080
38419
28094
26202
2372
21509
45846
19124
22241
28149
38524
22055
14847
26483
37124
15616
41089
39778
49845
38794
13684
15033
41865
34286
9112
9506
3261
48608
11411
14756
25747
23740
4178
24070
40882
44712
20559
21070
30759
37357
8050
5584
34823
32297
4807
44720
13492
22576
29828
4806
15476
42053
16210
13742
9381
12037
42131
9287
14252
45853
22356
36153
14433
19644
38224
27435
22275
48538
15413
40801
37867
27617
31347
21253
6710
20652
6974
25670
9961
31162
15567
42186
21263
5677
15528
47825
19079
23922
38235
10276
14724
1079
45098
46638
1751
13932
48123
34182
2972
42877
28287
22862
18739
33879
13378
4446
46177
29219
33368
35746
7250
35998
39942
27923
6175
29339
19616
25019
37743
11961
25634
41789
36744
13601
16834
2395
47809
16493
786
8360
48515
47787
13095
13177
15052
24471
30425
23257
40371
12648
36204
966
18360
43130
10136
6334
21113
44874
2388
22896
14975
37638
22416
37547
10868
40387
14825
12423
29156
21464
661
1800
10202
48338
30720
1110
7526
21674
42373
49098
20069
9010
44044
9848
19576
5517
42665
43672
19723
48713
43457
6612
38239
19087
28367
33325
20439
13087
40239
36434
29845
25728
36342
37857
12183
8070
4891
11132
28038
38146
12159
49711
16970
8068
38044
27915
49255
20186
13791
39757
2253
2928
30343
16081
41001
31126
28180
46299
30543
15524
24947
28091
16982
24156
5975
38339
42040
16992
21216
35081
40462
42264
7739
35975
6271
17050
6792
19232
3802
5995
31127
1691
24627
44103
40477
11218
8804
33906
38165
8741
38641
22431
13280
22520
33151
20003
17030
4380
30646
47257
2389
11457
9925
43277
9153
775
26994
43963
5136
36925
15015
13069
38361
6602
23067
35500
45406
37100
13077
39690
43737
37008
9321
19095
20075
25925
22393
36860
26905
38883
31040
18987
33599
23115
11765
7837
3410
9383
48740
3815
24482
3372
18830
35499
4405
23664
17443
13374
47788
36228
37318
49454
17149
26635
23156
91
6294
13244
32474
11242
40623
26700
15181
22482
12895
14572
9456
26822
36488
40102
43203
47885
22217
32896
37939
6871
7668
7980
47557
46042
45076
31683
348
12600
13906
19584
17638
37616
19114
34498
21299
33393
2096
18136
15896
9407
46843
28731
6778
48471
14988
14739
30946
29904
40495
40036
29737
7985
24097
20525
14504
28142
12382
33984
339
23168
19204
31766
24979
38274
4226
16152
49307
3390
4196
27628
39185
7339
3091
16384
11158
9486
14398
12248
30762
28781
6562
36709
36593
21677
1180
24839
16638
39594
26982
5226
6046
14730
33048
39450
9498
29103
38812
5539
3082
27571
45823
44043
35162
16989
35776
10860
2755
44225
37156
39312
7548
702
38510
3959
42654
9526
22368
7818
26327
39315
27752
45164
25699
15645
12957
44116
28188
26525
42084
5277
19738
46370
4885
26010
35550
30901
36846
1660
36026
29087
27293
14096
19340
31770
9482
10997
48737
28536
15729
23583
40137
42947
37672
6490
9304
32755
44958
1333
29696
9513
21873
23970
39107
28342
47085
21318
28352
33976
49626
47727
32396
16935
19258
718
10553
33422
22253
11076
34026
29862
22644
858
34492
26874
524
19825
14202
5028
15985
36911
25871
13400
1072
25286
10206
29532
30446
44737
47656
25136
41549
15743
31227
20455
16144
39756
2018
38946
13086
12300
18474
42397
7224
8100
6296
6666
11244
9639
35964
8059
34999
42357
5610
20138
25538
3007
43385
48733
24105
21446
15124
22348
16564
26062
27376
6761
47714
45617
26863
31080
30677
42517
12169
26684
3659
49918
23877
19410
29592
5637
47148
49762
29217
15229
15505
39944
40421
3960
6738
27027
43575
28575
26520
14609
6686
23411
14960
24534
20086
29622
40924
22555
4031
28621
28321
46914
7216
40393
7036
11337
38676
44968
10664
15172
28783
31461
48062
39278
22784
36263
22529
10455
32374
40830
3379
30553
29777
239
29662
2549
17921
20563
6418
5974
2178
4400
18300
27674
22554
22074
39879
25939
37355
44474
21284
4462
48380
42123
43119
28300
17190
8222
47778
15036
18009
7613
18929
15937
30829
36059
47352
20540
29174
8266
47232
31858
26438
36205
48666
40314
13812
9933
45138
4956
48915
38270
23846
45224
14364
37919
25946
17503
10758
2116
13654
13555
19166
8954
11151
12199
24457
21818
14326
8326
23746
49257
41903
29508
17676
45063
34536
27712
32715
30272
24211
616
8316
17928
5560
43632
23169
22758
26028
5835
25349
8830
40002
3848
19994
38079
18695
24634
38858
43138
11580
14053
12325
42536
18428
25597
15788
14667
8455
22327
4318
25272
28605
10832
3833
46658
39263
23534
13978
30787
24929
42603
13084
37890
2502
32483
34628
46083
45023
49912
20491
26092
27608
8974
12372
16669
4671
12986
33876
21738
12790
9076
29980
8589
27454
10739
22418
40189
41593
18529
39012
3125
36804
5417
19005
15811
11165
33143
10733
44837
38790
28424
45923
16961
37274
45827
27169
27739
7020
22134
32480
29142
1967
48294
9550
18717
2278
9384
33395
47003
27134
27282
38399
36669
867
20015
40087
32793
719
25608
35509
36330
26529
38517
30609
15902
9489
22757
21651
10187
35045
41094
26452
20786
5846
13426
10914
4205
44011
20923
46197
19279
29933
2731
27146
33227
34480
47262
20526
32145
32546
16121
34941
33412
41691
2943
27183
44724
37298
1882
33039
25766
10503
21803
33805
30671
34923
47680
39893
12185
10882
35525
18117
14451
42089
24431
16195
48855
36775
21170
38236
46617
501
48803
11492
11274
28518
19367
34507
37397
8705
14683
10619
13380
6163
9439
17549
1921
15747
38203
23933
10410
1163
16779
44738
17344
19451
11771
7352
26795
20605
44395
12781
978
15144
7854
25436
47927
17906
7278
40722
2783
16147
27657
37362
38757
39446
18878
43034
43333
44951
10886
41308
49309
43357
3502
27315
1249
12412
49727
6902
48661
49154
8125
11955
24445
45603
15213
20582
48634
13405
4215
22313
37223
40974
24464
37099
16369
9102
28920
26622
42805
30084
20959
44450
5407
12477
8112
2715
21673
27414
22274
17012
18815
16186
45128
30010
18391
13085
47957
37928
48024
13470
39475
15461
48699
17697
9490
48545
17985
7828
23375
31694
17641
774
10655
17504
39741
27618
2832
45990
11089
34002
41552
14394
11669
30424
17933
36240
16429
16217
38567
34240
29946
46660
21652
24880
36404
41662
2099
21005
36437
7806
39789
45359
36574
29984
11524
31784
30354
2046
22793
48932
34515
1106
12351
43657
49034
32992
3456
12335
11750
46775
43752
30843
28407
41608
28550
32220
31829
23660
46026
45143
43111
48524
8123
9296
30552
29495
22098
20088
40121
32268
10604
18773
9229
13317
40433
27861
13972
34235
17999
19021
47748
47722
16123
6195
46620
8216
30884
47296
3131
35536
19953
36136
18829
47713
39845
5099
11208
10887
30751
28773
36980
30514
6047
36223
14117
17167
35635
47565
37373
37646
35325
31324
26961
24068
30603
37424
4510
37902
2020
41460
44316
35984
13242
2692
33332
30181
7669
32691
22338
25953
8736
4054
11924
42668
40094
5988
14696
3742
3914
6814
273
14997
29282
36492
46403
49168
17918
44938
41120
8436
48663
7653
16377
42589
34822
6654
5404
39028
44933
10579
37737
44956
9701
20054
47233
19251
44727
17019
482
48693
36338
40453
27244
10290
4099
20864
45042
36100
46154
36706
38948
7049
16718
44108
18641
16796
39592
35644
5543
34102
24511
24977
23277
21139
24829
20384
1023
16876
18296
27513
25507
35171
1437
35034
15402
40234
24586
48894
18018
33556
29091
38296
16869
24074
16344
43796
19032
2717
29484
26955
16466
689
27824
30312
44853
30508
5381
42834
24293
36971
5085
2117
41999
27165
42640
12884
594
49709
7987
1912
39459
18859
18972
5275
14924
4844
1002
32624
45320
34691
10168
36408
13534
41322
16629
32977
22738
12948
39671
33197
10260
24066
8385
13940
30972
11837
25676
435
28249
1418
48892
11097
21630
4352
35269
49742
19243
46845
37578
48527
49621
522
40730
47093
35775
10079
503
14545
8816
25644
37601
21342
16058
7666
6850
31240
14567
15367
4556
45580
15137
17053
16078
37507
13853
11018
20748
46283
17307
10552
40491
18974
4643
31572
34672
46158
34146
46076
29437
31610
23994
40909
8874
42960
44675
32075
43909
41363
47755
14168
21483
3199
23559
33649
32693
29613
15193
31618
5795
3389
49147
29354
7511
20496
4441
36021
24271
11420
11155
26096
44076
6171
4907
25858
14207
45196
2419
18141
4820
19132
36739
19921
4223
33414
37309
46596
6494
17844
24794
47007
161
12069
2546
6246
13735
38265
10504
40206
20280
5383
25720
16713
36417
21044
715
39604
34710
10438
18857
13951
13641
896
19636
28907
21078
33092
10247
13351
32028
23699
38703
48329
9616
4136
1210
16646
10908
11546
513
31131
32034
22595
34917
36764
21828
24357
14652
12938
41059
22806
15765
36614
13524
7074
2626
33969
3073
29691
34669
35422
37550
1405
44807
47578
35128
5749
42518
11264
25375
36280
11861
34626
28676
1892
1229
21821
22349
22819
42896
25950
3159
25249
19002
23642
1938
26957
11664
39719
19667
5636
8364
45419
19603
28315
14642
27516
40198
10829
42778
36304
47456
9181
31816
33270
8519
43251
9089
28131
16641
42744
2609
14129
40652
6831
23747
48218
43495
36046
16171
36155
30694
43547
14740
2734
21059
8594
4098
617
28204
42467
17454
1034
48330
41298
24565
38227
36307
40894
41861
25637
24422
42864
36484
33117
14034
27276
39526
38162
46397
43521
27591
4344
12779
18440
48146
6992
33732
16529
268
771
27843
22370
9020
26609
37797
36091
15177
10073
24430
30123
40242
9710
6978
22679
48400
43857
34678
35798
8797
20884
41297
987
31125
36134
9781
15602
13556
15040
7260
10361
22921
33745
20367
18514
31218
35528
10140
15141
40850
22401
7439
16098
7556
39361
28974
991
27324
19735
41353
39714
14092
5833
39521
38476
38555
40270
20452
46092
37329
13706
16584
33337
2976
24193
11049
28661
41557
31851
29068
4161
44009
34050
26682
7857
13360
35077
21229
30517
24437
40725
12215
26705
31693
48848
129
15925
41148
34464
47331
11310
39704
39191
37217
2528
33497
33930
9256
25978
42121
5413
40262
46654
21921
49425
12441
20137
44893
15852
10293
9352
17781
22436
8117
47386
29601
14412
16509
47974
45727
10972
33195
7611
13762
24896
32100
2276
45956
29280
29743
25796
45772
22655
48022
29642
31466
20945
30459
41169
28795
10019
11379
9828
41917
15258
11065
43976
1447
22627
48297
48763
20298
43443
22516
16600
36341
36353
29134
47950
46334
34730
27482
27016
25784
7775
33925
5158
28805
1939
37994
6443
24869
17265
13577
44804
27351
29554
18943
26745
36314
31349
21239
26081
19732
31430
9124
4154
35170
29561
44564
10301
12644
17373
6688
6476
17362
18226
23284
42700
2065
6261
6302
38094
37511
36619
19404
32806
17268
23773
32445
39289
2432
969
14233
14690
33121
31506
46069
20892
36595
32305
38857
49371
49964
39382
30298
739
19928
3909
21666
36067
32721
18377
38143
32523
29546
13428
37853
35468
27508
2080
42791
2743
41198
25248
2140
4450
30238
30937
34528
33073
44256
29240
6560
22239
29049
2282
12596
37593
20523
37780
15980
40208
2383
4107
22254
19509
30332
6521
38980
25865
38081
42607
25134
30698
44525
28171
14863
19910
18949
22878
16008
44888
33968
9166
29126
34486
9808
31112
7353
11477
5967
14943
44365
23693
33954
47023
27589
25319
7699
13583
47615
16107
42257
8643
43423
46929
32401
22632
7133
37311
549
26561
12299
29004
31081
13533
47894
17129
20430
19964
6557
19715
397
34311
43421
11559
33937
29959
13475
45156
4124
13741
4068
46936
18649
1031
27366
9728
33154
28977
2687
208
22648
1349
20707
16213
9371
39724
5421
5506
17527
6771
619
34655
9760
23647
9836
31724
48534
19606
23809
14083
16853
25769
10043
27868
13819
32932
15437
46853
7122
33711
33155
39576
8807
21569
2960
1397
31194
35140
28133
8704
31934
27779
8559
24925
32310
44984
41840
33365
25781
7204
10030
47599
16671
9382
27874
1680
45835
42759
47364
36773
26651
27652
18927
41255
170
2016
24835
16508
46577
17595
17571
7308
9979
39928
8680
10496
27834
44897
15998
6950
10484
5581
3693
6694
22610
37630
20778
41056
3744
33096
6724
43381
38824
6564
17433
13777
28670
43366
7559
40693
10313
21240
36565
49408
48252
10751
42753
18952
30194
11052
720
32849
40712
41340
24225
29007
29492
44719
38975
38979
40618
7466
29930
33856
45698
31996
27624
40945
9879
30507
3872
10583
10499
5088
35254
17805
37500
45641
34488
30860
12143
30909
6528
8681
13390
43996
40118
24258
43398
12231
12594
37048
48386
28035
36331
18174
26738
2381
41565
38743
688
10469
11351
49035
2072
27853
42015
42244
2782
31890
39614
42975
15609
26189
39324
10405
155
27673
6701
9423
37929
5195
43159
2919
7659
21853
30285
30107
14276
14040
34362
31170
18753
34054
34302
33953
37830
36790
43890
15605
9635
43612
45933
40553
29019
26583
34161
33349
32980
33627
8301
13964
45926
24858
29645
25324
30344
3630
35687
37680
31771
31751
22691
3096
37151
47666
37724
49965
8325
3346
34865
42122
34303
7868
45415
44844
14610
25207
34170
1827
5014
12259
38707
2569
37097
32181
45673
13665
9261
44150
16633
3163
46246
14753
44373
39383
13379
9995
16806
44501
28819
49476
17231
31981
37742
47111
37458
43748
16128
36625
13114
13593
39177
29028
32049
13822
24845
18775
11487
9276
22840
17351
1547
36834
39702
2423
6884
31714
7111
37877
34860
46804
43446
17535
45741
6139
9807
31764
17291
12735
15159
14423
2800
27832
45950
4957
30326
37271
30980
46245
34133
14563
37705
29154
26471
9415
29784
41093
13980
17469
15401
46790
36489
35505
291
23056
39857
48858
37361
38390
26353
33428
21112
9924
1598
40895
44889
40752
3564
18817
36184
43515
9668
10643
43613
41405
14461
49589
25853
45703
26222
4420
33222
29956
2340
36718
18544
411
13431
31691
32027
334
10389
16860
2138
16375
3867
3597
29022
49209
11514
20580
33268
11404
5019
31029
35875
5968
15314
23790
32415
1842
25214
13279
19975
14133
5568
47383
17719
25722
3206
8053
35607
36967
31243
48939
9829
11655
34929
3715
13814
42777
33625
1496
41057
5629
1618
16290
45380
5315
46176
8937
19631
35431
5267
42299
4658
22523
7445
13363
49928
627
19075
30636
36457
26815
10969
16841
31448
2217
48076
47504
39074
26964
48712
22547
24036
29123
40604
32728
11121
23910
12526
20797
13751
47531
16793
33724
45829
45529
46192
46937
8973
2036
43713
46532
10103
28866
48540
18497
6656
21408
42891
4157
48636
7635
24892
24381
24944
2098
33945
14741
30931
569
11917
34737
34974
48099
1407
14062
32914
48191
13761
21051
42540
27808
36742
47134
30437
22332
40697
12524
14728
6277
37204
15291
41651
21615
37986
14868
39545
5174
20579
7238
46653
49622
20026
39522
18276
43643
10596
13297
7170
48938
30025
46333
20903
16204
4875
23536
4805
26602
20259
10039
9283
31291
34142
7568
3122
43413
14832
18102
8908
27751
45047
28507
20690
34511
25748
45878
5868
15875
18745
5496
7480
13215
19338
42786
19252
9068
15506
25947
19673
12290
25003
7398
3790
2188
23901
8278
28186
43985
25041
39683
46841
19452
1630
4506
33544
26588
32757
30547
3565
16630
48088
41403
27952
47976
12486
23347
4440
1186
38393
46641
14896
22866
38678
23093
41979
12865
46945
29702
45361
20561
20052
4618
30325
43322
30574
6029
28418
47135
26512
17617
15277
10045
26234
30302
44576
9626
36174
42550
34640
74
46349
20182
25187
469
33993
24593
32144
12640
32354
20930
12730
16772
7282
13717
22704
16412
48901
25518
27156
44591
25310
17202
28430
27986
22165
26444
21484
1768
24790
16258
25459
33034
36882
16394
45391
19685
10766
40835
7715
41420
25402
39615
11186
6143
1440
11455
34444
298
42623
5520
8835
9735
2923
39318
35822
6696
8641
20586
5327
37094
40682
6591
25995
6006
44303
35375
13549
13881
3059
25726
30806
48194
1746
16708
31064
22788
6097
42336
4415
42288
1726
26368
37749
20614
22060
43345
21698
20991
15774
21442
28678
5193
46366
6215
12978
9907
21924
43294
21976
32837
40889
26928
14949
17346
3737
1055
4478
32953
14003
37961
3743
37822
10718
30847
10618
12518
9830
7861
41047
28776
1625
42912
44604
5035
20971
10678
22923
36916
20695
1635
16661
25115
5201
43655
48217
39648
16003
3660
3969
40891
41016
25251
10246
38219
19238
40570
311
37795
33658
1756
23654
33995
35080
13170
15458
41544
39997
16791
23246
33069
13731
43104
43753
36289
3624
12328
14894
45077
25331
33774
9015
45623
24750
37645
36856
37916
21383
32491
26934
30826
32786
25492
20117
30000
39535
36121
4271
27649
31561
42732
23540
3645
14973
14700
48498
29400
11906
640
16499
20476
4712
46549
34778
10900
23977
1268
42323
20347
46343
47654
12638
5116
45053
39924
18258
24059
21480
27370
26172
42721
8307
42726
22220
32890
21530
41263
39554
19659
7330
1545
35575
45822
4678
43595
37468
1777
17419
26519
18783
8707
37644
7914
27665
17588
45605
31326
33225
35364
45326
40127
7342
49745
44238
16476
49576
19440
5001
28224
4955
24653
9724
20827
41165
47400
9324
9305
28904
28996
30881
3179
10684
31409
20875
24746
1425
15584
24298
28487
11802
17218
10235
27071
27322
48743
43707
38346
46740
5043
45709
17998
18158
23195
38613
5103
2497
22762
2153
48480
42644
33607
46826
24349
12510
8551
8166
42173
46855
31866
23407
46758
8549
19345
31489
18538
25271
17292
34641
43319
38073
47389
26894
36648
45599
14170
31163
45294
22830
26343
31759
33133
10166
30019
16414
11238
34966
45903
11047
7584
13523
19326
24269
17705
24419
40978
12848
31054
4989
15207
13721
19979
30918
16251
49839
10673
15349
33080
24862
39838
31008
41466
39698
22996
33801
49539
40437
10163
297
35362
19154
8560
33328
32481
6255
5958
42024
46479
3214
48627
24789
28871
19191
39403
35772
8668
5547
48779
2770
17021
33128
17187
39498
14226
32900
37219
17611
7390
44538
31072
21772
42562
42259
3405
47204
44647
9608
26240
27742
24128
35469
29172
32476
47966
31422
17847
36541
33686
36963
38856
11841
48884
21056
35540
26372
49322
19959
44148
35842
30824
10855
34773
5356
39791
48429
5817
8230
14379
44222
14268
13383
48
42226
44934
22214
49283
33529
29063
47844
46579
20755
44580
31734
26373
30052
49116
45043
19298
43723
1377
39015
6559
28792
49943
11722
12091
43862
40529
8336
16510
37032
46316
36551
44105
38228
24712
9081
41030
5251
37725
9956
10258
609
9298
40235
23947
44359
16717
22465
48632
9791
20570
556
39243
31060
30838
35977
17496
3097
36024
36651
3336
16159
48777
43528
35143
38547
16927
26387
663
42719
3268
25599
44963
34418
27272
24752
42811
6338
36620
46428
17842
26215
38939
27011
14799
21573
22243
37679
23673
37465
13550
39853
4710
41505
4292
12497
16463
7650
48473
9520
44793
46211
41919
5528
45896
38892
45356
22823
836
26589
42308
47496
44342
34922
18101
4435
16907
20444
7990
7520
26016
206
24320
23062
9638
12395
24207
4021
34837
19014
35062
3864
4968
4967
32629
3551
18799
30669
44114
9547
30803
36712
25156
4581
13256
13233
40072
815
32591
1435
15234
17924
27498
10789
13097
2690
43270
781
26720
7555
13740
45576
40531
10070
16203
25128
13672
31845
19596
32032
44913
36857
34636
17616
22646
12618
32294
24138
48760
9152
16647
18093
47113
33574
6148
30635
46268
17766
39559
46572
49934
44935
5271
43113
34546
36678
47073
46436
39430
11086
5285
38299
3351
14577
6929
13110
43328
16773
27968
19712
10808
46476
48512
11080
5721
23224
29760
20599
5331
26776
18892
25986
46229
40460
37805
14403
10284
13976
12841
37166
28056
35043
40676
43605
2878
39651
14030
24821
44349
12587
28083
7249
24448
36645
41098
17384
28238
36829
16739
12034
680
28262
40802
45065
20363
7484
38962
11290
28630
36902
26919
34548
35531
10274
14243
25022
27357
33354
21169
13773
9688
19807
16048
45016
17361
420
36837
35224
34227
24642
47034
36388
45202
4784
24791
8864
34428
12542
21329
11642
34748
41437
29585
47114
11251
15762
35337
21016
30502
43758
8088
25530
15460
16747
7395
40716
38889
3490
21471
17374
10411
9706
26309
5895
21166
25635
25311
38212
6690
28002
27526
4877
32686
23680
44070
22007
1526
34334
24118
31843
35195
17098
20732
299
31020
38549
8895
41265
19450
4096
22883
12451
20729
48333
41954
16055
37420
1719
553
32971
23544
13983
42856
48237
9275
23278
36212
38480
28886
35007
33437
25810
27929
20846
48570
15174
9193
23513
44394
44177
44870
47008
7919
8339
23293
45763
19514
20202
47216
17425
20887
19411
24241
32769
1364
2424
48801
7809
39489
29881
9002
32204
24728
49738
42606
7986
8690
32308
7243
20718
2350
44063
26482
39836
46732
5642
24302
22054
28259
33252
39885
39739
33936
33319
17510
45241
33026
5675
6487
308
49160
6102
12963
14629
46675
41925
34645
37759
28869
1770
27100
3680
29640
4301
29031
43850
42419
18673
42475
28736
30418
37669
23005
47864
24856
39000
20438
29864
25539
48876
27543
2056
35640
39645
9789
38254
21420
31357
36827
12961
48403
49852
19963
47046
16024
3567
36938
40344
27530
47719
8271
39991
27024
45786
49250
24698
20942
43822
6378
33108
13404
9738
9589
18924
2367
22453
34494
27798
18340
20290
19305
822
20751
13228
41579
22710
19022
22269
14796
41722
30494
34880
11893
23991
19672
7961
33698
40143
8952
47743
45770
7457
31612
19628
30470
911
5571
24277
5009
1042
25924
1959
3780
10640
36862
49077
43556
37201
31539
48880
18298
44147
22841
23663
10988
15361
286
26301
11887
45363
32193
39550
6766
28722
46739
32154
16129
4787
46666
12575
41874
41085
20547
39953
24327
47123
49916
21251
12055
37103
16568
9154
8145
29537
11760
49823
795
20248
20007
48612
35583
16054
13277
7963
18251
29922
6909
6266
33848
44900
13075
10061
10614
32615
31120
398
40936
10448
9763
37739
6887
19599
23274
22432
29318
13656
19726
824
47812
14020
18953
6442
7547
28357
25582
5346
7636
38554
10770
35924
34065
21525
11598
29974
20736
759
44780
1118
42851
7663
31899
10901
22791
41542
44944
4175
2748
7442
192
865
28068
29950
22719
42103
8922
32744
11518
40018
768
34781
8487
23179
47793
25601
10315
6112
21397
20876
9870
43939
30073
46821
28339
2987
12913
47622
36868
35569
8118
343
45180
48344
6518
46480
1609
358
39640
33886
26077
27010
31446
18280
13311
25705
38385
38330
11755
40575
40115
42482
47746
35272
28546
6794
2223
8157
2698
24303
23026
46313
45305
10500
17582
30070
36243
6210
10771
31511
22256
16134
48720
17090
4620
5747
39963
46628
10148
7989
40153
9410
16225
8925
46854
48631
8555
7399
15017
44499
20503
34637
22958
19567
34022
16396
43477
1476
25787
44991
14627
40550
45328
41317
6420
8069
47084
37832
21637
48134
13503
29301
15104
27971
32127
31955
29213
8826
6206
7888
8333
15003
39144
34796
6332
13786
40221
29469
43553
20681
25755
19792
41680
5082
45280
48228
3512
36310
30169
26830
32759
47102
28421
21604
10428
11119
14892
7901
39528
24179
4511
15823
34487
39621
12700
3888
32279
8237
33623
22726
46280
32710
37320
35610
44401
13772
38343
24215
46747
45632
23120
42281
17369
19143
1834
15353
32538
14470
42813
40177
173
8653
26060
49645
7804
22695
37611
39536
23123
12516
15321
6205
11701
20874
9188
18438
13866
30651
30984
28428
47050
29682
17873
3656
41344
1621
37237
3108
20433
11527
38333
1236
34066
46260
976
37888
44357
48307
35102
32760
46761
18352
27121
10092
36397
43846
13710
44259
18999
32778
2740
47604
44353
19880
30013
527
38967
43312
37392
39985
18636
2871
49021
40960
25691
9086
41438
19472
34958
3058
764
46803
46243
46921
24926
30463
2164
3021
32352
6567
45040
22625
28084
35765
42694
17395
35471
33409
15215
14836
43919
19270
43658
34267
21081
27880
20275
14112
1943
29182
21779
29308
18060
27753
16425
35785
4713
3534
39275
12146
28390
18212
47160
13522
27153
48756
16765
23983
37746
21384
40468
25697
35291
46355
6474
15220
32718
26724
27180
43744
24006
27694
12357
8800
355
48610
13689
22290
26828
49191
29206
342
32572
49520
43351
47549
41379
35453
26197
13532
18961
1319
31545
19081
41270
35650
45243
33366
29197
4919
15125
23194
7470
10529
6983
31124
19605
4584
6094
17851
16977
49281
49176
42187
3252
6243
23779
30506
36324
33214
14103
11056
9101
14990
18037
36733
1879
33568
29559
31748
5240
45788
25209
15384
24387
16319
25833
12521
17092
1589
11143
35553
19559
43191
12653
31809
10699
20266
37885
6947
45958
32795
47551
41022
37861
3799
31941
42872
27747
8905
42704
399
40993
49305
6813
32813
45890
37535
28442
22299
8938
43307
19052
30420
42095
49833
5583
40589
33791
39865
37848
40402
36979
47069
38806
47254
43787
42806
21405
36156
13368
26676
13000
44962
21042
25028
39014
4427
41673
26521
29883
17348
2752
17364
40522
27604
861
19297
41994
20485
624
23038
43747
30534
36141
17333
19217
26495
47909
39529
11907
14239
40237
25051
40986
25184
45882
26657
41031
45687
6383
17316
44329
5734
27235
13188
13518
17248
10871
43783
27778
23033
22109
41664
25289
21319
47053
40103
30292
12727
22694
21787
21728
14039
8458
17621
31743
23430
34159
9080
15089
31171
53
40271
3429
14098
19848
25956
47882
15716
24874
15629
10452
8463
48289
44953
44756
22009
19147
5880
16923
28899
41349
18755
22717
26644
11586
37460
34062
28036
5959
24110
44435
32081
21577
18660
40536
24759
32741
37312
48142
32663
9026
24699
43447
454
39742
40681
8971
2294
45540
16496
24177
23884
17677
18204
27343
10201
4396
18059
40381
33608
15728
21126
21512
6579
41038
49924
4267
24306
8289
3388
36292
3439
11181
28304
16976
2797
7039
31887
35424
34623
8208
25054
26938
3627
16040
41020
20281
32044
1056
23672
39045
23932
17566
7886
18363
10999
30381
43479
25577
11529
37382
29465
9452
44408
7140
20869
4174
23745
30858
42883
37620
21100
42232
40965
18471
2937
36088
39606
23025
15188
35544
7421
40774
40820
38870
23296
20184
47892
20267
35070
48381
13430
49202
3089
33987
32982
42978
3714
13745
10890
1420
35574
41806
1610
28844
17394
14934
25688
3030
20816
42787
37280
12165
1381
10466
36480
47777
26820
40059
27975
39067
8152
1292
10836
4661
34955
7591
22848
13926
36060
22429
17263
3149
39262
49515
22846
17976
5166
22378
12563
8530
36611
18682
21489
46635
16406
42199
881
39301
43743
8514
20328
41284
21434
14928
44910
32600
33944
11454
15326
26932
37835
11834
6401
20613
39629
7231
4186
49880
31660
32246
21415
12012
30606
38718
38792
21457
11304
19920
39223
15988
22933
6347
32347
39631
5491
7038
19536
34305
47819
39448
1012
11234
9094
35196
17156
21966
31239
15727
29612
15431
43695
25424
39405
33219
49169
46530
34650
18177
48018
5011
30051
7409
3494
30414
36994
33816
22685
258
18780
31418
4938
46488
36182
39669
36660
36680
10048
33502
1982
25376
48050
2121
4808
34718
38262
4259
22749
43864
36735
841
6991
13322
22138
29160
49443
47846
1985
48656
34449
17915
168
39437
35861
12599
21928
13303
14586
24041
21755
43189
33085
26658
10507
49406
10394
28213
4418
41110
32698
6074
24085
3689
48525
8094
3779
16604
44578
18036
28019
769
28265
26335
34763
46797
14455
15635
26279
10371
32824
11385
29976
42822
21880
17880
14458
30885
34067
22201
26380
35065
5032
15776
21770
10786
29996
21104
46794
46672
20554
49765
3174
14203
24652
14519
48999
28806
17331
39573
19574
20488
44026
4936
9400
13294
1200
34249
9132
13788
39327
27729
7139
41204
15289
41858
30352
27304
26394
1905
35508
29575
42112
28637
13059
20993
6061
38207
29382
43977
45495
4746
27763
22718
38611
20111
38527
10277
15428
14977
25850
16700
36016
45747
27799
32671
8759
35750
18822
37310
10524
31414
15527
19221
42984
45930
32437
45481
30935
4840
26789
34374
8880
18617
21820
38490
24473
39179
18526
38665
34027
3586
35429
1696
24054
14881
30245
47848
30840
5125
33336
44274
19303
7542
22598
33017
9213
4954
16279
17841
46393
22145
2131
39043
46191
8717
11540
8370
44806
43037
29911
11207
29939
17145
34287
26547
13570
6750
34729
14886
27476
44374
29043
40607
44427
13621
28878
24546
24076
42569
6646
17952
13692
43832
42922
35593
16430
28915
26872
43518
33418
19039
49800
12827
40019
37923
42927
33981
25648
37545
7128
3455
11494
27358
37512
5480
9650
10226
20733
18839
14691
10585
39071
49286
46631
44104
16481
20221
7673
15488
36876
30746
27221
22119
27167
14348
28921
13157
17209
36497
38364
11267
7271
18078
1900
43949
16887
25222
41014
40817
28058
47988
17613
15243
27685
33696
35893
42659
1024
36855
25983
28069
29962
29703
9464
12780
5214
49914
41783
28274
18536
17355
16035
1801
15014
34696
2744
8962
26321
47042
32320
27415
3962
4554
11766
20226
33809
6904
32240
35837
42761
3858
36861
29384
47209
28560
21801
24132
28928
30879
3578
16994
48903
31296
49769
40745
16690
26192
22128
14011
12655
13617
42943
26214
12777
14603
8636
12652
6295
49557
15399
1546
38931
20852
24253
48578
25153
261
19589
1928
5351
44075
34270
43503
34233
12870
1594
26942
26064
38813
35275
18486
11800
27785
42690
9300
41144
19497
39305
48780
43128
43371
21361
32575
40145
36851
16980
10818
24307
41458
1765
40832
5986
3722
31119
46195
37612
9158
1196
39092
7011
43571
41918
4028
39234
10919
13831
29466
4846
46058
48537
2884
48565
7855
14908
30127
24263
36177
15397
31023
5145
45287
23061
17971
39201
21557
35794
12047
37728
13463
14266
6233
37088
30702
35324
6201
41102
17962
26122
891
48818
19242
22945
40497
22500
36679
49261
48895
24849
4647
4108
806
4469
22985
34414
30444
35241
9539
40538
10701
19337
44235
48094
35443
46224
19865
49102
1950
26252
46536
28451
1563
23109
11618
39339
386
16238
46801
5553
26434
4032
38666
25056
25672
1429
48363
37224
42736
47674
25125
6493
783
39675
14917
16505
48551
41036
6362
25312
40275
34900
14954
40440
43749
16786
13543
14347
36079
26196
2825
32843
49721
38209
11782
23380
27941
24316
3524
18376
29667
6049
26223
19376
5709
8875
8005
32317
38402
34728
41492
37368
16807
15536
3965
22689
47585
326
35932
17846
25269
37013
10176
10171
16677
33543
48004
44879
37533
8187
32164
24714
45873
14498
24032
34132
39404
3923
40692
39967
5121
49573
40374
7405
3843
48856
16059
5162
23073
34366
27648
4624
39371
13051
3493
26221
22005
7620
5279
17795
11008
15550
39700
15867
28425
49923
19374
21423
18642
32496
21413
42723
12446
35472
37970
44867
15510
19786
43741
17233
42529
28350
37799
19008
266
15136
1522
27518
45912
42901
27047
49349
25765
35009
27468
46738
9103
4386
25099
44801
18592
32943
49868
49507
5859
24421
20492
9546
42295
27302
5256
27976
25795
24406
4465
28856
39019
9503
47874
35199
19993
44071
34442
4861
10408
29457
25480
45092
34115
40560
21033
38880
6468
12947
48156
12676
164
33549
16579
18619
29522
6299
4996
40796
4515
25185
44787
12197
8000
48109
1517
23158
25770
13042
34870
33380
40022
33404
3759
26312
8770
32995
36939
18500
3034
2785
13836
24057
45851
2420
7194
45440
10346
43625
34424
42970
20181
38246
40695
43756
23857
32544
23552
41697
5891
36641
21952
12673
49795
36466
24816
2886
15347
22105
26731
30350
38521
33799
38849
45980
37283
24549
28283
46835
3895
5780
31605
27866
3383
49340
3307
18246
32593
11513
23852
7560
1134
28162
45163
41279
31226
26152
18703
38308
23302
10076
31500
9359
16824
35169
42940
32373
18593
20569
26796
44613
42454
44716
1207
26250
24198
23400
17679
44294
26470
26881
45404
23214
36604
47047
35551
46508
26773
45769
31018
41985
968
33465
44467
22273
1803
941
47489
36720
42965
49900
7168
40989
44288
33661
48339
4126
23429
23816
17996
12120
13578
30791
21400
1647
3906
36009
43866
39130
18941
9993
39973
23139
21313
48423
6795
46055
136
22942
13357
9634
35303
3749
15097
18288
42381
24126
23105
38522
25063
2311
41597
25309
7870
8648
43677
33199
2039
43872
32521
48219
10197
36479
47072
28839
2769
24426
21991
18475
11418
15286
37443
40814
8488
11770
8281
40881
46865
28014
3874
4590
36580
6323
39248
41442
16140
6335
41103
8035
1654
41223
43090
22984
22307
25027
15381
5453
1741
10299
19090
45292
3117
11006
37530
25322
38007
28446
11523
19717
33177
7482
23716
48645
1257
17168
12098
27249
6513
4355
42028
2661
19036
34084
16714
24720
47247
49336
49200
8591
21612
7433
23851
22676
18543
1833
22673
43726
12707
26807
16199
20123
20777
34523
22073
2701
39210
37801
10518
49801
6012
47896
48093
14974
45236
25609
37925
18886
13196
5903
38483
36217
32800
31686
25006
38150
6230
3548
1104
17378
11816
5232
25584
30214
28201
46602
547
46896
7569
1871
25563
7157
2272
14068
37837
2916
46984
15029
9313
19417
6363
28896
36812
13440
4089
1861
12319
24621
30243
23604
36445
23442
26198
34746
25218
21294
42520
29248
10754
6386
35747
38394
24415
25468
12883
6508
32702
38253
25630
33758
40274
46808
1360
27576
22440
41039
27716
17995
10119
32150
2659
7713
49872
40195
49270
10787
14161
18040
37092
1656
35014
26089
3359
8584
9977
5736
27018
34618
23245
43835
33840
31697
13018
7780
49968
49702
45744
25626
2478
9348
47670
17578
42532
1088
9919
1214
14731
12119
1601
41100
18048
10191
13649
43533
47638
17072
22999
11584
235
45358
23433
24152
5527
27128
14015
20539
21996
15792
25085
23035
40068
34496
37412
47390
45457
31512
31247
28450
38423
45460
30594
35853
29583
23336
43789
14869
12642
18806
46701
90
33524
8819
19815
44999
39417
37015
9761
46773
19950
25044
30807
23646
16854
25168
31229
39146
9861
6123
29027
38796
41886
41099
46453
42789
32519
45059
23823
41898
16491
3286
48698
3922
48342
40569
28729
7120
25883
28270
8475
32670
3042
1266
42438
2229
17247
18809
46226
17220
31400
16962
38916
19679
21202
19138
29234
2300
14802
1845
46188
22029
28816
47418
19711
9344
31479
47471
34700
1644
3795
45483
21302
32107
39178
17836
31053
13963
9873
17319
29908
34278
46687
36241
4125
35948
1937
43057
24063
24677
47724
13255
44528
32921
11443
25636
1298
39332
8470
6441
35588
14907
15572
37231
19678
37056
42539
24550
3113
31087
15294
43318
19129
39679
1184
12927
38738
41960
15895
43568
33714
47035
28104
359
42950
24811
4402
15738
22300
46085
17772
26420
8756
11856
46049
33131
6086
38727
40543
48233
44601
15074
17162
38291
12489
35578
6328
18342
29652
19773
44629
29719
30209
20036
47237
47219
30548
45864
21708
9743
47975
457
49577
48997
12850
19754
13260
44584
14940
24783
2135
26239
46391
19731
21245
31116
2214
1560
39744
29723
45738
3666
24954
46881
10295
25717
42133
19939
9938
5759
29544
11442
21331
29258
18026
15335
5153
33594
44088
33678
37599
40763
47750
33100
10506
4121
4520
3444
21872
3702
21458
17309
25448
41982
9398
17139
22231
16792
28120
19063
34633
4059
47783
35448
25326
40684
5071
34396
20988
43292
40483
39699
47613
17075
10586
36356
14182
48441
19438
3507
12903
563
39385
49289
5802
42938
2845
27555
33836
32121
34742
12861
35857
12743
9178
15818
24828
48197
27831
1076
19112
44728
3418
38256
26455
1162
6585
41826
5999
18207
13839
11038
19222
4692
12184
37205
15379
29118
16
44668
850
42817
44518
4761
35849
19668
35350
31943
11324
28497
883
44072
41382
11424
41053
16111
32004
36700
34671
12371
23208
18907
40859
42405
36920
48015
18505
42618
22739
31137
40968
45626
48128
30915
15541
33915
30828
33211
28932
29507
37371
3763
43273
26164
24692
11256
25639
22148
43197
1347
45813
32256
11230
30376
39738
34430
26249
26445
44575
40295
39850
27672
39296
37673
47878
42102
30685
43456
32696
42119
40843
182
20303
37191
41269
48221
1971
33132
30141
31635
34394
44691
44507
10035
19128
19393
48315
47888
23162
9163
5750
30133
7704
19317
37058
49375
14638
25665
5908
4270
45915
40493
34113
35357
44851
116
32249
36316
15466
30827
25325
10992
37167
2552
2942
32597
8257
4306
28758
44701
16390
41273
31833
15559
40006
30660
5703
18217
23133
43520
28244
24914
7808
5604
16060
13837
30793
24930
35374
9588
52
29600
24238
27409
47040
772
40064
24687
37732
43573
11069
510
3003
27470
30415
39470
47543
4755
4379
8659
24373
37712
44662
20817
5765
34756
27680
8012
41944
34098
1254
10661
31132
2798
47266
2516
40431
46160
28656
11716
37631
2026
11289
41477
17562
25931
32058
33223
36414
31695
49070
5603
19493
48064
32779
31782
5919
14371
45333
7214
30452
25873
3068
27846
16809
41478
30207
13748
44058
14245
21435
29625
23128
36373
19110
26292
43472
28241
19488
30663
32186
24149
30859
12544
12445
23230
37125
18128
12311
20128
26623
27907
27198
4595
26349
37889
45306
45752
47089
13809
20231
33690
6245
21910
8694
11948
9114
25497
20859
25777
3228
162
46228
37720
13537
38263
7682
13281
11356
26882
4614
49088
16537
36449
10963
9226
35829
25460
9816
26868
35223
3076
2598
23984
43917
15544
5370
3550
14408
42987
36926
34310
44975
41033
47875
35461
2732
25855
4740
36734
43432
19583
37518
43004
7105
31830
43434
29895
49749
9465
26538
22671
14626
6718
186
11845
42100
29565
12506
39004
34352
22605
31549
31376
47597
11808
8154
36567
37965
31363
44939
25182
9055
10424
47797
43030
22286
605
29820
47980
8449
33189
41517
20838
17082
14628
17002
17087
38414
8710
34166
22745
25398
880
20098
25261
44774
6083
43387
4711
19136
45713
5635
29417
265
35763
49729
7877
9332
14887
12748
16975
47835
14617
40359
5190
14490
42379
11050
24465
34581
29314
14052
20784
32633
7151
36515
18951
49203
45845
31930
49038
6613
7386
22914
32472
30147
30750
41431
11485
22139
27692
35006
47279
43738
30451
5299
21813
35895
28480
1482
43673
25227
31065
21149
43984
3090
12071
21376
36913
4049
24374
48748
37024
44381
32713
21795
15440
2653
13220
3539
42227
19545
39202
28669
34320
10046
41869
3051
22283
33692
21879
38671
20272
30083
27965
41441
38268
33246
21867
14286
11579
263
385
35683
41609
41550
21746
37496
28707
18798
4915
724
7946
28501
18993
27364
25794
7469
11734
31758
31282
8014
20304
13226
12128
10395
17189
2600
35866
26228
47837
49941
46535
24029
45527
13493
38777
16358
42722
8052
49887
25149
34735
23325
24941
36282
25145
13435
26035
36220
44949
39939
23528
18792
8960
21935
13231
6433
14835
49789
27494
9309
27855
37504
4484
24486
19384
40169
490
32611
17468
29299
8814
22312
1904
32735
8802
21205
44188
41670
29878
22642
35660
2760
46047
40773
47905
30542
19313
30837
26903
22127
5079
4209
21164
4900
23575
38440
30869
48200
10697
44797
21317
28653
34340
29195
32363
17276
38511
20146
8614
8405
12150
45007
9990
26574
49468
45855
4914
14992
2251
44186
14373
49358
13904
34415
10231
12053
46034
18905
12206
19728
29325
41251
24604
20705
8684
12298
38199
34269
25381
15423
29983
9248
43165
20196
5280
4127
38991
12070
36653
3325
48759
10660
12788
49807
38505
40596
17946
22167
24278
32756
7372
36689
46008
17483
2662
2339
6186
28095
49888
9091
9987
31596
30135
45994
15515
18700
17375
42243
37568
42155
14324
5221
3017
36343
9523
23445
49997
30436
25760
33531
8398
12406
39331
39135
46402
25300
7203
33323
44073
25970
2628
43934
4855
18708
32258
40822
8375
9156
40886
41907
9653
3738
23143
45647
43140
34620
6926
36781
18640
40419
12293
33637
34089
26429
16000
29385
2737
39652
27937
46244
18180
10866
3713
4046
29825
1677
31592
40593
48140
32454
23317
42598
33790
33353
6627
9703
37037
3946
5451
49879
13262
23514
44191
43593
31855
31965
14104
40512
5937
4002
28521
21076
19078
44784
27746
34090
27374
28559
38433
48347
27709
36108
25963
12802
19416
16330
39718
14295
39276
44199
38103
29658
12210
18706
11240
37009
32855
41002
36084
37844
41364
26641
17889
23018
30275
28063
41755
16857
9039
40615
32515
24102
41345
11183
1326
47689
25663
38622
47239
41332
23403
47182
40398
10374
10184
13197
15382
35811
1190
9764
9315
37651
40602
15290
15996
48052
15540
14259
8963
10933
31989
43780
13763
21214
37825
39691
35734
13918
25140
1016
49500
49696
27814
20316
27158
33308
47029
7755
14833
25813
25276
34304
47595
5987
41234
5199
3516
38663
34140
44860
2270
3399
16388
21563
40657
47628
22774
47650
10266
26562
31835
49736
49874
34279
9059
28242
34688
41746
5824
18384
37084
32173
18378
27090
44284
38499
19778
18802
34321
24404
38526
30805
16037
37985
44248
18389
6955
10110
42768
35373
30662
9223
2921
44351
25071
38344
33731
13305
2965
43551
35347
33932
29609
39303
27294
6499
21968
26399
46753
7042
8920
6729
28618
31731
23859
4145
23636
13552
20663
21071
48204
25872
28118
935
39750
28710
16635
16987
36080
35236
4860
21422
39106
31565
35737
38485
17389
17848
8957
48454
9177
42355
38093
337
33152
778
31626
37474
2848
46051
31974
10612
28644
15481
5668
34344
6116
13381
44658
44444
19980
16522
34222
675
47330
34932
47337
49625
19697
22242
4811
28705
5238
42519
47379
33144
33666
23783
26873
31217
17165
4208
31881
30849
47639
44664
9605
19630
6444
26030
37891
6671
44688
36123
42819
33498
28376
40062
13433
22058
15023
47541
12241
30985
8887
43853
36103
49095
38708
24217
25715
26112
40951
23324
6549
40935
33808
5546
38451
23671
404
46198
22427
3194
45105
8891
10706
29412
38869
43824
3589
1763
24671
34659
33615
24452
37995
28712
41545
41603
44285
20932
5552
34316
10827
45106
27997
29260
47942
43762
17501
33938
1048
35596
392
16465
48936
33165
22262
13647
9757
37337
10621
22767
7598
2846
47612
3727
44655
48090
47498
17714
9338
226
29305
48129
33089
37446
20294
13344
42662
26780
38758
31378
7781
23171
15862
9167
38999
31232
25643
8040
31011
1910
47431
2442
6658
25453
25693
2729
8473
1027
45857
4853
45898
46297
19299
21181
2868
35552
44998
46606
10175
2862
10633
27560
32055
34149
4294
18559
6145
37001
10357
47943
1671
35249
49132
18145
1158
8006
13945
18807
36412
30210
49953
30129
27264
35962
17789
26893
33869
35850
19199
5965
7967
11595
16681
31143
40846
27323
46133
6080
44760
19925
29679
6840
33565
23661
13573
24533
20050
24446
11890
29452
13590
4354
25994
32073
24433
49698
15569
32920
29070
21134
4349
27873
40176
48868
7534
8731
31396
42362
26073
9737
24051
24232
14614
37998
29057
37542
9151
3398
31174
23883
48995
16387
28253
5211
35049
32436
10937
42841
14524
34953
47933
34177
48854
3208
30247
17294
45974
34556
37883
729
22887
34914
18639
39343
42908
6984
1116
9389
35693
29378
14175
25121
15965
41831
37544
12688
14151
45471
15072
8082
43080
17026
47920
49231
46694
16269
25336
49587
34118
45532
39100
12301
5956
7343
12890
30911
9206
47871
20518
7221
31713
22164
17065
10935
25062
3803
25131
13829
8571
13680
22345
17358
40280
16088
26171
10856
21837
46372
18216
8841
5216
47065
12814
41561
21933
48658
16118
48422
10151
45842
6866
4857
5921
17912
3464
19662
3801
13101
6883
24529
25680
24067
45307
43088
33739
2841
7002
7797
35894
31811
21517
45694
7916
11717
45783
8630
587
33006
48962
35304
35038
41893
39843
30290
5227
22740
40921
31109
16448
4745
15840
15064
43219
20306
44534
34357
29329
10649
10155
5191
41987
47841
1270
49183
35403
14576
17029
11682
28422
25958
11440
25624
13954
47579
29401
3994
49594
42554
17526
1540
32103
4648
28484
2376
13637
30616
28061
47690
3440
25900
19301
38965
3275
26488
46910
28336
48762
42350
12450
14547
11184
40050
5679
22328
5389
28236
49125
18580
45659
26573
35497
11663
77
45636
44532
34258
9444
18205
28561
27083
20679
42844
43990
7476
44466
26283
33082
10515
15327
17754
14912
41876
40249
4715
31516
17102
10255
10225
19932
1789
26675
25535
28386
48873
18710
4849
30907
31307
13528
0
18019
7403
14463
31794
28862
29196
22645
19540
17877
2037
47473
473
6497
36863
22869
19155
47810
43348
7068
42697
42109
30779
48889
6705
3601
25303
47334
14258
27185
7541
27242
30273
6590
6057
42433
32981
20011
48014
1498
17427
15755
21272
6835
46363
25210
16752
18487
4979
29775
48131
14469
5844
22170
21784
25927
23868
24140
260
20393
3011
24742
14930
13144
17693
885
10828
29104
44341
14767
43482
41167
16440
6979
47167
37202
40797
47275
3530
18545
6333
14139
35987
37688
19506
45760
13135
10348
1067
44778
8414
44059
15186
17839
38092
22556
17234
844
15317
21774
42230
30092
34944
1804
26378
20265
12684
12607
29860
19064
24255
33025
18312
29867
12336
19405
28489
29875
31419
14387
36415
33178
35743
48585
11531
20567
9250
5892
34382
24018
40750
7722
45103
46629
11413
30021
35327
14306
39174
38929
33300
19859
30307
38475
22200
4534
20906
6558
48676
40325
9168
49984
41475
17223
22130
38986
32803
30160
40564
4587
29159
28873
25677
30741
38498
3328
39375
21981
21842
27009
20600
13134
26654
30783
24376
44051
40032
4771
20436
47483
25155
49266
15365
31146
5493
6535
34962
35076
27348
27847
6242
19045
28351
11892
3244
25152
47442
33299
4394
26884
32045
10658
16125
40423
9052
28594
19070
8432
20172
28187
20210
41177
6834
46868
24209
27334
13486
5727
2399
762
27718
15795
27385
40401
42792
1274
28079
15012
25679
10066
7680
39730
34673
29370
49570
32844
17115
13323
8644
35165
33817
23480
24048
16500
45697
42436
32311
4580
1536
2324
48324
18310
45831
29849
32532
7008
25669
17514
13384
43213
16709
27375
36826
13602
35768
9360
15955
2059
4804
20228
14013
49354
14464
48326
43325
41312
28146
25242
45
44389
453
7247
30088
22180
16922
32872
25047
22309
38720
16031
11287
14788
39188
5161
4508
22834
9775
28810
9485
34397
40915
30560
31634
17881
7742
14199
14702
14452
22857
21829
9258
15646
4848
26941
27462
42468
9180
10953
35512
36589
2716
22324
405
20114
47300
46401
19740
11868
39317
35283
21130
46925
12761
20161
20028
10989
9488
19648
11441
8160
27103
48431
22381
42818
35706
24058
34597
22684
33426
20405
7819
40353
25920
30145
32139
11639
37330
24970
27141
41726
46135
38924
9221
21957
10475
24765
18470
1309
12728
21898
9549
4982
34509
33826
33896
18439
43269
39878
26068
5225
34842
26375
22405
30004
13919
36587
12860
32065
39220
48253
29595
22773
19168
24049
21734
6039
20276
37988
12932
42268
34370
20013
1272
49049
6554
39812
49360
29919
25451
2038
22143
16141
35954
12993
23006
22950
10562
23993
26627
30061
31613
8545
35464
30713
9244
45916
23930
29761
4928
37951
28786
38061
36797
38238
37042
20032
35329
8583
35826
4697
42504
21599
22086
13172
18583
16246
35441
38548
32841
1108
7327
25378
19774
2463
5363
36959
49931
26740
2401
7962
9251
23581
12945
3869
44816
9241
660
25013
6374
15323
27378
44567
28025
25731
43790
33792
16656
5909
18017
10223
46938
13560
28220
29294
40375
24100
23900
18740
15498
8986
7714
35719
20481
3976
36957
42579
41998
29178
20937
4042
44130
22563
29572
16839
8408
21662
20104
13830
35549
41407
35617
27811
8322
26877
36940
9354
42011
11373
19888
21304
40101
24295
29923
8715
36556
1731
40540
30515
919
48175
3434
35178
31306
48180
3750
39818
28168
34000
19758
23479
27696
25323
33321
14787
18349
9779
293
25075
44229
5792
20865
20990
14956
36502
9790
39461
29084
34384
38984
16303
33797
49346
5545
10473
40766
21670
16686
42686
16110
3973
29674
35018
10159
11046
10200
32280
18473
47568
28535
13046
29986
39441
39047
33083
23309
20742
37736
31638
3441
42679
47990
13977
29106
21653
22534
34764
4663
46831
1595
42484
33546
16353
46722
26233
33645
11493
49134
43986
26503
19794
20968
29972
24553
15535
30097
6797
33493
40663
31704
45615
49970
12580
19461
10807
1978
43627
10820
46266
29474
2957
36517
18000
48125
14401
39515
26911
39288
43659
14779
31237
24636
17867
10328
46172
8751
37707
26337
2326
16417
43295
22633
38373
24148
39082
5904
4815
6800
13861
25926
22672
40821
36710
35994
26365
6941
42612
22162
11566
39561
5171
43036
24304
1489
31328
12145
9432
1107
23860
38906
14566
41355
4776
7873
20067
11719
33586
13759
36588
18441
49601
44736
38541
37365
21777
12376
48824
19700
33787
42402
38234
43248
44331
8264
20330
21241
45514
45124
48055
12661
11735
41205
25192
448
12400
46126
1663
17573
21424
33445
5767
46347
25180
21247
29072
27499
21805
1535
20321
511
15355
30682
9017
1784
5799
16512
577
42546
1453
4666
24541
41661
22091
5395
13994
33454
13163
5531
40704
17059
27320
22777
45710
16589
31807
43910
44697
13892
13146
8882
21593
20127
2621
36672
4374
26739
28934
42384
21297
20603
7540
21613
28373
43225
25544
11462
29239
15654
42076
46036
13585
1558
23504
22280
40541
9290
34228
3298
41909
45976
3146
27416
32571
39270
40322
38886
29503
7137
7130
35713
25798
49271
7411
39044
46754
45025
20012
2074
33509
28566
21192
32820
25481
35577
14114
36012
20775
46744
29580
47870
23188
31594
22185
15595
26332
6900
33669
40298
39821
26146
40357
4921
2562
8673
45019
31484
45871
10488
25432
42846
36490
14526
18333
42611
39593
37195
20091
4278
31123
7363
46010
25411
2834
49967
12022
2248
47109
31273
22885
37418
49744
11644
3853
13789
13350
32219
14579
34653
28787
1078
30137
38223
12629
7971
13655
21178
25660
49596
46389
26617
24919
36558
22376
33958
34420
28298
21402
32383
32191
46200
48921
13939
41904
46817
7966
12279
33047
25240
17108
49730
21248
33746
31979
28026
18094
7254
31990
18393
36430
20253
28387
3299
6089
29177
11685
47865
47853
34903
2070
41171
36285
30400
30664
27471
31785
19809
7753
40154
12196
44687
7575
31880
45758
30896
10153
35636
7972
29907
8846
40099
21333
7790
26864
48973
4409
25385
33392
9008
6424
13878
17093
34333
42094
25229
46832
9674
44901
34616
23741
25447
16208
41481
1069
3847
36944
28481
7435
48021
3667
31452
42542
19062
16556
37606
10483
19642
18781
18985
31956
6793
46688
3811
4572
16373
28166
973
27241
30124
18512
25016
32838
3953
19269
27510
14747
16774
35637
20379
44824
6648
41543
11501
15919
47097
26778
38482
6156
18796
41775
6993
47643
36549
16096
13438
15886
4621
31160
9780
1481
48611
4086
35316
40768
4219
34238
48414
30753
1958
5707
49602
12828
17474
18699
671
36363
15183
12797
45439
27469
1814
41398
29651
35604
40324
43461
9386
41240
9581
47341
30865
21426
39837
4546
32508
42178
26768
7927
34704
9088
9858
22322
21611
12529
3129
47030
48143
2330
44320
48509
9945
45337
37557
20245
34411
1832
41828
46213
4997
4757
34794
31063
38960
21279
18511
5223
39555
3338
44089
29712
22634
22664
44038
20981
30050
37703
2114
493
13915
10905
12208
9692
13011
36189
38022
5570
26837
44220
31413
28912
41268
48269
9299
8790
40715
24000
16376
36031
46310
115
42861
10457
13738
14048
45413
35969
3360
46012
41811
10799
7474
35773
30003
33304
47466
5544
38176
21555
23839
28818
9892
18306
46074
22503
45318
9480
14155
48983
6066
30958
2693
33764
39998
14921
28564
25435
25387
21693
27020
16554
30815
6231
6802
5702
22903
42966
31204
33634
35296
3513
48957
3403
12
23016
37134
11439
38602
29611
43661
36420
32382
18031
17790
38063
9819
44856
17753
38356
36728
16084
26359
10952
49653
40685
7057
8255
34791
45805
33997
21179
37261
19071
40818
31462
4856
36598
17926
36760
30836
27240
2373
47592
46986
43018
36278
26019
17399
19409
38297
37016
9122
26253
19821
7061
26875
35164
31573
26509
3865
32650
32640
20758
2050
917
6484
27506
35961
41531
31535
10714
32784
41523
45904
14372
26708
36890
40742
31717
6685
32264
6735
20453
23638
2587
2355
9036
22910
29576
44204
11212
21463
48455
20917
39639
18770
32557
18039
14864
41073
14764
33369
32984
45704
42737
4922
13394
23907
9014
21093
3618
306
23206
49018
40990
29261
44434
25234
2179
47808
22419
27275
13397
2105
38907
37154
45941
32414
24248
12296
31556
3842
40948
35240
22677
9405
24846
46616
46186
35490
26415
42352
31589
14231
2714
8192
2469
42293
17061
20973
17271
12066
38359
45240
38597
20183
10983
274
10551
47911
31942
42957
11392
2084
6136
28704
12623
38584
32326
26328
33086
34231
29924
839
3797
29376
14648
15395
31197
26601
36576
43170
11609
10056
44028
15386
24726
4287
2988
34117
44152
16524
6439
19207
49770
22287
42277
3891
22797
10359
3233
27675
37865
790
2850
42821
44597
9092
39763
9880
18827
6893
2215
35711
21269
37615
8240
12473
45357
41256
18546
45781
792
23447
29801
24154
49196
40703
13942
48732
566
31912
38719
32751
1742
29745
47017
21687
47094
10761
20943
8366
31301
24260
42235
11362
49695
44254
35255
49700
27344
3929
18750
27920
30612
180
14336
48747
48178
114
33707
34406
44614
31012
22860
3404
25862
1427
47939
1070
41394
35487
38492
19598
6448
36453
44926
11737
19533
48581
28426
27278
3963
7522
11732
6292
17303
35818
5261
13048
21706
44449
13912
15651
25455
40122
27032
24170
42067
3631
38379
35805
47446
45652
16526
2632
35965
32935
5885
2608
686
20508
10910
30353
31822
32997
15941
14996
11954
34707
19240
47983
16072
10567
43885
23769
26639
17274
5551
3433
37510
28542
23596
7092
16013
34341
21215
39399
21683
33990
13315
22402
24763
32353
34592
4291
11079
1009
16879
44751
9097
27930
22913
36687
20061
38446
11999
26963
37184
37451
20385
19909
43202
21064
36573
45948
37226
10810
26350
11747
7285
14046
7600
14705
7661
12277
19149
3841
37360
49473
42208
7144
16192
47634
17734
42447
8279
24386
32247
33329
1661
47510
41641
99
28051
8245
26695
42961
4496
30563
6972
21197
33702
19549
6303
9280
38360
6458
37896
25383
14375
2309
15250
36763
32057
13028
70
37227
612
8268
11536
38803
49062
42630
12864
22628
46221
3570
2533
44522
28313
14821
31096
7430
31364
8698
21881
23436
12679
979
42007
23595
47770
14814
33727
26543
41324
3646
11507
23071
12011
38208
10032
49821
2360
16490
40332
11778
17207
9984
38828
47572
42755
38528
12572
39156
18508
47409
22388
23696
7073
8044
37727
17323
26370
25753
30979
18610
40808
20364
49966
37662
10098
35050
48677
43363
20399
41971
35183
13618
28399
42727
9805
21644
9765
32225
3778
47854
34812
1321
8718
45737
9176
17421
45472
12428
17553
12133
35398
44094
42964
12355
39533
47623
3602
1759
48989
38053
9745
22927
49156
7850
18676
38058
18575
8036
17610
31458
22247
10090
40233
23685
9368
48160
9435
25948
34403
9768
7647
41749
40057
35261
42712
11920
41088
19321
6413
36423
14278
29285
43526
34666
11083
4010
31628
20969
4908
25137
37453
10653
39754
10054
42376
42032
8122
32942
1355
15534
11608
41457
45375
22172
15236
46485
28610
48574
34768
21980
4229
48036
21293
37026
427
13141
4321
40455
24639
33665
40625
8834
18096
11557
18594
31707
21389
31719
45716
47
5364
38691
3500
18358
28796
49370
49463
38955
6611
18316
20370
30361
5630
23
36702
19481
43377
7447
42190
16437
8389
47694
32898
16732
40211
28295
43670
41751
6526
39570
27232
26653
41682
33680
43813
5725
36688
32822
6159
22653
4290
13935
47321
40556
37772
44842
31285
36624
49422
45312
27079
1225
40109
22568
32530
15273
49431
43811
15660
631
18841
21065
40628
27108
49216
31469
23211
41125
35056
47241
37419
32827
1359
22855
13014
37483
3928
11712
8998
39172
7178
24429
7141
32069
3942
24675
47385
44054
23345
23827
2819
45718
5875
23648
11726
18176
39674
5888
13899
47256
2509
25506
23830
953
9721
10874
4176
16881
11496
11291
1037
27547
6958
49151
38100
28218
37214
48034
36384
823
16815
30048
7543
26592
20785
34697
572
36049
18076
5932
44458
41864
33307
15026
44336
44346
4985
42932
17835
12901
30998
23729
8283
13355
30666
23223
28966
22847
11878
42446
24459
13999
3191
20167
48437
8037
22358
42176
7419
38002
26180
28652
28778
26341
36548
44189
11260
43900
29500
19423
15920
22384
16588
23023
17322
33839
4214
39660
39607
7365
27447
46977
4253
49521
23610
27387
49547
22953
3369
33636
16451
27251
29302
1695
23471
41238
12582
13036
4020
43516
5180
8772
5574
7830
11093
29198
10071
9268
34409
13882
10877
28178
1829
15744
10354
27546
35370
30934
1216
49680
34674
36602
5482
32928
44773
26849
723
48949
21597
1701
18548
432
44036
33173
45217
34967
37802
37158
37004
23095
13253
48965
14089
44693
35608
33847
1246
32513
42071
39663
10956
7978
232
21565
47455
22769
13395
48420
25163
36070
34265
27700
44667
37498
30365
22522
27485
20124
26014
2759
41278
48448
20335
6547
29920
27710
15991
16733
6784
18734
29216
1964
9809
2321
46583
46164
29549
47356
22575
36761
26968
32365
800
5722
19314
12454
26646
42318
1683
34664
187
43757
46539
17820
10961
33576
7496
35445
43151
14800
16691
36542
4230
18858
37096
37492
21432
24594
25757
11616
35259
33570
47025
39297
8719
26649
4358
10570
34018
41439
13008
9111
9418
540
17289
15054
2594
26430
10241
18670
24019
42369
42370
27096
42280
2565
23742
19816
37886
14041
28832
26736
4686
45867
10137
975
37406
29042
18321
45601
48642
6888
29489
6062
33811
32054
45843
45573
35206
48513
23193
19280
9982
24881
27178
27707
17589
46507
41512
21783
16453
35732
33912
49647
32583
7554
5110
13946
31879
8153
6095
31002
30204
49489
18713
10641
36370
8754
33830
5804
23481
7356
18476
49093
28671
37246
36347
35433
25165
27313
40823
28741
1005
31335
40964
5076
4299
18193
43339
18588
17529
20187
26595
47004
2328
35079
21594
41784
42059
36413
13702
22727
24886
12160
24679
5053
3875
38323
43380
47955
44906
15322
27316
5338
4551
31952
26288
2239
29093
24999
17211
34465
30709
28124
14351
25487
42783
49685
7732
32190
43375
44709
40228
38041
28485
36613
13142
45840
42946
33511
33263
42314
12360
45889
45730
151
45286
28578
18955
28110
46768
34926
30557
20395
36351
30122
46645
36496
31616
3317
5996
45572
35276
12570
43794
9412
40878
27766
498
43379
11657
42886
15565
13295
47186
1049
47637
48601
25836
10404
7629
46427
16632
3381
36725
43466
32276
42002
9340
28008
28445
43565
26991
41584
15363
36583
11333
41805
15154
33278
3247
19651
416
44083
15591
3316
24776
19805
29569
29259
10384
12062
9621
17151
15269
23905
31507
38768
6661
48845
22020
27145
19675
45751
18599
5288
13575
41742
44385
7408
28942
6291
30706
48557
33095
12805
37773
34205
27754
45251
31819
276
15889
26517
8350
14511
30704
8913
6655
44559
1983
4088
35434
30785
11196
40078
3514
7312
24280
49242
40672
38783
1796
46947
48604
4605
11117
11519
42168
7291
49766
11876
1201
38116
8515
35989
23331
44185
2386
25823
23470
19800
12308
36151
15315
47218
48607
46435
17471
47861
48935
41754
25032
37910
7463
20037
34945
5252
8156
26464
27980
35884
28335
11986
45475
31213
22194
13071
2926
37926
44228
5415
24841
45505
2353
1376
21012
43436
34439
38006
44110
25104
5054
833
24932
31373
27609
35816
21571
37288
29119
32726
12468
24001
31969
35563
45214
38378
26753
32108
3881
32618
29231
33683
17695
15240
44585
30131
24284
7478
38539
39507
23426
34565
21491
43586
46522
21564
18732
35392
37677
1351
22383
7186
29411
9245
13544
32864
37344
48299
25866
31013
16049
46506
14916
23659
10707
44986
2055
38054
1868
42645
35915
45174
32351
22268
6300
9134
30498
26883
27388
7003
6001
13181
27697
44512
6830
38384
6519
43196
1000
36729
38110
39349
23379
18964
28877
39834
23719
23777
24631
15077
6202
3862
47560
18430
47374
23818
8203
8355
11603
19007
35844
18232
18889
37924
15943
19504
16823
7759
29359
48452
12405
29407
39940
48879
18795
42008
49198
4057
38762
24572
10744
28268
49530
8730
35840
21152
8457
11430
27150
41178
39059
49528
20288
2981
47425
16932
27497
27076
21497
15106
7190
37912
30926
5141
11872
23562
33470
5460
10821
34893
16536
13746
14066
5526
12416
3740
15772
33031
26168
43638
34188
46407
25839
13414
38976
35614
40784
14932
15300
28080
43370
48672
22266
34225
15117
26832
46440
27820
39720
35646
16205
26523
38019
31468
13531
28203
10712
45785
9349
29968
33164
15156
44862
14208
48234
41518
42934
73
16945
33272
33695
41525
11035
16530
29882
24230
2244
1524
31687
6588
20308
25315
17967
14260
14735
272
19016
45992
19913
8508
28326
24844
18085
29814
876
41287
11060
44476
2232
25683
36376
47161
3588
35723
7125
14234
11505
16874
4309
3804
37263
24743
27918
18602
24865
15656
12490
6669
36176
25991
19664
45538
24394
49313
38902
40988
16918
37831
31755
49365
30260
42182
45847
23104
43052
37594
44040
1529
25429
15275
14587
40810
21638
15689
31027
26229
25321
44313
37982
17882
11254
41970
19776
43071
11987
3651
26704
29685
31019
14539
46356
46840
19695
2317
11684
40210
26310
32378
8111
45411
42549
35881
18261
29786
22359
27075
37005
23059
44153
8073
32561
35177
26153
3138
6540
19558
23330
5577
22467
15324
13981
9613
16106
26642
42125
43089
18897
45693
1505
30155
8497
18844
34094
26809
36607
14972
18313
46618
15042
6622
39603
47728
17989
32857
41516
4562
32291
42396
39722
37486
35491
16165
17035
5928
27793
22753
28987
28688
13952
28961
7735
5711
19637
37302
21172
18254
18754
14633
22614
28963
36951
41644
39093
17738
32088
17977
30608
558
13174
9753
4324
3000
23386
21709
16189
32359
12561
231
43745
29473
40123
34585
10543
22543
614
26020
44221
43490
48874
30740
44579
21108
13479
23537
38612
49015
12985
6854
2044
22796
14872
43330
39095
25936
7348
30786
45291
7134
7841
19770
38606
20225
49366
7697
34173
28680
215
49579
15262
49731
21887
47688
14758
29639
28939
46892
40434
17884
26424
1029
30317
5300
34632
33135
11163
35554
18989
1870
13739
10123
42911
40227
28812
18132
49972
6533
18446
15448
12738
37942
32148
33373
27023
25964
19262
31765
8976
10476
26858
23155
47063
6905
27363
4265
13090
32957
45122
8474
10416
23508
26930
18400
8809
13439
16725
3370
15406
20043
16188
13337
21609
25102
15854
29718
13668
1094
39444
48395
29563
8175
39096
23899
28275
33123
48366
36881
25771
22977
33115
38091
47371
2607
32612
20515
21710
36360
42993
34208
6354
244
32324
832
26581
30491
26925
10627
32067
33291
30945
45707
11222
8939
8568
10336
41446
33012
16811
49518
2601
10143
41848
14736
97
8259
43888
43354
41303
27921
37481
31555
36144
35345
25681
20871
23063
46425
23237
22065
27884
14525
18110
46603
7834
8003
8060
45512
42739
34410
42335
38651
15201
44508
23609
4470
3761
21780
4693
14538
30184
1058
18112
1874
27089
5059
39424
7973
42341
48464
26439
43899
32585
36937
36275
33829
13298
45887
1855
32804
14649
3266
14554
29552
30969
39422
45310
1423
42642
25905
49758
29638
23802
35168
18395
22561
23200
29338
49208
12757
5450
9449
38988
6683
30005
32897
19224
33628
49453
30667
2227
11452
47424
10535
33892
25095
26637
6248
42842
11019
18287
1468
29061
45629
30842
37539
19200
5927
31215
40631
29781
34093
13325
12131
37610
20170
5906
25425
6563
49516
20461
7385
34019
21658
14190
46490
32810
35931
10892
42117
33701
6592
38914
34956
14282
31647
12597
16214
17625
25256
15282
7192
35561
19884
8206
9648
33243
13038
49870
27085
3905
39933
33849
5479
8378
18454
38350
25371
15436
28764
30484
20861
35651
40004
3851
47083
11572
22663
23140
9235
4262
1448
37752
42435
5281
5938
26200
40632
7318
49030
48830
46
35956
22986
1340
39187
48317
37761
35905
36647
33532
43367
48013
19923
30469
13453
826
25689
3936
20315
38057
3616
21771
22421
42143
45108
32111
47480
42327
32485
19304
2961
9802
44972
4421
42870
42770
39338
38070
38540
3294
45521
30867
46258
45046
12227
12059
35187
12744
37914
11024
47538
37073
18598
13536
8251
29787
1209
24909
1041
20549
30391
49067
47324
22908
1093
10517
517
43903
7984
17560
31481
30776
16043
45859
33773
23428
49117
47603
23459
13309
28625
25485
9128
42079
29192
22108
21998
37602
34780
10502
18880
17681
21334
49285
38761
5064
17601
28531
10111
49295
15307
35257
44633
14803
13653
4298
41017
31551
25008
45032
23012
25177
32782
27132
15815
33963
20346
6122
679
39796
36325
28410
15782
43103
717
42959
47439
25040
41028
20568
19292
36249
45249
15452
34176
35078
2023
12612
39346
15552
15640
32770
29274
278
34916
47263
48157
26880
34388
5993
45517
27616
40636
6971
30196
43697
45869
4978
26392
17476
43005
18275
35741
31607
30174
6037
5521
8662
40772
43158
14057
6553
42779
29252
46759
33240
46163
30200
24566
2499
35084
571
12787
12140
25489
17066
31827
41856
3854
23734
31514
18386
40930
34771
6008
13847
40537
10232
40954
47616
27227
5569
13023
46358
48126
38759
43406
30219
38098
16664
24873
30499
33845
46417
20975
42988
31303
11309
30359
35040
8785
28732
20102
2240
21831
46109
944
30639
8133
43205
36011
23487
9853
13732
24409
92
21034
21690
9174
46387
49013
20591
36513
15310
35302
10337
11280
11796
24758
24787
47791
43549
22785
11947
31150
30392
48746
45612
4464
34874
24625
33002
6677
1815
2641
24536
40995
6013
34621
22596
10741
31230
41916
9944
23641
24578
45187
27176
19176
16075
4535
37349
42875
27578
43077
12746
20158
33723
11814
4809
22154
37769
17986
17481
49391
28826
34427
45865
23191
37070
21496
21711
8451
44366
46542
32794
41511
28175
32175
27783
15441
24237
48474
23268
2209
48154
15398
12689
20806
42302
29788
37624
17406
10916
26655
45900
25774
34377
30656
40224
30043
10824
16164
16724
48996
12836
2517
20780
29633
599
27989
44276
16964
44483
19937
41336
44209
42588
1074
26733
16178
6609
40257
38099
8191
16693
36510
2449
18994
9049
19473
31571
29391
13316
33141
41185
23250
23649
10167
23288
9149
20465
9996
45558
2280
28576
36622
10977
15712
19265
28717
39705
47961
40166
14116
46222
37267
1221
44400
14376
18778
24812
11709
17733
17214
48262
42356
39364
4272
9183
29320
12584
1422
33257
38258
21901
49768
16645
12872
47009
9493
3635
3704
12739
13019
23301
49066
37207
41592
49112
39938
47475
3932
11091
34419
23377
7493
4758
12023
39619
43253
38997
31552
21930
33796
29623
20581
4732
17575
34930
2327
26401
49675
41576
47941
34814
45848
9584
47128
39773
29284
27906
35663
42406
35940
23834
3167
22191
44650
46795
36248
39632
24335
35192
3573
20475
11900
23108
20754
42129
48117
24396
38721
38466
14386
31889
7197
7426
11963
12001
46512
32814
4583
21404
13429
17046
18206
23161
4633
17920
49227
41326
11463
10198
38133
44295
6755
21416
5436
47348
41745
18615
27377
49630
42625
39970
43429
1948
45044
60
14353
12749
49930
7815
32888
13121
25709
7246
22917
20849
44663
20302
9897
40996
9622
40369
8632
40286
40301
42574
39042
29644
33210
37210
40498
10116
44703
23460
1409
46424
1940
9067
19126
39949
14197
18948
42160
23127
40119
21041
42713
43355
370
48100
37085
21083
9536
28310
24178
17960
27714
7096
17094
615
7812
6945
20109
39641
12230
47376
23355
16216
31853
35699
6943
39040
35566
27598
38039
21768
7316
30081
25692
36272
43973
21273
47914
41455
43930
47766
29779
21553
45676
4411
3574
6576
5345
38791
28820
38935
8390
9676
37308
14274
9325
44514
33663
27775
41596
6349
655
15503
37946
37051
32070
31255
16595
43680
2679
27
8126
42061
24022
9630
47548
41487
567
38417
2390
41771
14877
19591
44005
48432
38901
6889
15930
1251
36918
4929
16742
45645
25955
32700
21949
22530
25338
33110
11991
28969
20928
5673
29597
6011
42541
32887
39609
46340
28683
25749
27210
21767
19547
49732
7823
26618
15152
45086
16662
22955
14963
23582
27267
49681
36887
3771
32989
27732
23761
17324
31366
48241
3648
36319
10854
2933
24784
33949
42159
7771
144
9988
34833
23625
19600
11754
15205
14849
7444
10709
2840
4164
39728
12849
46548
41655
18626
4095
39147
24967
16181
27481
29699
49891
27110
44649
12384
25826
38327
30468
32255
34081
10911
19184
20536
14871
3823
6055
13626
5745
26836
40651
18912
40572
34073
42788
39138
11444
39271
7362
25431
49536
21494
24806
13027
26066
11945
32711
37461
14585
10227
19082
35061
38746
28121
19833
6572
41153
28940
4931
30429
6166
14897
8829
4741
7791
21773
1713
42714
5954
9271
16449
21275
10196
5247
8853
47342
34972
43616
9758
2444
46785
24366
33124
35290
49860
20697
6642
42568
41427
36066
37141
42345
19169
14784
4986
238
41737
46887
14241
45285
35146
18467
14732
48865
43055
40844
19522
17353
22593
49792
32701
11847
21498
48953
46105
43785
6227
7981
28954
40110
17048
45469
33747
30289
252
24673
22106
42953
48590
14599
33660
4665
4216
21664
20024
27000
38387
48851
49548
7424
20233
23044
18370
3362
18169
27098
49676
27340
15579
42033
9600
32194
42093
31191
20619
6936
18582
32511
5723
37754
47668
18042
34639
45967
33425
33491
44936
11575
8525
31332
34627
17191
15800
23160
14441
33905
41245
31049
47289
23720
49362
6869
6121
15218
14165
32976
13719
17045
11993
36840
39638
21054
4739
14608
25281
5557
15940
10205
46406
17357
13180
4555
27803
23757
16603
29886
46711
30886
14711
18931
38728
49386
25471
8136
9909
16607
30168
14319
12911
15050
18197
47626
20122
6520
42274
39931
10544
31727
19181
44500
24249
15587
32463
39277
39084
35680
28114
6407
29855
2024
49544
11315
63
4018
5182
1191
49444
44330
33205
32018
47840
38518
4144
38282
45461
41724
13031
7467
32182
32298
19072
16777
38132
20422
47972
36841
21080
14014
1217
37072
4700
15833
39236
36627
10526
15371
12595
7182
6387
26699
1858
42925
1551
17531
13726
31992
41333
22444
26204
37933
43041
9899
4447
2277
7464
43416
47806
34028
31338
37972
24461
32259
30079
20080
37041
3485
15962
3520
34147
17794
37536
29066
8309
32488
21249
23717
13441
35708
39697
13465
630
25561
32149
46452
30981
3025
32812
41149
20340
36322
32859
44884
19563
31179
34907
46322
1793
3465
2250
19499
20935
39421
43474
16627
3943
49367
534
46167
11817
39625
12155
35995
8987
37584
16740
27031
3527
8413
12381
25649
41137
22209
39523
25327
42698
30802
27639
1062
1961
31071
47631
33315
7080
13584
3142
12284
21757
31454
34877
9867
40718
27480
23197
8022
45861
45126
26435
7162
4675
17363
36779
5231
13098
29774
24359
32988
23204
45799
23494
32171
878
17953
341
49628
35927
25230
12021
39781
10777
27325
18311
1188
21900
310
22911
13001
35814
5654
42284
35251
439
15622
2148
30892
1084
15856
41902
7388
31622
32282
44680
1745
19691
42073
14120
17113
29836
44404
26788
42064
47243
7884
11284
28132
15091
41503
17160
11434
17911
42090
18020
9240
17337
23549
22252
12799
45590
29932
18173
24121
37068
14149
33859
12046
25347
24537
45355
35075
41949
16657
1426
45213
16311
16273
383
14582
20873
15742
48767
8332
13708
13949
38648
30922
12609
44509
37936
26069
47211
20451
47971
46975
46421
18052
40523
17653
30880
23485
48350
18976
34624
39442
18656
7951
10625
31043
7720
19256
34152
21925
14256
23584
28130
38877
25119
8669
4118
8151
30388
34804
14415
20450
10478
47288
24224
22296
46553
36633
47228
34759
6527
17756
20339
9192
4753
38462
45691
3165
37175
48103
9734
45660
11408
5748
14679
25876
13737
2606
37808
40217
45009
42547
9620
611
41672
7417
39692
34210
22
37489
21938
6877
21069
17067
46917
1927
2468
16934
15228
29475
14953
28086
39740
17660
9475
13679
163
39257
15929
44335
17126
48580
43369
47883
29235
27129
10923
12092
12437
29343
21096
8202
9204
1152
17547
31200
38248
33463
30151
44771
30489
37211
23856
43983
25164
1534
8077
31370
43188
7023
25308
39250
8564
49106
17916
41621
11846
47318
9841
515
45809
1679
1986
48122
44240
21531
21546
6617
41679
31184
40230
29602
7320
9655
3442
17872
46117
49273
43108
8851
5820
35088
36004
6644
32041
42649
16858
30305
40132
15449
20483
17745
12764
2060
48571
31272
40037
42252
7501
6865
36928
11784
2520
44603
19766
30992
4708
28538
27448
32391
47298
46473
22675
38687
8579
21788
27314
13572
15377
4225
40360
21942
41678
4588
12234
35618
23814
41071
44210
23886
47647
9343
42424
11867
21350
40449
9930
39219
23498
13974
10622
25264
37895
9237
18663
8103
49803
13113
46145
6948
31824
41377
24717
45109
49612
45436
36543
13204
8263
29138
13076
21679
43097
9696
34869
3155
37719
15887
22901
49009
22949
30917
46934
6058
11412
4438
13628
26725
20574
49138
4266
37423
32901
1700
44272
6704
49105
20702
546
6870
36321
42429
12033
132
16842
898
43373
31957
21931
21643
11453
26417
34048
45308
34349
24219
18457
36232
14807
3301
9629
21243
12574
1875
16972
39650
34857
28115
41502
14257
41337
19986
6318
1962
40778
46240
40748
37307
14228
40503
37854
31100
19257
1723
22813
36357
33673
5882
40527
8341
30743
42812
4912
3873
34202
33999
21676
37978
19327
21667
48337
3856
2271
45170
4206
33550
40446
6324
24732
33248
8262
44651
35594
42165
12964
10978
34452
41010
20845
14915
34725
24134
1897
34981
4006
21481
12302
48040
17445
31509
31907
13509
10195
26969
34020
7725
27565
49787
43356
5733
46685
44817
15094
9910
30511
19375
26391
17172
41112
23566
9803
45228
3422
15222
27845
34245
48510
6312
6265
43650
19293
1128
2847
24683
27226
27054
46743
15348
6455
49552
36235
15805
6551
18689
13251
11809
17063
40209
21625
4293
26579
16002
28474
9953
35547
16270
14918
29044
20630
21337
5770
6594
41366
18130
45206
34872
146
36219
2712
33449
15859
24064
46458
12366
46741
38495
6790
4532
25215
35151
42481
32642
39990
30638
23966
17232
43374
19163
24592
13230
29296
19627
45137
6217
20283
42049
11082
2175
38782
17669
21212
43412
28749
17404
43218
16454
9401
48327
38152
6673
35762
27545
41046
46242
41190
38447
20460
32987
36126
17763
18784
37726
12483
32564
34561
32845
26456
3209
37078
9455
38561
37114
5047
37478
7281
8407
10662
40146
21462
6765
21918
7220
6723
4904
49054
19276
45588
33183
43766
34293
4544
47858
48348
1028
12535
46318
24282
29889
45977
18178
49682
26548
22110
17177
18350
37892
33821
37047
852
9320
5666
1895
14303
21792
6079
37340
20889
20237
41495
38025
2938
20004
12134
10508
20762
46214
21816
25892
11898
33441
33656
31016
22666
16883
39374
34510
39624
17166
43079
1576
23571
40277
48739
11565
5992
12151
1035
39962
17398
17704
21547
24113
15578
28793
46874
11967
34339
13582
49315
36474
12028
21554
13610
38773
16953
26299
34564
42673
39657
30729
29778
8308
39121
36553
608
6358
33681
7369
14280
41956
9220
43453
21115
12152
22624
20353
10250
3557
48167
29062
8721
5259
10025
45630
1615
17457
3243
6214
43418
34526
3350
38920
28366
1424
36454
46371
37083
4397
20620
9597
588
36568
19230
7115
6445
32625
12611
15589
48796
22249
37690
47952
4878
5394
39061
46636
17900
40713
42374
149
3665
6392
41025
34961
11414
10152
277
5644
10648
3481
5779
28617
41048
17800
46695
48813
16937
13623
2122
4899
47542
33046
451
36738
43221
30251
38808
19053
43497
42765
33622
30693
3337
34811
32166
19610
27570
18461
46723
38895
45470
47758
3197
1369
13338
45334
9736
24927
21356
29190
2146
29065
43009
23085
47992
48560
5090
14289
6580
28152
7658
47274
23045
38807
10745
18537
16016
34680
45723
19216
18086
11720
40549
9413
43362
2685
3566
20941
18122
39654
15678
32969
26159
34378
25170
29209
44391
26984
45762
45051
10373
18810
46220
22824
3725
47712
34864
36054
13616
11480
33679
28888
47180
30229
14465
37208
38799
40031
40729
18139
41962
28263
6639
29750
22898
30961
24564
11317
28502
36161
44619
16785
4303
30673
40261
6477
27105
11797
41341
32952
8144
48579
32775
14211
30857
21421
2051
37111
17541
5540
39952
43550
31491
21259
4676
15464
48061
17423
13415
37687
15427
31470
38995
18192
7273
27102
34754
42716
7503
37779
24624
44537
29858
6907
19311
39163
38215
6431
35053
20145
40309
24456
13660
30330
14093
42385
38459
26726
37968
42919
38583
41230
49532
40507
2780
21840
13178
12586
16908
39493
15697
48685
13588
35068
41704
29055
382
5308
41594
27287
24030
38591
658
38575
16689
8561
13666
8471
20016
27367
15261
24172
4485
30225
32411
29835
15266
18175
2077
26531
3363
21834
36428
43798
20918
2575
785
7251
28855
28640
17064
30441
36724
1096
46073
48927
37289
18160
8619
47979
32106
31345
8876
28049
907
20807
14210
6770
9217
28301
19359
40947
21602
11901
32829
16433
8427
31135
38003
19486
25642
10023
9572
39500
30697
7265
27484
9195
13025
9291
28884
26211
5449
27865
28122
43126
8076
37921
47753
41696
18131
42952
43675
16872
11419
19893
29793
25394
14601
21146
42973
49107
3367
2726
45323
33643
48323
159
24286
41090
10955
3023
43714
33874
28100
7513
45981
3190
12539
13780
31264
25374
37849
49856
26475
20698
33726
42678
22829
19823
23147
10388
4567
11810
22803
31854
15477
24678
14205
33322
28334
37927
48063
48549
10588
49080
8610
414
17499
47784
29894
43578
3229
25710
40373
27162
37652
38264
25345
31982
17136
13009
14517
6283
8232
1493
7546
18195
17124
35278
46129
11350
47786
33537
8249
21697
40396
2190
7748
30487
14185
38279
30445
37434
47306
13630
18596
3312
2753
16042
36874
49835
14781
31815
6226
16362
19710
4835
22888
24657
38890
28701
16804
44436
24203
29540
44309
46413
20898
38191
11445
37798
4553
9792
27257
28323
40452
18051
49534
14643
34881
16990
45975
4151
22567
9269
43728
34417
39862
47260
18326
13005
36375
11756
22258
35891
49674
23177
44966
18437
17567
39089
27365
19476
15090
38383
16236
46902
5469
38123
28890
1922
8227
21950
9644
46233
21870
34574
41654
25592
40853
11914
44782
22353
18081
48688
25666
9121
3860
24236
23052
1290
2452
28364
6273
11649
42081
14686
27081
9238
9677
45963
13744
27704
26256
33512
20174
24451
13489
28432
36794
34939
47183
24721
28631
23251
30118
26772
1147
40839
12118
9601
13417
39013
9253
27346
12534
5382
10606
38405
4480
19759
35835
23686
12144
26666
30172
25277
24147
20621
2796
40660
21541
42378
4194
3407
3726
10002
17758
10939
49484
2995
6995
25806
31395
37098
13834
44803
26382
36958
22336
7538
36609
41262
38608
29085
48043
33260
38578
24664
17961
30206
40842
34545
6218
47554
27542
4092
722
27127
7237
42735
29603
5287
40260
40869
46860
855
16257
33406
22030
38206
46904
8247
29990
8796
6957
22365
32201
12096
4959
22428
13313
42913
3053
27131
36262
10857
38981
20766
21678
5044
41741
23505
14749
16020
45667
25318
21747
20857
303
17325
24823
8597
34689
13875
16114
356
45309
49337
16667
22590
28597
20331
20564
12862
36736
43304
9595
250
17215
6194
48697
36043
7820
14071
43880
43321
1652
16267
37401
31733
12345
31270
7957
5499
23370
30399
34928
541
29016
47201
17557
44964
3526
5286
12877
17199
39118
45149
35820
42285
28261
46769
14762
40070
9462
9247
45508
7926
26226
11911
40687
1390
4249
6470
42555
38523
37352
41329
4917
45379
49129
3861
436
10041
29273
16137
32649
18840
49827
18359
41467
29967
18433
26004
37485
7498
10305
11243
8058
10822
7642
10333
7490
24836
1887
29906
767
29518
10005
42487
17957
43402
7094
34042
8130
33843
39815
45409
1393
7015
37286
31339
44809
39298
5284
19094
29574
15847
12137
8342
28504
41271
11002
8334
10188
10773
45928
22460
42824
10329
36793
33712
26743
20822
2391
21209
39694
33372
49761
7679
1403
5484
10959
46171
8114
4114
21527
17146
15113
45528
4973
39568
23028
22881
48817
34749
37487
16634
3889
28398
41385
31935
23948
2898
42092
44369
18509
15276
14269
44388
48139
28317
14422
44296
4044
41126
25512
21298
12690
36053
36631
48711
19330
34836
28759
3538
45979
30988
12682
32052
8048
41335
29684
26432
31155
6141
7859
7958
9308
34107
2656
31631
46726
17667
37444
9565
20291
33398
31276
1843
3817
17576
38050
15368
5605
45988
46582
28845
12916
14091
33456
19028
19927
13324
28968
46721
39582
10393
30830
18865
43324
4789
23819
26762
17813
2501
35021
12632
9378
16928
32616
3133
22511
35951
3100
49269
43178
24870
15295
33172
14065
14420
2062
4607
15845
10677
11029
9906
13198
7488
22721
28377
15163
44674
11396
19264
4424
16601
36750
11011
2620
7276
25574
6608
24913
28616
143
24125
43471
33423
5640
10190
25910
26672
29931
24292
48960
22163
19532
39460
11478
5359
21804
27189
3987
49616
46147
49172
49353
33630
38805
31805
7788
11543
48802
45850
45006
2219
31097
11458
47033
37285
41392
11921
45121
35481
9609
40048
4430
24297
25120
11469
42882
35319
32959
44006
9031
31737
44119
6082
28537
30188
32577
19594
15270
28251
5077
5321
9772
31919
19346
12747
22660
33363
26266
6060
3535
34158
1885
17299
9859
44505
45048
30293
2504
12496
5055
5713
43488
19478
35730
5789
44178
5525
36057
33186
46712
20607
19692
47838
40789
43508
42150
2852
4314
17044
42509
35106
10637
27951
37044
28944
36061
19272
23315
11633
38909
18172
28164
29304
23270
28587
3961
38332
37404
18850
49600
24160
41493
42311
18757
10582
12397
48071
40291
40320
35999
29421
16648
43563
31508
1362
45973
8493
9249
7072
40484
8013
5716
45339
23674
22153
28420
11729
16483
32349
40587
41573
7910
39141
39142
7703
10980
25299
16239
1218
13452
22182
21365
20533
40107
11099
8215
290
40969
33514
42699
30027
48625
35642
27595
23579
48493
25805
34745
31238
32158
36664
45965
24688
33066
35310
22621
47484
31292
26818
28809
30715
23457
16758
396
46364
1822
49108
45068
30592
49640
32917
3954
43570
28754
39116
6641
1633
45644
29193
35167
5905
49181
10823
23150
49609
47429
2582
29464
2956
42862
23306
39354
48561
16745
31471
12878
18832
33008
31379
34395
3975
33942
35019
4369
26477
40691
35152
42322
12686
48002
46442
38060
45373
30111
21983
23731
25415
12670
35745
46091
46350
17861
27500
21116
29236
12560
35625
8609
15561
23955
21143
43868
15390
38933
33188
36765
44517
12167
16012
18004
7717
27902
12394
45998
14494
13586
47064
9011
45136
45860
36858
39128
21022
44308
37293
5124
7483
14632
48430
7477
42939
26879
12079
47655
15111
29846
3640
16482
5973
16126
39518
49814
11666
21031
31994
46320
26662
41625
25143
12176
3401
49633
2496
27686
54
32451
38932
4905
29506
47339
3827
19295
48472
47294
4681
17366
24917
12829
33218
2855
15630
23787
3330
1428
6466
39334
26302
26351
28872
29637
449
1926
45400
38112
14743
17195
27655
35690
24654
28837
34795
32780
3386
16484
26939
31248
7845
38954
9453
16108
28685
29476
9561
12969
7595
24220
12622
21545
504
18937
13913
15119
32579
2393
49713
38424
42305
29112
8282
7654
47441
42363
12620
46438
36630
1462
10628
5585
11535
12979
49708
41675
25243
29120
30546
49802
6152
6676
45191
31671
27879
8113
18127
41082
6026
47485
15979
1308
28599
40005
419
27599
34984
43249
28512
9411
21899
7345
6882
22932
24629
46357
42823
66
49345
11630
30175
43937
44146
33964
16547
18856
2343
17760
4629
28635
15318
40188
42161
29863
35185
4467
35885
15952
46996
7709
1050
34862
47621
2944
33898
6278
18731
9973
45728
29789
35060
6725
35408
16925
32025
25082
44726
31970
47678
4231
33014
1916
37120
34479
30075
22760
28085
21729
8912
33742
44868
29076
8446
39266
38358
15214
4843
14069
35681
30241
16618
44033
4911
17135
19967
25775
19267
39866
31141
30036
24990
44928
47652
48301
13700
11819
45598
38710
44321
32146
25407
5726
35847
41855
35602
48655
5979
4833
33613
3378
11805
31591
49225
21988
7729
36288
33202
17311
20912
11359
2994
3933
32548
44523
7964
6918
8716
2033
34393
11964
13006
34851
29243
14920
32684
9889
37305
22398
12415
25201
22974
13755
1704
30379
47879
21032
44699
3291
3373
6537
17390
47417
25171
15364
4859
42559
43792
42986
29857
29706
36355
23792
41666
49005
26989
48210
4038
23057
28881
20811
39194
6586
24141
9372
7195
22938
13472
13078
45643
10498
364
27926
44572
10059
15696
4889
23409
19818
5303
26184
11063
33878
10501
23041
37109
19026
48706
48313
7215
888
1090
30627
31047
13594
16219
28613
35889
1293
12717
29069
15168
25010
20625
31925
46989
15562
40883
32518
49781
19743
11472
43640
11748
16313
41413
17577
14936
37400
42624
15904
11498
43617
10858
47412
25682
21790
7136
28469
37236
5929
14809
25147
14043
36008
34178
39101
5976
24176
22012
100
2315
32285
28690
40647
13015
43493
41411
28642
21963
24055
14964
9243
11857
11343
22103
34873
2909
4419
30358
8983
28312
19903
9713
45951
3203
25002
13724
5097
44730
9913
33271
22222
224
45484
26782
6529
8469
18680
34211
35624
41232
25226
12807
2738
44877
33814
2756
44334
36670
9527
36505
43274
41040
12083
14530
6879
5900
48588
39190
22212
48351
48584
33704
9095
7143
7701
43935
47782
889
1554
40147
21102
46872
17550
5687
47512
41690
39409
19944
41327
35942
38873
2888
39797
1324
35597
48500
10314
24850
29756
8482
17668
30282
19333
42855
33167
37937
21068
31348
20553
11479
44358
5935
39192
44978
27173
16200
40997
46780
48185
21845
10018
45600
24740
26232
4779
24500
6311
13156
1869
45621
25937
15509
12636
10833
16659
45290
18466
25221
40791
43944
26097
10095
33265
46982
19107
2902
23618
7274
35113
31584
42163
38311
15145
39715
16093
10145
39189
19308
43751
36390
18483
47082
24474
38550
46504
21724
27875
7358
35367
28333
39716
35117
49991
1537
48589
1504
19863
28235
33482
49783
13620
18150
9908
19500
14204
28148
1623
32497
43394
32425
4886
39968
20726
34520
37975
28988
37814
19523
31036
30442
29171
47278
14395
255
35478
48788
33528
34295
49843
39002
30301
2222
14672
31985
22407
32690
17269
8523
47107
18367
41035
46999
35757
7825
36040
23651
42828
21524
14646
12295
14885
20010
31354
5137
5576
41748
45234
46467
40090
10108
25246
36166
16931
40390
26763
19100
27914
27299
30575
38867
17913
34155
26945
14569
2342
6473
8024
20855
29188
24410
49977
934
8909
18547
1930
28077
20757
46862
18108
3078
41348
47900
2727
38872
18299
36665
29782
46450
16515
46019
41915
47207
2001
3806
59
31050
37900
32312
34868
3718
29700
44871
35391
17587
33519
7997
11573
12493
22305
38951
14141
16738
16905
30916
11427
19552
32214
1688
45724
30895
18887
48379
40613
49524
20813
6678
1044
15242
19801
38368
40827
26973
26134
6054
39151
30839
41142
31188
15679
41921
34056
25086
37213
38658
18606
2674
16207
25690
7088
1281
47675
43045
40785
22498
47317
14620
48460
33161
6410
2071
7956
11936
25503
8348
46040
9824
43980
46025
6251
45189
45997
15357
17022
26677
29420
32122
2143
14484
48738
33983
32709
35086
30872
10798
5769
46861
21586
37269
23611
6279
35097
32499
36499
43776
16602
32413
11658
2473
48405
43957
5582
1797
11051
29491
45509
23358
11374
49150
11173
43287
36780
27001
41990
32781
11913
27037
16243
8267
16399
24367
21584
28751
34199
42613
46065
22541
1164
38314
44752
1491
38395
10486
29673
41624
44857
8102
47282
7299
43698
24504
11321
46632
33221
37409
1776
5609
22497
13669
3810
1612
41319
23843
24948
46888
4971
11261
21789
15209
3104
30768
37303
28689
623
26428
45665
1709
11347
39964
12537
22544
7275
20509
41009
5007
45934
42106
48367
1914
4842
46306
6304
21325
42270
18692
43921
33935
42407
34935
15519
27577
8750
28541
31560
9510
20738
9666
48227
36483
10437
19324
28925
31261
43028
8966
494
21568
35626
15893
22963
19744
18814
41050
49233
4084
9146
29428
45245
41239
13199
32862
19817
32839
3406
15226
49734
20886
6268
39105
4792
25870
33578
39977
33535
29677
6864
29989
22218
32576
43842
2085
48784
10254
5690
15490
28472
32331
15976
24106
1782
288
14968
41810
8032
24878
36183
23203
11621
11072
34826
41693
38617
6240
5401
43694
30518
1607
27809
46827
40276
25287
21307
47792
11224
34820
24949
30924
30024
26270
15924
42767
16890
13347
37477
13074
23923
8713
40015
42204
4667
24350
22019
22810
32395
25403
32889
8135
41699
12726
11866
1410
29767
23992
21797
39608
45010
9441
4082
34313
550
12447
25091
26179
15102
18942
43653
9529
47709
31640
48653
13944
2457
16005
31114
20669
6890
34045
15456
13811
36662
4960
41453
4822
1139
47776
43290
6980
47701
46281
33989
28392
41765
36581
23388
5650
11883
47569
1812
26907
7473
24694
21858
23503
26396
36359
25932
35781
16197
7933
43341
11249
44472
5034
5152
23838
32328
42830
35156
48535
16545
12830
47092
38012
24647
46210
11425
13943
16749
18995
35323
5718
39206
10934
44372
5530
3878
31216
22003
18054
42581
1880
44283
3773
30407
33526
43507
48866
34008
295
29877
9813
8318
12250
12402
3939
47702
20380
11160
18646
42091
33208
1345
48205
12571
21460
34580
19638
24579
35428
36448
49656
41193
49646
5627
21508
11215
3982
22088
32357
49929
43736
26048
37777
19908
42634
36443
25015
23242
26024
14445
48783
27239
14942
22906
34657
18684
9964
21846
20484
25619
23815
4537
35971
10164
34698
33539
41969
31690
14126
1282
41857
17720
13012
46863
17886
22477
18272
34247
10700
9840
24795
38780
11779
6014
68
46032
14472
41422
620
9311
27301
26395
43135
4490
24838
10288
27794
39782
48495
2451
32766
8176
34135
16173
42309
32858
32848
47505
14578
8361
49512
10843
25416
30394
6960
28583
15518
4930
42181
5944
8252
24189
13868
11300
4983
1740
27209
4067
24623
42494
26960
17814
30237
28434
1639
29233
23637
15155
48917
28982
25219
38635
26556
5040
43948
15848
5289
47949
26856
5826
47368
23924
32605
37817
1458
37216
33749
22952
21050
45628
14248
9718
36238
18812
33581
43222
10216
8695
11090
41061
32972
14309
22396
21523
4945
12626
45256
39499
12695
38868
48135
14316
16434
32768
49292
16802
39292
8253
27620
31252
23826
40086
30368
25838
24509
11266
13105
34937
46090
13159
43734
23372
34866
22199
21754
17750
44723
33833
5947
43153
11387
19828
17807
29773
11085
6236
14281
34123
12291
47001
40041
25004
45541
11744
14007
20774
44814
32801
12838
31669
12105
40007
19449
19086
14448
13794
31963
3590
38237
6846
34604
44216
5294
12581
12771
38693
30116
34933
11777
14327
43993
39060
13053
48214
33451
16778
13212
32467
9190
13057
24796
36726
48280
30328
47142
37842
9532
10881
8677
46269
44515
42695
22811
2297
8760
27922
44367
49055
37793
34326
480
21390
12161
33559
16010
27787
21944
46000
30031
9851
26886
44182
16265
17849
43419
26501
11128
7708
23393
30197
25141
8578
8930
26462
14857
35358
10912
16731
24753
29921
45342
23458
28785
29108
12701
27541
22959
36776
47811
35982
12815
25064
20974
44279
39531
16299
45233
45281
34971
32494
36554
7050
2875
35227
5829
2630
17944
26594
43046
721
29336
23653
8467
49428
11431
6281
19869
23111
21089
33824
41922
8184
28157
19719
316
11394
41087
26747
16885
36030
38362
9257
48774
2857
14086
7939
38655
17717
21518
25944
39976
6629
46390
9058
7665
49688
6699
4256
39285
39485
37482
6406
13375
25969
3998
40403
46899
35311
33804
27972
44899
26750
21895
8907
37655
23166
14925
41135
29163
22761
8989
48248
39412
22435
43805
12149
16943
6329
27887
16405
16921
7124
25183
47401
33001
35172
7416
33815
43023
41334
28595
33812
4148
9077
41604
27086
49174
41289
20404
38723
25571
46219
23322
1194
3866
5005
1727
46098
15868
33766
13044
44190
31497
47106
25793
49865
7261
27384
18574
22863
37621
927
6348
8629
29128
41649
10711
31415
38673
46056
48990
25786
12705
9342
35116
45640
37957
19442
49866
11361
22156
3887
34863
12880
25828
43211
43585
38013
11530
43267
40045
34120
13222
40215
48923
18034
25547
46565
7307
13382
42210
26806
14589
32865
37132
42282
35701
16370
4129
4946
36956
34514
4561
45175
48671
11500
32560
289
17315
19394
48603
25536
23472
41652
49497
4764
12106
42646
14663
46009
7677
12275
40105
18163
42991
45045
37179
12469
48276
38005
26374
25079
15455
33415
29654
49031
49932
6722
42820
7149
48466
37353
1606
6036
48842
43600
30634
15673
15621
22195
43651
12148
22622
48309
23482
15007
44676
9232
3981
19804
34317
15761
20258
46444
20498
21312
43671
16261
39725
23927
3949
42615
49837
11718
7949
22385
49028
23418
40482
6274
29208
11741
26866
8080
21163
9509
44932
4573
11488
36996
15905
6221
13650
19852
16224
30408
49510
45401
11113
11153
25560
15691
32074
22479
40014
44227
4611
27840
13034
29714
38461
11016
15608
49624
49460
41813
48987
35542
48496
8842
26767
22035
31467
34879
55
28173
26007
29687
14162
14082
46665
12770
44678
46516
7491
35855
26463
34601
21883
48060
8148
46681
5249
17392
8030
36557
14831
33700
16743
16788
38035
6010
13674
44477
21332
49559
14421
20163
32657
8236
12214
8548
24427
42085
1590
22082
36208
41491
25695
22599
28775
49978
10663
19441
9627
7504
31790
33374
29276
45820
29999
4449
39736
44886
44135
22064
11588
9874
10186
12347
15692
39784
16401
38816
46985
22330
32986
29991
37118
46099
47708
26722
13699
40834
31082
12452
23612
4645
27658
18331
44234
25988
38377
39086
7929
43664
43271
16312
40104
8582
36786
42451
26793
13662
45431
22731
20719
17068
10249
17039
43137
20224
10403
20489
38625
27045
15989
13507
28619
12361
14022
36878
41728
17402
13889
11858
45167
19454
37783
15639
18946
10876
29738
40683
15702
40476
2458
4727
12976
6603
1277
30731
3267
23165
13449
28471
32555
40310
42669
17899
26136
34757
36015
41554
37279
12953
20284
9943
31933
117
47587
47515
14768
1417
28958
30068
5311
8997
32314
4866
34036
3219
15190
25801
36114
30614
47946
38864
27945
23184
48044
46760
32742
20242
14075
25616
28708
44504
23378
31304
32484
7150
4668
1878
35704
39817
38734
37708
9665
14251
32487
25572
34723
40029
40749
1988
37863
28646
29827
33982
35726
856
3904
34192
36050
34195
3491
9126
16759
145
3791
15592
34226
35522
28246
20318
8820
38386
10925
29116
28112
1710
36309
25847
6597
43074
16954
45797
24088
26920
44226
42202
34610
24648
17865
49339
32993
19866
4
21109
25465
9798
45736
20649
24649
17452
45939
41515
45313
30045
42136
27703
17629
32072
31083
29453
24778
34380
26450
30719
33331
12753
29170
10083
19529
28462
10717
49652
41997
10343
46661
17121
11159
27573
14305
32159
25906
25409
20317
10879
41522
23542
21311
30336
18016
8106
20799
47958
44252
3305
44754
29762
28239
19745
29168
17710
37785
17739
4274
47027
8593
31186
31207
43540
24800
22439
20040
21802
49364
34676
48931
24658
33619
1561
11794
25515
48781
45478
30366
48085
36632
13419
26206
25096
45445
27197
16521
1099
43710
37238
20576
26142
41300
3001
47978
30596
31657
1818
46329
33386
26236
32628
19157
3653
10138
35299
49777
17509
28329
18653
26389
9353
19253
28990
709
31978
29998
8522
37374
10094
17701
40571
30212
43141
19902
42461
44945
36869
14850
28291
12737
21309
33551
12189
32582
25029
9564
41494
41328
17365
1212
4149
26
32506
2576
39709
27373
18725
25785
14402
40248
36521
22674
44275
18011
29675
31953
25654
17300
44426
49388
6042
41619
39186
41222
39540
601
34882
659
27538
40088
3
42684
49239
6801
31753
5913
21516
45360
46399
41488
20920
12358
16077
11775
37043
33239
40313
9662
20528
44266
19228
46566
11460
7585
33138
37709
6507
16672
25232
4993
23865
20246
6125
2531
25304
24384
3553
43812
41602
248
37564
1339
23841
13442
11341
11783
37668
21915
26354
43954
44379
42996
5912
27733
26631
18196
13147
45465
13589
13504
5206
47828
37716
43142
45803
1101
25528
2139
48020
21927
31369
41836
5563
15419
4168
2592
33740
9566
42151
18184
35759
22371
1553
29402
26032
45396
25822
5454
20749
2883
47067
13192
23205
44208
34769
41069
48011
13917
31922
15130
25524
26552
23435
13137
24872
46597
49424
37333
11237
32905
9329
16904
36185
46510
24441
42228
20356
35234
31583
15878
1509
46788
28898
18524
1047
43628
23600
16605
48541
47640
34236
18932
14791
1550
42632
37331
48828
20640
14946
26416
40167
27726
28876
16071
32664
19123
45836
45937
14105
38714
42894
26050
22347
44021
12172
40805
39397
22000
17459
2622
36323
46279
8466
6045
35137
23326
14183
18416
47226
33075
35922
33571
28290
26413
10331
21791
26272
44290
41054
46307
6827
336
45574
9632
49258
13367
14694
7056
13673
41984
22730
523
12010
19861
29838
31352
20992
4781
13566
20814
35263
8220
11593
49278
44047
12285
561
34390
994
48112
26485
46155
37963
48394
18068
11801
29445
26138
42800
14939
49284
39440
34807
48761
4222
44403
79
16061
35073
7366
43073
49369
4838
47501
24521
48272
44672
14559
23209
48206
22115
40679
2075
16039
21440
31826
6736
39524
4526
23614
9881
12554
5229
24090
36252
36218
43061
4474
29105
41081
19329
25764
21207
17465
2775
13633
2522
31975
20596
352
6695
7145
38167
48609
46039
25998
13916
27605
10021
25420
20141
28302
17819
11773
28129
40129
27111
32470
49058
5884
31801
20744
5426
25564
6340
9921
16822
43946
5705
34504
11769
28475
22377
25306
19260
48319
27682
34531
43663
36810
19468
41288
4051
36714
10147
27647
28378
8445
10791
32218
16014
48991
13362
36337
17664
39072
8573
2708
14171
7604
11733
335
37738
27782
44387
8845
38118
37057
9817
23106
48169
30396
16486
3264
43422
32683
4677
8107
7553
15171
32940
45677
27848
5766
47210
26855
45172
41122
11187
34473
152
36848
25612
49470
35506
24355
12918
5045
8139
19824
39644
8480
3604
32192
49741
49186
41890
20021
21583
30630
7633
27138
4066
16446
46272
38694
47706
44452
41384
34731
44278
45515
26585
48992
43194
1068
38322
17612
18079
41671
1780
11823
10816
34883
48115
26419
45511
47962
34525
28980
29447
30384
2316
13164
41140
31708
11940
21
18794
5468
20546
4087
25443
17649
29245
37488
26037
26336
22629
22264
4181
38389
17896
27610
18029
40030
12444
28444
29888
24444
13872
36181
23587
19812
29472
49697
17871
21548
25154
48952
2284
25342
7944
16287
29074
7495
20790
31837
8383
21585
42790
40075
45324
10097
35110
42029
6734
44096
24336
13501
13764
19749
16544
40790
26400
28435
38069
40046
42760
23234
703
32084
13955
4240
35442
30582
43047
26053
10703
19175
38211
25879
29947
48284
39877
33327
8639
47789
42184
2428
20905
43765
37031
5492
12601
26072
1320
37882
10209
28230
26095
12559
24650
4407
8055
44758
26862
40582
23713
49677
27634
14150
44448
23040
5380
2696
16721
33296
8479
507
27398
36509
6222
40887
27254
47491
6925
18043
45534
29755
32390
22434
6162
43895
121
16036
4187
43262
16332
39733
2700
35843
39584
37585
15560
49952
47051
33232
30378
610
20639
21324
31205
11422
14853
27413
18742
1357
10270
48719
20106
28746
31860
13855
12102
27925
42171
1311
27567
26084
10126
37332
38293
7379
32802
15566
8836
4452
47559
43359
10379
49020
2675
41051
8250
15820
23387
27337
46469
2216
48715
48916
23385
11332
43716
50
27735
26508
14816
14515
27217
17703
32823
38765
46338
8622
17217
35700
2298
35417
39569
4076
11285
43217
46288
17964
45754
9403
2439
14367
12552
37869
22193
38267
12939
10304
4159
29332
18808
18410
16748
21681
31449
26281
34982
31290
31394
28628
32504
2029
17786
804
7147
14076
24239
49533
28125
18098
40016
5688
34519
12734
4750
40408
5341
42502
8765
13766
48419
39433
8442
13687
37899
21024
31154
33854
37704
49056
49467
17472
1404
10540
38841
17992
14826
31176
17451
39530
47199
9440
34154
42107
47026
16710
30217
10460
47665
4329
12941
44568
17591
35996
11604
6785
39664
29941
38095
28099
40150
24031
34450
49411
5580
44866
31359
24208
15770
14384
45388
4541
35333
21827
19285
43206
6601
38680
15296
47991
19577
19074
30064
16156
28385
39927
6634
29388
26544
40350
6287
28883
4704
18046
32748
11395
31504
36326
12558
35432
21917
38831
45812
20877
35495
47000
30737
46782
28807
2940
32417
35454
46537
15067
1891
37800
2579
29257
45924
45585
10624
10382
42626
37011
6898
9694
40435
9162
41757
40534
24982
48948
18297
3144
34025
11245
45080
24938
12820
13933
13600
40335
14994
6569
1853
34143
35179
42969
18315
43843
13640
31314
27711
36297
15022
30549
38800
14726
23640
34105
16226
47191
49819
23415
37439
36358
44800
13437
36791
18747
21363
34458
3384
34761
35605
32551
23037
42116
1374
19066
26744
23743
38840
9333
48826
35052
7527
22487
30026
21514
21461
15139
23507
5830
7309
45344
45300
32894
48408
24489
6833
12760
41978
27908
2128
35221
40480
20205
175
16242
12656
45004
3169
41588
34348
11871
4248
431
31606
19969
21672
1213
49135
2645
49774
20701
10723
25081
2430
2774
44267
42317
48918
29509
926
16926
8533
28709
43254
45681
12675
2581
19772
2666
14981
23613
38172
12019
2257
13886
18970
42263
24192
42009
23698
43084
31094
21647
10204
5163
18061
203
42863
7487
2735
32886
47019
34257
3002
39595
6034
14310
47196
49737
46836
35273
13743
31472
6927
47951
16393
34069
21741
9628
6970
48102
35555
18977
47234
24043
43063
16784
31257
4748
30964
8017
4622
23328
11547
8179
14993
17940
49469
2319
25129
11277
5887
48975
36087
38978
48618
18335
9847
42361
26210
41686
10982
11295
29710
5730
16001
37366
46837
10458
8150
11276
28950
3628
34634
34254
34096
19753
3674
43044
9618
20134
27623
23395
11092
1600
47658
37577
7404
14500
43856
7110
33453
4752
10031
32064
22925
4055
27464
10765
32439
20084
14562
2334
42992
3246
41795
49788
45606
2000
3273
43066
9019
7206
19139
18290
30262
13473
49974
21752
22389
27540
17699
10814
19748
10397
40222
13348
10008
45524
42681
2290
32964
15416
14113
30223
40231
19362
10234
16174
2387
22790
26390
18556
31084
150
43858
43722
17888
26576
45220
37045
37582
47116
29720
19459
14856
18266
48070
10377
15834
35689
40545
28802
48690
24596
11689
28573
6498
4050
39564
49245
17228
28359
45922
17574
1187
14338
44554
11210
5228
5863
26154
46209
3103
47359
44961
25339
30707
13103
35652
26599
8399
13987
21013
24323
49094
40641
11281
9395
46866
40877
39453
42958
44363
48320
2750
31128
14102
27172
25745
42635
36530
49276
13346
17816
1826
16525
49960
13182
15281
34467
12030
32719
10287
18738
24289
25067
33293
36216
48734
19906
48267
47419
6697
33477
10306
37904
30955
16820
39293
29008
27423
13093
24707
29399
24662
19684
25807
11681
974
28108
19703
37897
3152
30367
22363
805
35197
28170
49041
4531
27147
3416
40546
26347
22817
10088
25366
42057
44645
3768
137
4120
34799
7879
46445
1862
16253
1065
22552
38823
46270
17854
39618
48057
2003
49495
296
4481
35378
44880
37574
37781
36398
34078
2781
26710
17620
46757
43940
13747
2999
24389
13538
2322
32705
190
8664
15827
39794
45252
43830
45377
105
9113
13444
14247
37074
23043
44791
14196
26147
47965
34263
12818
24861
533
42596
33213
3536
27216
29398
5549
1602
32662
7925
46330
6542
5050
21814
15020
20687
13527
33105
6737
8897
21704
45385
1544
46215
24
4104
11730
47867
31781
38048
46023
48769
42580
31115
17507
48890
15383
31685
23853
35095
36540
320
36569
29957
42170
16264
8812
30321
21902
13080
35352
7616
3884
42289
35266
22448
29742
37702
19832
5797
17769
28772
32860
41901
26101
32817
9700
12093
33934
27829
38698
2408
23621
31076
8381
29571
34063
9469
48822
40845
37760
30797
24206
17313
10617
34190
23545
3213
28591
46580
45383
48220
32732
49224
31813
5393
21270
13165
14335
18318
41553
39560
34095
4701
17831
41989
4273
39627
13364
32068
9568
38432
11874
33081
10169
38197
19188
14369
31532
17142
21228
7936
17489
7960
14147
17799
18986
48254
22518
14701
22420
20243
47043
21343
14875
33873
46690
20709
44415
102
16380
22215
38599
17437
34244
49752
48566
47763
8924
18337
41684
20415
46102
42545
27056
45435
44979
10193
24832
6990
7402
37077
28156
45872
22302
25490
32505
31839
36954
3341
47436
42437
32938
49993
32752
10370
49542
7346
34196
4003
26118
25933
34751
32000
94
2220
46170
41640
30271
22107
47589
34558
38993
35000
33781
14391
21740
5220
34575
2503
14518
6072
31527
16995
46777
39830
29244
9577
23801
46783
26254
6429
21838
7102
15826
37875
4737
38287
20209
7813
24188
15913
20096
49580
20714
27882
9420
37659
11672
30466
2379
307
20505
3205
45984
894
9362
7087
29584
5634
40100
46477
26219
24682
2111
36652
5092
21011
41723
19250
28119
22994
13820
9877
9458
43452
11001
5732
7441
43068
4801
2281
8722
37212
46478
42036
11537
43648
33548
26094
329
25146
2695
16665
15600
44915
39476
42399
7479
38078
40199
39341
39556
35245
46605
35539
8595
45696
45085
13887
32892
40035
39452
20464
40800
9567
18921
5217
47901
36676
3947
44012
42058
15771
38593
49564
34602
40898
36173
4103
41889
15292
3503
45369
2523
45034
45503
28964
47769
22816
47977
45331
3705
47697
26216
28248
26854
13998
4192
2156
24879
33358
45651
39337
9854
44315
5204
37657
4326
43802
31480
1332
48775
44833
24317
32234
23266
21119
1434
20157
15009
11400
1755
22850
27705
43212
47624
20781
41472
3215
34827
37093
4578
1956
5078
34131
33032
34571
20850
29594
47223
17840
8354
22700
18969
44142
3845
25077
9502
4865
27475
38456
15548
6220
40384
40414
36459
6847
27813
22094
40804
28269
21007
11506
3047
27369
9852
21665
16309
4431
37049
16095
18834
10932
27463
17702
38576
25391
6040
32284
6456
18743
6949
21808
1053
44919
19654
33715
3319
32966
33973
42383
7437
19845
16581
17563
30327
36281
38183
44340
24610
12484
9507
27219
49311
403
16625
27630
19185
8155
11098
18047
1371
38195
45031
32177
5980
23780
49592
7236
39504
3224
46498
49338
13007
14428
15632
44985
35307
8857
47561
5699
18064
34239
34219
17852
15301
32207
3555
18412
35919
12077
18453
39860
46311
47994
29458
11087
6351
28567
17624
40380
40655
20933
39025
16666
37427
13043
17042
24915
10233
6923
6309
34885
22616
12665
14012
37351
40098
44927
30600
35059
29096
12762
13010
35920
3016
28946
6352
5257
19236
12251
18293
46465
37018
26821
30978
8628
46624
12135
30173
48635
6189
1518
27962
39574
23523
44551
19968
37306
44165
6182
3901
48193
38628
48577
1593
31159
41109
48453
13595
44498
1472
29482
42525
9491
46317
48722
9129
39328
23088
22876
42693
14000
37519
21646
16124
35127
32877
17513
3240
17646
47987
18934
25298
48735
12352
33525
1071
45421
425
12669
8766
42219
19366
31068
37325
20629
41433
32730
29792
45635
45497
9230
14097
40923
34817
34342
7634
36317
43652
36380
12051
18028
47311
34490
13457
5662
26454
8823
26212
9334
25981
740
39326
43136
49701
46767
3643
2069
27233
26459
10131
32994
43797
130
40336
48056
2170
48976
20479
48598
133
34841
20550
35573
43229
3663
18305
7126
7785
5369
47175
31495
29731
30234
25713
3164
16754
2109
6437
26890
32826
30171
16167
26673
8026
34217
13410
18501
29870
14042
5696
19827
19010
45450
32105
27437
17546
46511
24440
18240
1774
29015
30903
43177
47607
37266
23737
3102
11211
27043
24251
4817
4479
21374
6269
5379
22874
33795
36798
14222
46926
31280
39199
39183
18442
13658
45578
25555
10817
34550
32327
23940
5923
1918
29237
32533
17069
13897
29617
708
29891
42262
3168
32856
22780
34114
32386
43201
29242
3250
47801
42195
1794
20437
17522
22208
1668
12368
14795
33621
38903
1261
47224
4935
27723
6561
4185
12195
8737
32304
18875
49889
47479
34905
31090
21351
16212
40600
14555
24643
8627
29988
46932
49793
49410
43838
1452
49585
12930
46324
46059
11066
2597
14687
32601
25724
4589
19718
23314
6330
35558
44690
7516
31401
27757
9182
20858
4341
34363
45203
14157
23228
26565
47771
39774
46528
15180
36667
21590
37470
8553
9754
43308
33052
42552
47013
31372
14356
38479
6740
37866
39001
48883
21154
14115
41463
42858
31521
7917
23369
18766
17712
5849
49538
12855
16520
3461
2992
8782
36805
36807
39237
15110
22748
30316
48360
26701
11403
365
11061
8854
17709
35430
18109
39992
40302
48556
9144
11953
43505
37898
14976
45699
22895
48522
15990
4824
16944
28891
7844
22317
6168
19429
16593
7899
47284
48446
40410
9882
44261
11832
23119
24385
26317
34508
48521
36836
33650
5003
7932
18662
31330
10263
27666
22643
18917
27996
42553
16100
23531
49604
11525
35229
39451
17764
37149
23287
5898
20445
31465
3036
28822
8941
11338
18447
49007
31138
17680
3392
28372
42188
44830
38966
6346
42316
18005
41943
7512
15777
47112
45374
704
2247
37540
43238
12476
44319
12868
4913
11275
20521
3886
16998
3681
33822
23601
43589
47930
19513
23425
30311
34060
14900
11323
15302
34861
39055
36257
15825
24737
37710
40680
19201
7587
26457
14417
32927
1790
36450
30187
34030
40690
38730
23921
25284
4284
46882
2054
49219
31222
17555
1581
28579
37254
6165
14861
6091
23812
19122
25590
27204
23662
9262
41674
32209
14666
43696
7454
24987
18444
24272
35232
47215
27048
1564
45348
12479
16866
38560
7235
11774
11763
42466
33035
21063
38180
955
38131
15425
45275
26384
27854
14903
6043
19439
29808
24523
1020
9759
6829
12276
34825
45141
1356
16025
24618
32095
14271
38059
26805
8642
35387
44368
35320
664
22650
23954
17383
11564
10848
23806
31542
15129
13469
37256
33342
35054
9834
34775
20351
32607
13200
36537
4998
29960
22334
24315
23241
31503
12766
33871
13862
29728
46150
29151
47804
12067
24388
14520
49400
6868
29263
47101
253
27797
16321
31444
41959
31499
33527
43296
26023
13874
16305
46474
33290
34566
44133
28402
10036
222
17368
36418
24637
42906
407
46702
36023
20095
1130
49247
26971
3696
12492
165
19482
27212
19623
14224
33191
9770
16300
9731
34847
30430
15128
12702
25703
48793
33385
22146
323
7413
18418
36850
2427
259
16683
24747
41846
4635
2521
33703
14876
30485
30337
18978
36058
38481
31340
32407
42233
24613
38893
46456
48271
19569
46216
38465
6109
3013
21037
6768
24676
39919
24817
2707
13398
27291
44811
17016
2258
38241
19281
2410
26034
14947
42149
7485
4142
26648
43882
39414
35028
19315
26248
7667
44413
29100
44623
47206
4401
46151
43168
29356
27199
38460
35328
2465
22603
6842
20957
25400
23704
12487
37678
34037
27512
2658
32836
5010
49334
2167
36638
15157
32787
37502
37566
26966
901
48744
43286
12885
45539
9392
27256
36421
5683
6293
12157
40601
8943
32643
47460
43342
40106
6530
24727
21578
10282
28948
16201
43729
4965
20543
25942
39058
35330
15495
25070
35326
48196
18730
496
24803
36756
3180
26841
22845
21026
43243
49899
12377
35898
40339
19223
25023
6780
31558
24757
6317
44805
4536
1335
4943
2767
6719
30576
27728
44249
33284
36910
22233
25203
29670
48741
14152
30370
19116
5462
49447
19704
17118
44742
37435
49153
35821
23849
10995
4312
37463
48268
22033
12990
4736
37239
31649
26834
22380
36981
25011
5120
24525
40108
6110
34070
10065
45125
2047
41024
17009
27328
16162
18624
26571
21125
19135
9514
46955
49205
1167
33116
20628
25852
10719
12432
1898
48644
25607
21394
4949
35632
39688
20890
40644
19879
34421
43536
41075
39410
9437
45688
24617
7683
34787
18397
16623
43404
41908
3382
18751
29040
48343
46905
9301
47657
30419
41653
44143
34622
6628
3721
20997
1061
16117
43399
27642
5501
48503
32281
24952
43502
31948
47667
6146
42016
35144
45714
14198
14622
32923
39066
25454
41107
24724
44445
8574
12225
49572
21147
8428
5466
15677
15652
12048
41083
10998
2120
25756
22615
3088
42835
15346
11869
160
23058
41714
45014
24467
43029
7005
33209
48079
25901
44543
30314
32286
4503
16029
4280
15735
15158
14754
125
16112
48383
36277
17200
17010
5070
28716
28412
43873
5290
9959
19401
7288
17487
10775
12187
35209
29519
5801
21505
25857
18189
23261
39653
22539
30156
16619
13175
46733
5497
28194
2405
27408
9345
14179
29649
19799
25389
39170
15714
13
6823
34793
10302
7245
3486
23443
10352
43712
4576
38588
45171
16744
14468
40911
22271
21431
15511
23620
33119
30811
44339
43483
46486
18618
7883
42680
41585
33314
4783
18958
40454
7736
20944
47954
13359
3634
32295
23917
241
19696
1932
45794
41068
14842
20904
902
30117
10350
11390
19875
41323
21847
38104
14551
42303
4565
37617
25566
16794
44887
32237
11696
29843
10422
20234
35346
43000
15081
30725
32833
11152
34495
25123
36044
6393
29185
30577
41207
34554
1168
1416
13694
40633
4239
48502
44822
22059
23702
26407
6140
18171
6078
46223
29212
2990
34732
8503
16447
18448
35615
6098
9614
49664
18877
24104
13104
48554
9796
23844
10752
17941
22321
19929
19666
32195
47080
27795
41753
23129
2947
47031
10279
39320
17530
28565
47320
9374
13730
38830
49937
14650
7198
14823
7965
36382
25157
9005
30372
27429
20684
12992
3443
18406
46106
15241
5984
43541
16929
19059
28703
48633
30799
7913
13950
15516
23727
827
35675
42480
39102
884
29425
28508
34734
37841
27641
9615
43867
31014
18909
8298
33129
2754
15422
1942
1288
29624
40908
36098
35292
17431
12182
26178
22527
2371
17729
7943
20493
2226
29497
21492
15494
27053
16715
39171
19750
9179
9769
49436
8780
33979
49535
31983
25288
23533
45426
30919
24218
16948
25430
27449
32552
9714
45932
1933
17954
21896
32979
25124
48243
24202
42027
12786
7371
47506
10189
27957
21628
31267
2004
20193
17179
37491
33180
1752
21940
13314
20788
37455
45424
11015
12116
39396
6805
3420
11926
46610
11824
38535
12392
21133
48532
33397
39801
564
25107
45194
45552
4414
29982
34631
38298
28345
43825
26534
37036
44184
47600
14734
34798
34284
26799
27159
4439
16845
11780
36950
1866
28603
2908
3411
11191
25021
31838
18901
11246
23252
3476
23728
15730
49461
16101
3432
15414
2429
24484
17493
30710
18050
14054
10554
38842
35792
13252
23384
9500
23013
41343
14819
13371
22409
47392
33245
43247
46002
40875
48539
15216
21993
10453
2285
48728
23796
25043
20413
17905
36403
18211
49631
30250
39602
44218
10710
25001
31968
19174
18925
29966
49003
16452
32002
21204
22270
35404
19282
17141
21581
31886
37425
19400
27419
6128
27702
38971
24261
9185
40518
13232
10565
5023
47268
14362
34957
31562
20616
39120
9106
18366
30723
15781
34587
5129
18510
40463
33960
47529
13506
4724
8335
37625
19328
32262
27860
1161
23421
22765
36268
14378
18498
9747
10693
43791
27942
32644
28978
1137
1799
42209
49909
21062
10790
47367
41937
49327
30405
32035
32426
24507
6999
7776
4370
30435
15230
24151
2543
13225
2758
25414
23808
32208
31976
19531
18645
8517
48325
12211
45458
516
40912
8839
33147
31874
6059
43094
13720
36093
22640
31531
46953
29367
26135
6321
33055
9454
29963
37251
10228
10708
10696
47635
38178
4644
36684
16768
25296
5548
860
9326
7361
38683
5157
36960
14922
34294
5065
9750
5998
15344
45735
24975
8051
34121
21180
41118
3242
49477
32509
26195
23586
2962
40400
31073
29135
24709
40186
2174
16011
13139
21276
20656
6853
18855
12449
34447
32176
2318
21159
5739
23243
31153
39503
31331
41656
21358
37527
45095
17947
38775
8286
19141
23952
35661
31210
41170
424
19379
34736
11855
29964
16347
12532
21912
28552
38737
39986
47567
24402
48682
4064
14906
18403
14436
21882
46017
6461
16875
8615
38619
5376
35336
48161
19460
26338
44785
47528
12095
5942
2304
28202
41447
27867
38213
33872
27094
19170
21092
7672
11170
48481
26167
1981
29097
26533
11799
8302
8687
28713
30834
25444
16828
29064
5877
9985
2199
47768
24279
25593
37514
38878
6367
45675
38497
12117
48187
13776
24084
11106
30780
41610
8337
13770
49933
37649
30808
809
3593
43685
23594
32635
20631
16580
22260
38882
17084
4275
28216
8799
20551
819
30253
8885
7310
6027
14406
36985
2437
9636
49385
20798
43814
3859
7472
47338
19872
27607
44337
2366
24589
36367
20463
18523
48586
34032
23163
12286
44080
10630
27625
33591
15351
14676
18789
12791
22466
30256
31913
39685
37105
23187
46183
28638
46900
3460
48919
24793
14602
28973
20471
3615
29448
42648
4969
41766
48667
10644
41717
38261
20287
4659
40278
12767
24978
49000
34361
42869
5089
5558
18667
40917
38879
33770
20717
40524
40597
29818
44923
18245
49382
15016
26924
35252
47594
48504
46534
37391
37506
35463
24234
10841
916
3733
2610
14673
44503
13869
48148
4863
1119
46526
36758
49853
46369
36078
3178
8936
16367
31142
47862
9137
11641
19512
33857
34242
10837
49513
8313
47054
47794
1886
29036
24318
15977
11583
29505
46080
14962
36577
10957
10015
2032
24895
17104
29513
4799
46033
9355
31235
7069
22104
23556
25966
28697
44111
35136
27581
19435
43069
17843
27312
23236
11372
45910
25439
35071
15822
49299
11021
11185
48553
6934
22915
41645
30841
20862
20279
46443
46110
18364
15547
12129
40128
9236
777
14028
3835
4282
4592
49356
30566
5135
7643
38850
23218
11678
12553
29477
13021
46142
36746
37003
1153
3952
43183
30054
19858
3926
11042
16143
1674
20667
1990
28226
8529
12339
15543
20173
5712
44786
36119
32874
41127
45961
6276
16543
29246
42898
18936
29953
42538
11367
44988
37272
21526
38034
44609
28459
37113
41841
41583
21775
17127
2460
30193
13824
38374
10865
41681
17838
4869
25620
28303
11288
22756
4649
27550
3844
30798
45925
5588
45372
11646
36211
2396
10040
4941
16620
17618
5314
45749
34108
17155
23255
47985
33907
34497
3375
1189
31219
29255
200
17885
46365
26913
41361
18984
4872
10550
35641
29058
14056
29141
33059
26115
16722
1622
5373
36978
31997
47829
36301
2527
32910
33316
17511
9099
10439
4533
18873
18940
3649
13117
18678
6548
43372
737
3840
14359
48691
34740
36512
23588
4156
13342
42513
24611
11550
35679
9135
29634
15757
2352
1575
40698
28060
35627
2273
7581
22403
40084
38469
3303
20289
12994
31048
2982
14506
49784
49908
47926
33516
15517
1566
20867
32840
5542
39630
21437
36187
19009
34433
23833
21271
29201
11302
9164
29471
6624
23914
46134
32526
47981
49439
22451
7293
36378
8396
27669
48275
36615
24117
48314
19385
17938
30163
15189
43579
5685
10577
3992
21864
35446
46805
44873
38815
19996
26709
5751
38016
19371
40444
30266
1792
31947
29316
6048
27936
38214
8395
27603
44761
34850
18763
9587
35755
35947
31739
12925
34815
21796
47122
19962
30402
48068
37954
6020
34241
36477
37228
5159
8769
14544
15539
40197
35858
48569
42561
25788
390
6235
13491
12362
9895
15946
14334
15118
8531
4566
48147
45279
49363
17037
42797
12194
1643
33691
38014
49092
13598
46943
46296
48819
20354
8049
41179
36751
19674
38229
38371
38141
27525
16355
2149
27335
46829
10926
36003
10215
26131
44648
8311
20808
32138
23152
10212
12625
39751
9592
35937
36020
7693
20105
40216
17304
19162
44612
26141
11401
13581
6234
27143
10029
167
41820
38216
28894
32131
17447
26398
363
48077
49159
43204
43894
26721
23311
25606
18884
49869
49989
39620
33467
47127
20727
33424
28830
24924
37870
16751
15235
15138
18264
20650
40957
13223
37260
8861
45551
33674
33547
31703
29647
32581
4854
18186
15426
9159
32590
21714
22099
29523
22924
16674
44715
33986
15809
8242
35754
21830
23199
25058
2548
10743
27626
1126
4530
16459
8462
5027
10750
27629
32223
38898
47869
49352
12103
40981
4472
19446
41961
9012
46141
22207
31602
5188
7180
14429
19177
47245
7995
33431
19229
23897
35332
18385
15467
434
7687
18627
47302
43953
6298
30726
46087
34404
34569
28419
14550
35388
16572
38970
44898
19555
9273
41514
40555
11751
24319
35767
30535
32565
26746
49133
42078
5953
34204
2031
28626
13818
27025
8374
23019
26362
29241
23795
43669
33832
48434
40970
8734
31846
8590
24333
4821
10987
5503
38121
39390
19618
6775
28914
32774
47669
11788
38533
8210
49136
49039
22521
31417
25132
45488
3315
19413
4437
38512
2861
10631
3800
3195
35455
49409
14419
41575
32392
13860
49650
41116
1394
22261
13841
36231
20131
24543
6129
4600
43922
31024
14456
840
20771
11798
538
16562
24341
5955
14565
26737
44821
12804
32950
3320
19097
19898
39379
2474
49945
49384
22100
29564
11094
18962
38754
41200
42764
559
33193
19924
21696
1749
32060
48365
39863
5504
28128
35201
4513
13631
25886
14805
47164
46423
43531
30733
36792
42756
46812
11406
25758
10112
5113
28029
31323
20840
27619
46290
11838
16354
45407
20815
28719
46265
30605
32156
17349
15
18561
21184
9998
18933
8265
22470
25208
29200
30773
40884
2914
21258
24843
36143
49275
20031
27585
26102
16898
34644
35968
16541
3822
35382
21028
20782
18760
13372
12704
44
20594
37526
27458
12003
8306
43988
36783
38400
46006
39578
11053
2159
11415
8787
25005
34058
46131
43810
43146
24684
22751
25483
2560
3908
20020
2246
4195
32746
48833
25531
20689
41551
1354
20756
47530
5772
23463
47764
5442
18982
40240
17994
20977
39777
14005
11938
3617
11662
18220
22161
25894
13495
38288
46286
23258
26224
41692
45250
10785
13750
42505
37007
6843
40764
13454
21781
17138
7923
6305
3701
40187
31037
9896
46271
23799
26313
42981
19602
32669
22536
33855
2859
20495
34299
9958
24037
1934
17802
15603
25231
6160
12784
32358
2291
2932
10842
36809
14044
5387
4769
9473
29281
42566
47126
6652
23945
18854
10000
14134
9157
21967
47132
26376
49149
36250
22492
26100
29434
40412
33682
12112
18463
42246
16184
46267
21994
14055
34445
37628
20789
4315
25488
27781
18304
43623
40095
36476
11044
21614
17418
15328
11553
9902
32394
29351
18162
37466
10454
9522
42832
8426
5339
31463
6115
47740
10783
5853
6783
29768
33730
19158
9917
22886
40528
30533
1157
5784
10472
1310
43289
17903
45918
20897
10275
5318
49961
10120
39915
13319
14109
17713
27961
34913
15493
31817
4434
26425
23714
39253
34014
2545
49441
45230
16810
13029
28431
23813
17024
20985
8015
36885
14822
9072
45269
45780
10930
12892
44653
21004
3610
9056
44750
1849
21703
13111
17860
28102
39352
19198
45940
12513
1183
38778
30812
5612
15870
24139
3968
17984
24901
37116
41471
44491
38375
24417
48322
33618
22048
17536
7169
40670
36788
36138
5684
4903
42511
36115
43337
14983
21443
5189
24145
26473
1473
46589
19487
3561
21278
17330
9562
17497
49815
27420
17152
23710
14331
44996
49981
46993
27372
22752
6391
4718
7789
7295
15303
45966
48834
6417
5743
21301
8999
29306
2763
23619
10748
36300
6030
48487
15165
14158
30800
46691
30912
30650
16185
14017
19101
35094
14618
25797
38891
40816
5026
5509
12073
9783
40047
13778
27532
34338
47350
42261
25790
14590
19192
34541
46756
15737
18896
39723
4045
37713
31129
47173
40798
36188
27303
3035
10211
46404
19943
42544
17939
13784
44154
40724
40329
32242
36671
30432
13512
44214
47143
27262
40044
18045
29444
36368
47315
4258
47244
21411
11192
9646
26916
36090
16769
46643
32990
20066
28887
1252
5263
21540
49599
27679
14217
46884
36740
18095
45839
39241
29026
49999
44677
20014
18630
947
6342
22458
40967
6224
3413
26902
24807
6997
31199
39226
26213
30817
41923
49063
28596
45447
25882
34840
45777
27574
37138
14311
47928
31878
49197
8696
35372
2590
12002
34765
9941
41881
5689
17686
25818
42360
44027
24146
2979
48587
33596
33961
8612
31872
46885
46891
35702
19826
4743
45427
15393
2456
25250
2821
9496
16432
32456
31999
35203
2583
27137
22935
30411
20391
26344
12426
28314
22897
47761
2213
44590
42628
20416
21222
31563
9994
40771
4061
46600
28177
37467
34990
8443
22867
20927
32344
43124
28558
31322
32341
37106
39481
6763
3652
11322
830
6944
32731
31517
22941
5066
16816
41293
3774
45868
22833
11014
30078
46070
7347
8685
17229
4367
45301
47408
23004
17569
1974
12755
7412
36203
18736
40542
44599
13054
21035
4895
2462
7090
46651
17626
31730
16436
46716
28181
5441
34887
43875
17600
19160
5306
19115
5334
10338
12741
49042
29353
1271
9727
41191
5039
5347
24353
863
10762
32891
16488
2807
23861
10213
17731
21888
29749
48087
25837
19001
15769
23576
47780
10319
6931
29363
8720
12321
1451
30170
42871
27245
43647
22246
29873
23972
4263
37589
38503
30258
34387
27360
9811
20888
25354
23098
412
421
4547
16068
21934
16298
35103
11851
45304
43496
27223
16363
914
13427
43951
44217
23589
28937
17523
18759
17633
29869
17470
18530
3816
39111
38331
13697
10725
48041
38598
28233
12414
1392
39457
21507
11691
30215
39333
16089
44392
11368
20678
38148
20949
6852
8465
43588
15666
38488
15114
30738
13643
11698
27551
31852
43476
40304
44744
39887
49380
14454
16912
27021
47682
32274
24857
35280
32831
198
10064
6684
33317
21560
14279
32584
42558
42491
49503
10297
19091
12955
12462
37347
12646
34250
44482
16938
34413
15981
10849
45185
821
42746
37107
967
8218
43735
6092
14841
44878
44943
46194
28452
17700
18284
17196
8065
20409
42271
1705
45518
34021
37666
36034
15433
14023
6155
38004
43239
30342
27934
30149
45367
1512
4212
8575
24086
25674
31725
23709
13749
26431
9446
42720
41064
8524
5139
13859
27991
32479
12902
27983
35710
22126
40474
24630
24945
48170
6134
34553
3692
9173
45949
24351
37874
12578
32651
36464
1388
41276
10951
46031
43849
44636
10639
28212
18
18981
35466
22551
1415
47573
40372
16965
12729
12378
12783
31067
4191
41206
16091
43576
13947
17917
3812
16130
36393
47369
12474
39259
27614
12039
42393
15107
690
26801
10731
48053
30537
8303
37358
37693
28994
8498
5700
18347
3141
28282
42449
31172
45204
4277
376
26209
15202
22289
49857
5858
30652
51
47677
5867
39094
31554
21451
44029
4197
45666
46139
31863
40131
7070
22078
34813
29567
2087
5816
33820
45983
2079
26985
47998
12617
33041
31152
44003
17671
33455
16063
31189
15879
29545
8461
8678
46187
8682
44838
4102
29661
45501
18944
39525
47532
16065
10081
35886
40761
629
37144
36853
28848
1300
8779
6365
37343
47514
29323
11062
41756
39617
16056
46612
45740
32832
45834
44527
44779
20392
36055
33996
26615
7336
38068
8950
4582
18894
19006
32210
1976
4910
40757
46005
28823
30734
41362
15837
49994
26674
42056
3361
24573
29588
39139
43230
7064
34699
44918
47378
19025
35121
35587
23413
38998
33852
8319
10285
22697
13619
35584
12602
37943
47443
38556
21753
40293
22325
16902
48105
38647
29002
27084
46236
38115
14418
28674
25433
45090
35267
35262
34017
24764
13246
11902
23492
12232
32117
22159
24197
46704
25024
7880
2040
18307
29415
30044
7093
39035
37596
24301
5819
8948
3438
10715
25048
15995
22023
39136
4343
3732
30450
13477
20828
28720
41208
19056
30505
24957
42431
47851
17869
20531
7258
44093
23036
11578
30309
7625
44464
35383
22476
34649
256
48459
6357
5210
7640
32196
40229
31336
2686
789
47283
40255
36578
17242
13004
14363
38942
5042
35672
19777
36485
23918
42412
41638
10609
29346
13365
40416
40779
23766
18701
41794
24185
389
42097
30513
9926
24722
49657
1670
47432
43280
32936
30057
31022
42796
31193
24434
2407
20924
40893
1935
46492
10053
4796
8691
8570
22879
25854
45298
16494
25072
19233
26268
27007
21155
35991
49006
5941
5134
47852
11203
29392
37763
21633
14684
19268
44287
37194
23176
8177
22399
42470
4660
45894
45190
41616
3196
13499
26756
19231
35831
6555
25792
49877
16317
6322
37354
33927
32531
28341
14645
12272
24986
48583
2511
3623
13434
11297
24503
39391
11316
42351
3607
49990
5091
24570
49844
20092
19109
43881
28105
24715
4241
11925
42941
26847
43049
48091
4338
14118
21336
10172
27477
11555
28032
19634
14889
30208
36707
47995
10657
44079
41591
2665
33522
2124
41173
26954
2152
42114
34385
12258
12998
7109
14794
43096
17298
31564
30939
8502
34517
21684
28433
20456
17973
4395
4105
25472
32880
10805
41045
11122
29435
29298
3709
4217
747
45264
30115
49747
29327
37101
19722
29365
28528
13554
7524
7132
29158
9358
11489
25350
923
19829
3642
41285
24262
18920
44892
43779
31102
26175
600
32290
10307
7874
2210
41779
1103
11544
48106
11960
12061
15732
29092
43099
49043
46928
15806
25179
18748
4235
10489
13756
33050
36386
46466
16936
44994
6307
20171
36905
36969
46697
16017
5350
20615
26067
29397
20357
42193
467
40025
47717
13931
27097
44561
32739
707
745
30599
32963
24362
31453
45725
49
12207
44095
15545
3522
21156
24383
43433
38634
22820
24830
15105
28414
4138
9323
7627
18199
20578
33890
34207
27916
5572
20723
40879
43279
35914
33288
48972
40089
24122
29557
2615
30735
49549
22041
4165
35031
28586
28048
6428
22481
1140
30413
9820
38335
43481
26242
22192
36601
15032
910
4961
35611
28228
46966
37297
332
26286
8914
20038
32828
40833
14090
14049
16616
43237
39411
3072
36894
18472
27564
12464
14838
20125
42592
46823
4507
4130
27893
10100
18329
12716
16232
34372
41219
49310
10349
10757
36470
33230
48674
3966
21305
45392
39804
33330
23666
6191
35036
34281
33572
34389
43437
39378
36186
4385
42801
44602
28096
5676
1385
12810
31321
2041
22709
15043
12756
39117
23785
46920
44488
8402
41052
36922
46341
1043
35003
14218
17687
25533
39823
11148
3265
10482
47830
12472
16350
39628
25437
41244
21060
43681
20387
27858
31089
9681
28260
23148
16009
34441
11723
1165
38530
15705
15469
24213
43701
25895
39636
32528
42426
15075
16933
3101
23530
18872
16472
4793
25911
30530
10689
44273
20902
12801
22502
3729
38557
44164
18332
42017
18092
6065
40979
36584
27515
28842
701
15256
27731
33475
475
42667
34599
27927
32066
6749
7573
33614
18267
26987
26480
3620
11499
40091
30220
644
2312
14081
35599
39273
39670
20879
36171
13574
34709
157
34615
43859
2279
10632
28004
22656
11560
38747
2500
24250
46787
21030
21122
16920
11776
48651
46079
33444
27717
2287
16596
1204
31485
32931
6308
27345
20787
38109
38160
11116
12959
3177
5658
17696
11146
6615
15880
4261
20073
35621
17630
502
21960
33049
6714
12672
13169
13206
48084
46375
7882
49648
29167
28001
15638
41432
18585
8616
37091
29741
42321
8881
23434
31547
35638
43764
14174
46908
20319
38563
38049
20516
148
27816
5283
26409
22306
31298
49085
7586
4934
33037
24498
13827
12549
949
20201
1391
16018
36637
6371
16566
12495
13210
9085
11432
30739
47190
12889
49319
22686
669
4497
44581
32200
9222
6495
45271
44810
6337
2809
36852
40492
19291
14948
22973
41870
49475
30875
33158
21401
17742
33510
654
10592
15978
25012
34024
48155
39486
14263
33744
37198
12693
4373
4850
47774
18693
47261
22132
26742
27193
24372
21650
49778
14543
11599
14176
25903
7401
18055
49113
49725
25057
29386
18916
25198
26620
19047
36332
34685
1953
22340
19957
26500
16960
42920
7166
4224
37605
20636
31006
26033
8019
46941
49502
16419
21809
42782
6434
9868
40836
43105
25110
14095
46574
15874
16553
11437
6423
8486
40999
15485
35543
28695
29300
42344
41683
49892
48640
25247
6772
39465
46203
26988
9785
10620
11539
28633
45183
5013
30585
23644
16542
28127
48946
27593
16967
38210
25727
32180
11984
12503
21266
17446
19148
39950
11674
48377
13608
43176
41151
10037
35993
7950
40743
34801
44965
42118
49301
1631
1082
19767
23567
39532
27553
25367
12604
34679
26719
16221
44976
1052
1980
47619
8444
34784
34970
33394
22678
24021
38679
5516
48528
47918
45722
28097
49683
31681
3892
28580
6607
38553
7842
23631
46965
15525
49659
2684
48356
45815
44223
39832
26953
37027
15096
32716
3459
48373
42242
22812
13257
7392
27999
22826
47984
42802
668
40438
5122
24646
19655
44113
32026
33605
20560
17761
8193
26765
17659
18405
7528
39344
1014
27164
7101
32606
26997
20703
4004
21974
9045
10106
8808
22703
30148
42584
6009
34594
33803
27424
8512
48010
9939
17979
7047
33194
26980
23607
13709
41143
19839
33160
36364
30340
20970
31597
27780
27234
42771
36214
36550
35180
19844
41617
19992
6426
31736
40520
28039
14137
43631
23091
40922
22452
15520
44940
4403
14385
33533
16293
8900
9708
25034
46409
13547
4371
35592
7774
1538
42585
695
46138
26047
33056
19938
48963
24822
8638
47725
28679
19137
42439
21174
13938
5595
45548
20633
25783
29648
22355
27182
47494
49057
40708
18362
23289
17684
33190
37993
41161
29375
22971
13049
42663
3044
46962
44876
30475
46157
35016
1193
12294
48027
5391
24691
22993
8171
43801
13804
1952
37322
34259
49720
40352
5265
30914
3145
31487
19372
5926
7420
33064
46121
43015
29175
26542
29441
22661
30721
38741
15146
20116
45117
10776
4680
49192
45530
9932
7623
33156
4684
7588
5368
40162
42464
27489
20916
14438
7155
12252
5434
30465
40837
29288
36010
42138
39890
44834
28975
33967
44377
39005
37650
46505
26177
10492
38744
32444
3834
19391
39222
40975
29202
13269
41778
49303
3532
48172
28614
46367
46858
26962
36934
24157
3754
41894
4143
1449
38763
29892
34034
48285
13408
36989
10704
33127
13693
40256
32329
5243
47303
38504
9860
15850
15794
27552
23178
43207
11034
801
8654
44511
23180
18797
8588
39017
40250
22851
42670
11951
39513
31234
34280
19027
38947
15688
20740
32673
17752
29250
11654
35812
1675
25614
22230
18571
2892
19415
16801
26183
35401
45248
20323
28686
218
40551
43577
46555
41762
29796
46659
34476
39041
38410
2678
22907
37441
39282
10896
14027
20696
1241
1202
48924
10590
27166
27329
41434
30688
27836
32850
34533
22157
19769
8138
8057
22735
22825
5871
5443
17424
16832
13805
7610
34540
62
4884
96
12706
1867
40599
11286
32273
29909
37452
294
35244
48111
26484
19322
26043
48940
17334
5111
25708
45944
26976
46416
41158
26453
33443
22899
23118
17185
14678
48118
3457
31825
28286
48643
24240
44484
36966
1242
6536
34859
11292
8329
16502
17455
38675
3700
11515
40674
9654
4012
20254
14313
13060
8879
27931
890
33553
18133
24363
36639
21414
1010
49862
10027
19639
7580
31300
2158
3166
45261
20307
38255
36919
33710
38786
6863
49927
26569
35205
3368
41309
6921
44310
8740
15864
20322
15123
2573
1513
44548
904
12659
40953
13088
3575
14592
11397
41769
40156
2495
12928
43911
16135
33875
46745
28922
48479
2193
47824
28852
25610
4563
34268
17403
8062
21551
2027
37002
18260
36025
19049
42931
47299
43609
30899
44122
36431
43554
30661
20431
43441
38957
33347
4628
18902
9083
38592
27123
7189
29348
30778
5176
20344
6757
35653
41451
30580
23244
26597
13385
6408
20108
2638
8598
21580
27804
10812
14656
35590
1286
17281
49873
43582
20113
108
46309
14911
35779
17150
8889
47944
15306
30848
49226
35928
47423
34684
28801
28098
29850
45793
25217
43006
24027
15724
11233
21621
46591
44832
42220
45037
38502
42217
25500
19465
26817
14561
26860
14978
20009
41242
35008
41339
7824
49665
8933
11619
27661
13150
5142
37681
49060
5758
43703
36745
21861
47881
4220
16946
19970
47221
39392
5523
526
26383
44903
34375
13194
18996
5930
10610
49297
9512
27699
47730
17594
11312
8676
2629
34314
35135
9027
47045
27819
24087
44000
40138
47632
23997
18518
38142
39310
16371
30100
34315
18853
8143
36524
2986
22445
23986
41877
32714
49786
48412
45123
49724
7227
29488
28176
14873
17028
384
12967
25484
34600
11624
12502
6702
8995
40777
1580
10494
19516
7357
29688
43368
3951
18191
4024
568
17379
816
25236
38863
34074
7726
3579
4362
31425
21043
24670
29322
45038
33411
6930
33338
37868
49141
44479
43297
27355
40049
23068
4200
7783
47129
21785
6754
15857
6403
21632
41740
49791
11101
49643
29797
5645
19187
23936
37247
47328
40366
43645
39775
37284
9659
26133
17198
40963
37233
37697
34285
20646
11738
19795
2519
29958
13757
23912
42688
17845
13765
16829
23233
10794
26446
49921
42748
20427
25977
24939
29215
21482
11739
6647
40391
8021
30774
10426
18735
48137
17609
44795
35722
42495
6033
18587
44825
39799
3629
39456
28090
48517
21141
43975
29352
43075
43214
8440
15339
10560
21794
34829
40349
38596
5724
5768
24127
40585
23721
667
18075
30894
565
29978
11994
1433
27062
4378
32367
19686
17942
34171
13443
43133
20373
42203
7743
31682
11145
31447
25000
11278
4390
3563
25188
39304
46781
32933
14477
39918
23031
40621
44350
537
42516
46558
47450
47351
34448
24144
3510
15041
41034
41866
32461
4323
32254
7630
29383
12156
4297
33693
31220
31625
38843
12937
23551
9065
25890
16286
17405
44282
14460
49776
28654
15607
8304
8056
4429
1816
40133
42472
17778
20359
22591
48861
34212
41529
1239
5591
10970
38352
42457
20236
47833
20178
3393
41521
23351
43855
29422
38201
42465
525
23478
26706
38559
5093
18852
42146
8793
26356
21743
48912
3971
11198
36163
44035
28851
41764
24933
14100
39534
22729
16892
19721
32092
3241
1724
15325
8771
12147
20644
5301
38436
15954
16292
10940
31792
5667
48994
27765
29416
48047
48369
35742
12391
2901
47091
37248
38221
1920
21097
10974
6717
16109
46615
8358
16190
5424
20449
24885
49662
45927
44641
1483
13648
49262
42656
34910
30619
681
49328
34459
3324
21287
46847
37140
28582
27101
13209
9878
43114
35118
7354
34376
25358
1773
40042
27130
20805
41695
16897
5514
5556
38544
21236
30519
13131
3793
18041
5196
44317
49001
42601
7590
32648
16422
18380
13705
44271
42909
5876
3717
48362
35760
15331
43245
49654
25707
23667
5470
27721
43719
27563
46913
23585
16863
20854
34272
26149
13604
41497
26404
8296
12317
40803
42725
27544
9009
37613
13973
1599
41825
6505
2815
21875
15883
37604
12971
8124
22602
40296
21111
20829
13879
25055
45631
38357
16899
13409
36296
10463
3038
19527
14772
42392
45267
48594
43995
42266
37852
34656
4451
45646
35369
17091
2203
39543
12478
27988
22581
43665
3984
48399
19288
46441
11293
2425
10180
18488
36854
25491
16464
13124
41906
3222
24866
11975
4260
36743
40011
35749
26207
34743
41590
12125
30641
33900
3647
24050
19427
21098
35397
15496
18210
39974
33005
35804
44959
2436
38887
38938
11429
15838
36086
40649
49614
26191
17828
17006
27909
15405
21909
29829
7941
41882
39027
20190
40510
48364
32909
9865
3106
16577
34614
39798
41086
5622
34003
9619
38866
12851
47248
46100
5643
23756
40028
45765
36128
15948
46459
36152
37723
22463
10683
4858
49670
10267
39418
12778
40342
543
39034
25802
41759
37969
48009
20249
35458
30022
24119
41574
41259
47394
6207
32473
44332
25921
2771
12803
28062
15599
2354
48837
18357
17277
31365
15866
47908
47140
40907
16622
46895
1747
21321
44746
48318
8209
37751
32224
6090
39622
42330
7609
19891
7164
48230
32539
19490
23327
33737
6751
10793
40461
11102
45579
26013
39749
21641
6127
10236
37684
45199
7530
21501
48424
17656
1787
38686
2677
20940
19720
19729
29735
16539
22343
48334
23751
12080
590
16057
12958
19649
44722
20562
25186
2490
44422
17343
21124
4766
26458
4696
36335
16988
46045
29900
9980
3397
12438
17545
48794
8728
19000
1352
34474
42643
20955
45849
43282
35896
4499
32059
15563
23087
5399
1835
970
24595
10734
32063
27058
37196
8072
45620
1366
45398
48073
36753
36287
13905
29548
20312
36715
48375
4406
35655
10778
47641
24081
16851
37556
48492
45591
27720
26329
24685
2733
41851
44173
2837
11067
4203
43144
34544
39901
18089
2088
28972
14697
45371
12808
34521
19054
16903
47454
16445
26143
33383
32486
825
15319
43298
15915
29872
14945
46576
20826
28252
28320
44916
33831
11895
12723
19118
27038
38147
26661
23755
41390
23822
40526
24184
27727
25578
36547
44971
26730
21528
38733
7383
13767
44060
37389
33356
27286
21382
30409
21866
39762
46560
31962
2489
17604
24116
14542
11950
47679
13769
13184
21114
1484
1092
29313
22918
40899
11952
18504
12465
11620
43979
37065
36225
33784
46588
25768
23962
41705
38247
27453
27959
49184
27748
6170
2761
42460
28206
39783
2838
10170
28970
23506
24266
28356
34755
24960
4785
31476
17614
22782
26203
28050
35145
32215
48639
37573
41187
8321
38766
39848
24958
38398
1182
15164
31543
4166
3323
20872
3019
31410
15819
36424
3814
36759
21634
42014
49485
49097
37836
20792
18035
650
13168
6259
8904
39551
46952
43564
12871
12312
23789
48046
37731
27818
35504
22151
28483
25033
16028
30538
16650
23449
1634
27756
4163
31101
8556
33122
35055
21648
9716
7376
530
18365
13530
40819
26113
49017
29732
3836
32048
28191
14366
45701
47893
7016
43614
44046
35904
12314
46942
11124
35523
40000
19624
28136
41134
15309
40315
27405
6836
21357
47068
23070
31916
19365
26479
32811
31821
71
47354
4512
20466
30006
22546
4615
17740
30569
34253
15051
29780
48152
28885
31389
32423
24137
37493
18097
11502
15717
14236
20400
1729
28370
19165
47815
14107
30572
16673
10888
22232
3297
29088
4422
26909
46394
34901
4353
7796
14883
35676
7934
12443
25971
8949
9989
6197
15891
25412
44306
2822
46174
28040
10243
43820
17673
16102
29494
19263
21344
32169
39864
31377
25772
26908
45787
23086
38664
18772
8600
24235
1114
30953
39225
32687
43010
35836
42275
16441
47365
9709
18648
19494
30529
21815
13828
23793
45680
6538
26090
4623
48839
34012
41369
5084
49027
11622
31986
48393
38609
13529
19534
36731
36723
44417
46951
15287
7368
35215
17715
67
46328
31308
10608
37218
12718
21922
48567
15551
32493
23094
17057
41720
27362
3638
9116
10001
33768
47153
18658
39921
17592
20610
14143
17387
21151
31133
35010
23554
35465
28042
16951
28951
6915
2487
20704
16383
25791
18569
15142
8016
7770
193
2910
13779
22352
30447
16495
9787
9350
35691
44836
17285
24515
29610
14080
7264
20901
41406
44159
15683
26755
14462
47304
48182
24435
44555
29686
13354
35985
29098
25712
45332
10530
41577
41436
45061
28209
3110
8743
4637
7895
36132
26497
20089
33233
48211
3824
12562
7670
13728
11270
5008
6716
20685
16310
19580
12244
13376
750
1117
21472
1169
9857
24569
16506
2826
2097
32983
18980
47715
44846
23543
44615
29423
10685
10310
27953
24544
28327
6286
27606
19789
25283
7193
5411
2711
38904
1144
41008
28160
19896
46020
4110
42400
8798
12508
29373
46168
988
31361
8577
2851
49672
39577
45299
34969
3147
35363
10538
37193
2237
45253
47614
27236
3098
8477
11912
10320
25522
22238
20894
2144
34325
35630
26861
19785
41526
4477
2435
36983
46710
45074
34603
7686
3472
18788
19874
18891
5943
23282
15374
30763
47150
43431
4377
37321
31059
9379
16052
683
30864
36406
6339
19617
41152
30345
33419
24077
49194
12178
15178
8689
4735
42917
26824
3829
4141
39212
2762
7328
21438
26977
32563
48998
10965
4133
12203
7597
43162
42849
8968
29176
29125
23548
33672
33994
6164
30521
11793
46901
18898
23733
3466
40896
46262
46525
17619
3671
39506
31375
17001
6587
42781
46249
26294
19847
37819
19987
10605
12226
39097
45099
433
22578
18752
2719
47997
5648
19706
46455
39387
22856
34693
26586
11647
33185
42046
33236
45766
43535
46848
1124
30383
730
39148
12020
3170
17163
29230
26322
7106
25864
22891
7171
21010
16861
15254
37079
4211
21160
20931
45886
41752
40675
27760
23217
31035
17208
30236
8410
35677
33169
32381
23891
32661
14426
5063
38638
6600
39596
27888
23486
12271
49893
18555
41482
23820
12018
34977
33877
46037
13863
9184
8818
35667
5397
5879
46772
34185
47734
40409
2415
45567
44410
16716
10091
39362
45238
14641
169
12107
4557
3639
29704
46912
20836
13418
29664
26526
30483
21823
23448
24243
39851
11606
5260
30180
38020
19518
3760
3655
4810
31501
44967
43649
33601
15590
24581
31104
18637
42854
7756
34537
22226
4672
11483
12713
19752
33388
1997
3523
5983
16767
39803
17874
29309
26478
14277
3525
25133
12162
9408
33362
4048
11935
26156
10958
27537
47440
29693
282
5431
40181
8607
9310
8672
25754
82
6954
39512
7593
5485
18860
8092
30699
34064
46345
23202
33348
2934
37717
31224
9265
28735
25428
48614
5596
35402
14160
39987
201
11344
19255
15337
40744
22344
6511
45327
6486
7012
9937
2757
21399
42921
14801
47453
17863
16711
2588
37828
21486
5297
10839
2984
15446
48389
8431
30406
29426
20632
32610
48806
24062
14479
322
42048
23014
37245
40811
49790
20333
39758
5498
39287
27412
9658
7229
19161
5862
24903
41114
2108
17328
21608
33863
35930
21452
9914
13690
40598
32433
45807
2654
35852
11064
1260
23125
12651
46276
16099
41703
21519
49849
34889
23521
20261
6419
34786
24956
7344
24920
33273
38897
27522
32141
13224
10797
28438
41078
19647
40489
42180
49881
3808
26540
27486
41097
31588
28911
9923
20989
42914
49649
28311
34466
758
23319
6845
49252
4948
37839
11623
22842
8338
25945
18503
42427
45489
16624
8089
30232
13624
15411
15358
2794
4823
29608
4762
41629
48442
41798
46411
24400
25800
26319
24123
44008
40870
18746
40794
33756
39016
3364
9543
25379
35769
45321
39909
21603
47197
26218
41055
49706
24069
23627
16821
49442
17261
15497
39477
28771
4523
44386
31242
27088
3477
30732
6032
23074
30158
8602
131
32672
755
25938
16780
19517
19360
19024
43837
22802
29736
36154
20039
24681
41578
2647
47698
27690
31762
49876
42685
29928
2262
1295
47399
31740
18104
20500
17283
30355
4862
40864
11104
39687
3831
22293
8775
17435
46762
17340
8158
32899
30588
19954
25861
6016
19701
21193
11164
990
43464
47571
42410
2791
14186
22281
10406
27259
13979
29515
15088
30584
4243
912
45030
48681
321
24900
43309
14294
834
23089
38140
40552
29122
30769
26613
39251
41955
45875
46824
7608
28007
31434
13864
24810
5505
12825
4812
30520
43524
20899
45531
37826
34513
28215
7767
14300
23350
32389
14540
17672
21860
14965
27017
36871
2650
26530
12858
23451
49922
11746
12122
30581
26323
368
30947
2844
17974
4351
33023
49048
48860
17782
19842
30427
5825
48264
7529
2400
37682
30380
31494
3498
6093
44618
40297
15059
27891
12934
40916
34892
27689
27827
34111
9070
45181
6405
11864
32854
49078
24002
39340
21257
18811
47058
33054
43569
40092
35159
12616
35235
27207
5126
27206
25441
33022
26111
9367
42215
23591
47333
35344
29067
6633
27095
32399
27524
32882
21260
2963
28611
41528
49449
995
11740
46619
18756
12906
27741
1013
22255
27318
6053
2302
47095
33882
26865
22587
14298
33011
18006
3695
6565
30333
32093
1367
44529
24966
15669
24976
3281
3232
11605
25877
40532
28278
2171
32086
38926
37384
24517
43032
49389
26804
46842
4744
25904
33777
24165
12536
46457
49746
9087
6965
27403
49068
33446
47648
38689
12310
19565
32147
13446
26749
15971
25074
29942
25200
14178
37130
45996
23473
10666
42903
45592
27946
23753
16139
27461
48582
14607
46482
653
33640
20260
45877
46749
43807
49091
20155
6509
46543
49383
32996
13458
39218
10360
18721
15832
40130
43778
47375
20136
10954
17518
49760
15824
13083
43498
12239
872
765
44894
29692
42493
28767
30125
14713
21731
44462
10847
44338
47499
35083
33891
31670
32388
8792
25401
41837
36892
29478
8294
31021
40809
25220
22461
27556
5016
8822
28468
7415
29833
29902
26103
26570
13216
43599
18790
19085
10430
42535
26002
41320
9578
3741
1095
37597
41465
38416
29839
47403
21660
20995
31581
25282
8903
12081
18568
48416
44347
1739
22997
26360
2296
30728
9272
23265
47147
48696
17810
1135
35447
47253
39795
1744
29459
45625
24713
8101
8906
21223
17777
11335
15127
11517
47802
25675
43678
48202
9726
6111
31147
6402
11194
30902
8295
2163
36111
1406
613
33865
41310
22828
10913
8511
34607
23467
11512
21372
47181
16594
13271
43349
2705
29630
12956
19363
35012
39896
49904
36372
1322
34288
20746
30509
31180
43358
27992
10497
37473
48620
24399
29663
49263
32785
46011
39425
25427
24943
46064
26829
38941
49137
17314
32466
20101
29413
49560
18087
15410
48827
30277
22279
17495
12592
16230
4468
37807
1245
1993
5619
3473
6789
38848
19645
46380
4538
28197
41386
23739
40496
17273
14704
6385
3029
15472
7332
45938
42825
43198
2507
41613
25361
24580
10467
36148
49828
44845
8423
6409
48716
49421
2231
29804
47366
27201
34843
29868
27801
4517
29733
32529
33759
12736
6018
46807
31944
33889
22706
14072
21657
22015
20074
33901
49804
8527
42808
37590
35845
47752
10571
24378
31658
20001
47552
26237
39155
9931
34369
8161
43795
42462
19477
3650
24186
15957
26650
38642
22265
49772
42949
24414
9815
31795
32251
46819
37583
16728
18443
2959
39567
24768
35976
36006
9021
1091
15470
32241
48812
45499
11030
37290
41872
47041
22877
233
41275
40159
1651
39612
2515
30076
3074
4100
29865
33461
46521
16457
25646
3917
17438
2924
9685
21235
18462
3344
29405
6190
3852
32083
1495
19747
22612
39395
38818
113
3060
25702
30668
25930
20094
11265
8299
9827
4653
26590
17154
4542
4011
39247
31538
48926
27790
3066
9155
15997
29715
10774
7423
4332
14006
23329
6022
23276
1021
18506
4782
31745
44654
49491
40236
13568
12043
29341
47836
26467
29481
647
45403
32609
40696
40760
32634
15004
30777
27998
1278
5295
42880
41282
35247
43574
18069
2551
41725
3880
31310
19779
29689
15203
27856
31033
21852
26906
30832
6188
6912
33542
2035
39164
14986
45069
40928
38119
1255
41739
21588
4870
7099
8357
3703
39162
24583
28513
5144
11326
12409
11721
25280
18820
19653
13167
46475
6606
47372
14439
4134
25060
11577
3430
48089
1075
30284
44912
36503
30960
21138
29556
34099
3541
33589
4445
15122
9422
48101
31192
23027
26771
40331
8450
35524
43889
44765
4646
14026
28834
14716
10412
45120
35074
24928
38603
26718
35046
29831
32729
19196
3786
35669
36095
11353
32140
19395
21455
40364
42000
39244
20469
37462
33242
14288
6370
17623
48450
18584
36041
35910
7034
41991
8563
31701
25949
23866
21395
19677
4432
27008
39252
10311
13548
2112
25461
43223
37448
32703
22651
38950
35921
24460
10432
1247
11983
46162
20544
13129
21277
49291
38408
8137
6320
48392
44627
43517
22339
42372
7969
25628
1520
36995
39668
9274
20653
34724
6596
30126
49119
30597
27928
43715
36329
34085
17932
38468
15030
40991
17543
43608
36991
49465
17290
8290
6369
35899
9749
4942
5107
31236
29716
25752
12074
36455
17073
2151
40093
33427
47230
8011
32198
27229
13445
37501
30457
38910
22940
49739
39367
36596
17955
24438
8424
41618
43107
4825
3974
18292
19867
19694
10584
21327
49925
29082
3677
28629
24785
27850
15675
47252
21388
38585
44231
23154
46550
45399
2563
18910
23483
32099
40866
29226
11614
45969
48457
44305
15066
30434
39463
34010
33447
40060
45070
17958
40163
25736
36124
20512
32420
36673
38853
2713
23401
12886
34013
25750
10845
28585
2604
37524
22053
8119
15150
18431
26532
1105
12908
13989
34662
1384
34975
4072
33624
17801
18142
16392
4991
39380
23892
26038
45553
4652
37221
38056
14184
43557
14654
5292
41006
6031
44299
20374
16682
27155
47813
13885
24931
17914
41235
36870
6084
35790
17444
39083
48477
10668
4342
1080
9900
3903
45448
23938
1847
10173
47358
28650
19357
7191
46398
48836
48979
15999
1197
30497
5598
27637
43220
16561
15484
26958
34741
21185
44263
10536
8732
27157
9421
41184
49562
33203
31319
39914
41469
19988
24754
10283
29995
44016
7991
44244
21943
27309
2973
19390
39217
37327
37757
32596
32036
25174
4754
15278
39157
38151
44262
19190
37971
41913
9242
34503
11522
5982
9950
44149
10259
24680
18408
46771
37394
6662
47759
17345
1077
48800
42657
2374
18767
46095
651
16949
12338
31333
8115
41065
32929
9776
6503
15685
27505
11970
49895
32134
25611
13328
30349
6327
42047
46954
27509
38551
43160
43386
30555
46115
33478
39907
13326
17025
45244
40929
43918
28225
29394
26311
4398
25725
9105
49838
23424
34256
8241
37143
22532
38820
24660
24496
31343
26628
20730
22861
24275
4639
42346
43405
16284
35748
2929
16915
34995
22983
49571
28983
17895
4036
6142
8516
24645
48518
48213
44237
35851
26287
23553
44081
22969
39227
23555
5060
44354
10840
45917
38312
26487
13401
10335
31402
31356
25516
46094
27179
10369
25934
43310
49632
8120
26000
31834
39413
26132
5486
35568
3262
17584
47486
32819
18621
539
17123
24485
20735
28044
32680
25118
14951
47087
26440
49237
30545
13990
2505
12278
9705
30504
33087
45543
14146
2308
3746
33072
23975
40307
25993
8183
38275
21088
27713
25202
11202
7446
33718
47039
47202
10089
10316
16431
44556
33985
12004
7935
30456
756
24942
211
22835
37984
6937
12857
12696
49414
13450
5459
6859
799
24557
27501
33436
31384
36681
7083
49265
42874
8042
30908
41562
28752
621
22584
29558
33918
42845
7234
48059
35158
7810
33975
38959
46988
13484
2906
30412
45987
35949
1750
40624
24347
5108
39906
15169
5633
18129
33775
15671
205
24010
1533
26528
21459
7622
37559
13900
1806
16781
18083
13345
29389
35514
14793
40813
4073
12904
25255
18553
34683
33733
47110
17654
44566
29897
20472
49940
21075
49452
13928
39599
5448
763
39011
28358
43847
15733
2833
23009
5541
1570
48236
41560
5430
48188
25031
38321
41231
45818
20068
47923
20417
7085
7438
8738
44820
38915
35334
38983
5901
38442
30814
37089
20665
11904
30072
16415
46218
40880
29770
25598
32350
37429
25343
20939
47393
10851
7750
20795
31910
39873
4023
22450
30095
47800
28150
44872
1596
22013
44481
14121
14810
12926
48592
7060
7098
10101
39393
5860
9981
9071
19186
5058
31664
42983
23181
30617
34221
28756
4091
44661
20965
3955
36500
18106
27268
46502
36865
8635
41423
24792
34160
8552
3132
24470
18214
8168
22141
700
9075
18023
28643
15947
12346
16617
40629
33602
35559
10253
13603
36649
44686
7768
45394
9976
5213
2100
48964
13306
43043
36429
33168
4131
38472
10181
877
40504
31004
26091
39420
3057
15641
39030
6100
48355
31892
33244
22929
324
38624
23259
42485
25551
26241
34174
31515
41791
2804
2177
40190
43426
46983
5237
829
39978
27295
3612
732
41221
26668
1890
31865
16698
25814
42478
22469
40279
87
2905
40299
1781
47986
40723
15613
13485
40927
10915
20728
1296
7355
21379
9316
42156
27126
47307
37464
7181
1629
26388
38940
9672
744
15693
28294
42145
41027
39419
11348
3123
21256
17538
4382
15412
25732
31645
17352
39566
12960
6808
11826
8300
32023
15785
39510
41966
32238
26511
43035
2161
11123
28903
37964
34658
15687
6667
18134
28347
32666
32199
40938
45226
49166
2723
14296
39579
4802
49620
16218
10117
13462
6510
20076
35526
19167
28791
22922
28411
10248
2361
9814
48742
21417
35890
34347
9839
8729
3637
340
27467
30304
37955
19474
49481
23190
12708
42499
48872
23077
45368
1999
32050
25667
27430
3587
32573
49377
3585
49733
30527
42565
46471
31873
10308
49434
44255
11156
49492
25418
17367
38536
20081
7349
7921
16591
27627
23898
43338
26333
25017
48033
8219
38810
30525
23465
9942
45773
32155
45685
46430
19803
41951
11875
49578
21493
9983
34138
43085
15647
41461
19275
776
24331
7794
37020
18842
2768
4173
42169
28296
13068
21381
42026
9954
5215
11635
39205
24969
24548
18422
46097
36562
15966
28923
3821
19436
19868
24109
49047
37859
31721
8859
46864
38194
30539
1342
9033
21370
22873
47940
38008
38280
8223
31478
35246
21084
6650
48390
13296
30790
27152
7801
20035
46595
49773
374
40362
1220
9292
41105
19194
22688
176
43942
31505
13455
41359
13903
1446
29436
11981
41145
8744
40918
43887
29616
46253
16997
16695
2095
12075
19353
24904
45593
39557
34518
15877
28706
9433
38649
3487
43275
31350
47843
3331
46125
48628
33598
31894
27142
28022
17811
7507
9883
46118
16770
27060
2577
11
41715
14136
35515
35220
4695
16856
10355
30431
21686
3223
9697
6573
5408
26515
40024
44125
47285
17559
24099
11978
40330
20398
45455
40605
3160
49478
32502
25759
12541
38677
8945
34690
12425
41489
23800
21441
21727
8901
29783
38688
23462
22577
1181
9044
39482
12041
28991
32047
17963
32457
40354
43816
39745
1795
38543
3272
25026
42005
28379
36290
24339
21824
7152
5678
488
39908
5006
19734
1178
20914
26166
15801
4489
20823
6791
46517
40219
18507
43156
36828
24370
37328
11259
41147
3377
33501
48961
47762
38382
29757
11219
12309
46554
7062
15507
11447
35751
43261
31108
13045
27844
33957
9554
44547
34383
25891
41774
2021
3826
38574
36527
8079
30295
21626
25605
20622
2
15611
19213
15131
36295
8649
20222
34563
31522
43618
39348
19862
4656
16240
1530
24497
27835
10296
45756
36194
34283
16983
32336
33253
4171
6692
107
959
43839
49100
5512
32056
2450
5752
21975
31421
11467
46082
6172
2176
36717
44748
6798
30162
15661
33629
15170
5805
10060
10511
41225
37541
12667
18963
25332
13797
19015
49684
46422
22001
30464
42223
27381
15465
18813
21341
38412
30973
17174
23295
19387
30683
38640
44929
44819
29659
43147
47555
21196
39656
33464
28280
10013
20486
5533
11331
39335
37356
16692
36531
45277
18419
25575
3095
12970
7018
49595
44620
20065
30813
48591
15224
49550
7053
46720
48490
23368
47437
8852
39580
34088
40617
40776
30936
28308
33802
6341
45429
463
26612
37023
25395
40422
45317
27725
41535
30792
44023
4234
9934
18493
47308
40027
1222
14929
1032
18971
28465
28343
16895
10058
45168
30146
26917
1057
4062
21262
45491
19226
46437
24476
28443
3560
27068
48019
35243
26702
34141
49871
20133
3235
31870
2736
22809
45159
35484
25915
5200
7
6
36035
25587
13526
30938
28543
38937
48358
22783
7924
2657
39883
12064
2983
2869
27796
14453
12029
11610
5536
2265
9328
22754
43121
12459
48790
29164
28404
27211
40085
4723
8401
9972
19757
34532
45487
38031
5785
36101
21213
25799
4448
31856
41237
14671
47319
36346
35093
9504
30178
47644
24808
40055
5821
5837
36227
15116
43106
16410
42677
14312
31009
37415
37147
35935
46793
32603
16798
8394
49903
5244
45449
49004
3506
8054
3820
25827
37050
43854
25233
35823
42878
13774
16315
23084
16517
3890
14558
7631
381
20964
10756
24802
47395
43410
49522
41767
22976
27495
31010
5587
3999
29446
24479
43961
5187
28139
24600
18008
45663
8801
40292
6430
19108
1989
35044
14492
40114
26735
1555
45557
9869
14890
4456
32009
4188
36754
20045
41044
11360
13651
11996
20731
11713
271
9591
21947
21699
5939
40955
29727
30897
34638
11033
44325
12455
25974
48878
472
19287
8932
8064
16687
1269
24950
40677
49864
31767
20286
33564
124
43542
42860
14192
23592
4442
24582
16919
2660
39020
25479
22480
25397
44616
45058
20244
42140
30540
16386
40010
36395
40579
30286
12287
23597
20217
24322
21224
19312
43112
2925
37314
8376
12768
16285
45151
26691
2011
35161
367
30503
38745
17332
12471
41091
45026
3081
11815
31559
30821
40317
14729
23437
32257
48370
18071
30161
35256
14501
28264
28198
41601
44141
45602
22304
27890
46136
23759
9642
37876
11125
39772
16424
11204
23495
17463
17249
32677
34296
39680
2574
9187
27924
15760
21447
31585
22342
7660
14952
746
20743
14009
1304
36972
46967
2058
40347
22512
6421
13865
12950
2625
5030
29502
24016
5241
12809
1175
8169
43020
37909
24575
7918
27349
33641
1929
6849
33040
13752
18111
43938
6375
560
15741
23365
34386
46335
26155
28491
43693
11175
14789
30363
48519
20950
9025
7013
4009
45954
16756
11311
10920
8328
35586
27161
11346
27065
41380
946
24744
49686
15313
18779
32968
28794
11632
6928
36400
42087
42968
44946
28394
26535
30157
20530
26326
33472
8074
37706
8484
21959
10593
47520
6253
47240
23390
5608
42605
17157
14594
16557
32260
28853
30334
12050
3745
36422
15454
16720
44725
676
119
41499
26899
8284
39474
49316
40574
21201
48862
25352
47522
35293
1578
14457
6449
7188
1573
1233
40157
18669
7207
28076
17056
44582
38752
6004
42762
22223
12567
4601
33174
43317
44233
17250
26878
2201
32733
30387
33479
18396
31706
25928
38363
3094
1156
48067
23051
1648
29139
43543
6523
37960
20979
1445
5474
18552
21572
17658
48037
24972
38001
15939
4880
43755
31926
45535
31439
39316
2063
21425
23951
12388
41793
15546
210
44987
16211
9752
15917
48418
21645
31665
14099
27586
19857
12142
45899
14865
49979
17637
16726
30386
34164
44457
23957
40499
45055
16470
28161
40191
7239
13218
33148
9069
46038
29944
39291
21655
34701
7757
33483
24308
47105
12171
49919
22369
48469
279
3545
48164
39018
7374
33617
48494
34101
18149
16952
1402
8791
42408
16266
2194
8810
47292
20459
26507
13308
17282
13327
9023
15601
17286
42627
15514
3162
28464
30108
43538
29330
23389
43303
25334
28836
30586
10899
1717
34774
2568
26276
14045
12270
30246
24968
45370
2310
21281
42498
26850
5239
9165
34839
442
24923
15435
19670
39363
33657
15471
12408
49703
35519
4071
46924
39867
37479
39658
1479
10016
38644
8806
48133
10675
25685
18345
41228
2899
24535
20251
21985
8982
40736
34033
3613
15583
18183
38290
26085
28003
10686
20724
40654
45464
16094
35427
48335
49875
29011
49396
49735
9285
39828
45235
43171
15992
23207
45561
39432
23982
24702
19018
9394
18115
20972
20053
6482
727
45989
8018
15053
36118
24056
47891
28401
39910
47434
6916
48461
29463
41150
2403
27954
24343
45013
9664
27670
29553
10471
35897
4987
26088
48852
4495
1413
16132
22248
16408
30364
16256
38033
13790
15804
21265
35295
7448
48026
32489
28016
47691
41226
32939
25780
19977
31030
38577
22937
37033
14639
45130
21701
17488
41305
14715
16567
15668
22871
20801
551
25260
33577
16855
49114
39729
44356
46376
9373
23201
32229
41924
30687
21140
22853
34899
25384
47618
48404
11446
7959
19457
32808
41859
49438
5038
20033
40933
33377
38281
45364
12303
42567
8702
8585
39099
15204
43851
27678
34365
47582
10006
43442
49611
39255
27503
20659
30103
35838
24420
20883
16518
19332
11114
32907
30512
29949
10519
43234
23222
34153
9319
3957
44839
31642
30454
4694
31404
42216
35476
34965
32434
46814
24877
39502
2332
38573
40424
30211
36165
38928
4770
11036
12912
25885
34463
23475
17462
7025
13771
5872
6786
5832
45970
43208
39925
47553
35944
48195
46273
9288
3308
39787
28645
20952
30579
35439
11471
43002
32797
48853
19886
30134
5564
34297
13238
38779
33735
13857
21549
31577
43053
29811
20566
31151
34127
22464
9108
39810
23867
1732
18698
49794
12481
8532
22531
32385
8753
20734
19890
9966
36236
37378
42240
7881
31134
16640
44859
32543
18237
47295
16729
44243
38037
14499
25741
45897
30620
7930
13273
23339
13563
30672
27342
38797
17184
39708
39643
10271
38905
24597
6237
9110
23624
5773
13020
24264
45683
33844
6807
15161
13285
242
23360
35216
19914
17636
985
16569
26148
4457
34652
8447
14106
43448
40377
10219
16658
26125
31398
49902
43945
44242
21040
32071
8928
23382
45611
31847
45389
3105
42751
31214
25111
34976
3207
19484
17931
9202
43098
5601
1837
17342
39447
22619
28408
43346
31566
46439
44732
9974
39350
2472
14923
17241
29711
9793
44211
43326
20299
37700
37987
28824
25014
20501
4404
9537
38949
15549
5661
47165
19595
36973
6088
37636
28821
32178
28744
11731
10740
20192
2572
15063
3950
42042
17868
47523
43793
32807
18223
31710
25502
24804
49830
23015
40363
15038
15983
3202
22662
44037
19244
48177
34635
17442
5296
41174
29943
11223
10564
626
27740
30590
1328
7599
26277
9598
4790
44419
18950
49896
931
39565
35030
36377
12952
39069
49716
25965
8513
8213
33176
36835
47857
4030
29526
26245
6878
10576
33234
24798
13712
45650
43754
48465
23688
13711
