11530
38649
31729
29779
2042
32998
23439
16254
48775
37916
13698
24676
7730
21199
41375
20009
19718
40800
2678
18287
35392
3110
33019
10418
4538
23979
6582
15066
25634
40315
25255
38789
39537
1319
39841
10498
13
24214
34911
2378
4455
1320
25843
11568
29713
5203
49215
48021
27295
28689
6003
30062
44277
3045
37593
24801
30510
49978
22292
25155
15473
13969
20025
25456
22507
18312
33242
45984
37064
33393
49758
41844
1121
27245
43795
33127
44917
32222
4775
48800
21823
48399
25303
33884
8375
6661
48246
44916
21071
5463
32241
10704
27250
9488
41703
6431
18038
3455
45279
5194
2934
40815
10672
7205
45813
3879
44375
37803
28840
27201
37292
16048
30112
7394
48065
40040
20148
39421
18300
37913
5898
20886
44235
1475
34377
5556
43616
28508
2314
21932
48057
26979
5721
15261
27343
25870
9900
10404
7189
25677
31129
39562
32473
43065
44857
267
4064
36869
15252
4686
44046
25127
11471
15006
39817
47173
7101
18338
8836
8659
36452
22073
81
41456
19654
17743
33689
21215
25426
15518
30825
7411
9680
4304
21773
42346
30311
38666
28351
30707
9273
30322
16376
36859
22030
1315
12089
17720
8164
17049
8995
17728
45726
6730
24663
31673
1678
46401
48714
17507
38679
31573
21426
37342
27497
11872
7453
24783
10161
16000
46564
37113
13638
37219
24701
29067
42949
17318
35725
6961
6969
11462
35238
14982
3039
41263
611
44771
8256
4232
16912
14562
36793
37311
19648
33325
48157
31206
18975
5228
13381
1344
30939
2738
27884
4906
47474
19135
31670
24314
42808
20574
15497
19668
40217
49969
48089
48184
976
18747
39600
36403
43119
35120
33180
36919
841
17169
14793
26778
49349
34244
14433
46851
44067
39043
43236
39983
41827
28901
8625
35251
978
16839
37269
40021
36272
21016
29216
3313
10996
28233
49076
46343
40924
44898
37418
43345
43527
28781
11856
21613
11122
34098
35020
26052
7576
35130
22396
31141
13270
27363
36185
3810
26166
32012
21124
39671
6071
37379
37518
38468
30966
18313
13644
35444
38251
23335
22865
4464
34218
15457
28696
46148
37578
16824
35903
4848
30973
20023
19973
13796
47172
295
8247
29319
44476
26637
39494
42491
45697
25289
6187
61
35783
20378
15652
48347
4790
8547
39449
40626
13897
2040
46724
24943
30785
15929
43525
34843
43794
23568
24424
27019
44200
30068
43773
37112
34316
49048
42116
25333
32032
41729
26058
48378
31061
5064
17177
32215
43621
21610
38927
30733
49154
47975
6788
41836
22855
48649
36909
36584
43533
33492
1578
32699
9062
16767
1843
41458
11871
21730
29536
25524
47359
13938
8696
3458
23811
43749
46211
19895
24400
35482
47008
37929
28058
45046
29335
42585
6484
15225
7422
28385
22579
3066
18967
12063
28974
26288
33776
39293
2656
41791
1695
7439
3631
34298
13238
31059
40461
11146
13772
3104
21594
7510
14087
30704
16666
45751
2781
3667
16578
34438
2443
11455
21844
33767
13237
22985
8066
20270
30039
27770
31846
47793
6376
5683
34954
24657
10737
2327
10261
29136
25856
27923
45838
9120
25642
27258
40560
35051
14860
19293
49108
43854
13402
46571
8738
1628
33409
22450
18184
8289
49842
12985
6036
16819
4430
38448
5061
8551
26201
18712
21314
44355
15792
9150
24517
21496
35395
33251
33098
16383
16172
31649
18677
11346
41356
26793
28876
11668
18813
18325
4313
38958
15316
47893
41000
38950
16042
30700
4127
33430
9208
8866
23192
13666
7763
27272
24613
49738
19093
7105
7345
32713
30282
19156
34091
14766
20394
26455
3805
43518
41810
48717
20214
1545
8386
47692
41962
37125
32081
17521
31748
46963
24043
1159
1356
3951
22646
11899
15789
28229
28485
45831
34068
6419
41733
6647
48272
20376
7863
34235
17
43151
19199
6638
35418
2711
9767
13609
2958
19547
45983
10612
40433
35798
38283
25998
16717
7525
26586
41874
16323
34506
44646
8886
43757
28984
12050
27945
6947
22942
29362
15284
22530
39424
36931
28361
8333
2055
20375
17542
12923
23367
13379
3829
12691
39075
10604
47534
32254
6769
32948
32403
36670
41156
25032
24469
1215
33419
40086
10541
24623
37971
28995
10460
15689
49530
30852
3212
12140
45808
45952
40642
30508
37663
44323
29674
47907
22259
27165
4408
16701
24221
39064
24871
43249
35033
31813
15453
49820
47687
27686
27138
36275
39718
12958
13869
23042
13810
18134
11792
25779
7107
36026
45902
18370
26086
12797
47978
14801
2460
31896
49597
38436
22790
47787
7076
15105
19774
16833
5296
9571
12199
5356
18639
36934
22188
26042
5409
33770
5576
25591
13229
38554
21189
12510
35273
25717
37449
37637
40104
1175
38011
25532
9832
1727
9125
35905
34829
3467
32189
15631
11104
37089
3044
16977
20503
17832
13709
36338
39000
31807
24714
31640
12241
41524
34213
43934
43301
42637
48278
8379
43737
14160
36779
42985
7971
13545
8131
3368
30724
22114
35679
32758
44903
34107
38271
7275
18921
1558
38663
13066
739
29283
29898
816
49013
37679
31865
807
16691
3377
21744
35863
42694
36355
37396
16276
16349
18430
12723
9751
16407
37633
22310
46392
46858
46390
1341
30031
34449
26867
5085
6900
22758
20406
14524
28140
17009
43329
22244
46565
48489
14740
20430
13954
21119
7551
14352
26593
24379
21847
42882
18481
19113
21108
29813
32564
14344
4453
33596
22753
3159
16515
3340
15188
48406
6725
8542
21588
47867
27957
28659
29375
5876
26674
9180
39730
34202
38567
29943
37490
4357
11559
23812
32203
42279
6139
37261
15560
14545
43028
17785
46015
17624
32555
36533
40899
30241
46385
49860
29356
45484
42361
42515
16546
45849
48540
31116
12530
28162
16356
41653
23956
4392
8038
20522
49552
43470
11527
48327
26229
15109
39774
28439
20097
49077
38518
3464
14228
37391
3693
5655
14804
31138
11751
2224
2379
17179
27908
45619
21029
44090
26630
22174
22419
3037
4735
34944
7482
24751
6544
22662
30878
49882
8669
24930
46131
13507
38845
35884
41706
47276
22989
19457
11731
32532
48047
26123
12981
4435
27915
6818
31715
34294
44196
46768
38152
42847
4185
22586
19358
13143
46161
11963
24732
379
46463
21520
16817
21696
27371
33494
17637
31437
28900
9725
17126
15947
33177
23402
9081
43778
9691
49754
8657
45626
6782
16736
44956
35650
16506
10312
4032
41921
11796
31106
23628
25440
31380
47771
18834
5338
36657
42749
43232
7919
43911
41776
39941
33191
25028
37407
49407
13030
15304
29931
10599
42264
32900
18363
18781
48058
29118
49041
8182
18800
23838
44296
9585
15555
36878
47624
29640
9364
36516
22089
11319
12850
22013
8177
32861
36083
11264
48527
43822
11007
37909
47123
12342
21374
2683
47518
28806
40492
25875
30994
20591
16747
30107
25948
24677
7651
9068
25547
19193
17550
26064
33489
46464
42696
42120
10294
34727
19220
7707
20990
13112
3737
28952
12776
16638
31431
19049
14508
43017
49492
39116
556
42554
1567
5603
20102
47416
41607
42094
4600
40886
44680
21601
47093
14634
48346
27058
12190
44291
21343
30236
13196
21117
23413
22208
21816
8051
49962
37367
23673
22658
9859
17145
46952
9006
16936
359
7209
46207
25901
43177
29479
38417
15587
6982
40253
27034
39302
49749
45246
6913
35609
37365
39689
36175
2651
37004
27971
27845
8651
31460
40087
13241
23339
14578
18119
23052
15626
39030
13983
20075
27156
13350
49069
44465
45956
38396
8176
33274
35119
12634
15245
38369
15836
254
36352
3427
4675
12774
13797
23302
43354
19073
29022
7915
16715
43439
42473
38247
7356
25362
782
42198
49044
43712
38034
30419
3226
44775
31525
2677
28854
37398
10230
13705
28322
33391
19785
10144
41547
35385
11874
28521
34849
29059
10300
10041
6019
6587
22891
31346
6654
33018
26643
811
45012
32626
20740
14851
33827
11737
32804
2826
7583
44498
39353
1534
21781
38507
41788
12226
24426
42959
30212
16328
6239
17856
44225
15060
9382
37474
20474
1754
9688
39005
37595
38626
10581
886
19078
49518
14100
33212
22892
358
28861
4106
39074
15695
23511
49273
23143
30417
49674
39478
8631
7794
45986
34566
38294
43033
11812
920
36707
2641
36265
8037
29007
43997
4325
33630
11435
42891
3023
9332
35592
44448
29940
45133
2680
45846
5063
41055
47869
23444
12025
28349
30259
44358
22742
25976
36323
21905
19000
10942
23423
19086
34340
46481
8329
7059
7936
20494
3024
28197
11557
46369
32360
38826
41968
13539
17043
8630
14459
35653
27570
8582
32337
48661
27257
4896
14795
26592
2238
18096
33543
7742
42238
26060
26937
49324
36604
48395
32341
20563
6113
8230
12921
30233
48709
11514
32943
29393
9934
48636
10276
40390
794
16190
5527
48985
4739
11129
3673
11015
10475
46559
37071
14188
39289
48273
16368
15093
27183
16206
34121
10670
7025
13129
4824
33881
32685
28320
18608
12156
16943
13044
5708
1885
44556
38540
8277
28138
47806
21688
35588
45947
43280
15321
2597
3240
31696
7617
25396
34079
17130
41863
18222
47856
26322
44080
12824
28281
27969
17388
14989
11561
49867
44606
30917
23002
30326
4909
35154
17684
44836
49787
20663
3141
6772
12580
31392
9731
44873
38714
39248
45571
29013
3374
35559
2909
19582
23690
42755
31476
19147
40849
43302
48782
7817
27219
38087
36790
15147
16938
7459
30211
14654
35935
16613
12803
21529
29194
15500
21970
38873
8851
21871
27750
38330
10417
6802
47962
27268
27575
21728
21943
3884
31831
47730
35250
45130
12851
34318
32317
695
30972
22601
31947
39495
3398
28908
27996
38109
30490
10072
626
19274
46282
309
31520
10553
32656
5041
8467
47062
22280
9266
36500
30017
21045
39729
24242
47085
25932
48491
13552
18034
31592
48218
22264
36642
4537
18656
44420
78
12169
46863
34148
33607
30334
31502
17452
27746
22161
1087
27353
28784
6659
48209
39716
5912
16820
2168
8048
8432
46414
36699
16921
26587
5647
28432
49228
44802
1690
32882
11748
35851
17338
43104
14692
45268
33552
6750
19519
13501
15678
15057
13980
38145
23603
9878
37800
7825
24142
17814
29349
46703
37782
47991
3522
7004
41340
32751
44352
36167
28490
15726
43572
2292
36830
44186
29092
47701
22250
43217
12563
7703
36212
49893
43761
27188
22804
48983
38562
15211
38758
28685
5164
32880
31662
19084
43682
9061
31726
43260
2962
6498
21411
12326
26440
4663
11678
21612
421
19733
3929
4763
16928
39675
7037
22
3083
25498
37155
18366
20288
35801
49144
4171
37896
22204
16633
16106
787
21922
12549
32971
34106
46345
49732
18294
42363
19273
34965
4309
21358
46418
215
27756
48590
2178
46919
23127
1942
13734
14951
22132
395
14628
49691
42436
27054
45374
27864
44065
37329
12412
16240
15222
43707
10079
47786
20730
46398
27920
27868
32224
25560
1191
20840
46023
46524
14402
1762
42034
39799
15576
31623
43695
30926
462
12968
6562
38404
12700
30545
18446
40176
17683
13852
428
40317
15275
48839
25583
17768
10182
31921
5407
34731
27976
41581
46494
3898
10500
140
43311
4072
1485
9968
5669
6290
46716
13975
13424
22732
8010
10434
609
13833
15249
26700
33523
11478
29081
15894
19562
10164
22109
40354
11381
10681
39798
2495
30641
34799
15837
23767
44394
45687
36749
25608
2847
33043
42230
44135
10321
15997
2342
35569
4466
21647
19175
9668
48977
34785
10636
9962
48207
40537
172
13798
21156
45871
49665
15267
46595
6752
22961
9349
8030
19813
44736
44047
6512
23967
23479
6778
36724
47524
16485
2637
10078
49189
5340
9366
25049
35249
30778
43953
19478
20603
31227
24209
1712
46549
26943
17378
3491
42940
8469
30581
30046
20255
4373
35321
41394
23031
41399
28792
12540
31534
47448
44480
44295
44246
8354
45406
14517
15645
39315
20402
22494
42599
23071
4114
2074
13978
38399
16539
4327
37590
16784
18700
24908
20370
30816
10802
425
11807
8352
19506
10755
856
12621
27926
17759
4192
5762
11656
17526
6223
42311
1789
28230
30284
22409
47078
31558
40135
3434
38526
20592
21208
13104
13974
13293
12207
43793
10778
10894
33967
2890
5939
19023
3059
38582
7177
30820
21860
17153
33522
6442
44553
18058
33943
7114
28224
30251
19149
49214
42999
33345
36855
43323
39271
16556
39719
18054
24333
45468
40654
47385
46781
11698
1343
7370
43035
31046
41033
23538
15665
37776
18329
32250
41974
21438
46012
15018
29100
20545
1590
26015
48498
40991
21799
8923
10024
49276
17497
32
18122
27585
3531
27825
41749
45989
18535
40173
38091
1062
7375
14048
1524
24257
44101
41080
36828
10671
40549
39028
187
45150
45134
25165
39779
44136
29365
31468
23391
14544
17190
30054
49253
7233
23216
30519
4793
40112
9395
2865
20296
13210
45
7425
36572
16466
12421
7244
13354
583
28602
1206
313
45917
21948
27811
25769
46665
17625
27526
4478
30572
31475
6248
17685
29806
1626
16132
11039
7164
35873
3022
8715
17876
21887
3823
17813
27787
23616
16953
34132
15335
44636
37953
7228
30560
29178
22831
43701
19859
26746
27547
35625
10380
8207
11148
38715
46698
9175
15427
44649
43076
1597
6602
42428
33823
22012
23545
45963
4825
18147
32199
15581
33033
18382
6540
20493
14737
35987
45725
26328
17409
33041
15059
29098
13231
22573
47429
31341
3615
21497
7693
12387
7979
46158
22023
10444
11361
24029
42313
33794
3098
27589
38361
21233
2659
24979
42712
10876
7131
37503
5081
14598
31288
26435
7560
7991
14170
26351
25407
39732
27762
27337
36300
31749
32226
40879
37997
43672
40545
48553
17443
21109
42655
22540
29515
24111
28094
33406
35218
7834
5860
6387
6027
26952
34238
39058
1894
7577
15818
16268
5289
16778
34197
6069
18040
4116
29726
15882
42703
31771
25868
30429
48261
48814
27428
37168
33252
40068
26329
6185
20837
5785
42111
43900
49709
46708
14386
16157
43143
19977
40136
10430
34287
27502
14784
21383
11938
31705
41829
30954
3320
37
2894
1629
31271
19464
290
42480
1874
3272
36871
6940
19866
15580
33642
49098
8544
7776
2397
13606
30595
48305
6519
36620
24359
15288
22694
13677
38044
5391
22143
897
49784
785
36291
17017
21687
47825
49954
45666
21969
46042
32247
22307
14791
20008
10354
42603
11321
47646
9130
11624
22113
38545
28779
37453
40506
40000
8882
43099
4518
6317
10958
533
46627
38282
41118
919
26760
32328
9432
44099
13249
678
12664
12439
25451
8334
34642
17083
48484
10747
34619
33836
9633
121
45892
5834
48851
26165
24145
35974
29523
13898
40900
24459
11058
44381
34663
8525
28494
42008
39702
7335
44304
13188
43508
17540
24968
23746
4676
14617
6567
6467
17753
45023
3306
7813
26022
12546
2388
21264
46972
14597
38133
37383
46146
48792
11770
44061
43846
34613
31424
17630
45941
34531
38268
37069
23818
38214
33978
32284
4054
26808
18815
25858
45885
4955
1370
15878
16330
38183
18208
1501
7997
13691
5047
42277
31651
4260
1822
21021
38548
7264
6734
31215
25387
33557
24554
857
39297
17173
31691
8058
40648
29020
6013
5442
48174
2770
9865
4831
46487
34932
43752
47182
44269
4628
31375
49872
5962
27798
1130
47111
16962
19182
29502
6279
24759
7293
22575
21695
2269
34603
46490
3345
15020
5947
16266
12661
34424
49344
33558
25355
46766
8343
33347
5190
31969
38829
7033
7161
6591
34084
7858
29612
25157
27648
38997
10881
18982
32682
1147
14393
49813
19630
42105
4169
19205
19983
39317
7653
39239
26169
35014
31105
39114
22309
20815
45750
42946
6495
12786
48692
587
38547
32483
8228
28071
6935
725
11882
24743
37299
30447
10761
32512
24737
38357
45252
7626
23892
1956
28491
22789
27753
37039
42485
16593
35518
15903
29203
46854
4954
22522
32942
5974
49807
44992
42997
8522
38131
39303
23157
21850
34242
8955
34373
32768
37640
18341
20335
8391
17935
8187
1603
16549
18365
28741
10521
36784
12027
45377
30755
27482
19305
27187
31856
5879
8453
38536
30918
35349
41449
17806
16608
35890
34903
35491
29836
6826
37001
3947
5972
39491
42016
6827
19873
480
35520
7113
35398
38880
16352
37488
15240
12802
35032
29184
13612
9553
16521
42897
25051
11653
35826
1813
4302
37392
26515
36532
33521
7786
37404
39991
24507
4900
8382
29045
3172
40256
16115
21977
39427
48619
16799
48646
7900
4044
8790
49937
26234
21866
40993
27918
1115
36449
34532
17848
28705
28935
47904
35621
24447
41668
27898
43349
33718
37088
1294
47195
46144
45030
18992
45515
16958
26537
48467
26185
5713
3287
40471
28454
16226
9220
23926
15951
25730
18636
46378
3928
48221
36737
19580
22729
42910
19909
17315
37907
1840
12881
27599
39142
30811
15384
41513
20477
1036
18862
46088
22159
48823
47018
40064
46116
23450
1118
26033
97
1270
4565
34647
11857
39809
36257
34798
47256
12267
5068
5957
24666
23535
13361
25661
41351
43817
46014
21667
25789
31323
21675
25114
27792
30596
5329
24525
15832
17158
44586
28484
40172
31891
14284
6025
26003
16597
36762
3414
10784
45081
36680
37158
47649
17261
10638
8388
49347
22115
30272
37879
23405
18146
48007
34095
32698
20891
31098
23294
3493
1070
35443
23532
3161
47068
3307
28018
12972
29692
20109
4990
32462
38041
23606
12430
23088
18666
43823
18890
17055
28549
20119
45473
25533
415
46961
26961
10314
11499
18215
34090
4679
274
15579
8064
4988
28775
35378
18042
11360
18752
8144
18085
27286
28590
15785
21684
37164
21777
41696
10200
39662
44892
40478
16831
14675
12960
16139
41144
42594
27696
29685
5936
42132
3511
35850
10107
38290
19410
48706
3616
30101
12107
26959
17426
11359
46893
17002
22857
19941
18235
49319
4184
16377
19044
24045
28295
25737
48812
4190
36860
48750
26366
16408
2155
48308
42458
17569
21357
25647
5106
45234
26613
19127
2277
11255
43484
17291
37545
3009
26268
45531
15561
44429
30485
29823
49755
36123
4819
46562
16388
13628
47871
9888
19599
5902
16116
42682
10094
12957
17481
41818
26672
25471
24712
512
36625
19267
16931
44176
8377
8918
42290
32169
18839
40865
13696
45154
43031
8298
41953
44239
12200
17665
4631
27826
25374
9340
17936
23055
20032
30956
996
4140
5566
39822
48801
15207
34771
4913
22724
15900
7433
11364
43167
26023
13224
32741
32598
47759
5516
30433
46129
889
1580
4194
15755
8032
12597
39566
25714
9483
37810
46867
45159
34735
18614
29648
475
40837
29167
30320
40906
47799
40031
1783
2923
41259
11451
13679
9906
35387
46603
49394
15831
49878
31878
33897
19538
37409
45612
34034
34135
49397
37853
37740
43372
29821
22704
11477
16595
41430
6594
12658
15215
16313
9251
9644
1561
2101
33259
27277
5606
46307
2385
1125
6579
18254
13971
48944
16565
13451
9877
1466
29304
23684
20601
26682
6581
39962
38461
45880
47218
45583
31439
18586
1274
42407
7737
16960
35158
38703
49467
38199
13551
2691
853
22547
40054
44762
40765
40591
821
30182
24281
41255
18898
41157
29085
37492
25054
44377
38613
30058
13765
14142
11487
11263
27179
49656
11971
41717
25598
27014
8472
20738
26372
257
15433
48177
25361
45479
11519
8635
9434
30283
45822
14236
15048
8614
22323
49592
7315
47131
20541
33389
33429
6929
24313
35469
10374
15773
314
44563
29224
8125
41558
5773
29207
924
34124
24703
28315
17147
5363
32444
11312
35924
40731
7135
9909
16426
32171
12353
44564
13178
29506
43920
32160
4861
38387
49861
2465
27587
5162
42093
21293
42649
9651
9021
4932
8086
33054
41735
26824
40184
18078
14511
46005
38602
2197
31409
23864
1217
25771
47711
43181
41956
28671
49588
41988
19315
20409
23006
17471
14666
13701
3354
28994
7002
6631
49521
27580
23739
6842
14082
22398
26714
26650
18511
24844
14372
20710
31019
40999
1955
48380
33121
31078
17094
24599
46823
17972
24134
46220
27899
20069
41088
31663
41885
26918
27461
30664
47911
42978
6112
26210
46064
12385
25261
16215
40340
27977
49536
32645
25697
46034
42983
24402
3143
6110
48863
41462
31721
12091
21962
16888
41748
25282
11637
38467
36019
24408
11790
17913
45500
1300
4102
46746
49896
34299
17739
26844
13107
35003
34618
213
46346
1373
3068
16678
2540
1677
17871
26677
32108
25478
11564
23919
22782
5596
20539
18203
7658
12419
29849
13427
19005
23762
13061
27004
26137
23982
33425
19412
48539
11851
45445
42243
45873
8611
44625
15935
14348
10563
30783
47732
15974
21863
11160
14239
21869
3595
42396
2813
22566
28000
43129
9112
47545
8068
13163
45848
7780
17048
23137
17734
1488
16848
23930
48576
1806
20114
18136
6289
35361
3404
24639
618
18197
42517
46513
10232
14162
18292
3279
13597
45548
36053
19039
10649
7965
14258
37298
14363
21995
11208
47959
11665
17053
7350
23478
12864
45097
10530
15486
12908
26379
32706
47159
28982
12566
25743
6414
16402
2447
41094
16178
13477
32799
37783
40700
41167
4050
25239
37582
3028
1768
13283
46370
12826
49811
3788
9024
5264
49818
36201
23647
36292
49809
26904
16551
11468
17777
26801
19328
39979
48937
20249
13397
4113
36515
35165
47890
6256
40386
30652
18930
41302
7456
8510
47236
41188
32091
40236
36513
42698
4519
6558
48005
14422
7001
16988
26547
45841
27749
12812
17406
18699
48122
37814
21548
30277
17906
3774
19367
38940
18032
2032
14855
35862
9328
16492
39805
23476
19879
17154
33658
24140
38482
29576
32541
23617
13010
4257
18243
16497
43974
41504
16197
7142
6847
28148
17050
32729
14983
35065
26159
48204
4712
868
16034
33356
31121
26649
44633
39243
2161
24850
41005
35827
30196
16832
45721
17978
8594
45338
22847
14893
22321
32070
7685
35101
41256
30516
9138
22005
38680
23594
19168
49280
13892
12340
42203
49168
13751
5058
5676
18513
16129
17385
15270
1185
8315
12312
41235
39461
33837
16989
21796
32914
48206
4978
31521
6309
30821
7077
43438
42211
16478
10706
4168
26847
7306
28188
18767
38671
25016
49517
39263
28547
48592
6409
40968
48688
34265
19784
3484
31444
1256
46626
5608
38306
43044
40153
9578
2755
38358
7623
5155
49845
4915
20284
4517
37880
11204
225
16078
45319
49443
2991
11209
36970
45780
7382
3812
48789
4949
25325
37483
2466
31914
49822
4434
34067
43135
2980
28796
31779
26655
37454
6326
12627
9873
17733
25320
13937
43371
21413
45413
2672
15013
35153
23925
46243
36535
49625
47329
6552
16424
30183
4998
7471
49832
34475
17090
12767
29981
12499
8528
2608
36460
27684
37359
2918
22639
48808
23452
17886
22083
4356
46491
48526
21427
45145
19390
49519
3705
16031
42250
18177
35002
24878
19548
13916
28081
24870
18558
36421
48840
14792
29621
32928
47100
42248
42685
37903
6950
40429
16445
36432
39612
31179
44496
14695
47667
26020
28850
37430
2720
10852
28463
24588
7946
27334
49862
18523
49580
24967
38202
1958
6521
46266
25173
22305
11317
7476
30329
14574
30708
15657
8507
39219
11972
42226
36408
29014
42438
46979
11500
22585
49843
27675
39821
38853
6509
38274
20643
23353
30176
24498
25324
11900
18680
16171
16061
29192
29507
24081
14225
36695
18648
28941
2420
21410
12142
13553
35702
355
30296
25758
49038
5468
14401
5365
14285
12338
14496
20277
509
37862
3680
28568
22350
40
37741
18402
20000
3559
35079
30308
16927
42731
32774
20065
24936
16956
11343
11652
42729
49618
37845
41209
12350
46231
30929
39067
49947
40781
7152
31283
27044
33626
41794
2499
47544
36479
18994
666
24019
10255
18031
38586
32312
20538
13302
16147
30076
48624
5534
29666
20659
24654
9423
32527
6553
35774
142
24940
44924
32263
49455
4696
47434
10508
45588
38198
28645
36712
11261
31555
7511
24258
44104
42769
31655
26422
29914
11733
10010
9167
36969
24435
47179
41660
2012
548
41576
34962
35377
5053
9379
45352
13622
32405
30710
41902
19931
24917
31484
4973
40663
6081
43424
45343
16200
10373
19780
34166
35210
25435
42204
8407
47969
28824
49009
34236
20572
33553
47657
37350
13386
28875
40036
12759
567
6464
46589
3017
14827
9235
49050
40375
49568
25682
44822
45969
46152
15134
47770
47092
402
28337
36267
41177
8557
32213
7173
38222
46120
41096
41671
30606
17236
5125
43608
27229
27556
47007
42179
34149
6189
15023
39389
33228
845
30695
5362
33341
42532
39104
37618
11387
24948
11682
6200
5167
48859
22319
1383
22770
26633
2530
30842
16735
38952
3419
40980
23140
47389
25986
46646
36461
39117
37025
8624
47177
14873
1526
29882
22178
13680
6089
35060
9451
37702
30832
37194
2685
42725
39280
38406
27235
22627
18398
19448
19257
42128
28420
24014
8585
11175
37834
30533
27869
48602
11322
39044
10142
35804
21083
304
23712
34097
2255
44403
8898
4166
15351
16486
48729
19231
12173
26228
39007
23270
4061
2372
44544
42309
23477
30916
30049
29295
14888
7546
29330
38866
35566
17358
8091
41111
11750
44804
24185
44181
3566
7645
49582
27072
24619
40014
44846
9392
17072
24774
25206
35525
42752
42197
31412
25766
11758
12737
1284
21511
48049
5123
21846
29409
6738
10316
29368
1827
12870
21982
35965
37894
28656
31687
38599
30942
41244
11525
41059
22418
48342
29266
29285
10265
3487
7118
41367
6699
9805
40149
9236
32358
24325
14033
41948
2037
11201
1588
17644
906
457
48536
19781
26508
44773
43074
23365
7461
33116
3603
22417
25366
1765
35235
34721
49066
19178
24542
3769
13436
20831
12641
20703
8679
40760
6830
9341
1168
34249
39736
15454
40106
35578
6588
47441
46214
3910
37475
29695
265
11249
39854
39299
31532
40592
18810
36107
26304
37023
5749
1684
22633
31447
8342
25260
34635
34645
39738
32014
47665
25959
8168
2681
6367
12395
3789
22405
12126
12234
2358
15967
8043
43200
13756
47880
36085
42979
10632
40713
25645
35773
7449
25316
31280
43405
22475
15868
24559
45773
30604
20696
43416
7043
23701
37094
48351
40851
29185
32382
38525
27870
15592
37443
14990
48895
32223
23
13272
24853
5397
35760
47961
833
40516
42923
6861
17386
24249
25918
42098
10008
16212
8201
5796
32516
3553
8915
24068
15452
29858
4971
33271
9768
2421
37610
21930
17374
44271
47060
47465
21084
36078
6318
42832
5515
30200
18090
37413
27761
15781
7970
34959
8493
6793
20509
8815
18622
33617
27981
39338
46256
48285
11811
16940
26053
26216
19458
24179
25270
41190
18547
24656
1338
40823
6473
33756
36169
1171
38165
9717
31811
45915
30500
42296
48396
34369
32118
5141
21804
24924
24073
1715
5441
40699
30016
14477
4040
48052
35580
34710
6260
40569
6470
15353
35674
11488
19029
12966
18471
44096
31925
45263
9692
21038
20871
44890
42270
25847
25606
49936
40438
40793
2791
23648
13357
38867
2854
37558
2750
16520
9698
36873
20352
42127
12196
34780
42014
23952
42487
46439
30927
17608
17520
15195
33407
9703
39342
24546
35438
21655
34261
14215
23729
6390
41241
45277
18067
41307
32198
23514
45470
5714
10964
17156
43537
22630
17781
7664
48960
22899
45966
20550
34946
15712
14261
41537
26224
26770
3418
44267
11022
14479
36112
1915
34145
38303
34201
27842
9172
20978
7083
2666
21403
42210
12279
1213
35504
20476
4429
21405
5719
40393
49341
28674
47452
17916
1361
27668
16812
40966
44588
1838
39974
33919
15782
24877
3882
15010
5639
2017
49891
24548
5254
8975
9682
47645
39994
25617
40044
16669
41659
6943
41770
33774
43861
40951
26941
30920
633
18108
24048
20544
27035
34725
17165
7239
37979
14024
45317
6499
31784
33021
42809
4469
21295
36202
32838
24299
37684
1245
450
2309
287
18326
1399
43507
23881
42403
16324
12483
47322
19688
32072
20021
47965
19297
37198
29812
11115
44017
14259
38805
12831
40347
26632
26095
38943
9689
40756
36152
33213
18725
15116
39575
40133
41397
6708
9770
37021
23301
36631
26557
17288
24200
39049
3733
16616
45733
29754
33892
37797
23552
12093
27282
23364
15987
30739
33153
5578
16484
6476
8267
4295
5857
15982
16568
38913
21881
32784
5542
3520
29213
14550
17356
18818
20913
48608
37485
27767
29258
21499
12438
42452
45599
33574
511
45090
28646
49725
28813
14757
44612
34604
18562
6563
30990
46255
45680
2239
36295
20721
6224
36603
17018
38595
15759
33812
2057
27804
7096
4795
9121
40786
32438
11636
35848
41106
30759
47971
44718
18106
25042
45657
45942
37325
4062
39452
156
12187
11946
41480
28434
43907
5057
27010
11613
10102
32480
3612
42447
146
40934
27700
30934
41992
32436
30393
28057
40075
645
2254
44115
13586
9013
25603
33136
901
10880
13360
13493
17413
12453
1382
7031
16745
12586
19819
47072
33764
30450
25994
17812
22342
34161
23283
36768
35687
11329
22051
44817
18809
34356
45394
39463
3472
4250
38373
12529
15549
22757
24356
13657
598
7672
30045
28464
48611
4153
8869
855
32234
36632
21193
23833
3483
23962
18104
45085
14786
26648
1460
13439
11096
35487
25295
10920
25774
48092
40718
42173
13310
30686
7771
27296
7727
31207
21060
40351
31060
14723
26949
8103
30095
12445
48200
38608
16237
49631
26728
47999
28780
34007
43933
45644
10785
36812
40543
38157
38259
11979
11450
23664
43013
28054
17797
46868
39222
8752
12991
37250
13812
37008
28309
7032
38334
37986
33534
22314
13960
19843
27911
33998
4349
46915
46432
18762
32773
11432
37646
48848
23460
5234
14614
42900
19225
28627
45398
18431
11236
22468
16233
46776
36478
17450
49298
45551
47768
31836
9936
25056
21533
4789
2519
4419
34935
46335
22881
16286
7789
20727
3381
6210
9557
36776
14848
10132
46008
6358
42505
3893
34474
42273
9834
36001
49388
7162
43898
7917
30286
19381
45567
24215
39166
6892
24710
6444
25508
23208
16329
23036
29106
19565
34697
47927
3095
25434
45636
10147
25759
45908
4092
2587
46718
8055
19359
29437
37495
44830
20292
44156
40432
25202
10659
48116
22317
37983
29856
24833
21893
28550
14600
19209
10163
34996
24346
11035
9110
40640
27321
31577
34376
3391
18373
10390
21278
36866
3019
25778
23331
4620
4009
31325
12024
33286
19643
35618
26797
10382
7729
13813
9486
21716
40761
4703
40430
12947
24421
41622
2223
21791
12247
10585
737
28042
19246
21673
35422
43548
5651
39052
36477
1128
46028
33008
34729
18574
3622
43713
9976
49798
39628
30331
46422
16026
21373
13862
16284
772
19319
20778
21007
38001
5086
27005
8702
42193
45565
10245
8274
19739
39249
31700
27687
23342
34559
32077
8724
42431
37389
935
34984
21876
2515
33144
15135
48060
44152
45311
7236
46181
17248
6445
6689
23503
23110
6746
31377
38039
24831
47436
45418
26078
10566
10594
49472
6879
557
6501
7166
47715
13867
21853
35489
39599
17595
31815
1713
34897
44933
35583
49405
11431
43455
15673
29206
5667
31816
2363
15007
45423
12375
36991
15615
45162
10197
38628
17205
41145
7718
30714
39165
7125
8470
14146
23563
12945
34970
23258
33106
12971
46045
38017
11705
36118
43670
33864
34759
45729
8607
24271
23271
25889
42701
22966
29402
14148
38115
26384
27485
14656
46425
41212
39435
12886
9612
47334
21161
38256
32469
20793
33843
18685
28365
14181
49778
32867
487
16380
22733
28579
8996
9297
21485
19403
27754
37007
614
9453
4137
46458
19745
31235
13489
30705
44072
18528
3326
28733
22011
41692
35114
1066
10911
37981
25242
31069
41014
29511
26697
29872
40132
37410
16543
6518
10811
45339
43872
22690
24310
501
9318
16926
11472
47595
33921
19681
19533
20301
34875
17793
24849
37813
536
17766
43054
36068
12611
6506
49624
495
44752
45383
14502
18624
31158
36761
1340
14640
10948
5011
37487
22492
26293
14615
35506
7882
29257
46441
13806
36899
10453
29078
26953
23352
19169
36135
41473
30499
26545
25745
21840
14958
21454
31543
10474
4283
26869
28844
3911
46123
46258
3155
13132
8015
18477
37530
5983
44425
7890
5174
31422
21491
37048
13966
39685
40496
11295
38660
29109
36659
48073
21565
12953
20528
28327
41251
29888
88
1093
14469
4970
37233
43651
47993
30659
8384
42817
15910
3153
35047
46560
30843
19404
45934
38344
12830
32147
1985
43075
30807
32080
18094
34623
26323
21779
8849
40711
16869
24836
4799
10533
5646
30666
39458
34336
39637
16652
39614
44123
38325
20219
5151
44737
46623
9975
19961
44741
27059
26690
39546
41943
38201
44631
46507
29298
47168
28931
35936
5192
27702
39436
28489
40161
40878
48911
32855
20164
9847
8059
44263
10470
27102
2491
2966
409
1079
47196
5989
41195
9745
11793
17108
46622
38685
43811
25198
45198
21397
48603
7493
2715
29800
21620
2332
37380
22024
9348
28837
4183
34060
43838
25869
9530
21991
33790
21506
36271
24170
49325
29657
38619
43112
8415
33
12622
46819
32686
30779
14997
1186
3689
43540
30944
24274
14573
5915
47470
17824
31180
19992
46976
41901
31266
49874
21833
16490
6997
16575
25575
10734
21692
24928
7478
1858
209
18153
28822
49560
18674
41368
32373
8948
18683
6339
8757
33109
42908
6368
25710
14176
25644
19811
26562
45028
40646
36549
16318
18508
33038
19249
18327
8054
2349
43459
2505
47569
39391
40016
49179
31136
4883
195
32431
49468
44848
46929
29381
2015
28214
45540
40750
3648
14126
28412
16179
26080
30837
40902
23202
4945
43758
28196
46736
528
38835
9102
21908
35199
5414
11777
49278
45056
34656
423
1496
48752
31689
24267
3815
26645
22441
33822
48457
42496
36582
17658
33440
12094
38455
33751
34221
628
33937
28436
26483
18019
27190
31025
42555
28654
41299
10320
17931
40581
22644
1432
7827
18569
9056
39839
36324
31570
9139
14132
39881
49904
32065
46109
28913
37103
39862
28483
34046
29802
30764
5107
25850
48654
38538
33312
8210
9409
14668
23731
28183
46712
33145
34431
48980
44387
34730
10088
30554
18297
6572
25685
35535
47583
44013
3621
41372
7016
27455
27632
25389
35715
3856
1352
46657
4877
30526
38123
25570
36114
14728
48548
16754
49419
48788
12364
33104
36321
2609
12357
36629
39554
37060
36049
9632
36153
46922
49785
23378
30122
11672
31298
33816
4727
35205
28182
9298
48032
23625
9947
23643
36908
21089
18811
23289
38833
18787
33570
21096
13571
47011
22421
13449
9357
266
41373
44442
38224
3403
33633
1952
619
45189
36358
20256
36279
10956
17973
37841
48514
16740
19158
3373
42720
42506
21334
29668
11012
17854
18693
9535
46992
35904
15563
35700
44523
40948
17081
710
29088
25441
20755
32220
13219
31850
41838
28783
5622
3974
36489
28063
6820
22228
7591
43425
5447
12749
26184
9166
25855
5833
45845
47406
32433
39213
4243
16416
38391
1203
6084
37344
10922
37337
33264
16510
44386
4794
42912
40524
38868
7421
38784
16364
8530
5208
44539
2218
31904
14783
6208
49905
7337
20355
2964
17807
29636
18206
25275
17778
17029
23738
26893
40813
10112
18360
35667
48170
41168
17962
22652
29128
9174
14112
22897
41890
26432
775
46296
24648
46527
22282
12479
21346
29777
49259
10342
45679
26708
24440
13998
26666
23559
29
35307
49387
405
33230
1740
33862
22139
36954
3573
36824
9720
17117
41972
27673
5490
45466
5812
30547
43176
29017
6355
11259
2525
39111
42422
15369
21699
40880
7631
13291
11605
9245
47633
12441
15927
9458
48059
29415
15055
33784
40169
5154
18259
658
42323
20223
1671
4925
37574
296
42977
33994
10511
47740
36617
311
13663
23609
44002
43265
21022
41387
19055
19167
5444
14339
26413
6696
26495
48832
32740
41602
9626
37099
28706
18749
31147
38517
29064
43628
27764
33001
38991
36587
376
3231
37868
27993
2674
16395
9271
45794
19326
37072
31759
18644
40373
20911
6159
13296
29959
36581
24816
35551
49084
48841
48401
49853
2361
46288
44084
45749
37526
27857
29781
15920
40775
45349
2116
20972
38474
13002
35989
19336
6099
35639
14209
46428
6870
23576
37956
11280
48697
35644
21169
9673
38281
42300
1938
2959
19826
33909
5700
23935
33741
29673
29519
22841
2477
12811
32787
15757
48195
10513
20106
10609
11484
38822
29435
7584
2598
1157
16700
13243
29585
6238
43982
37858
46694
13989
9797
11302
42783
16789
21835
43806
26462
40147
6955
45607
10004
37148
44911
28612
40486
13012
15462
5513
385
20820
2022
42137
37362
41727
1494
36676
5506
22775
34541
24515
14334
42879
29703
29834
24982
6549
37695
11810
4284
33811
31406
35240
16305
39950
35056
18505
503
43951
42069
33351
42708
10057
10975
22428
5817
268
13851
13432
8185
2350
3662
20626
33118
34698
1743
31776
37478
24230
20419
45308
43578
13548
35173
27522
49379
19610
17619
41823
22373
3386
42863
19247
27096
47327
41015
23907
36504
46203
643
9107
5071
16731
16582
7574
37015
25271
17677
15671
4723
46093
38231
29883
25689
46329
24606
20232
24935
9360
17475
26242
22467
28884
42009
10872
31408
10777
14790
49499
42684
44146
34156
4614
6848
9291
12841
16711
3107
25247
31940
29920
34496
1514
1553
13070
22697
32383
40465
22066
18193
3310
13278
2733
10799
34533
32410
32109
29842
37583
4669
18632
12728
16629
2862
5187
35401
6773
13647
18957
30324
35764
19908
39429
24668
20993
22158
6046
38858
35080
32362
37374
24463
44372
46484
16802
36914
12747
30539
41419
25525
19031
30565
16732
33993
28237
8150
17200
19467
38492
45292
39432
28746
19272
43132
31574
23669
45847
34056
41716
49824
43284
47897
39695
21849
19808
8940
34580
14655
2779
41323
48155
1470
41377
19271
41150
13118
30591
11202
26779
18595
34446
27
26113
25905
16532
26865
15202
29566
37228
31957
7330
26554
30570
48554
29161
9693
38766
29196
31356
12177
14166
25773
7251
22313
32689
28765
23304
35209
17129
38634
41
33205
43891
39622
34758
256
31830
44192
41366
1570
5681
38601
33269
39630
30881
24858
33246
1502
10583
31606
38009
44948
7403
4269
37611
27339
24812
40330
26031
31100
26063
3967
20876
36322
19993
35031
49393
14618
32862
17575
38781
23504
25339
26780
12132
40460
35747
28193
5539
21677
31441
41420
6679
40961
14204
11664
45594
14629
29441
138
13167
10813
34699
2424
30106
25780
35167
18468
37742
38243
11650
13257
22557
17336
43230
5624
31524
43198
28499
1091
46511
10488
31189
47364
41120
15731
25304
19914
41594
17737
29385
2078
38883
14328
15509
4541
46172
14434
31883
25896
38981
30378
37441
3716
21378
16272
26271
14414
27099
49851
30230
38897
27818
45342
32692
4901
48981
43650
20856
24809
17300
4691
34818
22194
3999
10123
30167
5960
29361
32642
35294
40020
33651
22369
48356
36686
31630
48215
33472
28474
5835
8974
38127
19724
46272
5621
36406
45896
17308
24791
15425
27409
49447
6220
32593
8025
40279
5707
11011
10061
161
13563
45364
21659
29654
37848
14362
3385
36709
33512
36788
22823
33050
26681
18500
699
16978
48281
28009
36134
18343
42360
46903
9501
49724
16004
18474
7050
5060
28001
46092
19047
42147
44164
24739
47997
31956
39843
20229
2382
48050
38676
27970
18946
43157
21979
30502
29747
26570
26523
43257
24058
47784
2978
27060
43960
4887
48390
17643
33875
22320
25992
12644
15931
37063
17191
15112
7082
10071
5955
31707
37958
786
32245
11038
38522
7652
2953
18014
20495
10780
46918
5645
17995
26668
1523
44350
44729
14312
43287
13725
6076
30951
10525
3946
49285
34379
27881
34816
30217
36024
23134
39476
47405
19891
31195
40932
10897
44725
16571
36714
23696
18139
39861
34476
10709
24117
34864
25140
17549
32207
11284
45033
10423
9380
45368
29670
23187
26337
14202
25092
11049
4948
29495
47509
45461
34578
30342
43032
24913
31425
30350
7724
27299
24297
32082
38249
5437
30738
31717
26707
44596
26906
47106
32966
5360
33288
48340
4809
48297
28506
44897
33375
48897
5882
48917
49727
37795
12003
24169
41935
15890
28976
44201
20518
15603
19343
44244
8778
4891
36574
23227
13882
26968
2130
8921
18826
46284
44719
4481
6483
24590
15664
36865
48919
40653
15517
43812
40894
45875
4546
15118
28098
36021
12205
22669
22738
22911
307
41229
13415
45542
24212
23219
21162
31794
14645
34549
34803
34974
44756
34910
943
31021
28709
24444
22533
12663
25230
13922
5101
5688
44721
37933
31920
33882
23106
10332
49252
31004
34086
35556
42811
42418
39155
14521
9204
34350
46073
36315
13702
29755
9915
18552
20744
47277
17415
41736
8581
48560
23171
36248
35810
22131
21306
49097
40916
21996
26693
690
20267
46860
2751
12148
37861
43648
44747
15399
5977
14205
49295
30808
45755
33627
33502
35714
49700
24817
47739
39608
44399
35169
33697
29616
19469
48771
41573
43159
13365
47977
16334
15234
9258
10395
48585
35608
13750
45844
40038
35519
18478
37690
7901
14938
44466
8483
15008
45112
21200
1996
46084
49997
18795
17663
38979
726
29619
8609
32036
24866
36022
22002
48478
46953
21265
33772
18405
4991
41589
4880
11783
32461
28384
12022
24079
27568
22019
36703
23442
34991
16968
48743
12542
3671
9191
27837
6677
2251
22792
21066
43963
41774
46686
5144
15642
26303
25067
12913
43357
10524
23306
4544
46380
41151
13544
20307
8919
30409
34705
3139
1710
17199
23549
22049
17290
14466
18427
39654
9697
18613
46557
22756
2849
30593
15377
32326
6983
44414
14735
33209
15418
42774
28929
47098
6597
31913
33619
1571
37749
47444
14505
44715
39942
9447
6839
41114
33896
39336
397
32618
4029
35072
38560
19553
543
22336
25223
11873
12108
2284
21228
13961
2452
45265
8180
41444
30377
34032
19216
5393
19398
47662
13338
24719
38615
13815
23750
46994
2532
3267
34108
7880
29287
23237
46051
368
18658
47612
34568
26584
45350
3402
33804
28066
31894
1333
5916
48448
49181
28657
31742
39320
18226
8824
19820
32978
34138
1195
17950
4468
30618
7311
24659
28235
20620
49124
18396
13957
47926
39202
14693
20874
4636
43613
39108
31366
35030
20951
16185
34479
29156
48845
26885
17402
39603
45611
15506
14153
10455
20342
19218
35670
6617
49907
12049
19260
36004
35394
13420
17352
26908
48605
49636
48739
26454
6285
11162
44051
38990
45464
158
11139
29399
10253
26481
9508
7440
32707
35926
12624
44472
45690
36979
45197
2956
24414
39050
36466
48348
20608
14013
23065
21657
46415
1728
41859
17845
3699
8524
17174
6147
30798
15941
9435
2981
49149
23859
45719
43949
13795
39204
12988
47882
23772
31980
48228
26583
22334
27402
48673
13496
26223
19340
14928
42857
3302
5528
24291
11973
26100
6276
44178
13472
13905
11192
17889
13802
18227
41654
30770
24702
9782
27942
49751
26492
15883
16748
12713
24539
32419
48810
16479
7831
32835
17694
46659
46447
2544
39056
377
8763
41767
16105
37363
40665
34930
4071
38688
43808
24826
48850
39708
40803
31757
544
44404
35984
13837
7673
14680
26601
7650
30608
15493
15466
25646
14314
11859
720
22202
35524
23910
37385
41843
47243
30075
30760
15480
28114
34497
653
2924
1983
19527
18734
4362
7513
24788
35323
42444
17925
19046
36690
13006
15729
43512
17589
38631
40562
17795
36349
34516
33597
48235
25556
19431
29925
18803
33083
46080
45929
3007
8222
14105
39212
31598
20264
18246
16398
31954
41510
4890
26468
26312
41824
12514
49817
1322
6401
49593
42575
29694
46309
33707
3604
26985
26762
2001
44526
43128
21376
37850
1864
10945
22648
31332
3135
44904
20298
32256
11643
11396
4662
8990
21163
24727
29077
18573
6391
24222
5018
1022
34433
30030
75
4574
16507
7036
15491
18867
5111
29316
12758
26754
36072
48587
17036
36057
14069
27691
16118
40551
29684
7666
31222
29594
4348
8668
18878
3872
23278
38004
17146
47689
1792
11272
7803
45916
32418
7172
13859
17706
23798
9049
8
11114
665
4279
27681
11268
47550
4616
45596
35882
17167
10241
9528
33901
16628
3858
16923
6543
35528
46547
9590
17691
23268
2840
34262
3533
18484
27407
24533
22565
4370
45177
35819
593
40969
5928
19636
13450
23667
32731
44487
30601
45335
16793
24095
8826
43871
43637
13664
21820
49255
2496
2103
28832
35402
34513
27090
39844
19008
48817
33331
29595
422
21369
40188
41335
32763
37721
11746
8215
31731
23054
18364
7905
36398
42170
40818
24529
43412
23988
16759
29492
15944
12859
1411
40552
29010
23403
6960
28264
36310
529
635
43123
7448
186
3205
37522
20233
21043
40334
3148
16797
13321
20933
38442
11600
3097
43780
25942
18710
44140
41543
17915
17399
30774
45787
49448
38084
46572
43350
12189
25736
34410
40814
45306
201
16143
21937
40820
14548
30703
12672
39032
34957
14852
13389
43744
34272
10745
18451
2646
36550
49945
36872
42601
33307
19064
1094
35216
7232
39489
46680
876
47840
10318
33155
37040
6812
26282
39112
47198
10246
39442
48612
2759
26355
47619
30684
18024
15827
35162
44696
15674
34990
34703
3922
45444
13920
35751
4484
26320
46323
36717
11538
31723
47682
7103
25990
21305
216
18298
17066
36093
41467
37285
300
49459
30477
29764
37598
29630
5428
13505
46719
1604
47169
37546
42764
36815
33541
20415
44075
28713
39860
37166
39411
24239
35217
14830
17947
32402
9353
5769
11697
9229
49222
947
35681
25507
37871
3466
37230
47097
11
46528
42785
45639
19861
49666
20814
5730
35657
33012
31747
39351
21861
20160
717
25704
29270
7111
26273
27227
17898
14730
9177
12711
10805
24468
40702
16695
18914
16086
25977
6122
1924
29985
40318
500
10690
8019
32767
585
87
46104
32569
15239
16562
38500
31465
27891
16656
32829
30348
4451
47360
11055
26151
14699
38071
21800
49835
4234
7764
26884
32356
4182
1861
28307
39179
630
38791
3105
12410
30473
1182
17808
17517
8408
29877
4555
3087
39606
9290
42739
20380
6214
47872
48891
9480
31718
16393
8938
13101
45905
10718
9775
22824
23061
5135
6258
29516
37723
13325
23663
10727
14390
48846
35186
15305
28511
43341
25563
49022
48711
36121
2356
30483
41180
44039
43067
39560
1071
36897
42126
20225
48307
27916
42395
27425
49263
27157
44027
24800
22179
44787
34807
21473
15828
34115
45968
31251
47600
35146
12893
25394
35782
5517
41878
21225
42249
48657
24745
24545
3366
32691
27897
45014
26199
36410
8291
45829
45568
14222
4388
38345
45358
1402
26079
42306
36607
22987
26055
7140
25590
27408
35201
48763
35761
19799
34317
9369
25238
12822
38510
20330
5303
8801
1359
7522
46829
7835
36221
44453
20557
48460
23124
37665
48796
49385
31517
25359
3917
18887
4146
14556
39834
21462
37465
15505
7445
19425
42398
14846
29191
45128
5396
21952
4638
9575
44245
47817
10083
42765
8502
15341
6218
26785
31104
12821
8405
18459
19829
33421
48090
29297
49481
15638
35108
44702
15784
42384
1222
35243
49871
8203
35821
37343
26585
10339
48053
10060
21081
16282
30440
8450
23249
41246
43792
17011
23048
30768
19604
40208
13297
43634
29840
42654
47234
1161
32775
23312
12669
36856
20448
26598
6101
29926
9179
40266
35779
10687
40797
39417
34867
22912
45223
10240
13567
41633
7361
16095
29917
37054
42328
12903
18485
43717
40200
45316
42072
7553
48989
30571
38919
35699
30390
16248
35259
16436
41175
37101
28617
14480
39827
28107
10863
1398
32663
25338
44957
33063
20698
22457
19858
10519
42090
6294
34901
36374
41604
30305
28979
47647
39639
39705
49117
42620
18947
9978
36225
36627
25836
24038
26417
7777
34834
4359
45549
7705
12688
4953
6121
6648
10340
10101
38934
15277
38147
29364
40515
37012
26660
8156
49922
39490
4483
21466
8558
16991
44508
22039
3585
1425
20215
24683
14316
24348
1714
17599
17609
19888
28204
49017
4677
33533
40059
33939
5485
28519
33861
36715
18599
5526
41583
3982
17224
35818
17519
20523
38003
3429
40163
15087
36766
3144
15386
1489
23841
48861
30786
48764
11757
30042
37253
27722
28998
44973
10858
30854
33080
37431
39975
3749
45894
20278
7495
19732
19616
19856
20026
34655
8189
48705
18579
16733
47027
29869
1794
1775
30623
49239
19151
31506
41164
36618
42293
29453
31977
29066
37821
20690
34290
13177
16046
43884
23373
14179
32363
30849
11950
37174
8464
38710
10440
43263
7609
44871
39414
44502
20908
6895
30974
30252
20329
21384
25557
26815
18256
47917
38825
1787
47782
20687
1068
9406
13333
26114
45797
40580
45601
34458
38716
43534
8016
7751
37369
24130
46149
49573
44943
11641
3563
47776
44600
7992
25636
1910
25177
15052
25474
35138
3444
42666
28225
10617
10501
21251
8676
35148
37014
41160
47865
24146
25258
29825
24389
41895
11907
39193
29554
19546
23675
32432
7935
12245
36760
6528
13809
6268
16675
20038
43172
8916
13613
5213
36286
24863
7225
26629
16540
13330
13690
11755
8429
41855
23753
16321
48858
17531
49707
38126
9015
18189
35911
45144
19495
16906
49135
31308
19574
40397
10616
24937
37469
9748
42242
48205
31335
15703
23914
35068
37924
7283
37884
22079
36034
2904
34638
42659
41687
14257
1257
10925
35547
7197
21279
42709
34796
17567
45506
7670
7186
35122
5137
48667
48868
37288
10762
39288
10647
17394
13471
20677
38576
21614
49875
21898
1275
48630
32659
21061
26883
11352
48613
28981
24669
40204
4725
2464
40476
2574
40462
1704
13733
38790
21931
41608
42378
30909
13660
7119
22088
29614
3578
25865
30938
41402
32782
28231
3807
33197
6429
46695
39857
8621
49051
37033
27241
43993
25208
3681
8071
42112
4768
18460
21946
37932
16818
46656
12016
13917
39521
3461
11024
41200
28334
24154
4500
34394
35906
12290
48188
37621
22142
20403
40877
30614
38170
3119
31950
10305
11357
45462
42994
35049
21768
15761
47396
18497
25069
7918
21138
38375
36727
22959
47875
36539
46101
9209
39797
24508
26695
38102
923
10743
42341
38018
13906
3160
13003
22980
29690
48183
28020
23232
33649
17438
23781
12951
47393
9753
44293
91
32429
33157
26944
3998
45132
46552
18092
4515
30448
14338
47116
23839
22276
23872
45815
32291
24201
25297
36003
33868
43450
48976
44217
48658
12095
28451
41763
14663
39046
49241
27097
2391
33555
5484
5460
30278
29676
18151
43487
9499
45469
25581
8270
45959
4347
20790
12240
36928
19836
17786
15439
34657
20422
5315
30592
24335
44988
15094
5607
32144
1833
1581
5863
48787
28303
38635
36369
47945
8667
7535
39437
38995
16516
37840
46533
49881
28064
5313
19270
4846
18607
12852
36751
32357
41718
2463
20442
4507
29949
40806
14934
16612
14441
4366
45176
10205
25979
26191
4441
74
27830
30338
29279
33113
44730
37904
49802
39753
38307
35808
39279
31438
18529
16911
12454
16692
34988
31146
29244
40962
35505
48908
32926
46118
21645
18521
4738
17274
7507
44351
10279
23285
35550
37975
45009
27052
8580
25377
31172
47750
2622
27849
29902
4904
1487
46751
39660
7778
6538
49702
17311
9168
39224
45861
23102
5007
36156
3727
29997
5567
39788
39959
13504
18381
26252
11522
4334
47901
12170
39879
31884
39268
8994
37327
13222
33735
34488
24718
18170
12987
21036
41743
28158
27113
679
31596
47415
17469
689
45385
41027
46949
34614
14553
45716
31848
36608
2581
40621
2716
9866
35655
8599
8718
11105
19038
1875
29044
36424
14009
6914
29346
18659
31710
31228
15437
41575
18855
39831
35177
270
24593
26807
4471
43689
26260
28180
36035
25430
5643
22443
29406
25720
14450
37882
2079
41040
35746
15698
7714
32115
39577
21706
23924
24700
47056
3690
43724
9922
3173
9884
16845
41025
33477
34676
40843
9440
38674
48232
19171
41732
44028
15884
37982
45641
40013
42611
45363
8012
39423
9862
28192
45175
22283
2895
26326
43935
16306
3194
23368
9566
9014
36906
42782
6629
23816
19252
44669
1587
35753
40275
41057
36446
15745
13369
30937
43460
24504
39138
17425
9155
46683
43558
40205
15742
25143
49431
13286
30000
25312
44979
32164
8244
9727
43942
39220
39482
9818
11769
31885
24381
1153
18416
20156
44901
12748
16965
16144
22988
11090
27298
33253
47623
27056
17693
22287
17418
20982
40181
33068
41625
26222
38476
16891
6439
29832
29710
11532
32057
40747
20245
20131
3748
39534
10025
37093
20964
45245
22838
9983
34688
9383
36998
34522
17502
46180
17414
41771
29974
14837
12620
3661
48214
9022
27806
38279
43587
47710
47368
26912
3862
4892
34339
6425
32131
5770
23959
23796
37902
10227
35175
26740
10544
32122
26189
2208
809
1100
651
40032
25083
36988
46489
42938
34020
3405
45478
20681
40160
37159
13458
30583
25838
7643
30773
6996
42146
18525
46291
38037
9614
37566
11604
24807
18342
24241
43080
40989
15984
17319
38889
31461
6373
8141
34028
32828
47602
31661
19921
2949
38860
48344
42800
24794
23554
14589
13602
6716
6896
36451
46647
24165
18116
45792
15136
6919
38509
38013
3741
30833
12429
8335
46247
2300
23414
6172
33149
40457
46111
19868
25874
39237
37713
40983
17051
4820
25863
12408
16437
40835
47835
11791
40377
26541
25310
30185
42445
18750
41981
24386
15643
23577
14295
37806
35089
19098
31482
11026
46143
43664
6610
48253
14789
17015
17991
20542
26594
33518
29660
40607
21926
14211
28510
17209
48020
7010
45424
14602
31827
38132
15686
32930
7269
7169
7871
43544
20162
3225
1738
3184
30090
7801
41741
43055
2493
24018
44882
27880
43886
23880
20669
26034
12129
14177
46629
17375
5112
2951
46132
25470
16914
6859
33797
16101
39961
41894
23247
5899
43496
956
37770
18793
41317
14324
19436
30430
23809
648
33815
12836
38136
48809
26984
11711
711
31998
13769
561
24423
15958
34329
44348
21809
18988
30221
10397
4206
8208
12362
34456
21345
33089
17776
3359
31223
8049
34224
6324
27189
17223
49914
18704
18669
11736
12443
17120
23847
4601
8062
34296
37867
37951
6768
9072
5385
49161
9774
17556
9789
45203
35198
14307
39569
25368
45188
34401
49821
37238
34353
10890
4436
9801
26024
43881
1972
4402
6883
44353
5601
5904
48487
42773
15039
43906
38904
49545
734
32097
4038
46530
10126
17752
19827
32827
42263
17903
29111
37988
9808
25222
47767
13681
1089
49711
19440
1998
6968
13594
6650
32168
27896
14565
26656
36507
7194
12057
3246
24638
35232
41689
19954
32728
36335
44020
38234
24500
27504
30862
31307
40128
16636
416
10393
28743
13934
23393
2794
41725
40201
37543
13635
171
39309
28642
1242
31917
16108
32367
9448
29101
32170
40709
43602
18245
38144
11667
8108
33889
49910
48486
39634
34650
47564
28847
39513
41354
38962
46501
8422
29482
25448
624
36312
13320
46342
22766
10953
34364
46713
15184
15392
8890
2960
43957
45505
34783
47096
48107
23747
25956
20034
1280
11044
6619
41758
2643
43479
44127
31297
18506
7362
22592
25937
6198
29164
11277
18289
19965
4961
38418
2818
39933
47247
17993
46749
41661
39642
12194
8993
19323
36494
48105
29609
43413
44342
32853
16051
41418
20297
44227
34774
3304
48245
5536
39186
4782
19721
2897
48072
15110
46612
39094
10038
37224
33179
16406
11516
11848
3930
20525
12599
16023
5533
41417
42636
27346
5486
1815
20723
26200
34544
31205
38778
47713
7960
47287
47774
34105
10788
48542
18728
30894
37716
26935
40801
7840
39647
44460
629
30220
30628
31151
41523
24195
11331
49879
48244
38031
11408
8028
34860
18420
11512
48076
15846
33740
22925
2848
18174
48264
15356
25110
162
9719
2096
41897
11548
46140
26441
35264
23783
24975
11867
9583
28937
47426
37517
47048
18861
35755
31566
20924
32089
39694
23430
18221
5019
5599
2845
44251
38021
47637
45652
4193
4520
10752
11555
24187
27829
10472
22529
41584
5140
45869
12015
12843
20754
25602
48112
35382
10536
3628
35160
5084
23063
45379
17422
3938
49343
18641
11970
30828
22121
13483
16389
15073
26616
20842
2021
12044
12914
49735
31039
35058
36568
48132
19571
39952
49672
31304
10729
3358
11082
47946
23727
18976
4107
5292
22170
27442
4934
30563
2133
27500
24460
15012
22624
38616
42381
20450
42633
19555
42851
39674
19887
9874
44807
11459
25429
41596
21762
28661
403
7833
6974
31833
2810
34992
47585
48502
45603
24362
7333
36284
4836
26719
13958
38336
2281
46957
2306
39451
1548
27477
46628
19854
34804
46648
47888
46986
35265
3424
26362
10770
45143
23884
46962
203
12973
15690
38910
25216
14929
36133
29798
46504
35940
14907
15301
10313
23660
1392
24296
1519
24455
8359
25652
10926
35757
37569
17124
10950
5122
31709
5896
242
43213
60
3072
34832
49102
7144
260
6140
34087
42087
17592
12278
712
10389
29759
753
44034
9367
20516
21347
8438
14155
22401
49164
29932
15289
40455
38709
17057
10930
43813
46413
45735
42003
18888
44255
11483
41265
7864
29442
7792
731
16
10263
31942
27162
29162
21582
19628
39824
32945
24532
30905
45618
47468
8492
27729
40363
1988
466
17389
49796
42352
34164
42411
48286
10699
10868
12075
34882
40541
4411
35074
20540
42209
11348
20012
25047
34607
26651
23142
32007
5847
18816
23958
42287
4843
41017
33187
48316
25539
32785
600
31672
49694
14481
29144
42322
1693
17390
44400
18874
28254
30568
45569
43182
8226
17610
17639
20773
38454
25268
2744
537
46801
32320
49000
47476
13423
29338
4608
36706
41124
38579
20670
36972
41719
17703
46803
23131
6486
32024
24753
25290
16668
36565
1177
16852
46074
41769
13027
2422
44746
11685
42478
47036
31897
16130
29420
37911
46128
30636
41918
16204
29052
22664
3568
47210
7602
7354
13100
33957
7501
8771
5039
21686
22077
33322
1995
48557
17872
13264
13821
49073
21857
21782
9570
25235
16874
14513
35498
33636
35788
10823
10707
14748
3571
4318
29987
42178
7408
4753
35742
19499
16070
31790
826
44618
35730
45550
16805
45248
21112
18868
19166
30064
15825
14719
4984
45382
41452
37016
6196
38141
8806
10584
21748
28683
23112
49664
16615
25469
1021
28055
10030
12891
1052
28288
48890
25984
36904
16156
797
46872
35344
43607
29143
16729
41362
11106
32302
14140
18070
26427
31665
20855
26862
8281
11151
22038
27734
18188
13554
7138
42448
25263
7231
10015
8620
12920
5368
32864
28818
2939
25055
10918
24354
5705
12613
4069
6034
7860
19411
46990
26552
26335
20658
25444
2051
11666
34517
36767
28727
9385
43549
38200
43449
42920
16361
4199
1661
15383
43251
8292
14639
3540
15230
25424
10977
32311
41201
46985
27508
17181
30232
36197
41451
12467
11952
48147
9642
34795
1221
42663
49016
12617
11742
23906
30024
16289
40977
27707
25192
30097
32643
11819
48083
37115
6108
49870
16714
25204
32528
49613
1922
12474
25877
31551
28008
16473
40287
15826
9747
24748
38550
15300
29425
1193
29341
17088
16062
3713
17552
39361
11723
21676
12005
4382
19335
16429
6724
7462
36
36499
41389
40953
37830
5383
11252
5814
16862
905
2267
26030
11157
29009
22094
44032
43383
5720
23553
29627
31512
32259
18371
21214
8606
47931
33952
10214
8972
1907
6007
23303
29400
5001
26522
18293
37722
5631
3363
4752
28885
18953
34858
44684
46395
18219
234
27144
31629
33486
15001
38905
12459
46486
14887
28123
49140
26578
5089
19179
34542
11454
36836
47249
47485
1262
6137
33853
38257
45501
40423
1406
27690
16863
49544
19857
46308
8767
18788
49053
32239
42671
5029
44864
17884
39904
45995
22728
28442
44785
49027
1625
39851
16770
20444
11184
14404
22025
14527
6674
19564
15762
35668
46338
5326
32500
47343
9831
8129
45547
24059
48997
37470
19316
26444
41951
34246
46723
47211
10409
34027
30964
39616
4355
17586
34616
10483
39300
41192
4180
12512
27573
48950
42651
20988
10206
41301
7998
19612
10035
2225
8348
12708
11728
1999
30721
19765
19433
21300
31450
39836
4249
12569
25676
9896
18127
28896
31469
17355
33847
22102
21701
22065
1072
9560
42642
34592
36888
21224
11896
11339
28522
46618
36916
29456
351
22502
48337
958
9882
15238
47789
49466
46748
42272
40908
27112
24916
19607
14131
8760
47447
6093
1227
47280
6295
26439
20281
26073
2146
40746
35390
36216
7907
38998
798
6457
13394
17428
21046
24385
49292
15434
46471
49057
45321
20570
1732
2785
1890
31208
21110
23844
13454
30898
30936
19933
35073
5073
41560
3964
19197
38477
46587
4331
27376
49286
30102
46664
32472
14909
3297
30198
19311
24929
9182
5544
4186
47659
3601
45356
20821
11064
29545
32801
6225
431
40720
4597
7921
49204
46182
23107
6094
38116
30988
17039
43952
34892
45933
965
43045
34562
43825
18340
35934
27820
20890
28203
14083
9084
25125
48375
38987
36176
18904
40235
7049
7785
14551
45076
36624
33071
4026
44635
38486
43096
43589
27395
11625
28444
21141
25329
49396
6691
31044
16605
17981
34622
1326
42212
6765
12175
11074
4159
38065
12837
32562
28075
33361
22068
30553
36030
27624
37211
36764
10678
12856
33093
1771
8807
30189
12422
45924
17633
46905
40956
2054
3426
2676
48238
47928
1314
11992
2219
40237
45530
39793
17304
32624
39512
3791
24152
14905
18315
6059
28653
23638
21004
31109
43658
10750
44365
36586
35642
17212
6131
25020
43442
33918
38426
31765
7774
45266
24393
33447
12574
28912
23803
46261
1511
46287
14619
28262
35231
49627
26341
12117
46044
10646
35797
32714
22809
13766
17566
21011
19798
21766
27537
41312
25446
46894
40981
5687
47903
44354
41196
14554
32364
13299
15193
36484
18110
36561
28750
41219
35869
4823
21568
47604
24520
47854
38264
32665
27101
2311
28033
20412
15612
5743
1064
27319
1947
891
32591
515
22796
29071
27831
3528
521
13388
17740
36949
12964
25690
46417
13763
15271
38082
39714
30389
13835
1951
26484
2339
47136
38865
49895
20783
16419
15233
22163
1298
13051
33632
12270
16984
46461
10827
25605
42493
445
29370
31961
28637
24825
38029
42358
29913
45677
45555
14539
2697
8761
5348
12275
16508
38459
33284
238
15659
8880
8146
29201
7562
19796
5198
25822
11229
29994
29424
40903
25079
46500
8633
27701
7874
29549
6478
1342
16644
44378
27614
42733
19294
46710
12681
34893
49913
26502
44369
33030
31652
1665
6474
5942
19380
36663
40539
3260
41669
46696
9735
44110
1707
21925
19109
2705
48568
29564
27367
41627
4138
19280
16096
37231
14503
40450
23971
2610
38155
17270
5501
42543
18017
41950
47582
13804
30066
17642
47617
42947
23080
13730
33660
46018
38696
39734
45045
30986
5016
19243
22716
31641
43524
42795
26049
36058
5853
41099
20040
44519
26305
42915
9363
27418
44069
19062
8243
34421
32721
17480
18190
31674
16045
17846
32934
10724
35142
14272
44208
14350
7603
20461
16224
46010
34037
29288
34545
27379
15083
39842
22086
670
23642
15960
49138
33745
9910
43980
123
27437
42344
9344
39349
37305
16504
18397
29861
47208
16303
26981
47599
40846
49435
39047
44797
32345
3921
22044
34902
47873
14514
34770
15772
3935
11834
39505
41248
12931
41949
26902
38862
45766
11806
4922
39848
14094
6092
23992
6534
9417
9278
21985
31142
12878
40705
25494
13752
47035
49706
44630
23560
12909
8634
41840
32019
11233
25807
26398
17105
343
9317
26205
16777
23779
22080
39382
9744
605
3575
3183
453
28248
22795
33414
38452
15754
27626
42190
32384
38612
18175
11102
15666
48522
40093
41224
13868
17113
11913
5967
29401
22520
11131
40474
48547
5297
10721
22446
28838
6264
31561
48026
30950
14358
49830
47144
6002
25024
15389
46077
1706
21449
16481
20747
47829
18008
9221
23898
12494
15394
30963
10319
22940
17921
42455
31154
49599
13230
26726
12394
30225
14489
42164
3506
46496
40421
40896
32596
39910
14444
23256
14498
44407
3779
20641
47951
34724
12651
29897
35366
8925
25475
1098
29478
43655
26295
19968
30287
43800
24855
47366
4020
21924
27909
32159
31981
16160
7761
30319
19106
36951
20804
43675
6132
40081
8693
2009
3162
12080
7744
28647
46670
6466
36211
20449
41570
37527
4952
1598
30751
46850
20339
38949
11042
29508
46283
1954
43958
12948
38386
22295
5728
6744
6570
5172
38795
20966
19608
8672
17429
47714
31112
9740
29454
47561
22602
48945
42140
2084
49237
49886
19757
9433
39380
48480
18353
6973
40565
44767
3266
9894
47288
13367
152
44766
39373
10471
28960
42365
31936
4235
9816
12036
30639
20163
14467
4147
17943
47414
28660
13085
44395
37680
9051
39889
1574
12635
30218
3064
26056
40391
25722
7494
17168
14788
32655
48506
41970
22640
3480
15969
34700
49440
1994
1850
23604
1939
22720
4709
37336
43330
28110
38190
11942
44535
3447
38211
9300
22617
27284
28132
29445
39686
23775
47523
1979
49261
22957
34971
9104
24837
24631
3157
4607
9749
20863
42775
39865
45961
29867
48663
15663
41009
8239
1097
17635
28141
22680
4361
49550
44019
34018
44214
16975
27160
8713
13417
38629
35689
30671
7573
37826
13164
30763
7712
33350
8119
25088
22458
44521
205
10353
45011
12779
16594
46901
49042
31357
38689
19489
6606
46106
21882
49892
30660
32826
223
7359
8704
47540
36973
17618
14749
1672
41677
27625
49827
14274
9040
35503
5829
14492
30848
34939
11894
5692
31003
44389
8310
48325
10222
49217
9396
37692
26469
48275
14293
43314
26172
22463
11461
11833
46940
1911
19872
8791
22078
2638
39791
8951
46839
7153
3941
4994
15157
7460
15050
3784
34481
29218
31396
2288
15487
264
40475
27974
35254
30137
46996
44119
28184
36233
29655
34078
12327
32858
2560
12900
17927
10239
18400
10940
22345
13284
21901
12004
46740
3650
22234
15331
14127
29611
20943
45960
28763
24376
16681
5543
12984
19289
6874
34134
12155
20735
39878
5017
7218
13556
37403
2900
45365
48996
9055
24678
15142
25670
43011
48604
46
4287
1401
47952
28392
3400
28716
13050
17623
34838
13850
21929
27856
22623
1304
21596
31545
6522
37720
6062
39398
14318
46396
10093
41679
7566
31761
39773
10929
37193
45231
7323
1784
8654
28918
9277
43924
22206
15558
45503
27995
44022
24598
6545
35834
41919
17938
31130
30391
32822
7420
27231
12883
27404
15541
23221
39992
35099
13366
47529
43890
20519
41789
19667
8198
4929
14932
23572
39840
38415
38284
30128
25681
47482
33210
47718
30546
26794
27170
47755
24698
49310
2062
10614
39265
16904
34409
2393
18942
14407
1458
24523
21581
30693
6712
7109
16041
42020
3973
9216
26942
486
46437
37415
15496
1527
21742
23640
3124
35859
29891
5091
29239
28597
1317
24203
10365
31345
48461
18049
18022
4447
24740
6308
18275
33907
35739
42433
17376
9702
34426
31192
40335
24957
44376
44492
1717
48770
46617
3859
18028
38695
19066
3880
43410
13228
8847
32693
26877
23802
45710
30071
15431
28669
1055
32460
38730
10284
22104
14066
6814
5390
49855
8842
139
42295
9046
23369
4599
41629
47879
29469
32617
31584
32517
18541
49963
24303
35414
12939
33833
19261
19176
23953
21338
9464
46711
7523
31349
30998
719
14927
21362
34757
2778
42158
1288
40065
22513
27838
33055
31315
390
48453
473
34972
42138
8956
11849
1388
30151
8171
22839
13346
34168
2606
14436
12386
10923
22302
13945
31089
5015
34380
10119
47319
44440
1688
16538
2769
30701
34605
41835
2731
37628
1821
19946
46462
36232
17911
9240
347
896
8002
6026
38331
2605
7579
5349
11149
40058
31030
2343
23019
13131
12773
35928
1268
13032
21463
37349
5317
39525
13147
40085
13546
40738
4001
13171
32494
47151
32202
2607
22000
48038
34767
7770
33314
7610
27685
30904
46870
23837
49676
4027
16291
35735
13964
40610
40157
10838
34058
39601
32496
7217
43725
22157
19644
1904
41439
13873
30092
29501
39547
11830
29227
45087
6144
4239
25427
10426
27429
48279
34311
18778
17538
16808
30644
6269
2060
45668
32352
30538
28615
49906
37930
14966
43319
26800
37620
31560
3694
41682
43629
26759
20209
46755
4363
18918
37237
35925
4993
25234
39615
25246
34933
26085
3738
29131
30115
33615
14903
10781
14794
46514
37946
3080
39102
25482
20027
24501
20629
9465
39034
27789
30146
13640
33182
49060
39483
17111
41877
22217
48295
43327
41410
3654
15841
36925
39416
5617
3243
3262
13790
19788
41876
9871
20606
45270
25229
26126
27967
3127
21569
26600
30339
27623
11640
48306
40045
42335
35041
22858
20285
4866
35951
37954
27105
24027
29263
18634
41954
48424
26896
2258
13888
7547
15387
37406
8183
47537
15891
49801
64
7733
37738
18773
43036
17794
29430
25867
42357
40796
14330
19300
28207
44770
36386
20921
24653
5555
33709
32755
5858
6939
30689
19602
35743
40409
33000
47654
8565
12818
47497
5518
35885
37607
11409
17811
46512
35237
10779
31802
26361
12796
44569
11067
13955
4459
12679
20745
46157
27274
32910
4273
24024
16384
40920
15978
42759
22092
26218
48451
47851
44193
9424
17940
11679
5640
14881
36256
3901
20206
5330
10901
21149
3333
40180
25971
4019
42981
31374
45889
27020
12880
5418
9171
1689
40520
24113
12894
42442
46268
497
9611
30523
14383
45122
40792
39638
10618
40193
42262
26828
31523
41665
46176
12690
5201
46327
33807
14216
37386
23482
14620
42027
50
31929
32895
15566
42881
46971
16772
47593
18000
33058
36077
1547
25236
37838
42025
22581
11657
1014
40710
14762
18214
6489
26686
1877
12935
7175
17711
41092
5169
2162
7805
41592
40276
25569
44813
23901
30633
36223
12058
16097
7983
43018
36305
26370
14732
27368
21878
27647
19322
34498
3934
25567
8077
2687
43403
16885
30121
14910
49413
23073
4528
14863
9903
31399
9928
46636
30300
23149
41091
46445
17908
21417
531
22393
36722
28748
46117
6233
33262
38055
2461
25126
716
15117
35716
13033
23736
39932
27248
18590
43030
7132
9029
39758
20490
764
44197
24275
23024
42276
48432
20188
16643
40366
37216
7464
12795
22144
16036
30158
44222
4781
10013
14970
38885
46479
5353
9516
4992
45440
22251
44091
38040
31735
48172
27394
30506
178
5109
12466
9784
1860
49781
34823
49129
35955
4759
15401
18414
43386
44494
30306
4605
37146
37644
28330
45084
39532
10588
14862
6430
41814
3071
7512
26612
11957
31838
4224
25814
7949
22556
15653
17508
48550
22236
44929
6865
21034
32590
11070
41072
45068
36362
35213
20108
11323
32452
41936
20789
23677
8762
20940
27213
40019
27738
9764
7276
45310
45157
28447
35845
48369
36656
23542
29736
14850
33236
46522
24552
6455
23178
33131
40220
19085
24672
6688
38186
6109
14625
10074
5672
40764
41710
16703
44363
48304
13088
42750
7396
1786
42406
19692
45858
42
5270
33621
8117
16993
39987
45570
16804
13699
13611
2233
34600
44525
3509
11465
37846
23755
47339
28241
45078
34762
18492
11123
9603
49233
14669
21928
40120
2555
31930
45994
38043
13979
25151
6246
40954
30505
19045
19995
15029
15983
18995
20478
94
7255
3382
42148
7843
36268
16558
26769
13067
10412
22571
8479
21277
867
5948
25410
27390
29296
43580
21143
7796
32086
37235
37248
19834
44361
1446
26448
18943
6496
24283
31169
38775
43162
47338
16250
37062
25699
8246
40007
39358
20965
41568
510
23239
4643
14161
674
11982
29314
44583
3479
27572
14976
35446
35470
42489
37613
7378
31091
20559
12128
44003
29232
2625
18026
42019
45242
2191
15472
21720
31049
13217
19269
37414
8911
32467
9721
21197
12217
6312
12256
44111
22427
35630
33094
2241
48720
30901
22478
28634
28667
19523
4640
37668
14814
23735
47425
12518
40426
32884
17233
32485
35433
20289
16022
31413
39492
15430
8841
46706
6710
49730
22328
46741
21609
44011
35635
298
16710
46911
20769
35778
28638
41579
32627
21283
1880
24596
4154
27850
39192
38900
10490
6133
1736
45225
1
24226
43102
37042
11978
9746
49533
31067
40480
4536
35040
23530
49752
13378
840
37186
30899
31126
7253
41650
17121
36311
12157
13405
14987
42528
15203
20193
2695
7527
48593
46444
32190
11349
47175
26641
14746
20413
36400
36357
21682
38938
1646
3462
49991
10285
34222
41189
26994
16430
36665
38217
39540
49742
5992
42412
35248
542
38337
13722
1634
13202
5659
39681
32103
20111
10130
15622
49964
11388
24736
18399
14464
47480
49607
4714
49106
16576
9282
38363
46943
5406
14038
19221
5197
48410
30935
31843
36955
33516
42261
23759
20473
39737
36320
31037
26364
1069
38188
14882
22825
2127
11457
33637
89
19363
46594
21054
21552
279
27375
16932
30105
12572
27424
27432
24315
35758
5136
13643
45003
16983
19536
9207
32110
15995
25053
38607
32894
12794
3145
22249
27155
6114
1506
44118
3504
5545
47716
12446
47660
25851
37152
19185
44713
25809
10329
27883
14947
5840
33443
25526
48967
8571
1820
39765
34070
13414
37361
2699
8603
11735
47743
28086
2098
38460
23830
27510
15593
27026
17994
17329
28742
20122
28595
20047
23177
5798
30977
25191
7828
8541
27062
40620
41572
10819
35035
34278
48566
10719
42092
28015
33711
754
10839
24909
1008
36090
11981
25517
24956
14493
34323
10306
23490
40010
24452
4557
38179
21028
34368
18959
36274
41933
43270
6148
1981
5128
33372
8121
35267
3376
40736
1770
18530
10491
23509
7387
34251
6315
14074
26791
11576
38591
7200
34579
41352
5059
2867
5678
31144
22422
27038
36106
42292
16706
37462
17292
34765
25121
4300
13977
47325
41492
20077
28509
23804
35375
22120
8401
3864
48041
22714
17400
48913
35105
45791
43561
23168
10793
39594
36401
26410
26542
16111
33110
18949
39687
28323
15914
15760
109
33363
42986
19804
41326
34466
32054
4442
0
12021
31436
32137
10928
19286
14099
27427
26400
31088
40726
5483
12866
2115
37786
37807
7636
42530
17664
35641
36662
40848
20135
46295
21249
12527
29465
17013
7909
14683
41574
16944
18972
36900
42461
5894
38754
29021
18434
31452
2479
27247
18799
17616
22424
17979
6079
23083
13824
6262
34557
39334
21137
46526
34523
2522
8326
27169
17681
15597
8706
13308
49502
21813
5199
42035
26387
9210
39561
47034
4928
7947
47691
13340
31959
6195
18740
29170
48226
4710
46998
26280
26190
11291
10251
5022
13771
18570
39645
8107
35140
28313
6221
38908
49584
26196
15538
26737
41913
31932
47242
21870
6319
12185
28191
36395
3198
36787
26006
48857
2205
22124
29702
11659
1244
43285
14321
31795
4096
10487
17225
34390
11687
38178
20650
33720
32600
30174
582
31327
19744
28299
26314
3900
25231
48545
30370
17820
20610
44872
11186
23510
49685
21771
14282
23947
18100
2299
39209
25467
37823
40311
2470
8601
27640
350
45102
44634
46756
9857
6479
36111
23957
23720
32962
13731
39205
45701
36122
23200
15821
32987
31428
11870
20524
23428
15410
7857
41101
26443
38956
42914
25265
31564
15764
36044
33789
16763
8345
19308
17755
29187
36188
40048
39454
47473
33977
33420
14409
12495
28093
41865
19655
33576
8884
17671
33694
3698
12501
19722
16230
37519
25022
46705
21409
25966
46191
32004
1134
3995
7308
47217
11521
15534
8295
44818
10110
12223
34415
21423
44708
38846
15368
29604
30769
47003
23196
1249
41288
37041
10713
31042
48104
11601
14583
21764
48462
37625
34915
31515
36014
4834
15424
32573
35676
4668
39651
42584
26087
11378
46826
37438
17488
46933
48294
30080
9293
21839
18068
12409
3137
39350
2304
37010
7155
39020
30616
34485
39374
44663
36641
1332
49088
4542
42778
24664
47795
20429
427
41684
11063
19103
20265
8346
649
44334
6061
30805
35572
22072
44510
19530
37066
6278
10991
3149
34577
27769
22890
14373
33216
44694
48211
45493
43419
40658
27273
4490
48860
10966
35038
10758
11784
37799
33227
26342
24662
49119
8421
31311
16803
10190
47427
25087
43191
41384
4080
46038
42394
4472
10045
21053
2573
38713
2957
48133
23406
36825
7866
14302
17301
18183
34733
22479
904
27906
39366
6056
7377
24228
33817
21802
35546
2004
22962
46579
31514
19503
18895
4303
29948
45124
14426
5461
1354
18588
14303
11858
10962
7074
9381
24823
8798
35485
22189
1137
40175
10817
27664
43058
14992
11885
47885
6118
48381
11803
48450
19420
25372
34133
3660
36483
34850
3114
23918
22800
13225
16371
5113
27148
2073
32825
12508
12276
42958
37804
20441
2571
5614
16262
37682
7389
27480
34467
49026
23620
19416
48320
1050
45576
21151
15718
24905
21099
49663
15148
33401
40824
39688
17539
22949
15423
23045
30175
43715
813
25559
21921
35876
8531
9861
39957
45408
29737
28675
47378
20764
32551
30008
24153
12626
2386
40967
49522
7121
48633
18716
16524
45857
35937
27646
40383
22165
20481
44584
8663
11780
29148
32074
14815
45390
1612
36615
25806
28906
4549
22621
8482
11092
6151
18518
47119
32641
47020
21476
28238
42617
24868
15360
46139
41488
28571
26408
33880
12930
10641
47918
16518
20017
44954
9559
34284
38886
27001
40114
10348
18929
2149
11967
10708
6541
3647
41148
43985
29358
21553
42589
47513
33142
22413
22599
44642
14832
9840
23636
34195
47517
35972
38314
2704
27469
27543
28013
3614
45739
9136
44953
34931
11996
3505
26513
18651
29035
28601
5446
30735
18717
44714
33411
27934
17016
24410
30094
11912
27581
2005
32577
29188
17251
26931
3169
34400
23862
8976
14406
42854
14298
30059
42234
8583
21148
20636
484
5278
18849
22915
15737
19488
5423
18268
2631
2814
10218
44567
46974
43042
45659
22922
1467
46192
18850
7809
43988
6105
25957
48282
32196
6155
16035
11314
34813
20359
17277
35012
232
44228
33602
31801
25447
26618
46107
5239
24754
6097
3849
16203
38315
6030
18043
32845
44923
40067
15149
14955
6598
30396
46223
36553
23188
22555
11171
32944
26739
14770
22164
10907
44467
33485
8262
32875
25688
49932
24116
23963
4456
23546
354
9151
27654
41772
5045
16340
19658
44891
6042
4290
26665
10578
43084
43241
12222
24132
31541
3652
5657
127
36694
30411
41174
38273
13658
4443
22514
36396
40660
9126
20054
21058
48319
13780
783
18443
29200
39750
24485
17458
34543
1809
26882
11961
25925
24232
48137
37294
46169
43513
3538
24693
40867
7159
10368
48358
29313
25150
39281
28867
36283
49075
43776
13667
5267
22306
29503
31605
40998
11016
30800
34452
9739
31365
34617
41805
18647
46616
3546
1044
36837
21745
28907
39710
12940
24478
43282
47370
23426
5559
32056
38464
29962
38475
46141
42385
36142
22155
44171
34196
38820
8969
10443
3630
2315
15684
26897
35705
40249
11267
32594
15038
9675
7467
29030
8193
37131
32495
44223
40171
40937
20333
3845
23711
284
21883
20612
23969
21368
15923
20486
49439
24287
27206
30486
7950
30193
41830
3609
38114
11231
18883
46965
40018
16875
25801
37537
18099
3806
30116
8857
48727
32727
27279
41853
7013
1471
5146
20078
20050
38737
39990
15756
29763
41225
19379
12262
17089
28759
31358
3903
27340
28560
43422
35252
39033
42541
6342
7555
11014
34961
36007
24787
1351
32658
30304
36411
16052
30359
20510
29610
16639
25027
29955
24100
8589
48790
38244
30860
43550
43639
204
39514
35620
44134
5952
32679
25967
30597
3311
2144
39691
14659
259
48377
35918
18333
22461
48926
3619
48186
39503
47653
32166
23034
7012
21344
48511
44798
19971
12755
4058
44093
10477
45360
14738
30021
24193
2245
11124
17324
33679
1414
9580
12683
21210
16222
45990
36691
42041
1035
38624
44905
9004
48269
44704
16019
42218
26814
33722
46728
6452
31418
43333
34451
35832
31156
43627
46367
41597
22734
16519
21848
22568
7468
47950
18323
26163
27793
14884
26799
48309
6217
41978
26309
32612
29720
4440
43970
11712
48194
41959
32191
49104
23181
14221
41606
20169
9303
31820
22379
11569
42941
30524
43261
16600
48131
32355
18662
43382
23940
42869
19768
6009
47838
34492
12975
37169
22603
25929
38150
31578
32609
16892
16382
10212
44044
24886
17577
6694
2437
2596
47419
28983
7216
43324
37360
12461
28827
46021
44786
37330
6040
48217
42015
17853
19554
17379
22333
44094
6981
22118
851
38400
32487
34306
9541
2497
14609
13422
22994
23445
1063
8967
18961
34252
24627
46359
2961
14803
25472
11219
41060
14139
11460
20644
30352
2893
24888
2916
45862
43046
15465
21672
40322
2940
21634
6271
6828
16986
21519
34414
9778
49681
13370
14919
1301
49314
39998
22906
23788
42301
39197
40174
26753
26458
28711
49083
45557
4746
11270
2789
1011
18480
5161
33991
41577
13943
35732
30157
34210
43059
12576
410
11000
31758
23366
14368
39819
35008
38980
12631
19101
1624
33652
39014
24322
12746
40891
42039
31047
41412
36289
28321
47708
8165
9994
6574
49547
41610
9555
16979
5554
21788
32201
41300
30023
21072
28044
21960
37422
37615
30358
14144
6683
36171
18991
8685
32381
41039
32836
11920
23948
29718
5615
7360
9576
21132
30208
9577
34740
1360
21562
1945
7199
26203
9777
49901
36862
3966
16618
25845
32762
13089
44343
5930
30154
29282
27733
21315
36511
11940
16860
29597
1366
23807
33531
18025
10710
17699
31953
41708
1621
3490
26589
34754
48947
49335
4120
48979
2668
35966
6068
44079
49064
3281
48939
32753
17454
5336
26072
40978
9513
35897
42724
26886
31745
13355
18556
31819
10815
34667
303
37827
4972
2860
43528
31806
5352
15952
9699
2762
41833
18445
18466
47700
6397
23571
11693
26623
30632
36457
3469
4572
43666
2753
45664
20203
37073
24592
14417
14453
29579
14857
35688
28070
32874
21375
25961
7978
12017
1017
1563
47629
31038
2265
47724
28156
2182
7136
38160
2649
15584
13242
49441
11630
34165
46265
42048
17842
3102
40332
8372
647
30256
17431
36681
18120
3523
26373
3711
8153
33141
11107
24758
17606
41006
4695
7017
23517
27016
4055
45814
25974
34006
28857
17024
49446
33084
13359
30177
25825
17712
10520
28609
31370
43755
23611
24986
22761
36040
8398
3106
5248
47666
12819
14022
21510
6340
13015
25433
20167
42281
1974
41634
3587
23438
1310
44740
330
10359
34980
45695
19778
24594
12654
44299
9905
15596
16634
35372
47622
20920
48352
33277
23480
28226
33673
21481
5093
27024
29286
40170
10406
37476
16002
6656
12632
46757
26609
39812
25811
12452
43609
39595
3613
18133
34936
20005
28131
2722
39008
2274
9413
3309
31451
8302
32504
28292
21085
8084
21599
43789
31483
11065
20145
19742
19966
3514
14632
35330
21727
5251
17725
29851
2905
17383
9470
18819
32286
45067
16865
5235
21954
21482
45179
43836
17615
4476
28087
4584
14972
28769
1623
44571
24934
42571
3482
20076
47570
42149
36353
47760
6168
32511
22939
36119
35340
6235
17091
28137
47317
31902
3688
13401
38366
9800
44670
2973
39035
21740
3591
19624
7647
14214
32986
2036
788
42624
16950
8508
30923
8840
4011
12769
15016
36594
30366
25340
20676
44175
2067
1197
26683
12532
5325
22861
11415
27692
5789
40655
46814
37784
32078
47609
29629
4721
38535
17742
15514
14543
22277
27211
19384
43126
16229
36684
20743
9285
661
31522
26970
46981
42634
21009
11695
33639
7876
27718
21325
40167
47866
30895
15546
38817
3425
9346
20849
31031
6157
13396
48445
2645
40623
17631
18645
31792
18668
27676
2200
1057
8699
43250
26463
16572
2107
32280
21843
28048
18842
11955
45647
10933
44967
24814
19699
4853
24218
20985
11844
28593
23685
14180
375
49635
3411
32150
11928
40396
47884
6226
28951
2295
14805
37731
17897
40392
29929
31263
39396
38403
14516
15839
49320
1286
32672
44996
12967
34237
26955
5750
4255
43642
35879
13096
38738
15182
49378
41817
41298
22836
7856
6253
33234
30535
17477
30795
22197
22433
35034
20694
11962
24941
23679
41435
34352
40042
33047
49190
29756
28397
7128
11901
18233
10694
25750
43275
29463
38318
33628
25232
7550
2986
30839
21000
4898
49723
19001
49646
45047
44844
25226
5043
33846
49303
40501
72
17125
30749
36376
11738
12789
49934
18676
18281
14879
32543
35698
21717
3641
2046
25369
37710
25411
22291
42590
11720
12135
41361
7483
32380
45073
47719
47987
28926
46304
3495
40382
22688
22440
20799
23009
1468
32307
22902
7849
33390
6636
41799
10408
21242
21420
20308
22543
22095
31243
38600
43659
38578
26608
18482
29371
19282
7877
9815
11078
7316
27139
44604
24839
47800
49125
48384
18393
12399
45553
10195
8245
31716
12517
40150
7151
24191
40947
650
5871
47842
12398
24962
44656
45357
3199
37104
13878
28028
21245
26980
42136
44141
20052
8080
9967
29837
23771
39855
25392
30446
43097
19239
32464
18928
44435
38311
17192
18546
22665
18835
3367
21619
48056
2024
1883
26350
27486
29530
15063
45832
32353
9095
43168
23996
18987
32905
38598
18182
44368
16801
46421
18863
31581
5277
46297
17620
10665
13240
40533
1729
35719
16588
26496
25207
35749
24229
44724
8484
1622
31847
4108
27055
23032
43947
35117
34254
38076
28065
25504
4230
30678
33379
36868
34958
33196
4540
20560
14858
28073
28815
10652
45803
9372
3122
5056
27865
10262
25003
11305
16596
43728
47439
12174
45752
6192
33666
6862
44298
27737
16455
44758
13428
28953
41083
34786
22553
21731
19701
46349
34089
22676
15019
27091
18790
48749
13791
15965
735
13573
31070
7642
34888
40017
35939
26927
6832
46635
45433
481
37423
46090
19266
7681
27550
48476
3965
1170
13919
49777
23719
22111
20146
46849
34219
49226
40388
43048
23340
24234
41891
14150
14017
39011
8543
25078
1531
32167
42180
42793
37805
47506
31055
21574
13190
46165
46188
32939
42060
28904
22613
14186
4179
34898
43723
48639
606
9601
8901
43772
47125
36329
22187
37195
46604
24076
25026
6564
40301
14168
30060
8258
46866
2700
28275
39960
36941
8577
19715
6809
43591
49940
10691
20207
43771
34969
26834
44330
17332
9109
45161
47895
34868
41609
8788
23234
26905
44463
22692
17887
28482
19329
47099
33424
38642
546
3258
31681
20401
26456
25489
47205
36454
8573
22830
44213
39905
23138
38262
31832
11382
44700
48923
28246
25667
32434
33511
23229
24302
12110
34182
41398
2359
6867
8160
42830
11886
3955
8700
34314
15816
39745
46602
37560
6904
40988
17840
11491
4101
17186
48538
12116
18885
23265
4350
15871
47577
32519
1807
11763
5163
6249
35220
29384
15024
41670
19967
49454
15061
20059
47803
19442
44753
22269
35822
30834
10178
9961
34679
45528
27178
33016
47250
8158
16841
29778
6524
31350
977
36850
7873
27851
3885
2104
45543
33544
24887
20929
24084
30776
28624
21164
28541
47913
14313
21018
24135
29142
26345
39255
46226
37504
10642
7024
44139
32193
24334
32810
8828
22635
19521
13547
38422
1397
7898
7496
39127
11372
1937
48581
5177
17074
38351
37765
49967
47270
30661
49477
29517
11813
18582
38168
17456
21822
35274
572
22866
12161
3945
39059
32735
5824
41054
35964
18129
22936
4798
14419
42623
23064
29624
32370
27233
31245
30325
6417
32873
48776
4979
23117
45063
27631
37270
15635
4644
47176
36529
42926
37271
36559
38138
2081
22583
18786
10331
3759
4195
17393
823
3562
44261
11187
44909
22582
47601
34289
7068
634
41460
43378
20454
18637
15728
25798
47271
16336
29850
12751
18169
10731
25021
40407
21465
31051
31631
34096
9123
16112
7607
16093
40338
34589
26097
41765
12704
9536
31170
34715
13403
1291
14585
40483
20457
14375
29848
41590
9755
14395
46156
23001
6756
38770
10877
10610
11975
27315
9311
38016
32216
14842
972
49941
10062
7640
15310
38466
32406
44838
23103
33726
5186
5815
22947
21874
28284
41211
31699
6230
4748
47549
7224
12224
30085
14610
45061
12911
46658
8320
7157
20349
3517
43306
29337
23943
1143
35334
47010
41780
47479
40219
21129
39276
9917
48994
32868
12978
8997
47188
26453
14694
23613
1330
41087
45633
14018
49930
29744
2296
48035
49246
34702
27941
29498
9124
29499
25358
14332
12026
25610
43878
41994
14861
31612
31927
16897
1216
3686
40207
1550
37875
9918
37833
32712
33454
40898
2196
4189
44672
38798
28242
17499
24098
20435
12237
27723
26301
44189
8548
49362
26516
22495
44124
26206
14653
16554
16261
15385
35432
24810
27873
45855
19952
30885
45171
47472
32120
33235
38287
21815
14095
38277
19471
33193
41414
4882
17718
33445
8746
25000
42716
4762
45077
30952
14688
47113
25262
32602
35986
45544
36103
23770
22916
19391
240
17441
33397
49591
1416
11721
18533
23601
46246
17052
31621
34631
12974
28147
23274
11828
48490
8899
10048
4844
27879
29289
40860
2345
32005
18785
19124
21311
36447
30214
10893
27239
41215
23964
22014
2113
16917
48481
24802
9428
28848
31684
13383
27823
11119
40557
39267
16480
19362
49865
15881
25815
34282
36036
42600
20771
1630
14151
24266
45038
49142
48759
62
34884
29539
8655
14835
38986
21063
36541
17148
2550
29084
2842
5664
22954
23410
5779
37860
2467
18495
20822
3327
45897
5553
8251
11686
5127
22324
10371
26264
31178
34743
19356
27100
35104
10726
1296
3251
17977
12696
174
18932
24280
16822
34502
17878
3764
25212
17286
15696
31912
29833
47491
6487
26972
22930
26338
49772
18266
11021
10040
13773
45020
47843
22551
3610
37651
6946
25383
40657
26777
29176
33462
41159
16815
29950
3739
34192
39388
42081
35295
48978
27653
17494
9502
36747
49187
38435
10587
37278
22268
40936
17756
14889
44565
32611
30874
7263
26639
26604
2931
11701
36832
29678
26121
22453
27084
40187
34609
46488
11832
2232
13150
4198
49601
2592
10884
28255
16422
7962
2815
12071
34871
32777
6977
5633
10207
19492
43091
36164
19223
288
13575
44734
11121
38982
49242
18737
10896
13968
49105
24911
28422
33161
3828
32757
5697
15161
23591
17139
42255
22622
15634
35727
20551
16941
21693
43361
32094
10507
24708
46534
20632
46599
30231
29500
37928
9117
9368
35623
33439
19911
41012
42890
31877
31193
39762
13306
47147
85
48413
4968
966
5344
263
13199
16142
9639
18324
18721
39585
40481
37938
10165
18261
26549
18316
14985
20983
47232
48552
27263
34827
4960
25544
42501
47554
15349
40845
47744
39006
42476
10860
47311
48544
26938
20653
32477
37192
24607
9101
31720
26490
456
9153
37811
35410
14991
6243
16992
32407
16164
5410
29705
16907
40343
48254
8105
32021
24845
16354
45713
42516
29443
22246
12167
46843
17232
10449
18554
5491
36792
9616
12513
40615
44282
18555
33965
36531
4564
14588
15250
38146
48271
40859
18611
7549
5333
48412
23946
41295
4320
45890
36562
28282
39198
20438
42721
26624
25756
10031
15442
45793
41512
16621
14223
3909
36605
32824
5236
12849
15122
15237
16878
1439
18894
41888
26763
19645
23457
38192
37172
6903
3356
9322
47004
24388
27372
41069
8457
44952
37255
26786
20048
25949
43110
14704
37481
23502
26162
16165
42007
46112
27128
42231
26291
6517
16723
22798
44959
39401
9643
23651
38105
44315
17863
27452
22408
24181
39216
37323
1876
26017
29918
3075
29890
15303
5462
22190
33793
29290
19406
6083
32067
15216
48262
5966
7548
7639
18055
14569
20139
5753
34167
27519
19016
30941
39238
26313
24488
24420
16867
16704
36648
45537
14310
30814
25571
4475
47824
49958
31058
34305
41571
34092
42470
12061
8740
48816
19283
40987
38302
33898
44655
2210
21006
14823
39912
49564
45190
17020
34024
610
12606
43876
23823
39070
974
30234
26966
25888
17679
16494
20327
16360
28604
25792
17565
6911
20718
7676
21263
48191
38288
49956
48963
26043
7975
8371
4632
8965
31835
4418
18931
10428
19709
25818
34612
8294
45318
42502
38935
9993
19203
14288
9728
27904
25840
20971
44681
16994
44899
40083
28993
33613
47061
27892
29023
28346
26599
24938
10595
29116
42391
19871
24932
11710
42648
27410
37297
40619
22032
33860
28749
1978
24263
8296
43610
28068
461
9758
39587
105
18142
26193
25307
13309
49990
24495
27630
21350
38603
45307
33888
24843
35426
28403
2003
24793
22781
26127
32408
39882
32331
5808
13654
45987
13842
47669
31967
43170
12426
1152
3940
9705
5837
13582
9148
8575
20628
32045
47206
49471
38205
16488
34899
20364
43346
19797
42558
3975
22880
37107
40227
12143
11552
25108
44033
523
14661
30674
1824
27223
11749
37725
7208
31751
21826
31619
45686
36259
43466
21591
33009
11892
30053
31635
8759
35677
36893
34687
24926
26551
47263
32412
23375
28181
30911
32392
6719
46799
27659
38651
4816
43063
2252
32803
15875
27309
23978
29653
44126
29019
45330
29788
3684
46845
11199
47664
3249
7911
7675
10555
43478
47773
42587
16861
6347
36181
4777
14003
48045
33886
1851
33484
15823
11489
4209
2508
33647
5087
10557
6931
34753
37435
46836
2577
28503
42531
7480
11362
3543
25630
20995
31644
24244
44408
7357
30195
36130
40323
9930
20192
3665
24604
10208
33830
28688
47572
14885
23344
8686
13331
39228
16030
40912
4899
7627
2615
17548
25742
25148
3772
7196
19619
9558
28249
27840
3298
40855
25541
42692
24969
12248
39972
29701
26004
46807
13907
13576
16412
21895
4944
10274
10009
39004
33268
35671
1971
32371
30943
22470
11223
1500
47625
3407
41275
10623
47009
34205
8209
41470
39903
15258
43750
20002
44801
1667
29824
20439
17930
24803
10783
36672
36490
48438
23096
14984
34500
25859
2111
33949
7336
4012
20310
31890
49132
22569
40271
19010
12418
33123
4413
49503
7022
47607
12570
23111
24822
10244
31624
37780
37332
43641
36191
11960
48784
43086
18012
37563
24149
3985
35102
35612
23307
45376
34672
31383
27900
35037
7393
38520
39533
38295
10740
44902
398
35710
5757
38263
12502
13558
9160
43071
31924
25098
36378
12002
45495
41109
13255
342
27473
5811
33005
2749
40482
13113
24044
34039
3539
26761
4850
48588
40352
8518
9726
27760
6301
3286
15124
46597
30480
4921
33321
7407
8523
13721
30896
40261
7390
35316
3564
31127
36870
7452
47661
326
1192
3228
20846
36215
34597
39258
15873
36205
20617
46027
4409
14941
45638
24194
8613
31767
44840
244
49852
17294
47053
20806
15448
42150
49972
25439
28108
23205
28271
23761
19123
8731
49790
26077
11933
48991
33550
44402
35765
21270
4387
44474
39161
26829
32953
47257
13723
6956
13004
34382
31355
11609
48426
22907
13392
3174
6086
26402
27814
37354
2129
44392
28770
28712
47466
35968
9872
12861
46944
38588
5587
23315
8755
4473
12078
48644
49693
26315
1627
31536
34193
38704
38917
23903
28825
10485
45527
41198
33515
28752
44473
22207
10946
33201
34419
44265
36554
3208
718
37533
42032
26845
17850
43928
8101
40733
48173
2173
21024
15794
11210
29620
33221
6593
25754
23113
10637
5892
38546
26002
46638
25592
10801
31145
48615
3969
8341
31582
15488
34247
8931
42888
41386
15123
47435
26843
23167
27784
28012
44357
7470
48029
4369
2394
18828
19839
35309
32269
8045
18111
38869
8357
17838
14178
48446
11410
19183
8412
31868
5704
10216
8562
26471
26276
14652
38895
44908
45535
8652
17268
39282
12992
31893
35575
44397
27655
17444
17062
15286
11759
3715
23273
30669
27300
854
4687
6393
32442
4766
19840
42770
33599
40134
10742
5674
10247
10315
24641
45673
2283
36935
20711
46800
22231
40005
11852
44410
15867
4294
12039
12322
43732
26543
24343
12577
24182
28344
43987
5171
11743
23231
37528
29245
49890
46932
6644
29915
5642
33046
11469
37857
9241
45748
44594
17227
31353
41963
9414
47953
35204
44286
9919
7048
19288
23899
24172
45274
48153
29091
39508
3316
27532
4807
8083
38067
18524
45706
17331
41712
37067
17381
18386
22717
10728
18628
6028
39168
15111
42815
15913
41998
43318
527
11386
48473
1857
11989
10237
39538
29331
3557
27275
28003
44511
11028
5726
30983
44641
10291
34742
39728
22481
7633
10362
43839
9312
19432
23338
19285
27983
23680
2154
35534
17698
3158
41631
14203
25014
36298
29572
31202
42265
2543
20014
12715
2898
11840
15329
6072
43088
21452
10019
7123
13234
49639
4559
7542
37446
28355
19487
30676
16246
2323
5320
33130
38478
29292
25633
9354
1834
11371
12188
7063
37675
20092
22973
1741
33826
24052
7738
30262
3492
40196
21821
43896
742
27854
19003
28959
20742
34283
24441
13473
44961
48492
206
5096
5873
43633
6737
24733
1522
34062
42432
43118
47411
15287
41472
10290
10337
47358
43194
23257
39846
24071
6398
35036
46193
38968
26954
24147
9237
3073
6204
27154
2914
23319
24338
1600
30558
7779
43243
7728
21540
30281
3552
45948
27961
38893
8511
43328
33731
6482
30144
10465
19651
18384
9724
5943
47749
35571
36911
48677
44301
18088
26595
16209
12804
40590
8332
1800
30679
26528
31497
34367
40446
18388
43436
32717
19844
14822
6472
46162
40022
8739
49427
38901
42207
23709
9773
30587
16475
15040
49122
49094
6767
2763
18580
48223
23176
37604
5900
8481
22451
24064
24884
22948
11631
21341
7372
32870
3335
14199
22815
41044
16123
9405
973
6786
40494
43380
15199
42825
48004
26664
16954
16840
12810
9355
35013
2449
13747
39544
31907
46067
35902
17997
45781
40369
48838
3752
38734
43730
29493
39591
8102
19979
41938
25351
6948
19661
4851
756
17335
36029
20090
21382
2783
17678
25254
29601
8031
26134
41127
11245
3207
31348
27498
23037
26012
49829
37246
45260
46808
35800
7141
17654
4611
39017
1576
21856
9956
22062
1478
39488
4539
8149
8403
21541
20580
46387
1641
46204
23145
47586
45420
16194
4031
12775
43245
23386
5131
37510
29041
17960
11411
44284
7508
22411
41339
3606
6936
29774
30210
9634
48479
19063
20841
2440
22917
24942
13037
12308
11089
23204
9843
9246
30766
26308
16844
41514
32681
31034
21361
5888
27809
4839
45131
7324
34940
36964
5005
34745
28293
16971
2882
12425
29055
44224
7182
15716
21047
24780
47860
2502
41425
48954
29939
11353
44980
41672
1592
14546
42987
43009
49495
7973
27033
668
9537
11716
25954
43841
30719
33315
39187
26706
24987
1559
8945
2718
7944
37963
16331
25800
21749
21275
40805
1023
23641
14226
21120
1420
14472
10358
10787
34593
24808
31734
7093
29307
8426
47461
26094
20944
48589
21332
14474
14964
22151
40767
4425
37352
19357
8944
4578
8301
43026
42129
28092
30522
21276
9923
27714
19802
34014
11437
36942
35499
12323
49585
29946
38347
23557
27771
45802
33382
40584
19865
34994
18797
6533
28177
3222
6731
46216
14559
40959
42294
22286
36361
42490
29607
43008
17357
46502
31553
15877
762
15862
15945
15803
37082
28963
4457
9060
1384
36244
23010
11227
43259
15570
7696
46492
9472
47820
9192
12081
27846
25527
26610
46137
3860
11715
5702
5686
44103
45938
20273
33188
7883
9955
9946
10546
46661
48831
39359
23602
29789
18357
22816
28761
16148
41136
29223
31793
40097
23544
47127
33167
41647
28701
40725
17280
34315
14622
24576
15590
2498
32052
4088
9223
29965
36465
39620
40221
34109
32388
34240
11831
28091
22027
3986
38838
24284
13661
15852
33561
15991
48360
5343
1299
48865
11288
18686
4975
24304
18089
835
44543
7916
43000
45903
29815
36379
31005
14969
46017
15704
44113
27833
19528
41599
47442
25061
17161
4617
47000
32003
21629
44038
35708
24184
1848
39682
21935
44621
48504
36701
23069
1385
6502
18741
42157
40532
40359
36557
31471
48126
39542
13305
4130
13672
2591
5869
44242
41931
10526
36203
44495
32217
2836
19932
1823
16811
38181
1434
928
19275
41605
22288
49944
19662
35514
35439
7732
25903
26485
44380
3888
39430
43488
998
35632
26486
34674
35686
19741
19939
33670
19180
22508
20994
14486
46185
8233
43190
29580
42895
35302
11166
29599
13965
40636
19202
20266
38665
10467
26899
14557
48931
29633
34175
46483
19938
30846
465
2119
11804
4341
32404
37974
8162
49086
33706
7750
33081
48969
37234
33714
33540
20029
12524
14536
47483
37947
44233
32314
31774
29934
32566
35619
13931
36743
8370
6375
42324
25768
28056
30702
38110
49267
45167
16774
16141
2383
14733
44919
25787
4558
19877
48925
31472
37322
36593
8710
20903
34009
29642
5820
32270
6878
7237
33380
3261
38316
23845
45127
29881
48314
11132
42982
17337
29854
45095
16947
1846
49943
4985
44849
26494
14532
134
36476
46588
24311
8089
6384
17038
17162
558
17112
41520
26430
37317
29727
4535
29226
25449
40566
23792
9519
2180
5475
4697
46631
27513
42225
4838
37817
36591
20739
17060
40195
29808
9621
24990
910
37772
14408
35304
15863
16154
48574
20341
28216
3642
36060
41105
46063
23515
16012
24486
24151
35582
10916
14340
8409
21814
38322
11562
32537
4958
43801
18507
23499
14577
12181
39908
25719
39517
13632
16076
12726
24679
32200
19832
15970
28878
12481
8232
28097
30346
39325
10399
40807
8217
6856
26796
25765
2873
29522
32859
5653
21231
19792
37892
2396
1261
15588
8536
11025
47108
37165
28316
9948
48762
33749
27628
36946
13023
11696
13138
47129
35141
17267
22097
25276
15942
1769
37098
14361
31354
30713
24163
8864
29484
16149
4049
38058
47041
21455
11443
44324
3043
3452
29697
46384
29389
7185
39696
39627
46190
7309
1376
27679
43885
20963
26339
48849
38859
13543
40753
19264
11772
47102
17033
30199
36801
18526
19430
7334
24585
13704
24409
11355
28738
16134
40250
48562
32974
3700
17636
47525
6138
20080
32076
49232
36933
24060
11620
41062
28852
5024
44615
31773
42100
7348
13043
25816
8157
10158
45772
41603
29822
8350
9476
4344
12744
46828
15481
31343
30048
25486
3413
39068
4122
33931
10243
26090
31174
3134
46815
2291
48024
15786
29591
29126
1424
16053
19883
26711
11842
21980
7759
41782
25740
40907
19740
21212
30654
9592
13221
5756
26596
26550
5828
25891
45278
3678
21705
10967
49782
18117
20318
4405
19821
5117
25458
23655
44664
21049
5273
4642
15937
39781
27342
10439
10936
38957
13036
1664
27817
34273
42375
19981
45059
47204
17500
34351
31148
20405
49529
47605
46742
6625
4305
14364
21211
37677
341
43862
17283
13724
37218
14388
42191
19057
32957
34324
877
20616
20596
18958
19262
29027
36002
44620
37341
43979
24524
26939
40895
9403
39866
42285
29329
21355
47805
23527
46097
38570
44276
48444
23580
15820
48296
13140
41284
48569
25343
9711
41881
40791
29407
7811
30455
40544
7572
42858
9931
33190
37221
28544
30159
23590
42079
34744
23165
27237
21955
10861
24766
2156
3550
49080
29376
14963
10924
22272
40156
22235
43254
22245
13251
26511
29807
49846
17646
19472
8920
3718
30589
21125
24093
15575
49422
21713
3670
42706
20556
24046
430
41617
15164
33538
35007
42956
38014
8859
12391
48386
33438
16655
5492
17901
27173
15004
15248
23489
21563
24587
5233
18794
10567
25713
9098
29537
20651
47794
36294
44854
18178
17986
34794
15179
46477
30104
32463
23908
4121
25065
15290
2547
34074
22785
3593
30682
7492
6333
44993
31840
38970
44412
4705
24115
39721
20958
9676
32391
21566
17555
48101
33945
13094
31496
41447
21940
3692
31872
3500
14347
31214
38530
29016
10871
32970
29240
27727
37460
15547
20578
38739
33904
2429
19136
21950
39196
42929
8148
14232
31711
45694
30748
44685
18284
49903
48167
30462
12069
46355
14866
10789
20491
371
13179
40210
43391
40144
46289
29087
14529
32206
25534
34643
49737
28891
35549
8643
47683
48873
24461
13818
46759
44311
32422
38948
45298
12655
990
19137
16890
15274
44073
11420
31434
25621
1512
8172
31143
18418
5226
39218
19560
2392
16039
32481
25376
22904
35337
3572
49175
6785
16697
14975
44056
45285
17789
44989
3130
10153
6546
21372
42240
865
47063
42061
20923
24104
30670
25409
11127
6685
46472
25763
13252
26526
24240
30822
44326
45155
34392
20166
2732
14167
8853
1074
45891
21855
912
42482
41927
14290
26478
29332
44868
44131
15869
34487
35090
23826
30307
4099
12647
3890
2270
1405
39385
11342
38974
45761
13211
26657
7967
1565
14916
13001
7980
42498
5126
43700
25883
12458
31114
12538
37619
17008
30754
13233
45259
37181
15409
23801
45578
32832
27512
3203
4291
4946
33224
1832
32956
25707
5241
25
49996
40600
25499
1101
46795
20262
37173
41348
18201
24769
1652
21468
39701
42705
42713
41443
38646
24056
3379
32745
35447
252
46844
10327
23209
419
1528
2650
27667
33459
5158
10776
38746
44572
34608
40273
17614
24980
41085
27386
2690
15510
39181
39631
29272
5532
39029
29390
18179
41459
48096
16249
38117
9048
2451
22649
13273
15895
10712
2077
36402
16972
49334
5950
4527
8411
33903
24591
49248
9901
32779
7829
26401
11061
26916
29535
49630
8369
39613
24830
31246
35843
1747
21558
39530
41551
30528
13939
45864
41260
44555
40850
27414
8240
37835
1814
28776
34471
36296
37562
47797
20217
13327
27736
26207
28946
27586
14247
27782
33659
28535
11418
20853
34952
2578
32338
26325
12225
14487
21190
32303
17384
4920
3905
22464
3115
39896
8021
12344
25294
16214
28050
49103
15677
17260
4006
32112
32869
23392
37945
33337
33496
42760
48570
34490
40356
22851
3035
49514
46515
46821
3717
9096
21101
21765
38816
27571
1564
24894
21095
24573
17461
44529
37751
8552
21236
30086
9600
48355
41191
46239
12178
15297
1456
26712
1334
18798
22126
41446
34472
29699
4879
30169
23350
16381
31250
27887
8786
24075
42274
28855
7844
34275
41698
16409
30637
14672
32466
3931
1172
21136
9565
15934
25328
32671
14068
16335
30186
17364
14774
15741
41290
19988
8100
8588
15307
41279
15976
23860
37878
19181
34636
15308
5099
35214
19790
35985
18065
9187
31157
6420
38824
48009
45301
40498
30630
24339
472
48698
43332
43930
40320
36654
2955
14212
26025
8123
39445
37887
38437
22723
32833
44212
48326
37719
18859
8649
41616
3061
21171
47852
10128
46442
22777
11427
29318
46035
12575
45653
38496
49581
23808
43150
25245
432
38796
6821
745
9455
3253
13863
36468
7373
36497
9825
33926
25574
36524
2189
35202
1450
33605
43999
28626
43868
13946
11786
17493
25655
9494
16780
18279
46061
4830
48531
42722
5782
21516
36986
18057
7945
8538
29215
18010
20321
6448
33428
28414
18621
3070
2025
7646
10484
23166
21170
49491
1408
40911
42944
42456
39574
11391
43370
46935
12701
37493
49611
22854
9793
7616
43331
31329
25615
26195
47153
42625
32468
18493
8735
49156
5453
28252
43001
12096
24695
19752
9684
17504
27253
40194
40821
21470
29212
15178
31111
40627
23280
46639
49010
30864
46984
33415
43593
26067
26783
17758
2546
48074
24577
23653
42569
40973
36065
23433
47052
42139
44210
26635
941
13212
19292
41378
29464
42931
45559
25459
18960
9196
48180
16837
27431
16267
5433
41197
21503
46366
9836
6480
12265
10175
27306
40757
41052
9420
11513
38187
13785
33107
32903
7677
20598
32107
46150
16447
2721
38743
31970
22096
34223
15899
43897
38533
41330
27564
28795
24276
31864
38276
7007
21050
30856
17495
16242
16942
38195
33997
555
20018
28080
28809
24289
26343
30249
16664
4161
19482
2614
328
29538
6852
47233
17316
46095
3607
36366
31834
646
42217
1015
36105
37808
46108
28955
44207
35740
20843
33244
27166
44760
37897
43130
5648
4552
1162
8067
24945
40037
45734
44975
44163
39335
30033
30567
42122
31754
13585
19121
49743
21319
40811
11030
35241
36898
13634
39948
45958
18974
48350
20984
14836
28428
30432
11179
33261
29380
39825
7057
20302
45877
3321
38175
32509
24199
39945
39877
45322
18626
4806
2194
47437
46523
40958
19579
8986
14254
30351
32778
41899
21580
45093
6181
16084
20884
6555
20642
4689
14813
46499
44687
2807
8498
12030
29672
43106
8152
7436
49885
47559
36440
35163
12840
47216
35253
41010
32513
14631
16333
18164
30590
18181
24772
23035
41392
7490
34646
3269
20230
25632
16846
45747
44590
22685
43803
41952
45403
20514
16753
4532
13267
6547
13526
44884
12417
26497
31191
40451
10732
29122
9477
13195
15372
4803
40589
22338
30663
6705
48974
24725
48528
19170
36262
20353
29056
40661
46816
44254
35283
17888
19818
13071
8830
17775
28592
48825
33908
8074
47985
7302
28930
3013
35938
17119
44382
26510
47706
11816
48933
49849
14512
16040
28849
18724
36738
23084
6366
31821
46811
12335
39725
13912
1103
26548
36802
42366
19259
24864
20866
25484
14541
39550
4568
4650
24250
19685
23995
32938
34945
24981
34139
35345
42591
11152
21514
32100
21457
17143
12146
24675
19494
21219
30908
39428
40651
16187
41979
48691
35494
1303
40622
23008
22331
2043
31331
46831
30747
23447
49258
14235
18020
37461
42145
34782
28377
15713
15165
21811
40406
25011
31656
5337
22755
29644
10904
39040
18707
622
7160
5459
52
47399
12933
41013
49744
23742
14319
44870
11438
33989
44458
40024
3167
14630
40606
43147
20810
33112
7686
25566
18619
27119
1238
31683
13923
14351
33260
5764
40869
26436
5806
46739
18041
10017
42124
32197
36293
49171
41903
15474
40964
24997
27747
19919
16548
38960
4253
7070
35775
37506
15701
43451
7679
3271
42969
6675
30072
34310
39976
22035
40350
40724
12085
25817
17000
29199
41089
53
43043
21113
10185
10350
29550
30736
1306
19126
7008
42529
35124
7261
34639
48955
28032
3012
10976
3348
32720
20512
11059
31394
15208
45850
15749
23936
22643
7099
31616
5153
18452
9963
30643
7252
32520
24519
38708
41554
12828
41316
40329
11040
45598
9716
41636
47139
12553
29120
6282
31045
6775
1525
148
4467
27137
27637
15609
36299
44610
38450
17325
17741
2624
3850
6576
15232
44883
15364
5415
28117
13452
38942
12541
29225
37038
43815
29801
19332
4579
3197
11585
25178
33437
4165
35412
48515
15152
9336
23184
10125
11596
39876
16063
39676
18009
12341
9997
7930
43447
14280
7442
2375
4875
36791
32008
35914
22574
37514
29769
9893
36890
18152
31549
43362
29831
29433
45032
1676
24915
21010
21394
42542
25675
9593
3034
42520
12403
32141
48659
25266
34870
19543
11413
13688
30246
13110
45935
17882
6494
25099
36464
42693
10303
48564
15365
49198
27613
18831
21722
41854
45920
31040
36980
28794
6194
18149
48321
17391
12899
5449
25760
49167
38090
8305
43566
33487
23741
10480
19383
3518
26851
15033
1339
25134
15815
48036
29342
48643
27606
23822
8638
10036
16648
20880
28987
27064
18896
47688
4399
49549
5493
31212
5088
28038
19703
37760
44512
11651
31204
887
7822
26214
40177
4923
40233
10523
16752
31013
320
15358
35196
33933
3840
23461
44307
2257
33194
13623
43787
8425
47471
15887
13329
35301
31016
24236
21521
33663
43199
37636
40060
6329
14102
3617
47974
37847
37074
8661
45039
1791
23132
35083
9188
17069
7783
28800
9713
4227
47515
34137
39787
9302
2068
8950
31669
5119
33643
23261
49952
29606
27008
45098
10441
34569
47948
48571
12996
26576
8839
44944
36343
42271
20590
46864
38742
11188
42435
47801
42930
36653
45083
5456
6797
49619
21873
41990
19870
27950
49337
27252
8424
18223
49049
33223
25089
23432
10424
24366
15800
1082
19240
938
15139
9391
49291
1901
41812
14778
28802
27936
28221
9607
23170
27751
17194
19942
49450
22414
32931
25834
13629
21784
10797
28104
48561
16498
14097
8750
25584
9869
26988
2870
11903
713
32456
28498
23067
33276
40468
34325
44733
42670
45029
13614
4485
36606
37662
46089
38462
17818
23632
48970
47024
24253
5910
37306
38304
9970
32126
5050
1648
2416
12687
19254
5404
41258
40672
17133
21626
19473
10908
19884
26784
28152
541
3768
11966
43305
22239
37661
43623
2370
11969
30270
14977
22856
26733
5049
36372
36209
29080
2896
27430
13084
38370
19600
1009
29835
13197
15390
38180
6662
25347
17472
18557
28608
7
4873
36896
37622
23079
49989
18871
349
22813
36778
20205
46420
43927
5182
14864
4704
36843
21803
29069
39751
34136
30921
18937
29235
3305
11815
19095
10381
38047
43456
43070
6128
28894
1980
19905
44965
6379
5813
12567
49926
31769
37124
18568
21244
20992
15101
2048
14819
24219
31713
41182
20630
38119
37707
42091
28967
14773
29494
39672
12699
4621
42629
38473
49389
31507
30131
39024
46930
15954
43574
27506
20498
22377
18280
46410
15798
19556
34677
31732
13300
18101
16505
17351
15571
32346
22462
34584
43962
41071
43654
17421
38421
14558
302
12244
22017
38774
2925
28339
30316
32849
16982
22224
21182
40100
3192
28268
26145
4965
24921
18072
42253
25654
5783
4103
15132
35595
12193
6846
42598
9310
18095
43291
26188
22740
49621
25115
564
29571
10228
28708
14853
11930
31122
36080
18609
20313
4427
10746
43738
32952
19542
17369
26591
6411
45152
32764
262
17967
8941
38559
49961
14727
44439
12614
41098
35481
43887
29592
15201
933
41522
7531
11906
18963
43138
17961
4075
34565
32568
9549
38299
26925
33303
46834
5522
49070
29749
32675
35983
19466
46426
24580
4580
42674
37657
34695
25643
34606
28300
23408
4200
15045
45107
39369
8910
45728
32912
40778
11594
16283
18560
49284
30029
27592
45818
23033
22359
7479
40026
4966
38154
17299
45827
49367
15100
43965
47536
41556
23404
13304
6330
36246
18309
18465
31326
41683
9683
41651
47762
41123
12316
11533
4780
819
34234
26009
39937
33481
3227
30631
27071
22867
37791
6460
39918
4420
44697
23254
8434
11019
24790
40341
11232
47933
35353
23062
20113
34709
30397
30461
3881
42853
47603
34270
46988
45091
47454
39045
18442
10883
13714
13846
9543
45872
35946
18274
33759
41553
40633
49570
9206
13091
26274
15070
22006
32476
19775
11647
9655
2541
33729
2476
43786
47252
8539
18559
37208
35841
19248
43719
37019
41475
28725
26749
40489
36978
4077
12297
15625
12924
38409
18408
38218
40466
37745
3978
28529
29097
13903
22999
1255
18550
5685
19633
38881
10548
1198
19194
14071
34280
34747
25210
269
37717
25821
44077
48248
38977
19627
21585
29243
38413
10378
29171
27006
10392
9645
20999
20
23383
22807
39283
36816
10739
41792
26922
37450
30134
17855
24431
36523
15441
47367
5747
5691
49498
39777
15068
39115
30809
16493
27294
15629
28823
28178
30662
14130
13485
13313
31184
46802
37606
40002
13173
21259
1119
31974
2943
37970
32390
39712
27953
8618
6887
5931
49062
5121
46590
33085
13248
30082
23185
14299
17365
15214
18907
25025
42934
1042
24063
46848
13157
39226
39806
5710
34583
7899
13039
7380
41179
39871
46476
31480
36930
25928
24159
44748
20932
37388
2535
44772
42307
4501
10489
32471
24899
4023
40838
20894
29011
43477
7939
14926
16509
46792
1368
10280
43807
1122
14954
20724
11190
23498
28089
43694
27069
18606
1891
6074
39290
22745
31077
33386
27322
49900
6976
18875
3010
37764
27742
2600
27803
1348
11153
10535
12760
5139
10932
46645
44092
21157
3096
8118
16934
14894
12374
37348
37568
10676
16317
7795
36000
16020
28256
16269
35792
16673
6120
2694
41038
32279
33573
11677
35648
36189
12423
18783
34976
45964
18272
4504
45449
14872
49776
43307
6864
2227
4007
4258
31477
48270
9630
44071
35647
29651
42176
48622
46725
23043
43209
207
47663
25039
42801
25585
35889
26723
3785
48972
33992
36184
40146
11573
42115
31568
20613
25640
35388
12343
33148
22318
12136
8265
19250
995
791
40286
2418
10288
31275
29712
45092
47152
21988
28526
36261
20338
14248
28026
2136
13801
10736
39665
34360
11523
14633
37436
38928
68
39697
7488
7910
16884
29363
41292
47042
13314
36947
4091
23424
41977
29671
5982
23022
32011
11367
5994
40692
47967
4937
36009
48012
9149
3993
443
4449
21518
31284
43480
22995
44158
33525
2565
47430
40526
44676
36962
32629
45928
19354
40603
8854
2906
18185
19960
15565
43904
46924
42067
49939
3574
41495
29452
28002
6873
42848
11428
10949
14244
11492
47954
49031
2855
30726
33036
6975
29751
2473
19140
13827
41787
6910
9659
26051
48990
24491
229
4110
3513
19583
17065
11237
45312
12684
45196
12109
10914
19378
13605
22997
36543
49421
4406
45168
10410
44191
33088
48829
18671
27949
37217
8980
17082
28016
36276
16241
36146
14030
22666
7807
45783
4653
2838
19059
25284
3889
10552
10307
49587
27199
37260
34422
38083
10808
32204
15996
33506
15714
6038
25415
42545
16603
5494
10464
6711
19578
25057
25894
36404
38623
3923
20202
43955
11422
6500
49769
27297
4523
23059
15186
48341
42762
11768
35953
23028
3292
17983
32792
28476
40829
33125
18433
11788
27538
604
7669
20619
9856
43668
9984
21976
4718
4117
10882
12118
45148
4053
17675
26464
43308
22198
21298
15042
43337
7996
39286
32567
5256
33279
39307
25528
5450
49836
4414
32960
41274
49020
38430
33713
13814
14948
6703
49578
44707
33479
13595
14025
1888
32134
18763
46569
9927
28410
1092
769
243
49998
46999
1328
16857
10442
12383
14137
37523
8497
10344
33867
16724
38771
48231
33890
17841
19091
1841
29942
47632
30026
11582
27246
6796
10820
9855
5597
23174
42687
15591
25842
37995
11258
7278
27450
40324
17689
34308
4506
41754
46577
7700
28717
42870
20797
13805
22765
30293
22500
48614
20039
38841
19596
11822
35460
37254
41722
12791
1936
22312
17275
8860
28553
48368
33961
12738
49841
11075
34830
36810
29963
14193
15455
27449
32582
12328
8756
32348
37090
31535
49277
23983
25205
5793
4380
3787
39048
30238
11482
35957
43821
40424
23501
272
32093
34515
3342
26021
1394
8365
34203
13757
31107
4779
418
38049
35787
5598
36342
49024
44847
42609
14049
43115
30649
28167
7694
36844
32490
45936
37309
33546
43426
38543
27990
27495
34563
39973
22297
42052
36010
38577
4722
37511
31876
31766
8073
23565
7891
48212
10722
35027
13601
15699
48
5694
7972
46959
22099
30577
16607
10166
1856
11230
41285
1650
38557
26675
39526
34418
4131
35004
22293
29421
38718
14761
17245
46134
22970
12295
49572
23550
39273
38073
47058
17920
27267
24155
5218
27549
2919
5781
3330
36439
5558
36140
29876
15917
49304
22840
20712
3055
45882
19172
15210
48797
40319
41222
25898
27720
4208
37272
16392
39852
10674
5247
30501
2529
455
38751
39709
5252
36613
26911
29417
41807
4917
43390
40413
38596
3457
21735
1435
20051
37941
38161
3778
33999
39657
43183
21474
3410
28575
9561
47541
43351
2336
19846
11704
37376
22914
44199
13368
45776
11539
34405
15031
6676
31725
3627
30933
37855
3536
46649
20200
33929
38647
7414
8600
46936
16146
44978
17204
33471
35260
9838
37901
45261
12842
15327
9521
11964
25995
42410
23927
38030
31854
37187
9985
27290
32297
18727
5722
43677
10960
18760
43708
23697
8286
11485
38581
4947
37627
11507
18833
27960
37976
23566
21073
29588
18432
36546
36835
43541
23434
22503
41746
3532
9108
48300
20357
13097
45943
25886
3527
23618
8626
5938
47998
47264
13412
44939
1601
28450
2834
35
22059
11820
848
37497
12800
44937
39564
38006
14357
2714
35297
36170
1164
24569
48354
24051
11843
39761
17545
15403
17652
218
9681
400
36630
1018
13674
11592
49793
42342
1639
29583
10297
16390
40548
28135
47047
13172
38027
13694
7203
12183
554
25577
29475
2485
3453
12097
1781
1363
33295
43252
35665
34802
38411
46085
40639
35579
32791
48339
6053
40257
18498
46431
5028
41905
48003
23016
30858
2002
10131
25313
11998
34967
44833
41532
16908
14613
26220
47839
4674
9267
21884
34152
49308
34482
29480
28371
7659
39934
43638
38352
38726
17259
49880
31999
18355
43471
9798
224
25240
4043
35178
36285
38015
27070
26014
26066
15805
41401
31679
30863
25580
7314
27964
14114
22873
41862
47996
19427
1961
20489
45762
46873
8717
34739
18598
25356
39986
9638
26836
2570
40816
38891
20749
43415
8063
12942
8446
9532
49985
28965
14152
48520
32101
48081
41851
2351
37785
29972
37656
6184
25972
48185
36192
2866
40441
19606
16699
28024
6589
33781
45160
2884
1759
32981
31449
3758
40379
11100
24489
39496
3036
4641
1146
13095
7620
8943
12895
13292
16155
12086
31224
40804
5594
42205
39444
20271
1540
7230
14533
3623
43992
36773
24178
13380
34766
23297
3364
12834
14141
8729
35183
15513
14002
48876
42592
17151
3151
18322
16800
31898
30153
17285
1132
4688
10503
41777
37767
28524
46200
39071
44359
12236
7832
17554
8971
37940
40601
32237
36290
16461
1686
43388
21739
46020
41759
32301
30050
26179
24665
12491
37433
45400
48095
40732
38359
24897
48241
33857
4630
10049
22184
36566
39936
19535
34082
1497
5941
18401
45017
9837
18429
36956
8912
17764
47552
48901
10209
16280
21260
14612
46576
11956
12557
49475
6418
21154
24062
37463
34447
47269
16448
11688
43100
10152
45620
33583
5677
34520
30403
49634
8568
11581
4264
32336
9640
23668
41283
34225
43192
39692
40447
39298
4585
30317
18347
3826
23871
8475
29776
38026
23281
23558
6863
45742
1117
48887
44125
44240
1957
31131
953
17341
35371
26178
27689
26164
33178
16075
9230
34342
4423
17439
44320
35284
41166
16622
6970
32776
42614
46667
47830
29300
5637
32260
17368
8309
2936
4316
37851
14953
47
7674
12447
47348
3870
11481
19793
5979
27185
17749
16293
5795
15802
32424
16661
4684
23474
47374
13404
27168
24017
5304
48160
4862
25211
32349
113
27963
38048
29451
40349
37263
7198
16883
40411
48780
2188
39479
28871
17307
26915
26018
46538
17132
14747
25152
9606
40458
8991
32173
10296
27997
25273
45717
42474
6605
46451
31688
46554
30408
37381
3431
18439
9781
16231
26565
24057
8628
30742
46400
33723
49661
34040
35308
19444
24445
41161
47816
6770
6698
6345
45121
13076
2264
10252
32941
30295
6346
12648
25170
4231
7009
39838
11497
16786
37733
32288
9662
38528
26936
24914
27491
23713
19999
38063
15806
3046
24294
26040
13232
23626
39598
20001
8579
25048
18630
18380
45955
18253
21842
18643
6136
30330
6394
39864
8170
20688
30790
8721
48625
18144
28369
34844
11165
33848
1614
7958
46886
7254
43763
2863
26479
20882
10275
45391
20960
35242
2556
280
23370
28851
41469
30114
6992
20373
2150
33338
1232
36983
8060
5408
22572
40284
2165
33916
9890
42388
15200
4857
7821
8835
11164
33920
32038
25953
39372
1428
29323
22903
10597
24694
22548
22887
19314
42519
15227
10983
30602
45172
43140
7451
13540
27335
1484
10696
382
25404
44173
8418
40039
36669
23056
48130
12637
7297
3308
5424
41261
15533
39347
11394
9509
48747
14635
18962
6762
42109
31485
45807
14965
5797
17373
29094
49157
35799
10700
48469
29152
14421
4606
32583
46348
2201
14037
4254
25518
38827
41934
28566
25375
43253
42577
10196
895
11994
37697
40963
32396
1281
44427
35239
38750
12854
19104
24037
20465
19265
32061
9064
36091
19592
23282
24034
20974
16307
35136
24264
34846
37318
39319
11932
12676
124
3116
15702
2887
5919
28386
27377
21274
33941
38675
20707
23046
13984
25386
28019
7028
35610
17244
42753
2293
38969
18156
34494
33500
40523
28527
9270
18112
42177
47071
31633
27362
11052
16102
25199
27358
22681
27795
30620
19454
47261
44876
1476
692
46178
30006
31602
6160
15357
10356
28258
24609
32924
35050
43283
18657
4073
41850
10100
45836
36100
16775
18036
4167
45769
45284
24885
30752
5372
8553
21824
6811
2545
28954
48835
37959
25728
42619
41957
25950
18520
35949
10236
29799
15936
474
580
12589
18387
38690
6757
6441
4681
39462
26517
38451
19138
42538
35796
29485
6423
9085
9599
40047
16024
34229
33671
26812
13536
33796
18880
7608
120
10283
33374
23456
1173
19926
36206
47937
677
13103
25841
4017
3132
43702
8787
31533
38988
35849
48598
32218
26976
7663
6921
28625
38095
35417
47775
5280
32709
3878
20088
26872
21724
36387
35059
30166
13142
19617
9595
15610
11341
31110
20488
43027
2023
19019
23608
48303
46081
17419
25666
18577
22482
36127
16279
39940
3594
8138
3146
11980
45982
16963
29308
26093
655
46013
3369
5991
25171
16798
27406
23322
28343
37134
42392
13533
35866
48025
47792
15812
10114
43840
17937
5530
26699
28858
37009
14111
44423
5448
34189
4750
846
5259
39156
44236
31292
13398
2105
1482
30478
45218
37681
47986
43400
44379
6277
6704
842
44486
15963
34043
32847
49445
10554
40030
29706
17873
6323
45556
43468
15850
39735
13275
4212
23649
37672
22222
9386
13645
10782
16825
23915
25596
4495
40789
22878
34300
41739
15402
26061
38698
7215
27448
45486
20043
42409
24705
42441
9780
6406
23622
15675
19795
26269
36638
48227
45585
23469
24983
31339
15417
26611
11918
23091
39426
40374
42855
40488
10628
28757
3301
34233
1047
30162
46787
40979
17525
12032
23521
15398
13746
32927
9920
43258
49786
1437
5281
6990
31668
16459
25997
2561
33701
5245
19683
24262
34773
35269
40798
49402
48239
18231
5849
10106
4671
30767
33007
770
20906
44679
23245
48914
13109
11570
3435
26096
23400
31637
19141
48335
2824
41941
14129
36414
9239
24509
29679
41391
22876
49918
21370
25941
41645
442
22874
45446
32130
24792
8325
35820
27385
32660
22009
11595
3632
19537
41685
32162
42151
29151
35452
49719
23288
43465
25323
22223
38208
31586
20741
5922
38080
32963
44983
23814
42992
46750
16850
32815
49416
1716
21328
12995
49345
22612
42131
19737
40870
21690
9969
42321
1542
27041
11393
11909
29662
35685
13775
42557
11897
34420
27467
26958
30129
25820
13261
23473
17688
40570
33051
47690
33352
43137
11421
19950
16555
26045
7888
34503
9362
32278
2075
1267
8569
48773
13985
23867
46846
38847
24687
15345
39393
28336
306
6532
42192
45992
32354
10931
14673
30472
1560
44488
7085
20084
6736
7720
20722
37701
27683
47823
42405
42740
4090
47145
20189
40141
34847
28729
2642
48909
1469
3049
47228
24484
9288
38098
19413
33483
42975
18369
36560
32489
5541
13375
17035
1461
13972
17063
22580
28819
10741
12407
17210
312
37589
20427
31338
40408
37687
47727
43912
46529
32479
45280
32951
19339
16937
24016
45837
39529
1396
35448
31494
19517
32797
3473
8358
35923
38983
25947
12010
42348
32044
27067
44155
8284
599
20253
16796
49543
17298
9421
16606
46771
41066
38120
10457
24603
1764
30861
25861
35561
8845
41848
26247
35018
44335
16882
20070
32561
5439
8318
20246
47864
4321
15257
1929
11953
41001
38232
21933
21679
7990
49006
25023
33936
39129
5658
37769
1390
12799
25799
13770
25936
21936
30456
21281
2521
1889
41359
45541
3264
6051
37849
35802
34748
27875
7156
26617
21253
25920
19746
15022
19313
44778
9952
42463
15128
6299
9231
36056
4612
5004
24173
28856
42613
38300
37960
36678
407
30650
460
6490
42337
23589
7287
11004
10957
29121
33530
40892
48567
45512
45759
10068
33097
35021
47754
2967
4847
38360
21385
29139
14996
46548
25702
26839
16065
19083
283
48164
383
23154
32119
37397
24892
27536
12871
40028
47171
28826
47065
34319
45946
10844
37028
37581
1196
22536
11177
31041
14707
45052
42318
9833
17774
20975
28808
21313
29070
38291
21515
7697
16054
13670
42551
10116
2278
28125
18663
4804
40499
15262
31274
30431
43679
14690
34146
28164
10047
31009
15647
25724
27588
39397
36996
21446
15047
23790
18682
6044
6213
20247
22347
14220
21587
3179
7484
4298
34100
46830
44297
19653
12583
2876
18779
12629
49373
19327
3399
8069
6612
7625
1963
2689
21669
21877
49516
41240
45613
20885
18367
12498
44637
36383
30258
25678
43646
21008
4319
13024
18074
21550
38792
24007
12469
42662
39968
17420
7098
6838
48948
49980
41786
20049
48524
38099
24290
48288
15126
34005
15790
40364
46967
32290
48546
18866
22265
8414
45517
3256
23327
26299
48962
28745
7298
41643
2203
18678
34921
32225
37026
16281
48875
4293
3753
16929
1283
45767
23323
49425
24971
2817
42259
372
48880
6077
41023
42627
47190
43107
33565
47900
13316
18825
27882
46314
23044
25360
4164
2859
1724
12584
40518
40280
24204
16632
2329
47892
42549
32161
19949
46794
49206
26858
36364
31994
31962
17034
14802
43034
23136
9373
40618
37046
15840
10063
45395
8701
38207
18711
49697
33392
1596
11145
18924
17435
12023
32458
24889
30438
14912
19408
31277
40950
37703
48010
31660
46624
11290
39057
34734
9091
15955
48656
34345
38921
6364
38684
27089
40942
25251
28010
30471
32327
26821
18916
22578
48733
33685
41842
21320
34949
18216
1602
14896
22407
4448
24365
47553
39089
22505
21710
18829
38773
45589
7039
6916
39504
27644
34302
38843
32172
22699
23598
44398
12480
3278
27889
23646
28022
10183
22546
22052
15933
17410
22561
39403
45115
14829
44169
22182
37586
44405
19333
38341
46098
49783
47508
15400
10384
16287
35164
2648
44049
14821
24089
5055
44006
46030
48621
46000
10889
39548
15925
30582
28774
46582
45366
28533
31164
10385
34891
48726
9256
2175
23218
44014
29631
38313
9889
440
32843
18002
3244
37888
33810
16662
9787
45071
32983
46313
21761
8875
37540
24686
49131
20152
46324
37565
38976
30892
35288
32342
49082
36643
11405
8142
46709
14687
22448
35942
27009
5944
36442
36692
16264
22700
24106
10528
8567
11518
42168
40955
40585
35425
20521
8132
2128
16569
20187
24661
20946
12623
3765
37870
5103
1973
3296
20767
49955
43141
24861
25345
3950
30543
27965
25293
24821
11880
3150
28911
49288
13045
42948
30027
23574
15035
42550
37683
37434
43950
27171
43774
39643
9342
20396
8758
35852
7192
49687
24768
26973
45581
41119
45574
27561
27109
3276
4118
21593
49039
14626
21322
37736
16458
27098
12847
40190
32313
16274
19634
26473
37532
38493
1151
7897
32105
31026
29306
3704
42152
988
13687
29303
26646
9320
40556
41587
41474
26459
30109
32678
7318
5593
1120
17546
29233
8166
36567
22523
17482
3696
11217
17257
42462
40513
41479
8803
1223
35001
30201
981
36633
37179
36803
14371
24102
23440
44012
20331
49603
46503
11841
24611
38433
5420
39867
47083
42400
24065
8495
45707
30457
16935
49575
47562
49327
5921
48031
29158
39363
3804
3773
4837
32973
17171
36861
5306
22801
17360
29894
40656
471
18646
17891
31505
22741
7906
44809
39354
5744
9259
25393
19238
21282
30844
32299
40768
27956
675
12274
22797
30453
22684
45414
4996
12076
23496
18255
29937
11379
9404
49659
29541
26333
47580
43998
47929
6302
45833
39963
48699
22696
2092
22516
8597
16449
27484
28623
11401
4000
16182
246
7078
11424
33258
18248
380
25582
36763
12261
27121
32800
36833
33129
12131
7084
13074
48510
28401
40025
4323
44678
39775
19736
14124
34685
46964
24041
18086
2664
44105
44422
2434
741
21229
16765
45126
47107
3118
11080
2698
19759
23840
32251
10621
9471
22278
26957
10364
40168
28105
48694
19426
13832
40975
5800
34083
47478
34909
47674
49152
26684
11159
23003
37302
42056
20309
6531
31473
43606
33595
36637
23155
42373
19324
29447
18056
25658
37345
10749
28996
37244
36985
13944
49384
7529
28492
11447
31359
32559
25195
37885
694
9145
779
29973
16414
37999
12389
999
48818
19945
49029
39893
20631
21216
1516
21914
5574
28722
43913
31554
7221
25160
23702
31190
12127
4765
30494
26352
16109
36418
49648
35263
4623
11328
47939
31276
3474
29293
33859
6758
19200
33318
46715
3702
14726
10086
17783
36993
45194
47038
23797
42256
22355
25711
41086
39088
32954
8878
12151
23805
27389
36503
45174
49068
4374
5271
24248
4680
39251
25384
16557
24011
11501
5792
14010
9661
6412
49220
48941
45723
46689
16341
3111
2216
18761
6697
23507
11774
3085
21662
6645
39092
31703
17909
36650
37787
27025
4778
1107
26344
22459
21342
5266
49981
35637
14056
12008
37320
15888
18627
7056
4874
35786
46508
18732
17597
12608
18616
42866
29378
36876
42345
20733
42741
17340
13438
47496
43790
44074
38531
28037
11333
40637
26250
5342
41702
33946
26702
28475
15636
28425
32022
8474
36124
30730
35627
3712
28635
1365
22339
702
404
12801
19622
6362
22489
49165
4488
24764
7147
19015
2231
7122
9539
563
26926
41499
35328
13193
26135
9446
17104
2775
35369
36132
2841
39126
10993
35376
28206
23562
5604
11535
17157
28787
18901
19215
33320
28980
40929
47392
20143
28391
46403
30263
34879
23687
10656
37295
5334
22620
32840
11603
25916
49133
42544
4400
28962
31609
19880
31347
40265
23105
2167
5104
48181
32210
15607
18838
13516
40917
29560
5981
19446
26349
39118
49971
29427
29859
11242
41493
39208
41155
15582
34682
13054
11008
41529
502
39724
6800
11327
2108
15299
36332
12455
22493
10601
45509
39720
8725
32034
41046
18903
47610
29134
21913
10855
21337
23941
44925
30962
29686
32863
9653
33488
22932
4268
40238
35979
22531
21572
43788
20817
27254
24510
24392
41236
12877
2501
7487
40102
1285
4811
33588
25181
16895
48623
34378
24642
42012
26831
24327
4111
7054
8574
44419
12384
14878
43866
33458
18005
34076
48664
5138
18759
24010
24744
33308
9376
10845
4910
10822
47906
10043
49887
48259
39507
9737
12986
4307
41095
150
43375
19810
32563
20693
2085
1427
26580
36319
38793
5500
46891
6905
40689
28666
32459
34596
42023
17030
12330
6817
31256
10963
43827
9550
9943
35466
12889
9427
42469
9327
11416
30019
20695
30493
10497
707
15171
11891
10657
45856
4801
43326
2913
16343
22148
7265
19835
36415
10806
21367
499
439
38499
13206
13207
40970
15611
492
34437
24317
47013
10586
25987
43571
14266
49033
35190
32977
36698
31299
14070
6652
11154
23583
23923
12197
3468
31293
14342
34453
21412
31364
15206
27092
29352
49438
6556
34371
45024
32055
41630
1001
3541
39592
43769
15700
15670
7188
41320
22837
28134
31002
38894
1124
44095
41424
6173
12369
28700
47274
13093
19484
18672
14011
10021
22430
22084
19876
36278
45932
321
25824
17006
44946
34338
16188
26155
21389
32506
5367
35825
8466
21339
7802
16742
33070
5176
46717
24781
20258
25492
22256
25395
21875
8387
11649
10193
11615
17696
41598
6337
32743
32814
46007
29005
29198
44470
26868
24933
10162
37357
29900
25884
43649
20961
49322
23819
40810
42526
14876
41056
24404
37151
36923
8814
14499
25727
10711
6673
36095
41889
31400
28879
2333
14488
39448
11350
25488
31289
19918
27542
22150
32975
46580
11172
20529
6668
47226
39911
8732
46429
40179
8891
31796
33690
11463
31990
15769
5219
18050
14847
1491
7331
41681
13026
15719
26232
48517
46448
8519
39356
14000
2977
6507
33291
10613
42465
19577
43918
23466
30948
6998
26622
19885
26057
13693
38446
15051
21711
22392
23764
11126
17484
20728
21864
46136
45042
36746
2717
32536
14624
8520
43502
20777
6692
30520
22031
22284
32813
34628
25201
15276
49101
2433
1583
14849
25481
15378
17598
17800
25631
32550
29440
25981
36647
49158
30681
20928
20973
14781
41566
45139
1077
36430
25473
1444
16552
35828
43294
11274
24931
44645
12001
19024
46835
20319
49329
31643
37966
43837
7775
38656
27029
22402
34385
2126
45630
6400
47709
10892
44605
48263
24903
33077
12591
22955
41045
45101
23252
2686
14376
5848
48001
8535
17602
48163
29112
44162
1043
26279
27824
1933
41785
43180
42937
40676
33614
21130
47298
14590
10606
36306
25908
33527
4424
21183
18709
13788
16952
24031
42883
4085
25084
4656
49235
20483
34701
44023
33468
42101
47922
40473
44042
49374
35342
10720
23120
31012
35405
39982
33275
49984
11986
20431
14880
42414
11113
43160
44549
41305
1345
6497
17866
8490
28877
49315
532
45490
21419
25348
80
16511
35603
19364
17932
35887
25091
15021
34812
13910
13332
30488
26317
2724
32428
7615
12313
3530
6860
11762
45396
46147
39269
8050
46731
22750
30318
32604
14775
46197
23147
49655
2626
176
41310
34256
48082
20315
24692
21020
14743
27922
11133
41364
3580
39051
19278
20110
20569
5272
5392
46319
24220
44690
39502
42163
18841
28968
12451
17370
38038
9799
1483
31120
30913
1389
35359
30401
14174
25509
6325
46260
28916
34055
1970
4931
41701
12496
18236
23133
15263
18784
2972
49231
28210
39693
20250
6485
4210
15054
29467
17346
43595
31188
21286
2368
25625
8550
36270
19131
8783
36748
47357
8615
18664
29880
15747
35319
44622
42812
34719
13055
7371
10888
28409
15416
48575
49188
29735
26680
13659
17483
13940
23449
20623
817
46290
23500
10570
38551
16787
10715
46707
49046
23190
47315
43418
13952
7073
24446
47590
9671
5388
40624
11545
32630
42607
27152
9982
13928
24160
39772
31199
41075
1914
22605
26736
46697
23842
1830
959
48595
3077
15108
37232
10070
33835
43495
49282
38296
42099
48935
15265
24896
48984
22429
20907
3191
41142
2504
15527
32255
21872
26577
47747
5477
27221
46454
32387
8223
36917
45746
32949
15180
30827
36113
43052
13187
22354
15343
39572
11293
15283
11046
25706
15787
34428
37899
48363
18247
34508
6058
29236
19130
32209
14981
37085
5734
34004
2864
24474
16705
44333
1897
36921
47798
21892
31979
37744
17996
34003
48507
49250
36987
18052
19352
9608
32925
15388
32744
12845
1619
20261
17436
49085
17238
9495
38213
32599
963
21829
9589
22872
20655
33357
1778
9546
36360
20775
4876
35567
18200
25965
11865
10407
39578
43545
19705
9990
26990
7539
45898
32177
33384
12210
39785
29042
38025
525
33589
43718
42597
28250
25122
46875
40011
9852
28155
4743
26982
9441
26076
43081
2097
13073
23057
13817
31730
47731
28966
4308
14549
35143
7870
2590
6203
5249
47546
48140
2511
20809
32628
32920
12463
31948
18565
19584
15710
41374
37141
26772
14576
16347
987
28424
7426
38272
3041
30197
24900
19726
43635
33233
2247
2334
25872
2369
8143
17534
46105
44167
36463
47400
15614
24512
41561
44290
49768
13855
12783
37032
48513
566
14275
8953
32670
39235
22983
3640
43336
16916
32772
44321
33732
4415
79
5227
15795
15236
23695
24572
11729
27378
5316
32823
17076
28630
22010
49509
11808
48870
6158
40976
38440
3465
24762
19242
12762
23885
10402
26745
27786
27471
45228
43981
41207
33478
13947
31923
28127
48892
39400
9942
4172
2432
23040
33755
40927
15507
1393
15475
13530
27435
25401
11684
21579
24157
2710
45564
23125
35333
17207
11304
23058
24976
17363
27494
3736
21451
6443
2080
36228
20939
38565
310
10413
12539
35211
49372
20362
34792
34920
2176
31908
11520
26489
8053
38903
43053
39160
10333
13460
19048
29783
7537
17282
22749
40706
23097
13561
37145
5160
1061
21986
30594
24217
48068
43889
33237
31264
7321
32872
13161
24450
21702
41254
42494
2932
21381
1219
49606
25626
26519
26140
7854
3202
43010
27030
26917
47283
12209
1744
37267
11934
32031
7062
38636
34662
40443
30073
41018
46895
36811
40751
11298
34880
41909
9887
22140
31220
43414
3263
32265
47417
4941
34696
36798
40127
46805
19071
40840
32967
27894
18869
13216
37507
44055
18307
39217
6134
30022
42269
18730
42241
39277
27642
44914
26411
49008
30224
19893
6655
46677
30271
6244
1766
25346
31361
48373
6766
20637
7530
10886
22061
46861
6041
6407
33988
7271
27280
7691
35086
17097
29205
46975
38481
44202
29388
27559
47248
12901
13881
47258
5844
49096
31415
8008
17101
23857
9641
38964
15924
31176
47826
27226
48946
34953
14353
30474
35129
35967
41546
48961
35227
2371
19361
15799
11586
43986
17141
29135
48299
9750
581
45453
10769
16169
26048
20480
6755
37529
19144
3489
14915
15131
16525
48888
2064
20927
9197
1129
29130
11798
25549
10692
44151
30335
18390
25431
14685
23858
46770
37201
20683
3734
12907
14939
38364
14650
6646
35893
8937
680
25413
12573
19963
39789
34374
39167
40572
44998
13265
30297
16120
28887
47526
22296
33354
25542
49003
11193
28546
21429
16920
20414
1916
35756
10135
249
49199
13820
17448
5884
12528
41250
45183
35133
34601
13128
47202
4010
32305
24462
36138
30947
25006
47313
18383
22859
4396
46947
29147
9824
48039
40945
39477
3719
40511
26621
39376
11818
34736
19236
15133
12492
41193
46225
23765
21910
8331
11863
48912
14377
24551
30205
7604
45247
33412
4964
32351
34574
2120
32666
21867
10330
28457
43092
39012
44964
35256
18601
8442
35229
47819
39151
10917
27621
21098
28488
18653
43721
34001
7406
48128
20173
19558
6805
44461
16611
48162
1773
35593
40517
5825
24729
9449
41217
39247
20453
14270
19407
5786
46809
17984
9618
24857
37223
14824
18083
4827
20366
14021
27533
12656
30845
49238
420
39555
21430
9792
44915
38240
939
16166
4386
5473
20019
36780
3588
43727
35622
8175
15564
36677
30931
34924
32180
13444
48803
25783
24123
41371
7711
39096
27534
48760
45650
8843
13921
22117
38815
23966
9286
9841
10479
43164
35793
36381
34178
46581
27834
8616
40519
23228
23119
34950
31645
39589
44591
30610
12993
36363
29260
43826
10431
1188
1282
19490
15916
41350
40222
38053
29889
13792
25397
16902
3478
33132
18575
10157
47777
29738
47199
30829
16219
31006
45804
2142
7443
41973
11412
46938
43973
28357
40472
43356
7341
17387
17058
8231
9574
24101
42239
45799
33220
40960
16771
9629
26026
47132
8586
9254
19060
19402
5114
37859
39377
1896
5438
10803
13290
14034
1492
31117
42790
222
42984
47915
29542
33620
31988
13986
10684
41213
28903
12544
10299
8789
625
30239
20565
9426
30925
43941
34664
30876
13411
31456
34286
46189
44137
504
41983
5092
29724
16730
30015
29739
43814
47054
28616
3871
41247
5377
5451
2634
2736
15291
15315
11617
4800
37699
8114
26703
40612
3915
8273
39828
30138
10476
35219
14430
26654
6215
16566
31132
23824
17883
23361
22267
35400
47005
36434
7262
49741
11805
34648
22780
36517
11700
31804
45704
29449
35107
2739
6314
45135
46876
671
48516
22913
2693
4326
43124
2682
1892
36846
9996
12618
36823
16245
37728
49748
25732
32451
34406
147
47281
16899
42540
22454
8381
2140
7130
42751
24847
4791
25308
34191
48521
40862
42320
49526
66
38876
41868
11911
11661
8906
1464
42046
40327
12869
5548
6858
49736
19072
43452
39230
14397
29374
27143
3300
42286
27261
26154
34030
2455
41726
1472
2093
5355
15017
1226
22819
550
45471
44842
19540
15354
34693
27739
34707
9636
22229
20042
44438
48121
22247
13080
38045
46611
28758
43669
5384
25757
39593
47507
29462
34075
5588
28622
11215
33782
45110
18623
19461
18487
212
27415
2709
42310
38237
14187
2301
19642
32606
235
37059
14431
16366
13349
27011
9274
13445
37711
22376
19922
32742
37761
44720
5980
47344
14116
31429
41108
27567
42246
14599
13390
155
27890
49110
949
44853
17515
7400
16881
12284
33184
37935
45965
2260
20746
37639
33181
35573
15817
26933
8004
488
13500
20568
45590
5745
15115
35553
38725
10459
20159
4353
2618
31294
15264
27161
44232
36316
793
18267
45271
36883
37189
29039
36769
46388
29029
31626
936
20537
19465
35110
47696
5274
18514
16202
13742
37061
33408
43015
29873
20385
44960
36995
15242
48051
32739
44166
30291
27236
8253
3274
15893
44418
16658
4288
28166
3360
45088
6048
3952
24398
17574
30991
23556
3371
16807
9635
5009
33917
39240
20577
48135
26864
49761
42840
29953
9468
42861
545
49223
36333
28435
20857
3554
5072
37600
39015
29254
1269
25804
18047
5701
9810
3470
4660
33850
33087
22526
34590
4855
34332
34778
28095
12657
48781
46732
16351
34793
40035
38975
41481
11754
11927
36028
29681
9722
6141
21226
20647
570
16537
2975
2983
14638
42814
25103
30548
23874
32398
41239
1829
5838
13759
35019
38254
21660
19928
20115
27262
40454
17939
19219
49457
46644
17956
36725
29157
2206
24841
16428
22982
41411
36874
46480
10608
1637
15091
48834
19026
5956
24951
32576
11923
12084
3833
42935
24950
1218
38722
10154
7823
30723
29015
39254
34162
35420
46585
16609
46236
35613
30012
27359
45554
47916
19944
19684
27032
18310
5729
34187
34404
22420
41220
18126
5870
2019
36214
36809
39339
48011
13441
31427
44249
28172
38434
9183
31895
12806
29360
45785
45117
13322
30599
10988
31229
48744
48220
10551
37496
49834
19501
20044
29975
7139
20177
8619
6234
1655
37670
1081
43051
21654
24237
37076
13577
47621
48862
27146
3790
15350
27697
14731
24996
578
26284
39231
22817
30209
42660
25679
16794
13760
22195
8773
40362
17827
6875
25611
5282
22473
45558
18544
45999
18211
38092
30051
12259
8946
2917
47463
32271
9707
20553
45722
7011
27958
41539
33938
11246
13057
35429
25327
30036
44860
35634
9361
24963
34441
5737
16687
10620
7929
42464
36088
21746
36887
15911
24741
7088
18337
43618
1831
47369
44060
35192
28360
18071
11345
2737
32025
16483
47504
17347
17612
46168
16174
39520
5562
5268
40876
28810
8145
12134
31160
12628
4112
36384
38371
41184
46241
29317
32287
991
47752
28387
6070
48139
36682
48936
35694
43824
29524
29860
34999
12139
7292
26738
25913
789
14427
16553
17197
30787
38428
15251
45711
9452
1211
46666
3763
23512
49868
45021
28173
36744
40538
25882
6386
38338
15088
24109
21603
20947
3817
16709
29772
3515
27524
25272
38319
43656
8020
22869
27955
36109
28594
1409
33103
36172
19441
9813
43961
18441
2586
180
6824
32283
26652
35829
28910
38185
43959
24208
15598
29632
14841
22037
40027
16244
40889
33376
35066
5436
5347
4222
22199
12260
16186
49185
48655
103
10456
38641
29907
39316
48459
36243
23197
29958
37993
19211
334
49859
41423
49449
23422
49365
24978
45297
41455
37143
45703
11101
40667
11136
31102
27931
42665
27180
9261
14169
41875
34334
32586
7887
42117
8035
14119
2549
19012
39113
12665
38854
22965
39629
16379
29879
19312
19625
7304
25450
29817
5995
3657
31210
39815
20421
11675
28297
40611
36168
40063
39021
9776
45044
46455
5495
43783
46031
13619
33434
23974
30840
10268
28673
42119
47720
4013
30001
3420
10238
2995
39515
29976
12761
43246
26431
34099
10156
41464
36390
34553
40346
43274
10522
23723
41906
1258
43406
42359
6781
2994
45381
227
42916
12083
15977
11549
28067
39001
42303
26277
3295
15114
7869
7969
40398
15630
47239
31530
33564
27709
17804
12950
29970
16542
17297
14572
10760
36162
29575
4002
41379
36389
13281
12397
22888
23595
31416
33677
17296
16067
44483
24369
23264
29922
4833
35496
24078
31642
48793
13081
38405
37653
18205
21255
5986
9143
25035
19204
49229
37420
4454
42454
28551
41318
45714
45700
32248
28606
28812
7993
34768
26111
15508
15468
25159
38401
12814
9604
30813
22835
30576
41533
24651
20185
7019
30498
19638
449
20862
42413
21396
11205
25309
45489
40211
9224
37375
8863
4509
23633
5872
5805
45675
36249
40192
12500
40737
8363
39632
29334
34692
6957
26919
22767
31583
8765
3939
30607
40414
14865
44579
44659
15586
4908
2330
32296
8255
40856
31234
41427
42186
14689
3827
6331
18997
14194
38652
49116
28390
6057
14840
29819
15324
38377
47267
47641
20367
19687
45900
13587
37881
45173
47992
37592
24632
27615
41628
27216
34514
20350
9898
5523
43292
33947
29251
31459
28576
18705
7878
33082
34760
7937
33754
23407
7226
7885
16285
25244
44447
1049
6039
30460
19301
42877
23458
14710
21139
4761
3051
20499
48690
32673
23158
37724
44875
16198
48496
45575
29217
15256
49375
18864
31788
715
9036
39025
10260
28988
33925
33664
35234
27555
23737
38872
34937
28279
40110
41077
40082
4957
41674
25826
12764
24235
10499
14961
47568
46660
41711
44385
7431
30223
7506
44896
27123
37609
48988
41286
11376
47994
17306
12286
28505
8443
1371
7689
18450
47002
48765
2352
7754
32450
44316
45782
31565
12216
24464
43711
47382
44503
34430
49176
32308
17312
10545
45939
16762
8889
19177
1617
38164
21292
9326
14644
20083
48886
35813
9011
8378
26932
48679
44229
21583
43057
44057
14454
46125
6365
4576
6720
43082
17802
10199
25423
108
30531
25565
35246
3819
35948
28202
3663
48559
32340
26913
34985
45224
15814
29547
45562
46460
2302
33218
43543
16133
32439
35291
16716
45770
13201
20575
1642
22497
35768
7401
30345
14714
11597
37053
31221
49537
25068
33072
33612
1473
30034
47091
7191
45258
9497
8546
46187
22064
49600
35563
12266
49478
21528
1190
28078
47390
26138
41442
30857
29459
39171
49417
44880
47365
48431
14671
48366
4690
17617
26962
45586
18171
31557
44593
23191
14320
16646
19479
41296
33640
21709
2500
25007
17470
33111
25066
40662
12640
45605
30314
48821
32309
14305
32722
43611
23089
48404
2430
15451
18591
21192
34975
42252
8799
21547
37178
27147
19251
15174
41049
46788
34407
48400
43289
3525
32621
17492
3644
12112
15395
17501
44085
34081
41658
6623
17736
47120
31572
30052
27361
2360
29758
47395
26992
7417
35084
3357
11681
32765
47735
33332
41755
10693
27117
27209
19916
47538
23715
13566
39236
45693
1362
16650
34489
2446
45288
15415
27643
607
25864
38503
33668
33913
45463
43680
13789
39079
33728
39395
26385
20802
5376
40882
900
45996
40269
47408
37553
30089
47802
36875
43964
18335
44102
31593
34211
39886
14278
33319
4852
32897
45876
4982
30625
32521
31097
32393
47381
19989
15028
49654
42229
20870
5636
8110
22808
46550
6275
39331
37877
40795
42053
3887
1818
17917
9814
5877
43146
15542
23337
3428
17851
26357
7682
13999
1518
21082
13135
47307
11235
41434
27329
45623
36096
28970
5242
43519
29262
30996
5968
8855
33333
43098
18578
29830
45886
6641
14867
28234
48953
25452
19372
12379
22552
26810
31281
31268
8989
11714
13908
12040
24371
27927
24143
43195
46316
27083
6001
46303
38134
22541
45580
43359
49558
15241
37630
15872
42852
34059
8459
41825
16346
33877
1920
23179
1202
23975
3086
8027
41234
738
20691
11185
3062
44185
1878
2968
24707
22378
9965
43735
8632
43432
30463
26176
36008
299
25812
14891
33365
3679
20915
26895
45249
20686
3677
3555
5110
12619
34041
17839
46586
21628
19716
25123
16528
35921
28139
14015
44533
43204
42683
31863
21069
35574
23224
12437
9294
32002
49920
41125
236
24099
46155
27080
33327
24009
3914
17638
17723
27243
11347
35279
49690
34267
6011
1949
43237
26174
45031
6111
12680
6616
35088
13465
42970
8736
49729
12719
30007
14914
42615
18689
27266
35502
8304
34232
23519
42073
8779
47514
37893
8436
12046
29145
9485
45060
42700
4494
12888
5550
10669
12420
18406
46567
23897
6560
27081
17557
29483
19409
25568
40293
859
2456
8705
3876
46721
34876
4081
29461
19512
30332
6888
2240
45295
34842
30683
6871
26297
25058
6426
14883
37100
42797
8963
19822
28882
11902
33029
12088
38162
21747
39394
3004
5514
8753
30573
40336
13276
7418
18321
11515
38354
37214
38799
11167
38521
5062
21951
7168
40218
46279
20434
23688
32839
5419
47235
19863
26089
7214
16760
6537
29448
13434
43320
7247
36652
39413
24645
182
3896
13356
48791
28846
46209
20527
43499
39559
24332
12712
13484
1243
28760
21817
6590
21168
25043
3317
39668
14164
19160
25649
17562
2524
45738
46693
40595
46545
26406
3171
13168
25465
6565
13440
32343
48087
36505
27107
44810
1438
8563
35831
35087
22707
40853
17670
43542
40270
20798
5856
37484
10495
3626
5480
18277
28340
20968
34993
12714
42417
49395
43335
42860
33542
1685
36739
12946
38298
6404
5026
45239
47788
27672
14253
20242
30709
7402
49369
48672
25659
9945
14856
25709
10978
16470
921
4694
48283
44086
25033
27134
27341
17102
18161
5033
5440
26605
24370
26930
35440
16137
34861
37055
1237
7319
38514
40630
14936
45628
37455
2091
46334
28103
32769
28863
20873
17632
14337
44754
23661
41311
2861
47886
43279
42298
11747
33467
23464
44194
7391
7472
49436
44469
13028
48230
36817
9473
23834
37401
29061
22990
14838
7940
45796
36886
29175
12605
19034
19727
44258
29552
12111
12280
32064
39510
9573
18553
25907
8311
5331
34457
43726
49714
230
20825
3215
33708
11003
23086
29083
36222
39633
45923
24055
13864
27719
32152
46880
30093
4487
7543
47237
21213
31458
25442
46238
39023
44280
47428
30228
15419
44934
48715
30481
46916
1169
13214
46099
33186
45108
34454
16294
16625
30379
42612
21707
45622
43069
33953
6615
21633
12525
282
20136
43038
4391
33013
6360
36726
24382
23100
34723
28311
4784
15119
14462
20343
29117
8966
7954
15851
43175
49386
39711
28358
12662
18690
26460
23093
26036
2395
6022
17115
37660
36673
47227
44459
945
31714
40355
25031
10667
37402
23051
17321
34887
12028
15406
10677
5735
25653
22123
14218
31768
7582
48196
5763
47821
41826
44443
25081
33785
28816
12305
49045
27859
44667
8868
9694
19150
7984
33984
24763
5175
28472
21269
10821
46874
14771
33329
8095
374
41509
21953
34907
40165
41618
32448
18951
1037
39832
39870
19371
4624
11658
30561
11260
46467
255
20818
13839
46699
31486
47764
2316
4241
21299
44942
45980
13363
8850
44371
2784
16913
46082
34894
18688
1872
38768
28971
7593
16755
33625
25846
38380
26437
48419
7692
4626
49293
46424
5395
32475
34114
28581
34344
35950
7035
47643
14026
27744
31336
42831
8360
23584
16158
48742
39661
41569
16671
23029
41322
21885
20231
9329
38419
34691
7587
48629
37754
16684
5913
14606
42871
48370
9730
10054
21544
35541
24328
163
12133
37734
1358
35215
43178
49524
47807
8437
44179
21377
19368
23917
15676
34587
31095
2058
23644
4143
15551
15939
24020
19480
21172
11117
26359
45851
44640
39294
23795
9161
21736
2875
46542
31939
26119
31405
17590
39062
30156
30949
26636
5706
28500
47528
43202
25519
33044
19666
33829
36929
46315
11045
14297
36226
45305
16854
30598
29639
24949
29998
22844
31764
31625
24699
12600
42330
1930
32334
28146
43421
20579
46780
26521
32554
41961
34573
46810
31823
21787
46054
47881
9846
19206
40130
3204
38898
6596
35717
20072
41282
39536
6055
38566
38402
6126
44789
47810
10723
25996
538
35847
28753
5231
35389
908
31448
12917
40521
9306
43570
5718
5191
24528
49211
20471
6082
18827
8645
45304
27651
6783
11703
2082
31595
3706
37335
21542
1618
24477
39097
39769
33450
47737
9876
44845
40381
35317
19439
35488
49377
20830
19118
15458
35527
8420
10995
20241
3956
46257
12671
31125
21532
20807
21617
33270
16887
43521
38488
36982
3570
36971
26945
24251
39137
36025
39295
6023
45765
49948
2209
23260
39447
48728
43227
6740
28259
38932
15637
26236
3669
10994
3265
25857
33427
42993
23068
14701
29267
12367
584
27110
33346
42504
41393
20689
2172
20340
19009
1056
38089
42873
42580
19677
30376
575
43532
24301
10117
26122
9390
41713
1034
31372
16058
5021
1109
31262
42028
39375
41031
41580
32344
23194
46253
26721
24756
25511
22554
30374
16987
13510
35423
47019
31168
16858
2730
28326
33623
21978
39275
35208
31487
14979
22754
2830
26144
10191
32523
5020
21
15568
13893
13072
27832
15651
15948
31068
10233
34845
25314
14378
9439
49652
38916
18715
29826
6000
9652
30253
37998
5305
20582
4339
4
25623
45439
25228
8689
36521
469
41163
31650
49065
13894
40904
42424
28458
20566
24443
22950
40707
27132
21957
1367
33508
27049
4835
1546
32324
25733
45525
13607
19978
33137
38479
39811
30179
3005
21854
31984
38621
5799
20191
14088
25299
45331
16851
48927
9538
49333
3676
11251
43915
44617
10401
35069
29933
47512
4160
7881
18922
27699
19082
38945
34179
37373
48463
32246
16220
48034
5965
964
35877
4769
39139
18319
11645
7743
47017
21917
1976
48182
48824
9498
26046
47163
42076
9378
22076
34521
26107
1347
38056
48415
32807
26000
6922
23376
1556
24709
20011
22591
48871
45283
33655
15334
42556
31697
33972
14779
15572
7081
9264
32680
14047
39103
34654
15282
9949
30609
41808
43395
10324
47084
15552
24879
27036
22842
14594
38265
15744
19706
34269
927
7886
44018
11218
42370
17466
16003
43706
41800
24033
39996
4717
38605
22253
459
47037
8627
48129
28431
41370
48650
10210
9087
16959
33975
23587
21640
42711
45220
13387
22820
11607
47475
6465
16271
25298
23763
32982
929
29155
13092
45678
3006
26493
22330
17219
25672
36857
30647
23399
10099
26853
3056
21097
41147
13056
19424
2999
21513
39455
22735
28335
19502
12182
14760
3521
17118
37242
30512
19027
17924
46630
39703
24649
41562
3090
11732
14994
18489
13455
15408
29875
31316
21273
24544
6199
13641
18282
48084
44675
3649
47022
5288
15842
9410
31433
4757
2621
5030
13082
48668
9892
45852
47162
31567
31171
35835
10111
43722
18891
10688
4203
46177
22116
43526
27255
24416
36731
38028
44416
41405
17249
49828
16059
4333
11370
15197
15857
40491
5255
13865
44064
39553
4581
47857
49726
11579
2856
16210
33676
25694
35171
33413
22951
13736
37314
27393
49897
7568
44931
40053
40056
47140
38654
27093
38204
12790
42818
15096
48175
11377
20795
13105
26748
22490
22752
21615
29561
27115
1521
22538
38780
33497
42082
17928
47122
19125
34434
5299
31255
31686
28265
45387
29048
40905
44177
25744
18703
38541
42789
6237
7781
35881
25105
28924
7296
4074
7709
33086
41152
9515
40051
35596
19284
46218
14060
33528
27988
36688
46857
14424
13034
12477
28118
17457
16396
10139
28040
24595
7621
37106
28452
32156
1873
21598
14911
23468
28395
42000
21326
30055
968
40678
11301
17746
34044
47244
11315
1477
41186
1305
8960
13287
30868
44144
19504
25607
22501
30041
18180
19025
32990
8297
14780
34365
35399
11572
43381
4817
29715
11307
42393
46730
7648
45454
12736
47166
27774
44541
28427
46274
30449
10098
13047
44841
37597
8097
44098
30290
42626
8554
30515
34122
4335
30180
5328
23090
49114
42719
44629
32802
20432
20306
28215
8433
21494
14510
23666
4277
15788
16707
27269
22329
3605
10675
37421
30803
5098
17343
46881
22211
19036
33465
32415
40555
1000
19422
38831
31906
8161
47347
47722
48777
41657
28394
25927
33002
6064
2271
38572
16201
14768
26553
2253
35523
23582
2552
1698
13879
19791
35943
44657
26081
42792
32138
4135
22136
21907
21650
8221
2243
20848
40872
36783
11588
15523
45388
21551
11169
29354
34546
27003
9523
33011
26606
23564
20997
17433
48408
45661
33763
11335
12406
424
5751
29600
26465
15990
15847
20546
12874
9613
13870
7018
27758
28990
24752
16806
2926
4729
1180
43597
8085
31386
37548
41721
20317
10658
9669
35844
26421
1803
47064
8473
38483
49594
19728
955
43531
19696
5851
10812
5265
21150
39524
31155
41715
11281
36186
12068
38023
12592
1977
2028
5698
16894
22943
49993
27505
20785
1575
26881
47638
33616
20424
44651
21364
8665
32705
36210
29172
30799
44739
11589
4935
6104
852
9820
38542
412
36757
20154
22726
22931
27827
23593
5864
40681
35430
5963
12317
1997
19075
2193
8720
15435
33074
17817
30336
5108
23831
43152
22521
23905
26117
31478
45212
38166
19067
19849
33355
29923
49316
26603
4737
18411
19686
5973
23000
9765
43584
22348
49718
22769
41357
6402
7058
5455
46505
42704
