17059
15281
31501
4244
46412
17701
46383
42267
41586
39260
17704
33738
41664
28833
49485
2523
13800
47894
38763
4489
27717
2457
16813
8985
37018
8521
19772
33470
10577
46838
3760
26099
25599
36341
35969
3437
23973
48447
49675
46452
30250
10235
46700
2748
20497
35492
11308
38552
49899
9070
985
12938
39499
8447
16868
30465
15766
32892
37324
2244
23893
5818
11316
5179
4145
36847
42326
38235
37865
12568
46910
82
34611
21356
5142
47702
30646
34979
25718
47808
3757
22201
43440
34444
1308
49771
11373
2472
47859
49812
48662
1041
32252
22018
45193
39783
19782
15205
41511
8113
15721
48124
32394
100
22509
5841
31825
30294
10108
2938
15044
35407
30139
11425
6031
2088
32851
20226
49610
6405
18515
1158
11937
5382
33681
19228
46777
6206
36373
25805
21422
32425
49336
35222
2373
7922
8041
17843
26367
17547
14776
42195
21805
40940
38871
5832
5188
10194
44881
35006
24482
25256
2922
1116
38326
38724
29060
12337
18889
23922
14036
28043
16170
39966
22273
36204
19930
25939
30276
29002
15905
20925
21256
5885
44275
14670
6359
34250
17965
45142
12184
39460
1493
333
32047
11244
29460
13625
24350
24047
39383
31597
45654
25993
36317
12765
48899
41214
20752
6245
21140
21107
20668
39169
16367
38112
24479
32186
46691
12211
26098
37977
14256
40698
12264
1941
40278
41404
47753
19208
8214
7405
43710
6005
15544
33298
15619
4233
28973
11608
21611
20639
149
22673
45477
28460
9359
26788
1991
36588
27612
44322
13017
34181
42807
21949
1918
14231
26647
20418
4052
45893
26663
7581
28697
31719
17136
34653
33879
20665
48439
28128
31242
3288
1372
26115
14807
2575
37557
27095
38485
15843
20936
45199
36308
23382
1989
30982
9132
41121
22444
6831
9250
34253
6554
31010
27356
23878
18354
15027
17110
29037
24785
47912
23929
20004
22877
46213
33648
7538
26776
20506
45907
39242
2513
34746
17581
45993
10753
35289
38096
22168
22853
32669
691
15158
22060
12332
47266
28539
48449
1758
41639
5323
31812
3992
36867
25464
20183
37969
32969
32385
4987
33586
3156
39500
23276
46614
45426
48583
47055
36380
45243
23092
34855
24428
1733
19116
34761
13194
2027
28306
9647
29372
32332
42522
9000
15190
33809
1058
25463
2946
30229
47361
32540
5078
39211
22215
42512
24390
49527
8476
49715
21958
36799
10334
19428
34188
2488
5034
42917
15717
20363
23656
12558
21776
13787
42399
46222
26358
8192
3701
34576
11140
43384
35421
21272
19355
6945
40597
1529
41133
47043
27698
43945
3721
13848
9958
41497
11862
44338
35480
20314
28724
14323
23230
4889
39754
4863
15484
17474
18912
43300
12612
46729
22036
45323
15669
26805
22400
40982
25555
44627
31454
27902
22365
31445
15319
16472
17434
26568
48280
5031
3813
40333
7338
13102
40935
35473
47984
12561
36145
13117
6124
8832
35913
5474
39174
36845
28200
37886
8268
19345
40303
16690
3852
48143
13184
38097
25960
4039
29348
5165
18424
42002
6004
14538
24419
12505
26534
27313
39143
31752
25680
6288
25218
43163
5184
3894
14844
34495
31498
39333
7133
9323
12898
18691
29870
36577
14279
15196
25428
22290
14721
34190
30355
32820
4262
12855
22806
42185
35225
24906
7112
43021
27694
17674
34177
49942
41544
22248
11823
5984
26527
29587
143
27867
4980
15032
39755
33335
25761
29520
14241
3651
6627
33154
49739
40673
49269
16999
1795
10764
12485
940
38301
6854
26001
34029
45853
48532
33831
17852
31799
6660
13713
38206
49616
31420
36187
22979
39914
27604
46065
44972
8024
34255
916
29264
15708
14380
44347
49888
16411
26747
32435
48716
2507
12756
3350
17958
15961
24309
39796
36473
11766
5143
33601
13915
17392
13926
33687
7376
34852
41815
24470
22383
42420
45689
23118
43073
44811
21416
15988
42221
17067
4462
26965
34711
43278
30992
37291
41760
30999
18854
2124
17857
5568
40779
16903
43019
21091
39246
3323
9045
36120
22085
48317
15926
5897
21903
45582
5547
16642
30302
30178
12670
25880
31052
44796
16159
18983
8572
27917
33292
18845
36158
37550
28084
10133
22604
2089
20204
40248
26050
7005
39980
48434
34912
47245
6841
49081
21360
32181
43409
45163
39501
3020
42581
32817
17858
26846
21159
13108
17473
5780
32092
12424
34665
3430
28277
24540
39919
8181
39144
30299
7920
26158
746
16614
18805
44036
46416
38711
15504
8205
47909
14118
13021
608
3238
37688
43504
19764
23346
24614
26506
13794
33381
30987
41079
27082
13532
23619
28389
1839
6320
23014
35530
13518
14917
33418
18823
22357
22242
48046
47335
36493
21174
44671
9211
44109
42379
47410
46033
20748
3218
29531
42183
41534
12431
35416
44026
2617
4086
5373
46885
27027
22226
30867
47275
47573
29214
15194
6707
46758
15246
9658
4832
46517
9827
10177
17659
14447
36151
22371
21379
25379
11243
5738
42588
8489
44816
19816
3524
20275
33366
17215
35179
48755
22485
42742
11602
36967
23997
43087
41102
27939
29422
12158
24961
6516
13831
39820
7848
38611
32148
21187
18792
47833
2708
11627
36082
11931
46361
30202
31504
2235
6678
38389
16232
40380
24876
12009
31113
9041
30603
2823
42284
24293
11676
35081
20211
14227
40634
33799
42232
44264
39680
42085
19139
39098
39327
9772
49208
28944
43197
32518
5321
20970
22343
21966
2275
18447
18204
569
34836
30680
3485
7845
49682
22389
44866
43457
24494
30274
28895
42214
17532
36456
31265
4560
28480
9402
42573
7432
42561
43739
31591
28302
37130
47241
35286
17583
40479
44932
18999
331
5386
3401
3328
47818
26065
30406
31585
49987
35661
45572
48732
49894
27289
37171
9524
24307
7966
28807
33675
5298
42165
26235
35532
26498
15953
17512
191
2537
4786
42562
10833
46966
12122
27670
37991
7505
25344
7634
43264
3047
6777
41528
27962
250
28835
18563
28649
18053
49305
41663
27311
16056
20646
36345
32366
33634
40833
13362
4035
19958
27122
49479
44515
44205
41477
36139
26233
40682
15336
4733
37499
45563
3282
38930
2164
18892
10309
19889
18694
44506
4707
25535
42918
14300
17109
36388
8833
45244
8555
33695
13716
11189
8924
36965
36848
5613
45025
5846
16686
39484
28777
13559
12983
4672
6844
44927
18103
5557
918
18843
11949
12848
48811
44603
37395
26653
23128
19155
12488
12954
27748
12019
13198
40076
17202
22889
31613
49531
25380
34547
44643
33934
39859
24954
19720
31887
12444
46159
14012
2436
38664
39506
20888
37457
26368
32961
7842
1900
44048
4332
49093
37092
15808
33950
18359
35669
14041
30716
21938
15469
36755
25063
4141
33786
32805
23890
22445
13318
4563
7861
25180
22953
48391
31183
37872
35591
14327
26715
18453
20679
28021
11009
27050
6183
21704
7234
49463
47763
15633
14797
37282
17226
8454
28287
12636
17899
31971
14308
3579
7187
21349
29068
22535
42714
18920
41409
6632
1387
40034
23745
31919
1229
5717
2179
32697
27763
19851
7072
8046
42563
43842
48943
36239
49354
1236
5771
10492
5656
47723
31371
21297
49500
37842
20850
13497
13950
33099
15778
9482
21597
43407
40497
23349
33166
47114
47558
42672
49586
26353
8926
73
37439
32723
38441
1148
17560
34468
15326
7641
11558
19943
46408
11282
34412
49191
47443
22725
7534
19310
14109
23706
9358
27776
37467
23169
49339
38785
47932
19498
25696
14360
11337
28662
6096
14106
40780
14886
37304
15705
15191
19760
35729
48687
14400
28325
30503
24180
14233
27203
22515
23934
3389
4927
1225
2399
20664
23007
40668
14930
20635
35713
35576
28641
9080
41327
9527
23728
28023
38653
12825
1610
28124
1449
49279
15644
10302
3181
4856
40360
44262
42471
47077
6293
33915
44599
42159
38527
41847
31200
48819
22385
16876
44987
37482
17149
36913
1504
21656
31490
18777
5181
27384
1657
44108
30247
41461
5470
19595
23186
7469
3108
19237
29377
20836
2118
48435
42199
8998
45602
47180
14769
49411
34337
48704
18979
2883
18736
10574
45518
28354
15693
454
20328
6461
24835
2006
29748
45182
27068
26019
20844
42331
45443
1653
2985
26156
45674
20400
13844
45048
45888
25823
41084
47651
19779
22821
47015
10643
5499
39981
5711
46114
27470
48971
30426
32068
11300
25215
33192
46174
6790
4217
33310
1453
15627
1353
20796
17326
6424
24270
36675
49408
2033
44712
3972
39988
3481
25326
19934
39722
6451
11580
20425
26084
38808
35780
27234
17867
41821
2582
1031
8949
42453
42715
29146
39880
35419
30057
42816
19735
25576
42533
9602
31960
9988
42297
14249
38309
27002
45681
40766
34889
10605
2340
3968
35945
8584
20622
41813
5571
20157
29733
42780
16513
1772
4342
49976
47729
30495
41535
1702
12152
42283
10866
2290
30746
40012
29771
39206
22374
49512
49123
43244
48110
28470
15037
20989
13890
29770
39418
30823
16670
13482
9203
4903
3799
5387
23470
27057
14091
10717
18738
24070
49257
30435
688
44732
41784
18660
38892
3697
37049
13616
35867
1859
14277
18742
7498
39337
7437
21323
2760
42066
31462
16083
42537
46433
10450
27124
16827
44209
48920
34581
3445
21661
18882
39930
49604
4289
15162
46813
49464
49908
26500
6529
23267
23300
41516
43847
47354
20123
27860
18936
7369
18135
1573
44401
10436
28276
12928
15550
43404
14345
44895
13478
31542
12077
45637
45973
13268
47560
12757
3394
31628
2773
6995
19334
41783
24096
14113
20652
7038
20507
12065
45204
8462
17859
3417
13779
36885
3235
34172
18714
13633
40687
19450
46978
15177
31997
23123
33067
47101
29903
9002
27937
4416
22105
12172
3919
21631
25664
19762
47849
12969
2969
36636
22504
18394
28373
12703
29989
40077
13562
1682
14571
45937
25485
1990
10249
39392
7847
45051
35585
16915
49317
10014
25095
30113
4178
30040
18109
13019
42850
35324
26208
25909
35331
21218
15578
47748
32736
30781
19725
7808
44920
39013
45698
3869
11534
28939
1960
46634
11222
26750
18044
19096
40741
37978
17401
30108
44585
13930
30697
7491
45375
40370
21961
5842
6687
5911
24342
13808
24652
5602
40893
6371
48767
11083
8155
2950
346
5581
49287
45315
35617
662
10842
49523
31638
35467
46399
23310
41138
16758
10514
22875
17279
43684
25128
5619
35043
24620
5816
34722
45187
4976
8712
17613
12382
40089
23894
46242
3668
21285
26363
3970
36937
6951
20360
40650
8775
39965
32993
41638
38878
16444
2727
24112
49504
33700
44203
43004
41797
23251
31538
6584
1718
17183
18124
10052
29551
41457
31014
26691
8559
23561
31537
37792
5225
32646
9225
49426
5497
639
12912
9234
20274
8079
38203
48512
27975
2114
35352
39195
20068
45789
16316
435
12041
48734
7300
34327
27520
19485
21668
27079
35909
26005
13160
48030
17772
14006
47712
35947
6866
31844
27743
22020
44133
16688
42049
28471
32048
26255
46202
19365
49201
20824
42574
24988
28150
23551
28786
32454
43686
48062
47539
10042
42901
13075
14326
43777
24077
10569
36264
11356
28958
48136
24643
27075
27639
31073
5133
34277
27167
11958
861
9802
26876
2100
24891
41552
30734
11875
4570
10968
31519
23345
41870
22220
5626
23592
45141
47489
36143
16623
36950
33517
23586
12392
38592
49107
19878
15971
23160
18879
3042
29608
549
40594
38523
32677
4297
5725
42074
9507
9709
41611
9242
16221
26059
35663
48959
22289
28106
4776
38761
33062
21105
42030
38297
37315
30530
39257
45169
24492
28731
14931
24164
11286
31935
14423
24955
16297
2945
34465
5
47574
35191
36079
883
39596
3980
12380
16460
23094
34010
22363
1953
24207
8196
13258
40254
29273
7601
25839
49489
49087
17255
24521
4577
6428
25543
26105
31866
46632
13430
1709
30891
14940
23381
12351
4385
15461
4417
35305
49756
30791
40126
34049
17180
36612
3664
2503
41621
37051
35474
20816
8660
48425
23689
39894
13431
47717
10414
24860
7963
25849
43535
43127
16624
20935
882
36427
45671
16110
48169
40298
30784
24618
4770
28112
35839
38852
19081
37737
7398
23909
13811
26139
5537
10000
29750
3015
30047
45369
16439
19007
27215
20700
35846
23793
46786
5290
20452
11626
43453
49571
27972
24003
7174
8719
31209
47353
30924
39740
29761
47934
14754
46989
32027
1986
6834
5293
14765
31198
31261
36423
35894
39016
25189
41966
34925
47246
23692
11225
34170
49473
3529
8057
20969
32318
15874
10560
34784
28060
19906
25279
40302
23707
32950
45300
24685
9858
36910
30507
38929
15822
17468
14741
30853
39518
45459
5130
9479
6542
3196
8140
14895
47380
16247
40832
47069
37773
43804
18165
19102
42837
48756
9935
7183
43856
3583
37347
6471
43483
26588
44710
37387
47026
35724
14537
28739
7184
46219
31403
10323
27855
49194
34874
25337
2527
3844
33986
30422
43599
29740
5435
46904
7746
4741
12976
836
47105
8042
43581
32096
14473
7859
48973
30458
32306
41993
28605
14138
43343
23758
26292
19731
28828
15011
41380
46032
38783
21103
2248
27197
16191
47025
1928
39906
29137
37333
49056
18503
21616
1276
426
18600
22240
39602
6803
39726
5612
44968
1462
16397
44805
577
46817
23425
33686
8500
6017
30248
8942
15522
17975
119
47532
32339
12896
25684
40547
1141
15520
36645
12904
3581
27307
8385
47995
763
29951
20130
13335
16790
29784
37539
27779
33855
12115
27835
12390
42593
45111
22689
14217
26889
38537
41798
21973
45788
16725
7953
36770
46352
13288
43905
27848
49160
22517
17445
34824
17992
9734
35463
25671
37989
39270
44749
441
6964
36589
39172
27987
20382
9283
42963
14923
4311
28804
39042
10005
12099
29968
33641
44527
49137
7295
42325
13784
7052
27596
39604
38022
12581
8312
15278
9972
40057
36498
47970
12119
49704
35651
2338
6236
44337
49764
37393
43515
44292
32289
11879
21798
19405
31086
12288
29765
45320
15309
28732
1748
25135
29615
19613
44722
48252
43698
9219
19317
48754
44241
34439
35300
9511
28310
40189
40361
23213
7106
42121
9552
196
15919
32748
18376
9674
29804
45624
30079
16425
39010
5048
37252
29582
26503
4924
22802
5369
12630
41753
1208
25336
6161
20917
21222
6813
19435
17135
27331
32530
39582
24306
22975
27357
32783
5988
16049
4821
6492
23525
39924
41564
6307
23670
10653
26386
49508
29457
24141
12486
37442
10137
8861
23333
6994
32701
30010
35898
11400
7818
38425
27422
47976
23356
38184
43845
46312
28223
1881
1756
48952
22641
35150
12777
26597
41775
27633
49774
33927
20600
49128
25370
32507
30117
47451
9522
30893
26767
92
3786
29043
13884
11097
9127
40009
35311
25586
5775
38212
33377
2487
45627
42369
5434
11988
30013
16296
19120
49146
197
7065
32000
36231
43756
11470
2045
31124
7053
4163
7968
6073
35895
5339
12754
41548
18848
44021
14098
35857
43266
4867
4144
21227
6163
4808
8708
17258
25036
31995
26640
15512
30257
39003
47137
23977
49779
34895
45256
757
1893
48176
43798
19729
4651
27403
16482
27595
18681
8823
34050
4041
14679
42539
22149
56
12354
30418
31985
14646
22241
36472
40946
29999
18757
27523
27660
39704
31493
2158
4496
19652
49951
26221
20621
48525
8389
14243
3510
23734
25503
5908
44174
26529
34354
37967
13777
25187
7826
36765
49430
30091
22257
17014
493
34982
9880
4271
21999
25038
31352
20158
29211
23286
36948
48260
30142
1447
9714
34872
40469
17894
10398
5650
21956
23241
8009
15405
33891
20715
12689
40712
23387
31693
31976
19593
39969
38985
30687
35570
42095
48485
28516
45476
12934
30521
15608
27164
28621
34525
39747
4742
714
17923
6313
4573
34110
44717
11444
20030
38519
42440
16676
14960
4371
27210
24531
37624
47328
47333
10082
9987
18030
40066
25538
17657
29110
12937
11599
34230
8709
27991
7347
9660
35212
14744
20184
12100
21608
4152
35326
16702
46662
33402
45036
45976
44570
7731
33133
6100
37190
48266
54
33452
1073
38376
20440
30190
17821
36658
25090
9648
25491
4658
20926
36208
37358
33059
131
46674
30126
22432
18856
866
30619
35318
13963
16533
28039
35266
47154
5741
9394
11452
1828
6634
5670
7143
21983
39563
27877
21622
45760
47814
34053
17668
35858
21176
14039
34038
35166
14918
1142
15015
24085
41803
12778
4463
49163
9088
10421
37147
17626
46600
44001
8680
30280
44319
37980
7585
3907
28756
6748
3875
34550
32195
6130
2572
44306
27387
16577
17879
12102
5275
32524
17627
10986
3534
17905
15361
12238
41047
43158
9142
27184
8392
29256
20571
43586
21819
21239
38113
1532
18723
41463
1905
21395
19789
40605
12321
30074
10257
35738
17140
4664
35916
4070
5819
5417
19962
14251
4888
20838
31467
18220
433
3136
3188
45691
46535
526
5933
43156
46791
42288
16442
48318
10089
7250
11496
14234
46016
4930
15036
47141
45715
5389
20766
8716
34330
13289
35347
26857
33143
31841
25989
22346
14715
33866
16901
1679
41790
26569
33834
38242
47981
42616
31702
20763
38305
37561
32298
23130
15494
28045
21316
14542
30685
37096
18306
38971
12381
43144
14461
17176
6212
20611
29089
36704
33520
22868
10145
25975
40782
32654
24171
19855
37489
3000
25878
38103
34659
27207
5689
14173
44540
33584
37685
6923
34941
25161
35272
14764
33510
32174
30797
31407
42691
6776
38233
19477
23401
32631
4692
39322
12293
24351
27634
29062
1687
40143
36115
34226
34118
31722
7793
45720
26704
8099
5822
26392
39352
19132
44088
20295
9118
399
18906
6722
33410
33278
32478
27489
40996
8797
47080
4525
49225
19955
3556
12925
23210
43893
28228
6283
20063
33657
6014
39849
28418
12154
19395
45921
22631
29477
7766
21778
19486
46754
18421
23744
5354
4452
33600
20761
29444
4531
15553
37077
34341
16512
31783
20410
47812
348
25318
31910
24760
15979
34652
11200
42564
28978
21443
776
29904
26110
16421
45269
34775
49933
24704
10422
29944
12331
49121
6179
19853
40788
29725
48518
40744
42351
9902
7258
27638
8417
13468
6963
14156
14208
6941
16225
14913
44774
27416
11163
46882
437
23916
44341
11441
30184
23547
34386
36297
35794
16443
9741
22127
37225
14242
2384
41482
1020
23126
6050
37819
48151
32029
13650
34981
45411
14705
25292
35348
1607
37372
65
1753
37472
40957
21797
49816
28614
39646
42156
13145
9260
33703
8766
13825
1539
21793
22436
32304
12753
36732
12897
9554
1865
8684
19910
31384
9504
49577
15279
4812
46277
10668
34065
3959
11056
44574
16970
23122
48837
17715
29391
40772
22928
31260
29166
20290
42702
37220
20720
37793
14812
41795
41078
49968
3210
10338
48883
16464
42669
14561
43859
24583
20323
40730
21088
42201
44221
6252
9885
49195
32051
26524
7450
45099
17247
40868
46804
39039
25973
34069
45118
15397
27391
25597
13347
20614
16589
32852
37070
15605
43995
20484
38329
989
23049
10850
24804
17025
44059
25914
36444
33027
20787
47861
45616
27439
12464
7588
28243
13259
41955
33263
13522
36399
39065
41342
24150
11050
47943
47756
10447
14335
17952
43681
45125
9429
26713
7683
13116
4981
40759
2061
32041
27265
11673
25693
6075
42174
33765
17005
40290
36392
20372
4196
36326
2688
48016
19052
41924
18304
26556
41487
35336
35919
16122
32236
7721
16401
36496
49030
6651
396
34241
20091
8122
21408
16870
48159
20121
33656
15777
48236
41227
8954
1869
15959
44812
11890
19629
2184
43103
8003
13447
7124
31134
22135
27516
3291
32502
46955
10580
27973
15876
37579
7087
15865
27656
2484
33842
21564
15145
29700
34268
46877
49383
47121
23887
752
28829
48066
27721
967
30732
9545
11213
39387
44031
11086
23794
3535
34129
38673
17628
20737
37895
10481
32574
43040
41489
24002
15904
16957
32696
21102
13631
10859
20879
2441
1111
44220
42604
42761
1616
2742
40113
47193
10229
44268
23318
10857
25497
27650
26356
27021
21014
35380
23292
19119
16468
23421
19429
35640
12598
12478
2297
27715
11383
16738
39095
49245
20609
17137
40583
14051
27383
9114
44995
10515
33725
24118
35981
10001
38989
16951
39869
23398
18706
20150
30365
25854
47477
13453
23827
39149
11935
41809
48115
13174
33592
15909
12729
17970
47705
16252
47844
21220
17353
5985
26470
15746
22589
17926
16961
25829
37377
18077
48741
30164
26928
3497
46654
39771
14329
35005
48103
26504
16195
18642
21627
47883
43560
33742
4561
18610
45606
42618
38320
29730
33956
31027
40316
43203
19399
31658
33591
29908
35908
28586
47639
34591
44243
15589
46091
30725
19033
19481
36382
16587
43171
11020
19660
5801
37287
42089
20708
17349
11734
15667
16886
12268
33554
17276
40938
38173
20956
28244
7089
30819
11144
159
32132
20584
15411
31087
37215
46818
32535
2236
7202
40129
46228
24256
42798
30796
47827
37378
5996
41731
38423
1868
42768
289
20719
15985
44955
4460
44340
26103
45362
42223
34073
37213
3334
23494
31973
25964
39727
45438
27844
41593
8658
40784
16996
1156
13816
40326
22386
16574
40400
29222
17405
27230
47944
23541
2982
17881
16173
14458
21664
35962
3547
15313
1346
26310
17362
39623
11417
29732
32088
28227
32123
3252
5907
7540
20898
21065
35245
44114
46194
13384
9622
8834
24022
23855
21998
11691
30412
17716
8961
41194
21144
1510
43109
15436
10738
5312
15175
20867
3567
6967
33699
15446
13029
32017
17042
35161
6665
35145
44834
9375
40875
44597
38850
41766
21737
30170
36514
19890
38010
18332
11490
35581
24417
20358
17865
48442
47745
1700
1499
19886
17427
33536
44653
10790
21575
40453
36450
10985
22929
29578
45919
31295
48785
31018
38821
45997
3725
45370
22356
43569
13515
36419
22425
9743
19525
30356
8441
40439
35511
387
21302
20801
36346
32597
45883
31982
13155
13988
29928
11827
14442
24122
33603
26971
15594
33202
30443
37183
4324
37667
31579
46411
9503
16013
3011
38443
17253
16079
29072
112
26
36880
45667
22442
44029
33974
9525
18249
5746
44935
42513
9257
12471
10084
2263
29252
47074
18587
23385
48689
31211
29489
26975
1412
16405
43601
20980
12596
35137
24880
34841
15062
18349
38515
12718
5202
25077
8936
27308
10066
15280
11399
26354
13537
22708
6754
15532
1943
13874
4773
36660
10579
23359
26766
21939
4015
21033
39
30993
48216
11181
323
17256
23756
35354
8248
17211
18561
3312
23895
43901
29003
25209
45823
12515
16038
39813
46275
16828
11987
15595
41104
24716
19830
6906
14734
16184
21415
44951
29852
44509
23041
17196
34661
21689
43367
34119
3229
32635
10987
11778
11207
31363
33215
39027
38669
4207
29864
34048
19188
17844
5051
32321
20469
47685
17815
29844
13728
237
42942
43899
34389
7176
36302
23238
41349
39140
13266
26634
35815
17949
41699
36365
4864
31762
47314
27413
40674
16235
48558
31161
37355
24295
39178
30722
30727
22709
24629
34126
1463
16027
13719
1761
3793
42902
1422
12554
7559
37156
14755
44130
29024
35052
21899
30405
46764
25813
49928
22901
27150
14267
43325
872
25564
38767
15333
1290
28352
39833
43917
47337
32322
10051
17669
47029
30880
17591
29326
281
3002
28497
47566
33281
40528
198
48488
24966
17790
20058
41306
35479
40305
43645
8578
21042
17479
26751
33944
5929
21393
14411
16973
28154
32426
31639
4340
35478
37580
42194
43296
6170
34185
30712
3438
49622
25648
14843
47499
28102
30387
4858
7305
13433
37777
29687
31317
43538
24
31945
45514
47174
31737
154
40723
40671
35126
44451
8376
38148
17798
42951
25287
1448
25479
33970
5662
4263
10322
48902
45114
31805
48387
30629
33966
40652
35435
27815
10067
13200
23829
24483
30830
9654
36852
13345
21399
46917
9436
5673
25257
2562
6732
43760
48731
21818
20649
446
44431
38000
48852
38933
28350
14500
38925
33340
24336
32184
16082
23293
33969
16273
20998
9307
1899
39136
48106
17902
30381
12213
44366
41441
45975
2528
14260
35411
29367
40434
49953
38191
17407
15616
49949
24689
12578
14570
4157
1127
43796
12710
10589
8455
1400
15272
4022
31664
49218
13700
41937
34814
9165
32400
36674
34259
29605
49977
27401
31516
10798
38678
4358
6575
14658
29683
1264
45536
40420
568
22683
25600
12522
29431
36526
30367
40783
35868
38620
19594
37869
21680
10223
1316
3625
23868
39431
22527
16560
31446
40282
19549
30886
12402
41093
30028
16617
489
9163
48828
12659
8781
25635
29404
17826
19114
11429
33748
40108
7351
12858
26074
20502
33394
37245
790
48403
4259
40107
20218
6422
49145
26678
17645
25119
9099
2214
17442
18467
48475
17918
31166
44216
19022
20326
13506
16610
12890
40485
4245
37631
39641
36441
14465
3408
3948
24067
41922
16021
36538
49034
14494
35733
8605
31678
43944
36470
45072
3747
47110
36018
7415
2881
6578
38809
3370
28495
37037
1440
9308
45100
19927
48600
36710
26215
18733
9672
44518
37614
44433
45354
13463
8862
31159
20117
25182
12735
4713
32733
48219
2613
7397
7280
13328
10134
42635
7485
44632
40504
26267
31608
13899
42466
23848
5699
5432
7747
24243
22042
26787
29691
3687
47440
46446
31992
46613
23533
37321
40714
10666
21641
32651
18361
9338
23950
41819
5865
23347
39713
49717
34848
20869
30361
12694
30586
49641
506
16534
6416
17287
39301
42460
49553
34331
22923
6583
10837
2289
28573
47057
18990
30957
5510
2509
18374
17182
11234
39723
40825
23902
23518
22437
20717
9397
29841
47330
30564
35941
42364
9337
26302
5215
49856
16489
25116
14641
5940
22029
47636
12221
20482
12545
33820
26475
802
4797
22311
13565
28260
496
14040
33257
43529
34243
6603
45209
42680
16017
14387
27978
39522
48864
34359
19445
14418
41928
32275
39658
28942
40666
45215
43064
5803
35332
7213
15026
16018
39516
45040
31986
12214
11265
34821
41149
49264
46684
23721
36720
1024
21775
11296
18176
59
37079
36467
19277
40939
21461
38236
11392
39807
30850
46130
40403
32584
27015
8151
23698
14084
26734
20016
10611
20705
4219
9807
6427
20423
49679
45434
42730
42732
30740
7447
21145
43830
16501
27620
44742
49698
25620
37480
34675
35200
47914
17524
830
23429
44070
4065
22898
21483
2518
33678
22743
32227
6640
24397
42110
49182
45417
9227
29865
38226
11826
47032
17533
19087
41942
27607
2885
27946
7346
15089
11436
23672
411
44918
48822
6653
20725
21726
27788
19128
35045
23418
33932
3257
23944
46317
38081
37296
22147
31744
22191
8347
28396
25381
25124
28272
40794
18687
32549
38966
21632
40997
957
6527
14191
14175
15679
12547
15962
551
9097
39493
16385
40074
36196
9941
31081
45507
11727
14897
24549
16403
19650
9074
35010
1509
12844
12038
33805
17404
43402
42315
15141
19164
6908
482
24589
28628
2707
27453
16298
18954
16829
7438
26996
6344
4381
14763
9194
37203
25166
40140
37964
1254
35368
32958
38953
32724
3569
30328
43347
11031
41203
48813
45809
28
16358
46052
46049
2481
9105
15928
4593
35464
2920
38193
8981
32127
7772
19375
16523
24493
36280
22751
43582
45229
18426
44705
35042
22344
17713
4240
27903
14902
1013
20981
31306
10998
12302
38756
41737
44247
9542
24901
28599
15640
48671
15554
39100
11836
1364
3924
47492
26330
2684
6270
20126
42621
13889
14593
40508
9295
46121
26755
7167
24974
3038
19302
35806
45286
31340
22499
2486
33208
47231
45192
993
25009
36924
36671
45737
9757
25749
44328
22254
26381
32607
42187
45821
26878
36337
37400
7986
26348
39715
23242
24453
26472
10510
43463
23020
35445
36877
29259
27627
40368
42744
41494
36915
33022
25480
13508
25131
7736
42200
28130
34567
16502
37673
11498
1746
33631
1656
4682
29569
12965
32293
36282
40688
9374
18061
3189
48464
9999
22768
21031
3082
22511
24286
29927
28342
6915
38269
7465
8439
1749
40743
12997
34787
41997
48127
44238
36943
7855
33446
31320
27242
44159
5724
48599
7481
8081
9568
20800
30168
5909
3683
10121
18661
18617
45232
28545
45597
7657
20132
46546
20033
41436
18331
37605
17317
47618
46430
43716
37445
19107
2069
33189
30584
43228
12045
38327
28448
31203
9228
2675
45402
8468
16234
19675
13358
44409
35654
23875
35589
34408
7735
9334
45386
28755
16028
45276
8127
14674
12999
41471
10558
1615
3248
38944
14115
43832
39778
40949
29050
20554
29105
45978
21808
231
43909
2044
3767
48080
45949
6310
23329
10685
28766
40142
35247
39464
29878
42758
32104
14135
23725
48783
9998
30635
37781
2734
49001
4314
46840
5630
28514
16739
11404
36922
5632
7006
38899
32165
9695
33780
2948
34260
6174
31499
20634
11850
43310
28563
8691
23588
37756
44520
7419
9484
14831
30206
44426
41893
17047
30395
2403
9238
13041
20235
45055
26270
2832
39497
15314
19006
46841
10203
12602
37437
38870
47521
13550
11289
43594
11765
12051
6287
17544
29990
4128
35477
37280
36492
43248
39621
11385
8768
6273
21418
41531
20883
26924
23104
1160
1645
8751
31290
43870
2029
40745
7557
1798
32994
27943
25113
4438
45865
2706
15733
15715
28874
3803
49272
436
6087
8480
38140
43116
25860
21217
2997
45492
48421
15860
9650
38967
15322
33644
15046
14642
168
16016
23467
16783
3486
10096
33818
32058
6743
12033
6807
13175
25662
31627
27106
31867
3691
33983
31698
38632
37972
48645
36073
11407
20661
10944
46124
25790
2725
21646
44190
28651
36786
29742
32242
6849
43231
43592
8610
14552
33856
1643
31654
23780
19304
16791
44468
20120
45683
4724
30207
28331
389
5584
14078
7148
13042
15980
10534
29299
20902
20175
15056
30382
30715
46769
22447
44852
1451
16570
36251
21530
47133
41238
17163
28314
19455
11593
44647
20013
23220
14560
33560
25897
42065
28324
42906
29567
7154
46563
23993
29887
43131
946
20174
15918
48146
17976
47628
41485
47066
9457
49205
9584
23866
3565
6889
41762
41971
36182
4911
14349
12201
8933
6530
16332
9076
2083
41428
13326
40670
4491
4796
13377
21578
28933
9462
35888
21750
9812
5926
6649
43225
31978
3392
12056
41947
31417
46103
43691
16418
45795
21621
32959
46358
46083
10984
6920
45513
6503
14519
48125
19708
29793
19097
25980
20344
7242
23326
5945
1804
35930
40609
20129
28631
34015
30514
46775
48921
17836
12436
6458
30575
11670
43857
16087
14712
6760
3422
17862
46956
27208
6098
23575
26412
30824
25002
45741
42450
24139
37399
39148
35490
29719
9663
7904
15260
29090
20031
5244
15412
29818
41502
15902
20470
33385
31442
33305
21026
40495
47273
37691
46931
17942
10286
11072
17828
26423
33587
96
18145
6349
24506
35817
43615
26555
28296
46593
29310
40178
23513
39060
41433
32653
9299
34127
35325
49290
47578
33140
6637
34624
3886
38556
5065
46436
29006
49833
14676
44390
27765
19611
13492
40321
47614
34295
13279
16477
49043
28468
16898
18853
49898
7590
15268
45798
9119
27636
26258
697
19761
34534
10959
14595
14523
20756
33808
3989
22172
13900
44281
8983
3220
9243
33806
22946
1742
11662
4860
42374
19190
22154
12363
10849
31082
9016
28986
40304
21495
3984
31563
45534
19823
40055
930
35093
48411
8888
4872
5341
45676
20140
24550
34321
23379
12251
3853
9305
14468
391
25288
23700
33156
21012
34640
32526
37283
43742
28665
25751
3477
13371
27819
23972
37534
12582
14870
25513
26705
3201
20561
42244
9213
44624
34595
19434
34194
26964
10420
3351
33955
39083
5906
2526
38469
12857
19376
44083
27492
8877
35320
32143
12615
30451
16117
45835
31607
7204
21522
2294
12231
32333
38457
10927
10168
8846
13046
39900
19520
6684
5180
37239
29743
48067
8504
25046
26993
25639
19291
20093
15940
39808
37241
352
48100
9500
13244
8361
31218
9289
43215
32062
36711
23015
23991
17535
18603
3855
21987
13560
17239
20144
10461
28072
14439
28129
33724
5703
33828
9761
20558
27799
31414
4066
46671
32133
38068
7698
34033
13761
13435
41619
12516
10774
48093
6937
38939
34681
28329
28853
31491
21471
33300
11926
26336
37965
6595
38757
37471
24574
11029
31736
43916
20953
47902
39180
7079
5006
13578
24422
5652
27283
31076
45520
32878
11338
14568
20221
34896
40536
26311
12442
17787
39110
37937
21371
42746
39069
43667
12716
24190
25691
13448
43563
47804
19809
26873
5263
36558
14073
48315
10773
37412
16909
22779
9505
37075
29119
36721
17462
33032
8237
19719
33028
16900
39523
49638
42734
36195
36313
45186
15489
11574
37464
3076
43509
24782
24691
2788
8202
19148
36038
6714
7957
27791
18209
8174
44383
17912
24767
28368
8695
17767
49453
21879
11779
38
42004
24543
30847
2177
32854
34781
3331
45778
14682
21041
10935
5307
16320
38182
19253
30147
31544
4216
20823
21674
29967
40558
26390
31500
31647
33282
31770
7528
45732
41344
42497
4124
21753
16463
34071
43869
37022
47868
46493
33302
37920
27671
26180
21056
824
42275
43083
11403
37047
9252
15641
2510
30578
36938
12959
39465
42838
42743
11983
48292
18198
10714
1870
42695
5680
863
1536
25797
40158
10091
42107
36480
36453
23985
41555
48187
30557
6343
45801
39545
6882
29982
32876
31123
36234
21886
34204
27704
12979
33491
38412
6176
29936
46273
31599
46373
39054
17086
34093
30373
104
8355
31892
15138
37479
31033
41020
23362
20118
47039
458
24245
5754
8913
25285
19837
5185
24944
45441
1507
42521
21831
20064
34335
15169
2152
32633
13079
46363
48289
7514
24746
32750
36719
315
17489
29328
16310
22081
19847
33249
44517
43364
37334
7212
13991
4652
21965
10990
7739
35659
42495
45600
18339
8383
29366
48474
21934
49925
25477
41336
49480
28263
44170
17803
12204
6006
40808
5454
21267
21837
47684
2871
28383
46610
36099
1155
48454
45195
12215
47589
5257
20887
40080
44507
28589
33680
33317
19196
7517
5644
11739
1088
2483
34885
11773
38777
35437
45957
27085
48015
7146
24904
9419
22056
43536
12745
20096
777
36800
25248
33935
29255
8096
32421
11629
3390
25835
42103
27525
8279
4028
31419
41861
1862
47201
1321
21198
3811
36651
19730
3843
16176
18358
28393
49221
33604
8163
13416
17328
11120
25416
32319
40819
37705
20779
25529
40941
24953
20293
28943
16601
13669
39466
40023
32117
16602
5531
28534
39666
12706
18087
15989
34835
46782
28898
45325
41898
48233
21086
20224
17213
9763
41965
36469
5890
34966
8505
2185
44608
15804
10865
41883
22166
14826
33476
27370
822
23175
48966
29641
4067
23164
8314
45035
41756
20919
39640
14782
32315
7816
43322
26870
22539
32674
11053
24277
15374
2237
1136
4016
12949
21235
17284
23150
26833
9844
48150
43802
1309
7046
6392
22525
48088
11466
19838
45027
32933
18638
862
31928
3113
40069
42245
21093
36367
28486
47778
18631
29238
45158
17998
45867
45646
10506
19516
39741
28687
31080
46227
44063
20662
24433
19028
516
16094
39956
17727
32603
34416
6965
38444
4514
34538
31785
29351
4261
13016
33203
49731
3081
25253
36027
26710
24026
30288
22910
18824
26480
26951
12064
31909
27992
19346
42488
31024
9842
6149
12733
9766
7041
1708
15697
45185
29782
843
48573
4583
10828
45819
384
37274
38072
37906
38682
34881
43498
34147
43007
6505
43699
48043
5222
24832
18720
17564
42622
23662
42317
20654
21241
4751
46075
44045
12149
23233
29405
5253
27768
4276
35427
46232
37985
14059
27042
46456
29333
2822
44464
14005
19632
44219
38697
10432
31946
45393
36510
1278
22129
42606
45451
39194
38769
13466
48702
48854
27158
39498
3957
8896
14343
48134
30386
13213
46386
47791
7499
7595
22183
34212
1108
32233
35636
26774
49268
49876
49986
36796
24730
48681
24634
24352
31839
15723
6266
6680
49505
27759
31740
10369
329
23652
32514
32136
44976
11479
31695
40587
36356
2843
37638
8714
13596
11699
49596
38937
23163
12887
2326
6993
30242
49823
36753
18594
5097
33017
3666
13090
39055
7762
13520
48509
26237
7536
29160
49658
39022
37411
31777
48343
2630
33572
659
5309
42913
36023
29960
28289
10875
46941
5295
9319
13125
35282
32738
43809
19679
5204
13604
28764
18519
20195
16374
44950
13189
19766
4188
15463
33618
39085
38069
7367
32662
14636
22703
45498
12780
34153
23199
38823
36039
18729
47728
32592
46615
116
41837
1726
26334
6622
15103
33606
42224
34088
19568
14157
10941
15064
16386
8191
14027
33893
1083
14210
35536
14921
26874
31931
49513
21509
31149
26671
34572
37704
37693
6103
8115
33024
38308
7606
40752
47446
25388
34926
1086
29466
44143
34052
38765
30099
21002
29559
23384
37227
13836
15734
5335
44068
19053
42657
27224
12000
6395
40162
39947
9582
18572
21652
35539
2215
41232
38524
46908
43373
27979
18909
29036
10146
3206
35039
28821
2514
24633
27151
21635
30098
926
35599
4678
34510
22260
49437
26248
37210
4364
43494
25540
39328
43932
39346
32501
46427
30801
4093
20597
13861
49032
2520
16713
42439
31398
25558
6952
12062
2639
5209
37584
10367
42514
4894
12829
18046
39412
1189
1415
3685
20337
16967
43505
31955
17709
22349
29562
35098
35956
33360
46469
27111
37789
48293
19531
37987
23768
46022
14432
4654
5027
5512
13830
13767
43647
30980
13651
28889
40357
12520
34459
27141
29114
6180
12289
25117
44257
20127
28790
39409
7988
28557
23671
41939
43224
41243
39700
46663
4693
43966
18385
6229
7853
3926
28090
43741
21180
20896
28286
34956
2517
518
4247
46619
14750
8261
43473
42823
24341
39223
5159
28585
27530
2250
32151
49677
8271
43833
32377
43984
38343
29294
12667
30928
11550
13768
18548
2266
10989
30688
30372
26533
1335
43676
26963
24927
43303
25044
15623
29103
32700
42206
28866
22594
43663
25321
27755
45859
22933
30070
31432
34012
14703
42632
33370
32687
41834
32911
16526
13521
12396
47725
19923
27529
21638
42845
22721
9456
16008
14309
33138
34478
40073
42821
32295
43353
8190
26253
982
30600
28372
44485
15407
28160
37281
43565
10220
30789
7014
34022
33023
9249
48063
26566
25510
43880
16196
44794
7067
46011
32917
35275
48428
33838
11094
41982
3406
31949
17648
14268
17934
9971
16300
46722
49342
241
6018
638
37852
46833
15125
9950
24778
3629
2886
34264
28561
31150
46024
36640
18731
25493
45216
35132
26240
5044
33874
15302
30612
41944
26142
41517
28122
15058
43603
25673
14289
48993
10622
33779
21027
7446
38219
31090
13745
25086
30141
26995
28136
17849
39081
28909
45566
17561
41267
18802
6604
15432
2857
463
18295
27457
19018
1138
24472
38156
23454
325
9572
42404
16453
12411
8728
43317
24448
17320
110
42416
43768
12594
26579
32028
23492
22218
32417
37084
43094
40638
413
18069
39406
24036
9954
18296
41021
25723
7061
29387
37686
1126
34281
7030
23253
11722
4503
20055
46676
47402
34085
37276
23863
5875
16135
10347
16213
43875
1325
44831
35009
1110
44524
42919
21252
36679
9398
30626
11191
22452
7349
34002
44900
23534
32992
48748
45353
20248
35999
34154
12180
11135
40817
22991
22227
34908
15992
23883
18389
39955
6727
8402
11445
20389
48631
25064
33566
39470
24670
36200
7526
23244
5364
5959
24827
11369
803
4615
19187
29141
11448
13590
35182
1030
40262
22822
16265
36771
27392
28159
33854
9113
5823
35094
46375
1380
29051
33464
24411
17193
14198
39764
18196
6513
10796
2071
35853
11017
47511
37102
5791
49965
5358
49927
23968
43288
8810
40888
24086
31869
15950
1090
46221
46625
18238
49745
18159
22799
36331
31738
49254
4870
4498
13557
16517
13871
31901
38836
42215
20103
26860
25945
25144
45281
46328
36819
46620
24188
10242
48843
49143
9035
24137
40874
46087
19828
17064
22786
9232
16152
47341
24319
9686
41221
49929
41396
21868
1505
25837
14291
14648
21131
32856
7928
21500
38736
43029
48048
18187
32608
2743
39625
16243
26230
15519
365
43506
9493
27777
14
6117
6335
49213
38379
2229
3545
33593
36102
20105
27302
18884
3365
33567
21721
1948
28934
37170
18237
26275
35095
33126
25104
25335
44803
8772
23189
29197
10073
49147
1378
8276
7955
41346
37175
10954
32510
11540
36347
5230
44613
9044
33405
16167
33160
13499
41980
34800
30069
47707
28618
11821
49209
28587
6624
28793
11294
48725
38501
32292
16100
4428
41107
13778
47351
11781
6989
1808
16834
13382
2409
35370
32046
44557
46537
40224
48799
2803
28892
881
22340
23483
46302
29978
7210
14250
3078
12218
45165
10451
25734
14346
8303
28101
32575
15034
46948
1039
37535
4060
38385
38176
27601
10155
17278
13280
22883
39415
28096
6801
28564
16550
35055
21891
17327
14410
27590
33442
36136
21535
26198
5565
48641
40394
37818
36104
30622
8431
37259
44428
2819
22634
21556
10679
41750
6456
37815
21888
48551
39453
22125
17745
47192
11256
20845
27438
7489
7000
46747
7020
22600
2776
20170
33120
35113
13676
2640
44698
8992
33840
38994
29428
33571
25943
19940
23658
4592
46264
20910
19532
15763
5178
27989
25302
28269
45264
850
3395
41915
44576
46939
335
18952
10947
45614
14665
11787
22366
27040
35803
36742
28676
49012
1725
29315
11824
23078
33684
22512
35453
36258
32335
796
14605
26211
15783
7638
14031
29866
42080
25291
34072
31285
5589
12560
18993
34171
22524
30399
1003
35643
49921
8488
39131
40123
31562
23876
6115
3596
3703
43583
5540
26809
23843
17350
15150
12882
35991
36578
44907
40231
32553
534
40365
47150
6341
14396
2558
29521
25520
2204
774
7637
30037
45577
9791
26428
40635
5535
1220
16450
11430
9393
10272
30437
10478
30363
2658
12548
12793
10943
15727
951
28836
10816
179
1658
47194
22722
2800
25311
44982
36552
45718
22938
5014
38732
48555
23411
17582
41695
1260
41694
39457
2381
43562
4246
46151
20496
26856
36193
41073
33777
25183
5661
31397
41707
40561
27938
21181
4177
8506
46356
3942
19366
25512
22629
38312
2728
4431
44750
38589
36759
11325
37576
15255
12233
34686
14296
214
21625
8819
37831
39677
6383
45665
30556
12906
5552
1921
31085
9222
13139
2287
17757
29711
19099
4702
4764
32277
17528
47527
12366
10118
36889
18172
8780
27043
22438
3142
26826
28525
1633
37572
19198
39345
22156
29301
39312
23397
32581
29426
37949
10169
47299
3014
49759
3775
42991
25924
13535
38383
42995
14381
47191
41450
47295
19734
48234
18346
27077
44530
9848
18123
49647
21989
31842
46377
7942
34519
44595
40003
38568
3600
17680
10496
6695
4155
43189
27578
3147
3109
48853
24563
26438
29265
40294
3618
14627
17951
10835
10974
17266
43047
709
46575
10458
49037
41518
34008
15244
26832
43588
7366
3722
42973
41588
41704
1802
4524
2469
15964
16099
20638
16893
28157
35543
18407
29450
3720
5978
6850
19758
32557
34942
7824
19235
3874
26426
23520
3512
39163
20155
23348
41768
44211
6979
40664
4534
12666
17096
12702
15381
45164
36420
20657
43585
9345
25280
11034
46438
22609
3152
5416
3783
21025
27028
32515
32965
3233
44305
27325
35565
40296
19824
29138
35515
32323
32572
41115
22693
40182
26501
22638
31968
37555
26038
29721
41872
22615
17345
47765
20062
11929
5511
19899
42166
36528
36696
34102
21291
40415
38973
15086
44215
744
45432
47183
44415
30883
6779
8540
9586
21678
5398
28720
48620
49004
32430
13857
3121
17896
28880
15972
15531
11368
8236
11248
34865
7943
43221
27800
9023
3962
17222
30035
36622
20061
47910
47834
12370
15516
17023
22619
18091
35614
22274
47758
29643
11877
34808
4602
21714
1010
7516
21919
44991
19115
38837
31800
14986
48940
1508
47253
8319
22138
48330
14405
10103
28504
33629
35920
4360
1967
22472
36842
28523
16814
3421
23869
41178
12692
28069
5582
45648
37182
4556
7934
37432
40881
46993
33369
15172
30566
13783
13990
17573
18968
7368
45348
39925
9620
26133
31231
3242
49370
23610
48078
18650
29163
48166
3745
10573
41869
26852
28025
41991
12072
32793
17380
22852
49243
36377
32644
16375
47059
35973
19474
45211
46183
38177
48422
13413
27540
20287
41926
5668
7355
11566
46798
8922
4587
1272
8556
3868
23960
27546
37078
26128
13476
19605
27193
36307
41270
22214
23932
1745
28600
20734
48582
22657
24442
11794
31857
33519
1312
9665
41206
49766
815
43782
32372
41090
16966
38258
44941
49794
2901
21968
48942
18079
29635
5893
37424
7409
22034
39381
2702
36235
14080
1273
30617
41011
3735
46652
4109
13372
45106
38915
10629
11006
3723
1271
43547
17563
25072
48276
589
40015
40914
15748
36254
17467
10055
22668
1006
16751
26265
14032
13748
11869
22656
40691
40297
41355
25149
38842
13245
43829
20562
1731
32386
2346
47394
32984
5189
14742
22322
3634
31015
42334
28481
24121
13574
4047
44677
41686
49350
45868
44547
5927
2612
33825
6063
1543
41591
13115
9685
46135
9093
29353
43474
34023
13426
31818
42236
12595
758
8061
46341
17241
33924
12277
5826
36826
5953
5183
20511
9742
7430
3494
42312
17459
29729
10830
6808
11713
46293
22996
28830
25665
16879
42524
32737
2298
23395
3027
37836
49883
37524
23526
5997
14448
43888
47312
9339
24852
49326
33813
17250
24384
17974
20930
38410
8463
26069
47293
23371
47899
47697
48477
38245
26388
12124
4588
47726
48597
43843
44894
43193
44537
47082
19975
44481
48580
2604
26181
39690
45945
1555
27778
14437
18852
33122
37936
35403
47501
44310
35611
45651
6201
40586
4030
12034
30192
29190
13617
14957
40593
28253
12377
31173
27186
19295
28707
31603
36269
8867
43556
38803
17234
33241
2312
26194
33839
5663
41165
38849
13845
16259
29419
21561
21392
39802
24925
35833
41549
13040
1585
1605
33020
11340
20504
27740
21030
26771
26041
18262
14336
49410
47386
10037
45213
23287
24396
48826
48696
8902
27136
25070
31632
10814
27808
4329
43185
48949
4826
48648
35998
14777
20892
26109
39084
38748
22368
13732
25264
9615
49532
14531
1418
34151
19787
1538
31291
47503
35017
25988
11795
24072
46525
44691
39154
37425
34158
22558
26327
3322
37914
26687
37030
3584
19704
23951
12104
30321
46393
45005
1454
42220
15672
25978
33436
24616
18258
44456
16342
11239
8640
43546
45437
3728
45615
47165
660
44504
26854
41691
6701
47432
15219
3032
36260
47221
16583
21479
15098
40164
27292
5600
36601
20354
35712
8726
49015
31054
21167
11690
22332
21756
3519
17460
3163
29231
10181
18395
16764
41595
31083
7343
25071
12472
8682
35510
12130
6815
49462
21538
26907
22893
19513
39873
9193
8598
1934
35115
32704
20107
26461
47377
26442
43673
17944
49873
11134
21512
17893
47164
23309
9019
37197
16922
20216
31385
22008
30136
39278
21767
17478
31463
1925
1302
8254
49420
7894
44248
5046
44825
12311
17021
1350
38844
27264
41680
35091
10248
13192
36592
36144
22616
36741
31301
1248
12031
20142
15854
40417
44692
37874
30067
6106
10887
29074
31474
33045
9272
14900
41781
49236
3361
11884
40885
16001
44052
3383
33079
41365
4868
9933
20036
5077
45019
18093
8013
2671
36518
40125
31755
43766
32443
33168
29247
48123
32703
40006
39341
15137
38800
7416
13589
45962
12490
8039
16413
49328
21607
13035
7619
27222
48878
48678
43223
12788
26306
743
795
34626
19393
27352
39804
34504
28232
6020
43399
17988
24061
1287
15204
17750
11216
45221
11079
7027
14540
49826
10310
46950
35656
2335
47391
43269
25102
16183
24671
21414
33225
41778
37915
40115
8809
9122
5038
31282
42113
18318
19924
2984
631
30815
42827
10971
15413
32976
29382
1112
42481
21507
35971
35805
37779
13488
20699
36198
36834
31177
2475
21289
27594
15577
22998
19417
24799
34890
19353
27853
49281
11551
4486
1913
23631
3675
34174
32244
41958
49848
4683
4211
37812
11068
31590
39978
28726
27781
22895
271
48385
18345
41328
46440
4352
20750
19917
11358
37759
25371
25233
25731
9152
19040
27952
25059
25999
13031
43865
6321
32316
20374
32622
2317
47924
10150
9531
36797
33198
31324
25013
33885
37726
12638
32552
13517
24893
31000
31659
35442
357
13406
6403
42368
23955
46556
6463
11829
30428
19154
44936
28115
13822
21589
33513
386
41640
22981
6898
7545
28558
11130
7699
17779
19157
1080
33048
18832
23275
10097
47455
49653
35538
5561
20168
30266
41697
46391
9533
8416
43767
25364
27713
11206
32901
39816
22660
16496
46453
39527
44735
45013
32018
12593
12334
30509
17172
28213
25203
36858
49863
16015
27775
34000
48757
30489
14042
20976
10160
30888
23627
42026
11968
10701
47642
37477
4354
2620
19585
27345
7846
5839
844
37748
2427
11524
46934
17339
12739
32688
35922
49804
40342
4950
21683
26910
46954
21044
3131
27332
46641
12372
9028
29698
39173
4129
17265
4521
45146
34995
43039
31238
5573
19897
17780
35638
36968
2580
42874
36330
681
36537
21094
18080
22776
10980
23505
25217
31367
35992
1697
7317
43472
26558
40527
4758
4444
48929
13941
36495
30831
12432
7424
47398
9073
8526
48323
4828
24851
22791
33841
13707
4740
44827
27602
1987
19976
48807
771
49035
9617
43810
27562
41880
11085
12320
32716
18334
13419
38197
18602
15738
46921
28740
7599
32090
49869
46025
1663
40314
49819
29977
42202
32601
3777
16654
23938
32484
13063
11474
18618
47520
11278
2989
8673
17877
41757
83
40883
17003
33505
32578
31547
6709
46485
211
11959
36628
48037
23214
19037
35842
17127
5660
14365
26948
25168
17056
24189
22886
15075
14415
36918
909
31272
41967
22974
20220
40510
39655
33451
1825
30414
35816
7108
26389
9478
8928
14452
8339
9752
27813
21502
41545
5193
32050
1246
26855
41858
38470
43309
42475
22763
44699
18945
23724
15562
8644
2835
2013
13655
7222
12816
24998
34061
40728
33095
48537
9459
34423
962
46668
19212
30368
47170
14515
3325
49112
16260
36756
49072
44484
32026
37126
46179
3808
42955
45465
21290
45817
7267
46240
32588
25501
22128
13005
48721
49169
49271
48607
29345
14677
202
46669
39607
14122
20234
35257
39253
48906
24601
49002
33795
31402
45237
8036
39985
28416
13911
5003
34689
35718
14265
13464
21618
39743
12536
12
4175
46175
4547
39579
33207
22225
28041
360
21078
4223
29325
39552
30865
22587
41173
22550
48634
44349
49840
39147
41032
33894
22395
26837
31028
23017
16712
48044
26249
26171
35455
24806
10462
9794
39190
23453
40827
33100
32465
21243
3927
46336
417
44272
32668
16726
21390
41466
49629
39543
18218
25107
11560
3221
34140
17417
19953
28120
16847
44573
35649
28843
9677
38590
39794
915
33773
24125
32919
23714
27475
4299
49476
1144
37623
38702
40353
15858
20839
16345
45416
21262
23854
33503
15444
18881
21067
35431
18132
10438
13285
34150
30624
42643
7765
19597
21100
24458
29208
45763
2213
34461
34333
42664
4728
47703
27907
30273
17819
35303
4343
49274
1163
22827
4204
43996
11299
14697
11616
33819
24312
44799
33575
27866
42356
40197
14678
11837
4465
19321
20294
42828
33162
31071
7810
37674
23493
8608
4372
7941
47949
1908
45708
4187
24012
34347
22921
15540
36907
32013
45658
42885
1012
1515
43600
20268
22542
26969
16766
22361
40052
12643
2444
15767
16744
11137
16856
45656
7180
9370
49909
44598
14859
33783
33635
42996
15379
41884
2874
8445
46332
32374
44709
145
2947
41303
35624
768
2453
14147
24875
12060
7060
11614
44769
47627
38491
9129
19694
43464
16719
39584
25767
28144
38992
15187
13443
8838
11212
20348
48210
30267
36048
25237
22577
20180
2534
14416
1680
128
42278
11504
8290
8487
319
8527
37257
42844
16945
23942
42726
31084
30083
16314
36851
46982
5508
2632
1777
49483
26920
45539
43914
17760
792
19738
22480
16423
2471
13205
35374
942
11279
26781
35493
40693
2171
8496
14995
20732
6178
16647
40079
14224
394
45210
4554
26287
23578
2011
46470
2787
14028
9913
43653
16741
9233
26394
19122
26419
26150
36959
9262
23933
32155
38074
10626
9795
16007
907
48000
2195
25970
44974
2157
43068
48594
26811
22924
41341
25530
23879
43387
26256
17218
20803
43212
31197
9031
42336
23856
25476
39549
3932
6607
11266
38472
25029
45561
31411
27507
17305
13738
29396
15725
29392
35932
36838
23815
45533
37809
41154
42508
33060
23928
16258
721
35522
18996
32684
16357
40697
2389
27194
49361
36822
27046
12722
46199
7872
10955
14944
13525
3918
5443
41508
1551
10607
16836
46449
38333
18479
21431
17650
39066
15071
8812
693
9190
922
686
17537
39324
41796
31987
22255
13689
48108
1844
33787
37109
5874
18965
17395
31328
36141
21896
36094
45587
17128
48882
32640
7687
33108
25795
33014
6735
39923
48251
730
45812
19656
25578
13099
15082
22661
15422
44430
45591
28496
31855
17513
4951
13997
8169
4700
26346
47445
48149
16440
49358
19947
38744
15879
31996
32230
47336
46166
30188
12823
21555
31196
16344
30551
34144
19159
21331
2585
47278
17730
32414
16535
19524
19892
29195
14029
29434
49014
30096
35483
11112
46254
48019
39199
17432
22093
28375
39801
6247
24403
10824
16657
8368
4365
24581
13180
11623
34805
44701
21321
34019
15414
9657
13720
23970
4884
1793
46650
25991
20667
31423
35673
49494
41269
31529
31064
40604
36945
22390
41490
21852
23495
43023
45709
14922
21092
37136
22071
32116
36927
21697
41626
765
12202
8690
31587
40239
46583
25624
16637
15898
17722
30757
23217
12339
26182
43921
2937
26859
8952
28633
7288
41308
26054
15646
7353
13479
18011
45120
46906
2411
4330
34183
7358
47362
35054
48256
40641
42182
41976
45631
9512
11318
19418
32145
29320
34257
46551
20210
5374
45008
19020
43299
11510
22713
6972
9052
40863
31882
28542
286
17964
31809
17799
32891
15079
6436
14877
38398
48497
12743
8914
8250
11197
17503
2576
17079
42681
33973
47259
41268
39673
17985
40328
48684
26217
37828
32040
33272
40277
18234
1964
23038
36598
28839
26146
12963
33692
37658
28400
25752
5394
47547
33580
831
21770
4470
27063
16809
30780
33509
24316
30877
42932
19559
28280
35927
27172
16211
28121
9548
48956
20041
35224
25490
46890
29379
14370
170
22739
41139
19689
25698
15348
46198
21537
47785
5052
18923
29008
46702
16579
9769
2038
35980
29617
41338
23153
18303
13509
16680
3658
6274
46690
5880
43134
37891
6966
30753
7195
5563
37832
49994
6388
32099
48660
6702
33404
23363
45458
21492
33968
35896
21651
3639
21185
25663
45702
44479
18229
40553
3638
9146
37520
14796
14311
3637
11541
11708
8748
22564
20053
24567
38008
7294
26602
20006
24225
31938
7704
45724
29046
10763
37384
15140
14446
32211
15113
16391
24465
14195
19907
7660
7327
21524
42387
18115
24738
20467
40830
10138
10938
48079
19470
39624
13136
4237
25278
12228
22748
15254
33006
34184
3830
34641
20671
32780
37275
46450
2285
22647
2222
20024
3100
44009
20312
17071
21153
26661
33873
8263
1882
44117
849
13490
18488
28186
35391
5427
5286
6840
38712
22828
37735
45137
33778
22394
8242
24502
40685
38839
11680
8307
49063
3551
32842
45546
5990
25638
17831
27133
20770
16889
17791
32558
47014
45404
28773
5232
13470
42102
35584
41129
17980
21889
5452
38139
20393
18239
20599
46173
6942
5946
36683
19443
35364
3742
22977
45768
4989
43697
46937
5821
42477
35600
26850
31873
23427
35633
48372
759
9466
45202
23075
46977
1631
18877
47640
5291
37594
32087
31657
23683
3709
30642
44231
43848
26118
36723
9690
2833
31351
14717
15221
39038
22381
36542
7741
14506
30484
41034
10561
30349
42251
22210
44302
8098
24367
22654
18409
30772
37163
34507
10375
32638
7989
3094
41210
7614
29533
12404
45238
49141
33287
1854
35508
47874
48640
3040
43816
21666
13891
21165
25425
44149
5761
30866
30123
6188
38888
32890
4647
47694
46057
32531
13148
49294
25934
30357
14898
22563
20067
35988
20791
25330
12153
46409
42583
10772
17044
38151
3332
24355
10934
14229
22691
10840
31559
12356
33324
9596
10505
18073
32153
25453
5590
8970
20345
36043
8727
27400
43553
35277
38965
28540
34199
31369
3213
42699
20685
38046
35683
32534
14008
13246
7273
40546
46897
24537
42319
17263
20433
2795
36729
47613
4665
29057
29581
40943
45985
16126
26016
12961
7229
10512
39122
3409
26505
36071
37825
11283
3873
23372
19511
41048
16592
25701
48379
32257
11036
35029
31966
21126
22667
12257
13203
12059
4865
29416
19088
23678
39938
42118
12645
41223
38972
2692
19307
15771
36160
8977
22384
1993
46070
36621
2183
39901
18722
1609
7912
12355
15235
17588
13274
36154
22173
17640
14924
2820
26409
979
2070
21037
37939
4266
30958
48394
47449
18250
19515
48999
1845
24004
21201
4511
13058
7326
32790
36273
24717
42154
35871
11861
23596
45488
34396
16728
27463
44693
17830
20395
18286
39099
23637
39405
49692
39667
12014
43743
45670
2137
39441
48768
13678
29969
16663
11390
22544
4639
18902
25133
14575
32587
37207
34826
9106
40216
42086
21648
22978
10655
31094
30817
26724
13581
7383
2010
6410
45452
12012
8747
31786
35172
13962
19061
24148
15655
6361
23782
34632
19309
48329
15247
25483
9094
2228
16251
5854
29598
40559
12734
38390
40643
40145
29228
13838
9412
24387
45758
14294
23060
36174
17188
26894
48213
46379
13049
25162
45147
6232
11782
31310
10735
21832
16104
23030
14171
39907
7564
6080
27287
4474
1104
27355
32652
2657
6193
2065
47462
37752
560
44784
10766
5551
7850
20472
33734
31020
12047
37351
35781
35872
30517
39895
3746
293
7268
18775
29766
47223
34756
42347
33698
25553
14200
23437
26300
12503
39018
28301
18534
35436
17372
934
37912
35789
8749
12673
8029
7926
44947
12588
41642
37864
7830
44107
27665
5914
17667
35594
40834
24120
42525
37031
37942
10215
47310
28076
35026
23913
25951
16417
45070
6305
3166
29474
46909
49728
37669
37596
31321
18230
43844
26452
4886
20475
9907
24025
21453
45227
35103
2764
42037
43079
22958
47290
22935
21177
14534
5804
41624
10848
16487
36149
39757
35769
8477
44147
3895
9591
6186
43377
29722
25154
24451
750
19447
30476
35978
18917
25367
1410
26204
17041
35046
41557
40913
27281
24600
25147
43431
15613
20316
3372
29093
825
9849
2445
28864
20176
46100
47457
14647
3724
48565
41612
40437
27191
5332
10352
34666
18483
33910
47033
25721
39958
7129
27847
6682
31389
2915
17656
49348
23004
16842
16278
15479
39158
9489
37119
38563
24939
37035
760
35631
14601
4375
39759
3089
48666
18113
16499
26136
18517
38814
5401
17004
864
10360
46230
8666
10172
40425
7994
8894
7710
25342
11881
44723
28699
37513
4274
11864
34869
49380
40625
16580
44999
25668
47189
34822
18509
30344
15426
48225
28411
31871
47658
25892
26376
41989
24357
15986
12473
46389
41811
5214
14978
37277
14501
47424
41515
9321
34518
29857
22971
45272
32719
43211
34854
42976
40096
23351
12310
9071
6162
39814
27807
39551
44432
10343
37973
13008
9964
30897
1178
14833
4125
27968
44450
3834
34448
35262
43991
24895
32503
35170
49418
34017
25705
722
42408
17676
36059
23999
21237
28862
37229
20889
24859
38495
3558
23569
30061
45006
16826
43454
11262
20530
1720
15325
14052
49219
45467
5970
44819
34228
21035
12653
34859
26007
30765
39256
40721
26631
20456
48190
12368
45696
19575
39626
35645
48111
42338
44396
18163
9181
46344
23774
43187
19951
8266
36074
26842
48753
23524
37712
32282
14596
15957
41761
29219
23920
6568
12212
26532
29182
11915
15296
7034
39897
6902
29075
29980
31552
514
37326
47086
10148
21115
36892
34450
32759
35497
49662
23751
49260
12741
23540
41242
8647
6872
9103
13364
12668
4238
12552
39386
19620
16216
17237
42260
23730
33548
30119
1739
12537
47980
46340
27959
27635
44582
19712
21834
27862
23694
2889
32009
24471
49275
33474
9445
48674
36509
17269
18455
38216
37758
14806
47567
1207
35557
4859
26298
11456
28991
1966
2799
36227
4393
40072
8808
45004
46357
118
12206
48738
47940
40245
16465
3794
49470
15168
10383
43238
36076
19669
20859
5076
45645
18125
18531
10448
25132
12345
2279
8999
36597
9534
17834
38508
9268
12103
35111
49366
39847
44764
3190
32449
6306
7518
26445
11344
26986
21439
18035
35697
7611
8688
21158
25522
45302
36422
41309
48549
31739
29038
36610
16768
30777
4569
16859
46601
21386
36564
29665
13469
6043
22043
43946
20776
7092
324
46250
9487
7532
20534
46244
10076
43339
7961
13410
1210
11334
45914
130
9154
40822
9201
46544
44945
13901
1895
26183
13685
47363
8218
32988
33373
32276
13218
38787
31943
46306
16585
1836
33422
47611
1673
2566
12677
12272
6453
41131
22762
24255
20391
3128
45181
31440
47464
44198
30690
31008
43208
27120
4747
32179
49297
21121
26514
24890
40467
21327
19145
26730
18491
9756
41331
49368
25762
32808
22238
7282
2387
4667
45156
41688
4056
7688
45062
25726
45593
17738
21048
28692
33665
44528
9649
29274
44589
10590
30838
25669
38723
1329
10136
21195
49036
36666
35854
6573
37952
7503
43604
26731
48874
40449
48642
40858
18186
26307
29947
39121
3217
7649
42957
33960
44665
32711
7654
48713
576
8978
7768
4530
6336
8269
6789
15014
24383
20387
4645
29277
40225
25904
4936
2141
33691
6385
11048
12393
25738
47346
24198
16990
11537
29261
24535
27619
19449
24273
14724
43207
21653
8106
25142
43559
37247
25221
3168
42804
11018
34455
19348
4426
4655
48495
26263
24321
1413
25496
38125
90
47781
21477
8934
20851
46521
22162
36064
25919
7556
33238
49864
24959
2655
35067
12092
46790
16779
38978
22167
9908
37068
37771
28948
38149
24838
21944
43954
24344
3792
42697
48349
44273
38583
40309
12449
24776
18989
32221
39746
43497
23785
25902
37676
12121
12927
1060
15975
4926
17272
48653
135
49186
46330
3454
33611
47272
20299
17810
35933
44877
17175
38573
36626
16353
36245
4115
23581
12815
28747
49423
30550
14751
35404
18160
1763
18897
18131
13639
7753
49401
3996
22549
1135
5472
40283
4479
20952
26676
23516
34916
4191
37648
41828
30627
27256
40281
39717
33267
4986
20443
4094
34215
8120
29076
6899
40828
9280
37552
26817
29032
24254
10748
22746
28036
26129
30960
27318
3958
47853
49197
6438
13686
30149
30130
1381
11458
42939
13580
47158
8235
43853
39749
33758
38594
26324
12123
14055
33433
8306
40887
38189
23151
1433
43408
28171
43111
26720
23146
17187
37746
3576
586
33791
6437
18817
25545
5350
34929
43089
33348
17825
1912
3771
47450
3088
151
19639
38875
18857
8879
5421
6169
29586
2907
23021
46907
45431
17692
30971
23291
9388
13692
23141
48455
3913
36125
5887
38252
29241
20037
46889
2921
33653
38584
47294
19330
39784
10446
29909
46320
46852
25317
137
2539
21851
16849
39590
13588
32955
19002
35092
40715
30203
49520
7533
30761
46735
10556
3236
45289
16431
35626
15864
6351
37366
7274
5012
27545
39296
11238
8892
47040
41856
45950
31503
19805
34512
46773
43392
19306
13086
12534
31435
5212
13993
2367
3904
35737
15998
6759
48357
29210
9492
41656
8566
26572
28465
13373
21718
36471
42922
37117
36639
41613
21433
27948
17092
29183
15833
24023
11845
27436
47889
49995
21990
34712
13020
46553
17875
27940
3592
37602
7598
28362
3448
21271
22308
49115
23832
6917
26742
3906
35874
28220
827
46738
35693
4458
28785
45474
26816
15447
8213
26457
32932
6088
28603
15464
48986
13227
47200
27181
47044
27503
33480
32023
2134
4034
24771
20399
32240
7841
15758
36190
24660
29386
26382
37509
48938
6927
34883
8461
36623
44962
11764
46337
34840
39790
45380
2568
21967
37405
17491
37796
49300
12798
33951
31213
27535
36129
10486
20833
36602
24028
43338
13856
961
12646
40094
31600
25341
20829
23567
4265
894
16619
49563
22677
39480
35287
41297
19051
17348
44161
14183
5507
22687
9850
12329
23332
15810
36600
45296
35313
10270
49465
43948
42389
47905
23263
28897
24000
21425
2933
5080
27710
12090
27176
23087
15502
39678
13886
27539
4550
8126
7889
5498
23235
34304
26571
34820
4042
22047
17122
36547
10906
36635
10198
28194
49671
39330
45777
10757
4698
27912
15585
37005
25041
30497
26717
48409
36920
10349
23497
43113
37256
45684
13786
5867
11571
48746
49649
45057
31634
47126
42964
27373
16311
34948
39420
8317
1660
21486
2988
31888
26266
26679
13949
46744
4548
46468
23813
6447
44499
10591
10192
13060
27320
42968
36975
11211
22045
22449
35315
10032
115
15559
838
3754
33798
49249
9939
39868
10572
47597
12336
22108
553
8471
37617
36957
33928
30011
2726
14134
23486
19756
46495
32154
30648
34130
32158
37839
28116
33004
33768
45879
1835
25885
24053
5366
35772
33683
6525
9418
17189
615
40088
37408
3750
26692
1640
48436
17729
24467
23703
26340
18158
36013
1919
33556
38553
33400
49917
11671
48500
16044
2662
35228
13843
42717
31236
3602
8935
40111
49583
12533
10854
39440
46368
45496
34169
22614
44688
6241
38571
49340
44300
29504
33200
12079
42566
10034
31814
5403
12125
32253
32798
47845
35830
9082
37058
15539
44455
21964
2912
36984
42962
9030
44823
44373
434
42876
17455
20346
17095
20128
3949
12456
8794
8662
20243
14182
11505
28408
31636
43486
47598
539
41690
24206
26397
37429
48617
12309
42896
14457
6259
25899
15099
23488
39082
2490
38662
12884
49150
15897
34442
4792
30890
9279
46276
45214
2533
48240
11276
30380
14374
35135
25622
45332
27420
20897
28014
40839
27182
44751
24757
22645
33985
46987
13877
1179
10159
18271
10759
35268
15459
7925
1490
6145
10429
36960
24621
8741
28446
49574
11771
1277
26795
11995
12360
17293
24722
40291
21785
15498
19570
41382
45427
43567
35562
18473
8109
10564
45901
29613
20678
2629
31618
7701
24323
28449
35784
41226
10023
40582
14759
29602
38564
16563
49915
4815
1812
13339
21421
47671
37185
41360
1007
44437
18847
21639
48002
17229
19693
13124
17860
42990
6338
42911
6240
48769
2407
35276
23945
14063
5723
28109
26830
25243
9012
36839
35959
13263
32060
46673
30163
32904
13511
16785
14657
9863
14869
29540
16946
23980
17568
46640
29031
21304
41304
39425
45328
44180
42707
10576
5371
4802
38054
23336
48830
22141
28209
873
40101
33117
2109
25301
20901
18830
8072
4450
12678
47320
9704
8707
36827
37265
30410
4974
4625
4021
23691
29129
160
16573
23225
36525
46163
37319
18027
9991
13022
49151
25319
33171
1801
10295
48889
16749
6569
43360
14449
27652
26262
28179
49028
19598
15084
35408
2102
33845
20868
11109
20347
44619
45236
32871
45222
17585
40440
6845
24786
26701
40274
44601
41403
17498
39898
15120
15339
40071
15511
21287
5976
36740
49788
30698
9090
7249
36314
24984
513
45786
34370
9100
35658
45692
44837
33585
39636
14399
31569
18039
5402
47673
47300
27159
4854
34963
23800
11855
46404
5671
7667
32347
10292
27527
2536
5611
40695
4522
25589
27841
36015
29992
12018
17748
29514
48249
34524
3099
42673
45361
38480
18837
4634
28245
25958
49424
27131
41132
48075
39123
42839
28684
35907
39433
5200
33775
42988
28668
14684
11584
11943
27048
10124
33173
48730
40923
36702
16830
8394
366
27693
23726
28513
27584
31489
16531
44122
49567
30912
6958
26418
7384
24475
25747
48392
25619
48430
984
18328
10862
48723
25015
22871
37798
18283
23877
10664
41413
30081
35454
28782
10050
37706
42096
35558
23343
30559
36046
17833
19468
41395
26278
30425
8564
13215
17580
42084
4202
24437
38955
18191
13176
35840
16756
36863
42401
32544
35044
17809
25185
6933
31022
9879
16734
29728
9733
36178
10012
20909
39927
35363
524
19755
35791
40444
44516
40873
14809
1959
14616
43242
48951
36932
19682
26281
43385
45878
4220
15621
6171
31219
33306
19875
43155
45971
23207
29073
12941
25554
27326
32488
28925
45334
22101
5546
13395
23754
23889
29797
34207
14315
22399
36903
37908
45663
40972
47355
43936
33165
22022
38079
4726
19035
41116
15811
3476
19303
29099
34585
10702
34989
43229
23417
24282
6468
5147
34741
20112
3053
3488
31257
25164
7524
48867
5564
23539
46865
20819
34673
32846
3463
3937
48774
40588
4162
10277
5807
11002
19263
49183
33514
32522
9078
9128
37003
44078
30569
13130
27465
34556
32015
36879
43736
14772
26725
8821
28062
19100
6628
39291
48243
11802
10427
45149
38694
45482
29993
12416
22456
45508
45991
11797
48203
16591
40884
11634
32907
26035
46402
4596
34036
27388
12697
22353
40500
4813
38830
22651
36491
3187
21592
2031
37922
35586
42605
5250
4871
5379
17603
20416
49497
17761
48628
6577
18807
27220
27674
18746
32906
14023
32937
49957
16131
33280
44000
43394
13593
40312
6787
14201
37643
36585
10540
9039
30243
37890
1797
38142
47581
11669
27396
37204
21836
48591
48353
8697
23463
36685
24579
20624
27933
20254
22642
42676
6559
6891
19143
43978
27125
24434
20567
4787
5287
44888
20585
25259
41016
26197
21090
46127
49680
22744
20826
44652
31862
41887
5458
11433
11423
37056
43687
17509
8650
24412
13872
23786
9860
37641
43879
6211
6721
7612
42130
13895
36926
47620
41204
44850
32079
25930
44360
6657
29957
34398
30343
22849
41388
21993
42449
12163
12771
39699
818
44384
18082
46360
44997
21428
1591
41314
26157
28364
12732
29924
15097
19189
44043
38721
49511
19496
20987
31822
6886
14709
38209
30143
1595
29971
39073
23976
18956
34343
36032
23891
21997
5479
8770
736
28610
32921
14356
3682
42678
18821
35695
15658
30479
32781
2159
17816
39917
12649
44800
25683
29649
39597
6382
28328
41218
30341
22715
14904
24728
38819
46251
30919
6909
17611
37918
18820
15359
39077
48466
30313
31495
10633
28168
1029
37249
2928
5802
36237
40401
26399
27678
40628
39078
6671
28059
36375
9176
25130
10869
40244
41908
47148
14604
25080
71
43256
24761
15912
8678
12955
10867
48336
40308
29269
18081
40563
28596
17185
233
15956
41345
39650
14586
26538
20526
4956
43290
33399
39410
10682
1318
39567
26446
2400
41253
470
21858
49040
9450
34527
21261
23806
26088
11180
27344
2929
39109
3633
2221
9563
34927
26625
38627
28681
16843
41600
43759
29230
24103
40307
40228
35516
22337
7561
11565
40866
11508
1201
32437
12082
41343
28415
18814
15404
9490
839
30165
6222
10961
43943
33065
20520
1752
45532
2583
8199
33582
25887
47240
36255
27012
32039
31226
46902
39026
34464
10550
45138
12165
49877
39183
35434
25097
27031
19414
48242
28047
41385
40974
5217
30656
21841
28859
9135
6202
19698
11309
44004
19711
39539
23471
46900
41416
45672
23389
36619
706
16649
43481
34025
1114
45510
7684
15076
26507
30889
46688
40259
46531
7363
6396
3821
49178
15092
5324
36693
6016
43510
38248
13256
7328
32848
28061
10363
46113
17868
4148
45870
31972
24049
15490
37127
27374
11310
15492
20573
33035
2880
17068
19672
24960
40029
17240
7374
29557
23870
40213
34627
33240
14044
38645
4730
36939
28611
27196
2538
7570
42904
7171
27913
49054
46685
19
11528
18935
21407
18168
4301
25111
34057
36067
6971
31556
37121
46752
36157
49644
37554
24726
132
10981
36110
42332
21573
21122
15949
21387
4059
26901
13671
40928
16014
49444
28406
47460
39191
8211
14621
37575
31373
37133
35350
2563
22488
32980
15226
6700
15163
95
33821
20627
3818
38447
45621
48992
33039
47146
37346
38644
36840
28247
11116
10473
11756
12725
38137
3294
17403
38511
47075
27521
2234
17801
18143
36977
29768
18377
47668
7756
30574
29040
42047
45066
42349
32049
45384
24586
13803
46311
45584
47309
37313
22404
28730
28744
36807
34483
34216
4082
33979
16821
25219
45000
10016
2735
25220
22266
47551
35915
4999
11800
3590
3140
23682
5937
36536
41773
8449
27481
8076
2551
25786
34683
18593
32585
19320
20702
26477
7429
37290
42425
13134
29534
34837
21329
22705
25106
12742
30959
8194
18137
5682
2135
14890
39124
10007
43169
1323
13486
29646
45064
15628
44082
32936
6561
49556
12287
35109
11475
12298
19401
5195
33469
23776
11529
13951
5623
20513
16290
5431
34815
33003
11010
31852
20914
49428
18444
25895
22040
9514
8636
35373
4575
27611
4783
2480
15346
11543
44346
3916
656
46234
3029
2426
7571
43983
28170
28964
22193
467
38648
30758
25445
49815
41004
15102
16721
17788
34505
43355
49099
45457
6663
48345
19421
579
35465
34817
15525
47185
14497
15181
19388
18532
44703
41117
39892
42799
38614
18130
1946
22279
6297
16708
32095
8782
36359
4997
47332
22053
32667
363
12833
9063
22710
860
19483
7170
1357
10509
39557
1779
20046
21406
42372
8078
16925
27454
27600
13591
28163
12164
2094
6286
18567
7977
25406
32708
46573
49720
23614
44638
21644
13343
23436
38424
49216
34491
44782
22784
43396
44611
15901
45485
35864
15294
9215
23528
26792
7435
2554
21790
8800
27861
40206
37161
30421
10370
48804
29394
38618
49839
39519
14971
3851
2474
49847
28956
16469
35048
23484
40632
508
9275
46651
36277
1613
15355
2553
30384
15618
20729
34540
41271
39357
48470
15217
8590
12448
39340
39364
39684
8513
20165
7272
42058
11868
18436
7458
16199
40138
29603
25420
17661
14649
24898
10795
5471
22285
27129
16476
35568
18372
30665
23757
1968
25848
27018
22678
28053
8184
17262
49460
41291
30310
14587
332
20095
38741
28672
19750
32650
10730
9718
40367
39207
29107
35293
17131
22299
43435
4499
15396
26062
36482
38002
21294
25748
31782
46394
40703
45049
22832
38432
47305
48827
39087
30762
5778
41028
20251
38786
31933
24211
38802
9921
20587
28031
37629
31667
1247
6753
12348
1582
35537
3499
49432
30673
41946
46899
14787
6175
37718
26272
40749
47862
2805
49332
30088
23394
41730
2151
30900
18551
18596
49309
30152
36336
13572
5116
8874
25716
13223
14854
46536
10278
26173
14359
38124
7219
48091
10311
15687
38753
25523
23799
16877
39443
32508
31270
26696
22774
17751
15153
41879
20336
2308
19869
18121
2337
39885
33309
4732
45830
26628
11694
6381
47972
22686
48301
38502
13418
33682
13624
35878
29589
49713
11898
45290
6508
33222
42068
11326
27479
9387
8134
22702
13600
49837
29790
48523
8646
37778
12556
29423
16626
26149
2425
13141
14800
6780
8390
23390
39266
21441
1084
21902
20881
1562
28865
36150
23077
33387
17946
42043
18344
3981
7158
28555
32192
18462
30032
47644
25537
24789
13007
25819
18938
3439
42114
3450
4505
46102
11095
37368
25437
25118
8533
37700
39573
42175
6066
34839
17201
12229
32395
27705
39588
27013
47220
14301
17198
13013
28236
19657
41635
12269
7116
31035
7558
35771
44856
11110
10792
32899
16029
46076
26741
6135
18860
11464
46029
21070
19423
11503
15483
6228
22460
44364
27514
14482
41530
44035
4603
28198
33025
4508
37160
30204
22731
6032
24105
34499
17001
35362
29704
6197
15796
16069
34905
49510
9628
25400
2740
43117
34751
20666
22588
24995
15908
28799
8683
27423
10226
35351
17100
30009
37567
11633
3501
35097
29855
24329
7520
13992
15739
27462
49306
32325
29892
11878
29709
47301
36126
3854
10791
47548
20074
22261
9819
35880
47422
19382
35899
30434
31032
157
22403
7624
6980
24415
16033
33609
44851
32493
35221
11099
49825
39203
21751
23328
46310
20660
9026
8070
48287
38747
10651
48707
30511
221
93
2888
35461
29468
19299
5961
18708
45526
10027
34738
14608
23828
45744
6450
11486
16427
19777
34349
46606
29846
33532
9442
4063
9292
14845
49789
15450
43268
47379
46914
23835
47542
7100
36016
16227
27557
17040
22537
11611
1429
41700
18454
37774
8537
15107
36849
49256
2930
47308
24324
17880
21806
40722
25196
32929
6749
24363
46001
6209
41541
1224
9868
48924
16438
30078
16997
29115
45313
39535
10003
31023
46745
9269
9656
22372
12054
42499
9407
16873
1816
27174
12249
16718
4895
41964
16980
8622
13608
20905
25193
46608
5504
15994
25363
19014
47469
11883
32834
199
1474
29357
30445
42507
3471
18501
33416
22367
46354
37114
34493
42106
16270
41667
11273
24674
7227
29565
32605
39511
4390
49079
33912
29916
37612
44025
26318
2627
3953
6167
38024
35745
45069
15295
45233
40428
26887
39323
603
8964
367
32268
35028
3091
640
28353
16091
47594
2765
28380
1737
49170
27039
25946
19767
14172
45573
8456
14820
7999
20945
291
30645
25274
245
11984
20269
45401
11141
21160
26806
13665
7243
24622
22469
12770
33119
27278
1059
48736
32913
40008
21280
5560
16301
23654
34271
5000
20073
27863
2086
43304
19572
19690
33403
44112
6272
33705
21637
18210
46887
39019
19713
19807
20411
40121
35281
2259
49092
44505
27994
41110
36428
45435
3475
36534
41832
14382
620
9384
15906
7313
13973
37500
10289
25146
49266
41857
7179
8344
21729
8356
29886
34477
17543
102
25267
36368
1253
38643
18984
36576
49429
45201
29202
23820
5881
12740
1426
5229
29911
34326
47070
15765
43003
25505
29350
766
10602
8744
37505
45079
36705
35555
34755
44532
45974
34293
47681
48786
38691
5905
30667
48331
35197
49805
25782
5074
4562
31911
26083
22258
3838
32996
24377
4322
37416
19153
10650
43066
4907
892
6216
40739
17782
28639
1239
33172
44007
14067
18173
13409
30810
4437
9058
2402
19522
10846
47323
30658
7690
16064
44921
42933
32187
38667
38625
46609
7339
24999
15599
11835
43551
13584
9033
28143
36854
3990
39332
40402
37024
13421
33549
45640
39227
16319
9265
9986
10167
45810
12462
6251
2802
11027
47680
47543
44791
10502
36853
2408
48519
41744
49487
9411
1782
5575
17073
4389
44
30782
19860
33674
16547
30187
4760
36429
22069
559
7879
177
3324
25224
13442
11363
17763
36117
22233
34198
30469
23481
5509
36045
25982
39305
4589
15340
9899
2869
36412
6322
13038
49392
26825
26525
4174
47023
46633
26934
34599
34111
14207
18494
7924
13935
28051
21665
26374
23070
49608
10873
1826
477
26818
5855
41841
6334
43240
5895
15797
30219
15292
25764
684
35151
14817
49799
42998
19342
39157
38539
40776
34120
8722
13156
34402
24074
30771
26416
31828
47051
21257
2492
5654
41538
14899
2049
43173
6054
10532
9038
49696
23374
45450
27810
11047
24958
49683
33158
18684
11917
31601
27985
23314
13018
37564
602
3375
38005
3646
43831
4967
47988
38129
11093
19337
1796
30542
8404
2000
29113
17447
24856
36394
6535
34560
12808
43530
48192
42552
37709
36895
34704
11542
10411
2018
5742
12147
10266
21402
26482
44406
17900
12585
21352
38449
14520
48118
9173
6893
44686
27446
18314
23954
11271
20535
20459
5237
38490
20446
16150
14190
21959
12853
39890
44283
30364
728
23555
39221
39792
24401
5766
2273
10951
46434
41007
7181
45842
24993
47376
8188
7715
41578
31915
31808
15557
31922
47973
37353
45235
39146
14592
6987
2548
15813
38239
11598
21972
12772
3211
24560
2858
13498
17870
7799
20955
49791
21075
49244
24425
11876
47222
41747
8451
19912
34919
8280
36253
28868
25660
44500
21795
40574
7981
38604
21437
31989
39446
42640
20141
26261
44188
14128
46765
2121
2703
38456
23629
30441
10366
44689
15848
45970
17170
45834
10575
40785
46196
23162
20949
44910
22423
4337
28029
3598
34922
43661
25516
27609
16010
43136
31712
33849
17647
7596
15819
28017
48033
7767
39072
16089
15720
47742
31455
32420
32589
34917
34227
12303
6608
48877
14306
18352
6857
29470
14120
44446
19229
28142
13703
15966
5712
16050
10705
43765
33762
20893
36667
36481
11587
35367
7047
5240
393
1554
30362
9276
35314
10765
14019
35024
36775
41002
7281
42781
34998
25062
44367
12730
36166
44339
9762
35495
41408
13807
43368
48085
26112
27045
23990
14121
41334
6536
3809
5748
44204
25776
42421
20244
2220
4078
12325
9131
47456
19360
23485
20605
15485
30945
22050
46970
24681
6658
30743
46435
32098
612
19351
22090
15793
32756
29667
17721
3234
11440
19268
47459
47510
33431
11591
32427
16645
18107
13250
18969
42153
45475
40116
9156
39921
26450
23236
33610
899
21186
21760
29189
41923
23769
13123
42350
18696
21604
30672
40331
12294
24429
6792
19338
37585
18782
6446
34309
40152
6523
38961
49559
31163
2902
12239
17075
28999
14718
3586
23148
5260
7126
22212
35814
48794
7628
20153
22137
16599
19915
25179
34629
15269
5327
6774
20716
35723
23101
10543
3744
24418
42075
8147
35299
1395
26391
23420
11997
46842
14509
5100
49021
41728
35383
4657
15173
22833
37240
38706
22203
31685
17289
29249
31701
39120
45753
33124
25614
44893
20133
46714
28883
22326
30392
4003
7102
49576
45632
1701
25550
10065
208
48872
28873
31305
33801
32498
47079
27086
19563
8452
28811
12192
392
17437
47431
44887
48374
4278
32794
6067
14702
13344
27551
46154
2831
44266
13077
43734
31066
2790
45745
48503
45123
45649
20794
29487
38555
47260
10075
23108
32547
14949
39619
1723
30518
35975
9304
43632
7307
33788
5505
34934
4285
12616
37577
14582
13549
37750
25587
3067
49579
33463
44312
12435
22870
33743
28648
44058
29248
32695
35078
49923
20239
46443
14753
38947
31648
25269
18422
29012
42727
15312
47983
40542
38752
30148
35587
15072
39438
562
24828
28556
7661
36905
44132
7120
28004
16674
22015
32281
35230
40422
15886
29413
36011
36590
17142
13481
33358
33152
22426
29553
48482
13967
33526
41764
48265
11674
48086
43216
12720
10662
40310
44930
16939
14425
31604
22087
26564
9940
43851
5934
1252
847
22559
11414
48505
24565
22063
30279
49850
43662
13929
22180
39993
23573
2616
43877
47268
22829
37525
23269
18652
8885
44182
723
28920
34752
42142
5878
24124
40267
22262
19587
13524
26433
29828
16365
1817
35509
27478
6250
28532
2174
20515
23156
2712
33052
8397
7235
43660
17823
673
7932
13883
13754
27641
175
6021
24505
42878
1106
7814
6207
40345
3655
23246
40202
33959
9079
7740
16359
17955
42486
38438
31798
12114
8186
7519
15285
6421
23487
14664
18789
24834
23699
46333
45034
1205
28305
18392
804
28502
19451
6357
2701
16641
42596
9205
37714
23324
30699
28319
20398
7285
7839
26744
42862
10539
30804
19070
2325
46871
6548
25650
10992
44755
21890
44160
25695
3976
3782
23789
45373
31588
49265
7635
21741
3343
24749
9371
21015
42055
23076
12319
47316
31743
34951
33608
28797
19111
18285
26104
21147
43153
7974
12752
10542
24516
30967
42989
17246
38597
29760
25866
3800
2821
4014
38661
12929
47087
37205
11689
25962
36417
35327
22213
49355
23243
8220
4878
38042
10468
44592
38362
41176
15209
14810
35615
30953
19518
28569
40339
43575
17160
48310
29544
13744
6869
42961
9579
30640
8734
19369
40754
1430
47404
43434
48471
11511
6012
13025
46071
31728
6566
10733
30981
25012
40771
37137
26316
1259
47990
45922
19695
46820
30906
32850
38253
38637
21234
47321
5733
29086
28767
10224
14901
5040
15366
33163
25322
44552
28079
48371
2450
22506
23987
31426
2816
10377
39943
11354
13408
7428
47488
29794
36266
42924
37696
18744
32940
9065
36697
34857
20305
40740
13673
8677
17106
18540
13151
42806
3293
31934
700
10756
7286
41453
8895
26673
2564
24854
133
32795
36391
49701
15104
13902
48274
47531
6255
9324
1572
40727
7220
31378
38342
45355
2809
16974
29954
19576
414
24556
32972
48237
38104
23135
8324
24013
6599
38776
35726
28531
1099
48543
39541
13162
47811
4018
47197
46682
27140
8034
48685
2786
18148
4699
42894
16077
18251
27669
36708
41199
17228
19226
44097
6885
28917
32771
29513
4005
18076
15668
19186
1950
39407
32037
23448
24883
34526
3117
40770
1819
19080
32866
37829
48417
42064
45341
36527
29935
14637
36795
6462
17440
362
10059
25933
2187
31859
47095
24584
19463
3672
45230
6907
32505
23740
6938
17084
43989
10171
9594
42430
8006
27349
13137
8617
19318
20948
14691
24320
6667
6129
37356
2039
8769
28841
20186
3396
31880
14076
14584
28370
6613
42899
27662
49055
983
32285
9973
2825
6152
40734
49409
7815
42024
30694
1404
33551
12750
43860
3954
6551
46473
23465
17506
6836
24340
35486
46642
32264
11449
47262
24391
7680
16964
13755
45065
24735
9253
814
27474
11292
3125
10635
45191
49120
25399
40930
39663
33624
23193
5690
3133
45219
21434
39899
21758
48365
47181
16138
38668
14483
28899
33290
14245
45043
19697
29811
6510
20383
48109
18138
5216
15999
32413
42652
9050
14974
6894
24001
26488
18719
44150
44545
6231
12035
47630
9162
27752
38638
5591
31470
5727
32546
48626
47652
33736
17424
42208
2410
49240
16175
43139
15921
5302
8692
27822
18915
22325
32359
12484
39995
41381
43379
25213
44536
3353
27369
48703
42054
9518
48609
30745
7029
30728
39175
38574
23441
13170
18998
8419
9790
34537
29053
15151
9914
6049
20085
40226
28652
34828
8313
36455
17695
45779
8362
20942
43799
33128
29229
4618
3891
17423
17662
46465
49806
42468
46923
45895
26071
43704
44673
20463
18564
23081
30132
31096
43858
11380
45913
36583
32634
15495
18391
20852
22153
9597
38959
21754
10287
13764
3284
8516
44452
29814
26289
2559
35616
37931
42966
10143
16441
39964
37266
7404
1452
44374
24268
13914
14445
16689
49946
11709
22375
15213
7976
3755
15861
34173
35484
16263
28318
16088
29645
46856
30585
33667
32006
27381
800
35261
35824
27434
38924
15003
41987
15420
12962
49061
19459
25190
25810
10293
27198
25390
35601
21458
33696
2374
19331
39107
49797
5488
47780
43919
35449
10698
32453
36005
10301
20381
22884
33114
5861
41245
32330
28317
32001
9281
24796
16773
27288
34131
25093
2419
17919
22216
29556
6372
888
8494
4646
101
42010
42133
48578
17596
44820
38558
45326
10754
35338
4897
3537
49390
17344
11285
13531
30264
17660
36548
49555
15683
17411
33547
23334
4394
37645
8444
14143
12633
36952
10174
37303
49657
38575
22760
18476
39826
32770
14528
40890
31941
21023
25373
33441
49212
6350
17558
28077
35628
36555
47088
5067
48077
12915
16743
38285
31252
1566
47584
49838
5157
45757
45579
46983
20941
3209
21288
47090
41276
21719
26509
13718
17922
48179
21700
22956
3507
31937
42745
28407
42974
3912
40567
13598
34051
5156
20875
23377
11991
28433
31241
30353
11111
27828
10912
16037
48433
8852
6511
8275
34856
40922
10598
13514
2276
20447
41113
22130
18980
15809
41202
8764
44829
20675
14213
20124
6798
30110
6926
40004
6520
43397
11013
23074
40931
17553
4024
43640
33870
47076
40186
49412
46072
12998
2603
38108
45499
17046
42457
26732
12145
40534
49628
2112
25462
2390
33501
34732
48932
18545
30087
21904
27380
22952
39368
2014
46796
34501
18919
20774
15298
31278
39125
36458
8561
29863
38863
33914
36805
9
42155
45662
16288
49982
26102
28693
48584
37654
17026
12905
31531
20417
42213
490
38887
26619
33876
36981
33139
37394
39041
16757
37538
5370
43429
12306
41871
16098
45972
10885
2696
27364
48779
35057
41400
9140
6733
10391
12460
40995
48844
28479
45887
17070
13337
10466
46761
18066
43022
38879
6686
22510
28803
45371
18701
35961
14603
22882
1391
33710
46339
45080
43262
32749
35206
30369
33102
13981
49746
16071
41390
20081
34615
34200
8026
30504
35731
36789
7042
20991
24238
32806
14713
9351
16378
8745
3635
41864
17702
1250
7211
25403
9159
29408
8264
26914
11908
46778
10170
7127
26131
46171
5469
31671
33987
11767
39531
4545
24690
932
669
16072
4076
28046
799
10529
9912
33662
34113
5357
49557
34143
6029
47736
22963
17464
48324
2303
27047
46960
18440
23904
4461
38832
45410
38431
25968
30470
3050
23491
194
46382
17966
29398
34878
3074
5346
7748
43596
42305
36012
3030
596
48616
20977
41601
48530
1681
3960
8366
27531
11158
22360
7702
13620
14739
25249
36734
45705
5836
1635
2414
17078
22185
45412
6833
32625
49708
47407
29439
44053
5283
28572
10847
35123
30668
8576
37790
23896
37316
26027
49678
34292
23810
35807
35285
20895
47306
24292
39949
6469
34288
33151
19590
26662
48250
9979
39182
12809
37339
48798
18029
31464
40579
23435
3865
44661
2328
5082
28398
46407
31466
33362
43636
42071
1495
30312
4942
18016
13712
30870
47942
8959
12956
39439
33283
33962
41376
13078
10435
8374
43024
21670
20979
33049
19646
36443
18873
31753
18726
29805
25169
44303
1065
16598
12232
32570
25741
5075
38106
16217
34209
42289
10204
43828
8795
42044
14046
23284
27066
2313
30859
5503
18007
122
46195
33349
26286
45874
38812
37468
1149
11509
24091
28274
28261
34529
12361
1569
28423
19659
10562
11924
19567
40644
31267
44120
3237
31368
1931
22655
29938
11910
24819
9867
28074
26531
33940
1902
23836
39756
14085
25174
5572
47635
19551
12990
27476
38348
46184
2653
34555
40790
41036
29209
26820
38397
17309
13592
22637
31140
25408
41503
38036
5679
8671
32754
6399
7812
26082
23380
38936
4412
23443
45359
44977
248
44477
21254
44237
28695
24133
37927
7284
41849
43938
31858
24992
39177
48168
1054
8179
17847
27780
14485
38035
32908
27217
22134
33010
36813
31746
44187
18640
39883
20813
3180
19670
45731
41666
6191
18336
40613
17012
6912
3659
28664
31318
39581
26029
43622
42467
18456
4661
17869
6693
12918
8987
2611
220
36864
5891
44260
43975
8200
8282
28507
40050
49247
21845
14476
31342
44491
36611
19174
38458
1150
43770
14420
13652
31
38810
40505
35678
20832
8005
42909
19806
41272
14391
12307
4736
49496
20555
25753
42578
10592
15375
1552
42304
25141
10919
3822
21918
36159
8423
1293
28554
47413
19050
31849
44270
9569
19129
724
22670
4670
8642
12378
8465
49321
18350
18305
13749
16074
40696
37382
11494
41233
18194
17166
3814
41484
49058
24597
41742
18899
20079
44370
10213
29429
15896
28085
45740
44531
2766
25922
23529
41153
33730
38851
23272
16153
44015
11071
14945
26536
49352
4711
28530
25004
12246
24432
1265
18771
6991
16239
33737
32923
17230
48900
48499
16750
44885
8224
4218
42042
29623
39362
14331
34328
27447
24555
36961
42787
39036
48493
2305
40836
30995
14398
5211
27145
20547
18472
20451
35993
7091
49667
6052
9463
6611
15421
29355
26167
24360
36062
22712
38670
27610
23791
1962
10683
8327
8570
47966
1292
27347
144
10825
29546
14798
20589
27876
49695
11220
1230
36240
7563
18212
43631
36940
42903
6205
30235
33256
685
3846
28161
327
4582
11155
13727
28049
37370
1176
43895
22532
31620
30038
35016
5519
22528
33150
24647
49528
48885
7342
22230
24570
2398
7256
17103
19615
11610
36070
8602
1935
47254
32565
39009
29716
48014
4613
39845
27007
18470
18
33343
26037
19552
14988
24196
37150
15722
30118
44938
125
7413
4516
9864
40199
31286
27218
39635
19937
1442
34621
26627
11324
44727
26487
17264
17601
18150
35406
15770
13925
1586
31313
21019
49620
3338
18356
10559
11103
38414
14050
13675
22169
3839
36579
46126
1666
6515
48364
44706
37883
48903
31303
30173
483
48201
21363
45951
6432
37466
5150
30371
46300
29688
47670
47631
37547
2355
30111
22412
48018
27921
34564
22788
44424
9957
49705
20706
20022
24682
22607
10518
20604
40944
28356
33426
43745
19842
29246
40299
25005
31314
48869
12186
17010
4236
44308
8427
5285
24361
8167
20035
34362
729
34825
20371
15528
43612
780
47925
27871
18419
11702
2660
31410
42483
8549
38650
49376
7987
5627
12731
23537
31007
32752
39378
26669
31576
19903
47021
47418
43445
42343
33524
40918
9826
35652
24557
8595
46510
1032
21087
28902
6123
5502
45347
37900
27688
15545
9567
31870
890
25137
18457
47326
38884
28133
36506
29446
1926
38779
37222
34789
32529
26530
22653
37123
19569
8733
3756
19162
38340
39733
49562
632
44121
42820
30020
12863
16564
24345
38280
10053
40139
10345
26802
33169
19841
9202
13149
22862
39404
30245
11977
47016
8093
16325
10140
40131
26141
4221
39946
21963
47128
25708
22736
44168
13342
39250
39954
30427
24373
9664
41559
15724
9895
40568
44668
24630
21238
7908
8219
35767
24082
35075
7289
6060
20792
6639
33869
10969
12682
45912
35891
6119
18195
18438
11069
33727
41022
10853
36733
33206
16103
14875
42029
30444
16896
36351
43523
5859
4281
9610
27695
33034
4037
38984
21880
10405
42747
27929
8837
2644
15681
41383
15218
30004
12271
34570
6925
27460
44345
10187
21013
8653
42953
48418
16522
10180
19994
39744
1313
47184
44682
45863
10081
34
46561
32857
13317
14072
4378
11888
24288
11195
1167
8515
9891
46365
40092
28989
40602
44757
24779
2971
1235
7820
31548
45967
20291
38610
5120
31165
41500
7708
4845
28644
10794
22046
26424
747
35952
24612
38012
2199
15730
26991
44575
10631
29127
20680
37017
39037
34063
12252
31991
15543
15535
49173
9510
19901
10120
181
33579
27459
49059
37508
42610
28512
39989
20508
25893
44449
19234
24805
28413
24353
3245
46783
2380
40209
46568
16399
22747
14696
43729
13568
22301
34717
34625
8831
21838
12073
31387
11174
2853
13121
32368
42560
28426
25794
34239
25076
27398
39371
15166
18695
24608
6550
6728
49931
34862
38622
18504
11583
45940
4512
20179
35194
18202
3092
37293
30103
18764
45523
37889
24511
21303
26160
25378
3460
11947
12835
36219
45327
44206
5375
14973
46186
26849
27577
9365
29910
46122
41103
20147
36976
10092
41501
13717
14246
45828
361
45712
193
34291
32579
388
31680
11517
28686
40629
33900
48071
28145
9437
5090
43902
17416
14219
38365
30120
22908
39360
31539
41332
13127
38471
47522
35292
30394
2812
29414
18698
36963
46888
39365
39080
36207
31853
42033
17890
21531
12872
22941
18045
19589
40159
22937
31756
18571
21365
26983
8887
22805
28493
33646
45105
29000
42509
21912
1944
38019
42586
25418
17490
37944
28348
16370
22834
40871
8984
41126
11203
20351
22695
1788
11389
4969
24285
21567
34307
47672
28347
11621
31115
2319
33073
17904
18872
14035
21723
42849
10891
34987
49482
40118
10234
44256
35811
16924
32623
5243
4513
42503
38094
15337
35744
43161
25460
30621
28619
2911
40842
32457
41505
37243
8044
29752
7117
3185
20697
43427
42690
47401
37635
45275
7399
48208
25241
10878
13494
30482
38339
40272
6008
292
26804
16073
18060
5276
27730
46170
9723
748
3961
29626
7758
36081
41804
16163
47219
46753
42602
7749
42437
6356
16871
49935
42650
5580
47693
18260
22471
43348
6261
16238
14133
9851
38505
43972
37854
13904
29741
6791
46621
23295
7884
25188
18692
27984
36161
42766
14767
19794
22597
22926
21649
11726
10077
29154
40617
31108
19539
16672
49126
1711
30537
23321
38954
9564
47167
24088
34077
3193
20485
37097
16559
8785
24553
44226
38143
48820
2217
34387
19112
3003
4869
25008
33466
29708
21786
10328
11606
25414
23760
10029
18270
25796
29548
5134
30459
17099
15041
23412
39583
19749
7207
22934
317
41187
13662
7719
42390
10786
47212
20386
27878
28007
38227
10463
23012
29186
39763
8197
39475
28151
34986
4282
24399
12639
30240
2594
19783
18522
3656
41208
45329
7385
22171
33872
13114
33895
16529
49740
17098
17114
34809
2963
18615
29634
2599
40119
36485
2190
33015
7463
34877
21353
26620
43469
7257
9460
38745
29179
13627
21318
22476
10357
30835
42565
16722
21444
4708
9526
42419
47626
33175
30634
46884
880
21527
49515
19456
3175
43148
33231
11442
22498
6037
7662
48700
22177
35459
4719
7713
19041
15323
35606
42868
14660
12198
49535
13446
11547
47831
46301
42786
38782
36999
8351
39188
63
49078
32194
12011
39698
22315
42675
49612
47608
24030
11618
16456
9009
2405
21738
40185
15968
33661
42887
24624
49534
34381
38228
34769
41264
47968
22636
5036
20912
30360
3103
6585
32440
10493
29984
33053
29785
6369
19664
22181
25101
40212
26765
5641
35112
49192
6726
25461
32676
16208
10267
36334
39210
28176
30887
7665
25010
173
4296
26709
43709
18084
47896
9951
19233
41536
35666
45481
41082
2878
43940
2016
35762
39474
33311
9944
32176
448
34313
45104
46734
38806
5361
39152
23722
1568
32175
38544
28598
28273
39485
19065
46681
28212
14943
30466
479
33453
31287
31546
28870
49763
1403
12507
14007
39863
25034
40214
40926
25283
44441
37766
40090
15844
38740
27597
7003
35958
33922
46119
7386
8047
27468
37118
15624
25352
47923
7457
12820
13467
8811
10221
14392
33594
1377
41623
41585
10921
1577
7862
12333
3925
43753
40234
34440
29966
27017
36616
32580
8893
27130
19534
40198
23161
5037
25618
26718
39390
31099
37549
45392
39229
13393
278
49924
48735
17822
42077
35696
17371
40550
33330
46259
35270
29411
38890
28620
34669
34819
35734
35076
5693
11976
2435
35329
36644
37512
24110
30150
49506
40001
27240
28341
44835
39669
30298
644
42927
14962
11320
9301
40645
16350
40812
38498
18217
44763
41067
20878
40802
49270
22783
5070
27528
3026
43740
19505
23599
25703
21116
33545
11692
16223
18964
12055
11846
29647
20625
24561
17707
23201
30222
25910
38772
29102
36794
18051
5301
23888
42233
3259
35512
42960
19074
12862
35025
34602
42247
21106
18317
44514
4119
35838
35590
13334
8065
43184
8022
5220
21351
13126
40777
20861
13909
46041
42748
9017
21769
44824
17314
10909
31237
29140
30464
35994
43205
16236
19030
40680
16503
24202
43764
1755
17019
32702
13933
2143
7303
5426
47841
45287
27293
27244
31787
2619
28405
48334
37694
11814
18865
29723
22415
15318
25735
30003
43929
23099
43233
15801
47741
8112
13312
20260
37921
45906
9147
39076
46675
40985
33814
7752
36092
39944
23305
26202
26879
32844
9667
16930
6065
30454
41483
15090
25808
32788
14871
33529
29625
44970
21128
9347
30812
45415
21114
45409
14206
38225
28189
931
30181
31319
29476
20957
20227
15053
12037
590
22364
2123
48928
25040
23308
48541
35856
36339
37289
1457
34831
23139
49109
28702
37177
31692
9247
49451
4048
26251
43696
47495
47178
13098
2122
22675
43154
1105
46142
36131
43050
10903
18966
38261
9783
33832
41454
40243
1187
30653
9199
13083
2828
44250
24083
25715
8293
49346
31741
42570
166
47863
3963
48427
13959
32129
9870
13729
44411
12191
22845
11043
23451
23212
29455
37153
6182
25912
1228
41816
22905
28961
41042
33299
17505
5759
22919
36069
21927
5520
42644
21600
37642
13153
28888
41329
46878
21759
17155
36570
21336
48097
20788
30468
19557
46245
29838
45643
12434
12875
16128
40289
48693
5412
8534
21911
32470
12358
44862
10090
11740
36061
19723
22562
21489
19068
10211
14706
11170
24558
27490
46574
41867
17910
49542
30879
19134
21469
32409
43626
15363
37608
23961
33760
17559
15946
16581
32726
32615
47230
39402
2007
43062
28588
23431
48362
45545
39782
31682
17697
11434
6300
16933
40263
43491
318
39348
34363
27317
18908
3620
12291
38996
1240
33800
4529
46322
11311
9845
5223
5732
34094
35149
38167
45217
23939
1295
11905
25926
219
5951
29438
18765
23098
22098
41172
40292
16140
27583
37162
31430
1785
28332
16536
22570
25969
39656
48388
21755
25579
47135
18913
11776
38427
9133
19925
35063
31944
37603
48968
46292
6374
31001
6635
48896
48998
42333
3842
25613
46079
8116
35682
1279
29271
30265
37149
4345
13646
6353
12698
13011
35023
49299
8011
1337
48311
26823
49844
19678
25019
36563
36664
43293
18510
45843
19862
40084
13000
47832
9736
3063
36595
49207
42367
26011
42943
31826
38672
25853
37091
37856
27338
2362
40861
43369
16256
48579
10149
7903
26900
5579
45494
5570
48437
37364
40395
30989
5481
10654
38378
38534
16151
12675
37715
12324
27797
23388
41614
46321
13068
9469
7270
37459
26890
27108
30420
10768
3599
2998
6672
31881
43166
4533
7956
42167
17398
10898
11628
25657
24308
15600
30552
25803
12511
45926
654
22984
6125
12413
5145
1730
29025
38728
20420
6868
22434
45205
48064
32649
27796
25852
37027
37802
28312
48141
44081
12258
23299
5999
1636
21480
40264
8711
4933
37132
41802
17687
33746
2431
28267
11635
14237
5308
42836
41752
25349
18475
32243
41146
44728
45538
47565
1811
12070
4083
33792
14341
34928
10640
38630
9053
17710
22843
781
12805
34651
38877
30677
29543
49919
27251
41563
12785
11990
14262
9625
36599
32620
38086
11493
49983
40659
32228
49540
15382
1722
30155
35428
36098
28869
16788
19281
19990
38463
38394
32375
12255
21577
16193
38788
39909
42907
22209
8648
20492
45226
20500
15477
4841
6539
40078
24872
24564
10317
9897
5400
43990
33339
10044
48815
20656
9496
49005
16228
14686
16620
3336
38920
30985
11480
40412
11612
8754
47836
34248
2877
30875
17907
28266
19133
38922
26685
45480
9475
1297
44041
13538
12784
6459
1423
49353
49400
1045
22593
11247
40933
41637
2353
25353
47858
20390
3239
34208
21340
27608
32690
18948
4590
13819
36047
23825
25277
5467
30613
21074
33577
46066
1165
28975
46973
16694
14825
16181
43849
32135
24246
42376
10064
26013
20466
38241
5618
1975
34160
29884
46210
42689
21354
33990
17159
36165
6601
31983
13208
24260
46419
13352
2801
36052
27966
9520
22960
47813
15732
26227
26092
696
41615
12470
4377
2286
29336
40921
24873
16457
35560
45389
6747
14197
35883
46002
5405
3498
45075
12144
24305
9195
11590
7575
32636
37011
44886
43493
35707
36718
37544
4685
28441
31050
19184
47656
4594
42653
30979
35085
24490
5758
36820
36475
1421
17085
16918
37065
6897
20198
10826
23911
38062
20407
26192
17231
43041
5457
48222
520
31337
16394
22894
22491
49301
46898
27645
26447
21240
37029
7800
4170
38951
44344
44288
10899
20860
37426
21178
47001
38659
42875
45001
47494
29471
26546
106
9883
34425
18242
41070
38407
37498
19776
45405
43122
2468
48670
8873
1557
28006
498
12300
32157
4079
40679
13053
48934
2669
30940
1040
37843
4100
26449
24438
21003
141
10982
46672
27126
5262
3440
505
41693
31457
22370
48198
33942
7178
38760
11453
19287
18581
8252
39090
705
34047
39652
5595
28367
17933
7782
41649
986
35131
5886
1379
32796
27053
20607
47575
21317
8820
38078
7095
37917
1760
24989
4150
43060
31900
45840
663
35181
35280
8124
41324
30855
30706
34355
1002
37044
15834
37206
3223
27932
4068
30005
44548
6488
28382
36263
33232
4256
45460
8641
48224
18927
2868
37659
47870
3776
7325
42340
29432
29268
5066
3837
27724
49765
3186
15779
6164
34886
7995
44089
17206
45909
3979
20392
33328
43267
33364
11719
27593
46726
47371
4716
43490
33254
46271
47679
42172
37264
16955
10219
28083
2376
1038
8090
19227
41793
46605
16275
4849
41620
7190
36634
4376
40525
24430
43072
34045
6823
44958
27558
30213
46498
25791
47375
27271
34042
31903
43012
47279
48013
19245
40598
27836
46701
44030
5649
26875
44279
13456
9330
43376
22026
9020
44940
20280
14611
8674
7329
32486
5549
48881
41337
6440
25030
46926
1513
26415
29912
11893
25457
32811
45367
23949
49127
10387
22968
24175
47956
47655
228
34788
12832
35692
15065
885
14304
33056
21715
7982
48054
43366
3801
45345
41940
40463
2772
3016
47118
7586
31750
26947
35960
12281
27872
16119
13739
15391
45497
13866
32997
4126
16792
8623
48982
31540
46678
210
12807
34393
10874
25391
19146
43731
33265
30301
10630
19092
13495
18665
42547
40203
48930
1051
13341
43005
3052
12982
1417
42641
7206
9408
44716
39939
12642
4045
1251
49773
21111
19279
6784
49950
33704
17208
19896
3740
35544
17522
914
8947
31958
40831
21135
31186
12283
27441
29347
834
48533
1019
3355
10970
24330
32084
16404
10627
43417
4995
33247
6477
12943
27629
46043
22628
41170
3164
2272
13887
8278
25156
17107
11775
29049
41745
751
23986
24094
19763
39245
4338
49757
8033
37948
10
13181
19948
24640
30215
42144
34552
29871
25725
27225
5777
37556
31391
15259
9710
31676
35776
46233
28947
9754
27301
20325
20137
13642
49382
38367
1455
35672
25417
32163
19222
26518
33378
31133
32995
7410
476
48456
19935
11023
46115
22863
29173
12766
9829
4885
12994
20171
47134
22518
30532
21330
36831
40992
15743
21975
25167
36250
5210
21475
33115
21258
42040
35513
7868
21571
23886
12674
32273
17744
39399
16068
27682
15856
40251
14935
22196
9158
6389
9804
11752
17673
26614
25595
30540
49311
277
15838
37340
35777
19998
21984
48255
997
43867
24518
20094
30588
12468
42083
45927
10437
1067
353
31772
13185
38388
28338
36785
20099
28736
14720
40435
9929
27351
24138
5445
47530
6930
17651
19997
117
28559
18048
37876
20045
17178
40418
18597
34983
17027
49414
24449
975
44765
3285
24252
48898
19751
8776
26838
3451
11336
43222
2282
41415
16005
17487
44154
11817
2908
3732
21324
14077
15243
13599
28562
26375
12052
15694
6618
13953
46945
20272
703
6630
5002
14491
29964
41779
27541
11575
11143
15212
40919
46653
10538
25627
23705
8285
740
16631
1005
25561
38720
45200
13970
3731
20564
9980
8399
5616
22606
10807
24655
43219
27726
47291
21055
49148
29862
39467
27104
43461
2829
38171
4598
25871
2996
45166
5605
49614
44482
48601
30416
4604
17735
17551
27073
48027
20437
36655
5318
22067
24721
478
28583
4627
31201
24829
13315
27888
34463
35355
20468
22152
34112
44561
32730
23226
16435
44614
3033
8338
12176
29512
34964
17607
8082
27163
25775
31334
1076
40041
8825
4480
28768
21794
8241
36224
3289
44859
39707
14681
48915
46762
23114
17963
2797
12590
11948
14385
11398
18670
45604
29193
27566
34530
16080
1674
48866
39002
35770
3387
41333
16835
49184
2322
24466
15467
24166
294
30513
31646
46269
43894
42668
25830
24952
44489
36147
111
48596
5788
25045
322
47186
19929
49018
41930
48102
30527
48701
35144
32710
14993
49153
44607
36101
49501
15750
6413
18735
31333
35836
49623
1852
41231
574
35785
37649
1692
1909
10225
45026
24547
10915
47214
27509
18718
19991
42059
35900
29436
49166
14999
41507
26567
49403
22263
2318
7578
41112
5422
20379
8917
34220
16047
15620
49461
12609
29018
49052
42189
22730
370
3991
48144
22431
48383
27412
34399
32613
37984
47046
3329
34764
13710
40564
18496
22380
42553
18018
11196
49458
14451
48472
15170
27310
1903
30792
28005
8675
20954
26476
30161
29104
28291
28119
29717
45524
32885
17914
49721
28239
2212
3255
8664
43344
30002
38289
969
21916
22986
20864
369
7655
32455
20581
20872
18141
6298
1241
6146
28399
28456
23686
14317
33146
4785
32208
8259
3597
7104
47157
20684
13407
3832
9809
21971
10549
5465
27153
38310
49507
34445
43061
30841
22016
27270
17313
36238
26735
24481
41249
27591
31244
12926
36050
42171
15198
26168
49067
3674
28402
49230
32446
25281
35168
7301
41140
17953
35892
43568
37258
9916
49565
36431
32379
22327
19370
38275
41230
26909
49490
5345
45854
20464
7441
40493
17874
9314
373
32423
37087
38497
8612
30869
32482
11916
3503
49095
32329
49670
16420
30237
47878
46466
17971
41985
47094
47848
22706
35226
41705
34391
47383
31964
37957
2438
6666
40325
7134
34346
48290
48572
37456
28111
24183
2557
5035
10900
21307
24815
571
41065
36668
40573
24054
11005
6741
44808
29696
40389
3561
47409
16660
21862
35296
23360
14435
36829
40091
31185
1133
37081
28430
44138
37955
27496
23994
7497
43281
47331
47563
27426
12282
49716
10571
35720
35195
34904
47606
33906
34528
34728
24970
4774
2792
3178
2401
32841
34013
38914
18330
40062
40229
35607
8865
30145
37571
31048
169
43313
14530
12721
1541
6592
27560
27886
23853
49808
24541
2207
17805
29555
20408
4445
46224
46372
9212
16491
7851
29028
9069
46767
23522
40288
31837
49313
40337
27417
37111
42646
10517
41293
19561
12066
35184
42472
42299
438
49912
26540
17451
43577
34435
38658
43754
21602
3781
29661
36520
31182
48165
41491
12263
49979
6156
20781
27305
6504
48202
15443
27142
25802
29004
23180
38687
621
38918
7026
14722
43643
15231
17579
14016
5294
19510
10256
28429
37110
35457
30544
29529
16698
24711
27360
10058
11919
32595
37268
39128
27022
16720
34159
44558
22001
45180
3415
3384
44616
10056
13122
21440
49136
26752
46997
2181
30903
954
29930
7312
19387
6934
7044
45041
21586
657
17123
6586
22632
24129
35053
21595
38874
21296
10697
18512
8829
47920
637
10186
20197
28928
46286
49609
47734
46969
16467
22727
41171
5529
24006
39935
6999
41369
49546
30402
46133
18375
35000
20445
2746
15160
49488
48040
10879
27433
3
38516
31727
16679
24991
27821
12208
16995
45337
24108
35901
26688
1095
27816
23330
45314
6292
32106
33493
49193
29291
48965
12650
45116
44172
48142
30965
18252
32893
42062
27366
29359
18463
39135
23989
24131
36438
32877
11384
9356
5118
13737
21312
14273
34637
15449
3025
8018
20950
37873
16189
26377
6761
552
871
17463
34968
34716
664
35660
44010
25112
39874
7938
10810
24456
46262
31194
40864
28650
48416
19392
31528
39768
36953
42535
23259
7554
4025
33669
15709
29250
27951
19500
30475
47921
8111
6526
44253
18751
12817
43352
30744
37536
36569
3290
2417
30976
35865
28270
11556
3997
24514
9200
617
15183
49753
30872
25120
34678
6614
47809
39951
47481
30415
20487
39856
30226
20904
44879
42523
588
39786
31580
38677
42630
27544
43665
26764
40247
34906
26028
19507
31135
19573
980
25037
14075
31905
15130
26999
3441
48193
15440
46405
42784
5149
8870
27732
21554
38655
8793
31312
25382
48651
44949
47345
806
38513
23409
9839
20934
18435
21623
25502
8227
34460
36437
8930
31706
42728
36033
43133
38749
46215
16769
28636
35106
28915
1632
48402
10085
14581
38999
6670
36247
7896
43630
1486
11753
34511
15470
37308
41912
5740
37129
28438
26827
24186
24562
42181
14090
25405
49474
42645
27303
17587
13758
38445
381
24272
33457
16205
16541
29816
36217
19079
44391
48055
36841
12892
20595
41468
28304
16919
35121
33383
356
24644
42546
47031
9010
17655
18806
30413
44922
1183
16369
16864
12074
21057
21743
14287
27910
28478
7600
10231
24394
2782
27735
22918
45743
29168
7444
3344
45771
22110
37788
2589
27076
23419
32447
33739
11226
17323
13277
9886
32746
7717
49398
24846
14708
33498
2047
27554
48722
18301
23639
36137
7454
45521
22455
20782
49399
9822
29573
44005
21146
1879
10644
345
21493
44062
1611
49800
25438
15293
23777
17310
23013
25096
2768
832
34866
15229
1075
34021
9729
12868
29473
37080
21685
22358
4571
18075
9416
28737
27925
20986
28501
28860
14163
19514
26226
35861
29309
42258
7656
12285
2413
42492
11406
45109
12873
44568
14471
9034
48855
34853
27649
39473
49999
20138
28565
34266
31675
21432
42905
960
35393
44662
32274
13924
42834
2169
26369
45756
3988
6901
12138
20847
31571
20505
22004
39468
1965
28881
4384
2927
16454
12601
48652
40694
5765
43272
25831
23612
10425
364
24156
35358
29165
29988
9025
7804
43573
16474
36194
19004
13603
42386
38321
6690
13348
43554
13254
29593
18808
4939
23206
2428
46004
35759
3273
4422
25952
903
44981
41969
24869
16006
33239
26840
26451
20532
35597
41422
26241
16665
4586
10771
19874
9966
33396
32219
47340
16373
4497
49598
20827
20648
15043
45592
44145
9547
464
1025
19394
48805
26290
24526
34833
14937
36502
41496
9609
18926
601
29795
47487
23396
13052
10725
8308
24773
21447
11724
40683
32837
6150
19614
13781
44388
43969
36303
41873
6664
48114
42484
25755
23159
12519
7388
40571
36614
45425
28704
3902
7725
47772
25350
42638
34436
31322
32548
28805
32266
36084
701
23325
13896
43206
13695
34548
22590
21246
42945
11553
18844
47571
48465
46679
46566
20692
36902
19192
15499
49858
46217
22483
18003
47876
39355
23850
26659
11269
33750
17990
2942
33174
4395
35629
11544
44654
29339
41068
30127
28872
15536
46374
13828
43678
10022
35174
27801
35271
14828
41999
46785
31230
9701
22070
27930
22281
44566
6166
37444
32725
43657
40901
14808
38223
6837
17195
32637
43926
27451
34128
9325
14667
28035
34791
31056
15460
19017
3653
34231
48247
26698
11257
24259
21906
11730
14643
47936
30424
4492
6328
2974
7913
18155
33995
12526
40260
15753
13106
28831
19142
46094
18876
27954
29169
11253
46039
2793
13527
14322
14711
14062
40540
17653
49974
14189
6681
13512
15567
35748
14020
7895
27680
10376
5634
19957
16168
24197
19077
11536
5609
49139
11032
26225
17649
10002
1184
5166
37632
28817
22920
11801
27192
19163
18257
35155
8703
7238
22133
35684
7412
11275
48017
35082
43433
8272
15067
37650
43503
41724
44471
28437
37262
11718
12166
35207
28735
43819
16113
35312
21732
33135
28678
49703
6806
11809
37050
27238
29058
34372
40246
30651
8904
45998
19773
15328
49712
7787
45016
27708
15320
29847
43090
33064
9670
48197
944
48675
48751
15685
14093
21247
3347
20918
13847
42810
35812
17007
5173
45251
25306
45736
48842
25729
24973
301
47535
3123
12299
29952
31845
29278
38639
27458
13711
15185
6165
42459
6729
8802
49561
25153
38828
190
7241
37138
32043
994
9157
41019
35357
33455
46519
37801
34217
48458
39706
4036
6296
17835
46687
26360
41929
27663
22560
6986
42950
38169
32999
11655
28466
5521
7423
46578
40436
16446
9953
39469
26106
20758
43002
42791
44963
9309
18536
35152
29839
2052
1140
17453
43201
31443
19350
34484
44550
12922
18264
29656
38384
41892
21173
34684
19396
12137
32909
28577
19437
26143
11183
13295
19753
31780
13311
41280
19603
3170
15445
45866
21490
35472
39184
21570
37139
42339
24213
38797
12292
6045
4706
37390
20377
7163
43482
6669
1498
17216
33057
34558
18276
31101
7798
42841
4526
42771
35548
8881
34749
40431
22718
40686
1459
22848
12792
20028
13854
21142
27618
43931
11178
36958
12787
16257
14089
22618
33721
35306
13740
3770
40137
6311
48665
9443
12465
8395
28710
43500
10388
27757
26347
34297
8813
43179
35365
36966
42316
40410
33852
38686
5868
3761
9401
3393
34285
36488
16125
19497
3224
41278
44878
11365
41205
47979
25938
14484
5592
35711
1599
9092
31851
41839
16627
43624
42658
42057
17527
26219
39977
26285
33672
35223
9027
5755
13782
48322
41137
21424
19673
23195
33226
11567
45608
48094
29234
6219
10829
18592
18986
46235
12388
37591
32267
19105
893
33803
16090
34918
522
38420
28199
2713
19647
9506
2307
18985
45764
25788
18166
31965
7644
13087
5975
34104
31065
30056
22304
23508
39061
47746
9926
15853
26294
44865
12203
45775
26068
39153
9977
34714
485
46110
24582
28801
5583
25315
13918
39931
12497
38381
15880
32657
22082
8876
23681
39244
35116
6227
42291
46248
40910
46506
42402
44832
67
35322
39063
39134
33902
19117
12359
31781
46763
30615
4084
34575
28629
8014
32178
8328
28940
38705
45422
18566
25588
48647
13932
41567
12919
6091
36544
44578
42184
41026
28655
44493
1200
810
28099
28240
49673
10325
12373
43937
43619
7552
24126
5413
297
21017
28473
4252
652
32229
107
20003
33159
39031
44726
35704
38159
1263
38122
30436
33432
36992
7379
34429
37919
2806
2846
24167
19676
42162
10804
27419
38066
37331
16561
31239
98
8856
5577
19452
47695
29221
19803
24637
2347
19207
5784
9170
9803
43873
47350
7948
6918
4772
17968
28518
38221
10841
42803
16308
35736
49669
18612
36474
18368
46862
40844
48494
30043
40799
24380
39644
16327
42679
23313
33887
28517
35409
20100
33040
42723
37013
12098
47588
14555
41527
37757
12839
16092
26929
47516
12219
41051
17705
46060
15376
2053
3433
22846
16816
27725
22969
1969
20751
5221
46096
43903
21404
6642
26880
2186
9624
38489
10346
15428
43271
36409
16471
48893
16339
24161
16309
38727
41519
21118
18934
28294
31824
14292
4328
21196
27330
7788
16985
45324
14149
33865
23773
21448
37551
25784
44912
26861
20149
22200
27901
41122
23355
45119
23050
19691
24797
13191
22054
20455
5083
42415
4087
17773
32272
47067
45257
28591
1233
40452
8591
3847
47721
19609
99
4275
13065
39308
28950
46299
36006
29526
8968
19618
33761
49371
39997
1589
41652
11622
37542
11439
5132
12043
27488
48618
47045
47484
22803
26782
42011
32947
44230
2965
3825
2891
38020
13182
46772
19881
14736
39370
29280
27712
42314
23290
4306
12695
7837
6378
29618
27118
24050
43358
15866
24114
48023
40729
30541
35096
23129
45806
24349
13119
338
16348
5430
8458
20428
48267
40242
4351
14758
7622
45421
34035
48772
45208
828
36309
32397
14276
42737
14184
10415
5310
29675
31653
27858
2139
30638
17138
2059
13146
46928
1842
33650
32020
49747
26212
28195
42608
38393
46281
30968
27205
36716
4197
46541
41426
47556
29809
16584
21335
7580
44184
33712
2952
32525
31860
38260
29568
10188
48904
16823
37727
42266
32614
48441
9678
35471
20759
48910
49111
11985
19013
26615
45002
8288
20586
8056
34383
30788
47898
24715
33066
7791
12171
902
35061
40252
45291
4622
49651
8316
7755
6107
3816
31079
24994
1431
47498
4248
6771
40384
7260
38292
19550
44551
46278
20384
35236
14950
16746
40255
12768
6267
43834
21359
42846
20116
18576
43785
16500
7055
21040
33069
6718
19786
27323
42886
1535
698
14117
24626
42822
10648
28658
13351
10217
36994
48676
33752
39292
35790
43374
42036
14651
18448
42925
26997
44711
19230
46026
24964
4659
40719
27677
46927
30491
49224
40971
14043
49831
43864
29054
17028
24867
15077
33423
17254
15074
36745
24798
6415
27745
46331
32083
41478
40306
12487
10836
30529
4788
33211
43093
340
33719
15143
7927
48258
36804
42527
25876
20125
49589
24650
1311
20404
21133
30388
47938
37926
37501
11563
37494
46267
9333
2593
26535
11306
9551
35701
14463
49469
26404
39953
17570
15537
27706
41910
20549
9529
34016
20228
14158
38657
49
3352
10504
36230
20015
21076
33367
25940
5311
34571
37502
7797
14123
17214
18458
6153
19902
49019
952
29991
38699
26130
8364
41740
25468
15362
672
32140
34026
2280
26396
39679
2160
30902
9248
39829
21467
21391
25100
35339
42434
12910
12543
15707
19541
32212
42661
37990
20151
7695
43835
28217
30737
14526
2026
27914
37943
21691
34644
35996
45267
8430
35545
15973
23623
32033
43095
4649
45881
2990
30910
6932
4421
26642
47103
35741
29528
20768
37142
44278
45953
33076
15030
27483
24216
39093
37176
12610
12489
3857
37950
4401
12227
18753
39259
40915
48695
43625
34125
30711
9491
24795
48501
31376
28030
14255
28914
25935
11889
25001
37616
3920
14053
33495
27552
25844
26319
32968
29149
20593
13942
19491
25060
1324
48795
33923
3165
37473
9316
32888
47648
29919
22519
36393
32545
31775
32761
26238
30549
4229
27202
46347
45904
48291
34274
44855
20237
29874
874
30269
22160
14745
37768
35475
25018
29780
18224
18633
34668
14271
40385
336
28185
16253
36435
40490
39818
26638
16322
21191
17150
5883
9089
23624
21059
2777
22812
6959
3729
48922
11250
48268
24706
17731
12273
37652
24697
1584
37516
22967
43462
38941
8373
41128
47733
32053
27576
37184
24318
33164
28690
15342
2798
24439
2341
26871
21703
10046
4336
18776
24407
34713
11397
13169
565
46353
40070
3057
5998
15573
11051
13474
43598
27328
20753
26544
33460
25777
9959
20835
2670
5918
14108
41037
32647
31390
12159
38229
27445
46837
25641
33878
2910
21445
18001
16969
13841
40990
9001
19347
28149
19748
35462
3378
12301
20672
1620
3182
43401
17252
13834
11939
38220
24374
1331
28459
20709
46824
13948
33323
15889
45625
24881
9708
16653
19601
34141
46206
37440
47282
5359
2226
32231
49554
37202
41925
200
19438
38267
1638
35837
41738
1719
12427
31817
16693
1649
15556
33702
37200
7364
33091
15574
29689
46053
14325
23211
3339
21584
34582
17449
41437
48577
820
10026
18033
6434
11214
4312
42362
45136
3796
21865
33622
4033
808
42802
49442
7290
184
17796
36448
35100
20916
51
45086
20104
4635
49493
24168
49734
37448
41289
23116
26170
34186
9700
2979
37419
27000
33824
11944
8796
4510
14354
1266
18851
8094
14154
29321
3936
19296
46958
35450
49351
29899
21671
26420
25073
19769
6127
34851
20757
48686
14429
24813
43142
8340
10341
9430
48145
1703
44984
37541
20436
46397
9331
15344
39310
19152
1668
37599
5827
15176
18413
26101
31137
38857
30884
3397
41003
2652
1033
35415
43501
6880
43297
3841
21897
3526
14455
14942
8300
18748
38057
18584
13282
36556
27980
46942
38392
47766
22055
42257
44478
44759
38609
24278
10105
48682
3341
49091
40774
37905
46980
17929
14756
13144
22679
32886
11366
35870
39648
9623
7395
46774
35458
26967
21992
47302
23416
17621
41076
24205
17634
28972
40105
31492
36944
28404
17770
29652
519
9352
24358
7071
34462
23536
38896
8406
33981
2636
27517
40376
10494
19349
18004
21630
22221
28728
35709
37000
39800
44513
42735
33388
34395
2117
2242
19377
26892
13253
5638
15330
26371
29518
31036
33075
36066
6962
47149
31382
9296
11660
43448
32898
39164
44259
36936
44695
16295
42826
37992
3093
5525
39760
5917
25129
30969
23659
44274
12579
1906
8818
21923
43892
44317
11546
3277
48382
17541
43437
48719
23523
40268
48117
48586
10973
24530
9141
2138
21202
30289
36445
8435
1139
1805
45344
37570
21534
45981
27999
8858
2354
28677
8486
47634
36646
21523
43165
5935
10454
33562
49551
34301
1407
491
37816
2569
20501
44285
6884
6265
7952
11707
22219
6327
40230
22818
84
21807
49632
16192
48312
24119
20673
23704
23579
9932
31993
33976
21894
40240
38215
22057
49456
517
25573
48508
35531
9134
6033
41050
14192
14061
41058
26186
33435
2804
32747
3883
22041
3994
43910
27885
42237
44542
31217
2850
15367
16415
2665
15155
42656
40514
41801
27397
41525
41041
44926
47109
42647
16651
28388
35954
1853
4051
36344
24224
35203
15981
9444
5696
14196
13741
10115
37226
16081
35533
2839
49539
17134
45754
31360
30871
34397
28515
704
45884
21459
2256
11644
2331
24848
23981
37105
33371
305
47579
41053
21080
38350
20365
15583
4267
25612
19256
19812
41429
258
46737
7964
6102
40952
3362
11847
27260
6723
37863
23733
37006
24087
44971
41030
36772
2595
23475
26989
43398
31810
950
13459
1027
22145
36782
16761
8698
46847
28187
35691
32538
24713
45511
925
39984
44554
33733
24127
30922
13437
25931
20996
23846
40166
17999
17382
43334
18263
17864
41407
42718
42227
12352
25052
22764
35766
18925
2741
47433
4983
30836
27285
19201
12450
5776
34806
36436
27200
5025
10902
16567
13461
42108
28985
4205
10870
14495
40456
42451
40649
16355
5206
10910
38346
18655
40701
36487
29714
26768
43255
19232
10615
4098
37762
29397
6825
9284
41262
3577
17342
42889
5487
49338
37664
12705
26491
31778
47947
24628
18213
9715
43016
7760
616
12523
40285
3314
36097
4292
49699
25385
47207
11945
49434
43863
28285
8774
9164
14384
45487
44054
8001
11313
4410
44780
47265
1375
8128
44874
21203
27772
49959
47349
4407
46294
14054
14522
16315
29082
18537
19373
44821
16312
34690
5675
8000
5684
10775
29707
15648
48712
10254
14952
25686
2310
9540
6978
25628
22771
45303
20257
38250
46364
40033
18977
641
39481
34155
30044
20552
47209
34913
2796
47289
8393
20543
5969
32071
20240
40735
44928
9186
5429
20334
5170
30720
27622
32989
12652
21801
1327
34417
46270
15009
1790
38060
31611
15266
31233
28584
47251
34649
33964
20071
15192
22352
3743
4173
9008
33353
4383
36882
44153
14065
2827
31152
4829
10095
8905
19545
20397
47397
15892
8460
9637
32113
41860
25921
21175
44142
41134
21606
48302
27924
39752
30793
39913
31594
38569
42022
45206
24405
25495
46827
36551
1214
3138
20772
4136
18308
15476
17080
41315
22772
25551
49668
12603
42018
28190
1735
38587
41448
4633
20388
17784
18858
1113
971
37866
6643
45642
2602
40300
37698
24279
19241
40614
1767
18791
17408
39902
25419
22625
48113
41886
41135
17982
7865
7245
19702
20531
24368
25739
46913
21079
30775
49174
41506
26923
21194
44309
15751
43149
29745
40046
19213
20462
12253
28842
41945
34594
27790
37086
13927
31062
27259
19453
49023
49541
46003
36990
29324
3766
2494
23849
16207
49966
2261
10184
4181
49007
29628
17022
2192
38762
12535
36752
14980
2478
10282
1593
45447
34671
21068
47384
44731
17529
27579
46350
37209
27563
27565
41709
32378
27249
2756
48361
27998
15736
43850
5300
29472
31879
11725
25674
10141
26147
8396
39605
49404
18240
21400
29757
2482
22271
39471
47286
45140
26499
43312
4149
22387
15859
5709
10603
10856
11332
12562
7240
7248
4744
27553
30802
5411
42667
2148
49071
26790
49795
12936
29327
8514
37962
14394
3176
15503
47421
11965
30691
38064
30337
23766
11426
18167
8903
6557
29563
36997
6435
24646
39929
47403
25616
4822
26898
24602
9881
31550
4566
42104
3449
46046
40852
40841
10619
24192
43214
10202
24910
29343
3423
6928
36199
27074
25017
41907
24920
3861
47822
42427
48680
25832
35721
35147
3643
6985
22993
755
4201
13636
23298
247
31011
30140
32085
18585
38111
38504
5008
20181
32809
29590
45816
44128
8907
27874
34117
12555
15711
44106
4767
23462
44016
12867
36649
5625
33449
4433
48171
17885
8323
47815
16277
19817
17724
25286
45516
30
48161
10686
18502
13462
19641
35763
24457
14428
3824
23693
24032
36754
48440
37994
31508
35343
44863
49302
33507
18543
26607
8499
13154
784
47156
30984
23674
22896
4004
46009
44218
4914
33568
40122
36736
42865
29204
15529
667
49637
26560
49172
6143
40575
25536
44538
7504
46743
36327
31057
30014
26175
25944
25601
13159
23262
8154
46326
38794
28113
40717
18675
15338
41257
40487
4595
682
29693
9666
30536
10695
35335
9059
22976
25692
15085
41486
28936
30194
20178
21994
20765
32016
7094
35860
45346
41185
8784
32648
22107
36501
44413
21221
32310
48367
26132
30932
39215
11395
25572
45103
43520
14125
39321
9144
7541
5042
28205
11168
44559
36818
35976
38349
20426
19173
17605
46509
45336
1123
35077
44626
23250
46655
41035
28820
5279
31254
21694
44454
49710
36519
18604
3443
42559
44183
9925
28640
10326
47930
19864
30442
37095
35690
1799
19969
35675
17220
6764
24005
29734
20812
28694
24734
45979
8139
40155
18955
40512
13133
30100
34997
21205
12195
6475
2095
19845
1028
3058
2647
31393
4963
38194
13294
28578
34279
17686
33199
49992
41673
18417
24378
12048
7045
10531
8336
18437
16304
22719
591
5023
36340
28374
41723
24375
47676
14591
4057
27728
2439
44457
18583
43820
33296
25772
28052
31694
21348
43652
12977
31074
24496
16162
18673
26091
24326
38840
15501
31240
15129
1886
38487
5314
12989
2941
36426
42568
24331
14103
25214
47297
29773
35664
1537
8929
27766
40748
14045
3388
35456
22192
4089
47012
19956
5993
23115
43784
24176
46055
7299
40669
13982
22091
2132
36407
9995
3802
9343
30133
6015
19964
21734
44331
26213
38093
10537
33078
21064
77
44648
15688
32441
9005
3542
18893
24680
22391
2415
48627
30882
18971
5665
10403
36989
36397
41158
3432
36288
49089
39214
15602
45007
48393
38070
7051
32831
33342
15938
20322
14959
42383
20057
44986
47699
33753
5261
39384
46995
22205
42443
6626
35605
11150
22435
26775
26032
47958
41162
17719
18870
15080
34303
45442
39379
14264
23921
33448
10905
22596
19110
3971
39422
801
42353
1927
35944
18754
26722
69
24128
13774
5476
10018
34473
46263
32075
42757
613
45688
33537
40857
27149
29497
24261
28219
35662
19529
22787
20369
21460
28723
7515
16121
29986
19831
32556
32128
2448
48987
39766
25637
401
12179
41646
34123
5736
22595
27935
28945
26803
47229
33899
41986
34320
24269
43956
49689
406
24436
47877
21250
8804
23198
18713
37196
22294
20190
494
37587
1369
1867
44362
44644
37020
16127
46305
45918
23066
44421
49415
35990
43247
31181
3319
40103
7277
21725
10744
4553
12113
40124
44100
16338
14874
4008
8908
31128
6047
3798
3459
20086
27348
38585
12902
11838
4749
2066
14818
7145
8130
27078
14504
4397
35384
19913
21752
21032
21827
778
45824
21487
15154
13564
44990
11375
10127
47112
44650
23311
5831
44462
13826
18464
48918
33031
41641
13637
29133
36661
19508
447
42843
26434
24364
38549
36894
48975
33905
15347
27928
46059
34797
34772
10663
43557
39272
20900
6953
42235
44674
16530
11502
25075
2020
21526
38408
29650
40675
1481
31249
5399
38032
49642
43485
37515
38286
24610
13735
37116
12504
47387
1917
26582
13204
18774
32896
28754
2090
49289
970
30717
30135
33461
28771
7149
6988
5774
13480
23341
4280
4133
48189
47030
33717
25184
27312
24021
28715
48443
25200
37279
36575
6804
24874
19621
19710
12296
452
35244
14662
22007
17377
14456
17829
30487
15691
48313
18978
42382
24673
11173
35554
19344
20324
49100
30323
19076
32416
10394
37601
1419
31874
20594
15106
33958
7110
13529
11954
15002
878
3866
16905
28680
35127
28011
41169
25455
26798
3710
31253
12885
8844
805
31259
34157
9474
21223
4228
37747
34263
9779
20645
20332
45911
39556
18697
26474
25923
5466
15530
11108
11254
2406
21284
35424
18140
2099
20236
48414
1776
44889
1669
8216
20134
3780
21504
20098
11745
33744
1078
7310
30611
24965
28949
22698
44475
33504
31918
38923
26380
7097
15482
18207
42884
24720
41866
12304
46692
761
29237
1131
30826
13400
7193
5768
3848
20536
25915
6984
48407
10104
1847
28126
7246
16362
13994
8133
37417
1774
26365
23749
46351
22598
39261
48957
8104
1085
2729
19089
42813
13858
36242
4543
37521
46362
8321
9184
19588
19800
30907
23710
17600
3436
25443
29664
10396
14092
5852
36148
43342
39999
8694
29373
38755
18013
21942
28932
38077
12879
38731
22778
8367
16114
17271
35886
41063
31724
42582
29868
42354
42776
24298
3977
45430
12007
23316
19400
25906
43316
31017
21380
23222
28381
21204
14240
1699
10851
34680
47615
30025
16218
33185
9562
20304
1530
18840
29026
19374
26429
36814
30696
45129
36177
16255
8596
34206
17948
47751
1691
42972
18702
13668
21780
7066
47675
47115
49640
31258
21636
19814
14868
38293
28376
16363
13226
2365
47224
1734
40232
45372
13621
2771
41074
48483
13583
33996
1647
36596
41321
39609
48429
37108
11076
8822
27986
13062
2635
727
378
19195
16514
40470
18768
32069
28298
32125
40404
25515
28670
3636
18423
32964
34103
3877
7671
37300
11531
17476
26466
30084
23570
24413
15775
14700
7344
24947
49566
13307
48637
26378
6085
7594
19011
15829
36545
28762
2458
48328
4502
37755
36183
16527
24372
35386
2661
15922
36108
10069
37310
7150
19054
25050
34978
23548
14475
25094
39311
32935
24667
37191
32718
48333
18812
48284
28814
44628
26561
25514
45617
22945
49590
18970
13823
30955
24946
1436
25687
6855
2757
12686
19298
33266
18379
26209
22674
1026
217
11632
44577
1544
43976
5628
4105
12493
43751
4403
4132
2366
24696
46376
20222
21981
31103
34357
1932
29123
39252
23716
32124
13166
33285
49770
8509
29906
28443
30675
10386
37180
10673
21152
19191
40530
35159
38701
43805
49130
41313
28734
2454
20967
27466
47757
49323
3001
29095
32035
10831
33042
19244
7455
6433
33243
24977
8900
27944
10259
6363
36037
11198
39306
18273
6835
46859
24538
29312
48761
2944
46825
33101
41644
40095
33645
16544
837
15438
17217
29509
30244
36348
29596
39916
594
33289
43791
42864
42021
43428
34633
8545
29153
25983
18162
46991
44858
12230
16066
9835
43446
12168
43020
507
1662
25873
12482
13374
28520
8503
39132
31975
22058
4156
8478
16838
15849
10937
16025
12315
15943
13064
29063
25656
38465
8229
45805
2462
17366
11330
45058
28845
46779
38693
26888
26866
35441
19217
44327
45826
42710
34943
40897
45428
18362
7597
26626
26729
43411
34486
24923
35529
5920
34776
23752
308
39509
30354
14238
43579
35540
11717
5148
3065
27354
1654
17593
29843
28751
48610
42898
37120
15078
22103
13523
32946
19509
19069
12693
39875
48556
11785
44828
14413
4272
5105
26187
45560
39086
12150
47555
40965
9003
23255
43720
41582
24107
43037
31760
16545
19165
42631
12970
23172
21104
40295
3060
48069
29284
21830
29220
23446
3836
29180
13513
43389
24775
49970
13653
46019
29669
2202
18269
34720
49569
34535
27499
18973
16853
11825
32879
42500
18403
5925
17273
4591
14785
9431
38088
30400
41845
46325
547
30327
31708
19743
41565
36042
21681
25781
44587
30873
9605
11303
30930
30961
34101
17959
46912
14839
4771
27895
38848
32694
22793
49162
47505
7569
42971
49196
30260
4814
42160
167
37844
10080
5987
34610
23998
24265
1992
24723
6620
35180
48638
30580
39225
12349
34480
27023
29496
18428
23861
30729
9696
879
33026
7933
40608
33037
5238
47160
18905
8023
19493
36806
32114
44129
35360
46069
32991
39810
32121
275
43273
32365
40215
49134
49283
2166
39234
13799
20877
38804
21559
48669
18063
12550
43517
15146
4270
46789
41882
28582
33499
14096
18062
18755
42426
12625
7734
6257
19680
27802
21442
14535
49775
36730
26998
36051
24066
15639
35823
15682
13715
2588
1443
30160
23039
6580
42738
23600
36116
4317
2667
36173
6751
37034
29753
48452
25398
5958
38033
18225
46516
13726
18846
1053
40507
36229
20213
27812
6944
10201
19663
45635
23984
15662
38429
43922
1355
10527
2531
13541
6633
1480
10308
40599
40578
992
36459
37739
36087
36750
39611
3079
8234
12932
46078
17354
733
26283
21545
10419
22672
28718
39653
26757
41655
3021
11578
19980
18939
19665
12587
10661
7630
22487
6449
13875
21001
44814
40448
636
34361
42829
45595
32238
22316
22964
16410
35752
42677
21155
34411
14355
25827
7706
37251
35397
35341
7852
9057
10832
34080
4214
37122
1374
7784
11241
38317
27365
22864
22826
32042
27703
43576
8979
17754
2147
17397
32789
39201
21828
26124
38453
46459
17396
39888
36609
6621
14547
42161
43747
40522
44314
33930
19970
43114
12415
34539
86
13956
33871
38416
24097
19848
10625
32063
39343
11297
32560
39887
18605
26332
17465
10028
2872
12604
9454
39776
47964
1887
20089
5866
687
43277
44906
18021
43239
12813
35963
37671
47453
21077
8982
21536
47837
16124
26010
31075
36155
36086
15740
24731
29820
32235
8322
21941
27177
34116
40531
32300
5809
38278
47050
10568
24840
26405
4715
8195
47073
49762
5971
47296
44195
31899
29034
41043
40477
39928
40502
2034
45397
30254
13319
29302
7923
1884
16136
23018
45309
19386
36318
13626
25548
29527
40378
14460
7773
8212
14443
829
22335
45456
19462
47388
16685
11642
26414
48070
20458
27314
11895
19674
37763
12254
32664
37307
14110
23005
26835
2145
37083
27175
20828
48905
4142
6354
35468
19631
38506
19419
27947
8777
15228
11037
47919
26259
1940
39274
7473
47352
31093
4226
19108
43762
27501
43852
47143
47412
40043
40576
2320
39133
36236
8485
46643
22810
43539
25506
44815
22611
42188
21308
32915
29680
41029
28893
28922
35722
27087
49331
28201
20259
7502
35128
4912
17666
39101
46607
42639
12860
46637
39610
3589
46086
40577
8075
27103
23657
20282
44325
30914
18772
2542
43746
29174
28379
45096
45820
2935
32445
29961
23025
44966
3624
12707
36241
45491
29510
48632
43315
24658
34427
25332
12865
19770
8639
3708
39285
15025
31803
18635
39835
15189
42134
4551
16630
8687
8517
8299
17116
41975
5207
43925
34630
9067
5889
38946
47089
20182
2131
15
1386
6717
46832
49722
39617
12020
14159
33273
38368
8532
17576
23026
48376
17359
17690
43101
30018
15654
17682
37934
34443
1145
15471
14518
43443
48907
43688
13236
48120
41632
28366
2063
32632
37678
44287
23223
19920
8440
23743
16855
28034
7500
14968
27773
34790
33334
10400
49381
45502
46896
40061
11473
2512
22406
49688
25985
49155
36031
41141
38818
25139
4134
21757
43514
19986
14057
13876
43908
23023
43564
24513
4151
15224
31677
44008
25793
33092
36213
33851
41676
3120
48022
5094
16776
10703
33368
46892
22362
40503
39162
11683
35754
13976
27666
34066
17957
18228
3835
1837
24688
19972
1166
18114
26321
28772
25412
17578
7819
6794
46252
35118
9178
11118
11240
45207
18102
32542
6514
11663
19707
12401
9018
34245
29945
47790
35604
30467
38085
37199
45089
21366
14563
15791
36089
26152
12347
46570
2050
43617
46249
41273
4610
49684
15005
47213
44743
39419
5381
47783
34413
9043
3315
46540
36054
5845
35346
2892
17989
43476
37036
12980
6316
20283
11741
38864
45015
32818
39313
8883
39233
28567
14967
4609
26819
25833
32860
4493
23787
23634
4095
45151
42967
2758
30216
43196
18770
15156
33963
38813
48958
2970
49538
6370
29885
45655
27327
34163
38617
42329
36301
40509
18756
17302
48535
46212
444
25487
24427
316
31453
24818
32010
28467
37452
11904
17518
19771
29921
49548
28333
5964
47576
5378
47587
13995
49364
33638
3582
44037
34706
21127
33217
17235
34763
43671
20252
9544
38633
15830
23358
41846
22474
23357
10122
21179
34777
46068
18291
19637
47533
34923
3508
70
26950
37923
18900
16781
19996
22028
48008
31704
24922
38580
29410
10179
16604
2
3349
31153
23630
38735
44776
19635
19985
22465
31379
14566
29895
21590
7618
29412
43674
870
15768
49938
38052
1004
2041
1810
39920
3268
14752
36405
6284
6890
7434
11761
21772
4158
14440
20517
3112
17726
34312
18015
2163
13165
47678
49074
34726
3516
10273
36425
30741
11744
33844
47650
46855
45250
14579
41228
37188
239
48099
28543
10660
7086
19623
30492
13630
6281
15370
41353
31273
29159
41237
26116
35015
17792
17045
14816
21232
3863
40984
47438
2348
46153
18950
21783
43365
21209
11351
43441
48359
14004
43420
18425
27616
38395
13649
44024
5010
35706
13776
20674
9712
48042
37236
29893
28580
39915
17511
43226
9788
42921
16292
23817
45419
42169
32881
46592
9738
29637
24568
6763
10355
27794
20199
6116
23784
32411
30063
7867
41550
19833
18679
8137
9217
41734
33444
17164
46298
5843
39185
19717
32232
48277
41008
23821
46543
5054
21505
27905
11914
32571
42688
36808
44040
5095
16060
42777
42196
7475
26773
46285
31488
45730
6491
21052
20194
24406
261
10999
45610
12724
34660
15632
6304
32819
26644
9785
22106
32030
43994
20300
47318
38484
36881
48298
32361
11081
41431
34176
42327
45241
19649
45094
24069
20161
49486
12141
33757
32902
36884
15393
45519
32399
29731
27094
21266
36580
22626
11839
45899
42779
24534
45504
3230
1048
41363
43
2851
20087
13014
129
48718
45178
37910
36540
22584
1757
39141
42952
20808
47161
1154
7745
18629
10269
22992
34348
26670
10834
18542
37743
36252
20010
29150
9077
4432
35381
20713
44609
13849
45262
11374
42576
38834
41984
29905
6190
8225
20320
14834
13708
15081
18766
2008
12220
31167
45082
8088
45184
23865
15993
36075
15932
24750
15144
43056
31789
18981
49484
11476
26148
33863
24605
5903
8349
18780
18796
13743
41024
47698
30125
12235
49650
23072
44050
19581
3707
33802
45944
26822
34811
11001
22237
39105
38174
17243
46925
5425
3337
20682
5790
36218
29403
7722
10469
21206
37820
48847
18232
33359
35157
2249
40313
1871
40684
40826
22232
23121
32916
25305
48833
8159
10913
26727
18911
2623
41277
13336
48778
2852
45448
42031
43644
2404
8792
21123
35680
23455
28923
12727
2246
18320
28957
28788
48332
43797
38911
5489
11941
16161
17514
37837
42268
42835
49262
42216
12105
7959
16451
23900
17334
40191
19640
25197
27605
33183
42280
24536
7015
29682
27518
3216
22701
24090
42001
13793
22439
14185
48758
44779
9037
26296
19984
29558
24578
21915
23607
46558
45378
29418
31225
22410
31401
25712
5380
21733
43775
39742
1465
33858
25334
24347
7064
8136
42805
29786
18649
21643
15606
12162
38128
676
31388
42767
47187
39344
6822
35139
11161
11077
10433
25109
2745
732
14403
5586
31187
10258
9598
28538
114
24487
42824
31926
17152
1479
25881
22682
42772
46539
43883
23605
38764
22243
20784
45925
9042
17523
35501
24223
30851
16387
23531
40442
42123
25955
42756
11060
9811
37371
6742
5924
33954
21859
48389
1231
5666
5482
25225
27443
10271
49047
44666
32401
31510
24742
27598
35552
1982
7931
29622
10006
12365
4720
21166
33581
9189
29746
13324
32732
21268
35507
27411
33176
23053
9244
19591
29383
48856
13936
38861
11057
2992
1750
26581
6739
5478
31279
6154
17584
13209
2774
23543
2442
48257
10716
35255
37531
28927
6609
38328
12414
5715
22759
19867
43781
3908
44795
10689
27336
5569
31615
22003
11999
9169
27493
40758
15332
18941
23240
13502
27232
38356
31733
6799
11854
40596
9911
44522
44826
23296
7613
18667
35188
41822
12087
3084
9706
33398
39232
38153
29983
37732
27464
12243
8052
39119
24527
13987
23931
14998
44393
31139
9854
21698
6706
43818
23676
8827
13610
28721
17762
37634
33219
20618
34011
20368
48006
43714
10189
22567
32816
22909
13152
48178
17281
38494
36912
14716
2106
35134
49857
2230
18589
1751
49227
7838
20056
24233
49602
10818
18539
44313
22711
28208
21472
47117
25500
2628
29125
5760
22927
48606
7365
23621
9111
5620
13534
30806
2076
19825
14263
2268
40631
7320
25963
14892
47616
49760
8238
14933
39159
11194
8957
2357
18278
16432
30315
27350
18023
49750
18933
9425
6303
17604
37212
38856
49792
28257
31518
32142
31951
34938
30657
49433
42572
24625
9438
4666
20311
42097
2056
47486
29896
5464
33948
49180
44332
36508
8816
32258
276
25466
16107
31889
46145
43077
917
5284
19747
35910
5695
42051
41852
26848
12551
36700
32389
20263
38107
32294
36728
4176
39970
42063
31247
884
39170
35646
47285
3129
25609
5949
33563
5716
17184
42819
14607
36758
2412
39571
30385
6795
49767
33716
33456
23182
15220
19852
30718
41917
22252
49118
8737
10250
45552
31610
18461
29803
17771
24162
20736
28345
12571
16683
33250
21039
3031
32205
22075
11088
42511
33293
38246
45053
38158
21642
4482
38196
13269
25300
34634
13385
43393
32533
8962
33248
37167
3154
26575
21557
18378
39770
5013
37140
32376
1212
41662
16009
21763
8927
2673
25357
28453
40459
47304
45010
5810
27228
40755
8932
22671
4810
27212
17571
4213
19043
36573
15692
17641
9075
21546
42017
22610
30292
35298
31362
10372
38733
22534
25186
43286
9587
48098
4755
21310
45074
39262
24912
28445
37824
33688
6332
41498
11925
23248
1866
19056
708
36891
11091
48148
39850
9263
26903
49363
17572
48468
25296
3018
41266
13353
11654
22112
35278
20361
29275
41294
34658
7716
39618
12944
43492
1594
3611
22811
20962
5923
29792
22879
10416
47203
34900
4404
21398
38374
34258
45293
9924
3200
29663
6242
31875
37428
29108
27405
31575
39200
26789
48420
26841
42479
42446
40925
13247
25593
29242
29033
43683
41287
3177
23459
1694
3416
28537
42736
42355
44066
13555
6408
40677
11506
13457
27843
43295
45255
11638
4734
41648
16495
19042
12876
31886
40716
42308
25770
8897
38238
13528
14086
3275
49113
35875
24144
126
46760
28919
6481
33294
9830
11866
9389
20937
26039
49200
4637
8743
8604
10952
1234
6715
25421
8206
48879
12242
30404
25604
30692
32182
24227
4893
47493
15306
13542
165
11041
47006
26177
38332
41064
39450
34708
46037
25158
35929
17536
15095
9115
8353
9315
6035
24770
14490
4139
30171
47215
11125
12827
12559
36370
46006
31309
3299
7893
13762
37655
10452
38050
6493
14230
34737
9679
18410
7632
22300
540
7544
14079
4346
33693
9066
19982
13503
31029
46040
32734
29079
153
8742
12685
40117
9821
15167
12371
28921
7080
39570
41920
43693
20805
28153
4368
31175
25227
48529
31614
17037
2747
12405
7340
12457
15524
30261
33134
44683
32760
32059
1199
43552
43779
29525
39241
36522
22382
28632
41421
27440
42965
46371
39367
43475
35500
25454
15780
47255
38355
27333
45784
36687
18620
14470
42534
24231
27661
7509
13519
49660
2198
37794
40419
29096
7223
3214
32918
24615
25252
22175
29001
26574
37157
35564
42371
28714
48708
16998
38907
22972
26047
42859
27051
35703
10336
9981
39670
3726
49011
4943
45022
39459
46720
44148
48154
35022
24476
34973
41100
30285
4286
49803
45050
38210
24080
41996
46806
7427
8491
10304
3241
44289
43874
12916
30227
3496
32889
6571
39767
773
45333
33771
41914
40109
429
41751
42050
7266
40763
12428
25250
28798
14956
39176
29979
47935
28169
49988
5794
33569
2489
16586
47908
49177
34142
26395
13059
27037
30423
16590
20583
32616
16302
9198
41911
2976
41216
35970
4938
38683
23635
4881
31509
35542
46208
25138
41896
40445
767
41325
8380
4919
11221
23047
8681
15855
4962
49159
48119
18625
7790
44994
12433
3548
11577
22608
24300
45529
38801
10033
23851
26520
32111
30915
49975
26891
37925
44165
31481
30452
21207
35310
43188
43590
7466
40762
33245
37822
4379
39971
37729
42928
16696
13235
15870
49866
41521
40464
26467
3247
28211
22186
19714
36328
13684
19974
1096
5124
27716
47225
16433
32499
19544
34810
20786
29481
44076
28691
48964
29488
9422
48894
30750
45634
38323
17987
28703
40994
15223
2903
7477
2723
21549
12506
22351
29796
38172
12521
22944
40416
21188
23597
31300
41714
48737
11936
3831
9185
33297
14438
23320
29340
23082
45660
1204
25136
2601
19626
29791
40223
48724
15515
3730
28969
46555
26239
7629
44793
4567
19586
29065
41432
38729
28363
20640
26125
6142
32539
33096
37666
33598
44781
35517
24865
36974
32786
9481
188
24015
29181
17242
12101
29677
25651
28719
573
18105
42880
24811
30756
28308
47847
1209
35602
192
45240
41465
11887
31248
5269
32610
875
22650
21605
1174
47796
3560
33535
26978
34598
1659
5069
37135
42380
47769
21810
18654
7589
41281
15121
597
40154
42856
12013
38051
8560
10972
29132
40183
49615
7259
9054
42143
39891
20780
21792
13429
47342
19882
33539
1608
37898
39683
28890
4731
33747
44329
18490
22119
12318
9960
6877
15706
10011
38255
16677
1849
39130
24784
19161
42754
1289
39926
44806
49360
24174
17594
27204
44623
34561
21005
46167
37128
21517
49202
5787
43105
8087
40387
164
7021
29995
45483
40399
39748
1307
20533
12763
25911
38681
26590
49854
28027
23354
14698
5168
23615
28278
3069
8872
5152
43516
35997
1606
8723
28997
19904
21456
17708
16667
36781
49318
15253
29941
26977
18348
28100
13683
32188
19815
30375
20731
18404
23650
47941
4905
25546
14333
32262
42763
47779
16880
35193
8958
43321
2993
34358
43276
27658
12400
28613
23852
32683
36180
3232
40099
17629
31330
38707
5196
17322
40704
10547
48158
12120
4104
2423
24473
1683
31952
5752
47761
33654
31622
31690
5351
35912
22341
17717
39408
3983
34779
47138
30407
26331
41358
17061
27569
20854
10809
41540
14920
31527
13569
16085
11648
24862
23732
7985
2153
42567
28682
10751
28487
10020
12042
34064
29491
12709
48152
13262
11993
26946
26694
36486
21062
37328
3412
20938
29658
21134
44336
17510
10351
22773
6254
26940
9732
29532
12440
46598
13048
33971
33578
41183
12376
22477
35185
76
28977
24824
1675
27065
41081
49810
14165
33590
12717
48745
1855
35187
17031
17765
6853
136
5731
9086
31296
47373
6745
24820
46532
47142
7726
43977
1194
36713
48338
39284
36821
20196
535
9588
25082
44157
20479
4902
18415
41438
37144
11138
11073
9875
10173
45839
31617
23506
36413
18499
22397
23472
24575
26254
9646
23266
45930
189
36179
26153
9619
898
37730
3456
21900
9226
3544
3446
33769
8410
1644
39150
34536
34509
20865
18944
28905
19397
15824
47686
38163
14507
4745
41130
3126
27511
21184
25194
38061
45727
13880
48884
1549
39586
8017
24499
20704
45054
14104
3195
45609
39329
42980
39739
31118
20172
29253
28778
49605
15317
55
38007
46704
44497
14366
40484
23882
40986
19476
27839
6352
22545
38909
45037
47963
36777
32139
30172
38324
38807
29486
19255
11646
27116
24158
16400
4648
18351
11974
46229
10087
2879
11176
14908
3897
17496
11639
38121
46164
44436
45299
19671
11142
44534
34322
24042
5496
18836
8871
8587
7723
9974
27582
20286
31404
26512
32766
32369
10800
29584
3303
12029
21488
2780
30794
14799
49357
38811
18311
18299
5538
33911
35521
25828
2654
15930
14580
46733
3933
37286
1445
30534
6876
34031
16659
3280
15569
21525
1102
42125
46596
2567
42045
27603
27061
25354
28886
10979
15049
44444
29505
15660
41995
18302
15521
33170
29311
36281
38561
21248
48836
7090
39967
1520
29659
22021
18469
43971
17361
43430
11853
28421
11526
22496
24503
10582
46727
25172
18910
35526
38270
8287
24765
41097
35728
17714
1046
3987
913
58
49733
10281
9287
15429
24777
19021
29787
17530
36735
27088
16452
35396
36220
47677
36416
45988
12475
28419
47356
23645
42302
42872
8330
34977
3318
42628
14281
20588
43690
17895
21945
45407
46879
34384
19959
5129
28469
15735
21501
39872
43049
37486
14729
30605
35931
34588
47324
21825
24755
48405
24571
42397
32497
39326
45860
41820
15311
42222
5115
46968
44867
14925
45282
22900
33061
43186
32619
28174
36304
34054
2344
10335
7201
32865
49312
2110
38593
6851
12531
28834
42013
36287
8400
2262
21333
38855
11706
10634
3820
9853
36385
4242
33473
23912
47704
9760
39145
38912
33229
17969
18290
5585
11066
32661
18154
2459
43121
595
15380
37647
21051
33326
47596
44792
4940
29124
17221
18241
6881
18516
30303
36512
32715
22737
28165
683
33980
6263
49814
7137
25175
6380
37968
23173
30496
7806
4959
21464
39565
30439
4916
9083
44546
46058
34403
31232
49359
14145
45774
45629
26960
28528
5224
14064
17861
34551
49626
23277
22663
18527
23011
7291
17203
9350
10593
26008
38335
28378
11446
16043
45254
45977
27291
28290
21789
23718
32066
39803
6600
5767
23152
49686
15656
36020
17144
38266
13840
49406
10965
25521
6348
19801
451
10264
2324
47846
40049
17333
40769
33255
12476
26573
32146
43234
27195
10565
46036
20101
37002
32249
21498
5772
24907
13186
8637
5635
32830
42038
20931
46062
40708
1721
2584
27711
29369
15373
29577
25629
6010
46205
15885
38963
39304
13298
9627
27574
19700
42796
44501
858
38931
35577
14107
49645
38902
21708
623
34955
5610
42005
34470
8593
13615
18192
530
39731
911
4842
49617
35476
251
13303
8178
14946
5079
35011
7322
19032
10864
34620
17485
49452
46793
253
20201
36350
6177
5739
39487
42936
21539
42788
42579
18549
10039
44560
25746
15273
28552
49296
49210
27805
14412
42892
20548
32073
21484
42536
25552
28548
34375
44087
11799
45455
12106
17732
26921
408
44869
46237
3101
33395
8529
36163
27515
48061
30268
13239
31421
26070
15548
10645
21309
20726
29395
642
11760
33204
20615
4701
26245
48806
49234
2321
45472
9828
15352
31791
26559
15752
4754
44745
19898
15776
5862
812
46474
14567
47592
46584
20602
35125
35451
17622
1579
22484
42518
15661
48534
35156
21624
7769
10680
43733
42282
49902
9214
48229
27741
27324
14058
33105
21774
46951
30191
35071
30579
39053
41406
46883
22850
46478
13570
47155
33715
34914
43340
46812
22486
15649
39314
35995
27304
8730
30946
749
2811
15650
11182
6095
7567
8501
1705
18064
7069
24972
11860
19894
11402
22146
20279
28536
40690
8260
29458
5246
47887
30309
15604
45253
13391
2633
26758
4123
16866
11287
35982
31513
37458
32474
13829
29570
4446
44969
46457
10596
17054
11224
3608
16326
9904
26667
19341
42135
7115
18265
29775
23873
10600
13120
10129
15371
49960
31861
11495
27785
7668
19214
25331
35917
47049
41960
25085
2767
19258
41181
47467
8592
4215
2125
29490
34863
44768
42219
49633
21658
32985
627
32491
9806
43125
38439
43705
9415
5830
937
2679
26044
22074
30731
22033
25900
39780
17747
24247
24566
42228
27893
5322
10997
21663
43692
33482
9399
6949
37284
4046
17769
19090
28938
25365
44843
46475
7914
44744
39558
39649
23144
3270
4818
48199
34432
23748
4977
42794
29047
49330
2754
24497
12509
10767
47124
40847
48138
29322
26393
33214
42078
22100
49391
6291
40148
46482
20834
26075
22576
26743
43685
40742
43423
36041
2844
11054
14564
48740
20212
46048
37338
12006
49203
6024
16640
29829
24842
16981
10895
43458
26161
13579
16434
5629
13860
2837
25862
29638
18886
22303
17430
48563
43555
46797
14811
2035
7165
28698
41445
44985
47372
17087
337
7836
27316
11128
27852
49251
3283
44417
45170
33336
28477
30065
30562
47104
9313
24635
23215
36462
34750
9823
6829
45340
26974
43614
47891
1349
15000
7486
16976
9786
3795
8629
13111
39837
8413
43145
46946
6090
43620
46591
34469
45294
10361
19936
49525
38529
28082
20060
20238
43298
24522
48916
23085
41675
43605
15845
20959
2808
43703
46160
18769
38926
17516
15069
40344
11156
47502
34366
28417
6713
25422
19325
28992
37689
31763
33982
11033
3054
32979
29344
32922
46050
13491
40773
46138
48683
3899
41542
22270
7565
18486
20208
34388
26403
30655
47519
45113
8512
42006
35356
26539
43511
43363
18745
45522
11098
36689
31666
24480
18128
4251
7951
34214
3380
18097
2987
1696
20858
49356
8040
24008
21478
44839
22176
17672
13753
4315
38372
41061
16635
10379
339
33304
19389
21974
10516
273
37273
38906
13158
3008
27783
6843
1181
16727
44602
42429
16055
20082
22122
18244
9032
9377
32183
592
22048
46047
12660
38606
44790
11554
39580
19987
31119
47028
20303
38382
2087
183
38759
24136
43174
37301
5258
22794
41252
27444
38118
13301
45790
22659
5205
28789
39189
46406
37154
49916
21301
47490
47960
7592
48635
16682
12782
1336
39576
37447
28222
14014
19094
36325
26244
30818
43218
37427
25562
8448
11922
2211
16011
14369
10445
24882
20701
42254
35070
49889
36371
12250
49307
44639
26863
28359
29845
27657
26987
13885
9137
49090
13697
47989
27982
47238
38640
47850
33344
42867
19754
20356
28461
16795
4756
31162
40358
18801
42510
18059
4840
31963
36017
30333
46920
28088
8204
48156
42548
57
23585
43967
25594
39472
15159
39664
40616
12564
19460
2364
6454
44116
45685
44562
9047
30077
20576
34947
12160
7023
45699
10843
17941
17093
36433
2506
25531
14379
35258
4629
15915
6810
44294
37996
37775
26120
38532
28663
40348
36063
49911
8283
1780
49780
30275
11467
28607
13853
8805
13475
28251
39853
10176
45273
10109
20276
7040
17295
12781
13706
14906
47420
39091
46201
39264
19210
45399
18098
12607
30978
39434
16372
43855
33417
46056
6280
44788
27487
20020
38059
45669
18288
5319
13487
9937
41526
17032
45954
16032
42833
14478
14001
39922
12565
32812
20811
40554
9581
7757
26813
14136
46869
39287
5524
5032
27472
29281
44783
21812
19276
1503
46318
18118
48397
9255
31092
8939
12846
40258
19526
40535
48028
34801
185
42842
28218
26243
43748
13260
13271
39456
8817
32102
26257
26563
16782
20899
38882
28440
1898
43014
45429
25890
869
23109
45910
43220
10113
35598
13425
46497
41319
30997
1670
29853
13656
22275
13996
39795
27421
17367
7605
20714
46518
30383
28570
5954
11951
7521
35413
11147
3867
17330
11419
15907
28175
35379
7678
38130
44318
21560
9556
9218
3219
1984
41916
42893
9989
43882
33301
26658
16949
35189
6377
8670
40098
26407
37573
14269
41143
12952
46280
24039
25785
8007
29810
31344
31269
18739
3714
14286
36901
30975
24035
40371
41720
14101
1923
25917
4805
32185
23965
47957
14525
21920
3442
16337
5932
30255
35233
40151
38101
45800
13682
35855
35795
44660
41476
47081
5901
9461
31526
44861
44356
9335
13618
9517
43006
24902
18157
44581
31302
3346
39858
6954
8337
3892
48766
42954
2072
29762
33559
47458
37626
23027
31797
44434
24918
35809
32350
27135
45682
37961
38717
22388
15835
13220
37057
42595
17945
43467
2170
36774
38075
41932
8988
7352
30398
9116
3797
45931
21450
43025
27617
43489
40372
21388
49643
31395
31916
46423
13009
33490
4619
43085
40529
24985
27214
43120
30525
9992
43078
34554
44777
24337
8092
8249
30124
13183
31043
30340
24747
31829
24040
44580
39568
38100
33313
40405
31479
23203
18538
23279
47557
37708
285
7902
39659
20922
40854
44234
29996
4918
7381
38993
16145
44252
39106
32149
21576
6819
15526
16810
4310
44738
26956
7332
42423
31063
4439
26231
9796
13913
948
47284
23937
4367
45153
8909
2377
24617
25145
32214
44658
16057
15680
11228
25432
44913
18199
2663
35062
26383
39823
8135
22466
1863
40241
6
1016
15807
26756
24092
17700
34694
16462
28283
2579
27548
48710
41831
42686
38692
14367
46853
20760
25436
28791
47423
22416
2954
21508
3762
26689
27114
25074
20633
2899
10624
11084
15478
20007
4225
468
21436
44445
29305
35176
29574
40909
12067
6816
34276
39830
24395
22885
37491
24724
25402
49595
18804
49025
22298
41904
29767
35290
26716
27276
29827
13069
17892
16177
29901
27731
41440
21909
31072
28574
9400
34873
20460
15601
13399
40809
17954
24919
14252
41678
2719
4673
19058
31381
4398
10939
45436
15127
33475
44490
5102
18940
29177
21401
45351
37559
3645
32821
47982
18758
18449
16910
3549
17486
43923
10482
1651
9938
8257
28455
7892
23708
38230
10298
37753
31589
18037
16872
3502
49884
19566
9467
26425
16180
23778
27456
21435
4477
48423
38135
23183
15617
33766
44761
34670
37052
32883
10151
8173
21543
3695
26246
31053
19900
5850
36571
35750
17837
27127
42088
1441
13376
38700
34180
39528
21947
47591
344
18822
43444
12314
16299
2516
4097
37451
21230
9817
16737
31216
37045
37588
24454
23095
42377
12053
20066
47292
3250
33883
28462
33316
13323
22860
28643
2752
40647
7392
30970
18006
14389
33147
25700
7279
11062
11921
18412
36055
14283
34718
12838
41347
18743
1533
16948
28679
40427
42141
1517
29956
42070
23317
38353
43235
226
32639
30347
25176
34586
46381
27382
8973
31511
45018
49973
3254
10639
43968
17446
19475
48802
37043
24177
35064
7075
47303
27399
24636
9631
45811
2030
25163
41900
15774
40787
43522
46520
14081
38719
43939
32492
17077
6924
43108
3751
32887
45825
46784
35977
24210
27919
9759
21712
14623
11087
15456
47500
23665
47855
24684
47130
2761
19385
47738
33195
38512
36128
26108
3944
39884
19290
3943
17303
19415
19224
32261
6078
3048
8428
17412
48995
34960
36354
9771
33090
9687
23415
46822
39318
47955
12346
13648
22814
7875
29276
7474
19850
30555
41806
47828
20762
8656
37312
43210
39486
25879
36530
48398
11619
14725
8848
23717
11789
9007
