49165
11341
16904
28026
17849
20152
33744
3486
48161
35926
3814
34981
41766
21135
46451
4115
29909
29780
48404
13449
440
46340
47462
8832
29858
8366
49518
17315
38862
1456
18912
32477
37390
36909
48870
12841
9278
1271
10197
28738
10107
1836
32018
8557
17323
39511
18397
10081
37293
36935
20054
9806
23185
25936
16247
40230
38770
2389
42284
44267
3489
35949
35620
31199
26102
6222
45235
45946
45646
9481
28877
47996
38784
27812
3126
30720
6936
3054
27934
13128
31363
40168
27326
2765
38536
6983
15578
37693
33617
27768
32795
21691
14575
41980
21701
29182
891
37564
46401
25954
17146
300
47653
44482
34910
38810
20265
45944
38329
16051
5086
9343
39478
16394
42243
3737
39846
15248
28874
27576
26805
37731
7540
20432
14610
30722
21644
32333
2762
33469
44296
24086
48762
22948
44058
48358
11743
24946
3320
48513
3167
6253
8209
11265
3460
40549
16935
47745
3196
3360
14656
49866
47495
31880
5778
11499
16383
39167
146
24760
31208
41003
45840
27976
39687
35254
47345
31390
30735
29296
34977
36749
11301
14301
48196
17877
45082
7339
44182
17335
15244
20072
33690
26923
18444
25666
10930
20860
23584
34904
14945
11418
12126
31888
19382
28831
23551
9141
4644
1950
28057
589
34013
36586
10343
23708
26072
32147
16212
40662
47978
28932
10873
33823
9865
3276
9476
16336
48181
14695
39933
3295
9814
47306
20043
44093
7168
20645
35339
29384
36405
5596
27950
43609
12839
9359
43425
7836
45518
30945
49252
19682
48340
17137
27683
42836
8690
39876
6519
9082
2978
23921
931
21725
48101
1502
28315
2770
8730
16432
3343
9784
19727
8980
30240
42518
43269
37573
5918
19199
16783
41000
20650
9188
23603
35098
32910
27054
24477
36156
25534
49169
21163
5100
24632
28158
27365
10682
39585
15546
28079
6009
15364
17217
45286
5775
10077
34564
8564
15779
27037
45501
1273
35056
47520
17861
39522
14035
6952
38614
22012
47482
42010
10115
40742
34808
14778
48164
45280
45675
47740
13100
48288
36588
3358
30836
13557
48627
43524
14030
15594
22067
11850
14404
20568
72
34313
48220
31777
20202
43978
2412
40550
12567
5346
38312
42290
24712
25915
8257
29628
39718
25294
22386
28326
10815
1584
48551
6776
5254
4638
34578
34863
11779
33787
3368
48401
44082
12620
8438
14052
47873
19358
21323
29292
36358
24900
33648
43446
41075
9266
12610
26266
49812
1506
9373
10155
31209
32378
30094
36767
44268
34179
18126
34733
33138
18405
44519
26365
45813
31216
27439
11700
48390
6585
34768
47242
30991
26659
26315
27961
16442
41130
32757
42237
25097
8241
3363
39769
3425
10786
20239
23975
39959
9024
29245
27938
34879
17745
8096
16546
39432
44954
13195
16586
6981
38375
42423
15864
34428
46053
7132
9514
17172
14107
43633
1006
30802
47683
30400
39803
12123
7606
19711
12765
4257
7538
9271
22063
19028
40865
485
20870
4598
31991
43851
44986
41946
34975
11190
10811
49334
6148
36495
42575
42264
37410
27565
13475
45464
28866
41222
42092
38598
12041
43266
23156
40928
47572
8738
747
1618
41920
12160
39005
24978
13598
34125
20169
49690
2191
35482
1120
19741
26168
26290
3300
17593
34651
33557
43799
43355
32063
9854
45520
3818
35107
16573
25781
18980
49248
46575
21386
34644
37214
7185
35703
19014
1665
3764
13365
19874
3613
27311
44400
36773
22886
26557
10524
11047
21207
11146
21658
8925
25353
46983
44466
30576
48036
42628
30816
40845
25604
19353
7672
5863
32408
9378
2538
14701
40588
2176
37326
24301
12795
17041
36225
29418
13423
35402
33637
5897
13744
20094
37633
34980
2422
45124
8617
45885
2012
3512
14680
30992
9030
32627
30885
709
31459
4706
5972
1291
13927
19908
6885
37580
4240
29814
36277
3527
7474
35435
10798
12849
36775
43942
33543
45272
33250
42989
21493
1821
15656
46418
38391
14115
36576
444
33887
17869
47275
29443
2099
3871
7007
17623
47050
19902
24701
12816
13389
17313
47385
40007
27071
7489
2431
20049
17474
49044
1869
45583
40382
38785
23626
10525
24821
29534
31525
35149
16170
19211
49109
4574
12069
27035
44352
33258
40167
1086
19761
26602
7080
18684
37597
11822
27419
30459
20968
14388
27587
27043
33700
5493
11840
12363
37964
36102
10855
45023
32347
24313
1868
26346
12447
44097
40987
30297
27424
21623
4549
34464
3600
31892
43099
7005
5512
17988
13037
23459
22544
34277
15093
1334
594
48052
26890
46314
2185
49205
8496
5997
41427
43881
25876
14917
13777
46518
11851
47477
14019
8304
41935
24444
18265
37477
41037
11633
38538
23481
21539
16826
10573
44427
28580
21770
41420
45857
10532
26391
12947
34873
46993
10780
46733
12095
11376
3886
859
38398
251
41112
21439
4547
31437
14733
10933
25446
33893
25455
14394
34501
34146
21271
46865
23286
9183
24093
42538
1807
48001
20924
24897
34011
30370
48937
34791
40489
37221
16719
47802
21943
32849
24341
37990
14422
17132
35976
35061
47125
33105
33828
3236
33942
1993
26580
43533
24413
37199
26667
37640
43741
3423
8103
3778
30088
23122
4175
271
10057
8894
38361
32761
9063
10039
40757
30321
20240
48693
41941
32231
10540
14139
22121
9152
17144
40115
6653
10409
49701
43426
44325
44659
9833
43492
3928
14848
24042
554
29771
46795
23378
39889
21713
41094
30029
5192
22432
25593
11224
37840
17575
371
8338
12798
48463
45321
4646
21955
41254
38135
25691
35605
38429
40573
49909
26199
18273
18665
4245
12629
14654
36355
19403
5152
31710
65
36449
25838
33424
37682
6386
25273
5067
19856
48934
10851
3623
18888
42919
8077
5133
45616
37521
9592
43828
9093
23354
46421
21106
23609
43286
47754
33861
17553
9485
28232
40595
49549
44339
11817
650
24391
28244
385
43571
31021
34741
34026
48386
20250
39619
45923
12432
29519
44687
49269
16772
42996
26504
889
19396
16891
46174
47847
15860
13352
24415
26376
30342
24572
42277
1752
48687
2547
24330
49599
2451
2415
31384
26141
42591
35136
35610
23321
11607
20445
35438
32708
17746
41604
4043
13183
42933
28403
39413
33716
4181
16355
2216
36982
9869
41760
26834
20428
26566
48421
48354
5002
23981
37759
31761
22071
36359
25679
19700
2683
19986
28634
13979
9354
40806
4426
36619
10000
41219
9719
49958
7741
5034
13464
3710
39492
32321
26322
36094
45983
13353
7876
36186
41599
20525
19829
41186
33007
29083
13828
28941
33821
49287
48594
49679
3406
16012
23958
29617
17249
9014
14958
9004
49004
25084
12144
25329
21120
45736
22787
5744
37520
2568
39671
40817
15623
15079
9035
26615
29615
33128
27719
19421
13583
6205
32850
14847
7213
19689
15761
48432
1637
6434
8058
23759
29897
31442
636
12667
25108
11947
29149
42085
1606
14960
44354
3826
36085
38450
27023
43779
28946
46457
45789
48364
14429
44992
29900
48703
14618
5742
26709
6465
28104
14440
18822
6244
24395
16861
27668
49110
39354
14393
44334
22650
38748
6661
11470
46286
11600
38496
17911
36475
39282
41545
48226
11485
33139
25536
553
37102
37744
45671
30754
34117
35445
42306
23769
34552
37940
14635
26188
41729
37005
14010
34114
39159
32911
33092
40805
4895
20337
19124
45460
6328
217
36068
30264
6822
44135
29057
16606
17955
4006
45731
38898
45895
36528
21058
13709
21728
37766
42098
48489
48833
12463
32379
34954
8343
14122
31092
573
44105
37861
8632
28354
43931
7843
23173
16763
10989
24235
21389
9860
34348
2558
33042
16121
43321
49418
48869
32099
27688
31602
29465
6099
24468
26941
30195
29372
38228
41654
33584
995
42029
14487
38184
8480
33544
30273
29748
31158
16263
210
31487
20079
822
13445
45761
12521
28415
9921
25869
10735
24095
6910
12754
4203
12121
2732
24044
10810
47289
35693
2647
12907
26028
24367
19411
23887
15328
41753
48933
10821
22039
8792
4907
762
4188
47567
28561
49997
21777
20388
7125
5354
15284
7963
10374
26380
45313
9182
31142
339
34248
46482
42200
30993
31713
32787
3829
31885
510
7002
2971
11371
4368
6364
37277
29022
40523
2347
39420
49648
21224
22108
45846
23417
47933
13189
36846
29310
40445
4903
5798
33601
15278
25796
37393
42475
45666
48290
15549
36560
7394
2466
2421
12208
13565
10027
7289
30674
3843
5684
14836
1
19858
20900
21165
47051
11154
1017
18857
2498
7507
41583
9380
39380
42424
14161
4389
46644
18713
26670
23194
17174
5770
10928
4453
21722
15661
10438
15098
9366
44913
10877
37189
7200
46124
26896
47430
7325
8364
46103
18752
16744
8863
39625
40292
39223
29774
21095
29204
19611
39847
40598
16163
15127
7917
2894
47527
49743
27805
16367
11573
36733
40043
287
25147
37396
18936
19118
1945
6999
25045
42858
20066
25430
49857
49048
11402
28564
39906
17995
49144
30121
10020
25642
4525
37837
34368
27491
5855
9250
18454
15901
32098
591
3376
12117
42746
43518
34483
2277
16966
23659
36855
6145
5004
22835
47421
33259
35641
8344
8362
22523
28282
39039
25610
40849
20465
36001
2879
11063
14197
32657
1229
37544
10870
29619
6668
21325
21198
22913
22094
42022
2101
7768
26105
41716
30985
27441
39917
23762
17845
20599
31615
14042
24399
16809
39120
24616
30418
42097
18782
21347
12670
47742
20755
2119
34526
14461
1326
33099
3163
46956
6809
36850
6187
2970
4647
49480
1840
46909
30713
27666
44412
43661
13269
17378
15905
25089
39593
36158
40226
40124
28852
1951
2174
36323
15076
33343
41953
28768
42432
48331
16989
36459
44657
8993
3101
8068
34796
42820
11013
39634
5751
49001
48615
26886
10708
25986
26513
47761
22677
23
37611
30650
8700
12075
48710
17316
36256
26734
42753
11403
4509
45328
30658
32079
2041
24403
8009
39875
4082
11692
17527
30009
35236
30234
29857
9507
11889
43917
42608
40658
1418
24652
12734
13240
40337
49974
28725
44438
25861
24772
26329
26577
17958
45179
22348
3197
39485
5234
23941
15664
39678
36456
29589
7638
26120
11760
13540
15015
38017
19013
34054
21337
11534
3955
47147
30706
47347
18296
21030
32225
40359
10613
15120
37366
18789
31791
33878
11136
29911
28721
20373
23658
20614
26122
32286
44188
2738
1798
32409
9042
26410
12507
30002
34044
35892
4139
9569
18072
33418
3947
19036
42111
29856
46823
49055
36374
38908
335
27212
37279
34215
1783
19765
18544
33167
8337
45893
33030
17947
30442
20839
3563
22825
9671
10620
14921
18482
19905
36178
28456
11516
48195
48122
49449
8950
19536
41426
988
20655
28484
26591
26712
16841
49726
48050
39583
16162
21589
21245
1602
24778
24683
17272
45799
16378
5880
41975
14838
14286
13254
15138
34985
25237
21791
18856
7143
48417
31870
17143
6727
9758
39866
24532
23670
36122
44675
30539
48323
31829
12598
48511
5736
37571
36701
39611
20711
11847
25428
33426
28320
26797
37094
2116
20778
27024
38356
38481
43996
1146
25570
22979
7311
38022
38499
44409
22198
36279
24077
18479
45931
14119
9207
47967
2572
24970
1324
31699
13587
13649
24857
3248
13301
19179
30414
37942
34385
20883
12321
5163
47343
24193
46144
45930
18945
10696
23213
21919
15506
21689
24560
18613
14988
5528
6982
35345
35934
48821
26076
41512
6420
10433
16253
908
39719
375
24017
2175
2430
32808
17543
4498
1784
2001
17705
36636
30079
41887
25984
49422
31583
2427
11538
9282
4371
42649
3709
39496
3254
19922
47406
26339
22309
32135
28285
34360
66
22162
8100
34862
45817
49955
43096
46162
30276
26610
42952
29688
30444
41044
5032
45942
20717
32820
47750
30980
4201
19200
21075
505
24806
23158
24337
4785
28102
49352
32476
2838
32312
47589
36434
40136
1192
26333
10848
1098
24552
19627
21037
9046
19355
45615
16832
24735
29626
16892
9975
36813
25295
8711
28429
34004
45113
48377
22336
41211
42900
17151
21019
8386
48383
39586
48242
38907
37846
4736
41330
37466
35662
16755
1203
10355
36485
29551
6890
32897
28758
15134
8587
36779
32264
38721
1939
47876
43141
28177
1901
1955
19436
27956
13324
10594
45748
7571
19307
13012
8324
45729
18960
48437
14411
45798
28421
8959
6432
45234
34212
15688
8047
20011
26759
15360
47486
36399
1915
16477
25218
15984
44508
20156
9941
42834
17551
29431
49475
7521
7457
9304
43657
16851
27366
14977
26405
3659
7350
11036
7275
44
27148
16596
34447
43097
48679
44759
48683
27900
26947
9177
27863
1275
8499
5116
37519
32432
25100
19552
31056
17882
46925
28585
19489
34032
35881
46293
7016
26897
29118
31801
47863
27629
28769
9066
35549
8694
47864
42283
13929
14361
35086
24579
48823
45018
4559
2566
10799
22220
12713
48580
23992
15813
417
46344
1891
24929
9655
47832
25404
25374
43329
48300
33037
9623
22441
1264
3517
34315
38879
41567
34098
24263
9446
42251
32075
26075
47986
32545
29725
42115
31890
31008
2025
2089
11026
28727
6022
47642
7748
8610
48608
23707
18066
32592
44779
14995
20963
12723
25494
39795
43596
28985
23544
38074
19365
899
25204
12703
15412
31129
17220
28231
40071
44618
35320
22562
12055
12641
33727
7933
39528
38090
26396
34889
30763
26505
28822
183
41715
20016
21054
33191
32215
8964
46438
8929
15044
45504
24938
5137
30965
43075
25967
39228
30688
21225
9497
17796
29093
40409
6540
25198
41164
42495
4349
44238
11250
31781
6035
36493
6514
46441
4355
33119
26701
43117
28268
14901
44235
11500
30430
17750
42366
17467
25163
41515
25925
11228
31898
48361
44923
3656
23722
24582
15874
26472
39179
22359
28916
4054
23149
21662
12481
48554
1224
11441
17135
26869
16476
1234
25481
19389
28469
22893
12180
35810
29171
9298
34481
23403
30004
45562
17238
37881
39504
35671
27785
9411
5186
47551
44770
6927
16869
44704
46652
49694
5398
231
19886
40018
21463
37093
11809
40175
33792
17209
17904
13073
3860
29294
40376
48945
14343
16034
14183
23858
6006
20162
15162
14716
16774
26851
2286
26584
33146
12655
28839
49006
19626
10725
48099
30153
43052
28597
33393
35046
47691
27732
38832
3787
19277
37936
8360
7665
37654
27020
24354
6311
40250
13999
1300
27670
47304
20921
9769
29976
42447
42856
6563
29367
22848
5674
4012
15622
12304
16556
34123
14947
36928
40901
2915
19782
28734
34877
14502
4411
18209
49585
25331
28511
4511
48757
7054
30876
2320
35080
49263
38357
13433
18880
3235
9997
32668
29334
42270
11921
19537
35374
22659
46852
28557
30727
18403
32487
35587
47329
301
22393
5730
9336
35789
38678
2598
11078
18674
39630
9475
11456
39193
7110
31819
36938
31704
5753
34410
33928
12764
43385
20634
48139
5144
28628
13515
35651
26793
14719
39982
28402
25003
29178
47107
16670
22237
42325
45002
19869
29180
12060
32074
5439
49479
6946
5590
31016
2556
31431
4104
41658
40070
15863
38764
20578
10349
5888
14210
2775
7586
31287
5154
30040
18834
29064
8131
46323
32415
2846
1943
7858
4244
4364
6027
17953
23650
39475
38065
20625
1116
38552
37308
2398
23839
9894
2877
26084
22555
13618
46770
48745
3898
23247
44044
42422
32293
44322
26576
9669
44096
26080
29052
555
39490
9193
23469
9648
33102
16754
18706
12026
26088
32714
41151
3957
11897
11869
2817
18344
21640
47095
25625
42772
30748
8718
20131
9246
31214
5840
4944
45098
20877
6779
40227
2423
26035
2414
27256
30983
21348
10955
24055
27712
2082
23498
43666
33636
30737
9559
35018
27262
30629
12745
15850
6305
17314
11492
36542
38199
49166
49241
3232
11218
38550
28459
40174
31219
17692
49457
5052
13749
32262
40486
18670
20726
5400
7043
14721
49115
47042
15298
2772
33320
1013
48916
23367
4661
11464
44167
44193
43365
2206
11724
13440
43746
29645
24558
37808
17594
14524
2275
45270
48320
41546
13812
32049
15591
23019
3339
34603
42975
443
3672
42223
39099
585
33901
6598
29276
8333
30035
17245
36031
21727
11159
44859
12083
10105
37871
26166
46992
37490
24759
25786
42811
16414
1448
25813
15368
48304
44670
37636
40513
843
38501
42528
22678
14152
16870
13607
3573
33850
8060
29635
25792
23755
21551
7115
40685
36579
9680
22210
38443
33485
20356
30810
40303
27328
37299
12275
36233
3534
28473
28808
45574
40795
4597
11106
1759
48563
47702
6393
13126
20544
18950
13405
2604
45765
40816
19269
6990
30398
24317
40171
7769
27677
9495
10329
45633
22958
42556
13834
21353
42081
15574
7715
42120
38208
20602
16560
47483
31722
32674
22415
44315
41659
15378
925
48677
26587
35022
9594
45302
30518
48963
14175
46466
41743
31182
10534
35855
22313
42926
26350
7039
31821
12524
26352
35011
40014
7351
41355
26733
14666
22504
32986
42871
32061
26176
19915
25587
9575
23885
28833
26009
12830
30123
32473
103
47255
8144
23717
10856
36357
15117
12894
21574
45369
43813
31188
10945
39244
47015
47987
20343
30868
44026
8281
41675
18015
9297
22058
39011
38781
27347
42005
46394
32879
39910
15175
16500
3125
13114
36384
26991
39027
38337
3800
1447
17814
17237
28262
32603
11238
13361
5337
3583
35028
29942
44672
11319
30865
307
4280
2669
28106
24198
16171
43273
19897
1928
45381
42405
26899
43287
44012
11896
43932
16222
10776
377
44319
12421
47582
31878
24556
8365
3454
47759
30193
47880
38624
15789
2718
33014
10703
37200
26562
30791
27964
7668
39200
11867
6935
37071
29806
19877
32154
3584
17541
10742
5559
49547
35911
46019
44627
16542
24898
12553
39609
40361
44737
48216
2579
45222
668
29703
14909
22627
38948
12835
30832
42316
34907
46240
11134
13554
7145
25683
20641
10929
28499
7076
19283
45718
7701
7344
36385
49500
18049
41684
9225
22379
12545
24812
26119
15516
38636
41573
19622
30804
13013
35598
13571
28485
17726
27425
34321
49245
43079
26905
24879
30732
25735
29883
49577
42116
1336
11386
29738
35631
32019
7056
16066
49199
26816
33983
47574
36134
44661
16333
160
28931
2076
14923
34685
48867
13891
16353
38533
12032
42403
9218
1263
32350
44233
45742
27796
33841
34519
12519
48501
42786
390
27132
26171
19544
11955
21438
27004
14790
45796
29928
26484
44550
30154
18879
32095
34275
24319
16569
11306
12379
6368
31202
36900
8128
27274
20004
45652
12438
9396
520
32039
2203
36438
22360
19072
13934
38530
22366
38406
41868
20916
15683
6102
7327
9983
14007
11412
44169
42586
11936
9054
39491
42245
10142
30699
33872
10321
49482
1493
49328
28775
17460
10802
19434
46976
25043
41393
42707
4058
45317
43982
26871
12171
44606
24722
15300
21433
35948
14347
9057
44033
24087
12779
7137
25093
22357
20498
38059
17236
15251
1809
19598
20431
48761
10323
29168
40467
7877
46044
11176
13149
43889
47817
39879
28873
40699
1100
19208
40364
47418
37510
15483
44398
43029
40563
24508
30410
33967
19736
16005
41057
28182
36322
28416
1561
26608
18531
43002
9092
36949
44964
24356
47267
30464
22505
47918
23606
24924
44294
28245
18244
15587
33835
21760
18604
31262
2342
40189
38309
7003
8751
1639
30225
13020
5950
43502
6931
43050
32719
32055
39650
48911
31065
46427
15711
22774
6768
10075
22658
44173
347
18541
31999
8252
3542
22142
22472
26215
20653
36025
31658
45576
34674
2405
21843
44848
15571
8820
32077
35839
23651
13989
31516
25366
28643
3881
37201
39080
15084
7879
21584
41806
28078
2564
41574
841
30617
40519
30095
10887
29552
37767
22484
49251
26144
6550
22542
7919
13690
11714
18432
35204
33882
9736
41491
24326
22672
33011
17806
12442
49202
36111
36593
6370
47301
15693
21334
875
49392
20195
16911
43567
25671
21408
42723
9699
1781
19753
30143
38034
27613
28210
23499
22816
31461
32127
33745
17345
3949
26500
40449
39199
36805
41841
30257
14384
47437
35091
3457
3085
15232
49691
30307
23101
48065
6902
5313
36012
3808
26548
17073
11276
3399
41308
15600
48952
13480
35672
4899
40254
30599
44308
30363
34110
1099
7470
8067
9930
39253
1330
36505
48811
6405
47735
6708
41694
18819
19924
49913
33798
26390
17159
20754
1118
28222
37816
28712
38419
30890
27848
1887
29216
1963
24567
34237
23882
17662
9611
5828
2743
41575
23598
24204
49022
14985
11131
23637
42966
35753
27396
39507
4051
8753
20849
44254
32232
23133
6791
370
23768
23139
48418
14164
48631
4700
16601
49167
39922
33253
29868
17848
4933
3798
22557
18079
43675
38663
37710
49523
34191
44291
17113
4649
38634
48730
18698
6645
31855
23714
41504
27498
34058
25772
31744
49000
30881
18741
39442
14796
30900
25862
17864
5504
14193
41536
34265
48592
46015
40406
42905
42143
45101
31450
23230
42322
44535
18281
19723
35833
33643
48509
3839
37800
44142
29974
25506
31285
24862
1186
26025
17465
15307
4698
15125
32450
22350
11042
3175
28776
41156
21991
30652
6403
14764
3715
49784
188
6945
42331
44957
47403
45529
11083
11502
29203
40774
5519
7683
45850
46386
7542
26239
35897
28083
12635
15002
40956
9649
35692
6914
17331
19407
12002
3118
34478
18612
34705
27593
33196
21228
14992
11694
1987
45035
39628
48293
39668
40336
47867
35394
8748
5073
32785
27098
10246
41452
12313
35536
5663
565
25559
27623
25434
41686
31272
29820
960
158
12226
18413
39693
35493
16226
49424
22863
10779
10687
43109
5547
33490
2641
1852
37735
48883
18415
36584
34009
142
6487
33420
17842
14381
42670
49636
33233
12165
10629
19756
8212
17410
46246
9999
21510
35652
39343
26039
43023
12246
7130
38549
31920
28730
18902
49454
24272
28132
42317
26143
31849
22097
40496
42953
41301
1496
26950
48795
34062
33508
44445
43413
29701
42452
34631
17757
25565
28536
44349
16118
34427
9358
6683
6687
29651
46753
27411
28401
16079
31923
47598
42482
19431
21394
32093
6139
14788
6766
25864
49077
11923
23497
37183
6165
34933
32400
8707
45706
47801
22191
40614
9762
20120
15495
6037
31648
26501
14500
12991
43854
21664
28777
47883
31165
23604
30692
6817
38798
27682
26900
46780
794
27570
38890
24725
23973
44765
13564
558
7797
12613
660
5964
45348
20656
8314
48151
31079
47284
6830
46402
10539
3847
14537
3889
42162
47706
6094
38667
32812
31052
3402
8497
4254
41192
2921
43613
15658
14225
12201
37724
27091
15820
46298
35326
13444
11596
27726
3592
127
2902
45826
28595
36965
48444
16219
39221
5033
34223
29624
150
3934
1389
18368
27966
18996
43864
32138
1217
49662
41518
31908
12652
27940
26226
25649
49217
19918
9526
10538
8400
15216
29344
17114
38779
9904
15704
36036
13373
13327
6837
12190
16379
16843
47032
6046
28224
15687
21017
5669
34848
29841
39388
40869
23665
46991
37198
14456
41195
46783
33936
40923
35733
35994
23868
18497
10352
33003
21613
11675
10501
29187
14609
6256
3959
32530
3745
3113
6968
10719
34092
29364
30490
16403
42897
11350
21936
46409
44863
5479
18348
35114
44059
40620
28118
14638
39919
20075
24175
41765
46075
28780
41761
36381
21950
26864
40947
17334
26294
1802
22288
8594
45936
38063
25155
26273
40403
34818
23395
29470
46897
29208
2645
45908
28724
8113
30055
42436
24305
21461
14469
18671
37448
43217
14584
46864
26474
22758
45612
48847
49729
1563
10410
37918
37336
42130
11095
32987
10775
2219
42246
23728
46353
17297
28890
42303
9858
24580
8646
731
44668
43447
35691
18420
2305
20560
2671
17684
38060
16749
39647
1457
34642
38502
7883
23739
4374
8298
21655
45249
1855
31768
12397
42210
41718
43448
12606
31901
44718
47365
43215
4360
41123
38631
34024
47244
5563
20487
27079
4338
13570
46405
7824
9102
6414
49887
49164
23261
1032
25492
5319
39498
7723
36989
34866
18159
33136
48155
22194
43967
13059
32677
14216
40605
48672
14176
37912
11027
23225
34921
26490
6049
11015
3682
10059
49218
15410
26748
44625
10906
13665
39853
2551
33824
11766
28375
44385
17657
27448
12292
25762
45684
20842
9444
48940
29357
30487
24019
49016
8910
28190
28788
13014
17650
7352
20868
31074
16887
27485
30580
27232
49849
33658
44263
43444
5797
6547
26117
13920
23109
32720
33846
26320
30999
46132
36010
5001
18139
1508
4964
9132
33960
4604
24548
47560
29612
7781
16862
3705
33295
29126
30626
22264
8052
27681
20707
14148
40329
38592
25291
2372
34740
40919
4114
39503
23849
28984
12851
29760
16357
16863
43386
47315
30798
17156
30644
37300
24411
18245
24768
16231
36782
23108
2731
13663
13664
25460
1117
3867
32937
41608
48954
29311
9347
30043
47387
10268
16853
47823
8765
47852
16242
10064
27188
9178
5857
44862
14420
41278
11769
39048
41235
16668
49762
29631
30777
25718
23445
39139
21062
22450
25647
13549
329
14522
14951
32173
40743
17328
13143
3499
17022
42540
35960
43442
6071
6298
24045
43058
12452
48576
24764
6944
44674
46589
33493
20151
18626
34670
15833
34243
43277
36519
20872
34888
11029
11232
31064
1736
6551
2335
2088
19466
5762
16814
20357
19384
27758
42510
46422
9612
23290
26388
16022
13717
29516
6580
45291
8327
20354
37320
43703
16912
28893
37666
14080
29514
40309
13233
62
4885
42486
34792
45629
47326
40864
31533
30319
13025
3812
3074
36247
39747
7654
37860
15270
20934
8025
24224
34408
8745
26437
27120
981
17210
33757
4481
28006
7101
23524
46238
38404
20165
40910
29925
9162
6101
19410
31767
40512
10765
13798
11960
22685
6911
45785
5487
15373
25356
534
11436
11471
49227
2583
3738
46375
31728
12633
41292
8051
15104
16131
33208
19945
4211
26485
21477
8649
32131
3137
20878
34572
43495
9634
7632
19079
2507
15436
28295
27068
8066
11985
29789
39559
27042
48152
25722
20294
33288
4516
31536
10715
18563
3594
4067
29235
2543
290
35670
46756
22041
39175
29785
10946
10822
22283
9337
9824
3510
36071
16997
30908
21619
28468
8288
49291
3630
6510
1657
41275
32291
30170
26514
11604
34155
19083
33931
32175
20369
36263
35889
21499
35083
9353
34118
5339
30057
39565
27916
19954
15652
45654
24711
2060
7974
4985
11117
9348
41320
8605
35737
37703
42318
5197
15927
21167
32835
24803
33221
11682
22449
11135
31045
16181
36680
33778
27748
36345
36098
15725
29607
19698
30301
34409
25429
47765
7315
10283
25220
1768
40239
49219
40049
9670
11645
34604
16334
37276
14704
24238
39560
24741
15081
42803
42743
18186
12977
32930
3691
20256
9747
17909
7253
17516
26483
7158
30899
12196
34986
15362
47389
41689
48123
38896
15250
10705
14377
33753
42605
10885
14775
14477
34507
19524
32506
31210
29160
13974
49825
29076
42748
21222
49864
7264
431
27584
9937
28072
26547
9578
14228
36979
12306
39364
29652
37628
12444
42873
16536
39351
29523
49005
29264
39374
35507
36940
42846
13552
3017
31519
3408
9793
30080
15207
27791
13088
8230
13838
19332
13910
9660
42592
49555
35615
494
24417
22934
36535
45993
3960
19422
46651
10042
6715
9501
11558
14414
13248
190
46901
29906
38707
32574
26400
7796
32899
44104
42987
46819
42260
45605
33050
48849
39653
49068
18133
19022
40408
44577
1692
42865
14257
36664
6918
24501
26545
32594
47649
19665
30502
27386
24252
16484
6884
27637
39663
10729
15870
41167
36395
8590
11854
5114
43222
31342
34356
34168
11562
23907
45844
16466
40333
21707
1522
43164
10244
30126
7154
33679
23256
40220
46802
24418
23434
49333
2279
28347
10191
25899
34895
16681
5689
22737
8878
18027
26180
33344
44010
17729
3801
33830
29943
6215
11940
44548
9543
49765
36653
43135
16535
34682
41812
11247
23291
32255
29993
1755
16133
28399
8754
15653
17308
42154
19900
11065
34966
26140
12677
29587
27981
9953
29890
25888
39558
22373
38914
15603
25053
41771
25259
36267
14677
44788
25973
8234
33856
46059
20183
47902
9113
32904
26684
31368
32085
3647
33916
41544
27280
23679
38101
26130
13144
41834
38011
32387
43664
41950
10112
19426
3487
29776
5241
42329
31955
40645
4601
27627
38849
6254
37037
35330
15027
22344
46324
4807
42778
39205
21673
3022
8076
34477
13041
39302
3530
34539
26829
48375
19170
17342
14465
49057
47555
44054
25261
35959
41967
38694
49600
23625
34850
32963
31687
27930
42038
47424
3988
9838
47436
9245
3929
12671
35237
8001
2708
37
8306
17035
46973
16673
24993
41358
4347
36861
19972
49484
35611
49869
46365
42930
28713
23802
23664
37133
7420
5290
11216
37694
37743
29726
43580
22242
20028
26649
27843
14470
45932
11049
4384
39379
24294
19824
4486
45281
41157
34446
49355
6198
26826
2154
33141
12967
13058
40671
33705
37507
31790
20098
46196
36273
30194
20681
16696
10493
350
42415
37548
40418
4348
41954
11155
4112
42295
12264
37858
27826
44470
39395
32413
5788
42812
25352
28711
38959
19998
47185
20515
3730
6880
9459
24536
20858
11763
1216
4765
32504
11749
30997
13105
42365
38938
2002
34220
35391
31260
39527
17393
9149
19005
21080
32922
43145
18744
6424
44855
40899
32277
11284
48455
20304
44310
36056
46764
28356
12565
720
7718
33903
14659
36394
7290
9657
32789
11786
15452
41340
20073
42602
2629
31726
49176
29032
39683
36816
528
34308
35786
22927
20923
29081
9521
26332
29339
38805
24927
35073
17469
38420
49853
19911
43341
44760
36590
10494
27364
7312
11419
9010
28207
48265
29058
22884
37415
11370
15783
38935
11400
9646
18549
21355
18589
13295
21257
37646
48168
35578
28451
42570
29807
33416
24427
11977
13852
5976
46693
29283
27897
15503
35290
24709
37139
38350
47854
366
12312
31748
39399
27862
42973
49780
24653
17281
48069
2741
42962
20759
49260
20633
3768
48966
5806
10724
45237
21375
21070
16301
8982
13217
12050
27378
7975
39697
26326
46974
17347
20451
1287
49492
5474
10035
48793
5817
30787
17811
47123
26150
2515
28705
24807
19499
38673
25184
44943
22618
37644
55
25958
34571
22874
1491
43909
30386
44032
3445
9427
49258
284
36650
22399
6251
45364
28092
46407
24745
10931
39210
37622
30129
25533
23621
30185
1757
6067
30519
48663
24349
44502
30415
3229
40830
47005
42635
39440
49463
43552
8139
44333
48908
12513
13755
41148
28853
42674
31793
12378
41410
5229
19833
23176
46962
46846
705
39172
10975
35356
40290
26910
33832
33370
23827
17179
21934
43249
42693
46183
15531
29711
177
4321
8427
4093
12305
43292
48642
24757
19375
36087
39852
2957
25995
5230
27007
11996
15902
36968
44950
28073
48698
41983
49674
10614
6156
18916
4501
49567
31164
32924
39756
4109
14607
30978
6374
25165
46445
44821
3995
28683
19174
31430
9943
21372
38527
37620
26980
12859
25493
46908
46959
11432
5471
10898
33518
49720
31911
47812
41457
19539
33862
11640
46670
2883
25982
41624
17545
38308
24424
32778
25042
36939
36232
9576
13002
16708
5990
25424
42934
43144
36615
41306
12913
3547
44510
36243
15183
23674
9593
26981
32523
38278
11911
35913
14739
39008
33035
36159
22628
35807
29659
12747
40988
1614
12281
38900
10773
38118
14546
44004
44624
11463
20271
38037
20044
33834
11349
30565
49546
22933
30246
30563
35109
23646
12195
17932
48970
40960
31600
29562
10769
49497
24543
48603
13804
34990
41597
2912
10858
31364
2112
36416
24941
24658
24446
11733
46912
752
40665
30212
6925
48091
41453
9169
35305
45185
49632
41354
39743
25662
38989
29578
30335
22414
38020
5952
13958
33079
36108
4663
478
831
47539
4152
6825
18060
42082
23128
12016
26609
18558
41490
46194
14859
30209
38249
5839
21507
1538
32161
27628
33777
27293
33844
33238
34325
11421
49802
14305
31685
24509
33043
2391
18492
11560
9554
38515
20339
37322
36100
18933
8235
15225
14563
33531
32499
42969
16952
39396
21061
45068
1550
33484
30168
25664
8660
39296
2827
37557
17883
43504
48483
30959
17651
8320
6866
18025
26827
43679
21557
15562
4466
5516
28589
39166
38315
10812
23244
32404
5364
15416
13169
25457
10011
49675
10944
29849
24369
49953
19933
36402
7527
38054
373
32715
13945
42721
8891
28008
48669
26370
20845
49877
44122
3458
44021
42983
45849
40476
27081
18776
37957
12968
15178
41720
29213
15552
41961
13207
43835
32576
37763
25340
37555
64
18433
28558
5679
6223
22064
1811
48193
35609
39868
11258
44281
25450
29663
40236
22814
4448
23341
20865
14833
12945
22284
40447
5561
16771
16594
15089
15312
26982
9524
1686
19034
10219
3683
35667
23583
26665
40297
18919
42722
46490
31233
12794
7343
34521
47007
18619
12187
41001
33052
42021
30293
46700
37302
49619
28555
4134
3823
30639
9017
4760
4324
30779
2316
40032
22949
26195
33413
17910
25567
34586
5415
21911
1615
2136
41557
5956
21718
25253
3608
20283
19127
40942
36292
13196
46538
41169
48194
15798
31359
31815
16297
21751
49043
47631
15114
28672
26439
15696
23758
45972
41617
2007
12660
36941
7068
20913
8458
12946
15236
30873
25919
31357
34269
29831
21179
22566
29623
46191
16785
42152
14667
18577
21724
6507
24603
13466
5557
42214
45863
5667
25012
38472
21136
10071
15512
42698
32546
34425
36239
7287
42023
13827
49111
36471
4801
8432
38934
41803
33407
17167
12772
30277
14517
34219
16275
11691
2628
21385
33294
36702
49716
6318
38277
20855
3939
29014
20977
14338
6505
3503
32630
38868
7587
39410
42527
16321
29658
1498
21170
25467
10679
9157
40932
16876
3284
3866
23369
43985
31848
20879
12486
19659
38740
19529
25146
4804
8032
24113
25942
14758
49102
29425
23263
48434
26916
5269
21412
38194
41454
24183
1926
29812
5647
28359
46638
17466
32557
18775
26727
18435
13918
20862
24416
39076
16963
48611
10116
26
36616
31373
7405
28846
16052
34244
28818
6840
38086
27015
938
11198
17767
36317
23110
47822
26053
39920
30448
24378
29821
19759
19041
32035
10978
28658
5340
37853
37193
44921
44230
34537
15730
11173
44145
43634
27970
5342
9313
3956
14661
38362
45900
25737
8253
38979
22802
24335
31413
2578
30684
27772
3146
20840
7544
24039
46020
47808
34008
23845
3132
16817
31183
19716
47002
49161
27763
3753
14839
11740
32525
23148
32
13015
37032
22713
7643
31383
38859
16254
17976
20779
24123
39242
30455
38985
5459
37951
12940
4327
45087
46446
44549
39891
15393
42110
2098
11357
32788
40828
11179
42923
26312
21683
37781
34545
39086
30416
25022
23251
20749
24801
16723
47464
23671
14895
41342
48146
22372
16291
10745
38850
20991
40759
22403
46752
5610
32023
1246
45875
7888
1104
10177
25227
42063
1430
38513
22918
20918
10038
2565
37496
7172
49279
34852
38863
40835
15087
36203
34094
3062
46147
20229
12681
45373
29010
628
41881
11859
14104
1016
31824
24592
43983
22404
46003
21928
41527
42885
4379
3912
39428
15481
7502
28178
6092
32103
7663
9230
35306
21541
20338
34916
25821
13039
44018
16522
30602
36651
33360
24030
18716
46249
30752
10554
35801
799
22316
15612
46608
2818
19697
31161
45282
17046
29195
39091
44637
20821
43688
39016
20003
36296
29554
4361
33159
39232
6033
24690
6991
34014
3777
5549
30611
30869
23875
13458
6312
27879
18959
1136
13762
39111
25127
2269
42534
31277
32631
27422
18609
20722
1243
23349
17831
46475
14627
36947
30926
33266
21826
756
47563
30579
4158
38206
44749
36673
45361
34899
15918
23835
21526
38925
39613
11158
30691
11848
9876
7164
37919
5174
8475
11005
37856
47942
19559
3029
21059
44469
33435
6085
15635
24442
10881
35207
3215
3072
31697
36136
32113
17011
21810
9018
18504
44180
42164
4657
47638
20782
43031
21555
42931
28681
37462
47188
32003
9948
3618
6448
37855
40390
18204
6163
12
40822
16971
1505
47711
16541
36075
14597
17521
16343
44845
19379
30165
48850
23223
5696
46197
21104
16647
43979
12834
49917
30007
17664
35115
26284
5098
24704
47010
10938
48414
24141
23616
4914
9812
4141
9819
35295
1994
41189
6923
49965
37385
30116
33926
19846
3265
43443
7973
34175
18352
43009
8972
47257
13312
7157
29751
19338
34618
36313
44225
5829
22783
44778
2499
9527
10062
28302
31432
45676
15695
41977
16488
24401
43758
27339
31177
10841
1914
46619
23593
20341
45701
31865
18195
30653
7563
39384
18583
36747
17598
45811
13453
1483
46395
19516
22838
10100
11662
2841
46362
30891
1514
2537
15575
29478
42712
2855
722
31608
32595
12372
47594
22850
37830
13348
46270
26128
96
32746
14317
7859
48240
37356
6790
24
45933
32259
15615
18263
43568
43057
27093
9540
23181
4648
35346
20180
39568
35331
30977
46130
27166
49075
14240
38830
38581
33483
34271
11379
11339
14459
40560
13335
7885
24969
9223
40959
44578
35284
12290
27605
41970
29288
42509
21772
4434
24143
12276
16700
43768
35054
34755
28327
17443
33325
1965
9801
22216
2453
5579
3056
26658
20709
13937
39259
17878
738
41317
30357
23949
34503
31733
18338
8340
45028
1470
6723
45027
7012
26918
41294
34260
20898
31802
29483
24964
45763
1207
1321
7616
426
6038
8020
14822
25961
44538
48018
5160
26921
10440
17392
2355
41257
5761
15209
29113
35961
47893
3396
44450
40634
23662
5745
38621
23916
33392
41140
36857
5096
5937
21211
39772
47375
39297
9312
27834
18627
12268
28568
10169
16389
40886
2824
37173
39436
11830
10817
32376
38384
43582
29938
23103
24576
39229
45862
11599
1156
41928
40150
22584
44432
9597
27286
5739
29031
13948
8860
19385
37882
11205
18593
43438
28965
2360
31729
33165
30663
14706
21150
22197
23174
36015
46057
49401
30173
10342
42068
44952
22631
44636
14309
42762
17330
29686
6680
46776
34487
25851
21571
38892
45385
41023
15077
30192
15088
15748
16956
12140
42677
39810
20822
47728
7593
6159
14128
33994
41807
10592
27145
36244
8311
10360
29060
36645
19835
35597
46995
16160
27161
40219
31150
40810
9919
29411
17735
31776
33996
41155
15568
19526
38360
6429
39897
21354
27038
48257
775
10972
8417
38095
45053
4068
6120
32623
16188
24873
19038
610
46650
40353
42394
21495
48124
46687
40011
23620
32072
44155
49307
36112
18981
4791
32346
14504
18982
34789
45739
21639
19088
15006
28995
36022
45953
24642
2309
16134
17318
33391
25714
1141
25687
26773
34715
1398
5078
6912
17803
18224
38386
38147
20660
38516
35548
48577
16317
41297
37066
25765
43970
1242
35313
2983
11217
29105
29000
27329
39612
19999
3301
29243
36428
39765
15194
4919
33209
29750
10157
2306
37638
45465
11076
46320
35829
10
36793
21711
30232
9961
42574
40638
29618
11501
3038
32549
14229
17056
31945
33300
24032
3731
29426
26398
15755
26552
22281
5211
34668
937
21861
35635
16408
15429
34345
41035
28562
27327
16977
17770
49196
8037
44935
3352
47278
1996
15768
14008
28750
32244
48016
18911
22451
25633
26784
46701
41959
310
49861
19678
44816
39350
18555
21908
32331
2814
7197
42848
14981
19982
22655
28025
34291
4704
6214
21324
24476
7763
16050
44280
22312
49014
10125
3940
49478
35706
29721
46258
25563
27841
22416
31289
1947
10602
35113
30217
20264
46574
40245
22679
80
22055
3288
21145
38128
29935
26194
37986
32137
44882
23829
38291
286
35912
27534
8454
1777
10389
23188
10676
35579
9565
9726
44241
15141
32916
45382
13546
21698
20885
22983
20216
13536
31251
24882
8391
26854
26798
20664
629
34185
9368
9068
48993
41594
28151
19441
17837
17184
901
38363
23830
2055
26836
49789
27089
36548
39553
47698
599
25110
29380
26963
14471
34189
1459
4196
42294
33649
11031
31570
19282
5619
22056
31912
11259
22296
12912
48059
1569
30562
44178
28420
37947
15419
26892
13019
35884
26070
42889
10900
24899
28428
41839
9091
31379
12418
19737
14865
16174
42108
1837
33914
43268
7661
40215
5656
36566
13656
34716
8768
34628
8195
45535
1134
23920
13276
47397
21909
8720
25016
11167
2161
34443
35483
41734
32860
31798
26184
27277
49944
2936
5467
46311
7923
39947
35547
26857
3192
35137
10865
35454
37794
16149
4523
24816
49021
37260
8931
25612
42117
12181
12009
6062
26358
26478
26262
23812
10158
19213
12105
2352
30751
30616
32604
43965
46678
17414
43700
49750
22369
37678
45689
27675
119
24597
47311
4803
30853
4419
14732
32031
47432
44275
18540
21480
17475
7984
32707
38156
28752
2791
14201
4980
10037
42532
40481
9294
11356
31293
5500
34300
10282
30828
36791
17986
18946
25632
29989
43809
4619
7910
17434
31040
9440
35668
15268
27294
29811
11581
4996
4734
22239
38987
14403
26551
4530
24837
21492
31254
26460
45194
45400
9095
2450
45575
44351
44614
6829
26403
39448
18889
2719
36199
39961
28723
30920
34349
42335
20093
35494
28540
14579
12216
21288
34534
40761
39615
7449
37237
25411
25713
25226
31447
28260
15072
22098
3297
23453
46777
5371
44523
4544
37992
9583
21606
18986
30395
17340
4417
40772
25074
23283
30794
17248
12319
5048
44975
46415
17229
45467
4265
46838
6765
36700
48825
33317
39494
45069
47575
16142
5630
3455
10987
44440
15205
41417
37701
22624
39054
334
22340
16726
42511
40610
49788
38455
43311
22146
23418
27011
24490
25156
49735
32198
26058
49348
41386
40066
7411
33369
48456
46433
18506
15746
43228
30249
23805
5047
12223
21125
48510
23623
24172
23005
47212
30346
18140
42309
33377
25236
31127
3578
17354
24256
4495
45647
10853
12036
1523
15458
28064
4391
43043
21518
9040
3070
45159
2873
3121
4627
17251
4200
23203
28523
2630
12199
7374
4302
44377
7688
21119
3186
13398
352
35112
16946
20807
6629
20270
49089
34310
35479
31336
2485
36994
44496
28737
49749
1037
19522
42981
39644
3342
28494
41710
34267
4330
48253
23129
3440
31302
49276
36649
40838
3082
48549
5628
20201
12944
13711
7398
16547
3855
12396
13141
20820
46228
10759
11593
46904
8756
14149
34964
10580
17826
890
15795
43776
19699
31166
21572
9399
25327
36739
5468
1221
24457
25574
10302
48699
32102
18288
46368
39637
29825
32962
38002
32528
12334
37409
532
24687
4716
39533
33957
6674
2038
6869
19178
13963
152
2707
21357
22163
44415
44932
48800
33403
18807
36499
35747
8383
483
21543
11548
39815
24810
2625
8299
20768
18177
11943
5796
34634
19435
4366
14323
25721
29957
40951
27183
36201
23966
38817
16731
30698
4886
10917
37662
12656
7021
4409
4306
18738
48186
23880
31067
35259
27798
45324
36950
18173
19867
16463
45292
7127
34828
21733
28366
38825
42234
5046
820
14214
9515
32858
8656
27453
35772
28744
4436
48972
32296
38878
17991
39055
32725
39796
36894
32136
19490
10746
28794
18915
25257
10469
30176
37209
32944
29301
47313
41787
6772
44763
19123
48356
45851
13023
9932
5764
10274
23024
45492
41260
1438
47150
28895
42133
41930
24657
40736
33939
18784
21421
3643
27005
48215
24974
9752
13662
48601
13290
47592
22869
10835
20960
11780
4341
16150
29987
17065
11668
39970
25831
35546
9681
18441
10772
43767
29347
25508
10123
1478
39848
13072
22660
3150
46250
27821
3436
31986
1735
1370
4463
7421
34143
36809
44139
49649
27285
45244
4038
34849
1304
35223
48885
2635
45008
46374
42795
11390
22842
6574
33763
5896
49602
30115
36460
22915
23783
39187
40221
49306
4888
28911
6292
8125
48557
31613
14419
35591
37988
46205
40823
24723
43491
28014
37524
49981
17039
42228
17363
15526
3817
47644
41824
13558
9133
4310
39640
25947
29969
33270
6401
36766
39735
34145
40905
47490
13657
2794
39398
40936
27399
1829
1419
33205
31825
12013
42872
11474
16469
14691
7267
8453
36401
34924
32261
43474
37223
26741
25740
32280
8059
19491
49540
15535
16849
8018
48020
2179
33026
29067
13505
42371
15985
22147
13648
22479
35353
29089
35455
260
33718
25555
45449
31952
39028
22426
16539
22839
37754
2122
31671
14114
31474
46631
19783
24260
4103
49201
32285
24322
7174
30819
23298
34456
15163
15292
22178
11567
40790
30598
14121
8598
31858
48632
44868
20973
47245
43462
129
16585
11531
37834
12546
35653
36469
13078
23738
49490
34150
1632
38013
39578
36124
42454
2467
31929
29642
31851
11393
11876
23561
49257
11184
45012
27129
48853
19495
19420
40367
41291
30857
11180
30324
9441
1219
33952
2491
38803
14623
35577
27811
28698
43241
40506
29400
4793
33755
43959
33627
24654
41172
44307
7953
38897
33278
37671
22269
39219
33051
32276
17397
7980
40142
46848
39158
701
29796
35782
43435
2845
3177
45740
35264
1886
38547
30843
24382
49172
10601
25278
43116
48846
7443
33328
36151
22321
7784
13174
42921
39997
20370
35938
25620
9008
40831
12152
32219
41012
40180
2282
18196
12544
5670
1215
47556
14177
31434
20284
39177
20223
48749
10181
45493
22222
4129
8031
21471
45417
14442
27121
22599
1256
31992
144
33958
24523
33305
164
49090
1416
33591
39775
5850
22722
45806
33899
27601
3249
24336
2821
6460
34533
18598
47451
38484
44393
12405
33116
8650
29267
20118
31111
6541
31666
9954
25510
17311
6924
27073
16974
507
42493
21399
9716
24363
24375
20392
40432
26247
29379
37484
17794
37069
40890
43787
13778
46758
4576
32718
12953
48156
26499
22664
4080
11839
29781
24587
20696
35376
15673
17902
38045
1690
8920
7329
34372
27721
22621
9249
42141
9614
927
13829
16633
16945
10568
29704
30969
8030
27676
11703
43185
46851
39890
18572
28619
1697
3242
42730
38799
34137
6152
23863
45065
48723
30258
6032
30930
26623
12776
12554
46541
20590
48518
30905
23073
21847
44753
5868
16734
33172
36213
15842
17918
38174
20551
25205
11003
3488
9044
44084
41533
30645
504
21429
21171
16248
14438
9500
755
10608
6115
7094
37996
4879
20732
45092
25511
4261
24147
8571
6665
1295
19478
18592
32898
8210
36913
39531
47443
18467
13666
46473
10505
45871
37504
5648
27162
9548
17284
39873
27788
9791
41785
41669
45649
34516
34942
26747
32970
47204
37310
32242
12942
36643
16101
49985
38307
47685
29824
44176
14466
44513
25101
21910
7006
45329
12094
45084
16725
38562
49587
12338
4079
2811
8246
42745
19326
13796
10424
2694
31444
16915
45097
10872
33891
8785
8405
14722
18349
22487
1114
42002
28139
36080
32478
37939
25480
11244
25908
24284
21051
9674
23474
412
42580
16342
17822
44201
46289
37954
22213
34199
40556
18985
46805
45627
49069
46305
3522
39098
32885
39338
6949
26677
40193
24289
38981
48438
47891
38927
4800
5584
12778
32638
48107
16775
28044
21745
475
3514
47853
28519
18924
37959
25896
17380
22245
34546
20371
10163
30861
9717
26269
16431
28534
40206
30443
27554
11807
8063
44301
15304
17214
46672
42055
332
479
36807
37108
41399
17082
31550
2328
13627
8170
22754
8265
1678
17517
31778
9898
3713
49025
24406
10535
45938
18523
36960
41644
43646
37836
23014
25453
24137
2210
4876
15437
43883
43550
1856
42425
18226
29994
9238
41898
32489
35327
41090
29191
17050
30475
42569
47985
1733
12637
1677
27545
16056
41616
15197
42046
32464
607
27808
42272
14051
36539
11975
34600
33965
7994
37582
12210
28034
21979
14041
20439
38275
3365
37634
7535
24540
5691
46510
2486
13107
4157
49122
24377
44686
1452
46958
12674
44224
11864
15095
19047
3906
36743
5594
18087
10055
2140
17514
9667
26264
45393
43563
34635
21883
20116
39939
15313
7422
9107
30673
47226
25790
36959
24158
2925
15277
21974
41221
15791
11900
11182
28117
23272
22581
23841
43467
7533
49059
8642
47928
49707
958
37360
25922
19616
24573
14876
19817
45631
40607
22875
41481
20576
40417
28148
8118
42069
16335
31641
40909
28697
48066
11926
1896
18396
16939
39980
36046
33670
22607
24792
9848
33932
48826
15267
23505
34156
32483
25673
38039
21155
25144
5688
10009
21710
10196
13956
49993
49453
18279
14542
3427
23151
32304
7270
13083
46811
30208
45994
1663
34046
48055
13337
37545
24438
39535
48177
33452
48284
29843
16875
33829
30845
21764
37218
5716
31307
28422
42324
43159
17343
3874
35040
23780
36303
39955
7322
732
44593
3846
45152
2198
8490
22410
4069
39115
14441
16062
47954
12153
12419
46072
24902
32926
17529
8911
15413
42408
34499
27837
7
26752
14033
15388
23836
22465
12974
7609
9417
4354
5683
5207
28160
2703
49711
33535
26113
48736
46561
776
48616
20334
5726
10694
18227
383
8696
42142
41755
49594
19193
7853
26846
34945
46364
32939
36924
39808
37714
25819
49641
13655
44129
25009
47925
31983
46692
42501
45349
19850
46759
2748
29805
47894
6575
7735
3729
29282
10584
14208
27019
47889
2009
17256
15180
13907
9200
3251
16106
17973
4898
49558
1157
27760
13102
38944
35170
15759
588
32368
35433
21289
43551
44080
26680
3386
8163
49226
748
14562
18951
35629
48178
3992
34193
30446
1293
32935
1510
41327
9076
6001
5883
28041
20932
16093
16308
15051
45636
37551
41540
35216
2514
20092
5858
48188
12317
44752
34338
18201
39455
41531
37509
37672
44179
28668
19935
27926
44881
8075
48542
46472
42740
44699
8467
8779
6543
4817
22532
22235
3663
49570
32427
43237
31181
45634
9469
20857
21069
15026
31429
22190
41525
6700
22339
38813
15772
41942
41115
2024
35401
17061
13819
11832
6987
46198
46806
14162
41784
48689
43349
45080
451
3027
19981
23782
14092
38563
5595
44452
26065
35719
12901
22695
17620
46279
30328
30022
24440
17743
23084
43689
5297
5553
19557
49796
31596
19055
22778
24972
49896
22531
46151
41647
49563
28579
3384
18373
20651
19476
35192
44290
42125
21079
9029
20347
38842
1107
32848
43682
23682
5397
18556
16284
44388
39835
46829
28633
14850
49062
27893
38431
5348
3100
20774
12072
14421
1671
26969
25160
42087
36050
20964
30932
26443
38875
30417
14700
2022
15540
43971
41230
30540
19027
22318
27101
35111
19086
42831
5853
27409
16351
29594
41366
31259
1029
25770
43795
42765
20446
49645
13512
9837
32716
22138
19799
11002
2066
40934
1527
8183
1801
45298
3937
3979
42978
45476
43247
14135
41754
26855
35232
6793
32578
16621
22174
36725
5532
16552
7365
20863
9755
12077
33186
15997
48569
36987
40362
15633
3734
34883
34514
49107
42994
1601
45940
42084
35139
40982
36633
19128
18374
35276
35030
4529
23010
19414
10691
9473
31574
35428
26775
21841
17550
13382
17413
24443
24623
27608
49280
1446
46335
38246
5281
44612
4074
45762
7709
46757
27185
15319
43120
13302
8855
499
35312
34294
7406
40355
32425
40131
20618
2194
18135
47861
13477
32294
6313
13004
14843
2270
14658
19306
42703
12182
38731
6439
31419
36885
6831
2613
40750
30025
194
32958
48497
10144
10043
43760
46216
15315
47678
10426
71
36163
10213
48279
23106
11518
5827
34404
33681
31499
31530
38858
3357
39814
31068
38367
1296
1805
10864
42539
15827
39966
13142
30238
10537
29386
14630
42768
10086
36324
15281
17758
3915
40134
8541
38788
1247
33212
25431
33213
11752
29743
46902
30906
8229
1250
6362
48707
29107
30337
48461
7476
18215
30524
39923
6453
9805
5520
15390
44245
9244
7645
16194
26647
37579
1734
17579
35075
170
8
34021
29507
8859
40657
29657
39500
21550
3456
32644
17689
26301
40775
9388
28196
6901
39460
48678
32224
41788
20494
2020
28022
22547
47825
26087
6181
32172
20520
18167
43721
28757
14054
7706
48799
33067
36835
24530
6992
20764
22186
34707
45057
2077
38865
41101
31830
37866
21848
28865
14961
15169
46633
13887
17578
10635
5266
20197
32481
4881
17846
38824
43417
22724
37755
11235
23860
43260
44949
41693
16595
20051
4595
47422
43285
26149
32550
31085
38626
25743
21312
37073
2525
37058
14189
33630
36058
23883
39590
9933
8979
24471
48715
19548
35037
6801
41060
33877
32648
28298
33984
40251
6834
7041
44255
7491
46850
38595
23442
35006
35724
13553
41568
12589
8861
2133
41706
3982
46623
17163
18814
30089
40990
38633
38491
35736
33479
2048
37166
7679
9153
25783
9638
25978
11206
32548
11816
14774
24984
11487
41918
711
8178
4589
27914
37258
41895
2364
21971
6498
7956
49658
31367
28624
17168
28512
22314
27072
29905
11783
37513
11269
45841
24606
18995
46469
30387
42572
26825
12955
35891
40386
40223
43878
19080
6173
39333
47197
2516
37018
42935
38446
11549
35904
29295
20690
15221
14831
18762
8802
19604
40941
38512
3341
22227
15668
41339
12750
34763
48614
16934
35770
23915
38262
44329
16370
37799
3279
37505
1711
41894
41401
25582
14564
28770
15965
45950
37213
13872
31393
11992
48180
43362
22516
27730
16492
31787
16454
15861
10650
2144
6052
8545
22434
31651
26637
37051
39530
16790
23048
33229
14949
45897
18387
29427
34575
12614
47340
26801
42917
42233
21649
4487
37785
29732
12315
30219
36611
8086
45883
11773
38886
6433
49337
35039
2074
47552
8160
48906
30718
47774
40843
3103
24009
38855
11778
32809
524
46748
46943
31749
28433
20744
47591
12415
9695
5165
27443
36180
31832
13640
26159
23238
32384
9011
42485
4675
2966
8072
13853
32612
30484
27635
41296
20065
7815
44203
27200
29300
48277
48173
24230
43176
46465
14204
9492
31101
35939
24968
30308
43006
15708
18293
11770
3051
27912
5524
3061
24685
17289
6267
49830
42770
44071
4769
18534
5661
28953
4640
25561
12685
21675
16363
40783
6218
45854
49027
31375
27983
34690
24949
41010
17613
4934
30647
31331
13345
14511
6021
31636
13215
18112
47850
13745
47429
6958
15485
35717
16405
27714
19377
20200
13765
34998
8346
29413
18241
49238
31585
46769
44768
24261
24943
6243
32625
16255
746
10701
34169
29231
28678
15148
9114
18233
19010
7618
29281
47597
36944
202
15631
3059
27235
10690
16374
25528
8824
46272
25617
19493
41741
21802
21486
13109
34721
32025
39989
46260
37884
8994
44295
43464
37742
19399
6450
42059
24595
46767
25341
25105
24441
9139
34254
24024
24074
24459
9721
20966
14755
39938
26242
32768
16043
5914
1078
32870
23278
23430
15354
36876
37824
34466
38467
37170
38834
13909
12853
24135
39239
2930
39762
29148
4816
23831
33951
14014
43483
48914
8099
49898
22539
43876
4750
324
13022
42970
16684
9355
41074
26561
19109
12129
1008
9832
8793
45821
12568
15082
36869
27939
8468
42185
27968
27230
21497
9687
21393
9148
17617
37762
42359
33450
40780
13636
10664
7472
49464
25209
8836
31922
460
34490
652
514
24951
30615
18255
30882
325
26928
9756
21783
8625
10649
42459
9101
14443
20833
17235
42418
15119
15478
22781
9984
47390
33342
20235
15349
18453
32389
29172
15235
38295
36378
1808
23861
38739
47060
7353
25732
41276
12417
29441
35004
8089
45772
22559
2536
40986
48646
38823
15756
13096
6826
3439
10530
1112
35106
44147
48022
35163
42623
48278
21265
5017
14163
16610
1477
17231
33462
13080
32740
24830
44168
20230
23500
17805
26757
35045
45758
32614
43750
37874
2518
6763
8378
41127
11264
46761
32766
12537
31110
28504
31674
46156
35167
30359
25981
40575
34679
8715
25752
19229
17182
20420
23804
36808
10175
18681
36605
31319
12895
12078
35964
25622
12311
25360
34197
7566
13208
20795
39033
25469
16193
4990
49934
30918
4451
8828
9537
43364
13052
7216
3198
34835
40606
37157
27829
12189
34301
17946
23252
32228
10254
45928
5278
18141
15184
21305
14401
40785
26553
29167
3922
3179
36912
26888
32195
35474
46613
4565
49375
32915
19371
23355
529
4459
19808
27557
18308
24713
29001
8184
19300
29097
8829
7944
42877
23781
18548
27849
18449
6402
6699
6956
12328
1135
26690
6986
29342
47722
14639
1279
7482
45147
26578
13053
26867
29700
47752
41620
13938
10251
13881
26321
45232
23224
1489
43299
38293
19530
25301
33106
22745
36217
27742
7468
37211
3590
15889
48666
45223
18290
7744
26022
11757
40191
34458
3700
49341
20433
14696
22684
22075
34105
32189
45096
22630
13286
29078
12654
34819
32052
43653
26216
38187
49338
33900
34623
15240
38157
18122
23501
25264
40451
23967
28221
45003
19376
18266
15786
2653
26415
10432
16803
14777
3520
18270
39893
14873
16340
10470
33752
21794
21118
48251
32566
43810
18076
28522
12505
18900
17287
44740
16182
4208
46352
48559
8225
6388
17570
25826
38964
39053
18231
47438
20866
45791
38358
30226
17131
7597
36742
30302
42216
30550
21747
32180
4853
49672
19164
41852
20330
9036
44980
14353
729
5472
26746
5425
3353
29644
18081
37428
24180
6220
12408
32229
26387
46860
29621
15091
4973
16201
34869
8024
12561
14880
41310
34531
47353
20869
1426
23420
17643
6259
21422
44166
31841
47458
10648
20366
8002
24491
35767
39148
17037
27118
49331
41180
13982
16392
29536
40108
35727
26368
2117
3782
45299
25921
14832
11612
12597
49576
13700
21556
44922
1277
3153
49927
8218
5687
17401
8800
31493
10225
6316
24961
41311
3612
38112
41282
22996
31932
14869
27112
41640
42282
36510
35133
30332
11199
27953
20704
4951
39458
16980
39711
29838
33629
28435
44671
9267
20178
4095
25201
33691
36591
16559
12548
31228
12676
31572
18150
24308
16710
27407
9789
7809
15339
15444
30986
5789
5303
15971
39270
15853
20636
2225
37811
40094
39786
3837
30468
43259
35875
23649
32071
9779
1596
44430
46313
105
39125
10489
11107
49301
35414
46697
23144
8874
41676
46550
44261
17840
27765
47784
41002
26744
43873
3238
48045
14702
28613
20429
44906
3158
46234
496
24636
22506
36715
32493
25
27852
23297
15867
40036
11892
17403
31634
41468
29606
37905
49412
28164
39993
21741
32392
20895
3199
36283
15908
8173
6921
22102
22987
49170
46268
34936
14956
38104
5728
8988
13470
43824
19540
39017
22267
21055
29768
49140
36612
9916
23159
43032
11967
33534
14299
35244
11895
19402
27665
10800
35998
18522
6689
12393
37774
25268
27092
23204
38889
23366
34422
34426
17192
5826
141
43547
9043
19419
15928
12596
29221
18816
16973
9662
42307
33411
36921
36690
8112
35756
23730
29955
40024
14350
4464
12983
21149
31551
7705
20523
9745
36654
22656
29463
6997
11348
30243
3383
40185
48346
27245
7170
27323
23898
11526
27870
2787
46347
23955
49271
32196
34677
1449
29333
25124
33978
48292
27067
2457
48780
49213
23560
3139
8704
16203
21027
21546
12028
8849
44976
30664
7458
15787
38008
13018
1201
44620
24960
16692
18794
10136
37061
14071
14643
34804
13576
28411
24178
34532
25269
19286
20826
46960
38204
49061
4998
32605
36858
44901
30394
31567
4177
4668
33593
3551
18315
23581
34826
45726
16624
18456
10562
2477
1223
7848
2092
8624
5643
7568
1066
16362
31170
11918
43848
25454
44889
36170
24860
34511
42767
12759
46507
40889
38807
3868
40349
7719
11298
5577
11433
29206
45135
41451
30485
39717
33291
26953
19291
41004
30529
23016
36933
41673
6864
36157
42195
10758
8345
47844
22225
3247
33883
19868
22251
13235
21193
13617
19636
29779
38369
7506
34068
33556
2804
43718
9570
6177
28886
28871
46115
18010
399
30128
46926
25033
20262
39322
42259
23219
49270
26791
33533
18166
22600
13720
11927
2189
43439
31234
36024
17931
19408
23901
42794
24450
43861
6088
40883
22093
47250
28709
9191
48855
45534
3614
21915
42041
42941
44839
36123
39624
47161
45473
47859
42642
46505
7336
20218
44580
14026
22300
14856
47804
23771
47908
20464
17771
6634
18494
25938
40876
18311
5282
45145
22652
22716
20282
46046
6055
16581
31352
14668
19468
37894
15630
15734
22291
5363
11044
21220
3888
33379
14226
30571
20274
48142
1060
18917
47743
21147
10757
6302
46791
29179
14887
35522
35551
1405
20215
42672
31817
40380
28828
8735
25062
36911
41428
400
31555
12241
13604
30141
24886
49828
43074
39969
42546
41378
10666
15897
18269
48913
20876
28023
49491
24703
23748
38460
8675
5737
19219
18261
29320
30533
46038
20368
48656
34102
11746
2049
4693
41187
12111
30726
28670
13965
27164
25554
13615
34173
20020
20395
17927
15999
3053
26858
29135
28091
574
13653
21
29998
47936
44794
48706
12580
9158
35628
33068
35981
2907
20104
8928
30223
3751
46515
34765
16745
14340
35314
39260
49959
38111
14037
38303
35945
17104
15875
12868
26211
11813
15543
4435
17690
14207
40965
14937
40396
39473
19754
36598
36064
29727
41867
4476
21877
15179
3286
35239
20699
4778
19498
42469
13158
13889
3181
38287
15498
6288
10083
44410
32770
3433
47369
23947
15572
14254
9730
26328
16453
24672
22673
43723
1274
28376
20737
27725
48921
20355
23546
23675
1575
46383
49897
29839
18324
13840
8153
48408
241
5915
29749
22535
15374
8271
31475
26803
42109
27776
49283
36936
25456
48973
7282
4393
28641
24115
29980
41829
45732
5525
24601
40548
31242
8530
25804
42654
20586
16669
23302
35050
17671
7660
40278
15611
49611
14196
42924
39013
8359
45954
11061
31004
39587
38670
31411
13203
41264
41072
35441
44194
11115
40246
46587
24324
13935
42839
24871
10656
9686
48217
33803
4968
45822
30211
24664
8884
130
36091
45131
41068
3648
5756
29878
18388
2861
12758
12934
21852
46506
15518
20978
48362
12428
39728
28509
7239
1068
8986
12324
14268
20800
42910
49419
49013
38175
43394
1382
42049
26778
48688
49840
15407
43717
5026
18082
10926
10034
44300
35453
14168
16657
29145
2502
31218
48610
43649
7749
25663
48048
45040
16085
33243
26565
36514
47412
36400
29274
13175
38475
11823
21945
36907
30601
22804
36859
4674
14931
20956
32106
40856
3498
17490
6343
23021
23972
47215
37062
18113
39474
4395
109
22171
35023
4943
35184
48581
37153
40590
15723
35471
4632
33327
15019
38734
13678
48352
38915
43972
36778
28046
23595
42202
37805
4212
24409
39245
22084
17682
20970
40141
34468
41076
34758
24334
36585
31213
18875
36439
32258
32139
25390
14455
45014
40129
41238
45670
527
6277
31328
9394
7642
15829
34303
44489
30911
11990
24269
32834
9917
25047
33565
7234
34656
15249
8630
4363
17157
47625
13722
13574
43055
41985
18735
24388
22509
27867
20114
10224
39145
35853
36447
12595
32902
14671
11366
25775
34894
43113
29914
23201
17252
48528
33111
19888
5717
3275
14332
24270
45528
11713
26074
29592
36801
35993
14195
31204
2833
21978
12530
33303
47235
35759
43198
49149
16436
16903
16480
31758
22715
10883
49060
25422
25317
32645
37603
46285
17202
15852
44348
13084
41742
35426
35523
16039
31995
6171
49448
47012
27354
9202
27208
5779
40456
43934
22686
45182
22651
2456
41258
25342
25902
27773
31124
39877
30938
25240
11240
11621
13448
7334
16032
48872
35690
46677
36731
17263
33698
35514
33737
37275
38069
19642
21836
26026
45446
48613
15753
28971
2086
26293
15816
2596
21184
31489
11942
41534
34536
21267
44698
23477
33813
19895
24370
45478
25070
9767
37663
28901
48426
41777
7109
6463
12881
9786
38699
44641
1164
42938
2030
23715
27410
39445
17921
17241
5142
23710
2047
15039
34334
37272
29823
2706
45151
16456
36325
36034
25941
22911
22497
20203
9518
46985
5196
6963
31080
12474
43236
32797
16644
35065
24173
7997
33034
21373
14602
27911
21169
42611
23607
17899
46091
39225
4150
18648
3681
12172
41936
22034
49085
44222
38129
49644
48190
39635
44298
42126
29328
3323
30705
11826
18525
21259
21420
36200
33223
39689
5252
40622
23179
46077
40218
31054
40781
31009
33722
35364
4073
7082
28062
21988
41843
39146
38606
12672
47782
20000
41849
35462
2631
32649
38576
11442
7097
15945
1198
11317
2336
1111
41269
40984
46562
30435
1986
42673
32092
45431
47501
2366
19671
1933
1580
45007
15726
47652
20127
17374
1925
15056
5790
6915
6278
42481
35919
56
9523
43541
43961
8721
33366
11930
24561
17696
23893
13154
38704
14770
30773
13854
38526
17715
28259
47828
31763
39656
7071
20585
23639
27358
27017
7896
26815
20359
37583
23253
29967
20236
40730
38055
8841
16656
10098
24988
24955
45352
12800
44646
31981
3438
47505
9893
33867
29850
20332
28919
44288
34263
23763
31310
9455
1054
47138
48175
46741
36927
45907
37184
13054
37741
39597
9798
42430
40229
27985
13810
49739
4358
4172
5920
13915
25964
18004
48732
45402
13356
7623
31977
15589
19606
26282
1444
4113
9208
21786
37174
36786
18774
7150
39208
32030
34227
11929
47917
2067
10884
7195
4572
2594
19953
32861
9647
3483
37036
34759
22603
38809
42809
38671
17096
31708
45737
47717
20734
40552
43350
39600
44559
30608
28728
43822
2621
25134
9627
35900
8873
26431
25324
28507
31141
41038
34084
44060
9775
191
39077
37823
29448
33555
7671
28367
32815
43291
24720
3927
18771
19672
30757
4367
26895
1327
20861
20499
26976
24211
45581
2339
21455
27160
17903
36663
43380
34810
41958
2851
36319
29963
1232
16497
25066
14824
9168
8053
5321
23161
26660
13438
42288
20874
10280
4672
20482
23570
48514
47101
4756
5928
47760
40862
36527
29698
27460
4020
33200
38870
39680
667
37329
4285
45624
33676
18535
7904
1012
11152
39153
48097
23199
44892
21044
13393
27505
17070
26489
36882
31240
41377
41804
6399
36307
45171
5221
37138
37068
29358
8046
28211
21258
49745
42155
44972
40480
21327
19474
37052
30528
30775
34253
33109
12987
37517
12793
4814
49421
42700
2028
28481
15398
7240
24981
27406
25183
42225
48357
23993
1702
25228
38768
40331
4396
30086
12346
21921
45479
8126
10288
3485
42416
915
14194
34970
28254
15584
49207
17787
42535
41973
34382
4507
17286
43797
19614
36497
37760
39037
10658
2296
26193
8108
16928
7122
32153
35966
26412
40025
17425
10480
540
9633
9406
24035
26413
21873
16908
9582
45074
24247
3714
40627
38349
15590
31118
48776
38210
2376
29787
11462
4342
5886
16873
1465
47518
40616
13498
33361
41116
23246
25583
28695
18864
49569
39936
6589
24554
12119
14670
8434
10710
14246
13644
9851
41027
22184
33358
42603
15523
2128
10713
48141
30053
40636
30091
42755
14613
32826
7875
2256
40555
12118
44974
15601
23115
27699
28703
32600
39621
34493
47660
38167
45564
4878
25969
46322
13696
22130
5131
10634
12761
39341
28648
25088
21913
5501
4143
23712
17606
47352
40360
41746
38379
21949
21559
48457
5050
2473
31961
32119
3310
37078
24815
6538
37254
30801
49147
30916
35978
43258
32555
22764
41763
44772
1747
44214
10087
20286
11963
29991
33316
12679
49045
4542
10976
7656
1834
5376
26356
49712
36246
25021
17044
23857
44314
10460
49332
39041
33571
25871
28836
30957
9292
24205
32407
26440
23346
26240
90
8588
29662
1786
20023
46100
3679
5115
44359
37349
18183
14506
2721
40363
30463
24861
12788
22806
35123
18521
12248
14811
44811
9678
27063
34136
21980
41179
30914
6093
39107
40378
7511
43223
45412
15177
17150
33134
9760
45066
23351
8772
22273
3680
24976
6351
5931
43752
39964
35606
20321
24686
19077
31479
37864
16958
30385
46880
15136
6026
45216
25409
1549
10210
29239
49779
17016
21633
29122
41655
4
4423
1473
34918
33245
12749
49312
45112
8493
28677
5253
25304
40384
10823
38434
8176
45444
21845
31098
36724
30949
40477
14330
35568
38418
47946
356
20277
4864
5862
14866
14946
9770
10200
48992
37090
34842
20574
28049
8177
44204
19920
6504
11202
36450
12233
13000
35323
33447
2223
17974
14948
48243
31334
771
30796
17430
43049
29388
36311
12906
36991
14552
42595
23462
20454
8883
24607
16206
12886
19100
8120
6075
47645
40265
44775
39123
27574
13293
38066
43326
47497
47295
43363
12649
39904
42675
28071
41901
2928
8140
19531
14793
35910
4458
48929
36259
17691
42960
21226
15884
35064
42826
46207
9927
25576
23908
48560
25853
19969
47512
4268
5589
48074
22962
45991
26308
7030
26081
43625
48115
5462
46467
36218
3091
13211
46630
22159
6044
18931
8172
48529
2141
48017
42471
21881
14802
46501
48832
39122
19794
12690
218
27827
11153
13268
24000
14223
29851
3980
33621
20404
30378
25307
40113
12398
21014
21338
23053
20887
12559
43678
39087
23900
45601
19487
47084
7309
4582
38136
33355
9704
18756
45371
38903
49415
43862
48335
30031
18000
20287
23545
17359
39737
8451
32533
31807
29013
35288
39501
21109
31330
37706
48541
19607
35915
26866
12386
25581
26056
43406
34180
42784
10485
3021
9164
49595
13131
40737
7323
14132
25135
43289
22000
49536
43139
34713
38257
47471
37586
2752
41917
34167
612
9725
26395
1622
20483
27986
43270
8094
608
46101
13983
34342
19713
13572
23396
32299
41369
10558
41802
12320
33730
41929
40721
22400
11853
8693
35681
48567
43842
13706
2131
18828
30371
29879
10106
30842
32771
12098
16505
48794
49135
23235
34127
18162
27738
37479
35205
24374
49831
11812
29520
21677
935
25004
40777
13216
39487
18075
44141
450
33570
31350
48464
34222
35188
28545
3418
5935
20938
46720
19173
5922
21723
42474
44074
33580
6662
35002
6659
49987
29174
16921
47773
7582
4499
30696
48479
3219
42080
19302
1600
33123
30137
28193
42855
9480
32949
6354
18832
4891
22234
23634
26475
15025
49744
40508
32470
15993
7496
26973
27937
4749
22920
13479
33018
30046
37757
26347
3581
40871
26067
16010
21293
28270
40443
43588
49939
15057
48487
41815
49613
38134
4752
43763
26688
20090
41053
17290
17519
14482
49493
19186
34060
6501
32880
6558
42578
21205
28000
40267
35663
48174
20219
42124
42709
518
6595
15613
30012
7379
28361
12695
30334
49008
6373
45162
11472
16867
16372
17391
13867
3842
36770
35712
20682
12574
43615
37685
17713
16898
6843
6789
11209
19634
49108
29600
13350
24050
44049
33979
29338
31875
49502
18873
20769
16635
12884
30820
3901
46602
5763
18798
25267
32501
9410
7302
26366
27416
20640
2051
47628
24119
12249
617
32309
32482
46647
7725
24190
25384
47811
17532
41580
34769
49366
37212
24584
18013
2857
35105
33599
19019
27168
16325
13111
21966
27832
25254
16202
11672
36295
25830
44331
34547
18172
19197
18304
31740
10577
10583
49623
22431
34801
22702
24742
19093
24855
27075
21964
37141
19279
6746
12000
15580
17640
38183
34214
7529
43290
47705
30889
37406
24068
10447
21219
17312
14205
16970
6929
19207
43911
2904
22491
29497
19018
26479
29860
5117
40276
34224
2546
26809
30100
6262
5488
15522
9370
32203
27711
44937
25118
2046
4205
26077
404
49515
13922
5540
33986
40379
34687
20463
26730
7294
18928
4144
6255
36310
33770
9709
8954
47783
14097
20192
9938
9496
47040
20125
31420
2184
4702
14976
21349
32851
35201
4712
2462
2017
35478
23371
33055
44650
29004
32925
20760
27395
24598
22683
14743
14488
37995
22258
3464
28457
19811
1302
33569
36848
25580
29975
14780
437
26109
4705
16470
28230
16760
19439
48684
36667
4050
10377
28942
15722
37240
34974
31665
29110
8865
49952
25441
49450
20121
27136
21960
19255
32494
42311
43735
33262
11056
45261
41142
1467
31921
14728
29568
2147
1668
47393
1344
10923
13624
10896
14943
47786
1031
15036
13027
8520
19644
19360
25023
1254
16709
33057
43423
45890
46106
7142
38218
23636
43008
17969
23906
46516
6692
1206
18551
17053
4467
10521
36316
39526
39793
43248
13471
11579
1428
16073
36215
7347
8044
22855
37142
6494
47599
48143
42194
2258
41619
41724
15969
35874
43175
35102
14021
13314
2675
32917
28406
45294
829
917
32890
33806
49988
37643
10843
16423
18016
41406
23039
25630
19541
33380
42958
25018
48552
36372
6169
39189
35725
27917
45021
17504
18625
20493
33937
34210
3917
30102
39064
17631
8354
47279
29501
43898
1642
43853
48628
13823
45372
25080
49444
39577
24937
23644
26523
34556
49581
3931
31663
43951
14344
23463
12488
30515
855
30054
18458
46786
14424
16139
17344
31300
48200
32306
46809
13521
41994
2624
45320
5755
24734
346
42661
14
39377
28891
27947
12810
44335
37589
29830
44048
11040
23379
37064
37085
17387
26595
45391
11420
31125
48650
45213
39437
14527
22319
2553
46276
25594
38285
48393
33382
17423
468
7604
9111
25479
10092
32679
43921
29836
40925
20204
8282
9085
20910
9034
24080
49211
38222
14126
18471
35777
34256
29873
33151
11430
28799
22847
23536
32619
42034
47943
25440
26955
42840
11085
22122
25396
28031
2585
26377
5623
10728
4023
13375
20228
23820
24331
30839
4932
49026
44405
2454
22014
45800
41445
15621
11282
15810
8682
15347
47090
46978
45967
17760
35558
28381
1850
13095
163
33244
26920
11914
23456
48923
26849
46940
36118
1260
27509
3597
35142
1070
22088
5732
34901
34632
46986
49035
35720
31314
22294
18319
18827
17774
13274
43216
49817
18434
46725
39042
427
29503
16748
37067
1034
25661
12716
6138
38299
25946
25035
3006
4078
7528
19725
41436
7657
43465
16554
9607
42766
41893
46605
45338
44264
44079
17383
4444
22173
29376
5545
18754
13315
39305
25361
47549
28336
23340
31455
42406
38096
8945
11571
13091
12380
38789
43360
43110
30062
21828
15903
33816
6685
13880
33442
32767
9418
6762
22865
17427
41907
41024
2560
18767
15801
46583
42483
14518
19343
16695
49647
29765
41750
30597
15064
38297
9016
25318
22412
11698
39517
37311
6359
9287
8714
19851
29251
1462
44762
8528
17304
6350
15858
34767
37378
49315
6137
20663
28661
29034
38729
38321
25462
44500
20788
38841
19520
14646
19248
1681
30350
25397
15970
4066
41063
245
29280
24096
33663
26287
12368
36523
33609
30593
39651
16653
33573
7075
5183
42551
6966
30929
26625
31553
16703
16108
10257
44210
34743
10777
44215
3403
8250
26972
9731
9866
38192
48491
24181
49532
48261
3095
38207
20317
46257
37445
21753
24075
17224
10533
34609
30619
39238
3369
11934
7208
44813
28845
8966
39250
40404
19961
48997
285
11336
18217
29321
9423
41795
14267
20951
18303
40814
3675
32469
19107
39157
7951
38874
28625
9967
48822
18362
37077
16820
12458
38072
33759
29863
7117
23991
12748
17827
5140
49964
2888
41095
41100
7261
23078
46066
987
10366
25900
16626
35914
4862
13116
2555
31672
40683
24994
4689
42136
38541
11890
4182
4204
43885
8339
19830
6297
41070
36723
27883
25878
8572
10826
20598
5309
11147
44858
30958
41144
30962
30729
14266
35266
28997
28423
45095
41861
41244
37670
44014
42822
46847
34439
21047
21927
1227
48947
17753
39763
11904
39665
23605
31827
27287
41361
20055
33247
3359
29002
26720
3451
45588
11448
14632
29734
49945
21879
15047
16516
441
45767
8116
10222
8472
36121
17506
2542
33717
47470
10564
27066
45674
18966
38861
19936
45377
19635
49192
48709
39706
23211
14568
10936
22112
36509
19397
12998
18758
24885
21474
19940
35151
5933
23216
1962
41447
14572
4276
5591
46866
33819
37675
21406
24404
48808
18143
24797
29702
36758
25688
49356
15637
47524
22380
25716
10986
31966
20478
4926
2529
25989
30979
19942
47428
41329
30627
16902
28601
10215
6718
19023
13646
27880
31939
13299
4515
34599
35814
48412
44436
16598
11307
16322
39979
27578
19878
45677
49363
26994
36759
2508
41440
15005
25808
24677
34982
22229
34355
8106
4621
43652
3502
41969
6470
23393
28596
31132
7870
36072
670
36426
35699
33549
14383
21566
23847
42890
14321
2967
10266
25747
5845
515
495
12487
30017
11988
6207
9027
21511
7620
14232
11237
17346
9944
1918
12872
15968
2697
21693
24671
42735
25363
4909
9913
14633
11162
30098
25839
26571
8654
4315
5452
28316
21520
45663
12587
48012
47317
17944
10295
29627
28357
14069
22396
16228
4837
43493
9581
22
41820
7392
19729
16
38471
48424
24177
14110
32613
10941
31924
1205
33324
1018
39294
19990
1927
32100
19569
10249
5476
30797
49435
396
48144
4818
2844
47209
11537
30583
7968
14022
6134
18351
9118
36840
24495
1145
19137
7027
14857
41523
15805
7644
32300
8752
6719
311
121
24052
3133
29236
2607
11861
33539
32540
42558
40918
14975
47546
49806
6582
25284
47842
16604
11750
28655
48587
4352
11314
39209
20926
4641
29512
4087
49223
45913
30594
46891
42373
393
45861
7412
3693
13369
19610
24447
30740
15448
4375
16570
11799
12004
34288
47686
20386
21007
6353
45336
7835
42544
1343
36109
25957
16447
20211
2975
19903
41261
25336
23032
46297
34065
10132
22807
31306
46214
29096
4859
22175
31751
46938
5038
16100
20275
11554
8463
28263
40726
49426
44785
21997
4220
5103
10462
38124
17536
19673
5056
34676
2310
33056
43169
8924
54
49384
17730
49074
7316
5430
24538
23751
39075
33364
40769
27752
23320
49343
21428
36992
32682
24813
45511
22368
17642
45405
47778
28556
21138
45536
42816
3407
26554
3380
47820
39726
7871
649
706
42847
21016
43681
44283
2802
17871
26745
28163
24182
25496
7036
40793
20110
18380
20605
40289
19363
29679
6666
26378
33190
38508
41767
15318
27187
24029
42594
32807
38290
16521
12024
447
32747
45059
18545
17450
49458
7812
42455
6340
24023
3041
19319
30431
108
32488
15644
31759
30320
9841
31588
46009
9319
11644
17546
38212
7774
18788
42239
33628
1375
4049
242
17412
35324
21012
45450
15438
14423
2567
33340
38904
6430
14174
38289
26383
3602
4243
18046
6566
25433
1368
13287
338
43
27199
19822
48071
36470
48476
43636
37457
44515
306
8576
17197
41805
31677
27272
19774
23384
19728
45374
14925
2027
8723
26257
13108
14679
5284
20491
45542
21533
13736
13325
23296
37468
2177
3935
25114
3524
34831
43933
45109
970
1553
18430
39837
45030
18493
49566
35121
35760
21690
15147
1257
41871
49634
39317
49277
34622
18722
15065
32672
1388
23879
27933
27338
37125
39798
898
225
2303
3637
42818
27781
20427
17186
43104
32073
49677
21703
24124
8767
34601
39356
40424
6184
14730
37379
39601
7807
46730
29636
20380
5161
125
4772
17723
47816
23094
16490
41817
33720
12514
44108
36205
25138
29442
38141
67
44872
18799
42664
30910
6123
16978
22151
30247
11039
18976
17139
22638
476
35153
22320
42634
37677
30577
5785
6908
13608
29234
12504
14634
35378
22149
22541
18840
29354
46267
40017
3519
45672
4491
49387
46774
9538
345
43372
38226
38559
22015
16427
23844
11982
42090
37820
36049
46339
43536
39466
48739
41519
41662
1952
48654
34370
11745
1756
14044
25055
38417
43126
25166
13176
27503
34332
23066
27884
46252
25085
38408
25095
36660
45333
29253
21331
24421
40582
21418
33762
1306
36288
41497
34962
15709
43908
49096
3627
16038
36370
33511
22232
37795
33088
46350
28317
23274
35379
41289
14855
16933
13068
37562
17949
23734
41097
27894
5910
26622
40994
15509
6258
36065
33180
18271
18597
32724
43868
27692
47223
46739
7387
37664
12256
38049
21151
42857
1684
35049
27887
4413
20526
49284
4924
6995
6857
3429
3932
29170
18234
4255
23792
4455
19976
42364
9499
22036
39791
12065
13892
8387
40090
16992
43251
22196
17389
16196
44852
14485
40522
48209
19470
23401
36145
37705
24599
13686
39881
43667
24796
31933
16690
16558
40015
784
1603
28173
10372
20132
15181
21930
49881
47124
8394
47484
29693
10126
16564
48607
41581
44719
29309
37465
19826
4007
31502
35256
6285
980
15807
34509
32230
39085
13971
16006
28328
24844
23009
14556
46632
40285
16305
20626
1402
19346
17821
35995
44666
19841
48784
32733
2039
39311
8634
29327
15369
4415
8934
43920
29008
37734
7640
2958
36879
1394
47569
32699
42337
28252
19368
35424
20052
31394
3291
10457
1150
24740
30036
9733
1280
13770
30516
9323
34391
10216
16293
39582
28027
25706
49914
7887
20508
47935
12132
36285
30381
41069
22123
21798
49603
27158
2690
3312
38325
1675
14279
33453
31087
26297
3152
31440
26016
32599
23538
45843
22580
6229
14219
27319
10392
32233
11326
31621
21712
8069
33463
26447
33277
26467
4616
40452
15808
1942
22966
16295
48129
46410
31643
40802
33659
36216
9345
1084
34892
34257
37604
25325
38202
49093
18029
47008
29547
33064
22928
8636
44481
24433
48413
15085
37029
8259
16240
40953
21415
14653
33605
41890
15632
35510
22888
3308
17828
28616
30665
49612
45805
44197
43570
27336
44242
27356
22753
32190
40295
29348
36388
1744
32831
42188
41247
43640
38154
2506
45442
48287
26124
45025
38320
22365
10589
16886
1967
45044
17384
33811
17863
10384
19714
23732
47411
4584
47148
27770
41197
19930
1780
12725
27710
7724
39723
13400
33226
15038
24257
11303
30051
6842
37361
26191
7349
29758
17893
7285
14449
15626
21341
45559
6287
23000
45155
45122
27401
40997
36228
39391
41656
41223
3245
12495
35368
39142
39138
32245
42618
13270
45810
33814
35005
13691
49225
43973
26843
20405
2704
42390
37207
18001
19721
12978
35678
32054
20278
21491
33768
12916
42550
47609
38574
35580
14878
43257
18042
43739
18809
8784
18620
33085
25763
39393
1983
23392
39778
32829
18695
6688
3588
8529
4743
33747
21444
48714
17446
37567
36831
20225
43154
17508
25807
28339
29786
736
47517
46517
35731
45000
12156
46326
234
17761
27548
23777
46663
39314
14326
538
3862
36143
35496
28510
14756
653
40663
48731
43910
43555
32953
17961
15171
12581
37600
44551
26187
33474
25296
33397
27881
7419
8896
10310
14072
34579
29053
20082
27335
8275
31391
15480
23676
18006
47071
22074
37328
18510
34417
6953
5979
2381
37792
20108
41642
7692
9198
8414
266
9398
6263
33211
43589
22077
29728
40510
9922
1400
11820
32994
15301
32365
1689
22463
27194
11690
40601
29015
16571
16593
11710
46584
16955
38593
21112
33927
25875
321
36299
38107
26574
16128
33795
2914
29007
7083
38378
49451
8992
18
22762
45778
31850
29926
19576
35281
45515
742
16000
16782
20896
12244
28281
68
49082
40872
28239
18250
26203
41347
41059
14298
15338
25082
28195
18791
29291
38109
19150
21775
44585
24995
42369
14898
41006
29423
45161
40073
13130
45316
42088
6041
25274
36963
35750
1288
21796
37812
4478
48458
13213
11315
46000
37100
20539
16178
9870
35053
46874
37471
25418
20596
32282
44140
17095
2021
21887
43482
40992
18052
34785
47341
40249
44343
31915
17937
47400
41801
49029
3574
25037
1397
42172
41978
16328
48824
47976
32651
12756
35521
17361
23956
47677
29977
30224
1404
4227
10001
48958
21561
43153
30092
7257
13609
31782
15009
11515
6729
20555
16126
47835
23361
25414
8486
3020
2709
19333
37637
8866
43923
42411
36275
40263
43556
2843
41159
20797
12707
8655
22789
36105
22576
34407
18669
49938
41165
47510
10937
33585
37380
46844
33923
14082
2801
9872
4267
30241
41067
30482
49514
12295
156
46404
21607
13861
33827
5601
8973
14116
21859
36511
36019
5022
1748
4585
423
25182
2736
5068
40686
37829
1659
11610
33010
38319
3918
8818
8296
10874
2461
33946
43445
17824
32032
43901
38845
47583
45673
13739
16289
7276
29240
9117
46662
47992
37475
37248
21585
7990
25773
38941
18111
27902
31095
3045
44697
38715
8760
49890
28849
46318
21754
39426
4394
27687
22977
691
12739
20071
40078
41909
6633
2935
35029
24195
20912
28944
28570
31905
16630
18835
16986
27764
128
30830
5108
10451
15828
39654
39608
16387
2806
4763
6185
3789
27650
37197
18519
23245
33131
8895
12202
44401
39508
3378
4699
21244
11789
35235
681
33329
20713
22027
40305
38068
38403
29685
46269
33788
29194
40880
24213
30537
25112
9564
10646
22986
28844
25056
18688
41510
44480
40483
27414
4508
40859
46049
36708
44154
20416
13724
32193
49941
11483
14235
6865
17298
11561
21891
25945
26603
28785
27931
27853
16283
9729
19256
29901
48416
18949
36057
48447
46391
16359
36066
34116
38672
18689
7574
13042
26000
8732
37392
6053
35666
5268
30831
6559
16852
10498
10063
559
39151
23012
37400
2618
37977
7722
3206
7271
766
16850
36150
3664
5349
12446
47335
35141
20979
26449
2622
25934
41370
36606
38214
22182
3552
30935
35458
35726
7424
11099
31616
30014
3952
33953
13788
7862
20907
25461
34696
48668
10578
30106
3660
34287
3415
27794
8146
38525
425
10425
2672
33562
37411
24526
40771
33590
7841
825
26794
12705
17382
40729
839
47151
26373
46237
25425
48744
21242
49845
27105
18679
9425
42650
49471
7965
18391
26097
12848
45596
23562
17798
2684
26636
26357
1650
35791
17762
43180
1245
11330
25693
7486
36222
2849
36717
34790
3331
8569
18086
7305
44684
43631
26225
12410
38758
2544
35794
36457
42506
47435
2445
10606
17886
39596
27178
3
16028
14349
23248
18105
20409
15617
39486
29373
19203
38453
1591
49703
43903
16468
22779
47224
25793
22526
21278
25399
11907
21603
23918
9060
24643
21436
10647
3493
17283
33122
17572
33499
30894
29646
3677
13809
43081
598
27915
38301
1340
568
39817
7662
29876
16824
43888
13506
4624
28693
13783
28058
27370
24887
962
36980
44069
8736
37756
36407
30558
45330
13283
21194
1342
42146
40885
36367
6385
31523
35601
21784
12494
13961
41727
4496
4636
22901
11203
5765
28220
38052
36568
14245
42340
35043
44900
28937
39409
12437
40283
32503
33491
38437
3114
43280
47139
38242
19566
5478
8580
34882
28617
32654
32322
14738
31910
46771
6238
23337
45312
9456
33842
22402
2856
47897
40968
19223
2438
27799
3711
34845
19220
11066
4170
21247
35742
20087
29055
29369
45538
32117
48765
17149
15681
46713
10673
13925
28560
46435
31103
20989
22407
26997
43263
4740
37076
1592
32168
34573
33235
4337
45181
6796
37674
43036
25516
23419
36983
43392
7128
48544
3393
36734
21307
16733
23632
4305
35245
14233
19997
26590
31521
16078
33383
37458
1910
40904
45395
33697
22445
13204
31112
29944
43843
39084
49339
15131
41326
45051
28219
25817
30101
48899
33125
37346
16519
46571
39605
44192
16840
20163
4340
9090
42854
35758
34453
49198
1058
27643
5847
45177
44800
22259
5147
24085
37535
20303
6819
36871
43994
15849
28951
34064
30343
2665
28047
15936
48221
42656
28598
38178
26426
21622
3282
28444
3984
27729
8255
16651
10756
45637
37806
18009
26303
36860
40978
36356
21920
18190
37508
16068
7959
27830
11342
35366
7067
45611
26556
21525
48566
23575
36149
46168
35016
20829
44202
9217
21494
29094
4283
2234
28489
23809
13668
46008
4707
6081
32253
22018
24142
15937
800
30144
26668
8678
2387
1612
6870
20562
29742
37434
19337
41106
36757
11602
3882
19334
20026
33069
9003
41607
8664
4101
45764
47543
23096
42249
45188
3180
3720
17939
45665
24203
46027
48809
22592
28926
18057
46165
18907
10642
47386
40077
3076
43234
9349
23534
27006
18323
38279
44344
11653
44895
17588
36970
4400
31842
15217
4821
21614
35512
43811
11875
43762
26930
9120
41650
1130
19458
11496
31597
49918
49925
1849
36366
36262
31946
14757
4288
34504
11084
18527
921
30761
47726
32772
1539
2913
21370
1441
7497
15263
49819
18358
33276
41404
23638
21643
45915
40410
1724
21006
48892
36453
27995
39958
32964
22964
45310
32372
25689
11805
14647
43991
4297
21320
35516
2702
25079
21918
22932
28549
46145
11775
8162
30067
21116
22150
3002
38273
39417
48182
35253
31422
30065
38318
16462
25761
42163
18459
31552
6854
3509
33592
35988
33998
49360
19002
18422
22295
7515
40763
2440
35861
26588
31670
42633
35722
20674
32752
33053
14062
49844
34076
45959
46957
24134
8562
7960
27134
32171
48009
8681
34172
32257
24520
47013
27609
18031
26048
38165
12245
29733
31720
23635
14798
29249
36520
42776
5665
25820
19048
22714
26790
25895
16310
15069
49376
27470
42912
30806
484
7359
27476
2521
7202
13006
29163
85
4922
22246
2383
761
44426
7931
45685
41889
2941
8577
10444
27332
29499
10030
13894
23196
10685
31988
9318
6382
40618
40111
36737
7178
812
1043
15310
22131
21705
120
11617
37630
10464
36339
7916
44326
16270
38
11540
21329
25887
48264
22199
1129
4040
25734
46932
11893
33669
12007
24248
45808
13446
20786
19226
9382
9369
10643
20149
20175
44471
33387
15034
38426
41376
43424
21005
24510
37522
31128
28691
2241
35761
24229
39896
16994
34357
25801
2476
35642
40854
20772
12215
20715
30281
42241
8717
9926
3809
29712
25810
16252
11506
47836
36173
4350
14448
39766
43091
14351
25442
40930
48480
7237
46854
3390
28181
4748
21774
14727
22899
40162
17876
16103
41899
43500
35344
34434
24092
21342
13906
10403
28067
17102
415
2739
16438
46136
30142
44394
44703
9248
33572
12840
46928
17451
16493
21736
5995
23438
26506
21987
11837
46397
10907
14729
30572
35317
36312
19167
14060
47794
19740
8478
8511
4003
39883
35181
29415
8648
28043
6570
25905
2634
252
47906
17124
30434
406
35931
44399
19995
11251
4493
31732
19640
3335
9951
40097
14405
33038
4124
48428
11509
24176
1795
33363
34157
12197
6810
32366
28291
36349
2859
47066
7022
11272
871
26903
44866
28486
29270
29752
25277
37955
28938
7625
24484
849
33163
39554
24798
36833
22563
6573
46284
11038
23794
12441
20771
25766
40631
2249
40286
12037
10353
15074
48598
22950
40547
6307
12336
49155
17851
13417
42875
28493
18230
35841
27967
13140
43754
32038
23693
18462
698
18553
12733
41732
11280
36294
5293
44106
304
10428
40106
45619
48665
31023
10047
32832
35776
17731
17125
10258
46480
19503
21801
36464
7556
27270
15995
32732
3890
2689
48311
12254
7048
49012
17853
37119
24016
13774
17292
25161
19030
43348
25507
9420
12680
33094
18672
27680
27783
7493
12700
14599
45457
15096
33367
5317
11138
24989
47195
23121
228
37092
7400
44662
29485
41349
38064
49476
20233
23095
6808
40684
23231
22145
6913
32590
6886
6820
1619
21190
10053
12472
3973
21771
11030
7619
41178
41199
27320
36713
48816
17894
34182
3419
23631
34142
7017
25779
9408
31378
46918
4573
4147
32553
39760
36047
6778
20497
33929
11884
49429
30432
42678
29903
20173
22048
16562
47036
22633
13962
28462
43178
36567
39337
34476
16717
25195
43076
19675
44037
3572
25491
7874
2712
1579
11880
11286
23431
12878
5169
35258
33652
32078
44774
15166
23131
16044
42428
18999
19674
10808
21582
3805
33860
44944
5150
4519
17836
42577
45496
9589
12400
22502
19142
34570
37377
10265
31752
30389
3666
12433
18070
6268
43660
31361
38763
24613
48859
23723
25579
18098
20057
24517
13955
44232
10974
12097
14178
18615
6416
29574
49028
20581
47663
46273
25030
46218
24600
33381
47457
13047
28431
45880
49233
15342
39839
44996
46585
49972
16345
19848
46261
31471
11067
47723
12385
42012
10004
2950
7516
18291
17170
26221
33971
35822
26461
18345
31033
38916
31312
41532
2830
4984
41350
30783
43342
42724
4034
14687
14017
12011
4786
32178
49842
22427
22834
49820
10948
46259
10575
44854
4333
22203
14612
46280
19455
8119
37722
24028
3024
17752
39488
38180
24832
2528
28001
41853
49486
32919
22799
26769
27792
6832
31719
19037
2588
49847
20399
43060
38339
22090
3165
32512
42523
26268
29061
25669
37055
40836
34551
39520
6348
40005
28379
16113
8503
545
43815
14606
25495
16060
19264
26970
31576
374
26742
13237
48197
46768
37658
11595
5442
8134
32799
47105
11529
44262
29189
5128
44231
9333
25538
48981
8525
49473
44483
19937
29665
6713
3575
49120
38160
8990
37357
16220
23449
39412
46152
28051
18490
47356
9262
22461
17675
35622
48157
39550
9839
32301
47274
25585
48939
22602
34020
19168
15294
42869
31594
28888
12785
9746
24577
1123
16417
43520
24488
17045
8105
34941
48172
22456
2590
24869
16972
37206
27149
10925
12523
9792
19181
10369
46944
30870
9121
35229
3089
33780
39758
34858
11925
18252
24062
18700
42327
30966
20398
6129
23467
42974
14099
30186
26096
38520
48620
3706
42929
1699
29664
12299
46548
5248
4300
17482
43261
49113
42956
2569
46437
23998
22144
38464
5733
39289
15520
13953
17792
17630
29447
33142
31315
16697
3887
20554
6795
14131
38122
19262
19101
30207
27657
34897
858
14645
33554
23578
11881
22960
47949
31100
12808
5325
597
25288
36290
28816
7522
36070
31316
31953
47119
32659
3676
23090
5729
23487
46135
15670
5209
33415
20412
22994
27946
46302
3322
28318
34816
21638
2774
12176
15423
3897
3708
24083
21808
24630
41113
48629
1450
27828
8951
16221
9890
16855
19251
1140
43404
28809
49232
38882
35953
48754
20038
22730
22525
15381
39181
34264
19527
37433
45154
46170
2471
17429
32335
8358
42663
3411
24034
4232
24207
38139
12491
27309
24667
34983
23457
16672
42236
13101
955
39632
27344
37088
17476
11422
27571
44726
13396
41496
41921
24412
45973
29545
8770
45577
6881
11387
1984
33059
40724
4099
14685
10784
1589
40656
7385
25477
44403
4731
35506
27385
23746
47561
23507
13726
27511
18142
29527
10838
41262
1497
33199
28876
546
32816
32777
15192
28571
36646
18182
43598
46592
41987
18929
27227
32706
8188
37788
30471
6471
27909
43643
8581
26055
3414
31243
3003
16299
48459
30265
20517
19309
36351
29762
33941
35246
27997
1495
45403
43166
10951
42860
37581
5003
26853
45858
11271
40527
10956
48928
26353
21587
43133
43361
5948
46177
36587
2348
41011
18975
26238
34865
25564
28017
29356
21982
19216
45935
3169
20258
5787
42614
21419
36041
37008
20835
14813
2363
42782
19081
45960
19563
9089
13559
16235
16344
2195
36115
22217
20719
18421
29842
12330
29202
17327
5625
18569
6858
7591
5782
35469
8561
40794
2646
14124
19087
978
15118
18867
30150
22037
3266
13731
2217
965
10581
44573
2931
29260
14983
8185
8331
9342
15561
41365
12052
46236
6500
22341
25283
48283
29494
11919
16026
28084
49455
1700
38726
6548
33304
20600
8197
3986
14376
43485
21214
46627
38603
44421
12867
23873
16788
14916
43508
40700
14660
44583
3069
10831
9989
35570
12846
39951
7880
33513
13076
37481
3289
42604
8085
2549
2479
11239
42338
15949
31626
40140
2563
42982
6781
15322
10025
3671
4986
23480
13802
3307
35967
21549
45759
9
27108
49848
7364
12966
13996
25892
21951
48802
5365
34731
49439
40160
49810
11915
3831
626
27878
8303
19437
48224
46390
17268
866
28635
14151
29490
34010
47049
6436
11626
12751
21817
45300
45780
20628
45347
48713
37718
22792
16806
12042
47550
15669
39328
39941
19543
39623
23344
1882
44424
1348
8921
48227
47525
40837
14862
37876
2868
27457
17693
914
20188
46155
29077
35927
11220
22993
35557
32923
27394
39802
16620
48468
28478
1841
31951
9598
28915
36023
14799
4554
3699
46879
48058
14535
8595
35869
13349
47206
20401
4272
22849
20123
19406
448
16802
31059
42988
45926
13525
18285
44372
8647
3923
33684
33155
36820
37202
9461
45568
26502
43476
18964
38688
17215
15351
14142
35711
33098
40407
43585
16502
28872
27135
38281
28362
37950
26416
23919
35528
21835
521
5517
17587
30477
9026
24216
34188
33990
8688
16844
40163
9601
30318
29142
31840
47771
31575
29190
40840
8737
4294
39759
1997
14538
28751
6492
8388
33614
8074
41701
45073
15987
9062
36175
2727
12284
32116
27223
31660
16157
22766
46919
3463
34886
28963
2308
31990
25573
5738
27825
219
26639
9536
47892
22474
13474
32060
20146
1009
42208
12696
42804
12489
46048
29714
37255
35499
38263
6387
5618
49300
24373
21178
25542
2186
37148
40109
44240
21965
5427
21107
34855
33751
36769
26019
18595
2163
21831
2786
3204
19916
47192
42407
15796
35125
2614
45989
23826
48685
26192
33851
49378
27240
33959
12084
46639
43388
1633
37079
41252
37070
42708
24915
10888
8900
35097
42713
39985
35806
24340
45979
24840
8013
47281
19980
45447
38410
9232
9254
31151
25609
8268
11263
36185
26776
34496
571
29225
22342
43863
34158
17122
22708
9419
17452
32369
41842
21646
28077
16768
26473
1423
7847
12510
28465
26881
8876
25034
17155
40766
28004
43674
22499
7063
43821
27475
31549
27662
7462
29588
24361
15243
10333
13386
23834
47758
25407
40232
45276
29689
11196
18474
28109
47407
33868
19597
7646
694
34683
1804
15784
17694
44802
45366
25472
12483
25977
1635
13377
28201
226
24352
20059
45540
865
5971
21652
34056
2173
25338
35085
39968
1936
40366
23450
30912
2768
1714
4745
26050
27444
3315
41091
3223
40248
24668
35763
7295
30686
15732
44006
37476
23269
8446
27489
19769
14907
36868
36305
21152
7433
17232
12205
43877
33280
18332
2571
48918
41646
42823
41653
28620
49824
19931
23539
24436
15859
40459
10227
36336
35404
13303
48351
18199
3142
33934
7062
5830
15579
8607
10599
8469
8854
8639
34454
42937
2898
31883
36744
45142
28781
20306
45909
48645
25188
8845
2287
27640
26455
21853
38950
12015
10804
5905
24117
8042
24769
9831
10407
2153
40091
23331
3366
11156
26091
17554
17928
45307
17470
24518
16545
38588
49798
41210
9563
35817
30255
3246
39618
47110
24357
33477
40444
11887
5768
38999
6611
38605
27289
27298
27625
19651
9712
41125
49873
9782
5408
47608
26342
49683
2113
22623
2407
5818
27404
17371
28438
45565
9924
46545
36967
5613
13858
41356
15303
8970
32641
24206
29378
6143
17920
19204
17583
35381
34648
34241
20654
19693
10028
40389
39770
10358
15996
49652
43748
7985
16611
3521
35395
6660
5819
44648
42377
5593
9050
31509
32764
31595
10164
42392
4456
24825
24717
26568
28206
34774
23001
34887
8652
4301
29082
30127
49946
48836
2972
34139
6623
25543
43357
6219
30391
37331
13848
29381
9295
9154
4857
12145
197
40596
24739
23491
13806
7854
14045
48068
43977
25351
27859
7600
28174
34090
18894
23729
22775
44446
7096
41891
26751
1115
35922
35169
11360
37985
34753
41681
33540
44498
10391
38986
22801
49629
33217
14457
6739
22205
46287
22770
15492
15285
37649
35612
13311
35774
42601
40462
43256
5167
3967
33981
33911
1586
21820
4234
18742
21089
6269
3422
12880
20448
15627
49249
7249
37502
8034
39916
38666
44057
34307
36026
30685
24165
34295
32177
4281
23138
49807
34161
20937
45757
21645
32492
34005
3018
24663
30623
14768
2933
6383
12047
12976
46393
25247
4681
47465
17194
26833
40261
41963
11383
5216
24793
41434
14011
14074
45705
8239
33642
45184
18335
20615
43000
9116
22591
22476
7552
44061
41509
11688
24264
18824
12029
35447
17832
33896
19796
20548
25234
32056
34491
43527
28982
48878
3924
15099
27854
43288
48854
47604
39913
49805
29405
32169
5447
24430
43561
12874
12076
5118
7429
11522
18331
22376
4634
47480
9272
37435
27941
15733
40755
16112
16607
7752
26201
44846
29889
40824
11092
10076
24483
14536
7314
29895
16751
47359
31053
3109
9714
16245
28654
2129
22640
21300
34992
22582
9104
3224
16930
19163
8769
8546
10671
28825
19111
33728
32647
21203
42468
48763
16879
41333
20015
3259
14827
9959
39038
2239
22513
17153
21780
6108
44780
43766
2834
11821
29782
30451
19704
44695
12689
49066
20048
45064
45825
35270
36265
32165
35219
49410
2075
35849
37732
13177
35116
14550
31919
1956
13551
1992
29016
42951
45408
36676
26600
49190
21870
4156
5261
9771
15075
33686
46417
43956
11673
40846
19000
40421
26147
35645
42593
26521
48772
43015
15273
29017
6706
37324
7927
18022
34540
11399
14810
39344
47160
35014
25200
49811
18983
3941
17075
21123
14957
47109
2533
10036
12984
7425
23091
31948
14003
14341
21192
31322
17017
27885
49347
7689
27273
42995
22157
48024
38158
12560
12728
1620
46219
28194
8667
19462
22632
12825
28386
30998
11021
36784
21931
39943
44190
13871
33818
10202
24773
43200
32026
43626
33264
38159
47577
22226
45910
15371
22939
34776
47659
42232
34012
9357
40694
10556
48971
45117
24706
8248
23703
36787
5932
10443
1651
41083
39334
27389
15738
15253
8380
643
11477
44989
38393
46981
25644
48238
38083
47995
37826
7326
6955
3854
41055
15566
28535
19378
44786
41759
26310
46954
43621
25382
7025
6197
35907
41558
11882
6335
74
5071
32722
43731
25681
39576
7013
39018
10334
33969
35144
39453
14927
37239
20477
11346
15455
12104
26179
40346
6013
44387
6332
10239
28546
35318
14920
17733
34211
38571
27265
25926
29561
19649
2713
17442
32611
24714
5341
30694
6435
20661
12555
5825
45660
35809
30701
24452
34841
1693
17839
23749
1299
33198
10704
24795
41494
13381
798
9326
39194
10510
18295
42051
15433
43677
16881
41009
5306
29036
26979
5333
2315
22909
22081
17169
48550
1541
3260
9269
38001
17356
24866
36160
21255
6710
17615
24753
27431
34773
4133
32308
42221
22304
21827
69
37121
33765
37353
45075
41092
22389
23962
36998
41862
17765
18932
36705
19816
29654
4813
45687
10455
12331
41692
30655
37707
11142
37318
17999
22995
47222
15108
26669
34779
49094
15929
20917
20473
18248
29482
46023
41731
138
11615
4852
44990
26360
27334
19509
26385
17744
43840
46828
49146
34557
30815
20053
17441
7106
564
36904
12973
40677
36630
994
44125
34396
33836
22492
43014
36166
26583
21581
7053
25744
25929
26687
41190
38047
16979
17225
18161
24381
43914
14952
10362
44743
46679
19932
45398
24131
11908
3071
12040
43420
15014
28189
27549
7532
7414
26750
39266
2969
29129
26093
28716
4059
34369
29028
11774
47020
26935
3758
36745
27451
25962
27984
28343
6664
3541
15424
47989
19021
38566
10737
15933
14812
23284
2
22625
33906
16741
26429
5981
13639
39797
15767
23116
48791
15675
40166
30349
2079
43658
39646
30582
49885
5184
664
30027
45557
4445
46664
27639
44243
49979
4848
7550
37155
4633
30662
2382
14259
18579
47057
37960
48121
36506
46660
30893
45370
7432
31852
13173
5518
41971
15211
37483
41631
43298
26007
27963
45755
27064
20208
34783
11814
9735
46685
7099
20751
9561
10612
6502
40258
32918
31836
21002
25478
29596
24454
29445
26202
49755
19679
45200
48201
44075
18124
8552
23566
33457
21465
7436
2636
29984
19484
14191
4235
33077
27975
22062
41615
43211
36092
34955
4739
23289
30826
46233
30549
1844
12820
43114
19288
26224
18887
49883
36302
47376
32640
1723
47540
28973
44685
37236
33495
40001
13924
1266
44757
25260
34691
36670
15743
47414
42566
9397
7569
41749
7905
37497
22815
24850
42928
20958
13503
8307
5885
48815
47360
35299
12556
10560
8701
24732
22529
24848
10396
46325
38221
19577
49182
10880
265
41514
11577
12303
44586
46955
46964
46069
29214
43387
42244
41233
25322
16086
48638
19237
5695
18550
16609
10609
45132
33093
26164
11885
24516
19074
22105
32134
15214
12902
15539
46999
36915
205
6511
7940
32739
6608
25611
929
35906
16294
32046
44907
18831
39898
22261
21972
31355
3719
32684
9478
28301
9630
15565
29972
15782
10003
23571
434
8868
48360
36258
24498
19904
166
11699
48657
41826
32765
48158
13192
17913
17218
31290
27727
38711
13478
39552
20070
32877
22784
25270
38917
7996
26878
37016
3975
31329
30175
45713
41629
7732
19364
21276
315
31928
39154
37935
7410
36443
35255
43532
25575
38662
2434
49856
15058
15399
3281
39056
23535
10699
49246
13098
22021
45221
4935
30465
5534
13522
11457
42484
14766
11512
33002
46789
32363
45686
9508
28782
9847
37418
24562
9285
19551
16634
48700
32673
21738
25935
44880
20583
8897
10168
26062
3697
13209
18969
5222
42968
470
12263
2324
17629
46163
46690
47915
17360
36544
38706
11852
32579
31617
36883
38792
41793
45045
42821
41934
20531
43379
41183
45599
5800
21445
33333
46513
37566
40400
18909
30021
1705
29835
35533
39174
47587
21637
37262
44304
1329
18017
625
45497
24533
2663
41990
14187
18455
533
35370
39063
28191
40405
15507
38409
29224
37441
18749
11121
6239
43576
32889
46487
38272
32769
36147
785
22114
8615
11105
20998
18802
43475
435
16859
2346
19941
7585
4583
7551
46724
3993
46704
5544
14598
27932
30788
33455
5457
38783
34525
25290
46581
14015
35248
33918
15370
14636
17782
45048
4502
43030
8279
12151
22004
38396
30010
6576
20864
21624
3668
3834
48400
37388
46737
34326
40287
39755
17573
35096
17533
41331
27703
20957
10002
18058
42761
10260
43511
23192
7483
24715
36009
19865
42094
10662
7103
3473
23490
20154
12616
22202
11424
14252
31258
45818
46388
29312
43143
48128
46336
45771
16208
22567
37363
2267
3009
14398
39386
42662
10128
35251
45303
27452
27588
13360
21611
48834
18205
48154
21781
35921
6283
36748
2096
48493
34299
33645
47233
20143
12640
43191
25087
29570
7783
7695
41660
29639
49294
25648
17677
38266
10586
9277
41250
30303
41517
32211
22906
23853
35129
25099
48199
4190
20042
34200
41111
2788
35571
14717
36513
23207
30728
948
8285
43409
26305
8776
118
40543
5843
26783
21013
38057
25484
6431
15282
20804
45681
49731
22833
38113
48218
42344
19447
14169
40811
34111
25275
16075
16750
26960
40589
49121
676
46837
28857
45590
45776
10714
13832
18278
30111
8284
32666
2280
32633
28460
44165
48680
7390
6329
5179
26454
4838
16885
18530
40427
38954
26044
46282
256
13626
6951
5106
41634
21857
31005
9549
37440
9372
46380
19501
26924
37750
7954
27693
18088
48205
869
8040
15152
4344
21634
30808
11011
44046
31131
15957
26736
28374
28099
12702
40197
3635
33009
23389
12113
46614
23984
24428
26183
12663
24748
29041
30286
45046
13534
13355
34057
2884
35509
3865
33977
35593
24315
28837
28735
2463
38844
25293
8583
23327
19647
41792
647
47511
23655
20019
34717
42442
41046
43765
3978
36168
9982
31057
35329
48431
12207
10593
1725
30711
8549
14378
37304
8916
32821
34336
8287
36908
15724
18411
1823
12298
38330
36532
33502
19313
16215
45834
15110
49545
39140
39044
42879
42180
38995
17627
36083
33308
22395
1838
13483
37973
25020
31866
16164
8464
11110
17006
35076
14962
14529
44735
11614
41081
47886
26601
10421
19105
22033
32371
12204
14147
44171
48397
1082
21935
41054
41664
49483
34226
993
27660
22767
5288
41209
45543
41093
47502
20817
6943
43941
21577
19195
29777
2150
27664
40291
2829
46853
7448
39310
10965
12008
48951
21616
20299
47322
37938
12831
38652
48525
28680
23168
22785
17907
31421
26630
5176
22999
32388
22080
9330
14523
41462
24856
43697
35230
7823
35925
28674
24114
26411
12365
22091
5367
36093
44029
15317
21625
40778
10442
2509
21146
43560
23917
45876
20374
279
47975
48348
49571
29888
14198
44619
1884
21839
26807
42641
2728
44175
22984
45905
28659
23317
29154
10839
27361
23563
49282
11523
11466
45287
31918
38035
10796
49261
12888
19909
36260
1719
25603
24737
11305
13793
49793
19057
40963
46358
25724
15555
15237
10435
45702
16969
21501
35289
25616
17421
77
13605
19894
22244
19680
3596
38137
3046
6717
33326
47351
15974
15143
14199
19349
27777
20623
40894
41031
31353
23559
7293
17967
43206
1687
18299
7386
36732
13133
22821
44532
13122
48478
17769
3337
5124
29461
37394
13621
7248
15862
45591
4161
19015
29609
6106
33905
11437
14206
48470
2797
19605
30108
27850
31839
22890
32320
27371
34595
43519
18356
33510
37383
1073
48322
48087
16736
21721
28894
9286
7210
43922
12193
12168
23088
22132
25791
22101
8156
7065
22586
15326
6624
47973
15744
11639
49932
13033
38681
35490
31238
5287
42248
47849
5879
43647
312
17203
33857
19003
40372
15956
17618
20541
29683
11333
37516
28300
23526
34268
28095
24453
19561
23080
17285
15932
10827
35309
43701
35036
48490
28274
29250
31472
16625
31105
23642
986
28646
16838
26689
1439
39675
43123
33240
17994
33373
21459
25170
44130
1373
37994
19861
2716
7225
48751
12445
10604
24565
18740
2302
27706
39960
30461
43203
43340
40472
29297
5492
16319
40887
6410
29352
20350
44885
3141
14573
38239
20081
20107
17254
24397
45401
40233
28332
11453
48747
29488
33152
7986
40114
33130
1981
4440
49851
1091
9737
27928
16230
37399
28065
25103
23451
777
4385
12108
11603
47264
37046
11126
5208
46707
34153
38203
44024
21384
7011
2314
39392
15334
42685
24038
23934
35068
28778
12630
11016
25501
21343
43003
26011
32945
26596
3744
26361
5562
42466
32847
20500
5330
41708
4083
26755
9341
14308
37181
2480
41511
21969
11994
10463
39574
42906
12296
23187
1566
32635
39669
7469
9522
4030
26726
89
37692
18635
953
24585
11112
33541
11123
9584
34720
46950
36018
20295
8351
24627
2952
34141
6744
36436
27960
37814
3311
1820
10787
34627
3553
21869
30155
27999
18656
44244
14835
24829
36634
30774
2595
16440
5335
20486
36533
12735
22777
38376
23025
46440
12407
12426
18242
17700
2670
31296
11322
31139
47469
42286
4564
6271
25473
27305
35530
8135
48768
19182
6378
21823
22287
1346
13923
49507
13940
21024
17142
3028
48484
46439
25845
11028
44790
21345
1313
30066
28704
21905
38235
11962
33888
42648
32431
46558
26286
6296
18144
19926
45802
4626
7108
6877
42296
25550
15628
17066
46307
4850
39342
7816
3182
30473
42771
18475
41052
27420
9903
45015
4829
33204
542
16906
15846
20352
7554
45845
6604
12950
22667
41818
28773
10320
30657
12726
32909
35375
36478
47177
29996
19844
32399
909
2892
45463
49531
6675
8300
27851
35745
47026
16549
9453
24389
11666
9864
32082
15109
18067
30936
13067
14673
20062
26850
19451
11706
23912
40412
15876
40181
13577
32377
16914
37974
10130
4826
48806
40243
21102
20063
46343
38093
11352
40673
18132
4189
9663
20396
28747
36467
18147
8098
14525
41789
26200
11094
33322
37430
24811
37719
13221
12356
31491
4052
43484
48355
9971
29360
21665
31351
5606
39931
44864
45561
22185
23656
47656
45853
28142
48249
42806
22297
6233
10238
44930
21746
47929
24228
1911
24351
23458
46367
4976
44447
46560
49313
9947
11045
15224
32163
14736
216
4843
45927
3606
37439
19719
24332
46945
32727
9498
47077
26931
4231
3446
5809
32779
28812
3050
16409
26774
42017
14281
14530
31107
2109
24297
49234
29845
37711
49163
42507
12990
803
20411
43778
35001
24675
37368
42719
13835
16948
30734
9550
15182
36466
5055
31535
9942
23776
10778
22763
40196
15811
1872
32828
19304
21720
45387
30184
46906
42053
3799
12873
6798
27886
1268
17559
6803
36953
14367
28305
13416
5954
47493
4414
9490
33143
48769
35715
44172
17720
4997
2358
633
22841
9048
17847
4988
18994
45924
42589
41423
26676
18717
37333
44830
18901
20846
48712
28882
10660
38587
2268
40413
39241
5375
45965
44700
32607
24153
30525
34190
25392
32979
22496
32343
43839
49906
723
45039
45824
26954
12269
36874
48410
42645
36765
49305
32210
33443
16584
17021
27524
17710
298
7440
22872
48750
18212
25308
11619
27341
34598
48035
32050
1813
41170
30327
11728
25566
26738
28590
31906
13898
41324
48406
3354
46035
9546
46309
32176
10029
47266
22761
44897
11197
38433
19233
41587
12352
41923
6643
22819
14823
14415
12996
18431
27892
42281
33879
8014
5084
11865
10730
5374
24553
45259
24314
29598
27618
36608
27831
39414
46916
38551
26844
39658
24419
47408
229
20364
41255
39581
22518
43230
29937
44137
16845
23647
7882
46416
43053
34087
9542
43161
32086
42212
29103
29025
24344
29254
22355
30933
13704
32283
37803
19620
46476
39390
5218
8471
7009
34963
3195
32401
6879
15639
39419
13332
47882
25412
44473
5526
5959
33133
45704
224
4613
38684
26765
48741
33318
45700
29695
23342
41831
12743
34932
26254
22574
2356
5316
36926
49361
46654
918
2323
40714
48652
1173
39844
8452
37614
31327
7868
25822
9479
36209
31185
33873
36174
45707
46316
26975
40498
32866
47796
26210
32249
6495
33935
7453
9774
18347
8591
3537
9985
7160
973
40088
16259
38130
44435
8428
31668
12911
32419
15564
33735
31354
4569
19268
32976
32602
8379
34953
644
40020
26729
38691
43271
29444
13487
5190
43010
3298
26401
18687
21809
42206
35633
3449
25059
21451
1542
31584
2014
19215
14871
29371
8633
46878
24905
18158
38327
17914
27656
42561
15387
49643
5878
46031
46076
24752
9320
7273
27084
22798
9906
22306
13932
40676
20422
24750
11685
1873
10859
36059
19446
41066
13524
49400
3859
21432
21231
12103
34736
31017
41933
16393
48492
13077
27581
10863
20349
27874
49335
42658
24333
42368
13282
11873
7649
37124
2606
42576
28629
16680
18628
40574
19587
27337
14904
25717
42922
47282
32209
23294
25077
23520
2809
36753
7977
12658
5720
5085
42178
17030
27816
32491
41972
17966
19103
26079
35476
49390
46714
17844
11207
15978
29517
37355
41698
19116
49345
3880
24751
15190
16724
13901
38977
23147
18818
17649
9009
45140
48276
11519
26392
1617
640
7444
49250
24633
7330
24197
31887
48294
5658
30134
28384
37099
16800
7077
40688
6375
24132
47098
39103
13754
23733
38298
17724
18843
20588
33708
35986
19919
32324
43013
14319
37096
10186
18852
45047
36540
8376
9064
227
49795
12237
47055
32323
7851
12054
19558
38503
35769
27458
34489
25395
47899
34103
7118
10565
7254
27734
20904
26486
43192
44683
26157
15682
634
44853
46836
21939
34302
22840
41019
32709
5675
3183
2526
2271
1958
47870
20467
11401
40652
42256
18533
32340
6018
48313
29529
15479
14046
45226
9744
7818
30671
35451
41949
44732
2301
13775
28722
30058
3382
22956
6164
3475
12239
7461
8384
19271
15272
23059
32844
23808
45429
45432
14261
15536
4237
45392
41773
40102
2992
11260
4642
25011
34418
26114
9684
3088
32784
4958
19609
4345
34541
41191
41781
18739
11108
36789
25943
4555
37745
13786
5441
37316
34376
44953
18732
39860
40933
23652
25265
14444
20382
5550
32998
14385
43028
40911
41896
21586
36581
46965
1691
30472
14127
26792
2648
17667
15443
6804
29736
24107
1151
36683
47872
41064
29409
2298
17900
45383
23968
38447
17567
45901
2050
31200
10279
44836
28920
39701
20550
40897
49783
32316
2682
42868
41280
24342
31192
37736
13817
49625
31236
34078
41778
14505
45278
44118
33579
24992
36419
13808
28284
3001
11172
43912
31042
9494
34181
17204
35044
8381
5991
1166
14624
26372
6274
47276
14040
18211
48376
9880
42876
28161
17778
45712
28573
32051
14676
49185
25313
29956
18179
22936
19553
11087
4709
25006
17501
37042
48147
33456
4312
49265
13306
39471
13807
38338
37708
19078
44890
34252
42939
40155
22605
1599
17584
29916
33432
39069
9365
38745
2714
10488
47530
45916
14699
23554
880
31792
15848
21076
37841
26232
15941
24785
30939
22013
4041
4260
9084
28673
8663
42759
16600
2995
16197
38736
11406
23630
21396
48297
9058
32462
17970
5555
7430
48482
20897
30764
8224
8551
40272
39363
1238
24250
4277
45692
3381
44642
10099
40016
36346
26034
10749
19310
19157
21326
48735
13573
24156
11141
11157
1900
40119
22634
42867
1196
42684
13994
9087
26884
2332
41196
3543
135
45795
28518
41670
39304
22100
33667
42695
3740
4591
20010
42148
11539
5446
7674
19890
4173
20139
23323
8744
23076
23233
43068
16159
1193
30901
31656
36221
13545
2795
1490
32982
30347
10764
15854
33886
37673
23145
2294
17133
4309
3129
29886
18116
31031
42780
21199
6970
7284
10380
7771
30759
9239
35383
2780
40702
33148
15202
34746
31280
10347
32744
20480
605
37595
23409
43450
24130
40120
10052
45886
28622
31235
11302
47671
31194
29797
33766
29960
37869
21260
30049
48695
47684
32990
19881
5035
2679
47681
44200
39381
12890
15899
34561
30866
30030
24909
5758
40072
29881
38181
1923
36764
27100
12335
46636
44505
319
42460
6045
35739
15048
47016
20893
43958
3885
33033
30825
47145
10188
30197
18071
25709
41543
29632
43830
49984
1488
126
21036
22537
31217
42445
24478
18715
3545
39047
44066
14622
40991
49681
31698
17379
29560
10541
41774
40284
4293
21838
4390
30725
25439
21449
43827
17676
13539
19843
38590
18547
6503
9051
33812
1865
37413
16347
12626
19862
6568
16767
15831
46065
47196
821
10748
4461
22744
18157
26302
6774
25976
9970
35975
24612
5838
14354
14241
44383
37687
28233
16439
35707
26129
41184
40891
41737
18518
19266
17901
46766
46792
42859
28515
44396
16643
10677
39059
44378
21025
19354
49573
8133
35987
18469
20468
37452
6132
49253
48373
35848
8006
31813
23683
41413
40544
48930
44517
38751
20535
11070
22941
1248
20538
31332
20086
43557
7523
41505
5573
27766
3910
17971
45105
21464
37257
3772
42147
15519
15415
27585
49706
21500
38381
26771
8889
44123
34914
38448
45386
47240
26581
19481
48967
21346
5373
2233
49159
7886
35372
8640
26546
15295
8256
7288
20930
13188
13182
14590
11765
21504
21071
2169
18329
3625
30083
47951
43686
33076
19800
14447
32859
2397
1106
7291
7592
44229
48868
27405
6168
46051
23023
18026
31072
30955
20290
28136
372
38021
37286
43774
44368
40012
6528
340
2782
29475
36973
47851
19547
46536
41722
14519
2337
2205
44052
40964
20642
4296
37591
9465
1912
1437
10631
35823
661
23254
22653
43020
32798
9751
48609
24901
2652
8796
42657
22282
35683
46821
17445
5021
13637
38244
23198
10695
10420
16968
15145
22045
34788
9936
10509
27381
9711
49865
12683
19425
46134
5552
18014
8240
7215
36525
24800
1998
22973
28957
46013
7664
34762
43463
21077
33297
42182
18138
18516
19883
42235
25378
5461
36424
21000
17858
20513
20362
37111
28393
7037
8811
878
38225
11008
29414
43402
6391
13241
20530
28607
48246
49403
24140
26653
2828
23842
21740
23801
3065
10331
1374
45918
3640
21748
3965
38412
25142
48171
19367
42525
31485
18377
10139
21481
10680
25657
12493
43306
9454
13412
32524
38973
22560
20006
43042
35883
36688
29209
19430
44153
20385
5199
46099
17267
3106
2444
15101
35066
10655
15640
16173
45196
2373
17106
26237
16087
16742
19450
40053
15316
30024
19502
31265
46381
35564
33870
6160
23865
23412
23060
46676
1562
38919
16209
39907
44441
9186
46296
48775
33822
41564
39465
49921
9510
5495
29696
43064
18726
16443
5698
47366
6601
32723
20566
36194
37450
18301
22953
32120
9529
37751
32932
9650
49203
9920
25167
9434
47144
37775
38143
48236
31647
42984
32823
8919
43997
37227
37224
49923
48076
17993
48812
12823
27754
27936
12802
6897
20157
30730
2926
14278
23594
41371
4536
46566
40165
30181
21714
16444
8141
2005
29756
30654
27210
36569
36332
15559
3434
36461
37727
12048
974
9384
10546
26213
18636
5923
10026
4076
49465
15233
48260
31667
16759
30191
29894
29200
23910
40492
26693
29116
25406
47613
3916
30643
5551
14077
48019
4295
22549
26261
41570
11976
29271
11113
3904
28440
5121
1715
21822
4592
19948
32891
9910
47998
43220
30697
40931
14521
11460
28108
18334
38399
4149
25725
48343
46859
19978
26153
10901
47064
41407
992
46179
29266
5852
9531
16045
16217
7222
2649
41359
20757
9019
15033
45521
7912
8901
31900
17282
3794
16537
34204
13957
2146
45106
34528
10789
39207
28394
2361
9214
29087
17325
6456
14903
33693
37854
44570
4795
3721
10174
22735
9005
5404
24386
25487
41770
1530
11659
39489
31566
8871
15814
46817
45343
41212
13388
3989
35898
44324
13064
18538
27459
40257
31823
48797
4098
17107
36934
34684
10659
40354
34019
30768
22676
10597
26459
42396
44504
26304
28864
19496
24527
25682
24245
2527
24201
7614
30296
19653
13256
8698
19580
45351
36557
8918
8705
3432
47821
21301
19984
23577
16458
20510
17117
15450
46621
30019
34812
24843
25723
9945
46164
10674
31058
11888
24729
46359
25557
32597
24460
18708
40812
10702
1661
42431
21286
43825
13830
47506
8114
19802
41524
31638
22442
33655
38712
17742
9765
29538
27215
27845
16872
32226
38282
5170
24918
38582
42409
11052
16871
40760
35632
18011
15445
12694
21218
14655
41287
46459
33350
13351
601
48353
29730
947
34359
34250
30228
1283
6002
3391
49123
38033
23684
42631
14491
3097
22421
26265
46772
22099
4060
8422
40274
42347
6389
39051
22725
43210
21986
21489
16023
47845
46835
48392
22462
15286
40670
45019
35554
38685
1785
40203
36048
5274
20111
35032
45455
20336
3516
21579
24957
30514
13146
48746
38757
6144
2289
23488
9845
39855
22757
42727
20871
25702
32806
10544
17990
6363
4308
13467
26652
1730
15835
48033
39026
40874
11009
45745
29075
19065
49907
47766
29871
32701
41168
18529
23227
34709
42583
3491
48998
30310
4819
5984
36719
33685
19654
18064
6483
32942
26059
42496
15111
45708
46997
33372
22279
8017
4313
16599
21478
25222
8262
43676
26758
25849
42076
38478
43149
16105
29284
42945
36410
47455
2905
42543
38753
47903
19321
27057
47461
40628
9013
4326
32728
17196
45205
7129
6020
45570
48956
40234
29502
15964
3752
17353
35057
42412
2754
43106
18938
20441
5851
48189
20787
24168
9204
35475
26770
7155
23713
14255
37267
5578
15356
3426
28551
39677
35389
49660
40494
16143
32817
33714
34049
18393
24439
40586
41965
13296
46798
887
6004
29108
9316
27787
46563
2602
19820
46600
20746
2742
10176
19461
37245
29255
12480
44958
40332
32458
11735
43278
39182
1386
16110
3151
32424
26904
21787
4432
45638
41882
4825
31047
29941
19556
46542
48575
9296
42598
33178
16649
15879
13902
41565
5635
23791
43756
550
22963
24097
28020
16739
43939
40491
32822
26271
11532
40253
41892
1713
359
46081
6639
46890
44005
9194
13119
31734
8193
23312
27904
32043
14400
13202
36580
2720
47991
18728
31279
42132
29867
47203
14944
6217
20953
16156
7979
32221
8984
17008
10582
35590
14480
39298
45123
3610
3317
15344
31964
20735
22298
45100
32266
3636
46396
12594
30872
28754
38743
5470
13730
39865
43035
31965
3784
17074
623
4703
13803
47415
29556
34902
14877
6841
41337
42074
16326
2468
24864
21443
8251
28018
4311
20452
49616
31026
14434
31294
21765
3228
16341
35933
40183
22252
11043
23221
21310
21545
805
16161
41582
49139
28495
39513
34756
7949
7987
24591
41883
43891
35572
47610
18109
30736
8371
48472
41799
40535
24321
22302
17212
18662
26452
21367
25589
31137
49630
22026
8827
4153
4683
9031
7119
34025
15878
43302
5970
38328
25013
10995
19320
9883
1515
39682
23786
29439
43073
7095
39150
29959
47947
34380
10313
35954
22809
47141
12450
25151
21441
42679
26968
8778
40194
8174
23440
37084
16938
2437
12665
2469
14885
46290
1065
9415
31037
28972
25656
24765
8852
33701
34028
46125
4304
9728
44582
47888
47616
21232
42222
4325
34909
6342
28962
39462
11103
15290
49209
45963
9567
31308
7072
7581
13383
28541
5320
32234
30700
41043
33880
22154
140
37034
20675
38918
19618
18561
22583
17130
45191
39230
12347
24013
3087
37690
30963
33488
49709
25297
3807
15527
11088
16091
17471
22924
22878
24298
40935
40034
36555
10205
33298
38974
16441
45683
45252
1445
39830
1870
36341
5846
37365
48756
40375
49208
11754
17784
27531
24659
8129
11171
21737
42011
20060
6080
3116
49037
7541
47612
11211
38422
2263
48583
46167
8864
3058
8806
28110
47792
35198
20971
9713
18971
46655
40002
48942
26327
26700
46028
38125
14841
25867
8374
40500
43714
44408
14337
12865
12708
7171
24826
27990
48032
1512
38869
25771
2982
24699
24157
11488
10807
26139
1174
47948
41050
5352
29286
29954
16207
5099
45175
46527
27556
9753
14081
43565
36397
28271
26633
9722
18590
43148
4119
40460
30248
8290
13429
39264
19661
24072
16720
8815
850
24309
40268
35709
30060
40184
32824
22740
28699
23029
46187
32273
5270
21590
40478
41854
29045
49191
5276
38514
48865
9835
3221
36337
14418
10686
12686
37748
39114
10854
6701
11165
38772
269
28586
3717
30946
45870
45527
17255
38640
23483
33945
24588
28854
34132
43595
18653
34374
20776
17867
13092
27362
19405
25856
26945
27704
11051
20174
20552
5508
9635
12460
31049
24628
714
32741
24833
17759
31816
8449
13273
44068
13773
35226
38947
5946
14783
25380
39456
30130
2045
7631
4928
34073
43213
15771
36266
41071
40922
15824
11736
44722
42472
33311
49733
33423
28385
4556
12724
30117
21895
9625
34309
36918
27060
9981
44537
17271
22448
15400
26448
28337
28418
41139
38649
24311
14741
28763
15962
30584
48038
37265
6761
49561
29259
45653
21663
35896
9653
36887
48336
40397
41220
46
31513
34238
48064
35714
2211
17680
17834
31123
28010
46709
1695
45267
45640
32819
44810
17305
15762
36137
27246
17324
38193
31538
13292
20815
48394
12465
36211
23645
20610
9209
18858
783
13555
49659
25458
19329
5061
19685
30934
36946
16040
40464
19592
678
22788
657
32967
19645
17688
4713
3687
1707
6597
5456
35221
20528
21629
368
19834
48606
18673
13010
41822
12309
12843
728
32636
42940
23220
41735
13255
4965
8420
7402
23482
33097
47260
23202
32328
326
10418
48228
1433
10069
43297
47496
46511
38524
38029
18617
20461
26466
42508
30488
13759
9224
20622
43432
30635
1341
33715
21940
36340
2137
17020
801
43510
49678
45628
31528
674
21050
10135
19308
13507
20909
33784
46695
47478
32531
5754
43586
38561
15299
16236
45273
16828
16577
24670
20506
26462
6557
14296
34482
35920
22073
29716
34352
34042
13156
47231
34735
13401
45589
1110
48274
44270
30033
34967
14435
42911
22831
5011
36430
8462
38234
38556
7615
31500
49578
25522
42387
12170
19600
47048
31365
47983
3500
8326
21134
21210
17495
20267
402
25347
29158
43429
5963
33869
27193
32749
10585
30499
16124
21133
15365
26617
11367
24880
29173
34259
11292
21912
24868
8213
35943
44115
39243
19075
29181
7503
31381
8200
40393
12636
41234
7296
36231
47475
39792
39108
37132
9891
28490
43375
31664
18942
361
36679
7918
22248
19717
16557
30317
15891
39162
38982
43371
6868
16406
8455
1160
25113
16757
12639
47308
33582
21363
39313
23699
48503
38660
5391
13285
26891
35171
45741
1191
28293
18384
512
39874
31997
18507
47180
38871
18097
46041
40300
28663
10065
23208
8862
24771
19298
1920
1023
32513
37354
41725
3064
28960
1317
4618
33801
32084
31398
25245
5531
21793
23460
27159
42597
37500
18385
7850
4013
25358
638
31640
44136
26367
28889
8444
24694
1874
36698
22643
14791
19016
17411
24982
45625
42215
30073
23411
42112
20179
32436
37626
21484
11874
18359
12787
8175
41456
26032
768
4410
12937
32721
32989
16184
30260
47092
45978
6486
15324
11465
38106
21041
36104
2963
19533
43327
10385
27895
27731
17093
26542
29524
23326
13954
31263
24481
27296
11324
5640
4412
44603
36613
48647
31532
45354
20899
28500
38645
42062
37563
28993
12577
6485
5122
36415
30235
44808
32456
28910
47029
49954
15906
10117
21743
9965
49998
28437
25115
27982
24884
14300
34777
24240
30166
24776
13043
12412
24966
35951
42305
2018
25357
37886
40368
14753
28883
4631
1960
33988
923
30231
6518
24262
39268
20361
9843
11833
10272
5812
48233
41141
12353
18322
25002
27790
11598
17697
43597
43226
46064
30690
6569
12443
6404
22345
35997
11149
38490
35079
10847
23856
526
28567
18327
23702
11527
26512
16953
17000
769
25447
14631
2890
49299
49777
47521
7635
25685
12186
39722
24071
14803
27435
11262
49236
18930
12812
45602
35778
14486
1674
15168
1033
41779
19017
5943
15895
8766
18440
48095
49268
29337
4645
46366
1122
20976
28094
45264
20561
1367
13473
47536
37641
14094
11227
27647
293
21046
10486
45365
47358
13741
26314
4489
11444
32773
49462
22109
4247
43929
38347
49637
12999
27260
37553
18769
21509
41368
25694
1195
48927
3652
30001
27847
34423
2214
40815
49158
31869
45219
5049
33600
30366
40796
36990
8033
13244
200
6141
19702
6479
40179
35613
8677
23382
45516
35069
10206
47427
42852
38014
38620
27196
11696
34387
30064
12893
12742
32141
44940
41305
1396
12688
39319
41552
17948
43196
26664
2023
31467
13860
29580
40540
21398
32361
1604
19562
10990
13725
26445
24782
30721
22169
24474
34249
6352
6542
10250
31036
40624
42734
41957
32694
45495
25303
47299
1916
42013
34662
31473
4994
37828
46265
7894
23031
15953
46097
16667
36678
27488
47286
4004
2735
20041
10153
37761
21042
19348
807
35969
24323
21407
17164
16356
10517
7177
28395
41229
9387
37007
2600
48804
27086
9708
30458
37983
9849
10097
9175
22565
7964
34671
7577
14930
34938
45326
9808
40833
28848
30068
11715
29222
14934
23737
11958
11949
36409
3332
7895
7687
35798
9203
29257
27504
49413
30383
2681
6985
9856
13410
292
15529
29788
18869
18054
1284
6939
940
10840
47433
2317
19590
41014
45651
40877
27780
44564
26614
5023
32609
27143
41938
13785
43852
14150
41231
42647
7801
13919
25987
25894
6493
38211
27048
39995
43517
9840
12542
49935
45033
6618
97
33650
9435
12021
41636
35835
15989
19102
8237
39224
4660
491
23701
36014
43470
2121
32616
18543
26874
47053
41696
15462
5310
47112
37587
49298
34261
18755
5378
36815
37059
31512
3558
11767
20150
48145
37020
6637
7860
8932
45009
22727
22558
7231
6691
2576
16478
29237
44217
25540
43040
3484
79
25408
34364
25690
21514
24854
23358
30388
32396
49978
7712
6345
24610
37083
36975
6174
49015
38483
7743
45503
45792
8969
49297
42850
16756
44191
30566
27450
7181
18416
39905
20475
44338
45327
22464
49423
5690
47416
268
44767
36360
15102
13884
30971
5505
14874
9096
1761
26983
4482
8936
28774
44956
43320
15200
23518
4617
40945
42788
25619
12344
35878
21176
28029
8773
274
28009
42285
13186
38923
3187
44842
8015
31374
4882
46102
11359
10015
23292
29472
18778
9464
49316
17110
10792
38323
17015
11624
37932
47529
22128
27331
13488
43849
31531
17935
39062
1187
47557
32572
13684
37050
46684
28759
7435
4117
7501
31796
37577
280
28591
41315
10417
30213
30333
28297
22965
17926
48979
39404
37319
4089
58
1626
45608
5107
43189
39416
9412
27684
10542
43865
10961
26348
49930
1041
43818
22195
8524
10964
26619
30620
25032
36730
14078
26986
3863
43098
33672
37833
30931
2145
3412
28187
4708
438
28912
19739
5396
3447
30379
2104
21437
27028
47900
21101
926
44898
22930
22141
24525
3178
32908
46372
45864
10080
38872
29986
27417
21411
33807
49968
4037
17027
49354
40900
23557
35337
9171
27855
16229
33032
47254
34140
40028
12373
48910
31590
33365
46413
214
8713
14882
35608
48894
45914
29687
27438
44417
20678
43694
25231
6813
25015
39160
46818
20212
9376
38728
4805
39057
25280
27330
23999
34203
7375
9874
22311
18576
35017
4370
1027
7332
34843
39211
42161
38679
6047
15226
43174
8672
28899
9021
44402
9750
6555
25667
20524
46876
12863
18095
47291
23142
1832
48163
49443
20753
15357
22361
16931
39827
4783
30837
19471
22411
14304
7978
19469
7463
16486
11361
38457
3550
40561
42375
6196
24022
40369
2003
29815
32742
27241
1125
2053
45974
48999
35480
26706
19781
27206
13914
2866
49665
30479
26838
46084
16773
41493
27466
43738
40879
48281
19212
9109
24784
1616
43025
14085
15030
32538
4376
41236
47922
40971
39036
33371
24150
46773
40304
5334
34666
9038
27595
23886
12869
8712
5510
27432
9505
16504
10813
31460
34781
44714
38153
36154
7061
6394
25621
49832
3253
44720
14316
32110
4956
26880
46185
14363
35955
47456
6724
17963
49003
3962
43337
1338
15524
11674
8148
24945
7948
13346
40692
33962
2354
30501
47934
45894
48378
39227
27803
40128
13530
8441
38902
8644
48984
46882
5722
508
49568
36264
39331
28904
16984
13331
25572
43937
8267
3560
46243
44317
31152
27624
26530
5639
14184
39373
32683
24544
13670
3080
9105
30634
26840
9934
42461
6887
40529
3474
12035
45750
39353
36503
5795
405
32906
27053
48384
23764
29192
15961
13563
7780
1940
4221
36799
5053
1455
2723
39589
13942
8787
44742
6178
30087
39573
33019
11473
43047
519
40514
10740
32452
6167
29050
44818
44724
9693
43407
20109
43713
9078
39934
24645
33021
16579
19667
30667
46294
29532
48879
20529
41986
1969
29500
16507
43193
48789
14253
49459
13129
1408
6380
2908
15497
52
40809
7279
15054
14287
5509
16176
12584
32434
37026
37180
9273
14979
46208
17105
4222
12088
6712
49050
40044
13589
11261
36512
5164
47672
28740
20199
8123
35544
33356
1253
6228
26912
21414
48565
43250
23427
25848
32686
13595
536
41688
32843
46278
2322
19760
22083
21871
32271
4403
13850
19159
46683
25230
33853
34617
45077
23522
37291
30672
25194
11966
19052
42898
20959
2929
682
31013
5993
35617
47568
409
29218
36230
46963
10563
7298
20844
1214
38196
23432
25187
19866
34284
49446
24218
13950
41798
21993
14712
36451
10626
10523
6996
30339
25512
6023
28733
46011
47163
26964
30909
24608
35168
35173
30746
6054
31229
20005
32582
31564
18376
13481
6560
3757
31818
47603
26559
18760
6786
35659
44738
11192
2988
3546
27945
10905
44149
2410
12291
18498
30710
41859
31370
19989
47156
6651
37251
12086
22011
18584
16057
39218
23778
38334
40515
15917
5874
16018
12066
3796
47018
44518
12692
8739
22728
4538
37461
30425
8686
35135
49052
39133
14478
16025
38121
10184
30440
9701
33347
21251
23985
32680
11294
10767
2351
14467
32588
18160
45598
31601
102
31632
32122
24849
9219
19929
5110
41138
41461
6872
6468
45295
30164
47371
35010
41600
32239
46108
673
36910
6539
22115
35790
580
16752
35916
3303
18154
46801
30607
21029
12792
7144
10495
12822
34592
27061
7278
4042
48239
6671
37043
45566
23970
6111
41678
7404
32547
1853
15392
30835
13081
31649
19555
10860
20209
35984
19160
23789
36531
5304
28133
1680
41500
26698
12345
31857
25951
7034
30536
45839
23803
12434
19514
1063
3164
17152
18977
35843
8729
15468
10223
7728
41924
25985
28442
15800
32250
14849
37966
21336
11550
36107
38610
814
5353
27901
9124
47533
12511
39547
25837
9777
11104
30048
4612
34255
22134
4096
42845
47878
7697
16070
49698
32455
49181
11223
2426
17436
15245
41015
39261
28330
33047
13304
40059
12224
31958
7543
40438
48912
43319
36045
5792
44584
15176
511
40269
22579
38683
32167
35303
49197
48515
22641
9509
45939
8867
49285
15001
24665
35260
16543
10061
28707
42716
21405
41844
28686
21387
29800
42122
38767
47373
3529
40132
34939
10842
45173
31385
2524
486
31223
11913
16154
49266
47541
654
21973
16384
6933
3813
6644
43183
29559
3913
16481
16364
44915
8258
35917
6454
46376
18472
28817
35616
16277
14970
3896
42028
26936
9110
33154
12601
43324
666
34033
9823
29919
2981
45017
25483
15213
24472
8292
20490
5271
15451
18461
18565
40087
40176
10379
34859
41562
22486
8266
29121
20573
31877
12148
40125
38452
9911
30131
16491
33538
17280
36851
31511
28803
40342
47030
31606
38492
32905
49967
41713
12280
33666
48258
37112
15980
46972
48474
20158
13040
6472
49650
43800
22957
8915
23118
43805
22233
44861
20967
18528
30466
5372
11384
34479
30591
45453
39748
13271
20036
6176
4770
7829
34442
1142
16674
1372
37030
1025
44579
30402
3190
38006
20101
23936
27156
297
26519
29012
15486
45743
23633
11140
28783
20488
9413
35038
44734
36062
945
11802
46464
13362
14555
23134
36922
48634
42061
32678
23360
5027
45560
26021
14789
39805
33287
29585
32869
15855
49461
38804
30613
14939
780
24903
11101
18096
39446
6059
2700
22972
47467
44146
6833
35377
32042
44981
48206
394
40434
47068
49541
25833
19542
40335
6975
11756
41627
26877
9097
20662
30189
29486
26671
34857
3556
4610
25139
11564
37726
36783
4896
35400
38186
46463
14086
13258
4159
47595
43650
42186
26430
5424
7791
46952
43838
43627
907
40557
23089
15343
12604
28902
8415
37220
23402
933
37559
2980
23452
21576
19593
12883
43783
40915
41131
33310
13359
35213
35298
38145
2753
29569
36465
41886
22010
35048
8853
49256
48612
24650
4669
43262
19276
37414
32402
34202
43725
11329
21885
5255
9636
39323
48306
36278
15538
25797
12473
7955
20126
39045
618
6960
5300
29844
35867
45144
36308
9952
15736
21575
28391
10182
48964
49871
5697
46499
7337
17564
12271
3531
39782
12941
28587
37695
44011
26638
25659
47964
27418
30785
1144
28964
20160
49040
44638
26606
49184
24780
36086
26648
10068
11587
44144
24146
35013
28657
12475
11555
21410
8419
31088
21470
37261
6753
5556
8313
42167
39318
33482
1789
25720
42044
43460
15991
44309
31084
14551
25818
19860
42367
47498
21423
4136
8466
45441
28331
26913
17464
12369
16029
30355
20738
14959
5889
8093
154
49654
44679
1534
47178
19225
43421
33219
10185
32140
6281
25825
7169
44873
32417
23061
6534
12459
24475
34475
9070
28425
4841
48522
41685
14540
25117
45263
26974
10846
45203
31628
38296
17896
1074
16498
17084
47795
32317
13367
12659
48481
33441
24917
12259
27492
36489
22520
30061
4911
29678
30840
21535
47402
25643
38498
39519
14993
16799
35257
8222
11233
14662
31592
47442
13628
33725
21275
31093
28492
851
264
44691
41584
39972
42301
24763
3621
19742
3653
47017
14892
20014
6000
47165
47100
36689
24626
48718
25349
41885
23444
41542
38227
5351
40048
28234
19221
24078
31163
36198
23496
31716
35084
23011
1083
44673
5506
38488
49705
16058
39629
34276
21863
47923
31154
19452
29162
39263
48302
22530
37749
24007
32901
462
35894
27839
14748
18564
5803
46338
836
39510
16391
49264
1774
43546
39699
24278
6626
13905
35989
49195
26544
41813
46328
26860
35350
16676
36128
25651
17004
46540
49496
47887
14576
13201
9949
21023
19505
45166
30306
1472
23258
24251
45714
47721
31607
41782
21160
45150
11151
36866
36756
11308
19731
41147
25092
7648
30364
44164
3015
31503
36037
21442
22482
38028
39286
34455
10247
36403
18346
30859
42553
17440
8150
10393
19188
40101
8742
33184
7244
45537
7480
48852
37883
1833
34934
12332
45192
12760
2746
7120
31274
44905
31731
7259
26893
21388
27822
5536
13620
42262
10632
6322
10021
43792
48450
20367
23476
32705
48590
41776
39303
40723
27224
8149
28453
48473
17595
35422
8960
8536
12242
7211
14510
46098
34194
20326
27209
31914
13145
36300
4913
14744
3718
2710
48943
29332
35932
1500
4479
12948
31034
48162
26435
16520
8004
1249
6594
44927
19836
16509
17026
33206
23336
49583
42312
41351
31760
23761
41466
16036
5969
16352
44227
17808
43390
39666
35660
20419
28052
25049
38796
27490
19032
21661
32428
26063
44143
48987
7437
23542
18765
42177
45425
5299
30300
26956
196
30878
18606
19601
27254
45103
9512
31010
4701
12989
31130
42701
42827
28605
31982
16555
12350
36797
4249
45952
28045
24136
23718
1019
1767
4238
11191
37274
45420
35771
43855
43623
10783
48889
16450
11576
9957
14809
10968
3773
26592
45969
7897
7450
26786
14359
24112
12161
44658
48053
23045
32510
38570
47022
3258
39664
10857
44299
19295
15234
32069
1328
10994
46026
46856
44589
44451
32883
16111
11332
41529
5238
26731
8008
34563
28145
23081
43522
42971
9759
11920
1481
38223
9877
37625
15469
38018
36956
810
23599
48439
28383
14583
6241
38073
1172
11878
49485
47746
28198
3990
21719
29169
46694
45756
6977
5513
38829
13460
207
963
35104
25014
20206
6087
42887
7734
33741
49138
22066
10794
12599
46609
11800
28176
4587
13191
14953
30039
36161
49737
11150
10548
40916
29997
30099
19141
43949
23980
41966
49311
35585
16664
42665
12266
29038
17048
36315
31903
1629
47674
6116
19939
9802
389
29769
20834
41018
9484
40745
15153
43874
17552
19210
35940
13601
40668
46936
6848
20914
27059
47798
12852
47974
21816
21854
3047
33461
39320
13913
46087
9785
12300
26841
26558
42274
29433
8221
13612
16433
35700
24167
32748
25398
8534
28939
11060
5916
78
6
47748
20906
16721
34390
45138
4317
40896
19771
482
4380
47025
1460
43802
21291
5641
28719
6836
41592
24202
36241
45176
20637
13227
29303
8488
48120
48660
2377
5314
30351
24569
29131
29
25233
42213
44781
10645
35649
44865
7512
20254
20137
8851
30491
39643
26948
35936
47775
8789
7906
7659
24408
44414
13681
24384
35650
44561
32020
41285
35734
13687
22528
49951
10487
21813
41352
3154
40537
10932
6748
27372
36110
18702
26285
15920
9925
46050
3766
17081
26040
44626
15866
39888
14594
39667
17
39425
8233
16580
23515
9083
24280
41548
11641
35195
49821
21888
40587
355
20518
44271
8791
32336
23881
27540
21617
31783
4920
10836
16382
2887
11111
39378
8699
15172
23774
40996
49215
25751
32467
30272
6482
47655
38851
21503
28666
26436
49079
21970
10502
6295
44373
31936
5410
3304
45984
15040
6738
979
41128
22877
16622
2500
20996
19581
19139
25490
20627
35537
37219
43893
13384
22635
43163
8238
19070
34293
19957
10482
34415
2976
29650
48907
21028
1049
13390
30312
33501
16706
40650
36017
5947
46565
12273
6117
2209
34861
12847
45951
34101
14002
28081
46923
31725
47785
14900
24863
22438
27600
46253
37916
27559
40100
22508
4176
2439
12512
36552
13159
1365
17306
24231
47108
17732
24053
14146
48887
12988
46543
25795
25928
19787
23063
41762
11999
4788
26161
49982
44313
16689
17538
41601
8956
27014
22363
33016
38459
41288
43408
10977
48760
49329
43303
349
15642
8117
6012
28400
3702
30587
3873
35487
38144
38126
40098
19239
8684
37878
28333
42559
9306
35348
28080
12178
10871
8946
26359
29921
39130
19525
2170
255
7595
30467
23596
38906
37943
14248
46301
13597
13619
15608
21173
21344
12500
18927
47662
36127
23765
26094
40503
13992
39631
15900
28204
2903
47087
38669
49180
9264
45013
9160
44355
38198
49544
30852
29675
36877
11606
9174
16369
14231
7753
25036
18608
37653
12715
41635
27515
26926
47545
24716
23493
28505
1391
15871
44942
40050
46738
20394
7702
36684
5484
13903
24290
49254
48759
3564
48708
20470
27958
5685
3765
40095
22688
9471
19968
13185
23313
19051
1567
18486
6076
36441
43345
44404
5440
9468
21779
42060
46037
46341
22830
49727
31976
881
41502
19724
25877
44064
15666
12931
6097
46749
47667
763
7138
21397
29869
13567
15822
43155
23700
24555
43480
17455
32247
14203
3824
41056
45041
23925
17024
25727
14406
26222
14227
39739
29608
49748
14389
2601
30758
46754
23093
6811
30044
5637
2134
29846
1905
44356
16243
12039
9519
44019
5019
91
43904
30867
26872
34274
20342
35956
15931
38738
7219
32568
43092
42565
17461
46227
44371
20881
32782
8651
39555
12814
45254
2939
35832
11946
28649
35905
10437
42402
31269
46953
13779
34612
26782
5671
43691
1000
1163
35983
44616
44926
20687
6073
28368
28542
46005
7576
36853
7608
42686
49309
43732
12100
19838
8155
26043
3421
32598
22793
16833
47688
38860
29387
32662
8418
17246
18566
8904
20611
36971
17941
15170
9740
12925
4979
169
18514
17010
40562
38742
40325
30118
12227
4024
36716
14192
36659
4130
33640
6276
34937
7957
17721
43509
38000
13548
39176
22047
49505
30858
20522
22278
5060
387
21588
34596
24546
10963
37926
14269
7900
21309
30553
13975
37558
28255
23056
49064
29299
3355
27606
13590
9472
34566
5938
28472
22902
14785
874
26003
2251
47680
23324
44665
17539
39563
38075
49411
40903
5727
41897
33301
9931
48031
35563
37931
21004
34948
16563
13811
45768
2158
22519
5090
39483
13987
21996
21466
33137
15264
38280
32954
33895
20319
10624
15352
34698
13862
35143
10670
12209
5406
21113
34517
5626
14549
40852
8837
24962
23818
39358
33576
36622
8840
38755
27567
2865
27070
24127
26175
3899
3555
2013
432
1220
17566
39067
15123
37968
4764
16365
4001
671
31724
23513
1913
38271
735
9846
6752
32560
34086
20247
23523
6959
2886
42959
42255
48905
29810
19971
11898
9234
28329
25224
45738
20557
5940
1290
43553
7308
40156
21752
7428
36958
48054
37920
15655
24164
46673
48433
48183
33362
41952
22682
37002
31580
41919
44979
41087
24708
11293
39197
26227
5539
8433
36628
35301
294
13757
21008
11722
26095
10151
48856
25881
26685
6447
36237
20142
48075
5904
29086
48675
36631
27429
911
12832
11517
40803
39545
4128
32544
20502
28180
31395
20784
42948
41906
41526
41470
42977
34522
38990
43948
12106
11077
26675
49837
7655
24255
8687
7020
33428
45093
23884
49948
28312
8747
11482
759
30125
28603
42269
30925
5120
113
24296
24293
6590
5856
36427
20616
11801
43639
9328
35977
22070
18515
32362
25068
6531
18602
41020
27045
155
32459
38686
40703
23415
15728
4738
24893
34912
23408
35092
31950
15203
13936
20933
44328
16602
26990
33060
18249
33126
344
7494
39164
22732
44558
40993
6567
13593
40617
46202
16982
28253
28430
49370
37923
12062
33668
46118
38693
24299
10750
26620
41905
27130
31737
32360
48043
20569
19464
42192
47756
9463
17472
47727
46659
44503
16540
12115
34149
43670
42333
35145
32014
27818
23399
30568
5672
38219
17187
17951
5909
43986
22967
24222
18037
37485
43186
10496
9820
34384
28283
41790
41385
10276
35991
44357
6741
1722
31433
29308
6806
29671
39785
26433
35019
14096
37283
26316
34115
6849
43229
42421
7014
18445
1251
29630
42764
46241
4053
22446
45891
31537
48310
13642
44993
45088
38992
16619
6231
1311
27290
19943
39278
8435
29230
201
7310
2290
749
36691
2135
49441
48003
9215
7669
35025
38752
31610
31812
5638
15885
48547
31412
44969
40898
16797
31371
9683
30823
27523
43814
40646
2996
48070
10481
9308
41974
11256
689
20050
36562
27352
31959
1890
28121
10785
21901
37041
38497
16866
17189
31822
33336
20084
29269
9645
5458
2093
47769
47439
19837
43487
20689
44282
45733
8168
13791
46308
7452
43021
41477
10165
39165
10006
31996
44458
1976
39368
18155
18489
15279
28249
12575
13378
41348
48959
30469
29382
43101
34543
37987
35599
45418
2876
28087
8353
15940
1178
41042
11316
42729
30923
11827
26246
3225
6011
23511
12092
33028
45644
12738
21929
35685
44962
23217
6720
30532
48697
40159
9573
33820
20122
32519
32996
21262
38100
6909
25169
36101
38517
48026
7639
37798
40475
29708
17919
49756
23587
11318
708
19029
19198
32558
25909
35879
32853
30436
25952
38092
40344
33284
37427
39002
19106
12387
6621
42389
21087
18364
11025
40262
6477
5089
14854
29336
8708
5069
11665
39787
5757
815
10861
12647
16893
10311
48931
32057
35757
34176
38377
4552
32863
18277
30201
3724
24366
3725
37405
34207
28247
43188
6670
28720
17800
44076
43630
12114
10337
49076
12375
40437
7736
19357
13374
6377
48403
10958
3431
24766
539
32951
24383
40848
23978
4771
29324
24660
11355
20190
26409
25972
20624
3243
35250
18367
15491
37815
33054
28192
41910
47417
28237
12801
40040
35325
29638
19768
4214
40207
2639
41736
16638
13461
42355
17580
14234
39348
10633
11759
34195
1059
2815
7001
20591
8498
44152
19316
6339
44831
47806
20806
6677
33786
42842
8465
42688
10416
16425
36880
18638
28671
33285
11917
25588
46392
16910
8940
44968
43045
41299
1039
16434
32394
41450
24906
2680
27141
19804
13868
27502
35457
36781
29161
21157
9599
47799
1881
45571
40439
2497
18284
22857
31756
24859
17678
3968
47965
32793
35333
22741
31435
15554
41875
35754
25809
7921
36522
40770
32337
10751
26296
1866
45197
29351
18860
37584
21018
28443
37431
25940
3130
47489
21660
21696
32237
14439
44562
46203
14315
19720
11132
47384
10890
31730
36695
32814
28150
8937
7498
31682
972
46444
24020
33286
47601
6315
7594
5936
37819
4682
23890
8746
39878
30544
31577
6064
34780
21011
38061
23953
27374
32087
36538
11497
21631
41479
27217
5074
4871
42292
27598
10137
39135
33638
34080
11872
10652
8556
25568
15625
367
5210
28056
34991
14318
25190
1241
40532
41017
9778
49168
41449
7274
16368
21812
16102
28988
27497
35813
15958
906
10324
21962
23641
47344
19513
33551
34837
1758
20941
46927
2891
4950
14574
48874
40728
28923
35193
45593
30896
49508
45995
4600
12634
15604
8963
47063
29287
37334
21687
27741
46726
43579
43087
31942
29875
16868
32946
288
36486
36589
17265
26873
36919
5965
19131
40069
14997
21609
13421
49589
442
3548
40788
21593
48690
36272
38449
43225
977
44042
11620
11951
38445
32474
17438
49928
21515
47076
15654
43115
46012
10140
42077
30216
40493
2304
24091
11090
29355
32142
43497
1124
19965
8392
28350
49174
513
4697
24634
34665
16658
17636
31305
28129
25504
25553
9310
31859
32559
30884
29629
5473
17227
11819
5065
14509
14557
30112
30995
30818
4027
17709
17655
25017
47607
31456
12811
17291
38523
31452
10668
4334
47401
26743
32658
34878
3283
4091
26451
47454
22272
43410
8597
25756
10766
32047
25684
19913
36226
42348
29927
28811
12642
19267
24919
4057
38546
45056
14090
30372
5740
3690
15020
21524
46727
30535
41775
17592
36618
37725
35286
25782
549
22546
38928
8215
10119
586
4562
21476
13533
8397
20289
25401
27739
26450
2114
23911
38267
1573
37686
25911
37796
28574
20929
14507
3459
27743
49359
33922
15881
2155
882
39422
2016
48900
28497
12731
16821
34973
31320
34450
26389
42936
49651
42651
22759
42404
49323
8502
38655
33378
20927
33164
11643
26066
41691
27840
28242
23929
37382
22382
46184
5386
22455
21992
18560
46680
37665
49474
33915
38310
13117
16452
12538
40479
35768
16415
42918
36125
25760
7243
18585
4028
49295
26229
21682
7982
8035
28615
33976
44899
2771
42150
44208
27225
26822
25389
24761
20456
42230
17719
42384
33656
10979
13738
84
9401
34061
38094
1778
46345
16153
25711
45231
309
49188
42187
13180
44448
11204
29673
23239
40352
48094
27971
44529
48702
11797
19887
44374
9799
13187
46220
38998
7064
18668
46022
13501
22619
49379
48558
28503
14371
48845
12250
22648
29242
39957
49521
33756
22337
3642
12821
9697
4166
48624
1858
14372
34771
40962
37467
21680
10162
39607
2510
37185
15873
6427
24358
12975
36207
2974
36234
48961
19242
47919
30354
46213
11513
2656
31035
42725
33215
43478
43085
39927
46485
46209
2948
6084
43384
14686
25489
19712
35942
10653
43496
25696
17494
25983
16474
15678
45337
17938
6962
26508
33972
41908
656
6988
11364
15228
17852
21457
13688
43411
23867
22665
27580
48466
36738
15792
964
45878
33618
5175
25116
5831
41711
13418
8404
41623
45523
33466
14182
4732
8370
13643
37444
39155
9691
47126
46717
29952
20402
17965
15461
12349
46149
40060
46867
33176
41682
49759
5494
32830
17537
41122
32500
12110
32554
47618
21769
12605
28235
48788
3267
36916
9301
31324
46688
49676
24184
3240
9702
44805
45723
43398
48208
26313
25823
18145
46910
48827
36842
5898
21868
17790
27097
22413
10506
15710
7785
10692
26351
33072
11358
48325
32955
14554
12789
46899
35619
34817
19231
26663
37963
4916
33087
47426
27514
23146
19042
19146
39102
36291
11331
35103
22622
9506
41077
7086
43730
43890
17647
21139
31117
12082
39777
47325
31889
8329
19579
39831
19567
9715
14215
27268
28583
39134
2371
48898
22738
14413
10203
29496
6079
10590
35294
20540
18485
49797
27095
37492
19893
1225
12838
41733
6016
11200
27222
25258
40238
7381
40010
49340
10966
21517
33558
10109
31873
33631
41225
17023
20297
1634
22712
46522
24973
36995
1970
34885
44833
21084
22662
17329
4494
40423
23484
8491
7690
40351
6860
2943
43512
12871
41432
22543
47938
21685
4102
24073
29795
31786
8782
24098
968
43461
46649
16920
49420
39811
49428
19812
28107
13859
11114
45331
47093
13370
37642
26008
18940
37244
38994
41085
35059
31063
21186
47741
7233
42209
40738
639
32687
30714
39288
45063
49032
7161
12318
5815
14067
13733
21280
3943
14543
44161
13476
6522
26110
16810
19066
12549
19084
10726
22050
13508
23711
38123
38485
33837
46306
25310
42393
15439
47134
8083
42516
44067
38050
14057
33430
43785
42242
11601
19873
23555
45430
34896
44705
24910
22663
43105
26739
48920
44148
24487
39324
6104
29317
6443
35595
15276
12645
31232
29454
48764
46508
26819
22822
6426
1529
46546
49776
29138
4563
29035
49081
5132
35973
27507
34444
1511
6948
6745
39642
26280
19033
41904
26480
1902
28582
2070
26111
29436
23756
47814
37698
39459
43063
2789
26408
20449
15556
16704
30206
19751
15130
18005
34465
44303
13499
22224
31686
34085
34205
4105
49738
32344
28600
33733
35183
30397
12938
36078
35573
2259
3010
48766
31102
19296
28165
47382
45438
41438
34697
18121
49697
43490
44623
7165
5202
24673
43088
2662
8887
25465
12929
27056
2778
34322
14693
45788
27201
29966
39360
884
46544
1797
29115
22512
36144
11168
39327
45072
46181
8783
24777
31492
8263
18610
5395
13654
5422
49470
23514
15986
18408
16589
41499
18228
33598
29525
25829
23160
31288
16530
44015
27728
16854
47367
15988
16784
49535
33023
49597
32561
43963
22747
49097
8944
44121
13978
8357
45919
43737
1089
25677
42351
15359
22824
27543
29877
29029
33596
28466
27868
35208
43764
49391
45563
26818
2069
10173
40955
36556
13781
25133
27860
30851
26915
40186
10942
32479
4406
9314
10453
3013
19064
39121
44428
26631
17518
45513
11905
49710
29088
25739
28952
15090
32882
25179
40943
18725
14136
34234
31020
5066
23938
30545
8073
8280
34365
5189
13368
32892
40415
5694
25832
3877
30452
20159
23957
44541
46870
16306
4927
14453
23814
17783
21975
10245
37518
19488
33020
46332
30767
7246
26821
5774
11637
11974
29581
26020
12470
8547
21485
46504
24710
30278
47548
28287
17502
17812
692
20375
1590
45852
7628
40381
31167
47523
49610
39753
49317
47211
31736
1980
31271
13326
14605
39201
39854
14283
16147
49408
42819
44998
3974
43103
3140
15515
18208
25980
36930
18639
619
35355
24012
7747
2661
2989
15092
18886
36830
37386
35
6449
4865
8985
18677
49829
30183
40143
17599
43373
19345
14968
5020
3841
24726
3771
32894
11304
44725
41256
40301
10178
31360
30282
15690
35863
15331
15341
48814
5045
26781
11119
9517
6330
25665
40597
48828
1376
24503
26518
19814
2968
6475
44995
32774
35749
29359
16381
46842
24099
18614
14657
2458
3205
47236
15616
35468
11391
32514
5350
28389
22723
13998
7938
41448
34242
24239
9432
25805
30809
27266
18032
34112
11528
46039
22292
16487
45859
2945
28791
42144
14056
39716
44418
7678
49520
42880
31190
4812
19528
49513
27907
12964
34074
29101
45211
26427
27757
9332
38245
46719
48448
24942
44744
45421
20100
14264
4462
49801
39431
295
43255
21785
32981
12327
38866
22440
17804
18772
12870
5801
43612
12829
31193
22398
33182
45829
34607
26132
31153
31886
16279
14468
44965
49839
3803
40604
6440
28432
24435
1292
8935
25149
15116
32999
30038
44072
5059
42135
12994
14263
16065
6934
12781
36641
22990
43381
45127
24059
13771
37998
5715
34184
43788
36169
27163
46532
38253
12981
2084
7915
10220
6579
27872
38723
28013
43798
19827
16189
13799
13232
16074
11697
13855
1973
8508
11899
48810
3701
25898
2222
16332
23013
48262
9170
26560
35063
28345
31062
49889
14280
59
49385
1643
378
40666
21630
6216
39561
16429
18310
30719
33
48651
25531
48862
33422
3191
5503
1071
40632
8406
5521
9502
32326
26536
42895
4323
48307
41429
47499
5301
13561
9364
33063
32164
23083
32534
28581
27074
1766
28807
23141
34944
18365
25437
22925
21142
27564
16069
645
4664
15016
37234
45416
20069
4880
2577
8389
35698
25219
42050
40818
27842
11177
47312
19657
11363
29119
47194
677
31148
41415
4568
6114
750
28436
45474
20489
30268
34719
6622
36518
19112
8601
43389
1424
49878
15513
18719
5250
7335
3631
35367
6142
3838
19263
2863
39389
12797
20249
28956
12046
4155
12142
5592
15886
45691
30037
21560
49314
28334
32586
46710
33001
25452
38747
9112
24196
26942
39626
4346
8487
27755
33800
48256
12807
11426
9867
13641
43147
46711
14963
8228
7307
15674
37022
4180
33096
31520
46857
32867
43528
42179
45389
46178
45747
22139
33281
20743
37186
9123
26643
25104
17428
4500
788
26902
45201
45728
20519
29071
9165
31201
40787
3007
25387
45856
36638
47708
23807
31427
23383
14093
24479
3848
33559
27775
4224
23404
8680
25159
7962
14762
19409
6294
13632
27173
6862
17489
22423
1335
7758
17799
32871
22991
24666
33985
27644
1885
6785
19134
44521
1595
6308
36565
17763
39293
45424
20961
18847
45502
20514
34659
7922
18130
47118
21299
44827
48851
11486
9449
33943
39991
11650
39850
43668
49084
16715
952
42045
22118
23601
33999
33622
4842
18988
9958
49971
9201
38522
32796
48644
17492
37888
38957
27133
41661
49183
47866
7545
36972
9100
35503
31820
34664
42280
37449
13057
46556
5567
9577
18793
22568
1276
10700
1252
10849
2994
37472
19305
81
24161
47172
2581
35811
12809
23155
33390
49509
30368
42198
3388
38115
15593
35643
5318
17458
14725
48535
19202
49466
37351
46288
30924
17338
27423
7976
9275
26422
28024
9197
33031
16652
45719
16801
35796
5580
32876
11886
13051
1185
41577
114
20801
15713
7844
33465
16944
45544
19591
28639
18779
16525
1796
48917
833
43925
46691
4127
19067
5464
38283
40927
41652
9764
49131
19901
944
31701
3728
24774
17309
42086
32754
4729
43715
18002
14358
46014
42379
20128
32382
22500
45872
18899
39285
23986
27221
18258
42691
33251
16054
33968
16830
9025
39019
40680
42676
44776
5426
43534
31639
31805
3692
6360
658
10467
6647
18745
19707
19356
39567
29660
48407
8373
3437
37716
24622
10376
2620
32022
12023
23779
1393
3780
42629
43594
15309
33974
27501
22720
17426
32152
19746
13824
45720
17524
4847
23512
44971
43469
22208
49414
37825
42866
34647
25125
9727
46706
30555
42564
12517
26516
16561
9595
6584
17916
24545
27965
9172
46496
40629
13715
36609
15504
34872
25755
12116
20728
45526
39861
36130
19331
31414
4797
22388
10412
41745
39079
2776
47600
46686
11268
37271
33625
23541
21513
15032
49775
24676
32263
44546
31157
5383
16640
3394
12435
4611
13223
45170
24288
1199
42512
20438
11392
42089
3626
22044
33169
2878
14763
813
29965
39801
2111
21321
49713
40471
33677
44575
8662
35241
24214
28088
14820
22864
48280
2043
11984
45546
49275
18961
49922
34445
17737
5864
1003
11632
9668
38521
7413
44633
23228
15350
28200
27508
39684
31565
34279
19440
11435
9761
45228
12627
575
43955
25597
6396
41013
30480
17818
26717
42587
30803
12782
48149
38224
3557
19790
27701
27871
26134
26787
22053
583
8516
19666
27671
4187
27415
40316
34344
26103
5127
9156
19250
46822
7810
36437
17959
17998
18041
6175
29265
27641
37222
38545
23388
41143
42682
12783
10876
35730
31221
28789
20928
32241
101
49754
47091
49657
29389
40170
40080
4446
49047
18808
32292
10788
42231
38407
39279
15206
47739
37945
1281
24064
403
44938
41193
28353
25172
35267
28278
17775
30790
195
3479
42220
283
5977
42128
31476
