36044
37807
6091
36293
24681
49031
23932
8628
24936
11894
43846
36335
4480
25569
18517
42151
42979
8409
15934
15769
48978
45506
34515
34297
22942
41040
38677
8801
34615
27814
22879
36881
11751
32156
11524
43307
22270
38750
37635
21361
49162
21390
45437
12147
40307
11815
1974
27259
10654
43669
34305
29962
31396
10318
10903
46645
26420
15256
46803
33335
11855
17223
22489
40649
31833
40808
22797
17560
11906
31854
37289
24394
23965
49487
39173
16822
578
35292
43279
48148
11810
29549
18175
2318
38971
27935
40819
30453
9585
6714
36763
28019
8483
39620
31048
2345
14458
47668
31568
47132
41469
29571
20322
15097
49656
14125
28188
17954
35444
45218
26038
10422
10365
32496
46321
49091
712
36836
34133
26511
17420
43896
35285
42465
18120
26785
1985
17625
16013
35974
30947
48088
45230
15003
22687
7833
751
34946
8489
38015
23479
20564
19594
19956
36893
15385
49920
6346
11842
37081
381
30589
21202
38023
48991
39983
31140
16315
86
21601
28169
27243
32206
4742
49791
18030
47913
41411
47269
11124
6930
37273
29392
5138
47963
29039
40517
1814
32516
33427
36016
45620
8968
26336
19177
22897
19779
38632
10793
49554
44681
11091
32181
5182
37797
14694
6875
29837
23255
26382
3094
13500
47839
7251
16637
23215
13893
32460
25417
41181
5605
44820
6303
29766
11510
16808
42099
35824
30495
19831
40431
34053
30439
34411
9073
23612
26136
30056
26089
21108
48422
12646
3092
7831
46523
18874
13277
47028
17351
45471
45076
9474
46830
45828
35161
48895
49609
36011
49635
24089
23067
38680
18074
9591
37134
39029
35694
29808
17180
49534
22322
4266
12477
43592
28120
34582
34836
2180
12719
41554
46458
16765
7849
9386
28856
42443
21840
8198
2605
17780
17897
33987
36269
3333
43137
47189
25287
45428
26681
34739
37956
7418
47921
10753
31967
38692
24420
6438
18264
7348
17616
23197
43619
1946
18601
7603
31515
21238
27377
44838
23995
31424
11594
21767
38099
42134
26219
25272
9002
41216
4225
10072
34316
11831
21049
13155
44771
35626
42950
34549
45001
20186
46750
43239
8991
39657
40571
3909
627
19049
11928
45480
10160
24154
23930
1170
4239
37191
44534
25071
22473
43369
14402
28933
41877
14805
39427
20144
31445
28055
14265
17888
45662
34016
12767
22935
37474
34388
1158
33713
43850
1782
35352
38326
35614
9742
5499
14307
53
30279
863
1390
8479
6273
9809
8088
27500
45475
30454
10837
19006
543
38402
31998
32997
21636
13843
16410
15490
20436
19617
40083
35238
9963
14942
33201
33548
22172
40748
17480
45208
46668
25435
5273
24188
4995
3515
22553
35665
32160
47710
5989
39361
30114
42814
14513
49101
4062
11210
38887
31930
2160
17101
48649
25842
3580
2777
11667
31913
44384
24266
14073
830
15160
40789
7358
259
11794
40466
6520
46363
30509
26208
184
4137
17294
23166
6422
39823
590
41286
22477
699
6466
703
42502
45699
24808
49325
15951
39365
2413
48919
16035
13985
13538
21530
46281
21168
17406
42106
11278
23046
15967
16348
48617
44112
5600
49556
13616
6648
18221
30592
48427
7555
8692
13394
117
13596
29899
31495
36937
33980
25859
25571
13890
40198
2986
32179
11574
31846
24276
6372
11
34120
33773
39681
23271
42777
42382
31222
28380
29185
12258
37179
29437
13742
22989
19964
49193
36432
36242
19227
48295
32130
9605
9221
13528
8249
27702
17257
22022
10236
9226
47621
28675
10341
48237
27520
24744
39738
18464
44688
43902
15982
14587
20723
39252
45744
45522
38163
21462
13560
6341
5407
4470
25627
45715
47584
17078
9513
31944
600
26527
21981
1380
7999
33078
25880
44902
30198
37949
38487
3030
34606
29922
31795
49304
48975
3735
35802
39472
33395
26133
12516
15086
31581
24935
13112
12099
48460
47065
25629
34824
38648
4198
23047
9080
47770
42815
27126
17261
38053
24718
38509
3892
19258
32509
2406
31323
5200
43393
17333
35741
40280
25897
7163
4236
33561
26340
24799
13229
38176
47971
15029
28455
41390
45643
47277
36445
33760
37021
10172
16686
20269
45980
3942
13120
5172
4169
6824
5377
12611
29731
45440
20417
20372
31022
17486
7759
1819
2386
22570
7935
45925
6464
41105
37343
18020
21447
44948
40580
32978
2574
27528
48597
16825
4457
23357
32213
47491
31843
43431
21756
34797
35735
12427
25316
12068
36448
18099
35307
5469
14095
34959
32036
18568
38080
6532
17905
26529
8000
25990
10287
43651
22937
18594
28841
33568
22221
5527
33849
49349
13210
30864
48388
34283
37459
14221
19573
16858
7151
48350
32840
6225
4831
34099
41880
5906
35052
30481
922
9884
24770
11129
43221
49104
6878
30174
42499
14879
12497
37617
38777
31556
15210
19449
41213
30520
17660
28479
30322
21209
14565
35304
48781
40201
27686
13125
47966
15780
32803
19735
42531
1081
31295
43197
7079
37086
35214
37225
12957
1585
25535
31212
8147
15716
35504
23100
30967
49034
18210
25993
25499
5866
35686
34421
35359
25339
28115
12712
5491
19950
6019
25171
23303
46141
2593
13672
5657
46192
8028
20181
41860
6760
6236
31811
1564
19987
1377
31392
4154
7038
5193
23994
45319
46907
14362
23306
48820
35565
25385
5062
4722
27276
1339
39271
6192
24916
621
49255
44318
30020
1880
1305
36329
49018
44274
26441
24493
2580
29456
16846
47840
35958
41414
14481
23069
473
4839
786
27307
13947
5162
32790
37420
37747
11983
21844
37307
26589
12885
7765
10514
26740
18805
31162
41313
49445
42000
17198
7184
27186
22975
41611
35172
46596
41412
8003
45783
1415
3048
33232
28792
40330
4210
22846
6406
48637
39277
31304
25695
33913
24828
44177
10508
15618
36867
9256
35398
28924
35461
36002
7993
14460
6224
13313
34550
6835
13723
44973
25344
43368
6895
222
12157
44184
35805
3983
43422
25884
631
21990
38010
8482
42140
33448
29854
40718
49231
23268
39467
29690
7141
15749
10553
20736
567
33113
8375
257
9482
45996
13886
28146
45042
13784
26887
5873
1076
33185
15467
28157
8622
3544
24287
26629
47232
47362
36693
39928
11098
36888
36142
36483
38811
41362
11663
7548
31631
47062
42181
38922
517
28155
7331
48106
6289
4987
21115
19020
40037
32380
31138
44847
13284
30595
2717
6827
24647
30970
24537
456
7046
3230
7426
39497
11208
13622
3893
3361
27040
38250
32204
26532
33168
37270
16632
44539
24535
40751
44822
46040
16232
34373
1930
13252
20383
4846
10897
35077
2734
47174
19549
34712
40572
31800
20745
7825
28945
6109
37910
6896
45379
9896
29246
47377
30526
8740
10108
39441
5823
4608
18691
43976
22408
10503
48296
29620
25843
3032
17063
24254
20985
12651
49374
32655
20177
47697
32551
39185
23338
19639
36284
33710
49538
38468
41471
33267
20720
31184
2808
5187
846
24637
6411
34262
41522
36875
17646
39
43119
45350
16465
31423
23394
49417
33624
4088
5642
40722
11591
18251
24731
33110
34613
34567
38351
7255
445
47273
3149
669
35328
33793
10211
23446
35746
47565
20853
22943
6606
36709
26344
48990
9889
13308
25223
43726
4065
31055
38421
32537
487
832
27357
18897
31622
147
12359
37885
48445
30564
6418
45357
4316
49699
30744
15305
17416
15471
28987
5927
26883
5654
12166
36097
2862
29961
22310
47419
19686
34082
47081
6873
31281
37897
22856
31245
4520
14105
46547
6802
16645
41016
23495
37598
39206
16122
20360
39195
12371
48502
2729
33606
19859
36214
44647
14091
40841
17262
10121
343
8413
48593
1044
42075
37669
1226
6061
34969
25904
32617
24066
18644
5347
24762
16764
48046
25444
31075
15803
14325
48436
18463
44223
20471
37003
33117
33563
13434
5449
29429
46474
15382
8926
11484
43396
16386
5842
2831
44590
31755
6206
35164
41421
44946
36635
23347
43581
25321
36077
16288
36726
31386
11939
29233
46304
33920
36962
41099
26984
43093
14990
41096
47103
24467
34649
39191
30640
2327
2964
19259
25860
5419
232
30377
37639
49787
13740
44160
46131
7456
21856
31136
20809
44663
47515
7867
26539
13650
37009
41915
30032
19585
38852
16267
46573
48462
28948
24226
45966
43622
21369
33817
26363
4758
15857
32669
36735
44454
35576
1648
24174
39754
1843
41714
10625
27342
44367
13178
45869
11922
18476
10060
44211
25157
17158
47381
27433
31527
8202
20425
44043
33704
44631
36270
18039
544
70
4473
18699
28461
27685
18520
17497
46088
24405
22335
4420
33758
6716
40264
35126
4439
43897
44083
30709
40621
43899
29535
37287
43564
34135
3468
22510
19335
30369
11243
28100
39956
44669
22832
47372
31401
41723
38607
42238
6736
8138
45137
10094
25210
27599
7726
14322
14258
21277
48860
16214
1623
35929
26491
46346
46315
30401
43132
49351
31772
20096
47522
11425
12087
15983
18841
25794
27426
48724
31468
22457
32243
6851
2313
28236
36884
23800
2666
12001
28795
33195
12222
1517
42247
36468
46667
41888
47813
43984
18206
25524
3501
36380
47898
818
19944
15806
13379
42606
48661
21121
2505
27478
27905
39662
25413
10348
24461
10921
6397
2513
26438
19120
45618
45225
20644
28097
21284
31971
6614
13870
29480
38084
35566
6063
31145
25470
32397
44239
13531
27944
8187
33963
43082
17357
25530
2221
27454
46615
46551
15537
37503
13456
25025
17815
39470
24788
46484
48389
16388
18965
18171
23681
30494
8843
24786
4917
31230
9324
40388
6158
20939
15377
47580
49804
2657
32629
14407
18437
19082
34165
15843
110
25152
1533
2115
43080
37175
19477
49715
31482
49693
19243
27050
31569
9834
30196
45668
7196
39439
45344
33242
30874
4717
904
43162
43601
47999
18629
11693
19951
34119
32222
24648
39556
5942
12436
27536
45128
45508
31788
424
24060
41832
45345
32857
4561
24923
9307
45997
38790
2120
43837
18340
41495
13281
34577
13750
37150
4696
2054
24499
20521
32314
31019
48773
45204
43383
22307
36268
2619
7408
4593
43018
38993
28166
21172
12045
45703
18330
20323
29649
42341
9231
13288
10253
12370
39572
33711
48191
19773
181
41707
45716
19688
19483
11912
31508
4873
32000
23068
36704
45314
29397
15493
10145
49860
11828
25907
19479
41864
45404
37332
31505
29717
23276
40526
19973
17188
32856
6428
12969
42792
8461
3287
45622
40484
19443
9562
41964
27077
5134
38003
30338
15321
37362
21942
21472
1765
22765
22338
17644
19327
43823
38801
39025
27213
32353
28218
26263
2237
41026
6920
16702
46810
46200
1577
31071
4443
5054
29322
4961
41621
15158
4586
24056
21656
14629
10269
28676
46385
49371
2143
43995
17925
23740
39776
296
9675
5700
14292
15254
17141
27594
20980
33949
33588
49782
696
36482
41245
33339
7147
42961
33389
36053
8757
20888
17624
20205
17716
12982
16037
24414
41028
5448
686
47287
19715
12965
10183
14888
28884
41508
43645
31297
2812
45847
22351
25748
45573
18184
30135
7786
25824
37609
23027
5749
13152
33809
19546
13093
25975
48527
34610
6682
95
27875
42893
4874
25994
2441
17547
41507
37327
804
3605
44933
31106
25607
8318
24870
33696
38233
6978
2517
29462
10122
36870
5951
28387
34823
44207
2011
47122
336
39524
31050
1717
26172
49833
35561
31011
26697
37268
43041
32356
26073
8661
45500
37145
29139
3462
35856
49950
27678
17748
38529
17001
38769
42263
7546
18570
3324
14143
4983
20496
21925
49933
2822
8501
39000
26492
28710
4982
27949
35542
38256
43252
23850
18400
1364
26998
29114
18953
5678
45968
16947
11843
7721
25586
1435
38969
21678
43150
23549
21302
30215
26641
30082
47248
3774
16397
23673
30704
9857
14516
36969
2599
31387
1721
24505
4378
15817
20949
47596
41677
44085
42849
16350
6846
5603
40319
32391
27998
40211
37397
20775
29141
28664
34784
13966
32903
29183
27568
5298
37164
49124
24767
726
10461
30827
23997
29763
13462
18859
31605
16098
19805
21700
8186
32297
30329
26719
9395
38599
33214
21158
30943
43170
12930
23397
8204
17097
35310
4789
31438
35852
19923
28537
25955
39433
20348
39856
8143
12283
11389
22595
3832
38062
24162
10103
11058
26386
17376
20331
10479
36371
43399
41163
27527
32421
27083
47620
9274
38454
5529
29829
30824
35185
16251
44013
20925
4900
31227
47764
12030
8361
30314
5429
23666
11646
17859
28272
7681
1587
13034
23990
13153
44038
33881
19797
18350
33688
30180
16287
44132
43056
44702
40320
2959
46813
30390
32583
27303
14994
44163
36364
39544
3252
34860
45941
39112
8214
31389
6577
20666
12995
422
8750
42153
31738
40416
19515
12766
26397
20721
7484
15763
5664
49216
49574
23672
21732
23989
49237
24920
47270
23425
47011
7455
41996
23373
6086
17777
31169
49761
37721
16411
32552
47474
29307
449
37281
44077
49996
5146
22921
25852
2105
42261
49235
5530
25225
9247
17890
44741
38306
34371
47856
48926
17609
26586
48711
10095
11656
28650
9305
793
33121
39604
1554
21739
8217
5263
22253
22444
18675
38955
4318
10019
36570
15892
46736
20638
3173
43339
35373
30016
36516
30603
43477
47003
13322
13490
3969
45296
6135
23959
16268
29518
44787
43471
6202
29740
2212
27117
47907
13220
14476
49940
14541
18768
22211
3851
32755
47316
24894
25653
7372
16996
26828
34580
19383
32900
20571
40082
9340
13238
32359
23007
7814
44530
42276
43136
9056
9773
10346
29804
32442
39892
11213
22895
33486
46230
12416
37549
41402
29273
11649
22813
7204
20307
26845
13170
20245
13885
12827
17679
14063
23064
34815
22394
30261
32628
8949
29737
30844
41480
7286
29992
31347
48886
39089
44220
34535
36729
143
33255
43834
31703
8795
1583
31250
17788
38371
145
25917
13436
7866
47327
10212
21865
22290
7972
22700
20931
10134
28906
33790
11248
12357
40713
11535
14236
12780
29747
18048
27205
38317
26145
7731
30266
24445
22637
36699
43759
757
8631
42119
24171
41465
46291
36674
41073
10199
30741
28834
811
35122
2036
44581
48664
24963
42830
44467
47841
45470
42489
13679
44649
46342
16249
41614
41403
4851
17589
23332
45086
2255
11835
21003
17205
23426
17764
1113
46666
26005
5978
39127
28185
16909
43709
4946
17725
23167
16917
2081
30018
29566
1576
36754
29453
3518
11654
16848
29363
3290
1627
5710
45335
28530
35765
39220
28267
26862
42492
18443
19975
3023
12583
34160
13866
19025
42683
2000
27355
45243
3398
27978
42372
18676
47297
31673
9878
24014
19793
6180
10066
569
6757
8728
36961
45107
46620
10381
4822
45380
12073
31174
36191
45760
5743
20758
14479
29374
37712
42947
29744
15156
1740
27544
23494
18394
43742
116
21563
7055
28458
32786
14884
4945
7256
3305
14399
12532
13566
11687
4016
28909
6291
15401
1108
37323
44826
35157
23333
13980
48231
12698
41719
37851
48454
29979
41874
30172
12924
24318
3123
9360
34413
45929
23787
17258
1148
20589
38650
26642
45114
42042
30147
13883
27538
46948
22926
1184
5960
31587
22817
38138
33604
14171
48061
8987
24728
19628
33306
15335
38708
12837
5416
1664
15269
26104
23182
33039
21148
35387
37533
19730
7907
5477
18830
19284
27700
41947
36986
7212
15059
4229
1647
3098
25061
4577
6480
44982
7377
3371
42728
17337
5315
18720
17183
24258
45410
23461
737
41780
38507
43521
30097
44632
32447
25562
11335
32053
24515
30252
43683
27506
11866
2019
35421
46204
36607
31283
1709
2494
31544
16046
1565
3117
15112
4183
8540
10304
725
43330
41690
16565
2167
30271
2157
14342
14270
45816
35459
36182
31524
10138
12425
36413
10307
2235
45645
24463
3761
7745
49243
49526
28183
9994
39564
43980
6179
3591
18259
25930
28550
12864
28159
25346
25121
25181
36852
2218
40593
47229
34069
18682
15311
3579
26497
21317
21529
31571
36454
19891
31599
28203
41625
49319
26875
10665
956
24921
12836
8922
27138
4667
8473
40791
16805
22776
11096
392
21672
47488
33115
1581
30305
26331
4319
17698
36141
49488
24003
39746
16738
18600
42718
40531
26604
7162
4061
3172
17793
34363
7238
26204
2331
33524
25299
13895
4118
33149
42378
41948
34281
46896
14905
23629
10240
17813
43272
32083
5332
34272
14331
26525
12771
6782
23026
2643
14416
5841
5537
9185
27445
35538
7445
10375
37226
999
36762
46827
21156
40938
35369
29421
1656
38364
6587
27345
29428
40577
28892
49200
23892
17950
46403
34832
10755
49525
39901
16286
4356
42226
45149
31655
11266
47910
36498
3043
18036
44701
18890
36819
21360
18709
8586
25298
46751
13816
35443
25789
1333
36192
19205
30396
21799
49815
42265
45257
11503
23416
34055
413
29855
28179
39267
42783
49684
11609
32105
26702
1831
8016
36892
35234
14499
44607
49517
44909
49746
47809
13815
30122
11916
10296
40294
29256
9265
4111
21568
46994
47187
14345
46939
48876
34452
683
18063
47865
33090
12462
21628
35460
16494
7746
548
14432
37146
8043
37144
33410
43751
24550
31436
46509
24220
18283
43796
49592
45873
4776
1854
1764
29641
20391
44841
33481
19132
25249
18685
27610
45164
28122
33144
28059
43177
38713
24144
27496
34794
13399
12753
45482
21832
14771
29575
11495
13219
18326
5892
38698
32390
12557
24779
44477
4810
10180
7317
19788
787
34931
40448
25279
22608
28093
22165
11291
17933
3507
49593
39421
21806
30375
21959
31693
25520
9487
30715
32096
41374
8272
364
9980
16993
30948
5139
13363
28127
7183
31750
37228
26699
45363
4673
7382
16913
25445
47911
13097
17509
3961
45548
36362
20741
2608
19235
49769
49118
8196
48079
3532
43418
27977
39506
37057
46443
772
28879
19758
501
29801
47834
13414
4678
34225
23643
40308
41206
17077
11902
6704
43301
10114
47509
49852
15919
6226
29936
9081
46820
38462
46201
14889
6775
28797
919
18256
239
215
5709
49718
10939
27480
10621
40799
37215
16722
27350
37980
15665
39570
28480
2164
14608
47788
12213
17987
15793
44302
2623
15550
5702
2769
32760
4278
7153
39449
15751
13357
13392
40821
49051
30
37309
41588
4723
37359
15544
6245
21669
1968
19966
35491
44453
13660
7630
21846
8612
38933
27551
37689
9666
40433
11034
10078
37903
1610
7485
36347
34206
16776
7572
49863
8676
41752
13586
39617
37962
13406
1095
38822
4599
22104
7878
16804
47219
15775
30290
38274
43882
8159
17574
22231
28575
47133
15431
33438
11170
19763
41424
15454
22349
43024
39751
8553
40231
39204
49757
34351
44555
37618
5486
4422
552
29904
19071
23443
5025
17989
6105
15508
4514
10569
5723
9452
9811
46942
35484
32712
277
18342
22007
40863
700
33782
41323
17978
38205
11053
37576
22387
29793
9252
14133
45848
38641
28032
1754
43578
22460
1092
9794
43583
43990
13899
4405
19596
21082
5814
19789
30204
5925
20045
37827
27461
45367
39290
12043
38284
44297
33197
3948
23509
48137
9566
34027
44484
1924
29417
38548
6230
32556
27955
24867
33066
19994
43391
39397
35174
22891
36785
27107
2042
8563
13297
15154
21154
5570
8492
2495
17635
42315
9602
43620
33476
21926
39915
8084
18973
5135
48720
46182
45892
30769
17607
13667
9361
34940
39967
21676
5123
47827
30642
40064
21296
30854
30677
48533
42437
17556
25306
28826
9822
26627
43090
18991
26995
44576
44678
22042
48602
4954
14782
20288
4401
2374
18724
21512
13069
48882
32943
29289
8062
5463
22247
8620
36592
19122
45711
16587
40202
11222
42104
5338
2044
47166
13967
39606
31784
38324
44406
20740
23952
10305
14637
24743
6077
22459
31007
26696
32357
13582
3951
27484
21252
15581
31548
32792
48160
28810
35220
2278
25991
23165
9150
8762
19094
4014
27047
29983
10980
30527
36661
32097
48338
18414
44829
13797
35718
11563
45210
37238
3119
12252
43158
19734
41173
33029
5711
48989
47673
112
30745
27479
10893
34154
48113
27310
7798
47323
23624
6907
7983
32310
32348
9988
45293
36423
10814
33902
28878
7416
4036
35332
27220
21191
1487
8312
9608
28266
31696
45043
14154
22955
26029
15366
16877
28900
41578
16949
21243
14084
4605
25913
19921
44425
44461
37700
20191
26572
14356
16396
13253
25974
12875
31962
37779
39742
37668
22219
14129
40553
36417
23961
47021
49916
25141
38436
12666
22988
20185
30187
41283
44959
15394
32676
12112
37371
14273
49904
18844
46021
22698
20273
15981
19161
186
46610
20221
38794
49020
14048
41166
37746
12691
21498
4213
40321
28516
354
22514
38359
2531
47334
21339
9179
10152
32711
47869
32115
22488
31488
35012
25885
40326
24048
8786
6592
13831
41185
33804
20595
14987
38697
29353
26099
20234
22017
10264
31899
23550
36777
28258
15845
24129
29724
14922
30680
3821
28520
19518
31027
40374
41416
22554
48674
13011
46239
43505
45031
47309
40698
41319
10985
8953
42825
44569
33885
46247
49872
36917
13198
21937
18410
3093
15525
44028
10404
30940
36172
42171
38216
19681
33581
13139
45207
42253
27889
44594
28476
34657
42710
40669
221
31338
41728
7266
778
12034
10947
360
15770
37526
32145
45248
39670
9604
38007
5631
43616
26068
38843
29746
23309
47181
35034
42170
49009
28922
38617
28679
35160
37314
12736
22020
6057
14749
5450
36712
44917
49242
22998
7505
3562
13594
19228
14247
41913
6337
14009
43358
34752
15715
35732
24259
9338
42107
4991
48880
26613
27942
4226
46036
7380
19176
2436
2696
6812
12933
11597
40564
2541
21596
46034
16685
39190
15140
541
10949
36714
46784
9555
38775
12879
23735
49151
8805
30496
1977
12219
23111
38625
3122
5887
23784
29614
40394
47614
5514
18854
6588
1420
10684
2612
26165
41467
20532
9964
42758
9493
23837
20793
38867
2400
9992
18624
11337
35677
30059
25956
26106
27467
28068
35944
758
31483
22810
2674
39952
42299
12423
49
22703
15865
49875
31278
48395
45661
38400
7333
2359
11325
8350
4902
35519
41847
5112
16501
47117
28226
5480
27717
18043
39096
39690
32065
34147
33673
38725
12059
7898
26528
8606
39953
40217
5546
16089
10141
10683
30376
16377
25498
20140
27736
38051
3025
31453
35902
34171
6172
24638
27238
1231
22494
13856
33220
45375
25028
10806
22790
43566
23030
29278
31956
10588
17031
38305
45604
27553
4659
11686
27550
42991
18305
42807
31709
43195
32118
16186
26045
9281
37870
31207
17181
45275
5388
34292
41638
33553
44597
49495
27176
21181
35322
24575
41353
38883
29908
4282
22540
47102
29722
44560
36718
391
16125
23896
8439
2944
9815
15149
37904
20329
45819
6306
20495
43930
16597
42687
1935
18870
28702
10309
22086
49078
44457
7622
47170
3049
13427
42524
17942
37984
46361
49620
2937
43059
888
45766
24448
6756
13341
2881
32212
46590
47200
45342
39942
20447
3620
45794
28955
7686
34379
11374
36536
33458
24133
47198
29489
26830
31611
180
2152
22353
30968
8512
7892
453
40046
38580
314
19246
19311
8846
6856
8273
39592
41593
22439
24967
30476
47169
33323
43235
37177
1706
14179
28162
20677
21742
10628
24387
13214
3616
15904
7464
6654
25427
30445
6098
41134
4540
26715
19917
5368
27373
12845
33089
6246
19108
15659
43441
39708
21702
28869
47290
39247
30047
44382
44420
17057
3864
24669
27648
41699
39479
36039
40639
14966
2248
24192
34630
10361
49669
5322
5438
40255
8403
37470
18862
25628
27988
28934
13167
47038
4339
25526
276
47434
26123
19035
15812
47857
27925
34851
48835
31741
20559
35296
16698
44198
17601
26824
35644
19806
29670
23824
23112
33183
19209
22436
19692
18848
11618
33480
16072
10484
16959
48446
18185
48411
46112
47129
33847
43687
30069
37290
2998
42302
17738
1556
3533
23273
48838
187
46078
14520
30661
15291
11566
34638
29085
11533
38270
10395
46217
2917
8231
4194
27561
36920
37542
32737
16107
42102
42517
5805
8323
47043
47320
11818
837
24304
41808
16224
6917
34121
9734
12737
16271
27167
28632
24070
49512
946
26230
41400
26121
34
8670
122
36298
18307
37398
29950
33108
42621
36455
7840
5453
3958
8082
14473
25196
26593
7658
44544
6603
27795
17819
29582
39461
40536
7341
20145
8310
1202
18136
27774
5418
17038
18658
47452
2350
40651
20027
26817
63
27562
24892
48782
37702
9850
33188
46449
18059
22072
2276
34734
14588
28290
44556
30295
7112
5986
45998
31301
35087
37423
37863
6441
36914
48
45224
15239
24985
4252
24194
2760
40659
32132
36865
30994
44528
36421
10284
36898
3034
27616
5432
44644
40635
38387
39828
30786
4655
19638
39325
2341
46244
3878
20565
46698
15799
8276
11879
39679
37401
43516
33954
23871
22881
43488
13127
45011
43124
38727
7182
27110
47637
3480
5345
23086
39257
43540
42681
48083
42513
38584
10999
27579
33040
18806
20067
35511
28692
5076
24237
18692
36181
35362
20919
20387
44199
34928
5861
18040
43569
18849
40820
1392
33764
35434
40047
46567
32696
18509
22601
43254
31241
27065
17028
9391
45920
11582
17648
34984
3057
23745
39885
44103
6408
24574
12362
41039
44849
7967
40042
2283
3535
12107
10150
44733
35466
3779
36004
26468
35282
32037
36625
1578
32420
27512
44793
18865
8322
23889
34324
19265
14933
49596
32675
35909
8833
31244
20987
7945
43066
38965
38613
36224
32587
21350
23472
39774
38177
28116
38539
12377
2668
48682
20994
44798
26987
17029
15747
38544
8568
44478
2123
35177
313
35630
39926
47363
41357
1507
47535
76
36897
36188
34943
11407
13132
20161
41425
11716
997
17463
8244
8166
16327
46327
38510
174
46052
31337
28685
11006
8164
15037
32429
40687
12301
23597
33470
42833
32430
46442
25143
39725
1484
32577
2633
17032
24249
47410
28070
28483
3853
40970
45284
39659
39949
29640
28351
38302
28257
17278
1137
38413
33385
18637
21282
26570
2895
34997
46669
11845
44250
43026
39721
1908
41408
23770
6221
35518
28060
8071
15619
26655
13801
32441
6036
3211
2676
18979
34393
44605
15648
18937
5543
7579
30731
12005
12390
12469
40173
49752
3694
18632
5264
43812
10010
6642
43244
33826
3669
37913
48636
31876
3825
19189
36328
1749
48546
33005
305
32783
12624
18838
33623
9404
6876
37122
39696
5621
2064
19393
16682
39452
14561
13976
37844
19938
22060
1673
38554
38155
11312
32248
31773
22517
13457
36623
27513
7826
45005
49399
48983
503
18935
12149
20305
11658
17178
25874
36096
17982
37006
5411
44016
9253
5111
47127
20030
20232
48273
26125
8495
10110
26812
3926
46334
3554
34906
13523
41791
24511
852
46661
41816
29567
46833
47263
22126
31562
2138
4690
34354
20220
31309
13673
19776
17177
33171
20435
38237
11214
18480
8081
45083
22385
15698
25379
28559
3785
35450
43654
49388
29912
21185
37192
19217
12806
876
26223
25300
25355
28197
24271
7787
49382
1741
388
30829
4767
18761
2699
33409
29144
11161
1354
18465
1325
5777
47046
4614
14709
33225
45419
12414
42828
14346
35495
36624
26800
9830
31695
1513
26481
22616
2252
17293
2522
17310
15055
31904
49879
31862
42756
25997
920
17981
23660
40524
9047
37982
28621
21851
7354
20333
44660
35202
9783
21099
34576
14906
17857
13631
41203
12439
33748
23191
46816
27542
31707
48051
20652
17591
45945
24432
10475
21933
47803
42346
44533
48366
26465
8609
9571
5571
33675
17557
20056
15719
40511
16889
40139
17714
8136
39074
40786
7434
11365
19949
22534
46142
31681
45146
15592
32934
36301
44306
2446
4782
34744
44159
9291
25175
6657
32267
9568
39944
21356
21653
11836
14742
8573
20389
41576
21899
2482
690
20469
19764
26863
48398
43294
34821
18092
33417
15583
33948
41228
4179
41084
38300
29361
11671
29677
10118
13789
6898
17585
26929
15685
43295
40644
14596
40585
41303
48440
23569
38997
23971
29165
41665
20031
429
3068
30976
19314
16428
47085
36988
45443
6193
24620
34163
49682
47364
36005
12010
37941
32585
30250
48096
17912
14593
20658
36804
5390
27192
19050
14053
20309
38441
18690
44124
23052
21818
33013
7156
42438
37494
29027
39113
28364
2260
37019
49827
380
7328
21395
23963
40288
11959
11978
5599
44411
3759
42078
48871
20407
41498
21564
30641
7610
16981
22752
40530
35211
551
47640
579
29513
23685
8330
7492
31715
38814
44479
14558
19786
19261
10492
18839
19828
46934
2015
2103
15115
5958
33147
24831
23102
27295
12297
23126
44206
21236
29709
23135
3506
18038
46148
18532
46787
48530
10230
38585
20227
44891
21230
34867
31464
23387
21141
40937
9977
16047
28565
19882
44266
31264
35341
19578
24979
24727
25509
15494
38630
7107
13760
49130
44984
15657
11652
15417
13137
31543
17302
26349
20153
44422
46107
35634
1582
10801
7363
37676
10214
11075
3696
33049
33000
37048
23034
15563
32763
27969
3933
46210
9795
26061
22358
2725
13075
34529
35347
1147
44170
2899
37660
6650
3792
17515
33898
38009
27709
27144
82
14571
48524
5882
15157
24877
22125
31144
7943
45110
34908
45887
42166
23464
2166
13086
16366
16961
27085
30880
16918
39081
22106
41827
43181
23948
37408
48771
11118
32567
4274
35485
45054
44259
44407
45499
47479
44727
604
46646
27952
13535
40976
24651
1213
12657
49456
21531
28859
42363
34347
27155
30075
44591
6615
2489
45693
48250
44924
29065
18447
14348
4270
34159
15739
8716
35384
32011
8510
797
11720
19404
13242
18151
40435
46617
31789
16694
9311
4949
8049
44305
21878
43954
15463
26156
30557
21328
25485
36601
5490
18399
27807
13926
44030
7391
45934
23050
22409
29847
28729
21094
15274
46116
41344
43184
1301
23567
7852
28696
48327
46861
17408
2559
28708
7047
3977
17396
38185
16983
32887
493
38895
18659
24944
8137
16730
47945
32569
5644
30895
44817
19401
31405
34663
7992
39924
11544
4550
49854
19344
30274
39695
2730
28760
22092
37317
35007
7842
25613
28966
8056
27427
10345
12503
11961
17115
9637
46917
42692
15662
6863
8283
38251
48207
7301
8706
9520
26889
38016
48011
4609
32236
27552
11525
24189
21864
42888
44531
5542
24502
1770
6025
29840
13888
15420
28471
19224
16591
3052
30811
22299
3793
11858
9796
4465
18846
44380
5772
17801
5992
14601
39061
31938
42494
9015
42619
45865
24368
31443
18355
28927
32194
834
15607
47661
36614
32104
36711
41120
5752
40800
14066
24689
20680
48704
44652
10113
45269
29043
15186
48866
5219
22868
21404
35656
14224
22675
41902
2293
5973
19073
32762
11871
2097
1746
34331
10518
19165
9375
9023
11648
24615
45445
10129
19145
26723
2168
49937
23209
16309
44876
29872
12502
5633
28325
49524
40157
3622
7189
25626
12185
48893
42992
41082
3749
31678
3374
230
10414
22917
39009
25698
31255
37384
26537
1318
27951
24820
29011
6669
16313
12329
7186
29054
13275
21548
1726
12498
24100
3667
17456
685
5602
33283
25443
24614
47034
18390
47173
21834
26761
42007
3210
16076
13933
14328
23905
45239
17341
13266
39137
29123
39105
48655
44078
47777
37791
15165
13472
34692
31175
38108
35505
38945
8567
14989
14113
12348
42386
33127
47571
28156
24398
16990
133
28135
22511
7031
45141
44552
21875
7828
37697
15386
45842
43427
49575
9885
47396
34128
26276
47639
6029
48506
37294
13228
16615
34611
10967
23913
35860
39741
18611
3031
25780
9126
10867
14603
2229
1314
35545
24015
17776
44963
19588
44918
5870
5832
43205
7970
14533
15909
15106
1262
9888
34988
5548
38463
4629
7121
12343
29229
40678
4248
10570
49011
18622
30011
44761
27279
4259
20891
42790
44196
47207
37561
20207
21904
45119
40546
43314
29272
18539
18743
48728
1679
6698
10101
33492
37113
4045
29252
22275
41080
19512
49434
12384
47772
3976
9279
35150
10531
3328
38920
2603
48924
46016
22201
40989
44635
7930
4120
38131
15260
41550
38771
32313
10298
21659
49039
23319
23902
16699
12985
39639
26940
15649
7666
32800
8122
27325
10195
39035
40033
414
11388
43916
17349
33771
8019
41307
32736
40341
17672
43152
15142
21502
37246
16890
22032
13756
30113
34109
38030
44988
19988
19465
41266
35154
2750
33699
49989
46256
28426
4560
44850
16114
33334
1090
40296
15333
41796
38910
33742
37832
30689
42096
17707
8974
1069
8130
27630
12804
6194
19270
14463
770
21446
22578
46004
38793
36838
46629
34209
39977
46140
12721
11295
45614
1471
12392
20039
18298
49771
27368
2384
15189
24674
33785
9661
47441
37232
21635
15691
47199
46414
16099
22029
2472
27597
39727
5821
44429
43572
37321
2872
46138
27408
43452
28378
2893
11964
16260
22471
44039
23421
12358
8844
8036
28970
45260
48667
6445
23311
27139
14752
753
3233
5515
33938
29611
8641
47926
44312
45390
14894
5611
9181
17381
17129
9065
16191
9430
14068
11782
9956
4539
27723
1903
15532
19863
49460
9995
35456
28862
3209
32802
40030
20365
41717
8596
47027
21066
34799
40086
14490
49700
46531
7861
5585
20724
36771
10124
16506
47969
12411
25844
9329
19340
4217
38401
8614
4438
10270
12253
40383
39050
472
11979
3549
1128
10248
40660
21994
25214
37534
10198
1289
36492
17080
22694
31408
333
38322
8356
8436
34559
19317
11557
14382
47805
36795
29924
43617
28076
17208
33530
41848
13912
44524
9940
3604
22215
13951
3237
25812
34669
3946
23716
44162
6838
11630
26323
9640
42266
48965
28954
42058
1021
33997
14334
24371
24758
44709
40853
9020
261
14569
21483
48798
27291
13049
7078
13063
45650
30756
8702
2107
25213
19963
16130
16628
18194
2245
41443
11849
9694
37463
12464
24698
44977
14098
23157
5233
16836
6553
7766
25488
17055
43128
46519
5837
28306
31284
17576
32029
5173
29870
14735
23874
32088
13151
22332
34003
632
31727
21984
48635
16067
10615
47485
31506
39251
9741
29416
36095
19240
47696
28066
25870
990
33536
19245
13633
46982
30374
2548
32451
10091
38466
36823
25383
12876
37891
41605
5895
40252
24242
28307
29175
12482
11481
19427
40411
6476
39824
36350
48269
37821
26082
7029
1429
15910
6899
31937
21374
43698
20847
18181
848
26515
47078
6676
25252
19369
1409
25676
24823
8658
47054
19892
19448
12959
4625
13518
1558
36289
46760
22003
31477
16042
15395
40981
44442
27516
19097
33348
5326
19299
43111
44764
31081
31669
16572
4193
9409
21516
43708
38732
31070
21985
38558
24551
43454
20047
8011
1800
35515
41218
3654
30447
23736
40118
10344
30951
18881
27718
48507
23055
10312
43832
28533
30638
43194
48339
37927
29460
2433
49187
18842
29021
37737
34270
19380
2311
45153
11163
13737
21290
17240
4000
1237
43699
27147
43190
6043
36099
47829
3811
25835
4199
20512
1649
31135
43353
15651
23855
8797
3971
37091
37266
25459
38114
21654
10166
31769
46716
20358
22256
46528
43966
49212
45594
6586
49228
44395
713
44035
2678
46154
27583
28850
22577
28947
31069
22596
18993
49818
10675
2460
32541
12919
8539
44874
16307
9205
11883
46171
28875
43710
43160
37443
47024
19683
35752
11968
7283
12943
39761
34793
1189
6527
34304
42433
23503
39349
31313
17140
48090
42113
28548
45769
45407
26799
35026
15173
21797
5926
11313
4930
47868
17755
14784
4623
25551
14932
44252
22475
10781
44506
44156
20460
30450
36152
48423
32650
23243
45341
41204
44870
20580
32107
26278
5421
40568
46653
46624
17754
29026
19480
5677
23037
9624
13592
6497
20657
28171
40612
35194
14834
31989
16532
14213
16880
30624
16705
32753
2188
29634
13997
48192
47079
24246
27820
44495
18989
37541
49506
45189
15840
42100
8165
30838
36964
40247
3634
45452
19709
27380
5444
5195
42624
7716
19612
37793
43803
15553
17244
39024
31490
39256
43283
23988
1038
27119
44991
29343
4290
9853
17447
3985
30486
15489
41840
47339
5443
35217
13225
39161
46765
27198
42882
33412
20242
40711
11372
18024
12562
4978
3435
3538
12173
36571
6932
24775
47578
45290
7717
31947
30937
9859
8092
20292
41931
25996
48093
9001
26607
31253
27864
25999
382
42026
44020
35206
1645
25208
2955
19899
24347
3964
42985
9022
42808
48589
32076
11226
48318
13716
19289
32584
12366
16735
43084
8909
25122
21731
13328
23075
42622
48077
35999
33498
15425
40240
46419
23525
39116
49724
10012
41833
27980
1030
35410
1835
3296
48722
31113
8319
33740
29597
32622
185
36798
25367
8297
42581
19370
42615
30132
13415
3309
48494
25474
43378
37655
25067
7035
46333
39749
21956
15597
1272
7220
26540
49489
845
25950
32162
19418
17454
15418
9991
12631
27482
25426
19803
18694
5975
34594
23568
47059
40569
897
17319
19705
9863
38152
38220
5784
21695
43993
28689
27202
22243
4962
18578
30917
40866
46967
37525
31646
12520
2820
36707
13320
48777
21620
13995
43736
32495
15567
19662
3835
27604
20437
25449
44609
39141
45754
42793
1463
39591
30041
1395
14619
25854
25705
21234
42837
36196
34317
12858
9268
7229
34129
23859
41866
6609
46073
40913
1411
10408
6816
20474
27913
23928
39186
11804
4450
36806
34960
21674
934
10992
27463
37845
43142
28322
16566
47074
18409
28170
6227
36379
34282
2951
21755
459
35429
35744
32573
30373
34081
47619
41674
18021
31249
24434
45288
27039
16899
31993
32109
16168
28647
45240
4202
15155
47058
43744
26343
16811
19847
31975
35271
28311
2539
2698
42596
4148
21045
37425
5455
15476
189
43998
28753
5939
28943
24312
16874
47116
19554
27041
14395
5413
1425
44086
47420
41730
38432
23816
34588
39925
14339
49442
37859
19272
18649
33654
5807
2072
10576
6839
22008
18008
41679
47158
33925
26014
2570
16860
36545
43928
48305
12217
41395
45004
7607
41632
17865
11020
33908
18557
43943
26768
523
1644
33170
40315
680
11660
42057
7223
31358
35877
28823
2784
40127
5617
27819
4292
33754
30316
22325
20701
17154
43936
26295
11193
9749
27705
17701
17555
22200
14165
49910
41162
34614
20856
10261
34036
46877
11739
34051
48111
3505
22082
23922
17014
38560
43179
6973
20731
563
38340
32094
20147
20148
46110
38696
5380
7822
6667
20017
20224
39335
34806
16371
45820
19473
37455
11185
3703
43704
19821
14684
25678
45183
4497
4570
37801
13849
1825
25054
48953
2478
27122
19584
22207
37699
46071
42702
27387
5747
5759
5961
954
8759
22478
44542
19952
49178
46699
16687
13844
38286
16084
12236
3523
8602
2880
15959
20001
49740
10909
40356
30245
13878
5113
21896
27750
43157
14373
25927
42515
18987
12882
43537
8078
1953
10651
17699
47140
38191
20647
4162
13986
2192
43773
37204
40633
9136
47089
26820
7431
6515
17528
26306
32874
21605
43231
2997
8790
26384
11186
8182
7393
42870
38519
27184
35539
10969
28513
13247
7015
26052
22031
23042
28736
29510
9679
14310
34555
7601
41993
34805
13602
47977
35140
28126
18223
49655
25970
49850
46497
9071
19855
20988
43860
44486
23422
278
41171
21668
37419
1315
13921
25798
7794
1064
31147
38661
11012
33027
32240
37543
45116
1349
27026
11019
47930
33594
47650
40792
37629
21435
49803
38940
18236
44045
26457
11954
21335
45725
9099
19582
22240
25292
30384
23054
4656
35540
9334
46949
34500
36954
24987
6509
43924
20064
28790
36843
35128
8484
38252
42731
34041
21968
39733
15764
28452
19925
19823
18077
31382
42330
16155
1442
24838
16094
45621
28652
1863
32216
38217
40121
19341
42332
11753
40216
12638
17176
35361
16575
35553
1351
13249
3570
12910
26281
25073
41863
38117
27477
35784
14375
46975
35828
28075
43629
29062
32833
29079
14320
34052
29244
24359
40224
45099
21788
22276
47072
22609
39826
4766
23585
6381
36847
45104
258
44468
2375
17435
15577
9363
47217
18427
41005
35903
29201
20981
23851
40626
29215
37422
44911
38248
7757
36814
30072
20189
36365
42388
13407
17279
1978
33192
37347
3619
18501
40138
43793
14141
48585
31377
39884
33702
29293
23288
23124
25048
14357
43992
1727
35412
14908
12506
30760
4684
22168
9587
47175
22331
9421
38333
14896
38615
28577
31247
32182
34231
44941
28063
45468
23189
3741
26338
12138
41757
46271
48477
2420
19130
45749
30034
7357
30013
14891
42600
2909
21026
9962
8570
20621
4830
32067
4860
8341
36710
39034
37280
49239
49386
17069
29377
9530
42204
47755
3783
4328
33991
22352
33500
12220
8316
47968
34922
11413
18191
34077
6136
34088
23833
47006
1688
22791
16614
9135
26107
9772
6112
22772
26616
6078
38543
3000
14664
28903
36344
34840
2954
39464
9176
24155
1051
43412
19254
10536
22377
9654
28123
39779
37568
19095
28419
9516
44362
41104
36490
2685
47094
23960
20706
43317
38269
31828
48600
13714
11493
36902
46622
2190
19906
14058
43820
2425
35464
25503
8485
23619
4947
19664
8722
28251
41916
26069
15380
42747
13837
13753
47956
39058
547
16152
35265
16132
5881
4923
1842
11762
15411
39092
28706
37436
23343
15706
27397
36146
37752
23691
30996
42789
18118
14814
3073
41145
151
17975
48060
41850
10760
15992
26703
45169
13763
48309
38659
26024
35437
1937
43545
48582
39476
35117
44966
11806
7133
44608
13045
41845
25525
27472
20035
25924
34406
41482
33086
1605
13943
20078
17123
5574
27421
17964
43436
3628
46063
46430
36139
9407
2724
29080
39698
29402
44928
14029
12684
44604
9147
29656
31579
4002
21735
32973
21197
29124
47611
5433
26705
8507
23519
24451
20168
31969
12697
16693
19119
19910
22406
9534
10193
613
17372
39128
9059
38414
22483
26654
17226
46628
39750
36736
34653
36392
15196
40641
10159
32188
38952
35146
36951
27746
40430
12664
45519
9211
31362
7952
41856
42943
27321
1519
10618
34839
27782
36393
23613
14294
25266
3453
19608
48705
45143
44117
8426
29362
29530
45514
44364
13376
982
12607
23556
20819
29583
12898
44824
13702
28269
44205
3891
45160
3261
5502
49553
10297
15720
15972
1486
6524
13250
20458
49350
10133
46492
37872
17295
44455
49557
18100
48817
26177
21137
3750
42732
41748
30614
39299
28144
47904
49741
27572
4918
5884
20418
27669
45694
37772
13732
39602
32995
28611
6583
6697
45304
18797
42321
9012
25164
17270
25847
40611
43212
44472
34729
21730
28609
582
5859
15667
7950
22968
6523
19864
5236
15220
31397
43608
36832
38142
516
33674
23218
7694
1347
21602
37539
12905
4755
33174
24639
243
9696
16778
23017
17493
3461
40613
40178
46601
39784
39569
10943
44987
15457
35406
41704
9972
28424
19381
24644
30500
4905
23750
33189
23310
19550
44840
17108
22303
35094
30304
23335
23588
25064
9707
24283
31874
6900
35845
48136
3633
42047
13527
3346
30356
43816
47720
28371
11494
45948
48425
15979
11089
149
1598
6461
24719
49893
21249
27679
42354
37632
26898
47576
28344
37325
13333
23143
46337
19423
19690
29757
27569
2432
20747
39007
31416
7396
1492
25189
29164
25471
22826
35110
33022
33966
30610
29794
13005
8095
30554
7720
13162
14815
22326
24109
18484
15737
19339
41284
23876
22721
34702
48670
7647
22597
4977
8831
10293
27779
26651
12952
42314
38213
16962
14726
34298
12044
31061
44904
7477
29493
41441
5414
1177
29819
14913
45038
40302
35684
24267
33161
3981
45406
30045
12602
25937
27382
7560
19045
11651
28212
12741
11408
10697
21015
1138
45356
35688
7092
49628
28005
32665
33706
18801
12706
49396
5913
25598
19486
44065
3576
21519
31609
1742
23150
4526
30548
40497
44063
37554
49010
27036
31633
45912
18202
13046
17596
47205
18759
1846
10991
49903
2615
35338
11102
16272
26848
11128
25131
40317
39326
1143
36274
46569
32354
33368
46161
32517
21161
23817
2307
47826
28308
20639
49768
48125
41383
23726
32358
48848
42427
45486
1991
48837
38594
5223
29826
10332
34174
29533
24842
9631
11657
13896
27494
42801
43499
32941
8335
1222
15585
47193
48029
39514
24325
4271
48166
19191
42383
9656
21744
27170
43296
49551
41747
5682
32302
49774
17375
26228
43685
25655
40273
26901
3208
19062
4531
3504
34122
30523
11249
2484
12535
41830
47328
35196
43309
48925
47800
3601
47958
20012
26965
14451
10820
28454
12566
41739
48415
25063
30567
37928
44615
43067
15473
11429
13264
35488
21311
2059
5215
13171
30961
17266
43199
33471
30574
14912
48301
48105
8809
16954
3039
23996
15306
30656
38344
6980
10591
32956
18502
35589
37065
17228
36872
4454
32972
30244
48643
27691
7830
11511
14212
31465
46175
23979
38901
22085
33419
33036
29092
7873
46858
7060
20947
47137
789
44806
26618
27359
24847
11409
31089
49080
30637
6357
10291
47593
34034
2037
11375
24227
15692
2627
20545
25715
28842
30315
18028
8470
22153
48202
1036
12643
37570
20272
23706
10832
46537
29006
49560
20946
6261
32027
46150
23797
43479
45279
11467
48298
47751
33680
40371
45301
7510
25966
24437
27667
3465
39215
27275
39538
30552
2125
29435
44613
7525
25953
18339
22867
44022
27518
42505
37305
20135
35555
33794
23589
14239
12833
21641
31096
48098
42207
12162
39004
9303
15721
4250
1948
6556
38802
172
47843
15830
34996
44094
42169
37158
386
37993
30362
10477
33248
9145
48526
22375
9685
8242
23170
39040
31547
44189
47789
6074
24596
7051
35844
26442
44690
35838
1875
29491
4387
16513
10752
32174
44894
4402
42457
13024
11944
43065
9827
28446
33224
32634
13676
7250
37131
7676
8542
11937
26487
22538
47753
43755
2658
10845
36803
25697
24186
8582
19840
12908
38880
24841
6107
21906
1636
9541
12668
34362
45553
11478
20105
31560
48150
37024
28990
22241
47310
47167
17233
41873
41455
2688
32626
37488
2573
18083
21250
31518
7126
10579
42304
10698
20837
23788
36854
40104
6591
25599
24006
40485
29784
30676
9115
36033
12855
1261
6455
24656
33341
31541
11584
3430
8616
87
936
12673
24159
36030
36637
44321
12212
11627
25400
28273
28796
45079
15061
44766
8967
23329
17109
12314
23933
10916
1001
12381
8291
2637
2483
1461
25730
16613
29999
21110
12949
27959
32048
16923
46747
6309
7629
37460
8584
30765
14483
35820
8293
39234
9458
31591
10306
34306
4503
49552
48840
20790
2875
21768
1080
27759
38342
25415
1127
3269
36895
20984
2403
19885
1988
37848
30358
19691
11721
49358
7598
38972
824
47648
46520
16081
19472
27299
39812
13876
26959
2058
22495
48270
28847
14049
23813
223
44914
28989
39515
12206
41979
9346
40640
38609
3171
39407
31747
40453
13917
8111
42091
15135
31012
45049
3804
47191
5538
7023
23178
19818
4241
29166
49565
45158
22110
36187
41160
4524
16016
28338
16195
39246
18168
21782
13263
34035
4442
37486
10850
10768
38474
10512
8914
43281
47700
3441
43831
10218
24139
30871
47476
19934
38268
31620
47272
1159
31837
4953
47354
12687
9826
16578
13513
9261
2416
45555
31868
44970
20692
36826
23381
34976
45305
34419
42298
22040
18152
30776
7526
44600
721
2273
6759
11145
32045
24822
40270
11323
29302
12374
17299
2587
37194
25438
22647
24896
39539
14306
2208
791
40619
38132
5030
2889
5802
20999
45397
15229
43895
49065
6355
21174
27244
40149
4637
39254
32936
49143
42500
18091
27804
17317
15212
13504
3920
15943
12763
49695
32571
21837
9489
8080
3850
4025
25800
11788
48248
21409
40929
23363
3115
38229
35278
37822
25026
45833
9212
46905
1358
46411
20077
45617
46498
4957
37454
15844
13959
37804
9189
15063
15018
23385
46222
37906
2999
16416
31723
45812
42667
9617
45318
46735
11723
16109
22009
33404
6336
25282
38079
28227
9451
21098
37161
7998
38893
47183
7446
44951
11521
20255
49537
26795
24688
36600
15330
20983
18954
19350
1307
49584
48027
13833
14578
38489
16683
41175
43712
8050
38179
13764
11480
26311
39255
40266
3651
39292
208
38616
28701
22111
27575
26051
17366
43673
29315
34637
20553
38653
32202
734
12351
25776
26010
3444
41768
702
29143
26248
12061
18998
27634
2853
20763
41561
32185
27367
39672
26212
22166
36253
24541
15939
35035
22430
46429
2490
2973
39249
42585
2496
535
29848
10511
39645
47547
11580
43011
42704
20714
40565
40720
49133
28225
8645
4504
46557
33578
14335
21417
42001
7242
45271
32068
39149
13916
8477
25912
8724
48897
17126
4937
21124
22649
4407
23339
46114
43437
17756
35858
6961
11033
47862
5615
27481
1909
40440
19695
38553
43312
20798
22390
13652
45006
21074
45517
11287
32667
30793
36079
17830
28552
913
40062
23677
4216
5908
38601
31203
39052
46254
9053
48475
21821
4425
29440
48982
27882
11446
29366
14185
18729
36890
9907
5153
42927
11676
3111
10423
23180
10398
8054
29735
31624
22019
21292
8424
26967
11931
40538
1703
19180
18526
29395
14858
43253
39119
10204
4329
15340
32143
12921
29939
13984
6694
10689
25403
45136
3478
48985
40739
21261
6726
34018
44492
29024
36481
39481
8719
34987
38665
45498
6814
14919
24661
43022
42417
48890
17417
32108
20825
27586
33542
18429
4615
8369
22860
29314
35175
25932
39370
40998
27317
21591
32729
44340
47473
19652
17088
18235
13683
11125
4011
39217
1212
10622
38931
45315
42103
41810
49071
15132
14967
5037
44099
29241
36480
41622
16940
25729
18257
16419
3452
24914
45955
27603
19663
15517
14683
7509
37402
36082
3112
42799
26369
28940
32689
41242
11489
7565
1067
40701
930
8948
21383
15660
22938
29745
43952
8816
36007
44960
17985
27620
18495
28638
13397
40674
3131
29557
7926
13863
6264
5902
7727
49528
15924
16092
19993
7800
42626
11679
21537
7205
34621
3340
28978
18446
45911
19517
12813
11991
38612
1182
29522
24200
30205
46840
34798
42149
31454
27817
43841
7478
17856
28279
37532
28762
42073
37729
26925
17211
27713
32149
20119
9960
13874
41239
2034
16412
2197
39170
37569
14118
35180
28140
3395
4145
49626
39023
11731
4094
33864
20688
32865
36494
8834
37168
10971
22587
22575
12490
34965
23823
25758
8981
46782
48132
39704
35857
36632
18045
14723
42071
20503
13206
30171
13568
23937
27861
39477
30902
18354
18896
1126
29874
43078
465
1316
32610
38149
25276
12547
1818
23162
14969
3035
31449
10852
38078
28524
17296
8885
463
20962
37981
16216
36788
26722
8892
20115
29859
32148
24303
44756
13569
9615
13409
30462
18777
9448
19772
36534
22046
31425
48543
5776
17571
9698
3781
10256
35550
35274
26550
29151
37154
34461
20997
43416
30742
25176
37850
2362
47001
14167
45752
32339
18428
26337
29770
47349
23070
15150
26178
20767
33312
34723
19249
27179
2102
20702
33884
28642
29705
22710
41088
25577
26477
29199
966
10187
1845
45680
42300
43102
42706
40343
3155
41503
24033
7100
29305
33062
20252
36652
29186
17473
28264
45190
35082
1557
25350
15408
36825
13509
15712
21281
23077
20481
13317
18984
22726
18483
1685
10790
27302
46495
43808
49112
19324
28992
11748
26575
33774
31206
1540
11973
21763
24926
11551
457
45491
7206
35705
20943
14111
43506
46493
40256
16144
17797
44967
14890
35365
28767
42420
14740
238
12232
22944
47994
7459
34438
36780
739
20214
19991
28688
433
16448
23353
27437
6070
624
20217
13450
27146
176
5919
33761
12243
18131
46732
4929
34192
38623
6571
35119
41811
12128
48453
15570
38668
4522
8097
316
16995
46941
30781
40324
15645
33865
240
38040
20327
25741
49154
42139
35541
14137
31799
21187
19190
44602
26244
14672
39071
37495
44431
11758
22374
5987
14964
47228
4691
18836
21684
17654
2523
48214
3894
42240
33271
12012
20421
48342
30960
44491
44293
34629
42835
29949
33260
48034
33897
14760
47202
35302
136
27151
31504
27810
27171
20954
14580
13
48230
31501
35661
20824
11948
35473
48738
20902
29393
43108
7570
36669
25309
41345
47423
18587
48235
12709
31618
6235
29853
42916
6488
48807
46226
31940
1434
4670
22923
44525
5982
29799
47153
5185
24470
11935
22954
44563
35187
4110
47734
46534
8408
21995
4506
30631
12154
35639
36551
17768
1183
46455
35930
6628
13729
37438
45949
40144
16815
46722
34949
14314
1694
6150
47504
41132
38416
42720
29406
39387
42190
46186
48639
25882
9460
39622
28529
23281
49646
33289
12286
23696
2193
25111
8474
47615
19880
5158
49129
6600
9909
3156
47
14713
4168
24310
32128
47033
4823
40152
43753
15735
39355
23618
25939
43655
14626
43974
29109
33854
46074
41484
27649
1851
35600
40504
47733
9908
18596
48169
23410
12926
30953
37342
40474
31973
17171
23406
8603
29586
4688
27560
20379
7235
28035
49639
48131
27744
20344
30382
1501
47285
5357
33964
13366
14965
35888
44629
8527
34151
31742
45832
38531
10526
5168
42118
10386
33602
20725
5291
37075
34544
39385
8957
47960
38820
4999
36502
5256
5666
41041
40387
11340
9544
9547
30695
8794
16323
47658
42313
48818
46555
14083
49969
24492
20830
40058
36792
26142
45547
28532
8975
4694
49663
2947
6731
15435
7488
23521
23576
37605
11236
9192
39443
39030
8550
36530
25699
28388
40395
33421
45163
39648
21800
21830
48717
19767
49036
10051
26999
49054
26692
48241
32639
22912
10326
36727
6635
32873
21604
13106
32593
11086
32044
29111
13455
42904
29474
20226
3595
11334
22158
9403
23940
43745
26470
49809
39707
25635
30159
40746
7778
43171
5466
6612
29759
2900
6581
35908
24839
46553
35058
33738
36537
37997
36997
15024
26710
36508
4662
20575
12085
38505
19024
39705
31561
38345
27530
20381
19352
33179
18562
29063
6703
47031
19970
5231
37537
1094
39685
877
38953
21850
47514
10957
13181
15105
40946
45193
46382
5148
8781
37914
37902
17663
13321
60
3858
35918
26217
39580
49631
25590
8611
2946
46931
38780
16837
19232
10920
11270
47793
39744
39807
16612
29541
4441
1072
2906
14745
24120
34641
7789
17206
32688
41740
7819
615
3607
41821
5804
7104
14370
40454
37341
6003
4754
36320
27029
13780
47874
32818
8308
33750
6888
13148
44875
27954
34017
31497
1432
4447
7925
44376
10754
45262
48252
4872
38833
767
34337
33279
34958
6695
26196
34218
22751
1236
26612
4131
2299
22748
29577
26169
4279
9438
45469
31871
27468
697
35788
5156
33736
26882
43061
46129
38884
19290
6818
40205
27612
2257
6640
26885
49999
28377
19807
32940
19876
33890
18800
6260
28
47657
17540
38797
42908
10292
34646
28928
18810
34961
29832
39136
17034
17706
3611
16116
33975
19098
9173
8101
4603
22437
21957
48863
46221
39720
14428
5769
35272
44645
31205
4628
30063
39790
14750
16551
25312
27363
45187
5080
40027
14620
36553
49895
25091
25652
4123
46024
49330
28994
4138
22808
32058
39144
675
14929
11498
11274
8102
38583
44728
15071
36925
3107
20335
20613
13768
1464
31120
38374
6564
43919
39870
38946
2224
40682
28606
12842
47633
32290
20601
39740
25060
34951
44091
15271
35130
49175
6425
29893
20263
45569
23368
18360
34022
48584
24236
27078
25050
21182
45635
13578
47709
20691
44327
12141
36084
13161
16400
49310
15702
6272
34213
10636
11404
33236
14514
4652
35682
581
49292
8336
12471
26626
1161
13184
10161
45804
36484
14918
33527
40768
49823
23234
1153
28427
21592
11289
36549
28569
1385
41241
43481
7547
9915
29212
16691
17253
21776
16457
182
7191
47472
14532
39661
48303
282
23533
27756
31897
21426
11711
21924
8683
171
19914
13205
46779
31661
21031
38518
26716
33150
17087
32914
9813
3907
5680
38984
15355
16526
7675
20945
10431
16758
28039
30178
27619
17786
12600
25802
8447
18876
3389
9768
28802
45289
12255
1431
1474
29531
26714
32974
28036
35000
24423
33904
32284
11781
2087
10693
46387
6989
18618
38162
10415
49976
15758
15966
8961
30862
12096
10074
3099
7360
6561
37929
32112
1194
47606
29691
12857
2409
49134
17717
2100
17060
8875
47361
9689
23098
173
48774
46718
33084
19492
6709
6947
21608
33460
7226
29106
33626
37782
4741
33129
19564
37156
40092
26371
48402
41232
38265
39129
40298
19842
11137
29809
88
20748
13694
25109
28449
32486
23330
7988
29095
37344
19750
25527
27994
28069
45451
12238
44916
4863
44273
16713
42323
47425
30807
41263
27525
4828
22606
32383
19633
13575
24705
10328
32318
40706
14938
18213
35803
7033
10449
15404
40458
1323
44462
20698
22051
31652
28584
41227
1320
29159
45787
37925
1179
33525
6128
33257
30517
38230
29205
4044
19979
40690
48176
33101
30780
23592
36334
4418
30888
23492
35425
6458
19044
21778
45058
37867
1555
7024
16839
28447
42886
14688
12235
41458
29335
15823
148
28277
1989
17322
39512
153
41590
27102
26279
45790
36802
45899
3645
15893
39274
1822
25065
48165
34228
37933
17487
2626
35827
5820
4737
22466
16779
47241
46922
9028
47757
11064
11661
5860
34827
31972
38479
6280
48831
31410
8192
39849
47394
29432
30927
3733
37915
34527
15327
5194
8930
17558
24836
21882
11048
47357
14160
5893
43001
38392
49058
17200
939
16766
25746
36377
15963
38911
19839
3540
19241
45860
4017
33537
41174
23974
32008
36561
28765
4665
14101
29697
1803
26802
959
1536
25736
11080
48232
11701
9973
20261
16137
20089
49671
43451
9416
8657
9309
10005
34285
19778
28829
2916
13692
37196
34807
13839
34339
17960
461
22161
38658
19121
23473
42258
49605
13391
4579
13792
49177
480
22690
22188
28240
9776
10904
45648
34678
637
34232
15208
24253
34343
41794
29074
21314
14690
23590
23200
37546
32663
19641
37295
9535
47146
2557
37907
23277
1011
4167
37593
16936
45889
1739
38586
26735
9491
13194
4164
1919
49247
34340
37875
23954
7409
15586
16661
17355
31690
30269
46872
1611
14720
26004
39730
41137
20791
46705
39269
44501
19457
45172
22301
45427
40599
12231
37764
21612
14825
18438
33338
22435
49966
6784
19696
3375
36386
26057
39493
9299
36171
896
29633
7085
21078
46579
21726
18012
18926
2756
38899
44439
49114
38967
4558
4970
31003
33118
47268
4761
10895
39248
30158
1810
8385
42949
48441
45992
828
27008
19400
26772
33852
13682
35795
46869
11956
47261
39886
35158
32028
34381
3827
47481
36073
308
10088
47239
22590
15391
7929
8674
7520
36996
30883
29647
28814
27720
21890
33940
44696
3732
18404
24348
29047
1861
36682
41645
13818
35224
23087
18664
16718
20504
4299
41079
34258
4892
10301
37769
34290
16922
3833
46086
41217
17608
10277
31834
15432
36177
37512
47135
6853
36162
48573
5247
19507
42356
8777
31257
4263
8870
19845
2673
35062
13280
12420
2032
5384
29403
49002
10667
41177
4197
18573
1889
3638
21670
28868
21196
43100
16471
43743
39330
44138
40187
42039
14840
49843
1454
12662
5157
40275
29146
13138
28786
11054
27248
29537
48881
27858
12563
3067
3632
40518
9610
2701
8206
34890
10146
27493
29228
12383
1235
45456
18634
26932
37417
7209
30649
45414
5280
684
40208
25701
6034
28974
49288
40322
44656
37110
21223
46577
2187
29329
15259
14290
28979
35009
38724
20400
45753
3244
10104
29953
43628
22644
24102
4377
12466
47573
18972
31847
43610
34854
22823
47982
42374
25547
48102
23058
7193
45882
47564
20920
41146
25605
1526
15778
10657
10600
20750
44999
31046
42976
3292
32438
34589
18914
41865
21086
4468
4397
46702
44796
47831
48561
43070
29772
3944
26788
43182
27462
39339
23897
9098
41876
1790
49689
5614
492
21416
27622
7857
44706
33467
31366
8758
6170
2744
4469
35721
408
20944
15409
16146
8243
37758
21898
37140
3559
34995
27920
43367
21090
17348
376
20080
20789
46888
42229
19743
26678
25423
37278
10285
29457
13291
46998
2910
3593
46303
49670
10567
9428
14462
235
7306
46263
5735
48108
27927
45976
20965
29783
34749
24980
47669
16167
8734
12904
38254
28105
41117
8856
43780
46153
25192
42476
9108
12860
1363
8543
42853
2132
11507
39652
19703
12768
42032
23334
30569
6754
30982
3925
17884
1427
47249
24853
13746
6525
26650
13062
5206
12540
22812
27258
5822
26127
14508
31810
469
7370
40199
33894
34695
45477
5921
11536
2071
33160
6788
39537
36487
6926
13623
24975
11932
20604
8971
15819
46594
3274
31654
2288
45801
37607
8886
6937
38082
28800
40313
11909
18970
20850
3569
20430
30989
39809
21256
35358
28517
23435
18119
16479
18904
9032
28815
29917
2552
22853
19054
32070
33863
7578
46530
47039
12361
20972
11024
36672
98
25600
9642
8835
35893
18094
26162
49494
48374
34251
33349
42588
2854
47083
38821
47581
6599
951
29051
31804
12018
14604
40801
40465
17332
37489
18537
17431
47113
6421
27751
47052
11225
14138
18855
20773
17809
28168
31406
21490
14065
24108
41922
46524
35101
41397
13635
2611
6845
35382
28742
41633
36055
17099
10033
1230
5953
44931
17165
19253
20603
46255
25393
22016
37358
11747
44910
1020
38209
3646
2165
14495
34070
26958
44463
3108
39043
38854
11122
23164
19879
40584
5706
18103
34597
43012
5799
46868
7779
16430
44945
24953
34929
42072
14329
7775
37645
25754
38056
9381
44342
47201
7388
8021
12769
41336
42426
9929
26060
25243
44386
32957
5629
40860
19395
21073
48521
13339
25263
5780
322
17134
39525
8977
6300
418
9976
26646
33071
12593
11032
49870
5358
3387
38819
40995
22588
28687
15825
4527
45435
17112
1594
26476
41549
41202
6499
5994
47665
12247
17614
12430
38439
991
19046
40145
3754
21072
29469
24559
25376
29778
22898
48465
23465
7093
37585
46898
49627
30161
25692
46746
19511
28804
43947
26808
4594
12022
10289
48626
31051
41290
30006
16213
40488
11588
42874
38812
14271
19012
22133
5460
2073
43167
18957
1105
19040
22551
29601
20293
49125
49145
34083
22120
4484
24640
37656
8430
3495
11423
38494
5712
30522
30136
15012
26522
43466
40940
1893
6673
17222
26146
37989
23172
23226
20577
38046
38846
45422
27696
35831
40591
38709
19571
16623
18885
34319
28028
1990
40130
3828
20426
99
6199
22739
7764
18851
37017
93
33564
24170
29576
40952
25708
31762
27306
7590
48025
13451
2793
40299
35418
39963
16136
20534
21615
7589
17449
26394
8548
34864
47131
14472
27062
32197
44746
19169
27099
45483
6248
9875
27125
40672
17611
4251
9210
48586
18078
11776
3566
18701
16919
19117
45462
38102
43558
16451
17301
464
41835
3166
17683
3689
44893
45256
29112
43039
19853
18697
37616
40022
41602
20836
31934
18496
21897
49063
36604
21424
26015
33157
45975
15926
16082
44903
49469
41825
26493
31002
35592
36578
25211
47392
19762
19482
11461
49127
42138
18646
1361
45195
10959
23502
17711
7487
33651
46675
26520
7838
36817
17111
44292
49100
36052
22181
13160
36496
38335
28382
19801
15124
23315
23795
11795
8269
40455
2231
41321
2985
27383
13193
17795
43867
4140
49924
8703
37898
32375
38569
26033
14020
37404
13123
40158
47730
5572
22646
30291
7383
34760
20459
5417
5786
27521
12661
868
35970
7232
9233
35876
857
17685
11037
21033
18893
8604
9289
22696
47047
45937
48363
34170
35664
3840
25998
37647
45078
30508
26031
1729
19091
30762
6325
19595
26027
20942
26704
41870
12509
16059
18051
25539
21413
7504
21065
13430
18452
23798
31231
38926
49516
41118
39240
21900
48127
11215
33589
48015
21521
27010
21527
30915
7227
1895
25368
3775
14595
20172
905
23610
21540
10049
6065
49790
17695
13016
42920
13930
43624
7834
49244
6940
35042
10476
28355
27175
13218
37243
10373
47818
43344
6379
45458
39729
42444
36834
26549
33866
10041
11635
17273
36721
11041
29140
27877
43938
13261
1048
26250
19749
11195
24618
781
12531
33140
10616
14566
31180
36845
42903
39265
4521
21893
28085
8127
1929
1966
10743
25615
111
2747
21085
11704
10192
28527
30028
7066
35946
34560
12899
40061
4854
4386
11194
32024
29003
10235
6815
15133
43308
27239
28644
22589
25402
26524
36333
557
11568
21458
44717
47729
20196
22324
35674
47000
11368
12302
30093
16281
21144
30541
4815
19602
21239
31968
29558
35588
15729
42964
27653
30812
45582
11808
38332
37412
46843
7650
15363
43094
5957
25482
44595
25130
26085
1787
40502
35738
26535
22733
47303
6126
20376
16627
3234
92
28089
9528
7760
40734
20752
36891
4630
34829
12900
3760
1609
42464
33145
25098
12355
13931
209
13689
40210
18787
3830
34492
34124
8952
20694
49353
11903
23262
19388
30687
18019
24041
27615
38383
27174
21402
7481
30229
6544
2262
45558
5000
10886
20176
20328
16951
43542
30023
12031
20194
12194
40902
22639
7641
18003
31028
44755
14112
5083
30849
46095
46929
37958
12727
24300
36331
36060
11616
38331
36113
25548
43702
3845
19214
15913
22155
34448
40579
36227
3263
16762
2344
24999
47824
26463
22585
47258
27297
12628
39902
8626
17943
36640
21391
13001
37922
29459
40832
22192
39015
11792
19149
44361
18178
1867
15464
28346
12897
20406
2149
5634
13611
37648
29616
28508
35847
48716
42963
40704
30167
16390
6240
49859
522
9180
14585
35797
14899
13044
7241
31717
46447
134
45697
43401
25515
16534
7369
16199
975
18101
48334
7230
22971
8450
10555
29018
33644
38116
48842
9155
10368
34235
43459
40348
29290
14936
32646
42024
16677
32123
49467
1050
31623
31702
17072
9939
18272
29476
21558
25162
31844
11410
24169
37552
21143
11530
27288
24036
10912
45505
12980
18341
40764
44226
16648
22952
36338
13166
39594
15960
29196
38651
49880
44803
49970
6707
34608
6210
13323
49785
43807
13135
40117
29555
32351
16049
2264
3294
42944
21570
10617
47701
33907
25248
13758
44721
23264
47692
6693
5081
21368
4963
20130
29467
45868
34616
47450
16083
35762
23365
18089
42362
1621
13265
24104
1999
37770
24783
27992
22882
43046
10818
1568
525
5235
48391
2365
35055
10148
36090
7855
14751
4784
1332
27304
38087
14897
44133
27697
4643
237
18948
22550
27375
43988
43642
4910
42278
39100
38888
40725
30275
19656
44360
21862
3650
48268
10111
6889
38540
2418
20671
16787
10960
34144
4121
23205
6780
16312
23062
34994
39231
40450
48271
16583
12786
15694
38644
20213
29539
38840
2616
36772
44002
27651
5044
13371
32893
29579
26126
49452
10339
39887
41214
33583
10400
16080
27360
27784
1015
15288
9897
19706
14954
25371
44815
44459
5361
35081
41200
35854
30506
37738
10387
24883
19039
44527
34919
46104
7399
20346
6513
43845
8830
41419
16019
20136
42308
42219
28184
15007
779
29934
33687
5227
45085
37464
27767
19898
11953
22418
24755
39312
26317
2650
13747
33275
6320
15191
42176
41272
5891
44218
49267
7263
17326
23359
3716
36547
1864
42101
12603
30222
36818
49667
32485
20990
14816
49664
23553
28352
1652
27340
34473
39082
25107
40420
7081
9504
36219
2632
13699
47643
38618
3214
22919
5087
35067
33808
25041
48010
6024
17500
26453
5945
43430
20253
4686
21358
15533
34822
10267
6552
384
29422
28228
49717
28732
6284
41613
23316
12722
42552
16330
13489
7373
14886
4408
32269
26375
6250
18381
12137
23668
4901
49751
22556
7207
43168
12081
25546
10984
7340
11055
19871
4275
24208
1366
40924
34341
39950
47682
7367
9290
33612
22354
17734
16055
20742
262
11479
3743
13066
45530
9780
9086
5036
33805
38425
36677
8517
28172
34626
13056
2319
22035
16712
11933
26707
38815
21097
23318
43913
45415
24345
7981
35716
49286
39400
49838
19744
22277
13875
25846
39579
11427
42892
11018
19166
3124
43606
16009
20025
7008
34673
8544
21270
44216
49911
248
49362
25595
15907
37765
44279
35941
14974
48974
36863
46172
39169
26507
42203
18398
3790
32403
25197
41446
33509
48941
40154
33181
47080
15505
26640
24655
5652
32661
26432
2417
44494
12461
21434
14158
45126
38537
47780
37103
14282
1244
47719
46195
37623
2840
24738
3598
26291
49278
26355
36943
18219
35676
37387
30182
21648
32864
10315
5836
40966
3410
46486
10973
16123
15511
16274
13431
7559
14425
37253
45679
30457
7438
49721
26249
30149
7019
1792
49901
34548
19643
11229
21268
40749
9199
48742
4392
31159
37681
13645
12817
2589
31462
48244
5126
43019
4890
10327
27016
14528
43761
39359
4009
31739
1286
14172
37908
43804
22370
49862
10733
18401
27993
7991
44884
11450
25757
3293
39610
25451
15403
30139
7159
36575
19442
5934
28602
5286
27464
9978
33653
21379
6883
1982
14288
24001
15794
4677
16192
32738
28908
38534
1077
46937
14379
41944
27124
35321
23051
3712
47210
961
33075
41537
48523
13701
773
47399
12277
23322
34378
2029
5511
45592
48783
45411
15765
19669
1453
14746
36899
34420
49369
29133
21287
4518
47914
48995
193
8171
12915
13599
7439
13669
29692
3241
25150
3404
16679
47503
30612
28152
24065
14173
42599
20684
14971
47035
38960
21201
11327
12854
32218
12287
33473
47383
35962
6324
31239
28958
41556
13432
41858
16781
27532
40967
44055
34441
26756
31517
38477
13842
20549
10401
30546
46512
11257
45572
33120
40615
24958
19819
595
8710
6211
40637
32791
5385
27972
3999
8295
37242
15289
6459
19351
1975
39948
13104
24934
25513
48040
45981
22238
9688
32913
35380
24991
19912
36668
36706
28806
28525
27771
16227
22503
30633
36889
18343
41520
15977
34745
35336
34416
5232
43887
31402
819
12225
25235
8629
42397
24680
24878
1824
7553
20018
1168
49638
5900
32565
342
10549
2172
19784
2312
37149
26724
46500
30717
11838
21958
4097
39032
41585
35596
8504
5401
15954
21708
12200
30287
35971
40979
48153
7863
42705
22561
45036
44131
19390
48719
10079
38388
13790
35199
27835
22167
2993
15083
31466
969
3492
24781
27716
41939
42537
9317
40908
1378
37123
31514
25753
26086
31578
14863
3629
14539
44617
43125
13751
30921
3168
29100
5204
15447
14665
796
13588
23628
43016
11411
39088
7442
48622
39509
34433
4834
6684
28921
1085
32278
9236
18068
49680
7845
18863
30521
34350
28726
2540
38876
39424
46785
41697
107
7192
36452
45130
37565
37128
20536
25086
22038
40733
4654
47884
21235
3135
46123
49150
21681
23424
36352
44574
3348
25769
40708
25094
11829
49983
22317
41251
34318
31593
40882
11636
3060
32062
14914
20777
29515
41384
21923
14797
48084
14076
25420
44677
19373
18275
41595
27142
49179
12585
28477
35783
36491
46642
21448
42754
13424
27253
46042
24996
19630
7839
25314
43833
46502
17350
29394
34708
8755
33767
4993
48308
41823
36165
26635
6017
11924
12484
14577
19347
17569
17789
18963
34472
43641
1544
18705
12632
17889
46611
26806
41008
42522
5808
7050
16402
47630
41612
26163
49884
27873
3379
42350
1239
13439
14412
15017
35819
37033
33797
23622
23946
15062
411
4710
1352
7881
34633
29680
38091
4492
43282
13342
38674
35963
33402
17674
12621
48380
47019
8317
2519
34367
20546
25039
19946
49742
24692
15227
34314
971
45115
26510
9119
26182
29720
28991
36391
15868
22068
45746
25069
44027
11174
5703
44332
44707
3218
3250
2325
15384
16024
15414
2695
41857
43728
17100
21060
7928
8585
4433
21063
26417
41032
43604
3788
2056
16041
20040
2297
21213
1877
36621
40576
24789
9651
12293
12757
32373
14674
25968
5627
26911
36184
44834
48935
35407
22378
16789
6728
3802
45774
41814
34693
41569
33100
34681
27899
18300
37230
572
6799
5072
23608
8726
8328
27413
22524
2882
39408
41373
23241
31941
32386
37971
3762
26579
40776
37523
29828
30345
24275
8048
28887
22929
83
37709
24904
18395
20479
369
40045
42451
8070
48057
42637
20281
48316
30253
16991
42054
27013
1152
47718
47447
34512
18770
36657
1035
49095
34162
4184
28682
38567
17136
9422
45332
41379
16445
14534
18372
33839
11647
3844
9844
43886
10363
44809
32016
10879
17488
29602
23819
3401
30483
31979
28531
45089
44391
8509
21022
5323
27636
22780
15241
33719
6189
10641
46436
25081
43419
32539
28074
37216
34311
39212
5382
20781
40461
31775
26309
7633
26996
27216
9146
4046
37778
26683
10317
22985
39093
32690
24449
30547
39280
18317
13820
47731
49905
24534
18247
37651
28275
17147
12543
38316
8955
37074
45060
49105
3075
17118
17432
6319
27236
28276
46914
28488
6469
420
13821
48210
30716
23348
25654
38737
4126
42326
30422
30903
31160
27271
27654
35583
41628
16511
30152
4100
3930
48328
18232
1278
1876
40712
42646
36252
37442
27786
30855
31211
49152
31428
33620
19676
3736
26831
20440
267
10093
25879
46886
45607
10520
3678
6893
26691
1815
14079
27032
31554
27455
30621
20184
8456
33384
44265
42545
15185
10866
23004
34353
3615
9855
44640
20563
14669
45488
45639
39258
18944
14038
17477
1732
44819
4869
30429
17658
20992
18050
45947
3472
23564
37531
47635
19187
32033
27082
13882
39345
11677
1096
40242
43033
43695
31318
38905
25549
14737
13661
13029
23105
18276
17850
22536
27044
43880
36984
9748
13638
16538
33405
47931
12522
48371
25377
3870
10889
32187
46871
8592
36326
7102
12080
41036
19795
27226
35923
21880
41318
39168
20103
48691
43507
38189
34689
33529
40169
6508
6162
20198
15325
20948
25154
41648
16746
23428
21914
12130
10022
3883
29540
41119
7750
21792
9757
27379
19069
21860
41034
37453
12729
24749
892
6344
22907
44557
38746
49668
10419
20291
3466
37143
12935
11664
27261
33024
21922
45308
38628
22796
9389
42410
12861
16461
15050
35124
622
40961
1917
14391
38597
8199
36126
11738
30800
40948
36254
48785
40377
19456
37624
40161
10816
41126
11586
17823
28280
41439
48659
47121
16732
15080
34093
15397
19155
24215
34787
45433
4284
41103
5399
46539
34732
26419
22916
38276
23725
7817
31540
40857
32852
45266
27251
35448
20246
41270
30299
34999
24564
6903
49302
43433
25239
27733
14272
42796
9525
48960
40009
42018
5042
8411
30242
24049
36363
15459
15636
30660
8908
49393
49099
4757
21790
49579
36309
27638
6994
49732
16269
39402
1469
1995
34640
38395
21989
39078
14218
40241
1897
20033
29325
43918
29605
16280
40422
43134
39415
21597
28766
4566
19589
15502
44601
46054
2031
21858
26749
6301
43172
30076
31826
5650
40350
14220
38012
43894
14333
4787
10156
48321
45229
23370
42293
10908
2065
47767
40773
7531
40436
46292
8363
10894
26406
6649
35335
18703
23328
39845
35090
9700
24930
49336
26711
35397
46832
16882
18197
24343
48285
17068
35033
24954
38311
17712
15911
37498
42548
36761
35602
18686
34126
14431
18723
33597
40679
35449
15935
2562
48875
29767
42121
13719
39843
11684
10044
30795
41394
18655
24959
15252
7899
36577
37456
14846
28914
8608
20908
11057
28967
40212
23279
41879
34329
15785
25828
21983
49973
30877
44465
17230
1308
45168
24244
48571
40534
33008
40888
14352
28820
16211
38839
14409
34625
15774
20854
21686
35870
23895
10566
20828
10411
17924
22691
13543
41501
6133
3539
14941
20818
42003
18815
47970
4026
49214
32589
32364
3084
9377
32288
35992
41668
38629
10731
15258
1312
19247
20345
39863
32150
25436
4955
3105
11707
22381
14718
30570
17929
6072
47171
46453
22176
4353
5713
23775
25680
16316
47699
19143
9242
41869
27707
5327
40740
23866
37596
24365
20851
7680
22289
27169
18920
20222
17520
32570
984
48267
35526
19058
43968
12191
33810
6290
24605
31714
43543
19115
35950
28408
47632
42998
33848
49038
39862
39996
25992
27025
32144
33831
24082
37961
21829
7805
48272
18424
27483
23429
44939
15188
26624
26379
47004
4744
16165
37879
11449
11941
43374
5949
33083
6530
46648
24787
27645
11283
12333
17481
39065
12063
46029
32315
49377
3145
41338
31754
18220
28576
2033
31902
5272
18650
44456
25979
19745
22315
12582
16865
7772
12179
29971
33781
27735
14547
10529
42065
31108
16003
17653
41226
10189
4186
32319
985
806
36281
33577
17052
34066
49437
38733
38097
30928
15534
14256
23325
39171
8407
11709
37105
18906
5259
8219
16180
44127
28011
35773
24380
18641
11611
11585
49995
42557
14140
15606
41998
2582
29128
46068
43836
13685
17870
11569
44070
47981
3040
809
21240
1516
15159
35197
33437
30070
19510
45906
22852
49204
9159
44433
4382
48170
2813
7140
42037
49440
18200
38963
48330
24090
6616
20952
4840
34814
45881
27116
26582
11201
22425
16544
43525
32012
30423
10217
1670
36811
497
18193
12501
37301
40735
33241
17915
8107
41237
16169
29591
29391
48922
17542
27989
7010
12070
49406
46096
47208
17418
16088
1503
44073
2291
15815
29424
9436
43927
10340
8962
22692
45129
48006
45904
24931
32511
2226
23667
46884
14819
36176
23815
47253
894
13358
29643
45867
43720
33290
13647
29929
44784
29258
34038
416
38656
27689
30325
40855
1371
47337
48138
7537
21757
45659
15113
4517
4730
20164
38019
6922
40507
2240
8180
20812
46120
14025
13911
14708
49344
24834
9580
21468
46626
30311
23678
1593
6678
24631
44269
36751
40357
3903
32443
38506
31076
357
46317
24185
28250
43770
5283
32484
23356
41528
46425
36760
49912
24746
29699
20260
47182
38949
29396
28897
35751
28756
35957
6183
2677
15031
31121
5523
679
5249
7300
14648
28669
35842
35729
47542
49067
44920
42479
48944
43607
10630
29775
22701
24106
13718
2090
5082
17632
31879
14004
35411
32305
9754
14786
37979
22594
7395
15501
18947
3884
25359
49117
31645
7201
32121
23582
8819
10678
39975
30738
9166
43671
15896
7116
5983
4490
22209
25710
41559
4472
30630
11490
11133
30560
20424
8893
28410
16437
31625
2919
43747
20318
9629
39773
5203
22773
24707
36602
18903
10046
30588
38110
44107
27539
44596
10050
12409
15482
46006
34562
32621
41150
24455
12192
22980
11277
15948
47675
33006
10388
28209
35552
33352
9600
13113
23036
15070
46146
22854
6546
48337
7371
24619
30120
48409
29790
43562
47136
4889
18661
44843
8205
21273
7376
34463
6734
31172
41700
15174
13289
16282
9871
8399
6390
35249
26131
15650
5431
23969
17199
24069
36164
477
35436
33177
32928
6496
16395
46728
21001
26017
12058
35556
18214
15426
49708
30160
49685
26071
28246
46643
42863
44092
15629
41553
5651
43414
10868
12534
43884
36697
45985
35513
23904
41651
1422
16819
32845
22981
18683
34164
20667
12714
6122
49533
2447
33992
30679
13172
35899
4912
12920
46988
6327
1552
37097
18737
13671
31349
3255
25024
40105
39976
21188
13200
2792
20167
9106
32805
47689
47130
46494
17394
774
15441
8179
5224
20097
33249
18878
17656
32349
7026
11622
11164
6030
20632
23107
38826
4861
6252
38611
32497
33575
16646
18733
32731
35560
20986
48595
42797
25421
23386
46079
41945
40647
27069
616
24199
1218
34346
28824
45552
42067
6417
43781
2393
32888
2148
44095
30841
13825
924
9138
28349
31344
870
14000
38247
15440
45866
40914
42066
48044
34485
20832
26621
6807
6871
19398
18845
49092
8227
37802
30682
203
37015
27033
33074
8763
18407
8325
46834
13419
24965
12360
17669
31943
23506
3568
16031
11680
27346
44729
45545
14117
36993
17906
22545
6066
19955
1954
33516
23914
42016
44003
33254
15499
4108
15265
31675
46855
3110
6412
21999
11014
39732
45396
36250
23944
30988
6652
35403
36314
8877
38578
40441
38182
33799
29298
24094
42279
23530
37868
47319
16576
26813
27987
29153
48396
47558
19154
37176
35297
14368
7708
47111
34471
3148
2874
23572
38382
38440
46503
40539
47858
45579
35607
15707
48857
36800
26686
19677
36195
45961
642
2118
16063
28528
25552
36119
11825
49607
40195
25658
3313
36896
21091
44883
7004
10803
35315
27573
363
1267
7902
42435
25386
40463
18302
37163
6619
45241
8899
38744
28626
31078
34730
941
15676
20171
42690
6154
32155
39423
44311
26001
34524
25544
5013
35228
8442
1710
26381
41709
14005
42643
43140
22717
9673
49262
16459
33261
31220
48341
46206
18488
33678
23177
34247
5356
10370
1631
22889
19417
1356
18654
38719
38005
34802
29481
47585
39309
1204
20802
1753
30124
21946
3128
26064
45050
34782
12569
38966
16675
12391
43684
37627
29964
27177
40068
39012
41758
19158
16001
1607
48187
26101
21573
24521
35463
3226
24998
31082
9122
18721
49504
47283
6186
10454
45323
39771
11844
47716
25883
48648
13928
34568
5844
33451
39673
14190
42385
8600
11856
48721
49128
1799
40516
49915
35675
32854
11230
19583
23352
30670
3063
25256
31339
1532
6630
41089
10996
25158
46637
35470
30140
47855
44007
12954
13425
7884
13118
49030
49365
14776
46696
3603
12826
18056
1028
15107
4428
233
34312
43004
33478
28414
13329
41988
21364
37044
46354
1014
37506
17162
25242
21454
43935
20378
17936
17638
47737
34397
22992
28636
27592
17191
16141
41259
27449
49088
39820
37900
4735
9300
47307
23214
13403
45722
45838
43724
32009
20547
1827
1026
20324
48471
39551
18923
47590
20351
16942
45426
36985
31246
18941
48957
41240
3026
38458
48977
44983
44693
43953
32334
19810
1482
10336
330
24385
32507
42689
43777
36235
21866
31038
42562
2455
12962
428
11273
3212
18913
27000
562
29816
6413
43415
10350
12150
15703
10913
43870
15705
11791
37095
40244
124
40630
24602
38385
40661
1545
19459
15882
24350
38024
16273
13939
7091
31653
9553
48008
1381
6950
11062
34830
44350
32801
42043
131
33874
39767
17874
37372
38264
5024
35812
27283
7199
16020
19138
11790
27430
10598
34480
34574
27027
45055
21166
31895
18588
31195
41302
11344
7403
11231
9129
21815
9987
14870
47871
46188
20285
6516
16030
1088
47791
22571
11017
34113
9216
8997
7299
47500
32624
43127
14844
13977
20766
30202
18425
28835
49719
21319
2722
33228
15832
34000
41437
1775
17395
4534
8041
12525
43376
27219
9966
38190
29506
45148
40457
1345
34718
2799
8839
39073
1624
28929
6536
1476
14560
16298
38201
22089
5302
17092
29907
4875
30071
22095
29653
45186
20765
24152
26495
16120
38759
38836
11079
3347
20911
23899
32750
11310
45133
8109
32327
29834
22742
838
1961
25910
32952
17385
8995
39780
38025
27923
16941
6562
30263
3345
11623
12064
14222
26823
11570
37292
17433
12850
10993
10734
22768
49106
39712
42711
33664
6060
28662
8808
31984
32021
6767
2911
16518
39921
6166
31126
3078
40365
41418
40732
20455
27797
6147
46479
22148
25027
11458
8115
43382
20648
12528
7471
41388
11541
23950
14289
20034
10231
2326
1793
43146
40578
28805
44209
23232
3104
30887
4081
46839
47579
33315
26517
24125
24485
37771
32642
36406
48588
40041
42739
29655
18198
35047
48980
18714
42008
2470
26732
9371
27908
49773
6204
3033
14430
29248
20915
1862
5007
18803
49160
25738
30409
12774
38372
38778
40182
23825
39998
39357
12533
30875
38511
11863
28030
14202
35408
26288
641
18093
23008
3496
24625
8535
41571
15011
48159
6249
34278
29451
4794
26933
36390
33683
10073
46389
43130
17049
12057
16140
23747
37713
6755
33545
11793
26962
35947
12644
47959
6481
620
18320
23724
5810
40975
14159
47355
34108
29226
4195
10762
14364
27001
15121
16770
17086
22828
44622
15624
18375
21092
49841
40067
3334
2040
24895
11476
49498
30267
11398
33519
31134
15596
659
6794
18853
1259
7089
9682
42020
1298
17747
38292
36220
17269
19732
43529
36681
6800
14614
15663
29044
21010
16285
35837
4010
22023
20718
31949
7557
10795
20867
49136
10399
3767
8558
9622
21040
11986
1052
45156
11638
12711
10950
27974
7479
26018
43456
26978
6979
419
46061
27633
48556
23894
6237
3213
17779
20476
8023
31044
6376
26865
49056
23983
745
35781
28090
537
1410
23478
40782
7473
38714
21766
32101
6095
34711
21706
47487
38856
45362
3428
2428
8207
3184
8574
19857
14512
33015
23977
5420
4762
15921
1387
500
20676
14387
5924
29526
16158
43346
10082
28125
458
19438
33091
46969
12720
9816
8057
13520
48676
12732
34045
41279
9968
26666
48312
43806
36020
38657
4808
39347
38044
29313
6068
38423
2475
2869
17043
5312
28114
47940
192
22212
11811
35215
34747
36671
26090
8912
34236
29323
18294
23153
11187
44628
40758
48299
16175
30628
8012
15043
39484
46883
32920
32685
2785
48737
1007
21903
46331
29822
16753
31893
43472
5251
33586
21294
29009
27602
30230
10605
27343
35535
49381
44128
9732
40495
19896
26762
26414
20542
30766
47073
39836
46080
34993
10241
655
22900
28407
36942
45174
35808
35887
20413
28885
45990
24790
26753
35179
13988
48028
23117
12322
48078
21506
35701
42824
14800
47749
21217
22447
19287
44366
18262
29059
3567
10429
17802
2353
35095
42334
5240
1932
13179
18318
21599
18718
46576
37578
22501
16210
23345
36642
15139
7490
5308
39429
18505
48841
29198
2550
41999
31024
5389
36255
39940
14303
34328
16924
17561
7920
13110
44236
854
14861
5279
42361
9677
49272
19766
14795
7808
12310
21762
61
10232
24425
16398
25369
29193
16567
36148
38676
29667
27051
317
19475
31927
18243
14821
22522
12316
15790
33374
18575
36974
22096
44823
25960
40281
44437
48901
18287
37027
36249
23140
15836
47247
12618
5289
4893
37887
32543
35024
18812
39945
12755
47634
37480
41836
8022
37691
24997
4253
6821
3658
24279
6855
49522
46431
38004
1794
18337
26334
36132
33779
15890
32490
25836
27801
46277
37114
25726
39981
3079
2609
8965
31683
37190
24912
31688
22103
47636
26243
2584
37345
46743
21833
22693
6730
27247
35287
29951
49293
49882
6361
27888
19757
28521
34029
13814
25645
33955
32423
33269
44994
33237
10922
45600
28040
2380
46723
19428
32498
27753
8481
49608
40065
19658
8515
35517
41372
22862
36752
16482
3077
33875
43716
37862
23987
12413
16999
37491
38070
24875
20727
45494
36032
23033
8689
21805
35268
30403
46996
35980
19236
28898
20397
23731
32005
2340
2110
6042
23375
26234
31267
18712
42419
36829
34467
41535
17250
4578
47588
19523
47318
42965
41363
48080
28360
12979
30753
26906
36354
7224
42714
40051
5497
27517
46159
18069
48234
15944
22699
30284
1941
3470
47256
159
19153
9641
12308
39584
12669
33944
40950
7761
36776
17503
30042
42184
2333
42320
167
39083
27234
12109
26137
11981
13482
38048
8355
32671
18188
46599
49766
24221
44588
5228
37432
9692
21953
5791
26993
5849
13517
30493
32521
10934
14274
20340
25120
4488
29304
28739
10663
16835
41208
11578
17339
31252
40414
38088
39273
566
9852
6993
47738
41022
21100
29902
10718
1042
42273
24590
1093
46554
16204
42620
35704
1384
26259
48902
31388
29412
42607
40839
37501
33921
8638
42434
28880
12718
24621
36042
37679
9800
42114
15466
36433
37592
29468
39971
30573
17175
41591
2202
47302
17972
32279
44516
40172
36572
25250
17785
14100
43844
17051
49992
16290
4373
42398
16179
30778
9659
9887
41878
27655
46689
32575
1131
8814
18106
44047
16864
7567
9241
10359
16688
44102
23423
19026
16237
40081
4575
48779
1971
14027
43549
45206
35804
36810
35562
22978
3143
22249
23543
14747
49994
17766
34645
47221
20556
47155
20649
4289
790
38390
27403
7699
10466
36133
509
21248
1294
5213
21140
45037
48429
39505
40004
10228
9558
15223
49342
3377
37130
17749
13454
49083
35357
5773
21842
3280
31831
39768
14313
15856
33665
46586
13009
38912
45793
3392
23206
45551
36389
25046
8673
38718
40473
20594
41603
9442
48430
46109
44526
31861
25614
24578
8121
12051
45247
20095
8382
45178
40554
26713
29099
8799
49604
39109
13372
3413
33210
27621
10016
15558
8079
14698
8803
16998
32698
12285
12337
19148
33332
16777
48486
17219
37011
18274
33231
49398
13147
19775
7777
24568
29707
44017
16115
46514
31155
1167
32426
37930
38442
4845
49259
46010
39372
23040
861
6610
17094
32040
18176
34333
40093
2897
24379
1139
11803
20363
16017
37047
4535
3138
43945
39046
21651
10090
24872
4719
42757
15773
44653
33406
3144
22892
36722
44025
27195
45384
36945
39858
49346
35793
16361
11347
41744
15752
30504
21938
2159
41756
43605
27698
19322
48047
35118
27440
13260
37924
28404
48133
23041
44655
15912
27263
16636
10378
35148
44572
15329
25232
1763
31931
5205
27021
8555
31197
38288
13873
31303
21657
7901
35524
49153
17597
15643
37203
16256
22285
24360
341
42520
7636
34811
38120
19599
32465
31116
46242
29715
20843
362
38716
18102
23772
23531
36597
21894
14366
22260
42183
45964
20533
31480
13710
45306
39994
26116
16740
16950
3147
31757
23119
4867
48681
42805
10299
47666
14293
39973
2334
1638
15094
7698
3685
17531
35293
40867
27376
34361
11253
26255
9996
35840
9621
16510
27789
38366
220
18306
40834
29136
45830
36541
42271
11901
12019
29710
42521
7136
12693
9167
49816
16813
2390
1773
33947
35787
43523
5794
12856
48545
17997
26594
37249
30618
22397
20905
24306
27611
17444
24151
0
13562
3066
34178
5381
44476
23686
7460
35273
22470
21583
40259
37375
27473
43769
2215
29091
561
36665
4075
45982
44651
10891
20166
12003
14089
30084
7272
43590
43857
20280
19278
41492
25040
21227
43494
13496
25475
39418
26318
8161
4331
40035
49322
7467
4894
9873
47324
21734
30907
34518
4567
36435
2751
19113
11234
21392
27695
19710
1662
47044
6195
23864
27022
16792
15023
48536
1209
16888
18313
49794
35501
44807
46454
7710
21961
25933
21153
912
19206
25670
42554
4215
37896
24835
41435
4727
47860
18821
32089
21032
37282
9431
24372
2343
47690
10952
27973
41687
34079
20841
16172
41430
38480
37169
36387
29940
46377
30708
48317
6517
22736
33263
4219
26943
34742
34952
27815
45730
43051
29898
5166
10229
5198
23942
35582
13245
38352
13897
49543
7989
24489
36694
20593
36067
2924
24160
46319
35222
49868
46894
13055
32146
16582
320
6208
38148
21954
29072
3914
11980
11373
2213
28554
28860
48553
7134
26847
30898
8232
46742
46223
7941
35385
16223
14324
27080
8264
5149
18239
13541
10513
33489
2692
46603
41663
28700
35243
5930
5714
6773
27316
5912
24043
2934
27596
9739
26205
2227
24148
25815
25784
39480
27948
40228
6089
6462
15551
34813
48179
9284
42193
25778
39272
1613
38766
34643
30975
26220
1750
12122
13340
5875
49977
3513
3657
33732
17841
895
26167
41937
22749
30904
19252
7793
31642
16678
592
13879
5704
35780
20982
48618
33153
12799
21532
12740
22661
75
5865
19104
38470
18795
42440
49962
3641
11545
13426
27846
34412
28111
5724
49194
32398
15474
43663
14180
44120
37147
6347
26585
19565
31974
3005
35640
14621
17116
40731
37031
23752
18908
8774
13310
13826
35147
35637
7069
30179
41224
36862
24721
19694
19624
7995
45265
37934
9356
38172
19429
11188
35627
8518
46591
43801
41769
1097
32811
41838
4718
49888
14295
6750
11971
4975
29430
12288
38081
31083
43794
46489
23565
19391
43614
39147
43062
1878
2183
3494
48519
8996
17498
165
41322
20993
28563
1180
44611
44369
3285
7890
33296
8145
36812
3134
37104
12958
3963
11952
37594
4343
26214
48562
33682
48946
1443
44416
10194
14980
3476
31526
9445
47819
34694
20570
43875
19201
48092
23848
11717
3673
35291
11068
41025
1931
19292
46526
11556
13766
46180
47528
1959
30833
47939
11834
31097
10413
45251
28363
6535
46625
11505
16318
43791
46845
45461
28396
18357
28299
24824
29132
42095
31987
21057
6976
48671
43017
32660
42640
34947
30326
29885
16960
22976
3954
10207
44568
41960
32412
602
15146
15129
14867
3227
41136
37165
34605
4658
35826
13492
12457
20762
28501
27002
18216
17835
21376
13836
6113
20730
46360
22903
20783
41176
43981
40939
18153
31619
49606
40623
740
3869
47082
10472
30919
33475
7423
27267
29543
22453
31261
24557
17064
26049
6209
29978
18925
36076
21333
3201
18934
38259
9125
12960
3477
21867
7228
46712
37780
21295
46471
11860
7703
35261
45120
40135
2228
47962
35371
3511
19870
26446
44347
17439
35901
11395
1894
21547
24563
16550
10436
16662
36558
29069
39367
23669
5660
30199
18470
18861
4969
5609
34233
20466
37972
6605
15741
46885
35472
17791
5125
28498
792
14397
32950
33357
47152
36003
21382
19415
44912
49007
4072
17736
34216
17626
38873
2979
45217
7864
15287
45626
42909
29134
6938
44680
4887
11385
23869
32713
31446
14070
25787
8398
18783
48796
31872
36656
9579
17612
37511
17956
13262
17880
12027
20882
49539
40200
14787
4171
33293
353
47296
22800
20124
9450
32170
43940
36327
47142
873
13502
25891
39394
40039
37421
7782
11309
41912
33274
9574
943
9103
43336
41007
42391
29217
7173
30478
16605
34701
17462
23790
8132
34619
41065
14493
29401
28288
46961
26330
17562
6415
22908
47463
34031
17276
23304
30974
40779
22113
16716
31114
40973
489
41464
39006
36675
45809
1718
16413
37631
23688
13007
45595
22931
5955
45029
20646
37135
5041
38754
893
15542
41312
15035
40842
44249
49296
37303
7626
30605
24641
8695
21824
24697
20683
32615
49389
11139
1551
25051
398
27351
23285
11072
42653
6777
15699
34037
15442
28592
49189
23280
44277
30105
12020
49550
123
24977
3086
39899
36035
41058
48119
20298
33802
23508
22230
47879
37728
23661
20170
33633
5077
25497
23982
31369
11321
20955
14845
44587
1132
9603
40402
4398
3938
12675
44212
30233
47190
20693
26173
1414
32205
16296
40428
37831
30678
7040
17820
34661
24594
10290
27055
45956
16964
22052
27384
16937
32884
32295
39880
27740
12448
22885
8826
8443
8538
29593
43131
15383
13713
10013
44509
25244
20210
11181
7236
23125
33058
48372
4679
33876
35432
13993
13585
6506
16407
33061
20091
49290
43245
17898
45507
17419
12278
24754
14297
35200
48932
5064
4942
46351
46552
36839
38405
2591
41596
18481
30270
42878
8513
34023
44087
1537
16331
21917
44256
6304
33004
34030
12515
34764
44186
33399
9007
24891
23471
3599
45630
26657
13334
1698
49867
10515
21916
37890
12752
26894
34775
5483
30561
15247
17681
46055
37574
40884
46612
20505
24210
43577
17076
30675
1255
28867
41927
24469
42752
6711
3748
15346
43554
38041
14360
795
7105
40551
47932
45125
25529
38702
12558
13319
16349
44566
29887
6737
34377
5693
14881
9033
19570
41295
8208
49402
27400
42954
28593
30421
11726
35890
40000
35430
31612
46379
49367
36361
43987
19185
47622
5155
48701
26148
6625
29676
22428
39930
29718
31276
8445
19125
4022
22330
24865
15750
38105
26961
39235
33729
48579
42289
24733
27103
41666
31041
29184
12476
17071
983
47009
49324
38604
28793
19453
42358
39833
26804
16916
5854
42659
5355
5985
36330
27747
21105
9788
34968
40717
14548
21948
17979
3662
41956
29970
6366
33603
45214
36404
13222
42227
4185
47950
32581
17686
6797
10919
43535
36696
5645
35696
42349
26251
35021
31066
16616
37182
27312
35882
6442
3004
16300
40566
5091
30512
25337
30050
47916
17098
29674
47901
44739
3014
14497
29268
26927
2369
22521
1907
11452
14600
32518
12127
21692
25432
4116
47909
28801
46113
12496
7218
4084
10927
14715
12403
15641
20088
18766
11945
47670
12102
24191
29563
12551
47654
31086
41489
31507
15376
25315
42590
15916
19777
15602
6844
20099
32868
47374
6293
2247
10681
33256
12025
37313
37056
47088
26957
18554
28653
46105
28968
40625
25866
40385
24400
48662
32289
25523
43905
48324
46477
26189
10402
10335
44034
5877
27631
8709
35695
16077
6321
22604
38085
49618
34956
16014
37340
37730
25410
21035
18707
7044
6620
36948
46373
4475
33095
48830
8090
12218
36550
4806
41566
14075
24506
8152
15028
36368
5767
20612
26233
32480
560
9439
15187
36864
29365
11989
17873
5974
12221
1101
29544
6257
25768
37350
34366
16743
34100
49624
46580
27857
25863
4416
46990
42025
12612
28855
26766
13404
24617
48596
7280
39700
42196
15022
6655
4429
38701
31603
15925
25132
23448
27393
46349
7073
13625
34935
30200
32606
28614
24497
1543
44375
12922
34856
1588
11553
38255
30156
17243
45917
18448
24079
23049
24814
24818
42131
30433
40013
18813
24693
2554
4056
48082
30148
30648
18605
9094
11345
38258
37787
5031
44323
15818
10405
8514
21704
32199
32947
44413
32846
31191
32129
10147
9590
30850
14200
5612
16988
43672
29104
36686
26185
6646
34015
21352
15231
38909
9556
45525
12588
16608
27943
28213
24583
9626
16177
39369
17923
21811
11730
4085
49141
33012
33734
14209
41391
36655
43790
4298
9260
33776
2435
43705
39457
18336
17860
29880
49929
21318
10171
46824
26253
38076
25873
29277
48630
25545
4856
17825
41154
7612
3966
17277
730
7074
26533
49372
7297
47953
10190
8007
19884
2395
17891
37424
36931
36304
15647
43122
42070
22795
24678
32374
8301
23931
45751
41984
46189
587
48062
4322
24274
8898
34726
22469
40425
34675
41182
23721
12074
41381
13026
13354
1608
16847
15638
2095
33234
30551
47544
40126
46300
38951
6331
49836
40079
9781
15045
20669
15255
26112
42990
33695
25075
17957
10120
847
12648
19603
10491
44370
16901
16337
18751
11508
17605
29546
26078
17855
46330
24990
18607
17119
47562
32125
34440
2329
14792
46588
11725
4474
46143
33345
38231
7846
49431
18499
13422
44392
37650
27207
45454
8780
32325
38380
35155
27547
31176
38504
4351
27474
14006
13680
6232
31894
22002
22061
10031
22782
13224
7937
29882
43906
43603
18260
40019
12717
11761
27642
35621
48254
27869
24724
40133
15569
11590
13600
22515
20484
16711
1119
41030
32734
17934
33796
36061
11655
31014
37369
35996
3270
30954
25631
22364
16314
24925
19294
5719
37478
36411
16446
36116
19011
24524
30096
43989
19726
25364
44474
28186
32214
28358
34658
12972
46559
38806
48359
20058
33503
6967
49132
21204
11732
29511
17586
22670
5257
24285
19815
45215
49501
18922
2285
21795
30259
11279
23003
26852
49760
38988
19303
12265
46355
48915
28917
20811
48770
32643
3686
28134
39903
8623
26252
47395
16927
47227
12539
23872
23964
10032
1270
1904
43573
25281
6069
30712
28286
40895
42064
13364
14734
6323
12877
18660
12429
24695
46825
11362
49017
48286
45459
45490
44747
48229
48792
45803
11004
45779
39010
22280
23240
49588
270
32446
2965
5242
22170
9072
17216
49157
42955
43757
46731
13094
16617
253
26118
25370
41205
37233
13969
32984
29713
33647
10473
37991
23015
4064
45052
15560
665
40642
38816
43293
11097
44051
6972
15700
17364
11542
28324
21907
13003
22527
39703
24187
37975
17009
20884
13610
8110
38261
16737
47096
115
19244
39978
39183
5616
48223
9817
18513
39203
23903
9483
8812
16663
45958
5285
40719
20935
28409
33739
48725
4832
12257
13099
36089
11369
32813
9532
22262
18790
30770
13603
2733
6751
29802
45165
48213
21872
26598
34280
7742
1653
14327
45209
2411
11625
43591
27823
16987
42997
1133
48110
7617
12796
8575
23690
6805
36223
42014
36021
16524
19504
36844
40609
20443
18316
33924
26335
17303
37035
15766
6050
3797
9935
37550
17260
10255
21159
13060
11631
19494
13990
8348
4972
32453
42400
21941
20729
36501
14567
49072
49173
32064
3756
996
4811
31317
20587
5811
30879
32653
12382
27486
32759
27137
22458
3908
16027
41783
35713
38827
1383
13795
32223
21162
43514
11299
18084
30750
31448
42439
6533
7588
17600
21212
48994
21715
10902
29261
18939
12274
37229
41051
46887
1859
24851
44119
33660
23257
44390
24021
38555
39346
16467
9344
49357
19849
18055
26023
4666
31275
45669
24932
15701
35060
25803
22845
32472
8537
10892
33292
36422
17641
25774
34737
25623
49289
23242
43434
17512
44397
12928
40008
46122
15358
1002
1087
5632
36583
22564
10981
49023
25334
1480
37659
20390
49764
1162
6090
43782
8190
41109
21189
45533
717
27152
15246
14818
11148
577
45554
29990
15731
29729
48259
39842
21804
40054
37256
41837
8559
6082
9665
15066
11969
1309
7934
13580
11378
844
24604
49692
23697
1762
40085
44543
17875
47624
16816
13385
20838
19374
40293
47230
13157
9240
4685
33833
47875
34497
4320
46657
30813
11772
20703
2942
36348
30210
18047
29117
29197
5328
13544
17404
39198
49407
12699
6130
35138
9488
46111
27745
47833
8621
25638
16117
12389
26909
29383
24802
36208
20880
32985
33661
18110
39731
31133
11938
9067
39316
44116
18524
40844
9986
44330
23923
5075
38127
13278
16399
1190
43138
8254
42787
24422
11520
39992
28610
29791
34460
45510
31954
16895
3655
17544
10610
43165
21129
29188
23862
43707
34652
16346
42779
32929
34134
3665
11910
32992
36120
49949
31198
25031
48734
7513
21553
29464
36440
10834
7451
18418
1154
1499
24908
43310
46582
28149
29668
4966
45775
41649
4357
24827
12818
6696
34903
17610
36488
2242
4941
47553
4992
15609
7558
27456
2253
9362
24539
13960
35351
1258
25602
4369
22598
12406
44228
842
47602
2171
17530
39633
46275
22843
38853
47218
13309
5445
263
31426
22668
48367
38976
5655
29508
31
32827
28913
46681
15757
16812
16701
28718
45831
30424
32886
28787
16241
10507
40282
4163
12844
25241
40373
49899
42542
5109
38848
1337
29813
27674
33282
36648
5748
28983
34704
9545
18883
39072
29603
11415
2923
10829
39822
36886
39603
36599
44345
41472
36040
14144
13946
11254
741
8847
38602
44783
9263
42800
24819
49763
44497
28627
29385
37446
48002
35099
36271
24940
44174
21322
38397
46525
24845
21246
47391
21034
40875
21130
17012
33646
1934
14106
40501
42291
2080
1040
49510
17604
26977
5673
35465
41683
37948
29137
15302
2940
32186
4015
40399
30863
22755
40664
35873
9374
5097
33775
47952
29968
37499
1788
25707
27127
26870
3016
29833
41476
44835
18203
28341
48986
11007
40697
44000
42168
401
41555
3405
12326
32505
39598
25221
37777
2715
23943
12970
20032
38703
40151
23743
42413
45026
33546
4510
9351
33789
2035
37817
3698
15528
34893
34620
38348
5834
2927
3746
13537
26494
4925
17019
10054
37437
38962
45902
13347
38682
12896
36573
32405
26190
46119
43232
29672
2370
4779
30703
26679
44008
36529
39375
3338
47099
13435
41855
37106
39070
7475
24234
7751
19433
46085
18693
27104
9424
40926
48126
8457
37688
31994
25463
30005
43513
15389
20423
20462
29098
630
26605
42352
6182
49087
14915
45827
37599
42473
9974
9572
8764
20792
37847
16053
37733
27034
7090
9613
15078
20248
37953
4671
31122
6764
25019
27809
3096
45896
48037
1525
13846
5481
44247
20848
24392
19056
12175
32192
18666
8665
26763
9892
30749
25777
12653
39021
44126
17321
8668
29798
33464
8158
16707
47368
6658
44919
17377
17773
13030
37680
23229
33933
43455
24983
30821
44676
31346
46604
26283
20608
35880
20251
46895
2803
41630
41680
23689
21621
16660
28243
4790
49529
11000
33657
39900
30360
27844
40057
10825
44871
30081
29610
5966
37040
29933
30000
8869
7700
40944
35189
24225
36000
19983
37297
10458
30145
31273
17025
45727
2493
32091
4877
3747
44682
34240
14237
29484
40225
3872
34486
23591
47346
31237
38761
46370
26835
40190
23742
45613
4019
32287
40370
32804
19192
10571
25096
9325
49702
44667
36627
7813
18780
41194
33081
37250
24589
30651
10303
5707
26456
23154
41062
22371
17415
15781
41360
39523
12367
16464
11428
2638
14238
10131
35865
27800
8804
33354
3202
45578
31417
42015
37661
94
27012
47807
3526
45586
46762
27315
6596
29275
10397
9539
17633
34585
19342
22305
35775
34449
11729
9257
13658
37482
28975
23687
6850
26464
20635
28464
47779
35416
5244
13090
11116
34714
49688
30622
9045
24063
21264
21759
28755
12579
13294
18678
28741
8933
12918
46745
6367
14986
29528
40505
8798
33825
44710
30392
5968
30511
73
5237
46763
37039
48733
21496
45781
8260
31853
46058
20
49633
38103
33608
41364
5498
3160
36932
47378
44251
8817
39710
22274
3704
49273
34510
23552
18642
47216
7361
35078
15496
3336
29408
6369
22593
45360
31224
18370
48349
23414
18910
8169
2182
36543
10322
11891
8377
44812
27533
26971
36261
19285
13579
36318
2764
15218
35363
9862
25186
43690
17665
24542
17977
39126
12623
15684
21381
25521
43644
32220
37053
29473
13591
26644
21043
49835
48314
20472
46799
38930
6690
33749
10547
40029
44090
17067
5079
5295
4844
45061
35203
36662
32133
20814
25889
29125
1716
39332
39202
38424
9259
33070
3490
32381
6151
3268
12440
6867
5275
13279
13697
10988
10281
19615
1828
43789
14581
46369
29023
43600
8825
34457
6100
3442
37857
14450
14311
44237
25203
38032
32515
36837
25865
2800
47453
37447
9825
7605
18267
2006
48786
18406
38961
9052
8907
25906
7049
11543
31415
38881
37717
37159
7584
38970
23439
327
23877
38689
27391
43038
3822
49640
2922
38500
6270
45485
35343
23195
13516
10940
9462
10574
42360
10711
18379
8029
30309
42079
5746
12139
45721
41641
47848
20558
32841
26319
33791
34853
10627
289
3895
19330
31573
24519
31178
24874
1737
24166
47980
39454
18123
48658
25202
31909
44485
21482
10017
23299
38932
49380
2991
22136
14043
40052
37849
29120
45509
25700
10014
23852
9039
199
12183
15975
5394
15914
41955
39502
45773
32993
1045
19748
26567
7913
28397
23266
46606
37493
10910
25965
18229
13532
20325
38495
12609
41161
10830
15557
40868
1528
38151
13124
2379
19791
34106
27131
35262
7313
24948
6398
40558
8154
2870
26531
29066
25391
8211
24571
16234
28813
2825
16090
23270
32564
41800
34875
30646
47704
43323
32342
26754
43316
25584
7893
23821
49734
328
9055
32208
17704
19623
24504
22689
18781
39430
10595
27918
47707
37768
42093
27632
16665
47957
30256
49622
39066
488
27318
31684
4452
19061
40977
24881
40912
4952
22818
44488
48449
37999
46593
34636
10390
2008
40861
31043
5894
17320
32522
9228
7611
37946
24507
35275
13395
39691
35500
1547
3318
10639
28021
43071
16129
20803
39336
28487
8599
7549
32017
12903
24462
25519
23951
8890
42380
35390
44553
31340
15938
14061
11514
23891
28096
23843
41992
28398
30609
41485
46412
45814
18325
2083
42174
23586
30404
29368
44712
323
41045
39482
20567
33560
17437
43264
3561
20695
16883
47413
43544
47519
3674
29817
16897
34245
47537
18731
30530
24736
33889
25949
33202
45448
43089
12701
2654
23548
5903
25305
11074
42744
22135
18189
1672
6190
15215
14817
17582
36647
48625
24888
39233
10237
35360
15990
38939
24054
27519
26952
33472
45268
3755
4796
46797
8342
12404
35489
42009
18419
6823
26861
27292
48385
3216
49103
33526
40192
19684
23455
2481
635
7939
44599
4548
2408
35567
48829
22030
32933
14911
11440
17505
37195
29487
6490
44464
20617
6641
5816
28470
44490
23602
8521
34846
27252
39276
36135
45678
11877
31689
31403
44745
42514
8191
30990
19586
24067
49891
15826
31015
46251
37235
7755
13675
2858
22969
35924
42456
7362
16761
33158
6894
36431
5871
49666
18882
15573
46423
39909
48864
8741
7070
24649
12479
5597
40762
48443
38313
29719
28863
41672
31032
45062
17089
42030
48056
43207
2338
1572
30408
46778
46641
35680
27761
12339
18128
35093
18018
39638
40235
2847
20697
46169
7837
5750
27197
18773
20414
13973
17781
22180
24116
19323
35697
45285
45531
6672
7891
26425
32444
35247
47526
33641
10911
23939
13847
1055
19928
1520
13772
16834
44908
7167
44111
38568
38635
14935
22204
40807
40076
40691
27663
41298
28241
10709
7677
8393
27442
20700
40533
6632
21233
21272
13529
31764
10465
46357
16257
8903
13463
39990
34876
38600
49481
28143
12340
45359
34006
24804
37285
34494
27390
24027
13822
9447
32726
827
41102
19413
45032
14526
24316
17091
2010
12169
18866
39411
36353
6529
15073
44023
3373
24513
22422
2860
13491
30922
2265
28651
10448
46235
49919
3467
37976
10434
7908
21876
6015
42487
8671
40881
7514
49728
42040
46310
29637
24241
9151
40892
12777
10770
17083
17619
273
42129
49416
22005
17402
3409
22613
13787
20889
26424
17042
43817
32111
38314
19089
47651
44512
17448
36280
13316
23810
14386
47984
16278
21749
31711
41738
4541
8412
28690
10522
48578
15266
39226
14759
44925
30227
18571
48379
596
28369
9724
37839
24928
5226
38579
46862
9658
21578
41335
36153
23757
26037
12552
45874
36977
9069
34847
20403
2243
3945
10527
41726
10499
32158
41334
37025
37843
34542
17535
26538
31291
12454
28830
29330
40122
44715
31700
38089
2664
49792
16187
44792
12914
28314
506
1826
6681
17422
19560
41667
17892
23136
4303
47997
8593
3299
2755
29773
2749
14277
23092
26876
15
22947
7534
15671
8437
37376
25816
30559
9079
46913
31598
14808
421
19747
44639
5604
29438
33408
24138
38164
49601
22218
24390
4746
44195
32536
13614
34405
34335
27865
47559
2142
20117
35415
22654
39549
19872
10833
100
15046
35525
29684
45020
25591
47494
21479
44449
9879
20537
14392
24458
3649
43587
12267
22117
31469
8274
49559
41121
11219
43892
37330
8635
39014
15470
42160
35088
46448
12453
49990
37172
17673
38486
34891
13674
38451
1655
35481
15547
3344
19962
30380
2151
6365
44287
36155
34358
23504
31644
6787
14586
7466
22265
16553
43335
14050
42584
27722
38891
24355
32977
30280
37556
22707
8151
48000
45102
22057
18657
41198
17602
42462
40797
17603
18992
29948
22254
32268
12775
6593
28434
9302
35498
2852
28798
4620
44791
7536
13402
7932
42733
31282
48891
39376
1906
45587
46658
25078
22705
38975
12388
30420
26289
32825
137
11613
17992
8888
40306
43240
30292
471
28037
13420
2534
45309
2394
1310
646
21430
37965
44444
30792
38071
31179
27242
24876
34402
18363
2597
42353
21283
46893
1879
13305
35186
13776
37208
42579
37049
12056
40980
11998
10221
42894
37852
30330
37288
15487
16842
3806
23441
5676
29434
20257
2575
6446
13952
49186
16671
47955
31657
23485
4721
4071
14924
26135
17548
7653
42843
5824
14417
16302
41265
27031
11439
14893
36477
27096
11719
41108
2246
26628
8923
4063
49511
14276
46708
13677
9609
20296
15776
22356
43618
1451
28238
45734
27566
18871
34104
42211
23470
45807
9690
26810
1353
29599
23186
42749
4781
7247
34751
8431
8881
27301
39864
41991
9836
5813
16225
34320
3936
7524
28870
18750
23846
3624
8247
48903
10828
7911
34075
44284
33521
18253
26922
33783
45238
2207
16796
42529
21699
33468
6828
21562
38473
38241
45797
16250
13735
26047
29127
2063
31256
40038
47459
3036
31341
36375
30856
15353
48534
452
10717
28502
23617
26526
32961
37978
10450
14767
27541
39714
23193
18164
28450
3481
42541
15788
6005
39110
14570
18567
12770
46283
37527
8850
16829
34474
8810
40581
48498
12773
46299
15337
4142
24277
26695
39541
9335
16666
7058
13634
30313
32896
33723
35166
13028
27589
41277
13465
10727
14545
19460
45358
25193
45111
44886
18460
22709
40655
8533
38435
47516
35334
43305
28119
38173
5010
22391
9196
3482
35008
25806
885
35393
12468
44708
3815
7124
25537
20037
19274
27189
35354
15922
28660
1369
23407
6656
12228
45167
40084
12478
2026
19958
17365
40870
39532
39724
1197
2659
15100
34435
28335
23436
13061
695
1479
950
2272
19222
16568
43584
30505
28086
25348
38038
719
9074
5575
17190
21200
9790
25145
21285
49673
17829
21666
38791
13017
4262
20823
24122
21380
37696
16769
38837
43879
3849
6118
45777
2459
40148
30411
4048
25963
27957
26152
49800
3011
13452
37298
36210
10997
2201
1779
27218
28223
11737
18292
1817
14649
27672
1654
33216
40705
22257
1701
19218
22490
25759
40521
35673
4571
46245
5998
18436
42616
21967
5267
6474
34700
20712
3820
43869
31542
9718
47246
30586
2693
21595
15837
44365
46248
33497
44009
34506
44730
32439
28048
13900
32345
32838
48805
26277
23362
42639
24529
30460
31630
43786
7652
45696
47143
14868
27590
45090
43635
40147
43501
30693
32440
21814
37753
46356
22896
49395
12485
25601
1546
47646
43749
22293
9161
16807
25373
45597
7685
33505
31809
3996
45368
43366
24353
47106
23437
7673
46432
7000
46734
23044
20940
2726
19619
32975
20311
45212
35233
1560
16485
407
7711
7269
23532
41316
24145
45603
42319
29390
49447
46535
28101
16261
7187
23308
39914
724
44460
34591
2836
43468
48013
33302
36472
5262
41586
17185
39660
178
12251
3008
37339
13065
29375
161
15541
42446
40594
37613
49722
2124
49892
1494
20022
9400
48370
48962
30799
47056
48347
43356
39788
44475
23079
26256
41968
16460
30289
17059
44643
18978
29319
204
35779
48904
17369
16823
12230
879
37162
17740
9061
39213
46406
25637
34096
28256
37264
4588
26098
41332
34187
40957
15727
12650
37588
14018
21313
33307
26115
33993
43313
12564
27836
12625
27269
39851
18125
17668
28348
34738
6617
48605
41086
38119
5708
40469
14059
15839
28715
26632
25505
43121
31803
15219
31774
29020
6733
41392
40784
609
32921
40398
4870
24232
24339
31635
23695
27991
14437
28746
7087
30972
47895
43458
36069
32529
34725
8334
23287
10741
14950
27793
2832
32200
37205
5214
6131
35269
1751
17810
15456
14772
33707
30441
33376
2139
48435
31478
16473
46378
36236
48382
18442
26402
34424
8429
16015
34063
18207
10516
2758
47041
9293
18796
34459
7318
9918
39405
3239
18616
4714
35051
410
2826
23038
20061
13721
18044
38368
8978
46881
1362
6735
5159
13813
18710
47271
19068
31539
12174
27890
8425
43034
30162
15500
32298
34672
2238
47262
10899
11035
15021
8613
5105
35985
25246
21378
16548
30724
34067
162
21332
44346
37740
27111
19007
33610
23123
39291
42915
299
47532
11950
39022
21068
21400
932
28506
42644
40021
3589
816
45642
30702
41267
3174
13629
26919
19718
1406
25750
15434
36574
867
40858
17703
36741
22894
10497
4005
14433
5217
27113
13115
18647
1630
47732
28717
48599
14474
10330
28475
38067
37873
39692
26362
18061
31496
2660
28566
32352
20316
15348
36081
33156
8027
33082
27813
15521
42567
19996
24624
36321
34989
22268
42450
15942
38411
6048
48996
29341
17275
2740
19648
9258
20182
2773
16421
43530
5475
11764
30632
14145
45334
7500
28292
23657
46970
9220
8526
36286
23753
17854
39403
40482
1806
27003
38260
9367
25289
1640
13511
24302
37895
12704
28925
36114
45539
28482
31589
32535
15222
26564
5944
39588
15745
37367
12354
34289
18508
17628
43276
15804
38958
22611
30348
2956
33433
17622
10007
7637
34766
22263
4192
17772
32700
5101
25923
27088
23022
29862
20875
13243
2181
35212
8669
30848
49696
49834
25606
30956
22786
8947
46092
808
35156
14156
5212
39841
19780
16714
21340
19432
8203
10623
14697
13197
17370
817
29981
6051
21528
39287
44554
1892
44748
5392
42883
22452
11221
29923
40099
19297
22006
7621
17002
15851
34001
12887
9886
5040
14489
17161
17666
20794
39745
5465
16004
26324
37231
10736
45524
29896
30412
14641
8519
29584
13964
27182
10669
19445
36952
27690
16747
27369
744
20492
10519
29410
7518
35120
19752
26274
28779
37451
23099
35821
26272
29613
28631
4314
23400
45710
34911
4590
6326
236
34803
42925
45434
35242
22922
28296
23282
21567
33330
4827
9620
14123
22250
39468
12622
8401
38996
41609
1468
29238
9457
5088
39060
33930
9899
6103
662
7832
46807
32855
38929
20659
33639
30600
5962
14761
823
16258
28684
3972
38058
10179
43900
37684
2504
13300
33613
17917
32702
14650
42453
7729
6457
17895
5507
37296
4908
34898
27447
1075
33272
14731
36666
35070
34505
34523
2781
32471
18997
16262
5967
46656
8880
9049
8727
39935
46977
49024
6473
14617
15053
1412
30214
8679
16127
40214
13845
15680
15375
16592
38596
23527
21460
2835
13712
31586
43054
43370
10070
27140
31679
44896
19387
29753
31025
27762
1047
6742
9429
9618
16527
3193
13519
45094
44929
38528
36074
22614
45709
48696
32693
31706
21164
44434
530
31481
20813
25466
32664
46815
30361
31794
17511
37129
44825
35392
6904
4720
21122
22760
46083
28930
10722
13782
10738
43602
23799
4798
42891
44134
42582
1062
1720
13659
12188
13493
27300
11708
9322
27806
11396
35210
42844
45815
25742
13486
21269
36582
22837
2850
29932
13428
12279
13949
27910
26158
5705
24004
23447
20129
36373
16495
45724
35162
38591
21117
10067
8999
31860
27030
902
8761
9143
707
32776
5370
47687
28539
39764
10383
23909
46570
1485
27499
6409
16878
28138
26393
26325
12617
3329
25502
1548
35569
20187
8157
5699
14829
15144
603
28905
15952
31694
47128
35316
44286
18757
11491
22858
29449
15151
43202
44260
49586
41049
4365
4581
18286
30169
33132
32159
27510
21694
46384
14710
42736
17659
48041
14396
30283
34778
44851
1708
30498
20501
37892
43856
25931
1660
19009
6627
45199
38782
22124
23878
39366
40907
11970
29005
15998
28261
21131
12282
3585
12744
20133
33514
46450
30497
22327
11727
37126
19392
9861
32670
42370
5151
6356
1458
16729
6861
16422
42310
21020
35800
20679
8685
12184
10761
7176
12615
4936
49397
25704
8061
1871
32895
3306
37263
17386
5366
14260
3536
31018
38469
42019
16183
43515
49562
24581
5296
37038
35089
32410
11592
49858
24051
23767
47695
43866
39641
36425
30944
13703
39736
30606
35534
10619
29073
38913
36507
29572
3900
44754
41396
34221
6969
15545
1518
23832
22308
43915
27428
47713
15576
22820
44337
32015
4960
18137
21237
20241
14013
41188
10262
34917
9288
22164
11965
45943
7324
8460
25916
24002
6282
46595
9402
9390
37337
38572
37429
20029
10356
40392
34699
20509
4557
12451
47404
41637
5403
17390
4135
33046
23260
48752
21229
31091
48247
7042
48843
10209
25464
25646
20393
9237
32303
41563
34972
43359
25319
31978
44219
32580
14872
34138
29918
10882
38461
24217
19655
48185
35657
28491
28082
19625
2220
4070
15242
34724
29891
16976
41124
275
20002
48955
17362
24103
12449
11189
9902
10819
40851
48485
2953
30344
8302
31746
40920
18503
9131
8872
26292
41772
25578
48653
37469
4733
10154
26469
38818
8958
36828
47379
15453
47763
12892
39819
49947
15514
8038
48938
593
7936
39049
10500
19076
25136
6905
33746
47944
34770
34915
4775
9912
25767
16190
38735
272
455
34508
1696
42189
18868
19
36396
40829
24018
10045
8448
6371
27537
2767
49472
42813
35231
8905
6722
13085
34558
43969
10732
13469
45977
33346
15068
28572
2796
8459
36054
45258
13307
8410
3037
25286
40528
33547
2761
39451
3770
1200
49582
9868
46232
46951
44316
29509
765
2691
22940
47797
14153
9137
23945
7111
4033
20112
36051
27558
49778
2610
13087
24522
37619
29622
19947
26042
44801
39614
9672
18918
14769
48574
9128
41981
2274
43354
47448
10170
46930
43858
43274
5243
5482
21316
35300
34462
29156
12678
26241
3330
21947
49542
4974
21304
5659
14703
38564
20831
3994
33815
14515
21440
26725
26721
27278
43964
45655
18645
10096
47265
49432
19315
11093
16529
37395
5058
37241
41246
36774
41643
37306
48839
24682
46634
18580
39557
13606
45836
28896
48255
35218
7889
32756
18389
48604
15430
13944
36929
23377
5451
26569
30352
4773
41551
36901
39540
2837
8743
20756
15994
39499
32422
10962
49046
26174
14302
11787
46665
44832
13542
35477
36906
38346
48326
18817
49894
1407
36204
25486
34389
24265
27281
41851
12710
48570
16641
38140
37538
14109
38857
30636
43227
40311
42217
46067
30203
12762
38730
6702
15869
20705
38482
42625
49753
3372
24292
9251
19650
47444
2349
42914
48508
48004
5554
39838
46947
47067
20710
1269
28748
16265
32338
12993
35972
15484
24402
4580
34553
18892
20873
957
6783
17510
23364
3397
41914
12455
1728
6419
49383
1641
27469
40741
6265
40358
21565
19668
16655
28310
41271
22329
44947
20138
10286
15872
13136
3856
34097
13705
28861
18764
1297
36190
25745
9652
12079
20894
26428
27180
46139
11455
40153
10954
26092
17866
8976
4021
1360
38565
23611
2984
44828
9213
35027
49621
48467
3200
18823
37515
41657
27172
34208
38575
34089
29147
43112
13708
15128
26842
840
39984
26206
46121
989
49368
24128
31779
22417
37540
22127
34750
16515
38493
19362
33496
11175
31743
5344
4553
28935
46017
30707
49119
45695
14034
39816
14830
39546
6631
42137
33712
5331
14032
15646
33239
18117
14804
16151
35263
687
46640
6127
43440
27876
12158
27165
42218
29930
32810
28370
38968
31356
19670
5043
33314
16975
43086
5901
14436
28819
36594
26673
13246
35520
18053
13485
49430
33080
19144
20672
3471
15809
16205
104
48858
23020
6705
21717
20453
3194
18651
29232
14853
13526
42680
36905
37790
34273
16659
37348
28618
30438
1322
42742
43692
25328
24376
10371
10459
12592
26054
30177
4165
3875
33961
24076
39104
5104
45346
20415
47466
40949
41626
42033
23171
10661
36458
42504
32445
7179
40237
2232
44878
25514
5307
4753
281
42763
5292
44289
2244
30913
15877
7262
43224
42159
47554
5899
32527
31735
31659
19701
38675
20597
24911
23113
36728
16827
34266
21177
32839
7961
30399
5686
6859
24971
16324
36629
18623
40847
48500
7389
43734
35492
45837
19372
1359
7338
3136
14503
34880
40338
15834
5018
31806
5016
42448
36790
44443
49653
39143
19001
4286
16435
27412
14682
13581
3127
6916
17962
38026
18417
25592
18383
23210
576
29884
8245
49874
49171
4715
22548
44837
46461
7277
46793
33218
33434
29040
30456
42549
8277
8167
12294
24111
41293
30659
18829
40312
42972
24702
6096
33855
5258
11144
17221
38937
38444
49846
29340
28303
26555
49564
20673
30723
48564
49786
44353
39908
24482
5009
23547
13442
42035
41207
15283
2644
26418
22671
36849
4724
20313
22383
4989
38389
33692
34874
18877
36824
44081
35859
43403
40608
35834
48538
28141
11572
44257
43950
48315
26013
40310
16239
38535
48387
30163
35604
14102
18511
5379
47896
6928
31960
42838
17496
21542
19194
34583
15230
41
45667
39871
13707
35131
47331
8998
40490
16148
18833
42224
7190
15915
24950
12527
39307
5220
38808
17722
7401
43680
7018
23184
7252
10805
5387
45472
42993
33574
47350
43662
47830
23043
8091
21650
49281
19090
46521
21315
40446
10824
39575
14910
46398
23663
45512
1704
20936
3970
47162
40271
38894
29892
30146
36027
43486
49942
38355
15880
34800
14501
5092
37865
6161
40063
34838
4780
27546
34186
32971
31766
2295
16508
2385
24570
20279
40279
41474
5119
41249
30556
15275
34833
6792
35134
35420
34602
47061
18727
5145
8423
28392
13869
25785
30782
49073
8367
47243
32437
40654
8289
10970
35740
8352
3416
21088
15894
34667
41702
5608
8005
33506
40710
26298
37773
39595
14262
35623
41328
6572
32329
20457
19230
26197
23870
46935
4307
35409
7634
10201
7397
6549
43118
31867
9955
48729
20113
47714
21114
2250
31604
33207
18968
39329
18321
25302
33331
42957
47924
41444
48950
41703
14864
9829
21303
22803
34196
27465
18218
43819
16967
4273
48245
2960
32332
17908
9557
36297
2687
49580
19129
7869
31186
2130
38394
34437
25618
4335
29056
22904
8589
5136
4206
12431
21627
48801
14531
35636
35072
21056
48623
30336
43400
9676
7342
22467
9628
4008
28217
33912
39965
12131
24696
15841
27896
47293
26036
28936
11670
21488
17288
12090
11300
31060
38036
12376
9895
20085
42699
21206
48266
39106
8309
37120
8270
32637
26218
18512
34727
11705
32341
19454
46488
42560
13338
24118
7613
9616
49308
454
30413
32692
39688
29037
1938
36029
5094
27264
9414
10456
40600
8627
29155
37606
31073
46900
49468
30941
21618
5246
33173
3819
26160
25206
5435
8332
46089
34217
21351
11629
15261
31980
6140
46740
7441
44511
872
49813
48222
37572
17549
4915
8725
44056
46173
42503
10557
8396
49876
48291
7217
39800
44797
30952
14955
48936
10351
19985
2805
48633
19318
4532
2068
47570
25703
26989
33607
21825
41925
42785
12730
32201
41819
45070
17409
41572
22480
33523
36043
41721
28007
39117
40709
8064
38741
32965
3019
28054
5734
42197
15103
16791
31006
40983
12784
17407
33446
49041
42573
42083
14663
10982
47159
33919
12325
47336
48049
33845
11846
34870
10149
48969
46030
3090
42901
13190
36028
22974
13168
4018
19043
34469
20511
10744
5701
37601
1816
41382
6891
38373
32184
2745
43962
13981
37917
6732
15199
26100
26154
15946
42006
33595
48495
43242
2512
47961
46971
33724
175
21569
14973
37137
26777
40804
11285
25072
11734
3362
29754
28645
37528
20083
11353
42563
32330
19631
15714
39371
14055
18955
26541
11434
13038
5489
39447
27128
49591
7792
45376
17727
47280
16320
47513
30218
2330
16943
4939
24730
22054
8124
35928
19444
32837
48537
27157
9142
18127
46215
13267
43775
22945
3222
29985
29553
48539
5692
26404
43275
41516
2651
25858
26985
28463
14496
19977
41943
3102
7319
30771
44997
21594
7795
39178
17996
7602
46462
25285
47120
34538
19575
23006
5012
31039
25920
14087
40056
45541
43733
46400
10935
36257
32260
23510
23236
6155
7088
34047
49327
4774
45236
12394
24281
35486
39406
37783
46047
48442
31970
35225
33532
12234
25857
13032
49747
47988
12203
7966
9928
41346
35815
23114
35159
8941
41539
6743
12956
3810
30590
48778
4505
47070
48968
20410
32114
44751
22069
11475
1769
45632
4651
21884
49961
23250
900
49240
29479
3879
33107
27856
42414
46989
17307
39301
28771
8917
17036
31400
47220
4676
21009
19532
31311
26399
35895
17479
44089
36703
29864
30331
38428
6565
21855
38341
8506
44795
41530
31077
40753
30426
42547
23097
11771
24364
651
42861
33299
11870
4855
49886
12576
48114
4940
9969
14249
21048
43826
13236
23190
30772
25323
25038
13411
46468
8500
9703
29988
49433
47179
46127
18333
37969
211
32251
9235
32938
436
30052
21039
33104
31171
31558
39757
37160
17843
47890
18753
43944
32743
32563
19275
21175
49943
3722
9280
20231
11857
2530
20665
30133
41483
35132
32710
38195
33507
7770
45550
24646
8666
23374
46452
6334
44782
10084
23579
49222
13769
46968
34884
48619
26030
22697
24346
9477
3525
37370
21647
11050
6919
36564
37739
25083
7303
7969
7573
47213
29504
5911
14170
13387
34007
12889
22883
3264
38643
23766
42339
40985
44860
27228
8286
35850
35982
37776
22223
10561
11354
48909
28630
18536
672
8390
29466
1899
9720
9144
348
49303
20808
44358
16266
28372
4332
26944
13074
24163
37010
40648
26938
14926
24528
24629
13441
47446
3661
25641
5343
10085
39988
46082
19960
22347
2949
2162
4233
34043
32878
4471
30489
18371
34040
8939
35743
20134
43611
44985
17457
23405
31864
21487
15345
397
30090
910
22681
13550
43847
20606
6121
38573
28604
10552
14714
48469
13212
36117
15449
18073
42491
26634
39315
13767
42571
4931
25185
14108
45823
32596
39542
23433
47157
46137
18328
7057
13035
30138
35575
23183
4107
18792
12214
49503
46070
16385
7198
14991
18825
11160
8579
16499
36238
32463
37901
15164
40323
14211
15760
25988
15379
34502
18711
14692
3786
19521
45180
18478
17980
19785
8565
15049
4032
48198
20630
12017
1056
5581
10706
31196
22078
3081
32414
6279
17833
3644
32775
36418
3161
46470
4477
22905
13761
23065
23265
42694
28216
24431
16818
21819
24500
31637
30340
41409
19053
2488
17085
6478
29398
23300
250
4258
30805
688
26083
43729
3727
17702
20315
21083
11755
33445
12177
2449
18369
22870
20353
41884
5057
24679
13134
19632
32034
38336
27838
11768
246
25674
21052
22024
17103
46796
19485
13259
42533
27018
48140
49963
22866
43265
7304
22615
18837
13239
21208
34950
28761
23380
39444
24362
45134
19733
41541
34198
8421
35182
45227
29818
27563
31143
22493
916
40442
22704
27591
42999
733
40567
12570
49642
15847
11712
43957
14826
26597
39882
4726
8807
19889
1860
7946
23828
28959
34152
31582
39216
7714
32090
46007
12828
25052
47937
3816
37590
36794
31268
16629
30237
20739
7738
43243
15137
33487
4287
44540
18080
27919
36841
17358
41281
22065
19907
32927
16523
5760
21679
9229
8554
43656
11296
8201
22228
22626
2378
6349
14807
48329
24105
14801
33103
34979
11252
44114
14039
26235
31335
44278
27114
2938
40339
26267
20076
29741
43648
30428
4653
10915
4228
11608
21803
20890
16512
28265
31001
43267
23838
16418
31896
9950
42145
28208
22384
37784
21371
32254
47086
23475
5260
47214
13408
5369
4146
17885
33175
4602
7214
10478
6028
22617
25518
13413
41705
2532
20974
18439
46025
9619
12971
23976
46434
6314
47912
35885
8104
40744
29279
14380
5311
6874
35452
41431
48030
25448
28199
29505
7321
16957
1731
37818
31935
4383
34650
36245
32691
13272
33313
35396
31614
35532
10672
13970
38168
5583
8822
19646
42498
5598
34330
26949
18457
22323
10797
31712
5725
43719
42173
15004
9393
38776
23517
37842
45898
47234
25199
25126
31770
34488
44694
33112
24209
9993
47115
26488
10739
31917
7583
20301
2401
1022
18586
34971
30513
34399
40974
4725
19110
31173
29682
40689
20950
5225
44592
42297
42829
7561
7872
6769
32508
45246
13071
32393
16011
46224
22552
743
14851
35388
38146
19133
31838
31680
37063
28002
1949
25191
12805
34772
32656
37652
40681
13734
2686
9738
33309
47184
12143
49808
21963
6906
32275
24320
49148
34430
39124
12133
44713
33709
31458
35342
22424
45971
25959
42052
4483
28838
39222
43204
39281
32002
44664
17405
7495
26937
33632
40347
7180
27109
247
37072
25381
10233
12682
14806
45970
35442
12456
25660
34072
4359
35710
39548
12053
13164
1771
33227
11957
34809
4802
24088
24494
1776
46043
34183
21534
48319
43048
39469
37403
44654
11297
12909
14312
48621
22674
34825
1646
4635
33265
14553
37247
32311
19854
49137
7221
24922
16618
46804
49274
40542
16590
16475
41982
19126
27257
13103
15421
481
28772
38240
39794
40509
19506
34795
32969
19234
16376
16238
36229
45957
46924
6200
39295
3565
1791
25719
30157
22620
12159
2199
14705
10953
4792
25000
8943
48726
33351
10226
42031
48368
42967
17148
30251
30151
30733
23249
44545
47972
42123
28128
42
37575
36768
25238
3684
14642
24496
10483
24794
13330
47736
2759
21111
34554
11022
27617
39184
21508
10774
5872
41107
9433
49098
9470
25215
31299
30298
23350
30822
41442
37167
36420
47492
16145
12824
32449
37136
10234
14611
25639
28749
30585
49220
4372
22333
33246
28323
4430
48758
44493
49661
37374
4086
48877
3256
11841
17400
20572
32475
38170
157
38200
14678
36382
22861
14445
10782
37338
15595
7756
27052
1883
32730
46790
35527
35574
36106
25517
33494
30604
5324
28851
30681
31559
42555
26534
9706
4485
32007
25840
2281
39031
27284
6638
25229
19992
7131
43315
47292
48988
44711
949
30015
37621
41751
31486
9511
12866
24393
20975
47927
17003
25733
826
29477
9923
7803
5178
14998
42751
8226
29946
11431
35799
41380
33439
26198
25948
49116
44634
16007
38690
4959
8294
14365
25123
18297
45884
20620
7265
9037
40813
25868
10446
32532
46456
21298
29068
39713
47694
38991
30575
37188
31376
46607
46849
42268
36251
1303
9946
16503
10354
4906
30285
8142
26155
42696
5681
37615
5141
38786
1745
9437
45245
36202
14591
15883
20268
7499
32608
41375
24031
11683
21330
40055
38465
11741
37381
23163
11082
22507
19568
18238
38304
3852
2230
40328
4971
1964
16794
38589
36063
16304
16455
41152
17637
29861
21626
6058
6358
14285
16528
39929
46915
31780
3277
31753
6395
23267
2655
24047
26718
27495
10127
19172
37000
33337
49590
41538
28003
36821
48085
22076
48976
7345
25173
29030
12422
1559
47305
8236
11069
39435
40603
21365
22266
49033
1666
35071
11417
27866
29739
7827
30784
35968
4230
44001
15406
24223
32988
41560
39283
13318
26868
39132
35003
23120
1683
12526
48081
10273
38294
38700
22236
24295
38415
10278
32862
36444
22573
14036
6452
39799
18254
27673
19293
40693
3314
45340
9227
47238
9588
20244
10607
43405
37667
34327
29573
40345
1176
29764
31884
39571
1417
41610
31545
37416
5586
4868
49714
28229
33995
3695
48873
43871
2501
43960
9327
20450
37152
36408
27715
35654
15000
14773
46616
32980
43859
42769
33017
10439
32466
34722
8637
39912
44272
42275
28365
8691
6602
28131
15488
19092
18559
29550
37107
15372
16311
10208
34957
39529
11169
35427
34230
33398
6275
48282
40972
3220
29033
16650
45322
21688
42201
764
31957
11559
33375
21761
27154
8902
26341
11678
46987
31248
47449
39562
45423
2819
32591
15477
25890
19171
26421
7682
8055
1857
32966
7519
38027
21221
17581
27737
29590
16329
7767
40958
1979
7802
15717
46863
26444
42652
9127
42627
37117
22401
39674
244
2511
139
24939
16896
4381
17879
16496
32059
3424
21274
19156
18192
49548
39999
32435
46329
24547
22346
19257
11469
3272
45
1712
37813
11328
32157
14765
43727
35990
42617
24084
36750
29207
38077
27833
5876
32272
1024
31457
33910
5093
10924
9075
37210
13008
17887
30406
25372
22645
48861
25271
45081
48755
9821
38838
34394
36240
31451
2204
36197
13344
13070
37116
47837
3905
49926
30543
14984
31380
22719
49142
49224
5171
5624
27203
38215
7356
2443
26966
5181
18129
26496
47815
30449
41589
7947
31856
10791
40850
14031
18746
46225
7684
26300
22119
36639
9276
38638
19183
22572
33454
29399
21475
26780
36479
43072
1057
11447
11281
38197
32126
26108
3776
23085
498
9405
39869
44036
21976
47715
663
47154
12260
47641
2321
13048
29542
1211
45297
12992
48130
47787
28033
17033
49409
37001
28390
43077
39686
39020
5412
34296
31463
48948
14616
35502
3271
39131
23413
39536
26708
5622
40715
20584
35031
6984
45664
38627
21425
19852
29247
10445
25560
5607
28050
20592
7355
25834
4695
29046
39946
24480
3919
22367
31510
24149
22392
26364
18309
20609
40327
40107
3370
44213
13864
36383
15976
30221
17940
15010
37937
27087
46211
6149
30220
14779
3350
47409
33429
44389
44856
3443
19096
6852
34177
35792
39068
28840
32124
35846
35280
7707
46755
2711
46018
27106
22485
24566
24956
11987
23132
46045
42613
1155
26563
18820
43975
45409
46598
18366
9379
28124
17728
4728
33401
41047
7098
47186
37789
48399
6998
42257
4264
41215
12803
11681
18967
2178
39599
24081
17652
21096
24531
43037
32004
29326
13380
4039
43332
35594
35868
15167
49318
17007
25731
49772
9643
5662
11547
31270
43772
23854
44630
38557
28340
17499
34229
23811
46979
38847
10018
4606
24890
27646
36306
34748
12014
46428
42612
31721
43503
11183
1102
1403
32620
37970
33386
39857
24291
29910
39152
49931
39676
30323
8402
10862
2920
27626
4106
3670
6007
24635
20761
34590
19832
43377
18382
2396
27250
19500
8771
27094
36644
35015
12571
37364
37952
33388
28321
5029
18180
44098
36398
1847
6771
13230
47676
32006
44040
25001
47045
25251
31399
42932
32735
45987
12790
1208
25814
886
25044
22481
27434
9130
22769
29370
5620
28950
14707
34978
14408
44934
15296
45242
43027
40426
44419
20859
28986
35708
36978
31266
40921
24010
43548
24037
35405
43107
28445
39825
35074
36856
16064
11255
8927
20708
42881
45585
4513
29130
5996
14446
31963
331
41133
28474
7776
20408
40026
34059
11343
48109
31808
43740
46408
11459
47300
19004
6213
20607
43318
20106
17234
45489
37087
46176
29958
3325
48116
6423
27046
44689
40487
15802
22680
32526
40112
7517
31094
12997
42986
22107
20320
42250
42671
22982
44113
44110
3577
29070
47097
8788
3586
18680
44731
49530
26207
4460
8848
47617
6613
26779
49822
45311
39987
23558
24611
13150
2705
24126
34660
25636
44423
13877
40570
37315
25799
36740
41995
18268
10983
48499
28694
11405
35647
42127
41521
26423
40873
25311
760
36981
17453
47941
4404
37151
18811
37217
29419
46348
46682
24756
31404
46892
48212
9270
48014
39834
15821
38542
47405
43044
46578
23727
33703
4820
16831
29648
16096
18107
6971
12586
21126
7733
46094
31718
39694
8087
39516
45690
33222
48692
26811
47623
19412
13805
28821
8189
37109
33414
12402
32013
45879
20238
17534
8942
8775
47342
39829
35020
5833
35581
27659
27211
43706
17013
40667
26041
22880
33135
41021
4884
16033
16354
33769
46721
44567
19196
29995
34834
7670
32265
3497
34654
28205
13495
33045
49855
17565
32601
39962
4904
39804
26939
46128
28665
40752
3356
23169
15336
45394
13231
43333
6157
14130
23754
39382
11995
35851
11416
14355
11397
34686
24338
15950
48452
42896
15718
31115
33515
25335
8522
6008
3953
46875
29947
48673
8216
31926
21750
49438
2300
37060
2368
45606
22189
11583
14001
38427
12529
22043
47605
24429
35108
18169
10723
11796
15126
6512
5835
16097
29565
48505
49781
32385
28731
34429
32872
16233
44100
21697
11127
36282
9979
3795
44041
21183
12342
31891
19708
4809
37880
31785
32457
9905
28977
8026
24691
18423
45022
26907
28784
11010
12120
46090
31835
11414
44799
12917
26662
14875
14475
9552
38921
3162
3450
28103
48451
14582
42773
17807
31907
36038
49615
32274
38980
17484
2126
8842
5588
10367
18850
31441
1149
2766
29306
36013
16002
16588
17639
20444
32166
8065
46060
45016
14615
18450
31407
44520
35871
15067
13556
3617
6467
25749
11073
40188
18114
19534
13908
45903
2962
41341
3188
24684
34431
16642
20816
8857
15198
36526
29669
17687
33025
3012
33268
22140
32931
26543
4768
7762
35952
49686
20310
42376
13437
40754
18108
45277
46781
40825
26737
37014
35723
26345
44157
45735
22079
40707
14978
35937
14284
33950
3742
11290
10252
28405
36167
6212
43352
23466
28640
6333
42156
39954
4090
34757
4747
6679
18282
45855
3189
7427
27824
36873
19063
36343
213
25886
34761
33567
10167
4427
40003
42470
20007
32758
36687
21366
11081
12608
44088
5929
19770
5541
11046
5636
20516
5277
32794
38639
4421
20903
14559
12815
25262
15367
48572
30542
27962
18156
12923
38236
49723
42775
18891
7667
20442
47781
36276
20068
48072
48381
33843
35638
29157
14494
4799
19613
430
17264
14120
5731
21308
48419
44887
23615
16198
3857
39321
25354
10382
18736
39300
46481
10452
2196
25140
2640
38942
17127
27308
10048
27658
10243
27191
49617
13972
15620
16373
40096
9222
24549
38760
42497
44150
38646
45071
2464
41061
42536
41478
29761
40499
39463
12167
43926
19135
15686
39986
22836
40893
2474
6031
28526
39306
4449
41900
17352
35190
35669
37080
36903
32041
23175
5766
5560
12936
42610
11552
48548
32968
51
39894
18630
48263
21874
17478
1331
34398
24986
1228
37312
34286
49404
20312
8039
24593
38983
1628
15472
22152
15008
31692
22137
10300
31676
21266
24011
16926
36603
35252
23653
25918
48888
15672
20796
46033
42381
18696
4269
15614
15262
18763
17491
31863
41487
38774
11798
11377
47168
32081
15195
36878
4596
22859
42781
32520
2842
45399
37089
18451
198
20629
1436
40643
303
19152
18633
7146
48555
43156
14464
5014
21021
45466
21977
1265
12467
43151
21889
18386
32370
5305
7166
34131
40031
40340
1350
9206
33520
45658
28969
44723
43338
11972
693
12125
27204
16401
9163
44621
12089
13494
49394
7971
35431
20024
44031
40826
531
27694
41463
17590
1743
42105
36620
41506
19273
7148
29865
33400
48219
26006
12518
44804
45656
31797
33616
35340
38943
19336
42760
11605
35658
23600
22910
36429
26181
8913
15598
14012
30743
34728
34920
34246
26859
35624
45888
7114
1103
48333
32703
44879
38885
18895
4759
29852
7914
47294
2357
27708
47838
8347
40137
16276
7378
31881
45220
38642
3508
7627
13857
36685
41962
11245
24456
19538
41618
35618
15742
7384
29350
7175
47629
43331
8181
6686
29973
32355
27903
8578
30860
1772
23709
1571
20046
2783
23840
2367
19099
46262
14016
34710
33512
20276
43449
18378
4209
5917
42568
26694
31470
45623
46674
19574
14544
11742
26258
23822
9385
7790
21067
17526
903
1676
35283
33892
3349
11862
42345
48023
30239
46424
16061
37118
15930
34565
42697
42668
5587
19184
22405
27577
14426
5907
39518
26407
28342
3587
11071
14244
40592
5485
35319
25394
23719
34786
6537
8315
36006
37115
49086
35728
30294
32751
22419
31409
48104
3044
13298
38166
34130
17005
16780
19967
15777
48134
22657
17247
12424
10998
18412
27237
34913
1475
34484
32717
3231
7811
18826
31343
19875
12146
49572
25500
27388
46529
23924
20805
556
9339
40756
27898
22286
36546
44547
49053
47790
28373
11451
20314
34107
24465
2284
12619
6740
45549
44234
47237
4537
47164
38720
5783
14928
37023
43304
31168
24121
39284
29227
46032
35386
16907
36966
48089
18956
3055
38456
11993
24933
10543
21849
5668
2545
40110
48225
43637
38717
43771
44598
27348
42463
20901
5409
864
47920
39001
14711
13234
27324
2392
25102
35417
40653
15510
26879
11695
19959
14155
48496
14625
24586
40525
12591
47388
16303
46399
16021
6203
17018
32001
44185
33634
34593
44363
1848
42715
45108
5980
19147
36626
12229
35836
26611
34639
45921
38831
860
14134
30683
704
24791
40164
26299
28175
6407
33449
13497
11288
606
17336
31882
24286
25008
3791
41926
26245
12891
8618
5434
2004
11443
11178
32704
12211
31691
30367
44869
37004
43322
19467
49704
11504
33917
34392
31845
6266
3120
5848
4835
14028
22328
9763
2798
6188
3571
6663
20785
39655
5999
20852
22970
39196
43593
29492
32991
39101
24809
39401
47846
5008
18187
23935
47885
14243
3528
47314
34091
18170
26764
43575
40
38238
44487
28016
32632
36446
7113
15677
16292
17930
14972
12399
28578
21064
35467
6286
25650
43300
39097
48112
15427
33194
48063
25893
23680
13079
47333
48686
46420
3319
27436
33956
27398
17367
19328
28154
13727
48332
27778
29263
22179
11824
2617
8821
28147
47762
33871
16654
45157
2885
40716
17459
42056
30405
28976
4437
29210
34871
19085
33973
18312
14781
2254
41098
33566
1188
17872
20582
14103
49598
38710
17881
39262
45877
18552
48694
44248
4938
18952
26231
14883
24817
3997
14492
38043
32080
9426
20302
30107
5533
38619
351
33230
17751
42942
3367
24329
31333
17468
42399
33187
33044
21241
38161
41033
32875
18174
30407
20102
28544
31286
16932
32227
19637
32948
1957
38577
4921
5028
32270
21610
47531
35531
31484
1121
42741
18591
23927
5201
10545
27749
37514
31546
2839
40468
14336
34655
2094
26270
28623
30892
49126
27076
1524
42157
37608
42158
37187
5063
12307
36524
20716
15257
439
37536
18546
34624
4132
40209
35497
18921
45567
16360
853
22049
2388
42817
27769
33425
22156
47747
43395
13613
20527
21081
39872
17868
32307
27446
5362
46889
49049
31298
2790
21359
28015
6847
22743
35830
5558
34927
3609
14023
32207
12939
28743
718
9807
25119
42980
14996
9664
28441
9350
42467
26374
35646
16135
45770
22206
27
48204
22087
28961
11445
43498
37612
9901
4256
9828
42774
2503
45202
26509
5336
31529
37547
1061
29407
37530
26046
24512
45118
47768
20008
2402
40006
12124
24426
39789
835
14410
16900
6010
45388
23744
40222
24110
38924
36476
29042
318
42267
49477
36376
37335
23057
43238
18033
45717
47330
10878
802
39156
41940
33252
7368
17242
19366
32745
20141
28294
9710
31627
16339
29604
19722
29471
28980
13968
43334
33909
23486
44151
44867
30625
7260
43696
18748
25558
28439
41300
9743
5393
43539
11380
16798
1597
7052
29458
9766
30474
23074
4336
648
41809
16420
23648
11246
41135
4836
30984
10644
6892
25128
29681
22669
9551
31119
19008
5568
19260
49230
38031
42638
34754
5177
379
33394
43574
37101
39636
22177
9900
43526
28448
8823
34375
44844
25076
40204
21103
48568
38243
22334
7320
11109
5051
41304
45274
13031
7258
43457
4551
21128
26661
14628
25788
29866
43872
37082
24514
39566
12033
27058
14652
32183
20543
11438
3170
38188
38171
2127
20619
47440
34925
40177
8494
37809
25057
35279
27392
8858
15610
17968
20579
6040
782
37252
5721
39974
32959
32542
14644
15530
12541
32151
41158
21216
15923
23573
44814
34680
27123
31030
23072
30534
30950
28949
17816
46190
28996
47251
18786
15161
15280
20266
40318
33772
47744
39818
34688
15887
26498
7924
21473
38936
26138
35419
21667
48118
48787
5793
49936
13728
46703
23627
727
18353
28202
41671
57
48369
47468
40470
32461
48365
2236
48743
42429
39543
13165
9787
46808
6191
37529
13036
19755
45339
21127
2561
36515
33517
19497
14852
26914
39821
15201
2492
33671
5535
23528
883
44101
25841
30817
23580
7696
3876
15042
6747
46126
30507
35413
20995
10550
27582
715
10707
33587
1682
43907
41243
28656
2535
21505
33193
29945
45325
46635
15122
17173
18581
41473
22025
38098
48813
32191
10869
30288
22729
19535
6770
35586
26917
3042
42287
2987
18237
28608
29084
42449
11275
18958
49814
18734
7958
29102
32448
5095
10319
12791
39118
2106
7539
46274
16358
36517
18704
36923
6201
18785
12071
18225
10102
26682
22533
35178
43233
44336
46812
13021
47538
15204
35529
10640
35866
7415
34395
42048
4125
42655
12038
32562
39627
3159
7856
49427
26767
45034
46564
17207
28588
17522
33743
21600
23259
36692
38608
928
28553
24061
15332
40798
5180
5265
29316
34584
11100
41309
46911
46371
7575
6484
22756
19798
31372
35872
27607
18990
35965
30078
25326
1669
11785
9560
35748
46794
44379
37178
7123
36179
29177
37786
25419
1169
24407
9990
34844
4607
36412
26645
49725
16489
21306
29706
7730
12590
976
5402
33635
33970
28112
30026
43428
5006
10474
19974
37487
36131
17661
7739
24101
3207
36189
39932
2448
7135
16727
14589
10587
16104
18477
16185
29915
30188
2867
22143
8560
14230
23237
5576
33359
45413
1509
22193
1233
21536
24243
14181
17040
6384
34323
5454
10468
20155
2399
17193
38430
40103
25174
15697
9195
7693
25330
44565
28543
11382
22271
41343
8305
3763
29152
3321
24008
39813
1171
19463
10430
25608
43284
41513
46831
37835
45782
25029
16218
29345
4029
14484
11242
14592
7562
9818
16925
44716
2419
28547
46212
33615
41389
49957
5741
35862
37909
8566
41460
2757
17708
22794
32780
4218
5039
39163
14999
25129
27255
33440
4777
1535
35209
6491
2823
291
10844
48896
15475
12508
23540
40559
14498
7713
12492
7903
8531
37723
40583
43209
33689
17138
37284
48949
14902
24212
30666
26482
24662
39095
30578
31109
34095
18035
11212
11130
14828
7788
48184
7281
20799
35440
28612
21932
19927
47979
28413
41153
21998
47993
2871
48405
21522
48100
13121
7188
15238
47023
45481
39937
8416
30254
2057
17507
22914
34498
22569
24057
19280
30109
46800
47776
33065
42884
8879
42336
4543
45067
17568
45253
12067
31814
4528
28012
13257
4246
45091
2429
4751
31916
16375
29262
23468
5130
3998
26354
38695
26728
10023
44053
27009
10572
20384
18104
22433
614
14452
32697
39867
9486
38654
9467
34166
25811
47679
4047
22116
32468
36129
5188
41325
49736
25416
27402
18065
42946
35439
28313
24913
41547
35818
16449
33124
10406
25388
27313
15293
39352
24282
41695
6942
28637
21053
20892
17120
30531
19238
9140
33619
36442
44109
21902
45922
8476
33162
27979
21453
27190
17523
474
3400
49364
41398
38133
30365
27349
6521
46158
20886
30341
38762
15465
35625
4687
1421
44773
28832
28667
25596
11634
206
43218
25901
45436
7799
19175
13089
35766
30353
32907
29625
45532
21580
23692
35191
37013
46460
39783
37269
48344
23104
29498
11565
28319
14157
39192
12578
12163
23028
39806
49321
24040
10638
22420
47566
19386
29564
35152
9881
11575
40391
4223
35176
9503
25153
21253
34905
13343
26951
5294
20770
6954
43005
40827
13510
12986
30492
1440
34401
35648
40545
47288
611
5070
27906
23640
32411
49210
20259
12006
467
33522
23376
26573
46946
5566
24268
38687
18007
35689
5649
17862
10490
9041
8505
49687
3420
25217
31104
47810
15422
22214
47380
1625
19114
12135
36193
2487
34495
43946
8882
23002
28042
43665
5569
3217
19151
1922
41606
19572
1738
6578
48203
16574
5360
12746
34923
38232
43538
31225
49070
25675
46426
1921
34002
22997
31326
856
21132
10763
36957
17525
34820
21180
35584
2520
3726
37704
17398
16380
48516
2990
45487
26674
48748
5564
42630
45986
26908
42841
36342
33319
24858
18962
22255
48532
10716
46788
12093
15323
11023
37473
2864
33114
42669
25343
33436
43722
13584
29723
28514
40520
27229
12155
40727
37967
37877
35041
967
4883
34868
19416
29661
46920
21452
9187
41764
30190
25345
26209
30897
39308
29223
33459
27661
16404
41486
47370
5522
36617
46160
20827
24952
18898
15320
3417
48211
18582
23516
8731
19031
25106
48005
36999
45657
45198
48504
31029
15838
4362
48103
8395
15888
44381
29150
27214
15193
14250
19136
32842
30668
490
22873
32454
49326
19162
10242
14188
45784
15446
3262
45439
31345
11311
9804
40277
5869
23018
2896
36248
36504
39859
33203
22129
44936
41911
22961
27353
16071
37127
26934
22959
6125
6056
31000
41422
44522
2810
28764
6554
6247
26260
23372
25362
6083
26814
395
41579
21758
32256
23454
1165
13865
12499
13484
16531
24947
5359
28289
33838
13800
34900
14166
27090
9810
15405
14251
37893
7508
22706
7942
1466
19394
25168
20686
48753
17838
45353
33721
28467
34148
8372
9705
23705
44777
23391
11320
11351
4191
46826
28999
48803
11784
42609
998
6451
15689
46984
15361
49436
31765
25255
7691
42328
21403
31189
37715
31156
29827
43201
36827
25541
16095
18090
6526
8223
22829
38370
21886
21467
3469
18652
14837
27522
47725
16517
37407
6721
23295
45250
179
10056
35755
25827
28153
13630
2465
27555
31348
26170
3991
29803
18884
22629
19325
710
4242
48884
9443
34403
20377
48520
6725
5
21254
22946
9352
17645
37426
29420
31439
26856
35277
49405
30538
16533
4207
40260
46166
34050
25216
24466
9797
48640
13698
16472
40969
8261
39702
47507
29220
37838
26599
30886
35165
29455
42458
12134
42027
38353
22876
43559
29176
37720
48167
10771
11241
35886
44758
23275
1319
21377
31557
44062
18222
15308
10008
42519
28594
39840
6400
3911
26832
45988
8983
47176
32433
43069
42254
39340
2918
13163
29495
21598
10357
36088
47990
10058
32681
45999
45255
32502
43007
21807
12364
7084
33731
42530
32246
2404
42357
42480
23926
46157
20021
13841
27529
40123
40954
754
36796
37911
21523
12395
34926
29090
4031
29982
45786
40401
21456
33552
32367
15740
5405
42737
39649
41488
30596
26275
18085
17621
38749
22871
41248
4035
7407
30470
6234
20434
9077
18574
23694
24025
21427
41475
8045
23720
23529
36008
12932
1839
44877
34530
42750
42036
43246
44514
28304
48073
40767
2779
24273
10271
25207
48289
1658
14842
29931
39237
20237
1355
28496
41989
33073
20485
8906
26458
302
39616
17952
5329
48135
26992
10314
18426
7417
7820
8697
46775
4650
37373
38765
7194
6941
18280
46671
13752
45121
25180
41459
30085
10528
30437
25944
42401
11589
2052
18491
18289
5129
27333
47075
15973
35764
13941
18603
21431
1046
42832
27231
9882
49730
41639
49156
49770
12101
15754
22746
20300
43829
18730
28714
43173
7740
30669
8989
47693
10914
38877
3157
21642
28061
47431
8749
21279
5781
12198
22183
46193
48591
24233
18599
47445
35308
27929
24889
33048
7366
15548
15402
1175
16905
25712
25007
18872
4151
44181
20308
9184
716
18500
3176
21093
18663
48275
43999
23760
28214
43711
29318
9255
36595
25668
23793
19301
25850
30074
40023
2292
18361
42252
2961
15297
33321
36474
4639
46903
49206
29048
30581
43659
11338
36473
40314
30103
358
5005
42810
8938
3257
49614
12240
2062
28038
40695
24464
41797
15428
29446
29404
43083
365
49425
31226
20243
40602
48767
26656
47114
30964
35825
46093
34930
13547
47881
39918
17634
34520
31745
42851
10918
28745
35702
27922
5245
11718
19140
28998
6039
38354
16338
40906
12323
33859
14064
32217
17670
18747
16929
33431
6964
47905
29019
49527
9088
9914
21538
30973
46744
2901
40696
16985
3278
4431
17485
11669
46133
4948
44246
14689
33726
14186
10471
12289
39362
37054
16514
12961
4533
22734
16856
16631
47149
5941
38664
46295
3739
44769
32010
20507
7865
23071
48819
28981
13251
22028
28599
47298
2156
38637
34071
20013
7596
6758
49975
48727
10143
36976
42526
14724
4692
13468
5143
11381
17817
9998
46001
45580
10559
27891
2932
28167
13082
49519
8659
14275
17274
38476
38532
32416
7806
14047
14860
47508
38756
10747
44955
11166
17259
12049
3316
4424
46966
25212
46478
38787
5015
1010
47398
47724
22636
16244
32781
1053
2816
3987
36463
36103
18314
35603
7447
41932
7465
19545
3639
32395
48039
11001
7059
25005
34581
15460
25177
6392
6545
49221
15052
24058
39236
15041
16264
38647
5718
46921
12261
35816
16603
9321
35543
25634
39214
1531
37045
14291
46533
43531
9586
6014
28053
5423
44341
24328
37171
14794
43214
6146
33550
12573
45139
16786
7580
46618
6110
10809
34048
44253
42004
18402
42907
23293
18542
13851
5565
36746
29285
11702
9134
46980
46572
26236
19508
6444
22059
7737
20969
43693
4967
46199
43347
27487
37098
19519
43599
13904
6153
12401
1830
36521
29755
42199
49499
2261
37899
17062
22771
48641
40074
32960
12270
11546
19361
46729
35311
30747
8278
23574
19312
46062
22711
27233
17399
22731
30393
41201
37610
8523
4858
584
25971
1667
34383
47712
14651
9392
44736
25320
35446
30755
48531
17922
11628
48345
16246
11143
4849
32238
8619
17563
7032
19792
12862
30110
3351
27652
24396
27802
43784
26988
34436
48042
15797
43219
4174
24700
4824
41110
24219
254
34703
17513
1379
8194
28417
43632
19825
30008
17577
36658
39832
29452
3273
22468
15582
39188
27921
11267
3364
9723
9842
8653
9000
46568
1210
30003
39094
23398
33662
39734
47348
35785
7564
29792
22844
33611
41903
47104
18165
39521
10596
21297
28309
31925
21709
6338
14024
9533
9190
29920
31534
14754
42205
10294
26946
16728
27322
10688
5428
16426
25624
12927
23654
5582
3448
45641
23704
45962
43343
12536
9639
39781
41405
48517
46002
22001
18643
11689
31662
25764
9383
49902
44507
17166
39003
16166
466
42864
4399
30104
10325
46483
39715
31771
26796
27471
20685
31099
23741
48021
7268
19809
10712
35240
4388
14940
21554
46264
38705
45556
25556
35508
18034
18621
43187
1240
9243
4833
16884
2091
34201
18905
44610
44499
3707
21401
8733
25178
31629
5646
14374
21952
21552
23305
14390
9606
19738
20780
43129
3688
42165
13991
47252
20643
44750
36287
44789
6965
11642
10720
36500
41129
17424
36183
44158
27150
47877
41149
20009
42791
28248
48512
24026
36720
37602
7704
21944
36462
31146
5771
6749
30814
25365
28538
32281
31494
18134
9006
7773
13651
24846
42738
31149
22951
43638
24747
15947
2586
30419
21729
47626
1109
42191
12136
4711
23614
36610
45010
1004
44536
48007
25375
29450
46117
37683
46873
5890
48067
45484
38795
36
18974
862
14982
25914
18246
17983
23537
12550
15396
22718
10338
37391
11120
41268
31321
8643
2807
4055
38365
13794
27181
11868
10316
35864
46231
42899
42488
18392
2763
42660
46056
49019
30236
12951
35127
19424
25640
39434
5102
38150
36563
5436
2667
25532
23212
36554
36955
42902
23137
39090
49956
5496
1574
8220
3302
44978
42342
21469
22827
25090
7028
40747
3203
28881
40765
21362
1570
6299
28113
25058
30427
10259
33041
32695
21195
41872
21263
17368
14675
31563
45609
42632
8349
6119
10504
13514
47225
32235
8010
25686
10024
17054
42343
22160
13336
41598
19687
27996
14427
16793
31325
9466
26471
42478
30119
5988
36369
15060
47534
10364
17718
15599
42636
31187
22610
16965
25148
30987
28843
17388
44183
29049
35423
12963
1888
3902
23773
49229
10308
42395
17121
7045
34414
106
46491
34587
46814
23888
38978
18640
42666
23806
7139
1282
37012
6974
46597
41274
28918
502
39180
7346
18943
49826
26839
42862
43095
32652
17239
45024
49986
29595
21450
31650
43208
28858
30981
6124
43453
32881
29219
48790
37259
16424
8813
28137
7245
36140
10441
2737
4866
3836
22887
19660
25468
27535
17090
43397
30789
168
17145
49767
17160
18240
37028
37810
14242
1285
42477
32252
37944
7754
22498
7454
11997
34432
2442
18062
11744
4680
23152
45698
33273
4622
45233
25672
47069
23082
3185
40419
35655
21632
36596
34386
47586
24005
9283
9644
44285
29346
38438
12272
18487
10875
40089
30077
27924
13447
12091
2108
26186
13693
17128
10089
45688
4160
12819
44276
49991
25476
28827
22343
19281
38800
26837
20922
17945
17079
24327
37560
25137
29666
17058
9596
2848
6310
19059
37889
48488
10637
19359
23222
2085
33982
14369
36559
23130
16894
24852
30846
18631
18667
37389
7804
16639
6882
18146
6437
12341
20668
1181
40146
46229
5239
27049
44888
13199
9632
47627
17739
44320
40334
45378
42490
41314
39275
40429
35399
38343
39911
32618
38169
13695
38722
34569
31985
45355
39450
21789
44857
17373
3326
1079
27614
34451
8321
26151
41828
4122
33353
44258
26789
36212
26002
14454
40116
49758
22454
34400
43473
16008
49373
3769
40999
10040
17047
19813
26434
33694
38622
49908
13443
47338
42726
14088
3327
18149
6636
22851
33858
47460
22642
35687
1521
1504
6489
32836
32406
47014
22362
1357
10275
47259
7149
8532
23035
44187
41029
4291
33840
40917
40213
28215
27153
36414
46933
45283
16857
29211
7203
36755
45682
27724
25010
41114
9331
41997
49799
8838
36206
13226
41367
38864
41976
46266
39709
15634
49960
17984
12572
32983
44961
23698
34239
18148
24307
24473
21716
9803
44050
28907
43328
37352
20074
34039
7530
17201
24907
6242
6957
18115
18466
27282
2266
12262
2061
2424
48420
35979
43489
30834
46312
2200
22666
46715
42175
30503
21892
41712
28130
33504
16138
23301
446
46549
28412
39752
24486
38956
26307
41253
1944
32418
5437
31215
21773
1005
46841
1812
3950
18023
50
23307
2592
2977
38835
17300
35679
249
25332
43351
5867
4546
21544
5191
1898
7152
44221
39438
44692
1399
40541
10263
25333
31090
35559
4077
25855
10551
34513
20193
31522
49900
17741
4981
22805
41273
15605
29331
49980
22811
33444
32066
47664
38773
41433
49042
16048
22187
18468
36822
48540
33396
6317
10427
15588
28098
47703
39383
10603
14640
11777
17483
26760
24609
3861
30739
4545
33166
8440
23785
22750
35100
14681
25405
5653
11394
20733
1972
942
43325
7909
31705
48117
16483
3723
2452
6607
7599
21215
41786
27526
41387
42913
20810
35935
21671
47037
13748
41078
23390
41846
4092
36138
37657
22443
132
47321
34881
48844
23127
1401
38828
38042
47647
20631
18804
16200
7821
40675
26503
45584
40878
27115
42717
39495
29694
29349
212
4897
16119
21038
7624
30942
31418
41951
13743
31498
24410
48740
20670
1760
42802
22429
47332
15955
11468
30510
10394
4178
44571
3083
16795
337
19629
29913
34706
40075
29548
570
35349
23489
41048
25872
27314
39895
34470
42798
4512
23796
7292
11059
18163
24179
9315
39534
25903
31292
10721
37921
48086
26012
10611
12164
15013
2078
15679
3582
3385
30262
13459
24046
29521
19060
33989
17213
13050
45610
26672
19621
15314
17195
14217
33528
35227
11454
8368
25728
32912
42441
22612
27249
49320
3921
1413
7651
18473
30847
23314
24805
45835
2642
15898
