723
16883
10797
31452
20512
17288
43325
19945
39194
17062
42377
2523
41010
17340
5650
48922
12931
22579
31527
8182
21210
45796
19793
15292
39995
45898
9215
24842
10028
28549
1548
49777
3050
30807
23302
32223
48604
36888
46400
47791
44661
42198
16914
10936
32394
35045
16811
32775
48551
37239
14490
38855
10536
39240
6994
8739
1732
43073
42164
47011
33592
48477
28373
27795
4107
23086
14880
31143
41823
13691
30688
15773
11212
1935
14863
43541
14179
9279
45582
784
9747
28166
16977
20028
12581
3351
42841
21868
556
8360
29524
24462
8887
40544
45413
27982
48925
43092
24755
5117
16359
14061
36884
30189
38495
48871
8034
39935
26948
22344
35923
25938
8120
9693
17692
18211
13861
2371
36191
37859
8426
45246
22254
15228
6878
19773
15321
23299
4320
21646
45465
23872
36139
28477
11105
46641
37048
31216
5924
29154
27137
7230
1181
34591
5821
35117
29988
15180
39270
32443
45048
7057
40679
45764
45936
11959
19598
45877
27848
8862
39878
23846
9069
12735
33269
16820
3166
28315
3962
15878
5219
22312
43111
26479
1395
43908
16691
24943
22141
6154
23145
7025
10596
35284
3664
15682
3211
29669
49737
27811
37609
23738
5163
31182
46128
7736
23300
29164
43080
646
43508
27839
20697
19700
26546
4667
36195
38833
44365
40981
39488
4733
23824
41080
47266
43445
8481
11973
38632
43263
12461
19091
37031
12452
31078
16229
22370
10525
14758
11199
552
43413
5354
27754
18319
37298
32040
6785
30011
7325
5698
35342
45263
47611
33999
2597
35020
478
3877
4799
41303
49096
42989
8152
32241
8366
28142
35113
19625
47474
31385
20723
25963
40344
9326
40130
18207
31191
1057
28494
11705
41991
14674
14143
26515
11244
47050
34406
12165
5607
18842
44839
8700
8565
23296
33105
12961
32012
14627
9578
33372
33410
46258
40312
47315
759
2628
2277
26364
43591
1745
10304
8061
25249
47099
30996
11907
44381
45787
3665
28181
18157
34420
17017
25363
16698
26097
19129
1069
24850
28044
19942
40668
12538
6961
11518
46463
11146
29062
3471
31319
24568
924
32861
4239
3912
13099
967
32623
39987
48598
22100
12740
11357
12193
19273
22197
37747
2501
4763
41293
31466
14140
485
36410
22356
37551
29910
41934
36068
5073
39325
48820
48981
5486
18672
46394
44889
9124
1450
32740
35185
33515
33162
10492
42368
39505
22553
41535
19484
1188
37081
44547
33544
20759
12803
1469
28296
36261
44609
24980
49555
33006
15479
29448
42547
9108
55
4025
47880
44504
46890
28499
41875
31988
33965
37371
20913
26138
8831
830
22582
6362
7548
25044
23584
10666
3239
45503
31111
39045
49382
45566
29112
12217
27195
46533
44760
28919
47335
41801
31599
23751
20293
2992
30757
44471
45152
40302
24372
26617
19811
14010
13753
48786
772
48063
15290
1703
27018
19746
45456
43685
17805
46916
39516
41752
35846
32022
33942
29655
25985
29713
18731
5772
38492
9325
82
8785
8713
14810
22637
27834
6969
12503
28238
32735
2018
34666
9160
39648
41539
37642
48285
38113
8973
17658
7055
22959
6050
45119
6021
22000
37109
37354
31315
2907
19777
45168
49771
17519
7432
37170
10348
14953
23689
44010
33268
47974
28017
23604
1187
33988
15211
13641
42038
30955
13287
1910
1663
39036
352
48658
39303
35712
24997
39035
34641
35699
5285
49782
9779
38050
30017
31087
12609
9394
41177
31058
1993
49220
7701
5190
28862
10299
14115
18723
40853
10314
17345
46406
27584
27408
41604
23281
5226
42918
45437
23816
28368
42317
17313
21145
20915
9189
39715
23503
29167
8584
26951
34613
2398
48928
47257
27533
44532
40443
41483
21221
45916
20879
14876
25746
26147
41791
21786
18577
3939
40798
30601
35516
26801
40736
41738
29420
17803
36996
10891
40271
43149
35350
7136
18954
17801
36579
42419
39690
20061
40956
30100
12330
43850
16464
35614
47495
48094
22233
12496
42785
473
2698
43004
40783
46973
41052
44585
48221
16802
46686
38815
26471
46485
17197
11043
21317
40157
34390
25501
48920
25413
645
29671
29450
13185
47417
43184
5682
12544
1752
3224
9234
29209
46022
30829
41794
10081
49839
37046
29207
34430
24338
9027
23611
20648
9712
41832
1147
122
18012
26548
33100
41464
49968
29498
11464
14974
23886
26208
7926
28910
11821
2131
7935
39264
19095
16031
41757
30073
30753
18170
18889
33852
17388
17470
14911
34193
5323
43486
23466
25733
4909
26465
4606
14939
7670
49659
21503
34909
39524
7115
46020
22244
5130
49045
8398
31717
47252
28665
20531
44671
6151
34984
40382
35032
20454
26695
25033
25770
4522
18087
17393
46162
39652
17564
40135
39135
31977
39804
43947
22832
47108
43007
21774
14626
8254
33401
17660
19168
6528
44854
45308
45188
38573
9571
39805
12104
36892
31180
26846
2585
37688
36656
47486
12057
29367
30003
22394
49259
26855
6482
14171
43797
45375
31222
34592
28953
43728
20227
37045
40745
17937
33167
34570
8937
27583
41756
46762
37449
42728
31509
10944
9524
36158
13100
6647
19972
16154
56
23736
28179
27002
46941
26204
17400
26777
17759
12511
23397
22301
14221
18608
21435
42914
37873
40700
41048
42001
32108
3448
34055
31759
29431
42616
20133
10330
48538
23632
8193
44574
9654
48081
28348
6342
12354
30830
45104
24156
40349
41109
35982
16827
10472
31061
47601
33734
9463
37466
46780
28596
21670
44134
41916
8130
43495
18260
38202
32904
30519
32648
19658
3428
33370
21161
39429
32421
1899
22187
1167
14664
1034
36121
10053
5991
33599
24930
28254
38444
43217
40297
8804
33223
8731
34359
48784
1727
42437
22473
7707
25399
15282
43504
1479
9097
8703
28393
1842
2743
29756
11487
25061
39354
22640
30081
9256
4852
19819
27034
42360
15813
3371
47218
49310
19960
42084
32288
13881
806
32988
17848
23568
28172
46591
33059
29203
24326
12847
5244
42949
49463
20042
47602
32759
18297
21792
3832
8263
32385
38452
22012
3514
45285
43457
27902
31819
23365
45804
42191
19973
37093
43715
48610
37630
31113
3872
10124
6597
15602
9360
40276
1733
19259
6374
24528
23001
36937
1580
39692
17504
15336
22266
25384
39885
48291
19430
48161
11470
20640
37142
8853
7290
4415
28893
16978
46496
9085
8259
13505
4324
18028
35419
11117
22351
38816
1357
43516
35956
3508
47794
33053
11585
2477
48418
7939
46669
28685
27504
7151
32797
12628
41442
21382
6458
29998
33321
20324
18688
41845
18690
13901
26614
1564
25891
35945
16723
49025
24074
5909
4819
9426
7399
57
10040
4825
17719
17220
21766
13366
39754
780
2893
23999
22423
36223
9140
24704
6681
16439
13928
47129
21692
22319
2989
17435
37832
28812
22669
19510
2889
4820
36802
25622
48881
39099
29359
37349
40083
45469
47521
48667
13201
13104
38036
8624
1235
23462
38340
27565
20952
28349
29606
12855
4174
7144
15834
4533
29013
10104
32968
9865
6835
32095
4395
18884
35104
17698
13656
9300
29065
12799
29519
6750
36464
16529
3610
14950
26538
8251
30891
3178
46978
23118
905
25905
14903
12838
40166
8
37044
20483
26737
30869
5238
10045
16493
8769
21558
19573
46444
30212
20608
34978
14442
9516
1455
44999
46207
41956
28918
2048
15014
4080
12601
49093
16826
23806
42775
16291
46554
22015
30304
49678
8507
22298
36693
31633
16756
14847
8929
27193
18277
30430
4119
22966
24525
41438
38490
27682
7717
30122
10357
24834
48238
42118
10844
25812
34957
22909
26872
36428
31889
5871
38543
31060
14319
48536
36774
25355
3970
27927
13779
48449
21017
18532
14897
18455
8931
30258
5795
48331
36550
6841
45587
3899
36618
4188
47883
8209
19222
25913
43295
34389
1077
2617
13292
8601
16399
30863
7793
16462
23489
27855
35345
5765
962
43805
20845
44194
28452
44505
20999
38680
19630
27212
24306
12772
28001
47647
41914
20746
45397
38530
26306
2037
43638
34160
30988
47503
24956
13411
13174
31721
23105
8427
37468
2561
15949
21293
40879
3869
24598
40058
30474
25153
1585
42847
24911
31309
22670
2687
17729
48956
23988
17221
13568
10014
33627
19494
15801
2712
42501
22586
14336
2208
48432
42676
47336
717
17861
33930
24155
47364
48580
18823
523
23154
5635
41576
27420
42312
27498
48295
43768
49770
9620
33638
25674
19963
21753
45790
2060
25068
24914
8719
29983
24427
37413
13846
45741
35372
40553
39256
42917
43542
14589
35247
44866
10602
12945
5903
39042
32124
15763
4261
37141
40780
4948
13787
6188
11399
9708
28601
10491
8001
3705
21671
13543
9091
40410
19490
6502
38518
30712
15057
4914
40003
8012
43791
5819
7759
23718
29732
33688
22217
26494
36666
15875
25220
49578
16338
47561
23523
17130
16680
37187
32490
1342
2325
19701
23163
4739
25017
18042
45165
42595
4735
15349
32424
15902
28106
21432
14649
26320
18808
45418
22686
15637
3466
8365
46756
21756
42344
8709
41659
33528
8863
40801
42812
23399
3504
32654
20295
26457
26026
42649
17264
34779
8355
15285
22076
42974
15071
36516
8734
45219
42327
44518
35621
8204
4243
31839
35508
23724
39425
10105
35131
29565
36729
22459
11091
42578
48734
44399
31640
12242
31649
16974
34124
41566
40673
7621
16760
43577
28021
20827
29474
33871
49964
35473
12149
44148
28959
36786
30396
14913
33390
20877
22374
28038
44368
21848
32665
32687
21480
47703
36566
41976
46711
33760
12195
44850
25290
1080
46958
9371
19527
37288
6786
19910
11992
40293
38562
23235
41524
34757
3389
1673
7146
42618
36605
45589
5263
5704
23381
40540
24450
7837
8376
23367
10811
42541
4209
33827
29829
2824
30623
46054
13406
2666
32482
42539
684
39221
20981
5706
1504
35991
38271
48584
19887
26049
47155
5702
33311
37285
44291
47386
3290
7444
42836
31129
8651
37420
29236
38591
37123
14698
37815
5818
36507
43274
41054
5444
11298
11158
39224
26550
19464
49225
44782
10569
24508
42007
34465
43806
34747
39063
26591
166
46613
23003
18032
9443
2242
38849
16165
29840
7947
27979
34810
43282
25529
14725
49956
29303
38689
2860
3817
19994
43521
24687
7526
1082
20839
37367
28891
276
5135
22357
14916
13774
48101
15856
18566
8956
6286
48343
8108
1226
27324
18740
48678
16131
20337
20136
39832
42125
23514
15492
7050
32101
10302
48132
39757
6300
49919
40190
29100
48083
12497
21153
283
18790
29134
27761
48049
8409
24371
7797
19690
47500
28669
1714
36337
39300
3181
5024
35688
23683
33935
25804
47526
43175
45907
33992
42684
36992
38139
8498
13814
6670
15969
35420
18468
44066
23920
18657
44947
27670
23734
5108
1296
23620
39051
37144
14685
15533
31792
31250
43917
48833
16912
19260
47773
38207
30957
47407
48240
17884
5341
18385
4670
25073
9264
42736
13026
13214
18216
33621
11627
5866
49595
14979
3167
26447
48481
6145
9904
28201
33008
47327
9164
38906
34697
46133
9910
47996
38781
26483
33435
2803
6485
40076
16042
30758
34175
8267
31558
44709
21983
7160
20219
47440
33681
7523
38799
6209
19868
10520
21415
20668
919
10464
19507
31397
23976
6264
33490
42054
39657
46291
43824
35014
29853
43173
7271
24611
37919
12928
21328
16973
13817
4254
18476
20984
36039
9358
4434
3388
26569
2560
15677
29380
35355
24291
10715
3862
12953
29085
16850
3247
33660
5484
15072
13068
40346
39821
36066
49031
25511
46579
4507
7089
11548
40726
38019
30638
11971
16246
48506
1915
48702
1496
34823
39513
39618
37368
10367
6338
3934
21488
31587
27101
42615
46688
769
36771
41856
41400
47568
38284
7633
16753
42623
1852
12672
2814
7811
25382
25037
24079
9771
22846
27037
30106
14769
46200
36808
10821
36463
8090
33948
42103
29253
31933
302
30383
10822
28082
9838
2651
40964
12183
42129
3143
20602
12555
47992
2100
10881
21212
3152
300
7501
12184
48565
31055
45701
37061
32618
896
36853
34004
34052
35682
14936
13376
36488
592
34245
28913
41317
15013
4497
45060
43873
2852
40614
1124
14964
32428
43569
5552
44219
5319
34408
22280
31734
45820
888
17372
21302
8467
20174
37098
15475
49018
49813
39717
17356
47084
45623
47324
17833
12145
15920
14569
38961
39800
13839
10374
42455
11908
48629
14418
42087
2609
27537
23425
37482
10097
23970
2643
36924
6874
11507
12553
45124
48892
30317
1210
16362
30413
46061
22152
5248
8555
37998
18796
42537
44689
42460
44997
23104
25285
15366
36564
9971
20744
7218
10359
36086
40044
48550
43365
28381
9184
31825
25809
30053
703
42935
41590
19633
24600
14401
36506
43215
3292
38755
15149
28336
16859
31483
27245
49728
45702
11620
17212
19365
32447
41172
23110
41506
11647
31771
3816
33754
25273
4486
46389
2630
42231
9320
42260
27974
9126
16969
35193
33937
13407
37938
35683
13930
48562
43811
8948
32603
20139
19875
27602
16178
23009
46750
48948
21956
22650
29441
39899
34579
13679
24324
25387
14945
44111
7199
41096
46830
26438
30180
3436
24064
21399
48586
37121
18620
1905
15173
14951
3798
25346
30595
34290
27711
30772
17740
49689
21988
42073
3580
40063
5345
5954
29060
16239
40653
17091
18800
23868
41565
47424
40933
7086
35549
37384
12061
7702
13478
32377
4095
25241
12016
49940
15387
32025
24668
20985
31435
20375
13487
18614
20002
26547
19415
30237
24633
14902
12761
43965
16878
5187
27954
10475
19570
8086
27128
38067
16503
20329
2514
11498
22787
17467
42031
49705
24283
17152
23593
24313
24673
48699
24509
24529
36474
35952
28553
6947
27130
26662
45608
27425
37295
49058
10218
39461
23210
4134
33382
45806
30211
48932
43913
12696
22725
36667
5807
6964
5512
11769
23085
2696
15720
38812
14713
41291
47445
35222
18838
6978
20131
37159
38190
39554
4289
27866
45609
27399
36900
14614
5064
29501
46921
47798
32551
41667
6112
24945
29162
16223
17346
41471
44730
5863
21476
49012
52
19763
31198
27185
2748
25645
8697
12342
20399
18341
43520
44289
13063
6917
47826
31375
20327
1781
37264
44177
6682
18803
34557
4343
7635
30104
42200
27655
26225
33242
30194
15805
38421
29832
26182
49598
7215
27243
23312
49070
43010
21457
129
8195
39443
48284
738
33276
15809
12186
2614
39837
32663
2653
31886
12304
24456
28695
37301
30046
1443
28548
20260
16607
2099
11979
25823
41802
34082
34608
49540
1233
24225
37465
41069
3729
15838
5890
29397
5638
25636
9634
14529
10157
29363
39787
28155
42153
32942
28946
22108
15325
37644
48385
38210
44196
3060
12161
38947
6946
40009
36324
5140
31677
15104
48232
6447
42811
44380
43868
49119
34307
14591
33891
11331
6267
24691
46302
33007
33866
26739
22837
27168
16678
21654
28115
35642
22331
10531
8751
32041
17678
39933
39929
32400
41788
33474
31985
2960
19294
44112
6443
21027
26823
17621
47002
22494
21615
29762
15857
27000
2209
43390
18766
48862
39220
30449
32652
24496
399
27958
43819
12381
39665
32659
37924
29521
3001
11480
37076
33991
31757
47815
8472
41356
8073
5688
32893
1364
33132
26374
31975
9733
31673
25268
38520
27352
2767
32335
13189
44337
30868
37211
41347
30159
27907
39186
3889
49180
9398
16577
41403
49175
34423
4268
10090
39492
37786
18815
18947
25516
19379
44608
44269
39907
11207
31047
20858
33718
43473
14501
23033
28251
14526
5153
15105
6830
8248
20769
23234
43846
19206
8105
11316
21119
36388
6818
21598
26735
38431
15803
45164
44427
24739
10078
1386
48813
3036
23319
47062
32203
37967
18444
48589
13782
28967
33532
33436
33737
26999
24580
29735
31603
32147
9785
39894
26101
18262
27802
817
2558
21484
17785
38335
13053
3584
43800
32611
32906
25434
36700
44037
31150
39620
40892
23276
14600
4146
43666
10963
16919
22912
5889
8387
40559
47490
40955
34149
33076
449
6512
37499
3420
46182
32598
7366
6007
20570
27042
45435
35637
12576
3399
10815
13720
38078
34621
48526
18503
2538
1206
48427
38407
2440
21942
9485
11650
28221
41960
7285
43847
47202
9521
20961
31799
27875
10430
16740
28487
47603
18408
12049
31451
19398
43476
45659
45586
7567
35141
17822
3938
574
8659
34453
38532
1667
8609
13715
22695
4226
28678
16818
27710
11138
1058
37326
31621
46421
11911
37952
35126
36237
3121
4414
40888
23607
21831
40187
46511
36013
10385
25641
22261
19498
6544
5973
28449
42791
23068
45398
27541
45798
18721
33565
1417
9668
28637
2924
11532
11418
23474
13806
38128
35491
33277
28308
40848
30695
19894
9015
21754
6609
24771
40015
48720
17583
28626
17923
7518
46835
41435
8261
39046
30814
12406
39370
33367
28303
8868
9615
46563
5808
12401
30252
3874
14420
3079
4057
25894
26564
45312
14170
44766
31069
39298
25993
5531
9643
46145
25884
17192
33735
10092
9553
10523
42829
11864
46448
37267
42671
8908
43549
8566
33383
5295
38380
15696
112
11465
40705
45318
37741
21716
42257
32595
42049
39422
5364
30744
27423
6530
3384
40583
45002
43994
14597
47499
49688
46796
32621
603
22499
3450
21359
49468
21323
9975
48327
17300
20153
10860
23208
15879
20470
39383
25703
6057
12795
1688
22177
5420
25910
4892
24537
17486
42656
4938
9420
12206
19491
12157
11725
19391
10010
45058
45953
36230
36819
30538
13190
6903
15004
29219
35340
24391
4150
46438
10151
5309
20255
32252
23310
21939
45470
12139
8872
474
22636
19268
1378
25348
13078
12949
1886
32776
9154
9661
18320
43151
18203
17693
42138
33183
28110
37407
30653
18248
23275
44310
34029
5539
7233
33197
40511
10628
1229
44492
44228
11478
34277
29024
41780
49335
26391
10595
49271
26099
18911
34617
31158
25330
34830
18640
12329
47516
6466
28523
43901
27194
35182
38097
673
23918
46773
14773
11297
29664
35144
4514
48178
8496
36956
14239
39777
37796
19154
35797
22334
10069
36004
49359
14744
22359
1169
39299
18886
7319
16875
13394
48807
34202
24139
20776
45066
19350
11603
10144
40550
35332
34637
9796
2502
40428
3014
14923
22519
7185
49309
49432
21502
43931
42901
46254
18146
28866
40693
39430
23956
27715
18436
2533
49905
40287
46437
21420
41642
27646
17882
13640
6319
36060
43344
42160
64
2046
20536
47464
17571
8356
30088
1011
44936
33235
17129
45792
11889
33128
12351
28693
29729
8397
30861
4391
6359
38172
11747
5843
25408
23680
10350
39954
44265
42594
39984
27401
38004
3608
41128
45509
17308
45669
36480
31356
43085
29831
26491
2203
25386
33284
28648
44339
30572
5766
6313
23133
41503
34074
8128
24514
34440
13605
34297
20644
10675
42860
32481
15990
14539
1110
33442
22812
11393
24398
12069
2665
43556
36445
29984
37262
31338
45879
35638
15987
32571
16718
36342
18544
45406
11637
21418
19442
15723
37358
42900
32533
36250
30078
21257
41330
19869
1765
25988
39654
36548
43214
611
6329
20090
47593
24190
9165
11414
47635
40467
30082
1097
30581
19076
44776
6565
5637
39021
20742
23513
14279
11831
31908
17886
1932
3103
43821
42731
19754
3212
48393
143
13538
13138
6060
38604
44892
26103
16560
23465
33127
21219
20643
5669
22735
5351
49060
13904
5384
45247
36358
34026
25757
46678
33153
10015
26917
24954
11670
26107
973
9021
29357
48891
12694
48184
16470
3018
3089
41050
1293
10341
49567
18273
45017
6795
4742
41552
18124
4011
20973
14063
36383
1802
27865
28700
8151
35990
8196
29309
38422
333
31607
22146
4456
12862
13275
26647
26333
46175
46163
1949
48572
33351
24801
188
36331
47049
19871
31131
21309
8161
29125
8389
7992
21834
48798
34254
1370
24515
33454
36649
6365
1493
29496
25847
48968
12500
11572
34543
1103
45601
44891
14829
14374
33895
36589
30503
21485
25469
7332
31010
16469
42400
33045
38480
35196
47413
10519
35791
12387
49304
28097
758
42571
26674
895
6684
9120
7365
27300
9546
16341
2240
26496
48485
16692
49922
11302
9636
18071
16638
43721
18149
14127
869
43397
43154
4591
14105
23185
35362
11613
36979
34539
6497
45715
7018
37459
23597
35150
24065
37916
34765
516
39901
3495
39934
34365
33842
40196
45310
10452
25432
16562
18852
33366
34238
23567
20485
27261
7977
5695
12607
47661
28444
14349
5136
17245
13116
15772
46951
39840
13821
17333
46352
15968
44283
23557
33392
46959
44552
31837
15206
13126
21374
41390
19481
22193
8638
39153
13833
6671
13045
38149
27918
33433
32727
25169
13048
6431
49013
12606
6405
4830
10044
45475
7815
35081
1132
49344
14495
31450
594
43038
48829
11217
1866
25091
5817
24030
28567
47680
17459
21611
34445
20996
24678
36373
5162
25970
45215
236
8928
41030
40099
31018
14788
32764
36073
19596
11127
41910
6612
13528
37583
28639
29811
13545
40609
48395
15368
30388
14235
5664
47768
14757
13028
23818
15911
45409
14424
19244
38678
19774
9250
32103
7047
4448
30990
18117
30884
49068
18481
27667
1199
18969
24784
6427
32934
42358
2446
8644
6123
13105
30217
45547
15103
4508
25678
32286
9755
41456
678
46279
3216
46851
25603
45128
26779
15016
42439
14458
40811
28178
2853
45232
41999
35304
760
49065
1371
11351
38270
29616
38972
21010
8199
26358
22145
14098
47363
15525
33452
35288
788
11676
15786
11196
45842
7694
1338
11523
39398
40777
357
33042
847
43507
5742
36671
23686
27192
47702
9831
32143
23483
10496
14321
25034
23501
49815
4592
26216
7302
39160
36242
9837
38204
34398
8603
33134
1116
9813
8016
10156
19766
31282
44462
16310
41625
27299
7607
43261
45744
26815
35292
22371
32766
49923
49217
6469
9681
12883
30444
34135
16603
38992
49942
32064
16564
23782
47083
15156
38289
14354
39024
46915
12311
43809
47910
13546
41580
5298
35275
32572
9565
39018
19639
21870
1612
10685
39561
17789
24651
6077
18065
30765
491
16979
30859
4523
48057
8520
19245
22182
30910
187
12595
7731
25522
5470
34243
28117
29915
382
25224
8238
28335
43636
24681
31754
173
36843
17770
19028
31641
16144
4876
45561
30580
2598
27996
41724
40281
5731
31576
32068
2188
31033
30289
11942
14394
23240
13223
28932
3061
3990
1000
49902
23791
31967
1063
38944
2786
7651
8976
4779
42793
17141
35234
38290
49465
41825
32720
974
4496
38411
49035
42727
13447
21189
43430
37400
39476
45777
35698
2917
555
16555
4452
9735
7516
49329
38813
13554
43478
576
15430
47837
32602
20319
30060
6174
14043
33230
10514
21483
32339
12664
19103
37711
34455
19810
24384
4692
40311
13417
19761
1333
28873
37927
49075
27120
29836
22296
47513
6031
467
40887
2479
48116
13559
45563
13172
27660
3680
24260
41119
41707
34319
9294
17362
49434
31119
35808
943
22158
28856
28592
18068
34840
36100
46991
19877
26160
2139
5281
25761
43586
8084
35746
25421
24343
29436
43799
26696
5918
48006
41409
44712
46599
8780
31243
16489
8468
4058
34752
19201
9278
237
41630
10995
42788
6044
22880
6025
43225
205
17009
4679
45893
7897
5032
29245
6594
18177
2344
32887
39911
46682
48409
35434
42215
48314
11211
44356
40660
30047
35931
28102
38709
18479
37682
29551
40691
19993
1864
2672
27681
48128
3540
41701
11332
31134
28815
40913
7358
31103
26949
11060
5769
17000
46672
11476
21521
9001
26212
40669
5713
26590
18102
31660
47642
12897
18656
42687
11856
22109
6784
2470
40181
27350
46580
16655
19013
27223
32345
39619
26460
33468
24417
17514
23099
1648
35579
33686
24213
15652
7782
18876
9915
48135
22629
22700
8230
13864
30220
22768
41726
37308
46194
18548
4091
47938
10702
14039
43180
42204
40016
1208
24931
21515
2162
1489
29794
47255
17510
21171
48046
17184
43836
18143
16649
18030
49312
47192
15253
41272
3127
18762
3174
31373
48186
43933
37982
23949
2904
4578
11851
15287
11219
11107
45675
28370
35116
29373
45161
5023
17916
31194
12394
18362
30702
43443
22277
47712
49615
41101
44405
23746
44917
17779
12044
6877
3839
29160
34467
14473
7508
26998
6177
23329
11032
1834
25278
10985
45851
9210
30682
2918
5257
24483
12105
10476
5749
33297
1273
16434
9473
30036
45099
19437
35964
45054
16348
36150
49278
22482
26908
23248
37918
2450
18753
26844
48015
8469
38011
25885
36503
12409
43679
37734
46327
46546
23243
5235
36756
38959
15854
16873
26162
8698
47241
20010
46910
22935
4603
25573
8125
15303
16545
22569
42883
4569
39249
25570
30833
20128
42053
17462
10682
2898
15988
37991
25626
33016
23247
44323
30308
8390
15077
36720
14860
29696
33300
36335
46664
49340
26914
34599
2777
14515
35850
28244
11092
18085
13649
43502
32193
8636
23400
27882
44096
29251
19471
4175
12309
12343
28413
49539
26474
5613
23100
20500
17889
15126
27090
32516
27895
30386
27957
28683
17546
34915
36299
16284
2656
45042
32137
8673
42517
45691
21945
17044
4153
31699
12147
33233
14302
30760
4478
10910
26970
17626
22727
49135
4847
5898
5657
28346
31100
19360
19816
40446
21464
26911
31978
29376
12602
14601
19340
11827
15028
11760
16937
401
19551
14438
10847
43192
665
40098
11939
12493
13256
9974
31289
45529
27816
21289
45987
35702
40872
5314
27200
26188
43874
22430
4505
35737
28694
6029
3559
38510
44873
21898
42223
15012
35686
14918
9352
31255
2506
18827
32872
17353
45330
8059
5530
20407
1651
34730
45576
41925
10335
28896
40403
33187
12026
2845
23670
40522
18031
36346
1788
40735
16068
33142
11799
36865
41388
7322
39132
13210
36213
4577
47888
29200
44656
30457
11955
10671
24111
47589
16058
21088
40279
23968
43701
5059
31297
35486
4617
20185
1715
7534
8422
48668
9539
7768
31510
6848
41339
35639
28519
32141
34294
23636
13018
6950
8244
29416
5518
2678
6922
36764
35576
11549
44127
31958
6620
31710
10154
45352
25689
26552
39248
26121
48367
29659
196
17622
17773
28434
3220
48834
39597
45619
31025
46490
34205
31715
49911
26667
1524
2806
41698
47690
20905
33315
43353
28376
25613
39617
28597
13359
13660
976
34619
12792
22704
26272
23690
27281
15554
17797
38328
33400
44004
17878
30571
9382
22718
3875
11404
22385
30775
29870
33212
36944
33216
18105
31393
40959
138
6326
30592
39959
3347
49944
30470
28512
9024
9465
4762
3625
3907
5193
40298
26174
10509
42096
21609
2204
39965
42268
3474
36063
48250
14700
49237
19180
46069
18120
12645
35564
43236
19860
19486
5685
36293
13277
2185
24134
45739
18897
33207
44297
19801
31615
47497
12676
16690
34860
3031
4928
46028
19799
25496
40641
40064
15520
49892
7274
33389
20182
30810
39671
34206
23939
8371
4012
44665
19682
8667
21658
20533
21616
22987
46293
8421
27484
21844
43494
35969
47340
12736
49314
2948
20499
43269
36697
1221
3150
22600
1556
49920
2535
957
20725
35831
148
20674
43619
46244
39086
19548
2510
16365
35750
20184
20196
25296
4
49891
8416
26233
3793
39571
23891
621
40773
23394
12861
10601
10691
34350
40456
29350
26028
21706
5343
7568
37131
48281
21680
43960
44322
43922
6538
29159
7565
968
8927
32832
49981
23057
9099
7886
24546
17630
27841
9607
25846
40374
43924
16352
47145
26851
44594
33190
7393
14177
18775
34532
17291
32961
31762
12904
44881
16051
38924
8025
9660
49799
5445
31741
16007
4696
9912
48944
37360
12440
9025
38987
9968
13329
9948
5455
46110
25663
32194
42022
46141
6200
12560
6560
22648
3693
14429
46246
11569
12383
40996
10690
35779
11021
1939
4556
36393
4006
17819
39718
47685
30391
11128
20596
36586
28391
41059
21205
46833
49611
3470
36459
19075
17697
41436
18317
27419
47967
43729
14965
41268
29777
8693
26044
46972
8488
9601
40944
34733
45404
24990
25957
37928
24484
21428
20497
27757
14243
46904
46260
34287
5394
36308
8536
47744
6573
29583
10467
23828
125
2020
337
37511
30516
19812
42613
2366
35467
369
38005
14991
9136
47138
34174
33570
35587
33624
31097
46552
15776
8995
21201
23039
35729
40983
33202
17223
22949
47176
36041
37163
12196
15142
25022
19326
38752
45683
23528
6253
7519
49908
17784
7915
39775
8591
37622
36616
10558
18186
17008
30201
10622
9022
12944
20186
29142
10796
22256
13010
40557
25377
8177
47301
49256
1787
17555
17466
49741
28144
26261
11204
338
3978
40239
43650
17812
11445
33663
47954
20477
11888
45056
46742
3494
41364
42559
16390
33365
9283
11540
16679
6695
25983
7211
8614
34574
36136
13591
18913
25459
23572
11800
43338
31816
48113
32549
39660
24531
42447
3007
40289
25693
9610
5739
36169
2193
7536
19784
45958
29684
22833
15102
19438
1633
17383
22983
24281
13958
19675
13140
46113
100
41973
48835
48079
22390
7614
40206
23707
48525
7757
48673
19310
14312
26501
1277
13759
14150
22605
37426
31022
46314
21091
21440
39825
34349
9423
29672
1679
36194
25498
19732
39663
38449
28300
46193
33593
41428
41263
12934
10255
35514
15044
44403
9036
25481
24041
7130
805
30251
30823
47849
95
25212
31657
44826
30166
33909
35207
22549
43866
38138
40599
17533
25140
712
1581
6109
17014
6494
9221
42481
20116
327
9064
35972
40132
13313
10412
49006
29250
5043
6525
49992
28357
15849
40162
5143
23
23167
5415
10100
14128
22008
398
46990
41710
47393
9605
27986
18575
35336
8157
8098
47280
41315
44447
37590
47859
17907
10940
2720
37071
29675
8641
48578
13110
34044
6690
21314
5522
48706
9307
36534
30837
12322
4307
14467
13606
47708
22808
40589
3812
37771
15404
3468
38041
14082
40763
18556
32629
18313
16347
40790
6439
29526
21508
30347
20127
41397
47233
5631
38953
38770
22283
22424
41557
30455
33658
6198
16633
21861
27316
46797
42403
11313
34720
32649
14299
48403
23805
39887
10192
33983
21960
34882
23799
44461
26806
33104
39747
1299
10211
31151
23220
18924
34827
36287
45858
39287
43854
28422
32235
10389
3294
25695
37479
49639
6468
40413
24517
10852
45051
39696
44864
25524
7407
15726
44045
18340
18095
29455
2313
26860
16217
36387
37525
2447
11759
6776
13247
48908
28016
40489
43234
20641
11699
38630
5124
16591
30903
1849
44641
11012
15439
45643
29410
5523
49307
43621
16939
3887
313
42908
24977
881
7990
42019
21368
20739
22734
23531
41965
33121
37047
20768
39070
17620
6275
10137
38708
30594
2972
19920
17293
40562
44842
15470
43690
14672
3543
600
2300
2923
11984
48801
15468
10409
49756
24316
46897
4389
45331
29153
34345
45053
5508
43831
3263
37507
20862
19227
17694
10026
28061
21920
5629
1414
17890
46099
30577
7075
46520
5147
43189
45049
46618
30379
17854
48748
21018
277
24026
6702
9291
16110
26608
31244
28802
116
44628
8394
4491
26915
24033
47720
41202
20924
17480
36240
35192
29764
44516
4610
44082
2090
24028
10027
11862
31363
26241
6242
29695
48510
45524
36810
25684
16853
36619
3469
14809
1555
17231
12655
40912
16200
19711
40533
12031
32630
38390
26357
3785
14273
39174
24357
12759
1083
41439
42567
15442
10477
40301
19001
19252
11363
32896
45654
37571
47711
13743
29488
9618
1007
16188
31000
44388
40073
42583
38719
37558
15112
31719
42486
27302
34829
34272
22453
38253
4424
27465
24025
3226
13242
9728
15588
41782
13393
1535
47259
16744
21072
30576
34656
38739
3849
34935
45959
33028
32636
32612
33669
45022
44287
15407
10417
25189
8827
28012
16904
17997
26051
34775
12613
25802
8639
49433
108
36758
3797
39437
39533
29821
29938
14137
14638
46568
11521
16377
40254
38697
48388
20880
11905
44186
22887
8736
48097
4675
26078
18019
5472
37456
37382
44472
17055
45242
48982
26791
10805
32070
3467
6251
8250
2384
1017
38856
4187
9010
40731
13980
11784
47713
26702
15566
36985
48217
13884
36486
43895
1510
29823
48306
41761
45201
12863
6997
42412
14114
30933
4260
9381
46297
36124
15950
17575
31502
12025
17145
33917
34958
9227
44253
25046
6606
1701
46728
46308
49418
33843
6879
45486
16491
30339
18970
42425
42391
3732
12621
9438
1432
7351
17115
40205
12243
44355
19167
36143
20731
9003
23817
23574
21618
17357
11841
23326
31650
37434
31622
16174
17046
31549
46633
20301
28137
19072
43657
23679
18734
38970
20894
30253
7804
42201
2296
49522
32829
47816
16916
17974
7636
33069
14538
9794
18077
4703
27947
13883
6058
22672
21676
25458
10717
25409
30675
29032
6889
2307
17561
3289
40719
30312
40858
43614
2489
36886
25619
38580
28558
25072
9162
458
48430
19344
24061
21455
18061
37359
33426
35329
3737
2031
28247
9798
49130
26444
42472
30514
14245
23831
19520
29796
8237
46893
22450
35524
39170
19196
20287
11031
16512
20242
12482
29452
48470
31546
16860
24657
1265
43195
3460
24947
48761
49885
2631
5971
28353
7273
22481
14118
32411
31112
10513
24643
48656
41072
24995
34427
48334
13952
35084
44514
14935
42675
44429
13623
27373
48634
14446
26566
38315
29980
11381
44245
1958
49816
15048
4905
20947
15942
23512
20786
17235
5784
35971
49925
12385
25284
44477
13924
41158
7043
32354
28903
32492
46379
12806
28146
27070
34071
33363
20234
12687
9752
13749
46771
23594
38763
41596
45047
35849
20050
10819
9129
14308
44413
5284
34091
35942
29287
20969
11205
7988
24421
23682
5464
19815
8582
25705
15665
49129
23721
15861
35407
48025
24066
9782
18975
6639
42101
30323
36340
13396
13347
14595
28716
41187
23482
21955
37128
29277
18802
15751
13598
47040
29171
13121
16301
9308
3515
10377
33666
2717
11133
34500
26220
37194
24424
40844
43299
41737
2581
8623
44958
23575
13866
25304
2771
48195
45913
36057
7778
1789
25870
38745
30634
6361
44156
32132
8435
1979
15531
11050
28582
21937
47663
28591
19971
22241
24014
24336
26637
44750
47796
4382
5737
20511
10243
33776
41120
7680
23088
26055
16942
29328
45292
41537
14615
48751
4453
44703
47493
18535
49872
30735
46634
38971
11085
20955
28810
6024
47600
33613
33563
16151
36755
28863
28997
21295
8039
33912
18977
20824
27467
30858
34200
7108
31929
243
5217
39112
2875
43316
22835
8634
21622
33087
18282
41418
24044
31376
8911
15196
41624
18276
14464
32579
27111
48297
39603
16926
28800
28507
11988
9576
20909
49288
9619
10213
13460
49361
25791
40414
48865
31752
14776
18249
17918
9714
17274
33002
10446
34492
41962
45007
35443
33646
37727
10673
49798
43966
1139
8029
28014
3966
6819
31221
13145
1317
6804
31427
25637
23521
19669
40947
46085
14029
35120
13542
11435
9118
10241
45649
34194
32597
12663
39795
20325
35409
32813
32873
26074
12451
44118
14257
41859
27519
17619
15331
13802
2770
18673
25323
32067
46670
41031
30471
17593
22828
9710
1119
38886
20548
8880
44244
26167
34828
1276
26954
25858
9994
16269
30965
24499
26991
47076
2179
30709
33471
3277
45203
14611
23634
23698
28804
8163
31106
11285
19045
11395
25244
10566
28697
37678
38482
45130
33267
8317
35695
2330
25341
15766
13005
49026
8412
43018
9686
18494
748
47813
6436
11736
4834
4955
42265
23114
7126
39130
45249
22343
9676
30668
3330
16586
15616
20249
38457
33854
10001
10512
13778
33338
39417
18298
8340
40771
37798
39584
9483
25352
7840
7328
24012
6391
15067
32208
7928
35383
4990
20679
34062
29810
5188
35259
7817
6474
38870
38170
19069
21358
37969
46482
19572
5615
10093
39127
8571
969
34392
19306
28528
45170
20669
45362
9593
16980
34054
43572
14452
47116
22558
41199
4206
49197
4480
6126
48187
1377
10150
30139
43865
6476
2737
14487
16147
16238
17166
27386
12392
27941
10199
44816
43437
19992
46790
39643
27089
47293
34853
9952
28882
27247
22710
2026
38145
39741
5578
30777
2911
22336
42707
1180
11225
25305
4545
24706
49466
45205
37901
29689
10005
25737
26584
46487
1835
46412
16870
33422
48841
19825
9430
14076
25144
19907
43432
5997
41933
9534
40054
39979
23860
48994
48850
42449
19372
31646
16523
1678
44026
34602
12891
11468
24414
39213
40916
1942
1509
254
33195
40327
24918
8532
49009
48950
35934
14499
26975
12641
49088
45624
49884
8901
34165
20012
1523
29807
25338
24373
5373
20418
48615
2576
15225
30699
9357
49265
33286
47572
40961
40730
27066
12043
30091
42121
1608
25369
22107
46426
4657
26517
9863
39052
9560
48518
10037
34147
8757
6827
20698
45241
19347
27716
25960
10425
17672
10879
2542
7037
17915
29641
18695
4981
21627
27041
3777
31006
13555
37906
8770
38700
29240
25262
3256
27893
33651
30309
25527
37509
49400
20272
39593
14968
39768
49973
43273
29335
24220
41116
20733
18846
12701
22225
3768
6111
1426
15039
38508
16813
32434
10943
28736
9467
33823
45648
6448
6159
49300
14747
17926
5526
31690
47935
4958
11017
10332
2283
3890
36680
30481
10396
31571
15839
7525
25768
35792
29456
27332
37889
29667
19827
16661
47177
18075
30532
5078
46186
49395
26698
16241
25670
36539
28966
2003
13014
3707
31575
29354
12666
38374
20820
30288
30893
41582
36852
36668
26251
39463
6765
31325
4228
30794
1600
8180
36834
34640
5224
43447
39175
36010
12817
12290
43410
34529
45525
33270
8185
12920
29887
21570
38750
15717
34976
604
48824
9004
28108
35718
12046
503
25327
38349
49648
42436
8268
25287
38744
35943
25329
8508
33138
4966
46384
48411
19787
41556
6650
29018
8197
7917
13408
39114
21131
28935
31056
48326
46867
44815
18336
17914
24294
27797
24788
16890
45610
44025
21735
42852
20195
27702
10632
27311
13975
15268
16790
36502
1554
13847
26625
35897
8625
36027
6635
20165
36271
21963
2089
30442
46333
8246
9651
15188
29082
16105
23077
29281
18178
17164
48444
47989
6907
47529
49240
28255
31494
40873
36037
8455
44571
14579
40059
8712
47087
38597
14428
2265
27923
38232
18173
31612
3953
24897
28805
39845
31775
20547
25092
8564
24153
15700
46353
40145
26293
2897
6118
11953
31750
19459
40846
22938
28404
36718
31267
46995
30403
25587
34456
28069
23065
8729
38978
47545
47278
31441
8721
29140
33998
35367
44475
13822
3452
7219
38273
47262
1702
35024
19969
44284
25888
7586
35951
17623
38052
1666
49337
11068
31426
40878
35840
10404
49302
30465
35100
25071
16109
22759
1878
42315
33736
21954
36219
30331
36525
42169
15594
43164
31453
32226
42276
8611
49317
10957
40525
44324
6208
39235
19241
9351
34102
36701
31281
41944
40407
40121
26368
25229
28006
20148
48713
41729
5
15540
49186
12447
18471
37378
29390
27427
19165
47482
31520
49526
17644
4059
49015
9567
21805
8796
20507
3790
16036
38174
24002
36417
301
16064
23366
16312
295
6033
45954
5994
16984
16743
49746
40176
13826
48050
17507
26467
18144
23092
13544
48570
39062
16289
23442
12356
17027
814
15736
10433
36364
16759
36639
49497
25503
22126
28929
47390
45568
483
19990
27724
44179
47024
47320
35326
42126
24544
28176
26560
47933
27952
4301
18962
20826
2340
21721
28989
25906
47310
39647
23550
6607
29507
32879
41728
34651
46222
36905
7931
19395
33538
33411
48815
117
43989
43119
2999
582
13094
27157
26128
9026
32498
4746
37659
27651
45965
34478
29645
33309
24619
48721
28125
33209
8746
29923
32773
29039
12926
27044
22337
24623
730
31739
37035
34908
20553
22721
7922
40965
26787
37557
19337
37855
15812
32924
7872
48710
19414
30610
19867
39838
6197
34491
14444
27920
4548
39309
29312
35626
21287
2731
5152
37075
22903
39123
31664
15275
26276
13541
16683
29953
25353
41140
19374
7254
13363
4464
20154
14811
30065
46562
24317
5231
32031
5303
44190
8173
42280
48456
21897
29705
46935
30057
21836
18076
39139
13603
34138
17326
3851
3897
29478
11188
16135
49069
8541
10147
37110
23536
24342
11882
28032
41787
49675
31442
26543
25801
17048
4559
49797
27582
20767
42015
34313
16234
20600
5862
22402
27432
9172
27421
18776
32863
14314
24451
3744
21056
33290
45356
22505
14038
7851
3814
48152
47487
12435
7192
34960
38016
45982
33679
32825
834
3792
17081
49749
49370
19924
3430
32907
36931
7481
35478
44732
27560
38215
5198
24410
19786
9613
21352
38233
14134
29102
156
1806
37234
49255
37383
12814
36309
11844
8851
12332
13807
16775
17637
30491
1525
1151
40699
47321
2144
7822
5491
32445
16167
32144
30856
18609
49586
31663
43892
647
6504
46584
11341
49410
5589
3327
46779
49862
24708
14917
20993
23176
25116
2434
2670
47899
35749
27523
43171
5159
35977
1716
5538
31882
39582
40035
4652
18952
26957
10203
37410
20276
5022
15746
18649
39445
44425
17844
11338
21535
31076
10068
11672
5252
39380
4066
47553
23876
29989
4553
17586
18101
29518
13401
38932
38454
19419
1902
7867
43877
11145
47418
9452
8524
18315
32932
25819
33329
33705
10719
44713
30336
40474
14994
30428
40629
44424
6801
11044
49053
2385
48558
10222
23143
9884
24790
20434
35656
41561
40304
43383
39686
39628
5310
14164
35778
43592
39910
9544
26684
19988
16705
40047
41184
4668
26238
26645
19736
8018
32650
6515
1463
22059
33771
12714
20084
5910
38474
24968
32697
41946
30056
2404
22690
7818
11501
38450
7969
22352
15185
2769
33993
2058
43440
30586
19183
20937
43817
37880
9141
7064
26631
12790
23508
23517
14470
25739
7549
3658
28661
35962
14266
33371
1821
12345
31965
40442
31740
27166
15335
39149
40006
11396
49530
24521
4053
15093
8615
16789
24796
12399
162
45013
45737
17028
11416
7758
3666
37388
3411
9878
38668
41201
18347
12704
35689
14492
27500
35396
30092
7916
21039
26456
6041
33302
29579
30179
7978
39950
13558
392
22608
10164
43106
13670
17471
14493
28569
27900
15626
47966
48482
11587
21741
32060
26580
16122
6864
21967
30589
3952
43384
18259
14469
25183
1685
35070
6140
32126
44819
18787
31768
4620
6384
8960
39785
44825
4536
4943
33543
34249
10672
35864
19211
20592
47448
29954
31178
27145
48124
42998
4664
43883
1729
46465
19563
682
49123
4643
13450
29743
36462
38754
30527
17515
22780
20164
38249
32332
43681
24023
13441
8620
18395
12896
17932
45845
24195
14527
25148
44820
29031
25749
1462
11868
693
48085
37096
27388
23982
31279
27438
25126
43347
2661
19991
25584
17032
7083
31327
26642
48059
29340
5725
14789
1566
26507
6882
34609
24485
43762
41971
23298
23379
5094
46386
38382
12873
7769
48286
49864
26663
8947
7965
8640
48770
25483
47894
11924
41349
48405
904
5154
9943
7076
45405
29071
176
718
31905
40348
28813
33853
4647
45327
32271
8888
1947
26312
23964
23197
40138
23201
33213
22160
16106
11528
2205
12197
37646
34906
27362
46398
20948
7592
12901
42217
38760
24952
37042
45286
14291
30725
23759
41386
47090
1042
36861
27126
10554
36222
32270
11132
134
45548
40160
19655
4798
32617
29894
7864
22965
1165
22916
11449
39126
26032
14815
45830
14551
42058
31486
19071
41203
8493
36456
22446
11077
40949
27912
30992
30338
18899
15317
33837
14881
18386
13165
19847
22857
8621
35240
48231
553
27653
35852
32248
10284
38818
25028
25077
19205
33549
22360
25373
48383
31455
22342
13440
8881
19683
9204
41836
38772
20551
45743
12565
44938
49785
48795
15488
522
38563
22128
13835
20258
6393
40439
26956
39332
6040
29279
10469
6
8686
43280
22190
19172
27691
18470
30575
9466
20708
2900
30896
14154
23064
12432
48927
16482
25514
24991
12637
41414
8359
38976
3804
835
43551
24394
19214
40244
23520
45492
25222
29611
2158
27747
16449
4706
2142
42024
12518
9446
15579
10271
14803
7725
16034
8551
10484
17772
26321
37066
17856
21668
48133
43181
14155
42106
39981
8219
4029
40680
13735
48962
44720
26985
30144
12711
15598
1072
23908
21600
5963
39881
15731
5363
16408
49667
42025
15132
12216
41678
16686
22751
44673
34480
30796
29981
40404
6711
20239
19425
29440
48267
34833
829
46561
42721
34715
19968
38404
20603
26898
1354
38333
18487
21011
1055
9932
13626
28771
12760
27409
27739
20921
24102
39913
38596
41011
22170
29978
14507
25056
33551
1945
3099
11660
12364
39375
26585
11546
23388
42030
5989
42968
26743
13893
45283
3246
5857
45133
29311
8441
29173
40468
38948
30920
22285
3808
10586
32704
48821
42961
27327
22326
22865
36607
21478
3510
41329
4367
1594
2740
24140
15432
32723
31937
22461
18096
19912
20722
39714
47395
17248
30983
41599
832
43876
19904
25979
16792
28040
1351
37957
6734
36363
45921
21614
34822
23079
20535
1970
28341
49122
7510
47292
28875
31595
47907
39883
3977
30314
29107
29723
37398
16387
18084
43027
16224
13320
6048
46829
49390
37543
1574
157
16623
10877
30080
30867
48789
86
19282
11526
32741
9363
21203
43286
46120
2593
3382
42868
4870
15070
42182
35785
13423
17523
45866
47871
38377
18092
24578
23643
30216
30298
48067
20207
9304
29842
797
45868
37702
38783
18580
25982
2722
28138
26487
22800
9293
42916
36080
42798
29773
25679
9053
49336
31805
22593
47478
43871
18715
17299
10774
29182
374
28180
37248
8115
49077
27737
12219
26363
35871
34310
9591
43820
6180
45480
16956
12135
9704
28431
2112
36615
8999
42263
4446
12138
13106
41312
36878
7377
19070
15698
38627
12264
28554
6995
13811
26729
27030
45172
14520
14203
34735
25164
21383
32681
29718
33708
36196
33194
34885
43785
45596
37151
48436
39550
20932
34789
22507
25787
14787
16466
10764
32284
5897
17089
30443
34483
13769
4137
21218
41423
37986
27481
25945
38736
689
23576
13204
47646
49346
39269
44218
15659
42984
41327
34143
5068
12434
23869
10693
44207
3825
25055
6479
13768
27766
32732
45450
48910
47823
11400
21008
13286
30956
41891
2155
34672
34326
5712
49535
26199
1434
37274
43732
7783
43736
10781
39333
6215
17567
47461
38912
11866
19041
24554
8007
11697
2248
13097
38226
29827
37275
29931
33665
30306
25038
32491
44862
37155
10652
35965
22084
38839
3390
13111
33037
16315
27019
27515
26571
35847
11005
28833
15172
47767
26412
23236
33344
4857
15690
38638
39145
40755
34077
23313
44343
35866
15684
26039
20994
28299
14831
43938
40517
18557
39004
40845
33879
15152
39077
13413
22647
45789
2760
42692
23653
38182
30438
28965
45794
43492
27568
25497
12844
35832
7012
43272
33557
43402
20930
42167
19092
4369
37021
39195
1660
5019
31454
31172
22596
37699
24667
2701
1624
25833
45656
8854
3758
29075
8708
29322
32963
12605
29942
24857
24699
30617
34705
22172
32537
14136
31495
20333
49634
11709
14807
10788
49373
18581
45268
26469
35212
48137
14790
43279
23000
45900
46806
30218
28633
32926
22516
32021
42085
14471
37411
15054
12263
18326
24993
40531
42077
19843
7763
36676
34303
3054
45875
620
38357
17700
44438
46621
10101
19739
13403
26172
5077
48429
44941
23822
532
2671
40067
42754
44564
33841
39484
17609
34578
36621
46339
13515
25647
28874
10746
41854
40154
39414
39572
12287
24814
22456
39278
10141
39229
26557
5031
18916
2557
49155
34304
18644
15035
38527
22943
7443
28768
19037
26784
41083
14522
38922
25661
17893
43672
15218
27683
19549
5001
3603
30041
4502
16259
41884
2958
9527
42421
41907
41942
32504
44442
24501
14296
2739
9121
3542
36596
49213
15373
11076
12592
47889
41743
11057
43733
1919
48992
48503
19319
37759
6912
43700
17452
23538
30522
21683
14785
43842
21759
36367
13676
10235
23749
18299
6457
44274
2000
7007
33814
9404
12261
25337
38809
32694
18327
32710
46573
15625
1948
15759
44687
36159
42294
26155
15357
22744
35231
23994
3922
16414
2230
33890
5790
12179
17631
3345
7796
54
48902
42155
2718
30812
2202
46454
40626
19995
7142
8037
42
35327
1592
5738
2601
14183
31704
4071
29736
17160
9147
1713
45834
24149
24101
34668
6471
24824
6191
22310
18726
2080
15165
34966
48567
2851
31784
36352
25214
29382
21636
13372
3081
36797
11565
26060
18805
12101
6913
24082
31753
42826
40103
32902
20173
1262
27753
36347
36546
16332
28458
46905
5995
5640
34184
36409
45364
21876
21061
15236
20138
16490
33625
20449
9288
32065
48504
41236
43163
20508
41008
16271
4720
29499
32695
8910
33579
42117
39040
38025
35412
30407
46960
26751
38624
21469
15529
44220
26774
32073
14528
46393
49619
38201
35532
8792
20162
45244
45785
46042
8774
40268
41720
26116
590
34901
12445
21348
12109
7409
16674
42372
30367
23577
25460
11034
12422
49269
22675
22294
41234
13426
28906
19828
4155
4423
10907
19406
21952
13993
13352
43036
31851
24631
21396
27526
21489
41497
30540
46416
13377
20509
44680
44080
26781
22776
43239
25839
24382
32076
11184
1078
1785
39774
9754
24333
5071
9763
8265
46864
26974
39109
4211
29421
38312
30072
39212
24329
43920
32995
40757
37086
43882
2253
31168
45519
49755
47140
1736
28462
46012
7923
30151
38195
28229
422
34285
45814
18942
6310
34956
19336
33412
19429
47162
42397
31085
26164
38347
45730
12257
43628
31733
44102
29596
44348
14993
18741
14433
10549
46847
45991
2423
23436
17830
24697
204
16887
28054
19199
27443
1410
15956
18914
37733
23825
46880
1907
17573
31265
23188
16708
5507
13237
12762
12508
27277
33244
38702
2997
42514
15205
28715
49694
37070
48255
45927
14255
38079
1505
8184
30624
49625
15657
15611
40573
33348
12866
18613
3202
33098
36922
25697
15558
36359
23006
43176
6780
29955
7805
30664
20108
39499
38917
48055
37817
10029
42244
33793
18874
10537
4337
15868
34661
9185
35220
29074
41325
5010
26717
32091
20073
2871
6459
19497
29711
46337
42247
4030
29749
8588
43313
16322
37806
26291
22928
39645
42427
22853
14976
7148
241
2881
29932
40180
39446
28976
6499
42518
29470
41246
42339
8991
43229
12202
42596
36365
1144
7343
26636
14439
21970
11019
1323
13386
24895
20344
6213
6054
23071
28384
25686
9538
12295
18050
15697
11846
7601
40476
19831
490
12114
33075
45348
12960
30915
29630
2880
22638
2638
34499
24787
16452
5029
22698
48533
1483
1602
6289
35056
32246
33691
16531
5644
17457
16786
4731
48522
4208
32417
38286
4611
5670
34597
18602
27650
29563
23756
3669
28291
11001
8820
12473
32268
7619
10695
17807
38586
41294
22761
16636
5696
13824
10578
32576
45761
18720
44360
5779
43803
650
6035
32976
8761
6908
28160
35560
12426
44522
49028
24504
6387
16395
33822
5038
4781
35426
39589
34253
11741
4586
42873
11998
48694
28535
33402
42714
42524
29091
49837
8380
39029
12882
25567
19297
12650
20361
34069
31090
26296
4898
6940
15034
49794
38848
42523
24302
14410
49415
26380
9455
40291
32467
14030
1215
11636
40966
3075
41983
2145
15662
22236
8226
31072
8450
4013
42751
19352
25820
2107
42958
2354
48858
18979
4093
39497
47095
48953
39146
6216
39761
22845
43544
201
15713
39847
24538
22933
40106
36241
23254
35764
43326
49913
13398
36845
14284
4212
41900
17768
48670
16525
45857
37826
38517
39998
33409
42828
7555
23405
6409
35543
25111
30208
5509
43104
37310
47376
5868
28398
37816
42972
16687
38346
36380
36447
6142
40775
40921
26688
26314
35422
36140
14567
45964
43012
24381
42681
45580
49569
47383
27167
13648
11256
46261
44372
5141
46539
22484
44874
17962
23404
18379
15414
30265
35464
11808
31424
21336
26472
42766
37896
24900
16783
26476
24896
46366
12373
9834
20193
38982
28756
14644
39326
31213
40651
49993
24747
1261
7899
15090
26034
34186
34495
9846
29023
36659
10534
9327
6078
16720
33939
28561
18541
4229
27508
39363
9751
23986
1573
42795
48945
46822
11374
44173
35481
7250
25597
13484
18285
9235
9638
38890
43855
32512
882
4774
48175
2879
37092
28371
5885
28627
22830
2868
14355
28724
38664
34457
7347
32030
22297
35644
28754
21021
32215
22921
19175
1168
45856
24307
32706
18689
6981
22876
15240
8446
11172
42749
3651
45350
36925
12627
5746
8577
20837
27224
12390
27218
1385
18725
47419
25994
26826
12123
42165
25777
39664
49559
4484
2512
36838
7543
9564
5448
39866
1906
32996
48563
47780
35237
6579
3217
29286
30045
6309
5820
35983
33292
11626
14734
39246
25424
31881
672
5743
25291
23909
38461
32227
2511
11064
45526
23192
31912
965
48661
5037
8677
42241
23801
49754
24594
22655
22381
44086
44925
39629
11252
28708
26542
28920
15259
6807
43529
42690
12075
6100
12597
19909
5505
6953
42951
40463
25831
5133
27928
46601
47951
547
9835
12571
36079
32912
31207
37762
12517
266
41166
27977
23418
9614
10651
728
13964
40313
15945
40438
19523
7235
13535
8749
39142
13776
15716
16454
30244
4488
1883
30224
37336
34696
45611
37942
42475
8266
1603
26076
17196
31700
32205
27040
40023
26869
35033
28443
697
33941
29180
18668
35753
22788
12317
9470
49423
38243
8706
6697
25043
39836
11340
21575
31108
45594
17629
45011
20926
44695
25472
48422
46499
47641
49769
47993
11538
4729
48942
22793
42239
49107
8218
33191
48301
27254
23716
8861
26232
21082
27251
46529
11809
15735
7785
23589
43861
7436
44969
35218
7188
38780
49279
4597
8278
31679
36990
8916
19665
41924
4645
34876
5966
44308
45612
31630
17811
11030
24618
19321
40706
31659
38694
21818
39889
49945
34295
7292
37227
1350
1520
42973
36023
21214
24792
40142
3789
11471
6991
24046
45447
19882
39301
43063
5834
25506
20870
6817
5250
23151
14837
22282
32204
22697
6211
25372
6348
48937
47763
38994
36949
11775
7385
30680
23706
9088
24352
46884
14344
49784
45212
12710
37944
11369
29437
10738
10352
40072
46036
13840
36475
15887
14311
21419
47895
36011
5245
34087
11950
33511
37988
581
9343
44131
48014
30031
27394
13620
22388
13707
38131
19236
45636
23047
29302
27821
25288
36759
19928
11201
36437
9874
47483
14943
36587
8875
1923
17902
49171
16787
19126
48391
43267
15120
30820
49425
35629
48084
35105
3721
15992
35660
47485
37778
31880
48628
44098
28441
10527
32315
46139
37416
27094
6927
49935
39073
29395
23177
45462
7395
22814
5476
1687
44991
45407
16865
9245
35435
14506
26670
10325
44313
38653
49244
41544
11552
25717
3739
35586
44716
44027
12182
11573
38587
22869
18648
37331
38826
48360
21312
38547
14162
22518
25359
17018
34971
41736
42531
39138
24060
18878
25540
25093
27853
6301
16062
27871
6893
29306
32850
37532
37669
13936
18562
48053
23035
24973
46698
39120
14892
38636
48594
21448
2857
38040
19099
47118
10386
42679
9893
5435
17829
26346
8106
24839
40776
23608
24080
45726
21869
31503
30817
30406
43020
36606
25420
19509
20439
6413
34629
451
31499
40754
1766
7726
47890
12557
44491
19026
2940
25197
46004
43137
8187
34818
33131
23203
25263
35594
14893
6665
10418
21122
47926
29394
20085
46808
42112
30676
13144
31300
33500
24383
3310
34041
41879
20404
20102
7584
11312
27039
35028
46675
9671
11379
34813
44273
8552
23807
1605
38984
36953
23127
38082
17669
37700
38103
26820
1846
18006
13531
9970
30133
20701
38935
19775
21840
45773
44306
19558
10058
20867
28961
9098
25912
42662
1642
25747
4865
26105
21881
5334
44960
31276
43543
20700
42536
31423
46570
31718
40851
8116
47693
40603
20123
29208
28258
4503
17991
34604
13471
28996
42628
40639
10741
20491
36455
18166
7850
44985
46134
34081
23473
4500
46203
21286
47886
25150
22321
29457
19417
4198
30376
19283
16736
18089
27226
1440
21781
30458
11845
34836
8386
32592
25259
4613
6832
18366
22870
24532
45918
40674
33012
3342
1468
28608
9284
24092
23974
8503
49890
16809
18515
47439
48368
20178
32439
18988
41251
49215
46266
29651
31205
44676
6347
5617
3847
45204
45415
12227
9691
23798
9050
39080
7060
31989
19624
4410
3586
27036
30117
45057
1829
6138
26841
25754
10793
2627
49358
32699
7249
29738
43934
32994
38601
22335
1015
13607
11865
13338
13784
5764
4874
26804
11718
41089
48743
2780
9207
16785
44901
18291
41492
36026
35083
47643
35650
39056
36131
2109
48654
26754
24154
18418
13803
41250
46638
13134
26194
9801
8511
23892
40781
6805
42203
15768
24927
32173
36423
38112
23544
3827
8424
42696
25390
20254
16923
5416
30492
45175
16648
6404
17090
910
1977
16221
6227
19342
2574
42139
18426
26348
32245
31852
18080
48963
28839
42014
36850
16443
19952
32653
15164
23810
34309
43517
6721
7466
18038
42842
46604
6360
25949
17020
34409
13867
30787
4528
28529
39081
23942
33678
17355
22099
42655
38466
13709
27873
48955
1539
5561
24599
48248
19156
4235
37235
18116
42364
21095
32172
30000
1843
3725
20198
77
30907
32816
42713
16437
24810
9228
27269
33878
39526
20546
17999
24109
36381
28983
23040
11029
29131
10179
44801
18935
23863
47750
16121
40689
42862
38493
46108
34614
16136
3398
1360
24366
40837
27370
43160
37291
36304
36499
37703
2259
35152
31493
26555
30801
48544
13967
5397
21051
27075
43124
23052
37829
24132
8289
42799
48972
32311
17874
714
14582
28470
14865
24542
16429
14846
11479
40721
30479
3838
44023
16707
3274
15996
47204
27890
46350
21495
6675
49679
9723
13755
23578
6056
10173
28764
33419
2799
47394
22852
27892
33650
1971
40744
15122
34154
42379
19597
42760
39305
6689
33525
4697
30297
11286
7442
49043
11770
35092
231
29042
24567
38425
4544
15816
10
4821
25211
6937
18848
42805
862
13508
41258
31023
49537
30354
13162
40048
20391
25512
13473
12218
18462
14292
17310
29262
46364
16368
36753
21833
24364
20032
1263
9400
658
40520
20257
42535
18344
20424
30585
48848
26960
30620
43801
14079
39039
45617
20781
31874
36776
32637
33252
36229
24194
35900
40500
10502
49118
20305
14792
14073
15075
23178
29879
46342
16726
2473
34677
45080
38577
1152
28463
30561
37712
32703
26686
27474
43744
34161
15891
8077
18091
44783
37959
29144
7455
16796
31748
2742
11560
7228
40167
48066
41271
16966
30313
5149
33048
29310
26439
12375
429
13483
33163
815
9241
29867
40865
22358
4889
7402
32265
10935
3197
18758
45115
11614
32635
48936
34490
40515
1142
30507
7638
3873
20372
30316
49517
20851
24252
9205
45967
5930
39856
7313
3146
45627
796
46515
351
47745
43317
5838
44187
38990
30550
11026
8599
43113
21116
37877
20923
6810
33262
45102
30583
46828
3766
8951
8688
36239
49510
19574
36835
6028
10274
7854
11
28745
41519
7342
27561
12775
6463
27993
15634
19930
24743
41156
27231
26054
48738
6627
14504
15933
1728
12905
14365
28688
43857
24570
26535
20176
3512
33342
4684
12408
40852
11118
4469
21234
25279
22687
43894
3186
20311
43424
31303
13642
21035
45557
49199
22532
12443
41908
8150
42756
43461
31322
12689
20811
27160
49664
41612
39793
20150
11424
31098
37825
9353
4740
5465
23427
45984
32867
38154
8068
39292
36777
31637
15133
1512
27896
679
6663
25024
33241
35767
41968
37297
49437
21304
9194
6554
10900
28427
46326
33784
43778
14242
46730
48254
8771
10661
11515
45366
11578
15561
43527
37397
35980
34714
29533
20566
30962
1264
747
26835
28814
16747
2543
27880
6148
17260
43845
36572
47349
7575
43075
17240
40305
11417
17489
44135
15513
29952
21436
20098
36945
17689
32615
45383
29089
10376
8655
26697
13621
9770
44203
11715
13039
11937
28295
3638
27486
22973
25932
43032
30356
3987
32920
6395
5357
45632
5042
8332
27965
46927
16994
46586
36932
21461
24409
9799
15493
1553
35177
15555
34063
13503
13917
14759
9635
35992
43498
21514
35821
45514
38910
17968
31324
32211
45464
9562
28629
11750
23965
2183
11791
22984
36638
10864
18413
626
28455
40762
29857
13971
33587
18819
4200
24365
9275
17646
44752
25942
16527
1209
34648
19066
33052
40803
4062
34567
48312
32631
43838
26181
644
41703
41287
47972
26082
214
11729
42647
44758
9139
7557
11970
2756
19499
42298
219
2380
5751
2632
44450
23663
44612
8030
20383
49861
3119
20883
22014
9697
42577
12301
42052
37347
2983
35801
13328
11823
27522
8347
4753
23919
38043
36016
3039
26687
23130
35975
32852
14958
34076
49243
40991
22420
12308
27159
26529
37723
35497
4077
4791
12690
23771
13130
30064
3968
33109
32199
46294
24612
22556
6910
14665
31310
27133
26792
5588
1672
19242
1659
15332
18281
41046
7381
8306
41638
16925
47492
14107
10643
23417
36279
32483
27632
21062
39508
35544
32946
30463
10548
38509
43188
24301
48792
45495
2312
22722
12210
29282
21207
29778
41515
47296
28241
27799
46167
17069
36277
46722
49181
49062
26605
2663
11761
10538
9854
19834
9214
30145
5770
14133
7240
8301
29141
27869
9405
21000
37572
49835
35142
39276
10770
28502
7315
26294
5340
35264
21036
22074
12034
9624
20628
43505
43927
48512
29974
30918
31295
4513
40862
29956
25550
31681
26435
16143
34896
47672
20735
17006
20248
15451
30140
40886
25486
34509
7091
23432
10837
22881
21889
13751
35608
18920
23126
12380
34744
19568
7500
28774
28259
37539
30565
32391
1244
10875
36805
22252
22442
35795
42845
41814
48179
22523
35173
28701
5338
3500
33805
16505
45980
22066
498
18572
35499
12932
8423
1056
17114
17531
18306
43740
28408
24806
48120
25642
39232
15003
49650
12719
17225
23486
29850
19284
38084
6495
36183
36653
48442
34601
9894
35262
18286
22914
16943
45588
6456
8547
46732
38395
23430
10007
49114
12843
34866
21173
24686
10634
28958
27021
26192
43307
14382
32958
26711
12839
6987
28733
34019
41335
29890
47879
48235
22067
635
22545
4541
27649
28445
24160
30447
19090
35263
40555
48779
48270
30809
11322
36611
7760
5439
15227
2713
43327
39262
7776
25860
18737
33384
17476
22871
7855
32089
18712
39882
40085
7263
20410
17737
34021
6006
42765
28058
7000
18733
4689
2410
32322
42942
21341
39865
46838
5051
38026
12430
23059
41430
44001
48832
31869
1929
16120
7963
27835
5649
30077
20752
46419
46065
27564
33757
26693
18082
49696
36435
38318
5128
40139
47428
46661
20684
15789
39703
9729
34981
24353
49411
26414
14743
38730
31401
26254
41353
21591
17461
41212
9744
48061
14210
12611
22053
12603
40325
35542
46306
14165
48420
13193
15915
45121
41133
3301
17667
15471
10168
13443
10195
22154
16768
48104
20433
45572
14891
27235
9460
24564
24344
41087
49706
44639
29295
2448
43867
26514
14445
16394
6317
12625
3940
45700
15632
8257
33188
20556
17013
16457
1583
37955
20264
12963
12798
26203
49662
43519
8580
29502
41815
28269
27076
26997
23912
16331
23361
14633
36397
180
12810
20582
42861
23407
28520
48745
34212
3633
21849
22419
37233
9805
12745
13238
7421
47282
12454
42729
7679
7352
47897
44535
36804
206
44136
28389
34114
24883
29234
48560
24197
28872
45909
33766
29903
30419
19489
41254
7190
36713
2823
21814
7095
8795
29378
5213
8378
37077
46548
49721
32243
1615
26011
33540
18772
33773
19686
11683
8456
5716
49322
22433
36545
12450
4775
43695
11459
10327
30508
10727
39187
2348
42323
35315
19122
4590
10970
35705
45658
2681
48052
47665
2207
24955
37500
38409
7703
15775
43408
17855
35517
29905
27800
42020
26539
33206
7341
15043
35456
22805
7236
21099
40857
31909
2362
8377
30495
40491
29745
27023
24527
11179
12640
4483
49421
16215
23354
28566
43656
17116
46417
8722
33518
193
19447
43703
24915
27280
23316
37933
363
32185
11811
40778
14511
42113
19553
1711
8938
19411
40199
19889
25492
147
16460
45272
846
30113
37667
31028
22228
22696
30390
29629
40543
43904
34819
220
46156
11504
36482
15514
19032
15435
9738
44151
27214
8274
2659
44648
26205
45992
13798
10051
35896
48283
36894
23149
28077
28642
24536
47841
38673
15453
16463
38657
19461
23245
34522
35296
18051
18949
37242
14695
31998
34625
25750
48257
34511
447
39165
41864
35664
45300
32940
26023
47973
27566
26669
6163
8668
14466
6585
31001
14101
20911
11916
15237
21261
10814
20704
3356
31163
5719
7222
45673
39442
15306
13074
38768
43398
11314
46307
28803
39344
25039
38611
44436
47329
47200
20135
32745
47059
23017
36311
13700
45478
11798
38324
43985
19693
36547
41623
14869
2694
18834
30480
31858
1656
5814
46840
18238
32309
38012
5547
3464
3296
541
36217
39057
45960
10725
44879
2122
16677
14147
8277
35677
12199
34802
47184
30346
37119
39064
45145
21701
18442
23708
1420
7186
8343
14701
39208
31432
7073
34007
41927
28064
23500
40954
26243
42732
10328
42259
49201
40869
47662
26554
13399
35519
43984
43072
24791
18122
39464
4550
37731
41749
41816
12201
46920
29946
15842
41846
38156
31896
43691
18438
16945
1741
18837
19271
28573
20938
35421
22958
19240
11067
9237
25106
27804
24120
17266
35529
41614
31941
13960
10683
2353
29865
13789
18430
41751
47652
35058
47977
48546
9706
18870
34415
10964
41121
5446
9807
11161
28671
7724
19123
31439
37268
36286
15714
14548
28193
26857
40430
34676
46415
38437
24486
32404
701
3333
18132
35482
38345
3410
40910
37236
3164
2849
43213
37914
29444
37074
10785
45772
30937
12876
31270
15408
2985
48647
49024
14620
14593
41308
43749
11525
21029
43221
8054
13040
43395
18302
18094
18785
9469
26650
21705
2218
37640
11500
7678
7983
46063
9633
47885
29400
47533
3745
25822
21426
37277
32239
1133
17558
20487
11402
7772
49483
39267
30273
42593
12472
24296
42431
10342
36811
26593
13631
4165
47921
47133
16087
419
12751
3652
20109
3404
42080
4112
1808
11362
43289
17369
28287
32500
3598
47055
35526
34239
27567
40316
43361
19610
24152
7580
34010
12823
2762
2922
23555
8968
15441
15356
13361
46725
24910
25814
43560
32455
22387
14357
27598
12515
10773
2715
4328
7174
6281
49182
11756
26360
18893
999
18263
7220
24971
3626
44358
31982
21902
37020
31993
5478
7264
25324
34912
14293
6924
43003
3867
45432
1551
32303
38834
16508
6324
18792
16689
48069
13509
47510
2167
3932
47592
19155
14827
33115
1697
37978
5610
46050
7282
37244
44853
21509
16650
48577
161
39612
8982
28943
11327
49241
27221
18212
36796
14779
19511
48487
12314
48735
5740
45950
3251
14036
21729
27123
14484
2275
22131
13449
13510
18700
39751
24592
7152
26403
2391
11018
35876
21235
3943
37247
5978
37437
41883
24469
43951
21076
12115
47839
45380
25452
19353
11150
48794
33815
18078
22047
10825
34032
29625
33379
3724
16654
36788
10884
14216
4935
4816
36622
9028
34288
36620
46225
19445
14637
24040
35030
10294
38141
44352
18820
15944
24388
29590
46475
33231
36644
17544
9717
49747
5220
7046
41839
28281
12893
39523
20899
21976
23945
4336
3476
12231
18062
787
41758
39009
6527
27854
40619
14912
46706
25219
10898
10707
40140
39886
22748
3850
607
48070
4768
2943
20221
24624
33618
12815
32557
46581
24305
16225
19545
49734
34111
49245
46427
10802
38013
771
49214
2644
4549
46516
13831
38283
22106
45504
21090
27187
41675
36282
40221
21911
33648
17436
2430
44157
11317
6888
39991
28488
2798
12357
16762
7097
46052
25446
22427
559
37935
41541
36427
17528
25198
11323
49457
23570
10567
35050
46320
30749
11568
9902
23563
41658
2429
2079
39435
9427
32835
48883
14066
11489
11638
2750
25783
3433
16008
24267
33744
886
9679
38503
13551
10161
4427
5691
3649
8799
1389
3035
39134
35297
44560
31758
10227
13038
9168
10089
32890
16958
2467
14368
33476
35301
25876
6115
31317
37417
38622
3557
31130
44847
7430
21894
42282
38769
47724
30739
47190
22436
16324
45976
31760
13915
32922
43156
11253
6287
21481
37987
10530
48126
43436
22866
25365
22328
16029
15190
251
18383
20720
9663
33283
4622
33179
1547
26370
12110
18769
32857
7
17351
10260
33439
35360
25258
16264
14922
11608
49218
39101
46646
18514
37782
46075
44197
46434
45387
16884
39592
1627
38231
14955
25877
1559
39541
23602
2291
12125
14946
23902
7389
995
5067
25234
26266
24724
1025
40638
2456
32039
6532
11415
5591
4626
386
43574
17214
22292
41830
4225
48806
44554
38303
25112
35261
37053
39388
47960
7967
48851
28420
20158
23963
1291
11078
599
39234
23041
8087
16731
40612
23121
14372
2063
29097
38400
28322
43089
6925
44763
25442
13504
37621
43297
46140
23027
27911
13991
4302
6619
7753
4190
34072
3856
8766
40084
32261
3394
26071
41455
24277
28073
18237
2664
12972
34569
37754
42148
29902
22799
28148
8873
12360
32456
8026
27705
25159
10846
28047
2399
13293
8470
17449
11350
28177
13400
12089
11485
2883
41931
21895
27786
1447
16308
36025
12327
3998
29267
43084
836
32489
38496
46717
41016
37623
17056
13961
18217
49791
18956
49021
44696
5066
1295
15101
37259
734
710
16498
23833
27151
5632
1502
31521
27940
42987
7118
28638
7229
9622
45742
17131
38293
5771
16732
41056
13234
5710
14662
21424
39106
4879
32359
34732
34474
3994
45251
16013
23217
4194
7728
39372
32505
14598
18831
42163
16436
39638
9361
21154
40874
8743
28636
46380
49134
24919
22332
47494
24347
1796
45138
27452
42136
23053
40849
20782
36114
25797
6654
13770
49169
8570
23253
40564
47802
619
18138
11481
20380
2455
33381
21353
23351
25736
9119
3323
28031
6856
22417
43335
44865
38361
45685
14583
14200
25362
27531
43228
404
4700
16189
27961
28861
4598
45652
29939
33417
31737
32337
40769
32192
34168
18676
30665
40833
24603
24321
11071
7131
21465
19585
29635
2850
33303
39277
34663
27860
27259
30475
36244
46330
44650
45113
33710
38366
47614
40926
8516
19050
38681
44052
538
49381
43096
23929
48980
25332
36650
20473
47307
40079
42154
22259
43810
24748
26836
42668
28361
13235
3086
24304
16667
39557
47976
38031
30279
18901
36307
15110
45819
14687
41274
18008
37299
33633
44744
25536
12782
28766
36773
9471
20958
11377
40927
43011
17577
25545
30124
19158
31515
34300
28675
407
37445
9644
27992
20465
42980
1986
20871
13932
37656
16998
30784
34005
22255
42625
12277
41484
45390
10969
32927
4038
4052
42947
7623
20076
7453
13227
18308
36115
44945
18118
47700
48602
37980
29129
37328
3886
6327
43247
8031
14148
3379
44251
23492
38365
23826
48318
4377
6392
1813
15247
37761
3473
42783
12011
31271
35768
18041
22944
39155
41346
23158
48294
4040
45706
17215
35754
28728
48332
43126
33273
35538
14990
49763
26532
7143
45181
10870
45768
20120
655
15643
31559
18033
9916
30716
37504
13698
40265
23506
1739
20382
28028
25794
22634
32370
5911
45783
16563
18502
20047
21186
46792
32739
7128
49974
12966
49325
21526
2674
17411
49883
28824
12982
4851
35745
6133
38765
508
19987
48363
27585
46702
45185
10125
4481
31522
37340
41392
15345
34157
42725
27404
20378
42462
35369
44950
19975
36691
27297
49029
16626
21085
27975
26477
46387
30263
46304
18230
2764
5953
28662
25356
17783
13339
24869
36752
34683
3084
3260
36530
6699
13891
21196
44144
20338
13245
18569
21109
43859
39778
37808
20945
17706
7600
45091
27381
44230
1884
11726
39227
3165
16659
47291
22955
22908
42957
6039
15249
44233
34407
31386
35145
18280
38933
32822
7314
32705
19110
23136
20494
21013
14369
18507
18199
21672
34418
4674
21025
24226
12047
36815
20573
11664
24268
38442
37442
4850
5759
33738
30969
808
29095
31410
1448
23093
22810
19463
1369
41768
33979
45878
8874
4571
37443
25247
149
18767
380
19399
13474
16987
9656
15405
34134
33491
28630
26278
14761
3049
14204
18542
15295
19145
27727
48704
32011
3057
17404
727
1146
1636
5160
46540
24202
12039
31618
15916
44973
21542
24098
2387
9530
32216
25429
47313
34369
31372
2746
18106
31642
33856
3313
38667
14094
27202
21087
11877
936
24269
37848
33576
16156
31346
816
26454
30205
11622
43258
28063
31832
2551
39563
16092
9159
40158
30843
45062
27640
11763
7569
42513
49491
23396
10158
48464
45667
5237
41295
15041
16236
49562
29681
36227
44631
40332
10611
36928
23098
45919
47384
48378
24290
3287
24215
13022
23340
16268
9225
33684
7895
33066
26334
26750
19451
21491
5232
4758
5687
16516
34446
10946
4890
21311
46936
49726
44626
34116
16052
38035
48345
13519
34353
39455
18241
23580
12521
45641
46445
37812
3747
6988
49520
13794
11152
13012
23527
34396
26198
49824
5222
14670
16842
19138
6884
43098
17538
14151
2821
40182
45947
41373
37018
10645
35819
7697
48637
39360
32165
16597
14786
13181
10952
49445
39540
5197
10042
47086
23978
7624
13215
42373
35206
26943
31155
45182
2539
10716
42780
21631
25267
8436
30061
47558
20671
36683
36921
23431
7141
20253
33821
43724
2738
11853
43925
20233
49374
47581
38002
36523
4349
15269
26256
45952
7784
32253
250
47549
24887
1280
36458
5015
9316
32737
27122
27985
37898
17495
45288
42637
11183
12856
16400
28004
5639
15213
15631
10562
41690
38126
43708
6488
30429
38470
45752
37631
15131
25610
34647
35463
2984
32308
12604
5886
43967
17146
49999
27591
45939
1606
16997
36419
33250
37605
25295
22522
49446
6798
39110
13572
44444
16634
5344
38275
39452
41613
29202
10378
44386
22201
49986
24769
9271
23344
38401
16752
46067
104
29948
10828
1141
47557
24811
44954
33000
17423
19046
1003
40169
27701
43604
48974
41723
25795
13090
16424
25190
2212
5689
37724
21260
7506
49430
31414
24889
46989
18453
35606
6475
25784
21292
20292
3288
3085
5467
2035
6017
36415
9999
7318
19578
44396
5559
30490
14770
13925
22616
12391
24249
33901
7774
17182
23885
10526
901
3042
16004
7547
45284
6377
46834
29724
5091
28545
31366
41163
45264
42552
24196
44579
46623
20756
2905
23123
46709
47804
26680
44998
28985
20492
29646
41061
1654
33803
44239
17576
46303
11486
49417
17483
29972
48996
16656
45986
15266
17211
12466
40968
22480
35848
24602
4026
41192
11687
6829
6506
6902
23627
41218
4695
28524
23851
38441
26214
14954
40051
4809
42316
42584
7561
2744
39069
33848
32336
12912
44171
30505
49865
27383
38877
6082
12588
8898
1540
30032
48277
13412
2030
20622
26009
25525
26464
29772
35358
10987
30468
24974
27387
34242
17210
42147
11776
14843
36927
23537
23274
8986
42508
24170
6206
38363
22065
44708
4238
42660
44250
28730
11918
25542
22554
27777
44489
13351
12589
4055
2832
48620
4557
34485
35782
8224
17244
26649
11910
40335
31285
27355
39493
1234
31565
45023
3088
22815
33634
36243
31686
18839
47446
9753
3335
11932
40541
23227
34770
39812
27092
20515
19697
20514
16381
44459
3376
32307
20778
8473
30951
12235
8714
33846
11473
15022
40884
18338
4634
26573
48271
33914
10887
13887
16906
47039
30225
3223
23271
47701
46671
37480
40665
14396
13050
21192
28096
30873
48400
42330
46710
15914
30433
43796
423
11586
19534
37
36058
2316
18292
40850
32389
39007
39908
42654
25467
21467
16676
49732
18985
10588
5537
40213
41953
12796
21045
7016
29624
30637
23861
37221
42065
14564
21231
8443
49206
36738
39244
44411
49802
113
31482
15454
9515
29517
8112
31488
917
17922
4184
6345
29560
28603
7191
17911
8918
49027
1562
35180
12734
44867
35449
34774
26755
41173
11261
11806
7754
31264
27372
39501
107
47458
7734
33308
2820
5962
44790
7913
14650
21355
167
893
43372
37010
6944
23681
28687
11993
34240
49577
29223
25606
14201
36626
4587
41897
484
28743
19512
36310
39351
42067
38786
27615
16326
35685
25479
22325
9759
17431
4680
31501
10551
9861
21699
32933
18707
30635
10209
24435
1114
38469
21958
34000
3640
49319
45183
8465
27407
16903
22392
34437
45381
37049
16281
42703
31506
35307
26299
13694
42920
30450
46429
4683
30119
11732
47610
38608
10080
45487
4108
5005
29875
5485
21251
6547
11100
9034
38162
15515
21397
28447
47579
28167
17426
26240
14854
23540
16816
37072
4922
45208
37527
47676
23221
30083
49476
38537
21736
35437
7664
23685
9542
28760
31034
3380
15617
40249
31050
12572
9525
20613
42937
28132
46889
17574
15867
3445
16212
1590
19500
46431
46144
21578
2085
47929
6020
26053
3917
12296
25991
18357
13804
23551
21918
35265
18547
24491
13479
12918
34378
5286
35201
31002
7447
36176
26098
21058
7719
30451
24590
12033
20096
9401
46301
24925
37351
27106
27877
47484
35915
40707
17985
48614
24662
15238
14546
43078
46424
14699
11160
28210
11272
32521
27437
7111
17227
20625
46452
38615
2640
3945
39534
37887
7038
43045
1344
30643
34328
28576
17964
28079
21004
5293
13486
26445
656
8045
18754
42605
9764
13095
21198
48011
9367
21183
37964
40740
25493
27331
48700
43787
11326
11371
13429
35402
30152
34797
6202
12226
41699
42240
47551
210
27250
160
23649
21378
15741
3946
25729
21128
17219
24933
44009
28111
38034
40856
49760
48359
44502
43571
5333
49661
12102
41102
11630
4230
1541
9376
14277
29343
19042
34904
7134
44302
8190
12464
23845
45109
15547
47623
22750
34372
30745
46527
36916
44838
48206
19628
21746
48416
45628
21957
46679
28481
49702
41547
27899
18978
40226
31046
48372
11098
48379
13987
8808
29911
45682
44384
15377
14225
47762
29021
13296
35462
19107
35748
35665
11561
3383
19926
8648
37579
48021
39904
17128
28205
48473
39273
42532
47563
30724
44946
38921
36438
3219
43515
13153
32106
39830
27829
9879
4628
13933
14419
48657
24122
39614
11678
14648
26161
45703
4354
6952
44711
43035
38436
46155
19947
43647
47361
1800
33649
40818
1191
29943
44512
7027
44200
39348
37178
17578
29997
32116
4376
22333
4855
45631
43596
34630
37963
36948
42351
4274
29950
13371
24395
5908
27124
12858
29846
32880
33096
4608
27837
19800
15017
21901
29486
43536
26904
35611
12483
20056
2847
1037
45314
3858
8321
34
3168
8767
5134
40951
29389
3173
3959
47207
2563
48831
22303
19858
22474
37882
15092
3004
44057
24320
42484
15040
22083
43052
32264
43941
15195
25756
28366
43252
43451
22161
34090
41223
3823
39271
19537
19368
45707
2579
35761
16526
40574
16024
25716
21555
31238
32078
6685
8801
17002
43471
49296
24441
38860
38643
44482
13848
16335
42526
42722
34429
48357
28570
14290
38699
7887
30923
22890
25447
43794
34099
36323
47707
40091
21322
30324
22589
13566
41714
48392
14995
25082
16145
29937
7602
10206
26988
16288
20663
33564
12168
24380
45831
38105
25585
41589
44625
18902
30654
30315
24638
10487
24522
13273
39683
44147
14555
37708
15549
49819
26416
39610
16186
13842
12942
49391
13645
9073
33839
35483
44663
44934
21123
18844
26063
6084
7298
45977
18011
27186
42986
17417
34320
18136
46177
13373
28899
228
30105
16761
38876
40748
35561
9449
2378
28171
38196
32711
6564
7845
41811
46500
36015
29025
41892
37457
19274
49538
38788
3012
23080
42064
36479
33629
38928
33804
631
25176
2891
39129
20273
15683
5789
6016
3334
39599
23511
46232
16628
21139
41460
21709
4340
45973
13117
48045
1125
5593
28026
7858
2276
5049
35844
21413
19325
46039
5260
48138
22001
13132
2245
28944
11378
29830
24292
10807
43840
18797
15952
28332
24539
36157
18761
23438
29491
19593
5395
30307
45200
21520
19063
46299
48938
26574
3439
41288
3449
3271
17077
18778
25657
23613
27050
2223
10901
24266
40001
19219
9981
22968
9658
28345
32884
27230
13581
27956
16885
20893
48100
44191
26461
32189
709
43748
4319
3412
5845
22238
49719
10888
24709
21278
15210
22937
10750
29634
21832
29788
18585
47508
37136
27210
42307
10662
41341
4932
29413
7041
21340
34402
7093
14195
4106
34682
49277
44441
37836
20312
16056
29584
9007
23775
43928
37090
44437
35886
12180
7767
31321
239
2164
14577
26656
24855
6536
15474
32373
8903
6821
37772
43166
38132
3933
5923
16950
34531
39480
33089
27494
40988
31519
40753
37856
33063
15059
4766
43578
48390
32895
40449
18533
39368
27511
11514
803
4003
35563
8067
32878
16507
49185
1480
11484
13009
19755
36356
28509
4236
39218
46117
41645
29458
37992
37854
1093
9804
35
33881
23294
41085
32719
19288
25762
13016
33612
34215
38288
38931
36528
38851
47165
43741
39122
10135
24671
46159
4835
4957
33281
47625
43622
42366
31643
13856
46391
8594
4482
43655
545
34323
27323
14238
30033
19571
37062
25477
42476
12778
31041
35610
10085
248
20339
28741
30402
29793
13959
32539
2288
18337
36909
35090
49137
24272
8082
3956
7042
29290
2519
15239
5083
5390
1316
41940
16600
37237
31359
12656
41273
35333
44059
30125
41603
25961
30771
42399
26253
44263
33694
13979
35944
31767
23866
10575
4685
9950
34476
16094
12569
24480
23913
37491
7751
16632
36732
3113
24262
23789
42428
18231
3486
26819
4437
44497
47651
15294
48287
45378
7777
4839
25428
40692
3585
48324
25987
17174
30578
16716
14844
11696
2950
22656
3923
46543
39784
35067
29425
23023
26812
15732
44349
29537
40738
18204
35870
6298
3530
40385
48350
48127
36457
28095
36501
22165
6257
16432
17068
40960
24696
17864
14399
49958
36106
28440
4915
11935
17791
30394
49545
35108
21380
22969
40890
42384
49131
26317
2214
8752
6738
3092
42546
35659
40420
22185
6645
26072
3374
3432
6593
21569
16402
9817
44944
11367
6014
4222
45890
49832
19003
13015
26206
16861
3416
21528
46624
38644
17666
30641
29593
33921
41938
24516
43909
47449
25125
13231
38301
45850
47038
22164
5727
6630
47742
43903
17474
15994
36939
32158
26347
49704
30421
16001
550
30467
119
42478
31947
2306
9312
8476
42331
26540
25316
27685
27132
37756
45885
28277
27459
25696
16148
6692
5829
7293
38028
13290
13034
28218
15235
13923
7788
22607
13832
6438
3587
9568
35873
23067
20444
37357
33184
41543
4217
2913
23244
6271
24147
1618
17898
5587
17865
41461
28484
341
3276
17481
24852
27471
18
19014
43862
34963
30993
28969
4070
9324
10689
17125
1860
7410
27556
40860
18972
35711
31702
31731
19653
45523
14696
26544
31383
23762
22308
21031
49227
10408
41084
38695
34207
44597
7589
27730
34166
26089
30588
2372
37597
4709
35534
38787
32664
40309
7904
10362
37729
4787
10924
8650
27252
42629
14820
40355
17572
21817
19705
29962
36903
4786
12938
23943
6709
47747
770
2279
33706
29268
16343
45512
2818
12190
46805
49375
32954
32365
49929
12939
11434
41838
11016
42258
26937
46690
12899
29787
25419
7287
18057
20758
45471
34291
14485
42658
5884
35474
4378
28772
598
8619
48805
15020
11496
36211
27863
275
38981
49238
5279
469
19720
25084
31015
27807
25769
36762
45184
44046
7170
27887
40751
31092
1130
45767
21110
960
3367
19065
5033
20290
37054
42152
20866
28056
13475
44091
12712
3082
4654
20770
10305
34808
12720
25574
26745
12260
36198
32472
40017
22749
878
46676
48810
44755
22643
1671
27578
5755
30819
48575
37171
4745
46283
48949
36898
38913
12013
36449
27577
1751
44085
32918
8044
28060
24640
41081
16764
19725
7640
13405
15431
10067
18534
2912
18868
27183
15024
49812
12851
25638
9332
39850
11262
31926
5294
1324
18989
39604
24392
29621
11582
38626
49645
31291
49330
44361
19519
27599
34261
8838
26389
10779
44164
18903
19035
8969
4605
30783
39842
45821
14360
30039
32955
49212
32169
7384
22041
12463
25656
37200
8596
32898
26421
31625
21244
2180
44896
49532
38561
41244
30552
15519
26541
38825
23998
37287
36745
23022
46062
27820
27263
19569
8221
19140
1610
40339
41098
44476
1373
43625
4455
1361
22239
27
2757
5185
11875
44592
29096
641
5618
31480
37639
4232
46125
23619
39180
43460
39909
34877
1092
26797
8952
21433
7428
14142
11652
10829
33526
44799
45836
4911
17376
32784
25962
23447
19057
21497
8545
17083
43545
22407
46100
40379
45412
48472
14405
28457
36728
19193
14283
33762
43419
20510
43208
20541
37258
46812
6162
45444
9014
6170
46422
40402
22899
25350
35700
26623
10926
7450
41348
5521
27294
28895
21501
785
47274
1498
24049
36416
48983
31334
1546
26274
34814
46896
41521
13418
28747
31192
2292
22278
9852
36904
10129
18643
24104
8906
13748
152
1526
29822
10077
43441
26499
45239
707
42529
31655
15482
7078
15843
3435
15604
18029
8482
445
43026
24621
11956
31118
18554
22046
12171
38438
18376
30721
11855
29994
32048
33299
19884
16882
22970
14422
49509
40682
23102
32565
25965
41040
3572
30349
40115
38160
47848
25023
47285
5577
19791
39928
44246
253
21409
12887
35428
21711
121
36126
3620
20451
7881
21959
7685
28020
19487
46754
42382
1724
16734
29244
24629
45518
48876
35796
37610
12709
6706
27534
33807
15494
23723
7459
40454
28522
12489
42863
28276
31918
6762
26809
45157
1897
33916
47908
49229
42208
7420
26382
47053
25465
18809
25700
41505
16837
45090
35786
4122
2243
15099
38598
25651
43668
27978
19303
20709
3628
10503
12462
34843
35998
4237
45536
18254
38584
20545
15208
21921
49331
4949
34188
4767
41468
37839
38255
20713
15267
30128
16026
46576
19153
11101
28718
16631
32913
45748
47408
45883
11914
37981
9625
26727
46873
40031
41626
33080
24884
11425
6165
48182
14267
37477
30987
48912
33034
11680
7140
36772
27096
8553
22194
34852
18045
13746
23103
29368
7834
20885
23894
8822
12274
26703
19390
34192
24027
43129
20928
20053
8487
19696
5331
12695
45306
6322
26036
39406
21276
32808
40147
30658
15109
40715
9093
29361
20450
32696
17565
29790
27208
49750
34177
9410
7387
36285
23277
12610
38003
46029
36908
29717
44346
23174
19480
7301
38167
47245
18348
32058
37402
40824
5388
42555
7615
43224
9224
38158
3908
43726
31147
17318
11749
17799
24231
13476
1012
37802
28793
45458
22568
15089
22894
44800
34950
16294
12976
39284
44480
49736
1661
21114
25087
21835
20964
9736
15953
42840
32221
24455
12099
44326
21262
29347
26326
21637
45389
27296
12098
28369
2928
18414
30847
4832
18506
25952
43429
34755
821
22659
40977
11881
33595
46814
33530
44042
47041
32071
42352
38560
4901
26145
14112
23905
8741
37169
34807
47764
32251
24734
17133
18654
44212
17228
37316
3735
47205
34105
1529
34031
48675
4375
32981
25553
24606
3493
49289
25400
20525
44595
45373
33876
40720
33073
3727
12889
27622
13667
49978
46508
1869
26287
37769
33567
19680
5167
15777
29166
19591
20183
49080
4817
29099
15029
25781
15983
17143
18185
19643
25838
21764
25981
32425
34800
9964
32464
18311
37776
25325
42881
30209
22349
22139
41041
7072
42000
33129
46704
41722
4214
39091
49291
33171
22517
5280
43975
42833
22770
38939
18849
41242
6768
13719
20681
25453
18202
30281
26996
30257
35809
44714
30008
40600
5748
3331
36400
27858
40120
17034
44089
17905
4687
15353
34847
28746
20814
43245
7210
39983
29299
14058
32639
31781
41351
22178
22208
36513
29391
22117
31564
16791
28046
5453
40466
26180
23303
37520
9529
12487
22847
4171
49280
34787
34028
37785
25009
49826
21529
12730
19097
34528
11752
19324
8759
42228
48559
32280
42670
35233
36053
33797
4317
7622
15273
25897
33479
13526
26168
15464
8546
11753
5839
27836
40772
4760
34782
14298
35441
28612
28819
40957
45082
3723
3764
1326
4713
28497
9289
16730
35826
2411
22939
12552
15971
18595
38124
47411
29049
49938
48764
1891
39413
45186
22439
10443
39478
32676
40685
16446
15618
20766
12460
46629
34366
15201
26344
28400
28237
33483
5585
47093
45207
14237
11265
34889
15981
28517
5933
13693
35979
27970
15955
34603
39237
2007
7248
1995
33517
37591
29970
13713
39043
48168
44624
40319
31897
17416
45459
1115
4614
2625
1368
12618
15380
28713
6880
4833
21232
28660
41601
17229
48679
36443
30170
15901
8589
27009
23612
31249
18464
10778
42422
24488
7417
17668
46811
26269
23129
13611
17954
29477
24087
42740
12066
24984
30738
2890
9992
32783
43081
31261
909
47604
1794
45540
11153
42254
22503
37192
9491
37380
2531
9926
8050
12266
19000
8484
24167
19108
23480
44610
15159
23322
979
19220
40688
30506
20039
34652
3565
19762
49267
31577
5887
38511
8174
46130
44543
6631
34301
4837
14497
36129
2056
40785
19966
1591
35784
42252
36434
25105
21391
29957
14074
6592
8392
12128
12431
41577
24436
30058
28149
12087
43121
39653
20318
11602
33264
28703
29222
49808
33591
11536
24519
11171
15260
20134
40575
4120
17370
9909
41338
16017
43579
32452
22562
17201
45067
27084
2976
28869
24685
44582
29816
1957
179
36508
22030
34867
46553
44684
20783
48659
9133
11977
46226
1819
19200
42796
9756
24893
8622
30630
3479
21742
8923
48655
7014
13282
21270
26298
2347
40029
42698
25456
19863
37016
34506
3048
32769
2635
48716
3904
14196
8009
40334
1228
1001
13752
22737
22447
42825
38501
3685
4609
28654
44106
11250
46280
32454
35854
37738
39473
25261
32082
45722
18354
5544
774
29194
24405
21475
21731
19387
23219
29967
8104
43371
43978
33126
49508
37263
11461
48000
42699
23979
25088
21086
16456
31498
37565
36173
16389
18331
19407
13725
12403
17139
46104
34060
9577
11284
19029
15005
26699
3232
26678
37162
22093
43456
36450
38446
42205
41167
23603
47637
2458
47884
18466
28190
47606
1409
42716
49631
1805
3521
26068
3455
48787
25314
28807
489
6063
24418
48899
34185
34563
823
47838
14459
24221
23985
536
40320
44719
40100
17165
17920
44913
49140
24831
32638
26010
23008
5081
30986
37960
10216
23728
34953
9313
24664
45448
48729
32982
14896
2432
1989
8375
4325
13051
28453
38726
2332
10099
18180
11466
1458
31932
47270
14565
13651
38554
267
31938
15931
15578
39822
47518
15053
48125
26763
6420
17424
24356
42915
23224
17506
37254
12130
43880
25145
41447
14534
39927
44064
18520
47373
22367
18169
41222
5922
47429
47229
47542
20236
33003
21790
47236
32750
6621
16219
15715
22720
18680
38533
23282
16376
49248
2759
30108
25238
34067
14342
21319
859
45839
2787
23987
28165
15011
24406
22855
22409
25901
10784
42318
21593
35076
24053
4114
10582
31004
73
41340
21565
38528
26616
33248
21057
7952
48377
30296
37145
9484
3066
15790
21928
47092
37143
47352
12116
33622
24314
12749
42140
27282
28328
14391
41918
39744
13615
6276
45340
30270
39222
3926
16872
47943
42645
19094
32341
24610
12111
22435
22398
17080
40433
26531
34152
21375
5681
12754
12010
11772
941
20670
13271
42304
25216
14064
11727
3361
22098
49456
8882
2906
32401
20796
570
32700
22940
21460
40252
13655
10120
12369
46558
20874
18888
20822
15495
17526
34375
12323
47689
19676
7996
39945
12593
2555
37250
35334
21138
3233
32003
20357
131
31500
31683
24635
30701
36341
6311
21439
33711
42939
21847
33961
20718
42930
15124
37876
41679
944
30286
26762
3577
15312
33253
21745
49879
36109
40505
17121
38136
38322
33978
37945
17955
37794
44638
43698
45753
45074
42341
24130
12632
29475
4435
34388
45173
32953
7121
11730
7488
47299
9368
21606
39000
15788
14149
33159
47437
28023
22888
9056
26257
8138
22528
3332
36754
22752
17766
46593
47786
46731
18568
19996
26790
34385
22144
22896
30582
23054
11394
25909
29128
22235
32804
5787
12638
44602
26371
23893
13200
33974
4159
23870
27930
38717
48438
41634
24055
10003
10694
5809
3505
49954
31148
27686
36694
19078
47
21393
13934
25021
40338
2120
35967
20658
14383
34330
38884
18113
28226
44248
38177
27558
43673
39948
494
46252
41835
44646
26627
31598
20809
9020
9734
477
39458
33789
38096
1625
44837
15895
43565
26482
26715
47718
38146
4086
26084
26443
15718
49328
40676
3118
22437
37937
34271
29782
20031
40184
258
1158
13540
25849
21445
24350
24689
47260
48174
13686
34728
48709
12280
25589
5462
31094
34756
39694
25052
23256
567
33090
20498
36642
2963
30746
43284
4848
49159
35161
26318
30707
11754
12352
11574
45687
40809
33025
18288
12807
2848
17047
27360
42342
45829
12990
33067
15967
8893
42454
23269
10791
4285
43860
20342
10998
44448
47567
13567
15311
34558
8110
20381
10208
28307
18197
25919
30432
24789
26582
4043
17479
21625
10461
34191
13496
25123
32971
29820
47946
12894
27363
15797
1586
21023
38135
19962
7540
30684
26726
19433
11981
41709
11655
1154
43490
2002
10272
11039
18793
2138
15480
10071
30752
15863
38267
27510
6052
26228
35187
42784
40353
41771
41322
37871
7790
1095
45925
21046
44078
18360
25598
16329
30158
19632
32972
21388
35328
7889
23917
39230
33583
44857
11719
28402
19152
24094
36883
26260
38272
19401
48099
39280
39200
23165
35213
33950
47377
18020
43047
20889
17102
17434
27376
43881
30835
34713
49177
14407
35805
22964
34269
30755
38837
12073
21080
19838
46914
41269
2988
43870
19195
34990
1251
33716
4595
26012
26248
48123
25161
18305
24596
28057
48680
18445
49193
29407
21620
48644
8056
1294
41744
3427
15679
36055
5566
35401
13438
25107
30563
39216
13777
14753
45521
47475
46741
1938
13283
21931
48353
44598
14970
9281
41789
15170
18247
48256
39975
9919
299
2078
38817
46202
6968
2695
15892
2966
13252
43957
29900
756
44836
7908
7411
38850
38060
15457
17815
29947
11352
4195
1607
6728
37284
3008
38578
34832
32293
29601
27390
11580
15870
23138
1179
46640
1340
14065
31772
37763
5350
8990
31755
43818
37899
28991
47365
40359
18770
13243
40997
11957
20229
10500
32749
44370
9190
17025
24387
2256
13763
43130
29333
12055
31104
46987
3104
32799
39266
10960
18304
36560
1963
3708
44317
42540
38242
9609
31071
4712
28070
502
24722
45810
49876
49281
165
18957
46943
10361
22290
3151
33122
29685
27825
49481
47570
29656
31796
49079
46355
24608
39925
23119
45384
40060
28263
35740
26111
39961
38129
33775
32842
41000
49950
46183
23507
16194
37647
44957
17366
24043
12028
23852
367
43970
7581
43761
2091
425
42769
6018
39399
41419
19359
10647
12725
41753
5711
39217
49104
34690
12131
1030
37515
26056
30883
38178
16621
4400
9002
19599
25155
23788
9009
40342
25367
6462
6503
3401
22395
35268
16211
34888
20736
30764
42969
7106
35477
26427
39185
30175
9432
30948
38414
11186
8295
12541
11635
26511
344
35960
13127
7286
8758
11134
32575
312
20137
25201
31179
23766
28831
41255
38963
24773
42044
8904
2693
25776
9924
16478
22977
41796
44490
42858
4607
13112
48636
9579
5801
20145
47187
3593
21568
40417
2858
1166
48712
46602
47822
33020
8326
23781
21522
22792
20834
6240
38545
20263
11097
12981
25395
15874
16209
46656
31247
43378
35389
10184
14050
5289
8124
32136
43330
5514
29877
4580
13312
1074
28498
33394
939
11385
39389
21279
25669
432
15678
8032
42305
32993
26641
41885
38905
9908
17267
35368
35615
4088
46567
40308
3241
23152
33172
31088
39371
23385
18456
26626
8653
38445
32465
40303
40521
46189
32152
38746
23084
12900
14512
36160
41792
200
42520
14927
9665
14962
20209
30399
15590
49125
24959
29270
34737
20390
3703
35716
7848
49368
28555
29649
11547
19246
6128
23755
10880
355
1061
4178
8015
3711
12729
20395
14621
3281
32787
10904
15771
7155
19139
39002
14301
37533
3653
45865
293
31887
40478
20071
1613
28579
48236
17341
8527
34432
49073
18951
32028
1898
41220
25308
19642
2317
36887
12137
1730
9372
9795
29969
3996
22101
21394
12930
33247
40875
23230
25861
20190
3052
40774
41093
38263
1200
40499
12946
15645
29247
43940
33092
41270
37260
9969
11274
29845
10917
3786
46256
29465
36920
13257
28067
13646
7237
20130
26683
38212
25029
35860
25366
37069
10930
1999
6178
19503
10133
17311
46459
9959
9886
16831
15937
47936
14890
45426
15254
35655
22592
36737
2198
48964
22521
3752
40643
11543
11897
14643
2343
22055
23137
426
24799
16846
24766
36751
14337
41066
38599
62
44130
43139
11193
48065
18706
23386
9628
43637
23700
9170
43839
844
17277
48462
40391
20306
4956
18704
4203
6280
39749
22963
13728
2154
41742
41775
36392
32085
46285
26936
40625
33145
48412
17648
24625
44400
19508
12870
42395
5342
41195
29476
6303
3499
16317
29358
22972
32478
45895
31330
9718
9132
20751
35347
1914
31231
970
13594
8627
37989
12395
19079
19934
38943
19938
22199
33364
28285
26862
36706
18546
37828
40635
28000
463
49275
36008
207
46513
10621
43926
26512
27542
42630
4926
11137
43349
16074
25004
21925
47308
36372
38672
45029
19404
24399
190
23752
20189
16046
29090
30322
34961
21720
46334
16830
46032
26190
36177
42544
31053
9639
32431
3324
3519
40224
46977
20661
47634
32778
3668
37253
8915
7537
46909
47130
21518
34763
30628
16964
47237
2854
33875
44454
40152
36995
4408
26313
22082
39702
8870
37335
8449
12270
43076
36019
27549
2014
38439
39634
15695
6417
31140
6714
43602
15096
3687
37546
21277
5753
6591
18628
29132
6834
26283
15658
33185
11859
38711
19128
3927
5554
12974
16812
9957
27608
17877
17419
43083
39075
22090
37126
36210
47194
18645
19257
18841
45044
17594
42816
19929
37472
298
5965
21054
42325
5442
20392
32752
26813
5385
31870
38465
14086
7103
26419
17041
11991
15037
49593
17001
30330
20326
6885
4583
36295
8384
35865
37948
30513
46382
4920
36584
8405
22274
11436
3000
30321
29442
36800
11109
2578
14635
13019
15026
20175
31165
29555
49787
7934
5335
2116
13731
8772
22460
12659
48652
33553
41600
18242
14986
26721
23470
5546
32318
1561
5460
32000
24209
46871
41606
31073
11566
30504
7364
42321
3854
22219
14380
35167
688
21077
35552
15964
13148
32432
8192
5767
41790
33703
22985
38403
27158
21738
15921
39725
47679
6900
20963
33334
29030
33217
27008
46827
16520
1757
22195
1038
19753
39451
41241
10994
31526
20369
17349
36524
6601
27942
20220
1830
9079
17335
8191
41692
39752
43737
48292
14333
40514
19039
13858
25837
19102
21923
11089
34536
12302
31823
48756
34224
8020
26895
32015
6176
14236
26163
16319
26110
16114
28347
35836
441
21750
25742
39867
43661
12113
48717
22413
37406
41457
47609
14310
37505
44345
21607
34085
38618
32282
14427
30006
4937
7289
3700
32120
11469
17005
46566
16795
21092
30766
6013
46021
48605
42510
37409
39426
43743
38093
272
38169
2006
19309
31658
47356
29961
21758
24793
44467
32905
20607
15064
16230
28294
23595
11227
22653
39331
47978
30723
43798
17806
7300
16022
3621
27290
44249
3483
39786
13799
30372
24860
31903
39547
34554
883
24172
28653
42723
28500
17007
7900
14778
43223
6782
18322
46813
6664
33741
33266
30715
27364
18747
22658
8491
15970
28907
870
21992
25157
31381
11723
27413
44959
24584
23193
46713
30223
30929
34230
11143
36105
9474
32957
37541
96
23246
14894
29751
21068
31082
34655
9149
27794
41982
11739
23694
45243
9988
10482
10136
48244
13790
44553
17679
11777
28236
5595
20810
49366
47096
44931
34982
415
28986
5182
10008
40202
5265
10111
49403
6293
5602
42458
36245
43774
38806
26120
9689
32310
49579
13929
15302
41259
13318
33352
37598
17306
22245
11401
26200
48860
20237
17702
45721
13683
1812
48162
25015
30533
16514
9655
34033
11130
29364
26452
48005
22895
43425
16828
30126
6537
5408
9158
9900
29725
46903
261
47208
47332
36209
13988
44851
2680
49402
182
1744
15396
44159
8845
11482
28951
17305
39421
16129
43141
2998
13898
1587
37175
37381
9868
28897
24141
14248
11122
4878
22032
21120
20687
17484
45304
2049
43086
88
5701
6026
5322
19184
18817
21337
34208
26733
17361
26909
27265
40496
46148
34645
40270
32159
23183
40698
32502
13931
8815
1352
3821
26891
27661
34933
25644
22073
40606
45046
41534
39532
43266
36273
30101
27677
49897
45107
16932
1367
6262
25114
46721
19677
49472
36707
30235
40717
32717
44452
38375
17823
30802
15613
44741
45069
32257
26041
42242
30038
46025
41929
34159
9501
5949
47657
14322
14194
17191
6901
27278
47778
26088
7276
21191
36603
7441
23101
21567
29861
44619
30789
33224
11365
9887
4532
38419
48651
26634
6228
8434
3986
24001
1325
2150
7877
23454
35717
23761
29532
4192
20609
9
27176
32524
45747
41764
15216
21181
24402
40314
8041
26185
33103
26886
19718
16542
46938
9936
40727
33026
30700
46399
6629
34932
24821
42682
22506
11139
10971
12848
4708
48556
14824
43936
8548
22202
24555
11738
25054
14533
15570
7359
20892
44623
44557
16476
14315
1952
23699
25430
37485
3644
40201
35229
29040
20387
4392
8223
23318
5788
1865
24816
45926
7995
49089
46841
36093
36252
34282
42497
49408
28830
19174
9259
46328
2249
705
24948
32050
48410
10818
21401
19476
29828
32632
23157
38648
29595
46528
17360
5893
13677
26947
8848
35442
38147
29196
34634
11503
37454
28313
16981
45386
11236
36978
23358
44747
6235
31986
35366
5288
16257
29727
19560
36280
33806
8912
17990
18246
1768
46346
16657
5846
32020
22974
7919
31161
45216
4899
49977
2785
15069
1755
14804
32600
39932
48845
9905
40982
20946
6813
36662
39682
46046
25048
49047
3139
36424
34769
25170
25053
23499
5028
38090
14052
33981
47396
23403
930
65
19979
16206
23671
39424
5796
28880
32375
36976
46143
13718
11904
19805
20231
33940
28957
36695
46315
40089
12071
26489
38642
40607
44049
45245
11215
1647
41827
18633
13319
44869
44166
20054
9696
9833
16016
44540
49859
41458
48999
11649
2980
38236
31162
36588
18840
37182
2038
42566
5705
35450
17761
29698
49004
39679
657
23838
7712
43995
32544
30079
43112
47416
46390
18650
19640
28530
8628
2525
21826
30878
20790
37450
10336
28442
14686
26139
48274
25575
10790
7102
11728
10696
22485
22004
10824
44318
17269
32007
30846
32473
5241
48918
4716
31913
35511
274
1631
20682
25724
35300
43766
22156
16127
36078
22354
12554
10726
9830
46196
25658
45994
44105
19455
20542
15826
47770
39316
17134
17193
6842
1649
238
43963
1243
40061
47305
30445
38109
792
32570
4220
16392
13219
39231
21354
48348
21806
13378
36485
38106
39295
23647
40377
31215
12365
3405
40143
16166
26173
14146
10237
16609
10808
3114
471
2565
32542
4072
43606
39049
42569
14189
35833
7039
22641
43369
10701
3516
41314
30953
14393
30489
28850
935
168
47150
33015
884
19824
10416
30146
33833
12723
3462
23037
34441
31312
30973
27375
8419
29515
43358
13414
9683
48877
34119
31594
19750
4284
22009
23415
28890
26022
3284
37979
19583
21117
35080
46531
14272
45234
36214
13653
47272
24029
39841
22132
48571
21595
27005
29325
14777
42701
15689
37585
35968
8065
6703
1016
16428
12423
40952
6636
49924
11706
43391
33258
9944
23890
20393
41476
6771
23030
39680
10146
31077
46751
12787
39803
25989
3275
6716
11746
3971
42161
11894
27198
48660
29799
20645
31682
33437
15706
46892
6898
34181
43971
48662
47630
10197
6989
22250
30607
34983
9748
29739
41573
10629
19449
45461
20191
9074
9993
6366
6101
25595
6090
20210
37800
21630
20780
31855
47379
3491
46923
9000
21357
48489
22546
8616
10577
19413
12146
10289
41595
34425
38153
34331
2273
49138
42266
256
37379
49850
35938
33446
30193
42590
40093
46650
28275
37661
15620
48210
20831
13058
44968
45084
18424
48603
13879
13101
27713
49393
29033
35123
9707
20126
4433
27613
1965
39716
23355
25312
7985
43308
35439
13370
8216
20717
29482
14884
43255
40134
39324
19896
16714
39097
21990
2463
41652
10872
23856
1239
22056
49536
39082
25027
67
37080
8890
25152
6160
44327
16222
6653
2382
48437
36658
31675
45179
12060
48633
25959
37868
27079
31177
7088
10407
18491
1421
23325
45880
38224
23509
22269
26764
12030
18801
38304
13353
17086
21249
19052
32574
41605
40280
40451
46077
37721
30587
36263
45473
7808
3285
42814
40434
21799
7505
10804
39820
643
41712
4089
19019
41231
31478
17042
21174
45021
25196
30706
9769
10276
26620
2792
35243
22375
41969
10031
3533
15193
19226
35221
30972
43722
47596
15058
9179
37375
43872
21255
12297
11283
29352
41778
49354
44119
45191
13495
28990
16298
49379
19776
27553
35501
37160
46377
8418
16547
18396
31652
14724
22873
33204
8322
20576
23819
11311
40877
22834
17445
49518
45922
19778
12412
45223
6516
6411
27483
31137
45496
23169
44832
5497
10152
37421
44029
38794
696
34419
34306
35671
23980
22513
7876
18549
37694
31925
35988
4826
6958
35957
27412
31732
38299
46767
33177
26024
16745
20624
21700
33604
15100
17124
27289
45388
15919
10594
37026
41873
22738
47104
28151
22786
48157
42923
10667
39884
17297
47438
45493
31946
13291
35668
45778
15747
31846
28330
28762
44282
40416
1726
28187
14288
37651
49629
9135
1027
21991
37984
11315
2287
39527
15148
10074
31904
30927
36692
442
6822
19678
11556
43025
16635
37925
21159
18825
17601
18667
24876
25930
36398
29863
45293
38820
39669
1101
38075
43540
24319
35027
19921
6617
28960
37190
39239
33631
37023
30536
48783
1725
38412
42176
17120
30997
21071
40594
10687
14711
14794
41660
19607
14395
25328
27274
13107
19371
350
10866
6651
27457
198
5477
27473
9849
30618
44237
2768
22533
24642
29072
33211
6042
11306
5609
38589
8810
40648
2977
6778
13657
22377
9549
41806
48947
44495
29406
44765
20332
35303
5961
18350
39402
48880
20605
6942
49313
1974
20747
29221
36051
40953
7182
584
48693
6292
35164
25923
48919
20655
49774
10799
19192
11135
14887
30600
26859
14531
17444
16299
29081
19977
48502
18881
43678
34325
31972
15541
2974
35966
20593
15654
49454
25347
22408
45334
20988
12481
45159
33977
5120
12331
12188
7545
10627
22991
48909
4618
31184
24846
49733
40387
34241
19202
45169
21588
37835
49571
34045
43315
15614
32330
29578
46051
14652
5417
31540
21416
42006
48401
27485
11651
2947
6859
5449
44606
23020
43463
17163
18730
34985
32154
33509
30345
13067
13436
36497
6168
25763
7418
17993
14158
15425
31653
16642
33293
25250
28003
18679
46786
22534
41139
33062
11545
1096
21557
9006
16039
30182
26353
2327
35691
14231
9725
49422
12542
1275
44746
31241
25062
9408
44432
27144
2472
29859
18653
49350
27006
8889
605
42839
45650
418
30181
10999
23291
37643
43905
28305
22679
17747
28714
13727
16706
4526
5496
20954
11745
26302
45323
27706
22515
7074
4881
19448
26057
20763
34806
20143
16290
2797
42669
194
15597
42386
12344
19704
7515
42672
20888
30727
34484
30328
34559
28092
13178
23560
37943
16240
13682
17788
48630
19127
39590
36354
12372
16915
21422
5608
46689
22831
44861
40571
44449
30187
46659
48537
32183
43663
10983
14641
22092
8629
8141
46271
38083
32102
36708
19275
43514
16960
1438
3265
36371
44605
29308
27273
19529
5347
320
3815
46994
25515
16372
5139
43169
18454
30363
47181
25200
613
46855
44674
27348
49543
44053
24069
40628
40411
19689
44002
1990
27767
18777
26788
24533
31341
34477
20519
27749
43959
33488
7477
35159
12539
44275
10301
32812
9375
47088
29235
39074
18339
13155
24460
36111
23015
2220
33626
43196
41449
40644
9362
29150
36123
47297
12346
26928
32823
45196
5904
15330
8797
48323
15709
47197
28078
5413
8742
46349
31713
11891
15836
46757
24970
20812
11659
1449
22829
16267
39765
49552
19626
8939
46331
38476
7585
8388
38861
36826
29637
2497
6150
45037
36148
19162
29707
37562
43659
30899
40937
18417
46228
22719
31959
12940
16622
37764
36284
3880
32340
27237
45813
47569
37612
37389
5365
22583
2165
18097
2636
30524
23518
5243
19546
30782
28692
17862
3648
37329
4743
32436
39764
1596
24779
4808
12683
24809
44736
21103
46823
48641
12187
8233
14033
38738
36220
47380
20018
20065
37453
37624
33867
41800
14915
12053
47633
24457
30087
6284
43923
42928
29826
13236
15461
32949
39759
17321
6792
36889
21677
13791
8681
10730
13906
17917
49985
44868
44918
25000
28628
47736
27680
48145
47085
27179
25339
36643
28795
5841
46564
91
24006
24354
18756
44178
2690
13918
30371
39475
22010
41673
28242
29426
49147
20836
23747
43616
39495
20805
22573
15423
24772
15123
45713
49762
13211
19295
19357
17608
8993
32061
49512
139
178
23865
31240
41283
25405
13647
34886
40212
7159
48479
40723
35908
42556
5272
49573
43782
25821
14211
14914
34632
49488
12516
4665
43667
713
20517
49959
27729
48582
16637
37606
43822
25996
45141
38259
8178
27969
33169
46842
5571
10913
23478
48027
44607
15622
25233
45712
27684
3809
44675
26689
48344
45229
46673
24288
14592
19622
12512
20987
23349
46782
13448
46073
40866
3679
29730
28045
28651
13024
41495
22048
46809
17475
28971
30028
49505
41482
1250
36265
2219
18240
4298
177
22270
27571
35039
39391
15832
47939
48632
711
23225
26509
21904
11720
27091
33112
23972
42435
35124
986
15313
1538
7634
34537
8269
39342
39420
33459
7179
14607
2022
19703
45317
5044
22654
35557
47338
44115
33314
21966
26655
6577
37177
31422
16243
36806
17685
15136
24042
40794
29945
27493
37736
49499
24894
1708
6892
43212
2711
40401
31791
23804
28666
8391
9666
5993
33903
14667
43090
29804
11818
45704
14901
29618
49495
5668
38433
32037
39439
25844
33670
23148
8011
5520
23543
1758
18452
1921
11666
7202
48532
513
11229
14872
23317
46472
20401
42504
44923
41653
15783
41021
16565
46658
4459
7003
48524
28145
17199
25628
34141
9674
36580
16065
35720
41674
44016
24375
13164
4353
32351
25986
14808
44175
8168
38874
23811
46872
45260
4906
2369
11439
6444
25539
42871
29973
24775
28468
28672
1786
20316
39729
46462
2115
45408
18369
40101
27959
48251
27082
16663
12766
34786
35930
10244
8486
11035
36726
45290
8966
42452
3343
19885
41874
33337
38980
30213
30076
5921
16380
21762
43780
17385
892
13520
4360
46707
48039
19965
33074
23140
14185
18681
9397
38197
24438
38734
22379
942
23812
42757
16306
24644
32828
4032
27703
8902
47932
32680
5768
46776
21644
47877
14812
38371
20025
22601
31302
27307
49556
2812
46374
12880
49151
21104
6590
32800
29509
17497
31696
7959
48884
45797
31139
1183
40165
9750
39939
1223
19906
8694
1413
20250
9102
43050
48160
28121
34482
24412
5776
21511
5735
38246
2935
13624
30002
8852
2451
6467
11717
2706
41717
20675
20667
47223
49827
38821
42219
13896
31167
34521
20557
14227
29587
44036
39377
7764
11239
18119
7532
34382
1704
33072
30885
5427
35714
16913
9983
37698
37015
38205
48035
39487
20865
37215
48549
38723
13203
16152
20462
49371
25601
16608
9298
25121
31124
45146
24822
3999
38646
24007
2758
25209
43522
2524
13356
32362
14867
35248
28881
38369
4846
26409
8892
6027
48167
216
14502
28191
43427
18755
3520
30697
12583
44699
10043
36952
21679
15881
7272
37581
15068
41122
20471
46784
3637
7556
33608
21787
28681
36498
19147
35038
39474
30418
33331
10349
13885
38115
12006
33770
23324
34148
39587
4744
3418
7044
28767
21880
34581
43069
18205
39854
32585
35394
565
24345
38032
30574
13315
24300
40172
46259
44521
49527
41470
34283
15350
28401
42190
18274
44651
44599
32892
37737
44855
13118
4790
34575
39903
26402
17098
10041
12074
29199
21179
35007
35208
26367
23451
8181
40472
33114
4318
2494
3753
45507
14524
42950
837
36028
44693
21414
21602
42781
20599
33558
26211
10912
1828
15452
40133
22994
24247
2705
41355
7716
8657
47809
15565
16538
16963
27803
2394
13997
18081
44567
14381
31647
29229
16346
42211
15098
22006
43382
3336
31370
42264
5008
7312
46632
41804
23547
36876
48431
21926
44987
36042
35424
21444
19849
25556
13895
46000
44943
6171
17049
37447
36542
8661
3891
19293
39905
23937
29324
1196
22207
46435
44204
26610
1747
29433
23873
14392
2252
12753
9569
3070
43689
35891
18973
14262
4964
5736
18717
23051
23082
42975
24113
26073
46997
1347
44507
15905
25915
2795
33160
40421
43773
49698
6919
47733
2505
30301
9551
36405
48139
44008
49332
9772
16733
38061
8324
30424
33826
12159
16799
3348
32476
40038
2517
40014
8085
41755
144
25449
20734
19859
12756
39521
33967
40229
21582
18904
23850
14214
32686
25340
43991
21687
41446
6396
39396
24468
17536
42415
42848
42846
44373
16187
27051
13167
46825
34435
23360
35663
7577
14988
44914
4975
17809
10841
28066
46761
4425
11852
31200
20394
38640
32419
22674
46804
25954
15939
2077
16949
358
35541
37324
18443
45106
9049
47956
3481
683
42480
16902
20773
1163
8674
33055
4755
46642
35114
8574
19369
14232
28050
38260
17315
30543
32526
17142
3573
29993
1117
25464
25202
11180
14877
9387
34257
7579
47906
31252
1094
34066
3609
8726
31246
39392
14217
37036
1
35051
10642
2062
35875
15214
35189
15951
36722
12001
13025
45506
790
9996
19296
36165
2157
29819
47824
35386
6566
18272
32843
35889
2942
17463
7806
4111
7023
44183
11834
2148
31448
22917
48965
5822
22438
15938
13092
34776
47582
11512
36332
12914
24106
25828
7246
3936
37774
19238
34203
3655
34299
46176
31277
1272
39873
23814
38725
7200
27063
35094
19064
14819
29233
3072
18461
26816
9862
23975
31027
13618
4179
16643
49273
32129
43921
21823
16798
18451
40358
27469
12903
15374
25445
46317
34265
20750
12340
43670
27994
3387
16567
20976
19307
38614
40767
46251
8777
9341
8837
5855
6708
2402
13688
43204
44780
24263
15083
14681
1560
18226
11495
26720
33472
38617
49551
42411
39315
18214
5203
17647
17108
25318
20087
45735
21907
48280
21981
18324
26133
17687
35093
11237
25704
27080
30148
9488
41951
40329
48394
33091
30153
385
41597
17500
30528
36119
34380
6104
44534
33135
47399
35533
6926
3548
14103
34466
36967
989
43301
46127
17347
22773
32313
866
16488
10428
41042
827
16976
28100
105
36833
27732
23173
6753
44937
21845
31190
39753
18351
35062
5709
27434
15143
28710
4157
18746
43265
20297
44392
20995
10356
20650
49034
44679
14226
7652
21296
3740
21492
34164
41553
2571
48554
7317
29999
46347
40378
10723
15203
3690
18611
36991
21115
120
16647
4828
25534
30815
46410
43772
752
28089
14805
14693
26992
48387
31218
27768
8626
5964
18859
11927
46734
33347
46639
6973
27024
42473
37325
40465
25946
400
49409
34977
11628
24396
49874
1129
41795
42378
33792
39265
695
32206
35723
10424
13031
15445
873
48579
12393
48703
9822
8349
7156
17612
42554
30439
10882
20563
28923
43446
41890
32943
44794
27478
41437
46263
27988
16251
37463
29344
45517
37936
15215
25415
7538
5758
27003
15063
14851
38392
38964
20459
27071
32369
7260
45930
45353
16354
21078
48230
49020
26714
1020
8716
39395
34136
26706
47591
7625
38408
38268
7608
1972
14340
9374
8339
27118
49931
48347
31555
11353
282
46765
19348
8475
10885
8459
14494
34633
45009
29620
5960
18139
5481
8630
41549
12276
10309
13532
30741
12160
29934
2425
6558
26376
33958
36031
12468
43634
41045
3802
28516
49323
28119
29041
47089
12677
30909
5184
20245
26635
8672
42689
34012
318
13265
34792
40880
35425
12449
37129
31116
45584
24562
28456
6861
39695
47279
18058
26154
7683
24495
46255
39479
42062
33056
28186
20789
19590
24677
23135
3141
5750
33586
18760
26485
8926
29780
16323
41363
45036
28424
41950
18524
47435
1807
10543
38748
33017
42710
15107
14375
26533
4661
18239
28314
22681
16983
13250
14388
19612
16157
41367
33503
13781
30900
28513
30998
42003
43400
2752
20656
44402
5204
45528
23498
24768
12536
5708
35418
3477
37634
12825
26048
33514
34545
1279
41593
4221
10196
46747
17966
9496
34438
7295
6761
29092
32675
38628
15725
23702
42286
19493
25629
34875
33997
31539
40836
18986
10499
11817
20642
9590
37819
42063
20819
37489
16173
27322
13664
36268
40300
39763
2482
14430
31533
7746
2895
3016
29704
17863
39038
856
26850
23882
1474
9076
3028
39190
49873
8549
24358
48839
39737
12789
31392
14007
27435
43354
45220
10571
32390
14678
6719
24019
33685
12181
42009
23471
3780
28272
25720
31936
1522
7550
19724
20716
12103
21223
45859
4723
1840
9588
2568
22798
39302
9257
49767
22746
37279
19562
20891
48863
35341
40052
36791
30615
6672
1953
27904
35715
47457
45033
11182
1268
16941
17624
8407
24265
4934
33477
41970
7426
1761
5892
21757
12617
45999
2396
31431
28200
48930
44044
41498
4263
33697
14041
15359
9347
41979
1320
34623
43937
30334
21301
839
18423
35157
49863
8210
22366
38159
39412
38479
43170
37613
48417
28293
31528
46925
44654
23571
29609
34673
4294
24191
45076
38186
24008
49951
34075
13916
44537
25755
11616
2294
39191
18638
15200
2575
36739
44859
39970
17610
9101
28930
33568
31331
23287
1500
36336
35238
36744
20972
40695
23468
10394
15340
15610
10331
44221
2953
13522
35137
13065
47836
44155
19998
7853
33487
16757
49692
48872
10838
29674
34262
30970
26893
33421
35004
3569
8735
9146
48511
9537
22609
48072
13124
35451
3916
23624
18795
14006
25924
6712
42503
47766
19826
28383
33395
16713
46719
15929
38654
9719
45724
48484
1107
35272
3806
6297
44548
8211
38822
26768
12077
22064
13196
8586
17627
19880
41522
33687
25760
24873
15825
9290
25435
30303
7860
4866
3675
46157
44139
40703
22475
42333
45425
27492
39171
5418
22557
45430
22736
3892
18404
41507
49581
16500
43973
21949
27748
33431
39960
45240
1579
39250
27773
1770
48090
41381
19505
25160
31811
19749
29043
32627
111
45805
24233
16115
6295
7710
47443
49932
47983
33396
7841
7885
31489
1841
17230
19844
39627
1053
31396
25825
26008
40554
6737
268
34939
45993
31578
21899
43646
22620
32130
12251
47856
44813
233
14772
1773
49716
19053
37444
45731
20691
29117
15459
19667
47206
47694
35013
23226
31224
16513
2197
24939
15360
36266
39030
13578
18880
49976
10009
2105
34503
12755
10436
39317
38674
15127
41705
44898
39449
15663
16117
39827
5792
12082
9112
29191
12501
20336
48979
14760
31835
36255
27461
32254
15512
2338
37052
10563
38853
6296
9648
32026
48136
28246
30776
21608
43328
18352
42919
8160
30044
2257
7244
31253
17535
9673
35802
27464
38889
2673
2124
34972
49868
49727
39712
33180
35310
23261
6896
39254
25798
34759
20719
4477
30710
4162
8119
31326
44533
28423
45063
12624
47230
45618
4630
34721
39868
32014
11946
21228
46737
47015
49247
2376
28916
25180
28129
12724
22606
25185
36973
13465
10422
31154
47179
3101
45835
24916
48465
31525
46845
20129
21843
23677
41681
6552
44329
269
2235
23630
30921
9477
17600
28574
3513
46055
12121
8665
26031
42336
25718
7798
20168
16533
41718
8922
49672
28195
11691
23859
15091
42023
35444
41880
26131
25031
22251
18863
36750
21794
11968
20647
40395
25398
39999
42803
30473
16863
27134
40479
25168
48722
11228
46800
16544
2213
25280
47242
48663
15490
42251
35049
35246
30259
48043
49635
23637
48077
19609
18955
24004
29913
1836
13809
20113
28941
535
17112
18759
23566
21998
5534
1534
40094
6966
3046
19317
8072
28392
19557
30199
10508
2381
9857
5560
37276
818
44104
21824
12427
10840
24052
279
26969
21912
4022
8429
42786
11421
4034
35904
15889
31307
30657
17891
19770
10996
20353
4785
37289
19022
4419
42830
29293
30773
1693
3878
21297
27905
12929
3262
34538
23687
22839
24861
20218
35354
26984
48923
30350
30646
10833
19062
38716
2111
29116
716
32792
21259
32408
563
1920
22664
10086
27609
14738
34346
40893
31449
38072
27638
11238
666
7195
23934
12080
29706
28980
10091
35599
47527
6247
40231
32212
32944
9226
46006
29399
20358
33602
35025
36571
43462
5116
34109
3646
24203
49188
37681
42806
22237
29271
43480
33332
506
15436
19301
32541
48258
48246
20140
24201
18814
16569
5847
13976
14632
27284
25815
31278
44810
18850
34745
42818
21763
29605
32594
7807
28617
44056
29189
17284
18015
30198
45795
32985
21097
31425
16653
23546
42158
41324
14856
12674
30415
49
46453
4193
24812
25826
46413
19943
42894
28203
20256
9437
41281
14335
13524
4759
32899
27301
12279
39538
1023
8004
26094
3975
25246
12499
6725
7175
24665
34475
5183
15806
4405
13999
5428
49998
49778
26897
32232
29084
23273
24330
30486
21300
18492
20559
27687
11963
2229
19113
9134
17539
2169
4498
6589
6622
42767
19790
37064
14480
4264
18296
14899
28264
8865
8711
11982
17741
44792
39405
22489
41523
44576
39704
22540
14826
22457
19936
30852
5111
14305
20850
15328
42168
24780
33447
20695
27595
20815
37722
35256
46
48931
32328
37124
4341
47752
46147
19727
36147
3811
13261
21081
15853
27275
12559
46168
47758
21804
10755
17730
14258
42438
4986
20771
20788
48564
24513
28518
4537
34049
42606
46549
37574
46420
32807
39607
2884
31705
6849
15758
26944
38710
46272
15111
24762
45979
9742
11685
21663
14436
1419
29557
17100
32779
43509
33119
12987
40111
8452
45694
18411
9702
39799
7176
43731
26064
9574
4673
11155
13089
10322
7791
39489
4444
40286
676
19613
11045
21933
8464
49514
1998
47673
49553
33774
3623
26503
12017
23111
8744
19515
42249
4061
10466
28541
35920
1892
42589
12545
41382
19330
24946
23621
4812
6419
48486
10176
40987
1597
31332
8336
47425
421
29639
46712
45605
24957
809
18738
29464
49817
46785
13226
30606
6660
12884
38256
18064
6099
564
7105
27495
2724
1634
20629
25880
40234
35411
39698
741
6626
913
45642
25184
5956
23614
20544
26643
15859
20685
5181
11441
32272
35772
32410
38389
145
47864
23228
20298
46992
48413
18665
4103
12728
24070
3813
42746
12534
42416
42530
25683
42306
26534
975
17965
11520
28274
22762
38569
49467
36186
27771
31117
32125
10180
42810
22536
48008
41963
38656
36988
44417
47792
24781
10251
30911
25427
4489
28084
35927
18923
8207
3884
19164
5239
3030
49994
11668
8350
21070
43977
26659
30548
45177
46178
15752
395
38483
9153
47723
527
25743
6107
7485
42809
12456
12556
15607
25851
14032
33340
3112
21516
7457
19981
37535
45226
43117
45602
13632
21369
34347
2483
22627
24341
8502
6406
48854
4186
34196
44047
20504
39918
21649
21052
4616
27521
36840
44775
11762
9860
24416
37536
19865
25543
27052
16205
13514
33809
9090
26795
45147
43567
46866
38805
18162
30813
14799
24573
17611
48196
6844
375
39666
10088
5321
20125
46257
42166
1922
996
13080
15398
18382
47481
20792
25103
35932
31360
10658
36696
6605
1471
39528
10002
41219
39037
13601
11803
44241
13013
11169
2590
17254
17415
26896
36361
4081
36012
38565
13330
32716
48365
47339
9243
14925
3312
21167
24719
29979
35352
10369
10856
24935
15281
47455
49239
37820
16033
47073
18891
24239
22075
17422
16413
21725
6231
36801
46551
6649
32609
46962
10229
44795
34643
32840
41818
40261
13815
1824
39071
22925
15500
49592
10712
23194
8249
779
12007
9145
1425
27559
9103
42548
17455
8477
17138
20702
49599
29188
49903
31457
5112
6860
26875
25269
25627
25086
35290
23657
38568
35318
24966
31726
10789
44870
17205
18662
40882
7849
9730
12763
43394
8374
33346
16370
8480
19025
6975
29285
10834
8179
37377
24942
40004
7163
19866
42490
11419
29506
21129
41209
41820
34605
26995
30137
29073
26906
10423
46578
7360
42295
25100
49608
34987
1249
19707
29757
4761
10024
44764
19191
14691
40290
27563
33946
35744
12927
16930
35406
42837
4849
35953
15187
46970
24917
27631
48541
18890
2088
37366
45770
28909
27201
35273
40734
45252
509
21827
47949
38641
27059
49311
31730
47632
43423
3915
19729
17983
16028
28799
19188
13071
32093
39485
22210
11209
47037
49127
15166
69
46964
22355
25235
16455
39891
27708
4863
33548
45151
35495
28217
42500
11702
17944
1046
44545
25439
42292
43590
5215
9183
24921
41286
15584
2070
5017
31709
36544
34700
26201
47013
23005
7379
8111
289
31067
18596
41984
42994
27053
560
40985
24361
39651
26125
4728
20912
31934
27913
16177
46653
10217
20299
48650
19604
26880
42614
28036
6477
17509
18892
32416
47851
14009
27601
24493
49613
28430
6252
11082
29628
45938
13345
21447
45690
2723
5555
40655
13180
38372
1387
19785
43231
45003
42686
45755
24649
23061
1391
6081
22112
41323
8270
37845
42061
3898
46759
19034
28568
8798
13270
16572
21209
15073
49637
45445
1345
15780
4923
40012
29701
33326
32104
1517
7642
33161
18480
6731
35172
36036
28222
11768
18255
4913
27517
29045
16944
9793
32062
38650
41514
23255
45822
49030
29269
34151
31443
22243
36038
14703
17348
42238
9481
13213
36839
16549
14008
5391
45901
15279
13344
5714
26718
2128
20828
45825
7771
48726
29152
185
27721
30502
2648
36854
46408
27968
22104
39860
25800
41664
38472
20277
48453
31836
20278
41361
49516
26040
36149
36896
40914
43513
14265
42891
45899
45552
41779
3616
34315
44242
19900
40218
29726
49790
20601
5047
11426
35595
25301
23967
255
13978
36344
27909
44398
49482
30466
4800
3157
41618
48468
44158
11354
4653
47103
6158
31854
47874
33237
9657
2971
34459
31230
7982
23900
43262
21268
21067
13588
9808
26651
736
19654
31773
11422
47755
19899
29708
23760
27285
30605
5086
14828
5880
28848
28602
19443
5603
5671
15986
38384
33628
18129
27032
20936
36831
33932
3748
15817
45402
21941
34232
23081
9105
35573
46965
22509
13684
37473
40350
8331
11094
22315
8262
49224
46766
27488
15510
36766
1856
10654
12767
15128
44383
15784
41496
6862
13644
8271
45441
4886
20423
37903
40787
45370
34462
34716
22072
21556
29294
34515
42477
699
36017
10282
37628
34795
18165
29156
16231
34048
2804
47981
42867
6091
33345
5802
49424
7189
6398
8539
12134
40895
41279
37519
44660
30024
13030
8220
15528
918
4224
46821
22649
45718
9148
13280
6833
11906
24097
1718
22253
37089
32587
16396
25179
35679
30882
12286
23187
20813
5349
34314
27119
23725
19210
46954
15437
651
38420
25667
22088
16528
49462
22300
6517
43911
11360
32970
44227
34458
5563
47488
35981
7268
29581
6401
11943
17303
17262
20296
30204
4441
20678
28483
1790
46716
19285
41994
40376
16249
44710
687
42162
20833
27824
43641
41598
35036
25779
10624
45012
29346
33004
40150
22399
21015
30756
23897
19016
49523
17030
5320
44529
20900
12879
41015
16367
6450
9859
35151
44878
16788
5306
13183
16181
8134
15539
29252
46753
99
10183
4131
15733
35277
41974
43699
17076
20588
40071
23924
37038
9340
21132
9965
49765
5676
24051
18293
14861
41328
29577
587
43222
40829
6624
812
6540
11156
16139
30629
37691
46865
33537
6974
19698
11589
15793
36460
31596
30029
40258
10202
49643
35752
40973
8913
49113
47986
35250
22140
24276
44840
42401
2295
21408
44252
48539
40598
49563
14559
6344
36429
23125
5208
13536
6147
23204
44812
10134
39809
44692
31471
5399
31974
30203
44961
41376
12384
40109
26679
42385
34371
36247
46001
28588
26982
19169
3419
20436
10619
13314
813
6576
41106
8342
31444
20238
36966
10997
38902
1814
12415
11751
42444
34384
26440
5422
48026
41213
48424
18843
14841
4772
2545
42445
1214
8867
1943
34834
33317
36072
25872
43537
3090
416
9017
20067
1227
49565
27451
25565
1951
16220
3254
13083
19204
33341
31833
28828
15094
36563
35289
34451
18133
15536
11269
36406
14775
28409
44021
4249
19941
29122
41657
2732
40039
25089
18048
42390
7951
47431
6097
28099
16183
35294
30342
49900
9784
23684
25478
9780
24872
737
29483
38046
15676
4856
8575
2096
38896
47479
35747
6394
41300
6270
48686
16900
42635
16595
21914
16817
32919
3243
38570
7122
49428
17157
31220
36645
42941
32017
19564
43477
20445
23031
3518
34582
43662
31091
1353
24652
15168
25829
20757
29806
24271
33513
29057
31487
39393
24675
37174
37011
46733
1300
44254
48597
26725
21022
36872
15342
3359
24750
13432
8345
20121
6921
40333
25368
29213
45823
14628
27864
2728
36303
37751
11929
48023
12056
40065
43723
11438
15864
10061
48984
14385
28228
23159
35783
43311
35440
38988
783
16080
23712
19217
20857
3699
48696
49216
43364
49172
3833
2125
20279
40642
41585
4076
42940
17762
31354
44377
38214
4538
29971
20403
39055
19918
18781
39242
7257
14489
28182
39739
36203
1818
37517
14806
25926
1427
43100
23380
47217
48727
1924
11966
49856
36863
31943
26772
10950
16201
28827
17744
37718
15081
10242
41894
42764
27067
6662
25519
1021
11931
29546
32494
26020
31616
14111
44235
16771
1767
48036
34218
19521
48289
31749
15999
44524
14669
31030
12874
5856
22039
26853
9850
22622
28867
44260
6283
37971
2211
33925
45045
24286
37432
10547
2592
15177
48596
10339
12784
24093
41915
9582
32979
40369
48042
36088
47467
38127
48144
17406
38666
8206
43380
7828
38137
45935
46460
22797
4241
25744
47622
43143
15049
31785
39823
25151
49623
38958
12143
9802
23675
36816
24655
30842
33420
48595
37923
38130
47559
10710
32820
11641
4042
45545
11974
12685
420
38975
1670
47670
13341
7280
11724
12341
44778
2413
31477
26832
43161
25591
28260
47098
42979
982
45904
39982
16534
47175
15586
18022
17038
5359
49952
8899
5741
17998
41247
44910
29469
10384
20294
43756
41036
24849
44416
46677
33884
26966
13362
11456
13085
25738
38049
15163
17456
48414
22397
16568
32656
12547
34497
41672
27700
26038
30770
45055
1518
45482
9998
15301
16996
20989
16397
30482
20111
27548
40317
49975
36986
20200
35302
26285
39602
9280
14532
33857
15701
4641
4575
18871
7368
27574
19878
2645
5058
28607
15848
1868
48681
29232
40722
29795
19932
3497
10708
48527
2401
9938
3829
46049
40330
7337
29063
14325
3003
47649
42880
25592
48361
42367
34363
2301
44822
36983
49669
17173
32117
17659
32281
11170
706
8829
11432
37085
31782
15298
3006
49148
2176
7870
6977
31229
43981
18779
20479
6972
5853
16735
13425
34352
5703
49074
33783
5332
6179
41828
48058
23497
20847
10966
47509
49644
3818
46078
8053
18713
24654
25631
42281
2299
7114
44757
11443
25
15890
26602
4721
23034
41560
46267
25976
25438
34132
46008
14019
19060
14331
6743
2445
37584
36669
34751
23180
27620
25730
8753
11674
48269
6984
37946
49412
17183
19074
27505
43807
23207
10107
29525
3688
35378
21953
6646
5940
14011
7730
31840
41068
12721
47555
40357
11922
17563
22863
7571
27540
49697
9737
23063
412
10434
31269
40238
39181
33182
21934
26504
24888
27029
14163
41227
21381
10166
21248
36946
29817
26765
19741
45154
6949
21547
26942
18374
46488
17885
39943
1205
21590
36664
27657
3539
13963
1754
31263
48775
4976
13146
7618
36179
291
4100
11387
17332
35616
1102
12024
24679
12513
42068
42335
5642
46605
45414
27943
36248
39178
39357
47404
47427
26426
10140
48778
11764
12178
45894
24552
4880
18069
26628
22380
16530
9321
36599
9232
42993
19804
14646
41171
17342
18433
23335
41610
9721
44312
4511
26818
44288
17852
17004
29149
46854
22886
28526
22578
13637
41569
18992
13669
11224
48772
12582
41035
1211
48606
37550
32202
18388
20897
3087
35086
14449
23644
27573
26858
35578
38637
25921
48150
19817
14338
16824
11051
13937
38247
36249
2751
25916
6501
17781
31592
1809
10894
2149
6918
1397
24960
47330
30731
10295
30437
18496
10637
14983
46869
11625
18405
30636
17026
37318
28168
26526
3293
38001
30165
19616
2970
6615
20738
31567
7859
994
32562
19504
48708
680
35521
15348
8083
19262
44100
14663
23038
15375
20919
31634
46074
5291
14498
38009
32383
28312
10883
27734
6883
48040
24275
36974
25712
45949
37488
2774
45298
20055
42406
37895
32875
33050
41520
44344
43127
18163
37448
15097
5264
39090
14503
9317
6349
21728
28421
21819
28510
2654
49980
11816
40241
21626
41977
47346
46980
42683
39423
48355
43324
21148
45754
35040
44565
14842
41512
33751
12328
17842
39374
31062
29461
15655
26146
45708
4182
40262
34061
37028
9866
11136
6079
43962
4215
46481
40163
36432
35054
35916
42790
19269
141
18448
16986
10782
42664
36270
11112
27097
36783
16369
37150
35603
11388
32269
33601
35635
25300
19435
49601
38782
27410
37209
38832
25635
28968
20830
21069
44993
3906
15076
632
41649
27061
47997
25935
15509
35856
8109
83
32662
25059
9323
42340
48226
19733
42602
31810
19049
5025
8490
27204
38309
30871
2392
40209
11114
29553
23223
40007
31778
2072
30747
45416
11151
8313
15428
37953
44509
13517
12525
18167
15750
47788
5586
20784
7498
13561
27196
22789
47220
35609
31827
37652
181
41165
42441
4045
1931
16855
47941
48987
39323
2829
29598
11679
22302
18000
21477
28495
40742
31744
11423
46575
4350
30086
19055
46758
30537
35198
35408
16702
5684
29372
4421
19291
40117
41647
37176
38784
6258
38057
9078
4747
14390
42405
46265
46368
49701
5730
9052
40978
45490
7637
25095
40080
26817
7961
45068
26184
33964
39776
4543
25854
35585
40998
10612
6073
43061
24572
5369
29662
11885
6524
46755
3760
23581
44722
6529
46414
24208
29019
34711
6939
9370
14889
14653
8944
20367
37394
34201
33047
44487
2914
12531
40331
23780
23141
17664
1710
47341
7243
33203
34228
38051
12909
3673
34198
43771
25270
3302
27440
9790
6623
12852
44160
9877
48547
45061
25842
31430
27546
38332
9701
5106
24741
40119
34170
14545
31922
7028
14553
39606
23170
42592
38871
3249
1098
12502
3614
24035
41912
29874
32810
9187
49953
7030
40828
36190
17724
20180
24422
22095
28544
17787
30644
44501
35276
9186
15518
21449
40102
12465
30785
10122
40989
32134
8319
21421
19343
12998
40024
40577
27174
48017
37513
9526
7723
47566
6002
40725
30472
32589
37930
14018
1365
49566
10382
39709
31952
22386
25118
38776
49320
9086
7896
8598
5236
43734
26549
43554
29326
524
31902
12410
3098
9083
13337
6588
48118
1653
43209
20147
31983
27074
49525
29242
30019
22353
8013
41592
11148
5611
13133
49464
9722
49023
44893
15217
3095
8057
1033
20475
9252
29608
13246
14083
39282
21610
41826
13702
3846
20397
1006
29803
37627
13838
47122
43136
534
1444
18441
34910
4121
3071
20520
47759
15976
15831
11605
3083
33318
15199
47148
35804
39558
6290
21037
45498
38824
18727
39467
38564
31362
16617
21006
15182
37530
1255
24419
24672
25611
31388
7486
10938
15923
16582
37858
22883
36009
41032
5625
15989
2087
26604
26803
25830
44038
39977
48768
28052
22929
47048
19375
14864
2200
20321
29080
47867
27782
40792
46556
24034
39656
13289
16232
44828
10836
38740
27450
43954
44225
31684
13745
25943
35607
46212
4358
31866
37662
270
4098
2921
4181
6367
8562
32547
16518
49022
47111
20068
38073
1416
33193
25109
49722
34783
44408
9330
5045
25685
26341
754
4374
11583
1486
2745
41154
10792
6185
20122
11789
3352
438
40946
32063
10155
9978
14838
34357
4711
48921
5653
32707
31173
22730
12185
5214
43777
34394
9125
44376
8370
33860
15998
35556
19290
26839
571
16697
38157
15664
42704
38693
2459
16584
20060
21430
22960
8097
13445
27013
1088
271
12680
33652
20918
20232
12281
9393
30062
6741
25354
13665
13742
31402
13747
22858
10916
36672
8943
28845
43906
41730
18509
49168
34008
40477
29098
22816
17285
29991
36246
16613
23815
41380
21821
27885
36709
18826
41641
28622
12350
4094
33987
12294
36500
48340
8871
45876
26136
16086
31132
33957
27345
25136
43201
4279
16682
9641
13501
47953
37068
43980
16570
9497
47947
44858
42107
6954
42089
35217
45218
47704
45278
40537
5945
5318
13721
43511
15930
3222
9600
49017
4891
41734
28851
46998
4290
42193
17596
44949
3482
854
42230
32413
19043
29003
13017
4154
12338
462
38251
31142
20171
45662
12198
49845
31298
29419
19233
30155
8272
43935
44811
1288
32798
24444
45225
22222
19619
49609
20635
18601
12224
37713
12228
19176
12713
34920
22763
297
30625
2965
16118
18521
30558
25933
24688
40814
6928
5582
5756
44953
1845
35244
40429
28385
45135
43211
36433
26069
37486
1783
3914
36663
20990
40112
23648
434
34018
8764
2520
38399
15865
2341
5937
25078
20141
36085
17278
5692
37714
6175
18343
24363
31806
29899
4717
15264
25668
22632
9547
39192
13569
49847
17705
49605
3131
4822
37965
27769
36401
17936
25407
32005
18123
19542
44054
43472
22411
366
49822
4719
30713
27017
11162
28590
46876
24454
37300
32661
32751
6064
34229
15648
44707
9262
2005
33178
13888
15833
7628
16418
48732
32518
39468
12991
17097
33397
36074
6371
31619
11384
2959
35353
38753
42491
41474
45451
21857
42598
3731
27374
5170
15647
19328
12860
24770
48941
13096
16379
5506
35380
35827
42432
2594
5352
34140
39668
7593
42910
31901
29919
28049
40570
41225
11255
11321
46615
9095
2012
13158
35314
15181
29492
12809
42465
7795
45824
32803
6333
31481
40200
39543
17617
317
20595
9468
29668
48856
27238
9299
21266
42008
1521
8461
42561
32133
19728
6729
23911
33951
35584
777
3105
13325
18112
11488
15734
36207
45762
47462
21841
47253
43993
612
23773
5747
27216
35721
49407
11336
30319
45903
686
28984
10768
16479
23231
11960
27010
15855
37755
24862
41123
40617
46643
1737
27815
16054
47212
9302
32724
18321
25393
45271
36670
40248
26518
43719
32388
26124
6659
33414
41559
35453
24318
11610
7010
14123
6088
29004
20416
13023
42197
10625
48864
35917
12172
35940
18824
48060
44642
11819
21885
36215
28399
17279
10869
30530
9111
43122
43633
1407
37689
31697
6460
37005
38021
822
31797
13191
8604
3041
23406
5984
17339
16448
26335
22204
2361
27229
4201
47454
44182
43916
27672
47855
16710
34803
39916
47173
28796
46235
35628
49081
36822
24285
19151
28562
12230
25336
46622
2268
48198
11788
33788
4041
48618
30693
1257
31199
45590
43533
35493
47009
9630
40650
12693
25650
25230
24767
7269
41465
21858
28673
25406
42348
15489
31037
39294
18171
38373
47746
12474
18919
11411
20206
17721
29494
31995
45604
36742
14825
21623
27477
46335
9956
17117
45302
28925
40090
41207
10928
10397
44455
18415
37428
7452
43890
27047
24628
44856
47934
20323
33380
28811
5411
40889
23205
25057
37888
35817
40507
34379
14873
14853
3350
48898
14585
36391
5810
20904
19780
35520
3810
19792
46598
17237
1195
47003
6086
21033
13056
43918
7971
41542
28571
42999
33664
8353
29157
46038
11639
7231
10481
13216
14839
5196
10347
14740
21112
5528
5389
31379
14581
20446
18459
28779
34992
15808
492
94
7794
34027
42209
4017
18188
36166
20693
39815
32462
12947
1081
44292
27889
15055
19059
26867
34916
16069
34316
24083
17973
30647
40578
15779
17189
49492
19959
49947
41640
36509
25639
35309
40460
7212
46720
13485
21973
25676
37883
38920
14403
8988
30305
12608
31497
18612
169
36278
33907
43144
35015
43340
47660
11843
41781
48241
27746
36760
45395
8089
47370
37303
36
36043
10232
2790
47406
6598
47980
23250
3691
49641
36918
46245
32748
44371
59
26892
36757
4895
18427
7512
44883
28320
43580
23026
41762
13
14384
5864
29666
22754
23997
16727
23813
46240
22431
27016
42426
42550
23004
49166
5851
40812
6881
16492
19757
17052
35903
32975
28344
29995
34612
21930
31066
16073
5656
35064
35551
31538
34250
42381
46699
9814
40664
22013
20686
17016
1396
42326
9415
48665
16869
2504
37290
31003
48279
22979
23346
35230
45750
12064
1175
27879
24125
13750
41899
41062
12477
41082
46322
48762
20429
33310
35035
26945
5095
37780
48977
27414
48009
46119
5928
24217
3437
44500
35225
49126
26709
5050
27623
31601
49037
4987
12065
37203
45391
38609
35675
12371
43623
1123
41444
47684
21584
24005
8959
9895
49680
3532
6019
26442
41395
9389
34805
47927
34874
26362
48216
31209
37003
14313
38801
26132
11537
48523
33294
38514
41499
48514
14629
16510
26324
48121
5803
13182
20259
19566
40943
48542
27772
11511
38094
33693
37134
40055
21769
10047
17732
18200
44223
31403
26021
14651
41168
18896
20396
315
26749
35103
30854
722
27131
45424
25335
46789
13951
32965
49830
27154
46242
3605
45136
48581
16363
14270
74
19634
31472
27910
9344
1321
38143
42695
1260
30246
49405
39115
48404
31458
41088
25425
5891
15030
43097
34158
26843
43479
35492
30825
4754
43029
24904
32882
36936
11793
23375
311
29925
18658
990
18307
44739
12925
2298
2754
35001
35591
20048
18941
2888
13233
376
19848
22526
35658
40492
37849
8942
9778
25530
34688
31007
30800
742
48048
16035
9818
10426
7836
16447
2221
2260
16314
7279
20863
11246
17085
1374
13224
5297
20579
10801
1140
8512
6224
40397
37327
32791
10308
2896
39568
2266
26081
30
44231
38729
17912
25518
29237
20149
21549
9242
47101
103
7425
6611
27426
18660
39962
45319
15289
19872
21490
48954
22002
38085
33671
48645
32249
23285
44419
5101
13057
14525
13903
11579
24038
17433
17802
213
29876
3676
32625
42889
35813
13571
4650
21891
24540
28938
39622
202
48494
31068
43219
3704
1823
6920
28035
19602
45564
2527
2714
26700
16391
19363
3381
34561
30022
11689
20280
44577
48382
20356
9548
35432
33246
33975
42337
39980
39578
31868
39483
27371
4945
39111
17015
47222
32921
18074
4346
39631
34022
34121
34631
29722
9528
13049
6514
44003
7820
6432
9196
34231
37891
32329
21533
42819
26035
34838
43366
25790
22713
22063
25389
30874
23459
5007
18579
31227
41134
2370
34872
1669
18330
42563
31545
5274
13661
40918
48272
21273
26596
21487
16515
32560
12250
20743
29990
49388
37202
44908
18390
24242
8696
32534
13184
10280
46442
13220
17418
33512
1722
20075
9856
15548
30792
22742
49531
6053
10745
22470
32558
20212
23741
39283
29808
8253
6407
3944
44202
10225
40552
44640
6038
43528
30602
26794
18289
19400
15908
36153
17064
24926
22307
11544
7823
14834
18529
30268
32099
29056
1193
35739
14069
46298
32669
35807
39084
45031
3393
17591
31084
26451
28684
37278
30484
40572
48915
16955
23720
9709
704
38325
16277
897
22936
3742
16057
41637
17501
11797
3662
34400
30164
3511
46952
15001
35323
38316
12072
41551
25251
33858
27304
34065
47550
10400
44176
27814
32935
40148
19742
48705
49984
26484
24478
3319
19660
23617
5797
4831
24310
25688
40536
17429
16758
11299
32525
41002
11712
14963
2427
33733
35633
9431
1400
14247
49541
6434
29892
37518
33429
17709
49443
25272
46928
24179
15913
43172
453
17035
20
30423
15785
34387
44445
28250
6354
16361
17953
32327
36551
40267
18525
40151
9412
46565
27570
20386
5016
37146
30329
8760
42981
28645
31517
46428
41065
20408
11801
44161
11325
47358
27358
39343
7740
46185
40560
28854
3266
19305
20843
15862
8538
2819
5536
4784
38551
32363
16835
8690
17171
35562
14731
12988
2084
35488
33141
6376
37112
38486
44702
43422
41861
23787
46514
14483
4407
18677
6775
44643
38264
31842
30612
9013
22813
27696
7780
29872
8062
33745
9244
34088
13863
43643
17778
3583
39687
48952
1542
13253
26013
30930
28113
17472
12562
14003
12985
4344
13310
6549
12088
25364
49059
27283
28511
10277
48329
15582
38588
27524
3291
41651
31469
15744
26767
28183
27999
41302
18574
32786
44460
16388
42051
25414
18981
44615
33117
29862
27458
2862
6156
17876
25047
15117
21361
30138
25025
993
1797
1113
29093
37362
10139
24978
3743
42744
15002
41320
19691
40924
21853
22999
25050
23899
29010
16773
4166
29327
48601
49010
3453
25811
30200
33427
13168
8447
33027
48583
31496
24295
21559
45677
16005
26462
2866
20574
47617
29246
37337
37875
28752
40962
20431
25714
28068
30254
828
3558
37148
23295
46968
22918
39624
47146
24135
1302
24206
25538
30848
9984
15088
40183
33328
46367
6071
27431
984
5675
3830
2867
3395
47911
36492
31349
26316
49008
21540
29654
12299
4056
32956
14054
20610
26811
7284
47674
24009
14397
34881
307
28707
46594
45757
36734
43707
36448
42181
3218
34815
42297
43288
35405
38625
15961
41772
36704
37818
49793
38950
12220
36610
10754
40074
12679
4539
8403
20385
32097
41513
37813
25764
28735
11887
15015
38163
33661
23437
47466
37373
39697
18206
34472
10258
9356
33353
28388
2236
4004
34442
5948
25788
11735
20435
29699
17521
35963
2766
1322
13953
11593
5490
19629
32614
38
7787
38670
32008
14389
39172
7653
9115
7157
15192
1372
37881
32479
23458
30622
20005
23265
26955
17846
37704
29146
36647
49633
21842
25172
27466
5459
48816
35536
17320
11557
42882
24178
29029
4050
23696
20460
47115
42779
45734
27099
27629
3402
33465
49887
17599
33632
1349
1491
33444
37801
14014
28537
19182
6808
18400
19502
16038
20203
33387
30559
5832
29006
7699
48913
24165
9407
17903
11409
19933
22037
10584
17365
6059
30608
24237
2962
10194
13114
38900
26731
29783
609
44593
14181
34308
42479
6278
24078
26922
30210
24963
37990
39400
44897
34671
29108
7367
3602
18495
47268
43474
29786
49161
5087
24553
15469
19723
11871
34057
41500
11056
18867
34251
12890
12086
38008
43001
20486
26297
30234
36300
1366
18743
2909
24368
19272
1879
34519
6783
31662
26087
39921
45661
18193
23944
36163
39312
43059
17061
1706
31301
13855
48799
20627
35762
35351
14742
28491
35758
4256
42603
45551
45192
7321
40062
41416
13796
19384
31272
9107
19323
33081
40197
34729
23533
49226
41650
33236
12812
34006
27987
18014
8010
34422
7669
26723
18570
23848
20611
31079
49365
29296
34839
32453
49614
13157
26989
39012
37452
28600
11218
32858
18906
14209
17971
27852
14175
25299
19984
31429
39102
47650
38351
11686
20975
39892
46939
21392
992
10751
29728
8961
22105
8227
40919
25104
17676
30880
17276
19830
27513
49498
39247
35566
4952
2136
16619
23605
18559
6116
32790
5456
8241
35129
36614
4582
31942
49946
35022
16041
33915
16664
7464
21030
41472
12284
29148
13388
16465
15979
24703
10990
13673
35099
22740
8454
37878
44974
35146
13771
41732
40963
28823
6831
15361
25133
31141
30685
39159
17148
4065
27340
789
26919
43510
6816
21425
34606
18879
5934
39637
26921
480
48062
11588
39509
41379
28817
23904
37095
26673
19163
19592
7201
46109
41266
2873
32718
28706
14339
35914
18083
34416
41216
38199
35567
16164
15438
44209
16175
15065
15940
5006
17790
16032
28153
48227
5700
44919
16620
28429
13384
36029
3344
39143
465
985
12967
15382
3199
38915
13584
34560
43512
29530
46154
37795
42283
41111
12428
12416
45267
14886
7706
45501
30672
35531
17831
6668
18652
4883
1838
30633
33228
5254
37586
6385
5936
18034
34317
39257
40493
35128
22042
48001
26621
34176
28583
37905
49914
37418
29567
33813
38350
6644
42521
14110
37222
14552
2424
25371
14568
11009
34701
24446
30112
40672
43015
3695
37246
17756
15038
49260
28876
6575
30054
44181
44970
5014
3759
3579
34996
8864
30131
20505
29014
26418
20633
46826
14186
49504
33600
34275
22575
42474
28466
46310
21402
42288
12533
2189
31624
30669
23592
33589
21893
32781
1782
47560
13422
7069
37302
29781
26612
29179
28235
16917
7031
45510
21338
33438
12808
35060
18504
36997
9399
23341
24877
7092
3840
23184
17688
39896
17550
27129
5983
23626
29225
32709
12319
49100
9366
41611
47342
21371
43814
27197
47574
5752
16843
34616
4861
45780
4151
32945
23958
6382
49146
46740
11405
38585
19006
1844
41200
25490
26430
28871
37765
18458
34036
8175
31547
8076
46173
32546
46953
37228
18578
11264
33220
27733
27175
11355
19134
34220
29427
26066
48958
49461
1515
33478
28631
27178
32984
36881
8344
4218
40925
32480
41332
15051
19335
38279
49484
22049
31537
35760
9990
34546
16614
29818
37540
7266
48095
2137
49899
3253
8573
11542
47056
20086
10955
47164
3997
43961
17894
21964
316
2683
33097
3571
38557
25245
925
4875
44451
31467
4149
518
28150
11242
9070
22313
24367
33175
1306
2689
35320
39579
14104
32870
41685
46019
29510
48903
41374
46319
33263
2118
32166
40092
45645
17603
17557
26178
9563
38566
25623
28152
16550
35725
1192
6534
11920
45861
18151
34092
7308
15640
38692
14045
39210
12970
1441
37304
14668
6700
38415
28922
4046
14042
21968
20664
45401
16928
30120
22684
35835
7632
9037
39466
45497
29012
2612
9342
17253
41164
21281
7735
17096
28902
39871
3843
23055
33541
25681
34397
40002
34533
25521
5622
14961
36812
45073
46206
10681
8613
12486
8782
47004
46772
21872
45740
32295
38173
28051
38823
38081
18164
42967
46430
6740
14468
47277
30460
20309
28657
30640
45108
27346
209
44034
27411
34855
43033
10329
46878
12703
1204
19492
44446
41486
40068
26305
7227
47167
44772
15272
36654
49174
2783
4963
40081
1705
7066
44122
5980
46748
39471
37195
40636
47539
47664
46917
47698
38056
8631
35270
46471
31036
47781
27674
2045
44992
42212
30673
7626
17587
40315
28950
32179
30736
11828
1960
30844
23229
9040
22368
692
34817
13819
16496
47964
7654
48990
24230
14694
32470
19382
25699
44165
13166
27073
29377
12841
44391
18798
3311
36715
5262
45097
27756
28103
3155
38447
7612
17059
12648
43314
23583
5519
14900
8529
43049
37034
7423
39154
10948
30150
47105
48338
18419
2417
8149
35236
21686
43464
19086
35413
32596
44503
10561
33554
26315
3538
3719
38481
21240
1867
36592
38339
31256
16924
32967
5598
33779
764
3272
2359
3200
4465
33920
11555
18150
22668
16083
36958
33928
16170
11787
15572
37514
44616
26932
18335
44890
41572
42409
776
488
38592
38416
32894
36631
26903
7032
8357
31644
34050
5110
29531
1065
1676
19845
20352
3905
4363
12240
49257
49708
33990
34086
24470
45324
11607
20289
43775
30287
15042
18915
43674
20346
29538
35016
10914
10233
30149
6962
29479
4868
5402
17354
24442
21656
25793
25360
28847
1359
3709
15845
42172
22701
31417
14987
46894
20230
10618
5925
33470
34464
24137
48080
29841
21256
47868
10381
14729
9979
21272
41937
11356
34790
38938
17614
20502
41932
24452
8093
5492
45307
38846
19007
3613
49709
25862
20041
39404
31195
47862
31931
35798
39760
12336
42620
22361
13716
34046
41307
27842
27190
31187
972
38209
16672
17039
48103
928
17786
44488
49882
19044
14937
44172
31491
11090
1431
49105
27330
18708
4234
15140
33507
33408
17447
38370
12127
30774
12136
38836
1926
29384
12670
40371
42653
28689
27240
35216
20931
8994
11053
29888
28791
34627
15589
10816
46703
39272
24389
14642
12133
21339
48619
2421
2641
29273
43552
2302
37350
1418
17364
48890
9263
20405
10810
31589
4271
49308
13681
719
3876
41602
19789
32780
34636
31384
37740
7113
43815
22769
24661
4662
24707
22665
32055
44199
38364
16738
12684
40940
30512
29061
47388
29454
27884
43757
29103
17060
19550
7631
345
49550
21308
47853
11296
8813
46048
14866
46210
43595
11558
29365
27990
48108
14966
28623
49092
37027
44296
33287
18483
13530
21188
39001
47123
23411
2781
1213
37790
13452
13564
2406
37137
13481
44929
17307
17063
12386
4999
45040
37315
11933
25848
28387
41417
25867
5316
43200
33378
19656
20503
32186
22619
44213
9608
38960
48508
44074
25129
1336
8593
8617
3901
8859
39577
43735
35555
29038
11324
41018
19813
36175
46236
37312
13714
12793
25698
24646
25843
46494
3228
4869
9384
13537
25226
41127
16947
46034
30824
14580
46324
40257
42285
49904
26805
4893
26342
42759
7513
31382
25130
49459
48852
13970
35205
43693
23457
11673
44479
36349
45089
33674
29048
34178
27572
46199
4493
12780
12310
36289
41404
12615
45565
17094
35736
44735
31945
34043
26527
16278
29036
6826
17410
22878
37346
48790
36329
18004
7221
40779
40364
30395
14906
34035
49086
6520
19970
41182
10473
36117
23032
31746
19518
28717
23467
21910
24238
28164
47580
35554
38686
42985
23450
45361
22511
35625
25495
37240
40561
21867
38244
22897
13419
47858
45419
4105
857
5249
21717
2903
6222
33083
8941
46620
41615
11472
19822
457
3107
46439
40804
5278
8290
8445
31656
32234
34110
32319
40340
42496
22017
6724
7509
32908
20495
10720
12952
40586
4117
43487
18701
30642
49684
17382
27516
840
13563
42580
45309
47918
23836
21140
6279
27788
18244
3828
24530
49713
34321
11645
41945
12726
36600
41491
9067
44721
41485
38107
39644
44584
30946
23587
18757
15818
48356
25853
954
39623
45313
33709
35098
31485
19685
34991
1917
35730
41412
21258
20214
17776
2
14025
9454
42498
39206
18090
41074
11348
37009
12429
34523
25276
13428
12702
40512
3498
27678
40986
34498
26119
6600
17867
23042
48092
7336
20199
37720
19255
10757
11541
28578
8559
22699
49007
4506
37387
46089
27679
18610
25227
39470
8949
17872
26468
3206
45305
8489
35119
5172
46018
28635
12797
46636
12768
39688
44882
15352
41870
29572
7661
28122
43088
6004
42389
44916
38685
27980
28751
32789
38393
14060
865
16535
26654
27317
28877
14053
7059
49364
25721
38257
26065
22081
17794
32398
871
31299
40909
24951
33927
1719
10599
27697
28832
13383
18639
29588
26193
38945
43017
304
38426
37824
45543
25922
7062
40156
49600
27813
47139
35769
14084
46898
9917
31668
8448
6678
33288
1501
13163
19905
48797
6364
6718
23372
42206
7630
13690
15223
22911
33597
8583
15959
25956
46683
38295
44796
2599
31057
12821
15095
43712
2475
21146
3841
28822
13854
36820
18334
29678
32140
21838
6260
22628
23837
29463
23076
22623
16933
32032
2600
47295
22683
24193
23639
19313
44410
2734
28974
33869
21532
29963
41531
14730
48117
8155
27453
37390
42763
1611
9081
33441
16612
14910
40662
7893
32601
34898
15508
44277
1453
20846
49480
45039
8702
46290
34678
4479
1779
8550
33713
5510
13984
3242
28397
30280
25732
44846
2485
33542
4691
40030
38378
36577
20373
16125
12956
40632
37745
34507
47174
20649
7252
17549
36809
45733
16244
38228
22850
2356
49854
21592
24116
18539
15125
32754
4288
671
24159
16433
35431
41887
6735
6051
7997
3422
6508
6442
17720
7132
21410
42911
42878
12222
49558
27148
34443
12738
25580
49266
49572
9414
43600
2515
28438
1530
20749
30408
3697
35913
27960
28302
24020
35037
30631
46118
23665
49112
22058
15551
39087
39017
2363
26925
41848
40995
46282
32244
43605
1362
26770
37725
19840
19397
44435
11307
24902
3529
41191
31189
10333
19668
6500
41060
22327
9424
49724
16350
44133
37395
23369
30942
14346
7024
7422
33816
920
2027
43254
48176
37306
33289
2021
16886
38669
20089
15787
37065
8783
49223
30651
3456
9675
31570
1558
16263
4333
2044
30414
40569
28033
34550
10655
25051
30799
23590
35776
34764
9349
28329
5414
37672
5597
2521
29687
4463
21576
5543
48293
28216
33505
24837
17071
20205
34848
42277
48857
10724
42663
11345
11176
29022
7258
13764
39034
37425
20696
27810
27225
44629
39419
24397
29869
36122
32098
17597
17316
35936
46153
6957
27695
48199
21372
43312
10246
41676
7340
16910
24411
5348
11093
30368
17072
48164
32374
16355
29016
7492
10657
2487
20590
19084
29007
34097
27652
45871
39551
28480
17380
31185
46506
13142
26653
39205
15650
20835
46635
45065
12786
2697
26876
32760
24737
41739
15685
4824
21164
2865
43603
40764
189
27917
13534
8478
8373
45749
29227
17686
3957
36476
5105
2526
14879
45549
11899
32217
33254
10083
36657
35066
34279
14704
3879
43120
38281
47865
6386
14139
49209
27976
40743
7491
19679
31997
45014
37423
33343
48337
41196
28188
21761
30849
30359
48335
2420
13583
26756
39346
4718
24853
10441
34337
29490
46281
6562
47121
4840
15184
2274
49603
16709
48878
39494
45693
19615
51
24127
17798
30358
10886
39089
40530
33157
47548
34717
39790
48475
28358
22694
37749
997
20166
11342
26935
23284
45095
45600
39564
3192
49063
5312
38556
31350
45763
28355
16920
31504
14822
45679
23096
7558
22927
22716
8840
29304
21977
13091
46799
31044
6676
44261
29568
36296
28120
539
32998
12298
40506
15762
7374
29070
27326
17337
37022
47675
27266
35165
22087
16199
28521
9896
41421
212
1415
8282
20006
4900
21252
37730
42844
3661
45998
37164
15795
3286
12050
4659
13841
32131
12509
13209
41239
17437
36803
31898
25967
37663
41550
9201
39721
21641
45607
872
39032
29647
25402
38952
37039
40627
7439
48739
11427
31145
17655
19714
49141
18788
19287
2053
26037
38497
46933
8823
38104
28668
17270
10934
49326
13788
17468
8695
37615
3304
48643
42787
40677
13562
36673
10580
32477
19237
31101
35810
43343
16451
19235
24702
31020
45110
49575
25604
47971
48408
27798
18224
11510
19362
49449
29904
11240
18883
40223
31600
35777
42091
2831
15823
12096
38063
4023
48321
33607
38872
33354
23429
35634
4168
46363
10680
10292
46237
17817
15047
636
48169
23710
3517
27639
32814
43493
8883
37216
34857
8828
44779
4300
17172
7873
12085
16532
44143
36779
1029
20303
12708
16247
49848
13285
44793
21604
22673
2509
25895
15841
19218
40591
38038
49338
47141
12829
13302
21239
45467
28326
11477
10201
20614
7527
29694
36912
29922
25735
35806
13062
24682
25616
4267
22116
45098
12068
13518
753
47072
7124
41434
36059
32083
30207
48873
5027
16235
9276
30283
15893
42885
11213
21041
36185
18416
28022
22011
9042
1230
15032
87
46695
38830
3369
47667
43433
7473
24181
40979
24510
46381
11873
33531
19221
7738
41413
6312
47578
2932
45826
15639
39685
20467
36518
40149
49707
10800
30832
13161
23306
35171
43626
340
18154
8081
28339
31828
27502
34880
25694
1994
32069
8950
15796
17527
2682
45028
21828
35950
13490
41998
47656
7011
31096
47995
9836
39724
6510
24161
29569
25096
20484
49389
21873
33972
37050
33463
5899
29204
13973
6521
22882
48796
12027
2667
45864
38926
13998
25878
13983
18948
35513
49056
12835
27759
16066
8692
48266
30683
31258
18714
39259
42640
42726
37658
33510
31735
5488
4783
4918
43888
47612
39738
15307
17853
18328
4573
32836
34305
42109
45365
47790
876
9448
47286
33291
24337
8165
42965
36426
42151
13395
38911
39646
45129
42866
10718
22856
15385
28042
6960
2885
11475
32925
4348
33467
424
20808
1028
49351
27720
42222
11444
46966
17984
27100
11233
23074
18440
41034
12915
18807
35337
23515
26829
40235
31788
40127
32342
10399
37082
10486
8900
9597
42610
49115
5229
20630
24710
35239
3506
16021
9051
27117
43387
34339
17963
30293
40528
26311
18036
9523
2168
1087
4272
13046
42402
21220
34722
8501
20094
9171
2216
49690
19370
3562
45270
5468
32387
17727
25805
29375
28147
46436
8121
18799
38631
3775
22224
11700
7940
47618
24958
27049
33883
39608
37353
31398
6189
45453
35228
17951
2669
32305
15046
49084
7474
16722
20476
44620
4024
10098
17868
37728
43005
11805
20953
26734
49666
20992
15175
48153
3920
10448
31593
21525
20683
39011
41477
