17124
20135
4400
15902
4698
39812
3085
41649
37277
29336
22382
5964
9418
31973
33088
33402
21557
16807
5593
40721
38732
32257
36536
12619
39654
24887
44354
9370
20734
43219
15038
42069
46962
2548
302
35035
27239
45575
42354
6277
1260
4765
22460
23464
29118
5479
47622
29298
26872
22856
21808
4683
45961
19167
11993
3065
30441
4976
32671
22574
29476
22423
10149
28478
18506
18471
24857
19981
40967
18091
48763
2713
39519
35300
19752
35945
49361
32532
8813
2296
2529
29063
43240
16544
48818
8158
25087
8523
39833
15046
40935
47288
48834
46623
33716
26912
42121
48081
16201
38702
893
5161
18082
30833
25187
20987
34820
40066
34343
47734
10035
48342
1913
38323
6097
2359
34604
43119
7943
48782
21235
2188
37456
15276
18758
16821
15202
4896
45200
28283
34922
22026
181
12243
12599
26921
42993
48785
49542
10584
3892
15144
10614
17736
24326
22732
8628
30931
40137
47014
42838
41848
15314
38326
34540
30251
15077
41950
4558
7916
15382
38378
267
34733
9423
20111
26643
21340
32547
26821
40420
1543
24802
9311
524
19985
23154
26424
39411
34806
14827
23823
34969
46703
24312
27268
14349
16645
2071
46002
34328
18485
37226
5988
4957
46722
30826
42285
18792
33418
37875
4320
241
32330
46160
48242
39846
49280
44430
43986
5724
13064
30469
18596
28683
44967
13488
15528
9550
25640
36975
17928
15235
3337
6269
6030
26179
3197
42183
25703
13579
41487
36728
29821
15091
36703
26363
9989
4798
7183
27021
18859
19218
28662
44512
23958
11692
8285
36845
49674
536
12701
27551
36491
11762
25467
26303
7668
36960
18512
38539
8531
36717
22132
47213
24328
1255
7198
46180
5126
36756
18921
47031
12510
30796
46798
20237
9720
484
37128
10029
23708
32339
8076
44152
250
44263
42088
18693
48726
26954
27290
21308
27907
19806
12792
24338
8134
17571
5603
26486
42507
36249
4885
38695
11501
40677
46272
7148
13433
41339
28067
32784
4512
47025
24867
31902
43511
33776
31422
47044
30646
6622
8186
49153
8525
14227
38282
34717
42486
2537
36944
47472
49945
44176
48865
20248
23960
48440
45927
33356
43834
24922
18462
68
21673
3750
21578
36372
107
1983
18795
11592
6552
39151
3078
16717
17774
38759
21419
1266
6933
31500
37879
29994
44331
4895
5586
984
31827
39467
8580
24028
34508
16871
21802
27171
23736
23706
30391
801
9070
47036
8324
45459
36511
22835
29203
39750
3843
44207
15646
31185
40392
21876
37936
5201
10408
42677
33437
21331
35601
17579
18581
15865
9375
8898
38972
14446
42500
2874
32440
24247
703
44150
29538
16467
23812
36094
35784
38373
48073
6727
3973
17408
15940
37232
40038
39555
1343
4722
8391
30406
26408
38334
19324
15341
49959
49094
12168
37303
20978
21893
13479
14851
36024
48648
24020
37634
24331
48568
46867
41963
7760
28278
4429
25615
31213
30220
13982
5276
24114
8002
14027
29559
10793
49204
9145
46976
34997
33325
36911
39370
35573
24509
36840
23439
42256
3006
31966
32843
6517
21363
15122
4575
37576
3266
18561
29042
39779
3370
25358
13819
7325
9200
19817
37096
38538
3825
424
4057
2212
10420
40505
22441
22227
30918
26082
37195
10743
4697
25798
46832
43917
46790
19379
9922
2781
128
19909
32627
3908
44643
45216
24907
1742
49132
32175
37598
43423
19597
30343
24053
23046
36510
22672
31020
13371
8411
39585
27107
29335
11837
1144
32914
15532
1892
3510
38646
31267
26830
5889
36903
20074
30471
24643
49728
3393
29828
38910
42042
15527
48733
24267
45770
29423
22414
10341
11893
40862
17854
43545
20612
3120
49113
11953
32745
29283
31487
7547
42795
37811
42973
33292
19153
23331
26970
29777
14292
11053
41771
28444
1592
43966
43694
461
13732
24334
746
7486
34290
32351
46452
46254
37777
39422
11017
49139
10141
5642
42064
8364
8728
21854
48574
21379
12633
13995
31308
22904
3719
25064
21226
10048
32956
24904
19598
5884
15306
21375
23409
19731
17951
4662
10501
11233
42383
35645
30295
23167
1535
6396
8243
19350
12339
18201
24218
36410
14806
46823
19316
18813
46609
11064
3260
22444
9621
29803
34644
38541
42437
21795
39387
26093
25840
20611
45484
49353
36920
23276
46023
16067
20484
36262
42893
3184
16380
21917
36405
14033
6044
43486
35487
33524
39443
11050
25629
42983
36376
36508
29130
16009
11736
35696
12251
8088
36676
41316
18099
46332
788
3471
33903
8292
4504
48266
22702
46596
37396
3263
36542
40476
29541
8561
7654
46007
37568
27636
18569
7376
351
5831
39433
18503
31105
12779
40909
25106
25268
6786
137
12187
31507
23242
24220
48435
49999
1283
20084
15832
1107
46116
7531
35133
47769
22566
537
24491
41459
13553
14297
24090
48047
48615
20727
23835
39906
11344
12165
42690
24800
44039
37682
32472
20485
48596
40353
24673
44
4538
32417
1049
46299
5700
18368
21434
16245
19842
34757
13502
48412
47340
46458
38819
11323
21026
37514
46767
22007
48635
45604
26351
33665
4556
34031
25364
18886
2206
8974
43911
14449
9881
4173
38763
39342
15516
42327
2967
28713
40779
42660
3814
5723
6516
24339
5122
42186
14643
41590
33428
1191
7673
40801
29121
43387
19551
42585
24072
25820
30023
12698
8019
14763
43039
19526
45674
1030
24287
44018
11506
32373
428
28524
15447
4508
40518
30640
14796
25008
1057
14259
12967
38269
48751
39883
40836
34170
49967
45641
42320
6970
19465
31774
6002
5233
14964
26984
35272
32340
1288
39984
18205
11434
23138
30273
34668
40402
20259
27669
17846
26443
49230
33397
19486
6671
34067
13313
49462
14986
48278
5280
40698
17962
11106
45756
23178
32626
15281
35623
13914
48462
43206
41141
30497
45154
37019
44100
47700
37939
20858
41703
2580
14267
39410
39094
29054
21595
27590
49315
35400
44153
35565
19413
33679
1809
18193
46172
17927
16025
24545
44858
45739
9133
5940
24329
15259
1444
37605
45616
5896
39599
18620
9708
3429
16510
32155
38509
6365
17576
29119
4176
8343
29659
3205
11105
8929
46933
42553
47990
44855
18256
15336
48755
36837
40731
36612
16108
35727
20966
11110
37337
32829
34873
4854
49341
3548
29135
31026
35716
45319
41137
49058
36387
21848
7849
33629
11181
20609
45363
10529
30101
48564
29915
39603
40887
15616
15836
3417
34029
15849
1423
37652
6871
34151
26532
4181
42338
45985
9330
11802
26454
27540
24176
24070
39816
34899
38200
37021
522
44269
22243
28947
21072
29824
31457
47168
6293
39462
43849
39350
24008
14670
46387
46353
35293
4314
34014
1581
7710
7130
30124
25990
40891
3046
13967
18153
6647
47953
39485
17830
33566
8478
4472
32099
3626
33640
30603
34378
43451
4203
49304
43821
9347
6860
43788
31934
5590
26124
10090
19094
2248
46408
39074
32134
21961
48227
44426
37111
5697
12810
31261
27364
14200
5369
31603
35123
4494
8556
37941
23064
28380
7209
44431
35559
44391
3706
28673
13519
7187
1782
13349
25581
17417
1290
31933
40107
49301
23044
33251
34359
4018
29851
5561
23540
700
47711
3552
40771
10023
27302
13245
31071
45576
14774
11372
32064
3797
30873
40152
44479
24485
26952
42277
10338
47546
7546
293
23691
42110
24782
20150
16031
35057
5134
44652
4322
41418
31976
47876
31564
16421
41599
15975
19618
45792
3324
16208
43402
25552
23834
7506
43629
11846
22425
49157
40697
24488
26358
47015
14413
29225
22687
19146
45268
12953
11062
33557
33953
48770
38138
26098
34154
28162
14325
24796
38158
38137
40046
34239
20732
32819
13381
45338
42828
10315
2872
18015
30981
10914
43439
35138
15694
17246
45260
35846
36731
49366
17762
19282
46532
25313
17402
23114
39027
8771
44094
6364
786
2029
43669
28821
28767
47483
6550
38318
44329
15976
36398
20947
1401
39549
46580
46297
31681
7230
20309
11699
27146
36016
11772
25685
38967
30599
4004
2845
6165
26703
30348
32132
28966
49066
49198
47601
20516
28775
38655
26699
2244
40251
1683
28233
22752
29952
24290
10497
43353
14456
36447
20656
40703
18252
7002
14489
45344
42819
42129
23042
20122
19741
30907
5349
30580
16198
43658
38989
38499
8736
47205
14202
37214
23102
8090
37509
44281
44275
32198
14650
3518
49505
15681
42544
47466
4769
24771
47458
5327
565
25442
6764
3167
9310
30336
14795
3971
42415
38466
12072
30629
25722
10242
31132
7827
16063
33207
22587
35750
27494
20633
14080
40283
5168
44888
39830
4113
6969
14604
9954
45167
13081
20678
16543
5838
45350
27668
2130
5804
14842
18755
7191
31235
18560
4460
38225
21469
45567
13410
25207
7500
32559
49393
17584
39049
18952
27188
18919
19304
23509
41702
11280
45329
40430
39135
1605
40350
27467
6652
24780
20322
3902
47194
40182
4523
25370
14729
44220
26067
27846
14559
29436
24955
43310
28008
937
32693
43169
8763
20622
17575
29840
21715
29101
12519
18398
8650
30103
35950
30579
39864
29369
9431
32863
17051
23671
4951
29565
8450
13689
21170
48612
29252
22293
33140
6634
21889
3830
11819
19419
19231
48458
20139
5037
30394
8619
7150
28611
30049
34309
42670
24242
23767
46378
27283
15717
29018
28688
27812
33076
19039
4143
25108
14258
26069
39691
34398
12822
9688
38736
39554
43101
29726
33018
46018
15889
150
6130
41369
24763
45679
42614
49218
44453
23394
49926
46674
24044
26612
45068
48353
31483
34169
30528
34646
14682
3593
21322
31961
47202
48355
3736
46340
14197
40339
38104
15354
20845
6251
5373
10027
25048
39018
11499
49356
28041
20253
6075
3406
22263
33829
14739
11379
31714
45043
31709
35296
9237
18208
25955
12359
89
17578
41468
10191
8576
2369
39902
9904
7041
29743
14017
28324
5033
34929
8195
49849
34229
36004
45098
29646
3728
32338
48998
22625
3998
14875
41790
36493
22854
26311
29622
39745
6462
14326
11705
20853
11113
33974
21156
35756
40783
31379
28693
28290
42478
6682
40554
31946
39957
27309
19014
32931
19500
21499
37718
18092
29787
48464
48909
11716
27921
19872
33677
2895
46656
43033
4059
18022
46334
7967
29781
34158
43991
7730
1646
48304
18949
48468
37741
22859
20937
48989
14356
45292
25019
8297
4226
17697
27813
40382
7947
17434
16680
17550
8785
10950
6168
5764
42104
6707
48071
17903
25
24707
12128
31563
24740
40223
37390
31077
38073
20769
9695
6013
27195
7350
11673
13673
41675
18730
9472
37643
12743
47716
44924
35688
48228
23972
10337
18970
46650
34919
49131
29297
44121
40889
22497
45324
38551
23949
38943
30229
40559
42306
21581
29755
39388
41551
17132
43567
15444
45450
11242
8731
6315
45309
42685
8781
3404
44731
32201
9176
10450
14853
41037
19442
29907
45925
35572
47534
32911
46499
32342
5365
16382
27350
28849
23440
16010
25261
32659
15223
40509
4468
14833
20357
36448
31800
43113
46881
41747
48846
16678
4501
16284
17952
46743
42376
2025
16881
3747
31019
1403
11291
31776
39626
27502
7787
15182
21180
42574
7133
16946
24492
49430
12515
39741
10096
23403
22057
31617
8678
21558
20702
31598
45282
28458
44276
41575
20337
38512
16644
41178
49590
33906
575
33241
19786
33130
37358
49876
9162
43364
12236
29030
18524
3653
41308
28831
45012
23585
4998
47009
15194
31064
6870
1021
34467
11602
44000
36012
8112
26756
43333
41029
17253
35125
4274
24865
27265
22428
22593
43816
5790
25377
11240
35201
34634
18342
13068
80
9214
3573
8260
2686
24119
48899
27232
22135
32946
23512
45159
23252
48318
28774
38197
2945
15232
13050
30546
43716
38374
31206
44986
8106
7913
48720
11806
37259
34457
35051
879
40942
35821
45307
38803
5516
48264
10044
47041
13895
39712
32393
35137
29242
14985
33202
34852
44096
25784
40994
45639
24205
31737
2735
31067
37494
23820
5572
6370
11442
6193
41068
13315
6600
29286
17035
10570
34695
12951
14377
29265
35373
9289
44135
32796
32386
47355
37976
8952
9959
7351
49983
24477
6583
39356
48647
29216
4419
29107
24750
21468
15089
5258
11253
25929
2096
24245
27854
31129
38636
19609
40766
39276
46098
613
16662
34650
9450
12679
9761
46811
10862
22950
34928
4834
28348
41891
133
30409
14443
45777
30105
48789
2469
9510
16195
13921
21707
34055
18966
11085
30891
6413
38645
8100
47315
26827
34767
33234
3745
23774
12296
45056
22810
38217
14881
26533
49647
46971
15628
45565
25548
24917
18477
242
47540
39802
1445
24701
37145
40288
30663
29936
5867
17392
12669
25865
7332
23141
30746
19110
46195
9784
11617
11512
13135
35797
20051
11672
7645
35649
15147
42216
28120
9707
8370
46647
21745
26656
16975
34799
14114
12309
22598
4251
19982
3805
11889
32392
24764
36930
23241
45937
11764
28502
6207
11347
10059
27870
47141
47157
27122
47887
36682
2180
25378
40021
33090
20948
32777
45859
32368
3541
14913
26944
6230
31004
18523
45999
24052
2656
1031
44992
30992
45727
30686
1609
48205
22717
13900
12992
40122
1452
30451
10012
22321
31769
45552
30682
11244
14281
41525
48489
22501
33794
2539
5138
13642
33080
34060
11111
30857
14664
42747
40054
28686
5012
17463
17511
29304
44820
23624
40877
19503
635
3810
23618
45581
15814
48079
21902
20299
16885
11691
2831
2453
32031
29149
10125
26624
23899
14582
44951
44222
34904
6977
346
7494
25304
29713
40510
38284
3589
28518
33082
24719
41786
43713
21907
22970
42656
14555
19005
44301
20407
28933
45052
7056
46555
23822
49683
18843
14966
13126
12843
22310
34846
30944
26368
37417
37152
37443
26449
34416
20130
35954
34578
42714
40489
6073
41898
43067
18067
45169
26055
663
32474
48829
49354
20215
12580
22946
41217
44014
37455
4279
39246
47005
49370
42473
32295
7259
46896
15722
12863
16577
13125
42848
19203
23573
46026
16053
25774
26582
41182
16699
34699
16104
31202
30919
12377
25906
24948
31296
3960
25903
13910
16715
37905
21195
38765
10403
198
23687
27524
39231
9461
9912
30026
20749
28210
14084
26796
13791
15707
30673
44555
24408
24936
44926
26838
10122
28608
14549
7997
25949
20427
17153
7762
9735
15087
9902
14355
37242
26961
49955
37282
9847
49609
23890
4732
39026
28058
32528
13782
47516
17941
48352
15856
24792
24120
32983
30373
31949
8189
43014
29908
12083
31819
20050
29724
12832
35337
18155
24478
43054
27184
14021
19674
44781
279
44198
4184
13505
43588
48885
21406
7981
35545
49987
49334
21826
45094
11958
30121
39578
28053
42968
46027
37197
21725
31571
21017
38290
3638
8143
44022
10478
46247
7724
49328
35551
8408
10926
32578
32412
4866
35323
4653
26719
33191
4940
42512
157
37804
43414
33441
45935
9694
39343
7206
45546
6398
12432
13743
19905
21605
4294
42623
15482
28042
33466
10067
18006
29260
38444
42862
25290
19087
45523
18599
10176
1942
12084
7958
1454
36708
24239
2809
26325
47071
33134
17403
38301
45960
41022
31094
33352
17637
835
3760
18572
19134
14885
32661
14580
32858
36847
15078
6572
44347
18351
15335
37910
42786
8014
14909
49276
20815
16002
35432
46309
5989
15331
14803
1771
15050
49871
17234
3289
7674
11693
46683
4503
37043
38792
7013
49190
36827
33186
26784
46209
19400
46904
45979
31809
47124
4949
27525
9502
14597
49240
18004
31558
25613
18278
32649
37452
8858
36752
24580
40306
19073
23589
10321
37996
6686
44016
14778
1029
14043
46726
24482
30602
5832
38233
42475
44463
4053
146
20711
47241
1235
46856
31404
49320
23427
8340
47569
25203
17871
24739
37425
26298
34562
23322
23084
41006
39854
46925
17180
1615
31136
35604
38952
1908
23030
27942
43383
45698
30597
2614
10200
14384
40748
44067
32104
13082
39
5043
14049
30212
43022
24230
37799
47524
13816
47514
26477
21879
9964
43366
27068
21260
28439
7478
38832
42557
45135
18947
37619
10561
8012
33344
25546
44825
37485
7636
6920
29674
38826
23016
26045
34228
48233
11744
41435
31451
32205
7835
2189
33019
91
32189
13717
31059
11523
3037
36864
14156
834
24965
939
28813
44877
11034
29215
9054
49130
28001
17678
14711
17323
34056
24023
19100
49479
11316
34164
23910
15326
39341
14579
966
10909
29198
43191
43683
5380
2097
36073
14436
30974
32319
33372
22992
44336
33961
32942
10344
31706
46919
43306
405
9556
15417
4913
25694
6267
49892
14309
38593
33252
47204
32664
16939
46168
41622
16488
14600
22823
31355
15838
12440
30190
6941
21298
3253
26142
39335
5505
20387
28818
45173
10571
23818
20314
17702
14134
2314
32712
15124
19226
21394
22530
49038
2086
35652
29601
7034
5397
25835
12285
3007
22189
39014
31648
41830
36106
47054
29898
32079
27912
30355
34729
18988
33768
28741
13789
48946
13590
48725
8955
17553
37462
20675
31192
6749
17172
40471
13177
27814
12404
32762
37360
33257
38843
6500
47335
26376
5679
2739
5581
14228
48475
14241
11973
3925
13752
8155
36208
58
33026
26153
5223
34370
8995
31000
3558
20687
18606
19197
7833
47702
15267
2597
27748
25184
24248
9107
22203
32399
3862
1441
4214
382
22722
14184
27922
17879
27227
18681
30197
1092
33756
42204
29966
3398
8484
30699
42321
23306
48414
20511
37094
28883
9068
39447
40184
29276
4325
18473
13616
33778
34418
23862
32332
34856
25036
18571
31791
10426
47856
25404
35789
9868
29615
13203
3785
30248
16297
31326
18508
25468
47430
47293
38228
20983
25852
46054
5994
29451
3563
28559
44819
44645
25091
18209
6241
16214
17557
49469
39042
6736
15400
20956
20608
37210
24127
37890
7960
5610
36631
4210
48140
15901
41653
41600
40906
36418
15812
14552
34313
12825
36938
39326
35187
40018
19910
40737
5965
27938
32716
13658
25236
27824
26148
39253
36535
19791
37885
35850
10371
44154
10112
34437
25239
13896
41851
29240
38075
35217
5604
39352
9901
37240
19289
30747
40008
51
40869
18933
3174
33883
29040
19041
7404
12881
33567
5787
37140
33876
21392
3355
6400
47292
13653
13862
28640
196
9226
4521
2397
40583
19359
13944
24414
45683
17646
28754
32949
41705
22036
10271
6238
21421
41043
23623
25853
29928
6719
3658
25241
46614
49440
6290
35160
30578
2761
29365
27323
42336
43902
47208
7192
4079
45502
2914
32653
11249
14581
7917
45574
4064
35064
9637
13536
16231
23050
45059
28647
9059
13787
43386
31323
24876
43794
41071
44691
23378
25138
45277
17609
9388
15282
31689
45631
49802
49911
1905
21036
13364
29219
38668
741
3588
30362
7613
16473
7810
7071
497
43247
7505
16146
16137
47281
43697
34298
49989
9315
46338
29858
22962
21874
43947
35523
27765
2586
23081
6592
23851
33847
3072
8673
40429
29964
21750
40293
8511
5918
9663
47118
17805
35809
42417
22682
34859
39979
10316
46210
11821
39971
45448
26349
559
8720
1580
25519
40367
49486
19367
8257
13049
44721
12073
36985
12423
2245
15763
17121
33474
1301
5388
6355
47492
17288
3319
19576
42601
32855
7051
44003
21522
12010
8286
28333
18759
8695
14409
40761
11833
24674
20588
32617
4573
38947
7201
28010
48200
35027
44307
38930
19952
18348
31133
5077
14676
22318
37918
45369
42233
29481
9100
47938
27928
3052
8799
7660
10091
32237
34362
30690
5641
17936
24042
39197
7293
3763
24598
36143
13037
30520
49248
34096
25210
23686
5735
31144
37228
49925
25705
38748
17296
39328
3272
18258
7582
8354
32904
47638
3688
33904
46749
1438
45211
26739
8032
983
34081
45035
6643
31301
27523
36442
5273
25188
27427
26128
11046
15479
47122
37983
33331
32842
23164
20839
10910
2485
31513
27739
44804
25025
45084
7929
3163
10719
9122
29201
20063
25322
38192
2305
23829
38886
13959
9894
25218
14647
4723
27899
10777
24078
32893
11942
47932
24281
32555
41460
48212
29519
39773
17047
33639
34724
916
26997
46545
42902
25723
40124
37530
37556
32053
36222
38231
28583
42651
3118
18955
35509
36318
43970
18873
23022
41355
13339
15476
45658
19746
32410
11138
7877
12293
5650
17205
10555
40157
22053
38919
21123
26282
13902
8040
46410
45614
49171
10221
36650
18911
14262
11490
43896
24576
36494
37308
47970
6299
37058
42352
5797
34782
26010
21146
13651
41986
34830
34141
17447
2851
20434
39110
45142
19635
46395
27526
34470
33412
5419
41861
16833
23754
11934
10058
25407
37033
9084
34078
17344
13881
643
35241
47860
5368
10738
32768
1716
6597
48268
4357
21106
16248
15693
33686
23277
14498
16255
11039
43373
27567
45909
23693
46196
20941
15233
38897
15854
34244
4994
24840
38198
5209
26718
5466
22680
48541
16145
48847
17455
3647
6039
25427
25649
42048
24466
14868
16541
22410
31904
2098
29837
11350
34735
32468
17574
49598
36796
35156
11775
14673
4136
48409
16230
3727
2520
15343
44302
1227
47680
11898
26456
46548
13475
25628
18816
20867
45153
10635
44326
13779
17325
7706
12659
7767
47606
2663
26230
30086
10558
47952
8121
24116
2910
23246
16138
41196
1415
47047
23208
15829
38742
6700
49858
43985
27480
13176
38136
16536
31900
22270
22130
14553
24288
18364
4217
33667
11587
11232
13278
24773
37893
24930
48809
11192
31583
4110
10917
26753
29241
46263
33240
44594
35587
1594
1393
28799
14935
12298
4087
28196
30448
40837
44622
43644
2499
8475
30331
49178
24963
2052
41186
47705
7938
481
36921
39908
34124
38275
13281
8135
41156
25331
35534
33353
43259
7797
30311
45284
14169
24024
38776
5256
4445
6178
5151
20359
13810
29570
42090
13985
13134
29676
41833
45892
42694
33574
46262
41326
1238
33991
35480
22090
25453
11171
25058
2549
13561
21602
7738
33983
8762
27811
41770
18558
32052
34098
10730
7438
48460
16240
15757
23300
44244
36610
7969
30670
30437
5422
21568
46554
16563
29338
48953
29925
20696
3080
28727
17632
37022
6818
21111
38632
36125
39981
32645
22695
49478
8378
7406
44459
31677
23530
14013
38701
37916
28637
46224
37350
4787
2374
3717
29231
371
21279
20416
45081
10069
10868
45676
3686
10703
32128
40841
19061
13631
48257
12983
3449
22269
1951
1168
43692
1070
23621
46901
12099
26460
9432
19127
2573
47692
14889
15729
35505
41146
3795
8594
13548
40587
40490
39729
43068
36784
20920
28717
19162
49433
23006
44509
11966
34763
13243
48553
40031
37081
17729
38424
45085
40722
1827
11268
11175
16972
3711
2896
14978
6066
32839
40171
24086
1225
45203
9381
14334
9211
45827
17178
29431
17050
2678
38244
16806
37631
47290
34645
27023
10697
40454
2818
47001
39336
32494
20247
22909
33197
35471
11087
40464
22597
15483
23997
11961
47082
24416
11829
18748
48004
45981
5726
29672
1307
6124
47115
28255
40009
15680
6815
42888
13557
9755
48167
41518
17789
17642
442
22356
45908
8442
3628
30581
39886
29368
21998
19866
36026
16517
24498
4781
24061
48347
9179
32825
35390
11491
12858
2386
43453
38120
45923
40221
49041
38380
17790
32452
31573
13141
29153
45515
26514
44628
14764
14940
37430
24301
20905
5778
2129
21980
2000
3223
12940
24206
34142
4963
41357
18555
705
2638
2622
38205
5476
30848
45213
34721
18167
19422
1360
34220
27774
30015
8078
20230
37224
7625
35795
22198
10217
30177
33927
3893
17250
46244
18203
8959
1164
41958
47969
44400
31958
43846
12194
5775
39121
25252
5278
19256
49586
39206
45072
11586
20055
4904
2228
4126
46159
2637
41764
12605
14939
35228
45671
20012
48500
42200
14381
44558
33546
49123
12111
2690
44800
47844
16039
39058
37590
36048
43695
6482
30414
14135
32639
38437
15641
19898
25597
14697
46868
15027
3897
5888
816
21386
39655
30092
26469
1786
39699
16395
36910
42451
44492
44938
14030
41706
44918
46994
16448
11820
31858
15551
9721
36685
19822
26159
30213
18058
39924
36507
35189
33473
27088
41960
23705
45486
25131
15007
4993
28247
47228
33625
35151
35537
38559
8698
27224
27269
17508
26071
44569
12887
19509
36434
14305
47850
34387
28144
35421
23610
31917
10436
37441
26353
48832
26272
14504
3097
41519
16256
47174
37076
38174
13162
22845
18340
40474
31847
47235
3257
44462
36518
23005
39631
41439
35495
18450
22009
810
47246
19332
1986
21843
15017
15220
43927
19323
45651
31098
3031
45510
27486
30284
21237
39791
47811
11142
30622
38799
48892
36616
6170
29123
32797
37859
8127
7644
38156
24380
24456
8652
10211
7147
36104
19184
28110
5694
8353
8304
41684
23177
21191
28986
2951
7238
26099
3926
7212
31590
43038
42087
39561
45585
23194
49314
7117
8519
8997
13645
43744
13200
48321
2513
39904
33984
6405
31250
8782
44828
34453
23072
16890
45779
49845
12933
20302
20800
7549
39192
4241
43642
4152
17335
16996
44510
13820
4124
3838
25866
29272
13404
23127
37238
2490
23744
40873
36467
32849
34879
28497
30551
38715
25979
39222
40617
31672
11320
21833
24990
31259
18541
22521
3290
13335
36469
37004
26882
34410
8879
39575
17602
8209
33083
13532
28185
18853
20499
4566
12830
14243
3869
39771
31593
38580
24503
23269
17532
39349
18612
45293
19266
12471
35787
33358
8431
30569
11677
46989
30726
482
19536
14408
31889
37498
31616
48201
8798
36183
1551
45386
16753
43251
12379
10771
6981
25925
20031
37307
38609
23189
2213
8732
22848
45982
30226
42272
22081
48282
39478
26028
31846
49059
3683
16472
16073
43203
44736
12397
10503
22133
7834
1088
45578
10745
34115
24299
41826
28684
4474
38038
5738
1205
19112
23098
16732
12979
47093
43399
44418
35199
34829
39898
17753
32782
24731
21352
39541
14908
14207
5567
27101
21190
2014
1743
7083
12205
296
23004
28750
24030
34036
2128
10268
40523
5677
15376
13187
32808
16500
38762
5513
34374
35518
45963
5318
28959
6987
17000
3921
17469
25488
45946
44199
5333
38836
1110
10208
41713
11649
15111
820
47389
30525
21054
10838
7483
20169
18867
22882
14123
27706
4201
14537
48636
12227
44454
11933
16646
34337
33333
44490
26725
24678
49916
27752
17354
46216
30987
47327
26865
2414
28175
23729
11416
23887
19227
22145
22146
5646
22635
26249
17286
11902
47531
17174
647
20124
28271
15879
15581
45145
7261
42609
39240
12203
35274
2358
5306
38727
41220
12279
41624
4309
29905
12768
46220
10460
29759
13017
1331
31545
21955
49267
7004
27993
5473
24596
38191
826
45601
38184
6060
26198
41056
6601
37734
14382
1422
6508
3306
29126
9191
12577
957
39346
39662
23145
36354
16790
26359
32396
42600
48151
49508
48106
23956
37428
40568
232
41038
12362
5508
7016
22651
24431
16014
8708
11095
8052
46682
32019
16090
21024
17654
20584
44364
37608
19154
28487
15772
9877
20033
29360
20125
19186
34817
46905
28852
4338
12052
29073
24240
16508
25848
17516
9025
7996
44404
2965
33954
4178
44406
45810
29100
13835
10028
19645
17179
40466
46551
41604
43592
22333
15728
41723
3073
7007
18356
17291
11739
14369
24861
42839
25357
49408
17312
20305
24214
20294
11275
34775
514
19454
49518
7247
15562
29836
1424
49917
47756
42493
43507
12327
2979
21475
31345
3608
44085
19543
1789
31876
33171
33845
17061
9898
22985
23850
29022
43884
15121
41909
37966
22023
49418
7618
44801
38435
17724
39719
11006
16052
39225
46484
9859
7248
26373
45241
48879
4952
43403
2893
17276
8935
34639
38062
1513
41233
40654
49378
43564
19924
20069
750
48301
49547
25764
38036
6612
14150
36762
25667
1887
14399
15120
46060
18017
20456
48876
48422
22480
20126
7033
43994
47221
35747
34307
42745
15366
8992
18872
30141
1447
16797
39754
13637
45623
43407
27624
37037
28266
38498
25410
27645
37397
19773
44292
28578
44386
33638
31815
37625
33163
40125
36914
10482
10634
20131
45845
38025
6802
8252
31291
12910
34906
29388
33160
5411
22466
23295
28526
30870
12950
34888
18854
29790
3126
38912
17278
12548
27229
48793
37445
29157
24868
16125
13121
45383
32778
49673
41380
44019
31441
12827
37178
18494
43557
5818
34840
37567
30615
1336
12867
21285
32026
23989
30234
36390
26260
37506
4731
36378
49675
1724
46190
13343
4733
6481
23827
30505
39125
35091
38631
7347
8716
13325
20579
108
9837
10290
1421
33751
8476
3389
43937
12033
5218
22032
47597
10754
22739
20070
44046
18705
6627
35108
6148
18920
47077
23207
35779
3234
47743
10214
26138
23722
31354
27424
34182
1443
13067
35722
20053
8006
46493
2078
18777
47215
49571
6210
13378
8402
116
48226
21873
26389
29575
35803
19675
22128
28314
11981
44698
3570
40047
45919
23810
19907
11849
2433
39615
36213
2903
33332
10264
15075
29592
8607
41913
2966
20513
44832
20371
40163
10746
13473
22365
28470
18490
30687
29590
3215
2815
32919
38141
39817
22232
35007
18027
2312
36461
13424
41352
42554
25901
47900
40843
25352
45518
8742
43747
36419
20174
32536
9671
20240
14321
23582
34770
35555
35420
12123
42572
16929
25150
13667
37516
1554
21276
6926
44109
26157
23776
4370
37686
11711
8729
11508
36237
43266
5806
15003
36625
11339
26674
2625
34777
2984
23525
28030
36059
7662
37580
19098
46568
2219
25250
6347
24343
49679
5453
41966
35952
43633
24055
5205
1179
28764
29667
15212
17098
33161
35294
24777
32934
18533
44360
36248
9766
11461
26580
43123
13268
28848
12256
44521
33142
44179
42705
48945
32040
11992
18204
15010
20076
43880
18105
25936
36061
34843
2606
6760
229
35253
43952
36008
5021
25297
28716
1706
24439
25942
36076
347
12218
21871
30758
4657
30349
4162
49649
16786
22949
28102
34285
42151
16079
23083
35285
38872
21112
39556
33853
41090
32954
22175
18143
49712
44115
43300
17684
33859
48634
21271
4540
15158
34769
9659
4067
29903
29261
43186
3369
15970
7280
15130
22291
8639
26398
37575
46509
46659
41625
36670
13326
22567
18725
47284
26087
48729
40714
4467
35384
9808
15026
15404
33485
36522
25126
14922
40299
2579
29329
27569
34447
14085
38809
41616
32788
38597
1669
21371
24175
4977
7574
1085
39384
36286
8509
25289
31032
8496
41923
372
35798
16756
32076
18662
10821
26064
41746
38707
5459
41954
8323
13253
42647
20172
35336
20
39177
27689
34972
5744
19608
32798
39826
1346
12217
41821
17549
3209
40456
42984
46847
19236
34613
43939
36592
17503
29524
21847
13983
33591
7712
38169
14503
21366
27086
10661
33512
33850
2269
38288
6944
8037
646
7534
26
4935
11406
34321
49750
3678
21988
45415
17390
14244
20202
8107
45769
23067
10424
26495
42524
35618
34742
24772
15117
36917
16041
13387
41761
43337
3974
41700
42916
4273
31909
4068
24253
48379
27371
36822
22880
29150
8804
49969
15300
27643
32006
29934
29125
37812
9196
49580
20064
14968
17119
7676
13930
42193
9661
18310
17673
33531
33605
25873
39271
9821
43506
26189
47728
11439
48926
34336
22834
27877
16984
46803
48891
13941
39700
41406
26250
24713
40345
49585
38977
21501
38611
43928
28861
45051
13004
4675
35024
26224
28151
31455
42612
41728
40342
14483
21047
28687
47822
43454
2720
2502
22800
713
25763
22640
24315
25050
12454
7163
24949
17045
39239
29159
34892
12003
46377
4727
8693
42166
5819
43616
9195
5206
4805
38713
38708
4029
44543
19468
25648
18064
28492
34858
22152
2935
3201
40726
27280
12198
7936
8970
30997
40166
23839
10472
24521
42519
33924
2343
22852
15819
29433
30661
11299
26773
37098
36294
9489
1025
45388
37648
18271
41999
14532
7204
32480
8750
7536
4336
31062
13497
37663
46686
49299
33077
11243
7178
27991
36945
33339
34707
35344
1830
13655
26263
38612
31960
32895
33587
16191
1676
39001
4332
44428
40389
40284
3481
2022
5594
18482
836
6620
19508
46422
47309
1480
2285
39888
32325
19000
22930
44962
24493
31499
30786
43495
23182
29493
4342
46912
6949
46416
49368
7867
11850
47062
784
32903
11336
14249
5782
1150
21333
36555
2589
38033
49367
40120
11281
44320
43418
17525
31482
2822
37095
46205
27133
33649
16085
35014
41981
24476
6306
37677
12005
30955
11504
35776
6094
21918
36574
36215
30567
2207
32032
30330
37385
12222
49678
31707
10817
4922
16365
15330
8725
3600
32265
22531
34186
10276
40591
20561
10273
41942
44420
44996
11897
8359
4545
47446
12645
34460
38277
32817
42467
43050
47026
13143
37835
30045
20028
23864
22207
35868
3720
1172
20189
29815
41344
42799
5216
42692
1337
17145
15785
1966
11679
45107
41934
4091
17432
42639
10156
38839
2509
32538
12051
16312
5285
14519
35915
12147
17301
27997
43996
10117
34766
38905
47419
29072
504
30154
30458
13123
24959
9866
32090
19679
11264
48655
39038
43025
21196
11581
12523
36570
16159
44827
19338
26841
29194
46386
2424
26755
19525
7734
5981
29963
37359
4363
17595
3382
27022
14323
192
47367
46754
35372
32872
5949
41092
23381
15904
49021
46840
32781
42003
34917
12380
28996
25086
4457
43155
47666
6140
40846
11532
45858
22853
3275
41190
21038
13943
32165
41631
10589
28340
19820
11470
9566
15621
23698
34461
42717
17142
47731
40313
28032
22609
4511
39312
21006
4145
29768
37852
40557
4927
45884
28542
6350
3383
26089
3180
25326
22887
18251
8344
40260
20823
43561
1872
20710
9575
3644
11799
24420
49225
16135
16798
37461
11332
39017
2450
2926
16027
6234
9081
12993
11093
49338
8758
32941
20603
12231
45172
41047
15713
30759
42040
18621
38852
43002
46178
9520
29520
9771
21413
23969
31079
35276
275
7935
48339
39914
878
4658
23369
38369
25028
28766
39472
17552
8305
7270
31464
17852
42348
44550
39309
14508
26127
48551
8327
37869
49897
47921
25782
7466
40747
40915
27542
49524
14702
19285
17853
30808
16963
43207
49814
49511
44352
42393
47715
5661
25231
334
41390
3856
41108
27583
21188
32456
48256
17337
26493
49623
47372
48582
22539
16217
31434
10347
44694
9118
44144
28663
15442
11601
41322
22160
18617
36706
13166
49061
19138
5826
1703
34493
31159
678
19800
24937
25770
34204
11985
35112
11215
16282
42611
35937
48179
42560
22063
16642
11354
45209
5294
16033
10597
33652
33501
12347
22911
9513
37423
3989
47352
6575
39858
110
3177
49335
48816
45836
3086
5297
1039
14663
2608
43638
27305
32714
576
2061
42724
43786
20488
17361
48449
27974
48016
48453
25173
27051
34506
13952
42762
42613
36069
8685
8005
9188
27048
9982
24952
12170
19811
44306
48599
28381
17808
30723
49028
24684
7146
28226
479
35563
15049
43302
40262
19168
15524
17221
3664
18582
46401
12770
33907
19077
26867
45513
32280
6103
23961
25147
43785
28379
40049
24319
40275
41939
6376
14191
43829
3292
8055
37876
4238
46824
47257
9392
35266
28873
41505
25772
39974
26081
19344
40635
2672
33284
28594
1131
5128
12162
22143
5352
6099
45718
49102
47030
10827
42220
32043
33181
6054
1476
2837
49233
21120
44766
24641
22147
5430
27871
44936
46518
45949
34422
49043
17249
41228
32847
11783
35839
49026
15876
11974
6845
37825
12319
21347
22886
29082
32984
45530
36007
4700
30836
34180
23531
40689
9185
1427
22162
42081
43236
11801
29826
28388
4154
46588
126
33
43209
45720
40413
42939
31788
44201
26741
27683
19057
34271
29961
12342
29625
33177
7450
3500
22737
28493
12441
37753
12265
49933
34040
24962
7129
1502
40106
19355
21303
9262
37667
27054
24572
5174
2009
14440
49246
39855
37207
19377
9538
37678
46504
38400
2334
480
48653
36583
4138
21027
9096
19829
23718
21960
25031
13829
15799
18861
17539
19943
35533
44614
14161
1798
22126
24915
2587
20586
1837
44279
22345
39164
29772
28985
12393
29655
16859
21174
19284
17506
36981
1617
44213
47109
17371
14754
43548
24123
10866
30396
41443
15997
44886
43508
21223
38677
6788
10356
29933
24350
44170
40679
24875
20940
6416
27002
25655
9647
30225
33302
21866
40563
13584
26119
42131
10391
45353
35861
26709
36246
17675
8129
27708
48222
8116
1279
32048
41652
37733
32227
36568
45861
28847
4246
1047
48250
25056
5158
7562
19523
20411
21284
21218
18410
3286
31494
41878
4813
32489
25321
6141
17456
5489
49558
26967
31287
14022
35070
19129
39167
7850
50
560
28854
41223
11349
24621
821
36074
7321
35339
29320
18746
45452
4180
10581
17639
30645
37555
15092
21164
6214
35243
24297
14016
40207
42120
41538
32748
24704
22804
2321
33199
30244
20661
11120
3929
33681
39780
1043
19938
43201
23663
2694
17222
22231
18124
40531
19616
38333
44913
5462
16296
9357
17848
10877
3692
15286
35158
39807
15566
16304
14871
20065
23363
39064
44483
17712
36613
37381
29341
12784
48025
14680
37702
32294
18869
49451
14718
15531
12874
34848
45633
8710
24461
3526
5713
35263
47038
7386
11198
38246
48995
38531
21837
9850
15125
40059
27182
2938
32761
44618
10493
22109
34361
37056
34121
46599
38401
48093
23396
43421
35317
37988
36367
31253
18826
32113
34933
28431
21151
46864
4361
16476
27058
39847
37716
21189
32791
30393
40832
30257
10759
8198
14855
44136
48977
14359
38126
43686
14295
28130
8741
41823
44437
32455
2871
7912
48479
34512
24568
931
46420
36699
21432
8747
44011
8460
44580
29998
47192
42719
23447
2021
42150
32640
11834
9254
1670
37343
8801
6206
10166
30400
28374
33482
43705
40749
10787
22572
24873
23617
23390
27344
30983
33046
46715
39512
12817
29798
32965
12214
10611
18347
23511
25975
20349
20276
29485
29737
36067
9380
18889
11669
35878
43018
12585
48175
29831
25563
11696
46930
47941
27801
43704
47080
3864
28418
21942
45276
33103
3904
25035
40320
43431
46636
19533
28678
28176
37298
35424
8817
24610
36145
32486
45824
13415
21644
10825
28023
27591
40514
35084
35625
42804
6712
47997
11623
46047
35745
35427
32529
26077
12000
31729
24180
13043
35983
37798
152
46273
22772
15825
6059
29264
16750
48559
33696
41398
44565
32565
31986
27266
13545
1462
23136
26590
48467
42807
33064
31510
12559
46260
31930
12991
43053
40435
10580
39163
11907
26587
45606
45156
21637
18475
41911
36828
26274
31512
5058
49517
10975
24444
28866
34756
13938
13847
22156
49667
42440
3380
6203
40797
13522
17541
13786
2551
45104
25332
29999
7232
23484
15347
5311
27390
34156
9382
20840
49206
41893
14071
13878
28566
22708
32207
11245
3931
34490
48711
26364
37279
5383
25285
4404
36908
39820
711
43874
46649
19589
12223
26926
15948
41235
12439
14536
15239
34191
11851
6014
46265
34964
30255
11859
42548
29353
25812
17948
15435
4534
37025
7788
18504
24211
19784
7575
926
20900
27470
19427
45404
10722
40336
840
42381
39006
28972
36150
42761
45227
10372
11200
24754
32055
36051
40957
15625
4151
6657
9542
5914
16511
17756
6451
10713
44190
33394
9919
10908
817
27674
39256
46141
23796
48852
59
16381
38796
15369
12167
35568
26584
40484
20217
8827
43955
3352
22932
49896
42785
3241
39800
12897
33651
41927
10263
19333
4051
23431
6382
45649
8777
12025
38000
17185
33376
45185
8205
7653
30478
7294
3605
29588
29722
43434
41080
24406
43370
23842
16949
44066
41919
7019
36181
19008
36987
10841
48137
32146
9714
40866
23977
31060
45804
15622
16347
21928
7502
13459
12185
19871
907
43052
48771
13556
16991
1017
48407
17873
7267
46132
6523
41529
29281
48040
37252
46186
28060
44842
30706
48260
16685
9216
13828
6247
4316
30849
11202
39581
35544
32284
27534
1154
17754
21345
1257
29430
23459
12579
45655
46131
43680
37711
22701
25896
1969
22914
42178
43733
28792
2848
35271
45956
30152
34432
22494
6509
16554
36458
31718
10399
16870
18097
26744
18362
31212
13571
29695
41937
35256
30126
44143
25791
13917
7501
49622
24313
12139
33198
48258
24274
21748
45696
22525
3009
27791
19691
12941
45608
44125
9863
42924
40798
29389
40270
47964
44465
25768
5386
44887
323
28720
22481
14240
46564
10688
46734
1309
19734
27259
1879
4565
40469
20635
34647
14830
13332
28081
29112
40897
1649
6088
34539
18439
38577
23472
1734
29854
44225
32551
13445
43864
15674
40847
40068
9481
25849
25644
17667
47116
45120
17567
25699
38987
36037
34670
39563
44572
35342
43103
21807
46406
35268
28969
34893
35725
13088
12062
16745
34356
13218
11664
25175
14518
19409
29979
37409
1824
78
44859
21138
6733
4088
36135
31614
2784
1563
32287
44795
18016
47691
17395
42158
13525
29053
45318
22327
5284
17611
25043
44501
19076
12549
13628
8348
28721
46716
5716
44947
14239
20198
558
2892
44396
16263
48518
4694
1902
23655
29513
34488
11009
46738
27293
17512
865
3622
45704
33229
47629
20659
41870
4362
48057
11694
23925
23346
7337
4775
20550
23493
17256
21477
19887
36112
36867
23738
30085
24808
39465
37525
35790
36912
18963
17623
36365
17465
40953
46381
41985
24744
4257
42588
11810
40100
41605
9151
36620
46433
47161
4708
2162
22534
27584
46414
15457
289
1485
9645
17087
17418
48895
41032
22316
13857
33490
30844
33267
46198
23489
32333
29331
14652
33075
33451
29402
11563
28927
7467
44098
29086
7581
46699
28557
27254
13989
28541
26623
30365
43870
15269
13266
41413
29380
46918
14214
45561
778
4052
43653
49991
30637
17
18618
5686
7949
28527
4410
7533
32789
21008
9198
44233
25832
14433
18897
44865
15397
14039
46908
13260
10690
20805
36304
19527
12102
22095
17543
41075
40730
6998
35126
1938
39283
23116
201
4661
3044
5204
31333
32835
46300
30283
44707
29447
48111
4729
25623
34636
15228
49759
36340
28399
49723
1916
29249
28160
32268
32010
32867
35647
36159
23507
6108
10062
6833
26453
41556
18231
30146
7711
49336
23688
13237
37646
25089
27162
32711
43061
47847
34758
1339
11526
45201
31841
14838
29344
29825
37892
49344
44495
45430
47428
43914
36220
33166
28198
25376
14506
27482
35721
23875
41818
36530
387
24048
31028
35360
16600
13635
39189
5232
28270
11054
49209
40736
21597
19295
17204
47585
5267
19845
47577
19345
39682
13249
8976
21367
21463
35445
18803
5382
24974
27640
46572
16123
28533
36995
26074
32940
33997
81
41364
39362
45555
42489
533
35356
42551
33369
39657
44566
6455
5808
28002
43765
8961
4155
28279
17938
14665
25932
1332
32695
42145
3249
4153
30604
41016
18132
48663
39480
16261
14573
44487
7322
30430
15219
46771
47104
40352
6142
47843
22124
32030
47694
38081
2504
15747
46735
27324
19456
18595
23982
45130
8118
21698
9717
2999
27827
16638
3098
30773
44410
48159
7820
41864
14468
17824
15307
48976
38327
20341
30178
42628
1947
35023
21179
37329
37771
27388
764
36271
17375
37877
19386
20167
9878
8542
38552
26622
27140
23752
39768
23831
33005
1192
41612
7380
3735
16175
2706
37915
36953
46171
4823
31596
2516
1861
48078
45602
45732
41692
17020
43309
32737
26378
29983
36368
4298
11760
12907
22370
38302
5230
10209
47195
47499
22544
8218
44620
35581
47976
26116
28924
26114
13032
18172
22997
6720
21257
26129
15545
24770
47815
16559
41970
33011
17608
31822
47645
6861
29744
39943
3191
46569
49882
27442
26870
7063
4428
42999
2259
2468
36624
37164
23436
23791
2233
7317
15652
35743
11300
283
29122
46872
19724
35535
43577
34678
11931
23159
39395
12742
1066
29358
11019
32616
19079
5930
18134
6744
26155
5455
320
37695
21675
47463
48164
11511
2382
45327
10395
31855
10326
47942
42208
31954
531
5164
28098
44615
17007
38294
48174
976
12421
46138
35648
40269
5292
13193
34051
21507
38311
46961
47635
16367
4883
32650
46034
18892
24657
4035
4430
21184
13174
38314
10454
10076
29233
7807
5222
33823
36157
3316
26572
49261
15766
4360
15565
29244
33993
43523
1312
567
44514
15123
20644
23033
2339
16921
39753
45279
48146
16887
44840
10308
26862
48405
35822
16470
2099
14543
15903
6891
8276
24528
39636
14385
28056
42734
42979
9660
33957
21323
32229
9826
24811
29893
33109
1123
13799
6183
42175
16802
41659
14599
11326
22577
49411
33959
47973
25574
16647
209
35407
4756
24219
9988
21321
2618
42411
31106
12676
34183
18081
41348
34089
13287
8727
3171
16118
21343
13564
16398
3265
19587
1715
14662
30799
1397
39758
49956
6176
48905
16796
32080
6377
32592
31770
26940
45600
8060
20774
33492
46710
21852
25456
19273
38887
35225
13758
13709
8132
3835
1549
29665
37052
26802
27306
46950
22304
41060
48382
16942
40448
47334
11800
45285
7532
49504
47156
8506
18845
42221
22281
26183
40138
38151
2894
15471
3822
8703
38965
22556
20534
4795
9464
46440
22646
38873
8625
26653
45460
45921
16849
17116
35088
14117
3461
27177
5228
9990
35196
12453
27747
35173
6747
46288
21318
48593
41935
47493
13775
49596
45597
31440
2886
25888
22482
18077
32577
43956
44324
41296
28544
22838
36097
2916
16283
28795
35685
45519
21693
41925
35800
1925
3270
5609
15996
33880
41526
17534
33960
33515
16091
42251
1193
42835
44362
1371
14636
47992
49205
29099
9233
21034
34412
25826
8620
14747
2570
29910
39045
15481
3629
28033
19596
653
42034
35992
9835
17798
31252
27909
49174
26675
48943
11987
17118
33313
32733
41187
45445
12949
28935
4144
31816
27374
24223
2160
16950
42405
19069
15609
2660
26352
24703
46457
21540
25518
40194
24883
18611
36356
40173
7311
6794
19571
24992
5130
41995
354
22469
8
44713
301
9470
7171
46539
11317
28139
22351
11008
41627
45913
10911
37773
30573
44202
16205
3320
28385
5143
29628
33892
30930
3740
33041
19572
48210
42154
10388
20773
25939
42439
25541
19321
45829
23532
48202
35181
48425
8153
2036
45029
11351
33676
8188
14452
45376
35343
22445
38202
35286
22928
44732
35972
22029
23586
12412
46700
35239
5915
44299
14960
7454
41737
16827
10913
21332
10086
42903
4965
16071
12583
44630
14898
43668
44288
49413
16092
24036
47642
33641
11840
19810
5159
38449
42283
15570
30082
13271
24586
47495
36596
1439
42375
2090
23948
43189
21821
21823
11027
17594
33929
22054
46005
30195
21964
4021
45113
8537
11318
9465
21018
40213
48484
49654
35365
45393
4409
33800
23808
40164
4333
47653
23139
35119
42423
49600
35969
30850
30219
43277
21404
9473
6058
46091
3689
9028
35328
45689
19562
29561
34246
47791
49839
46875
15855
9576
5501
49663
4542
12845
19219
40265
331
47814
39994
6340
37807
28650
40788
36389
13807
25695
5666
43579
49703
27011
25958
49653
43072
30242
9666
32996
4219
42780
47687
37981
6706
26394
21412
13591
40756
18926
12095
36292
19699
17303
48143
22775
38251
16271
20866
24619
4715
14298
4493
39977
17857
9839
28170
26833
40535
43830
36869
32779
8406
3431
18800
7011
19821
32197
39999
46858
12801
15456
11262
40099
48249
42844
8098
3966
4649
23579
23155
477
18846
15068
4352
965
28192
35903
8681
17251
18984
20333
40493
17426
26558
22110
2898
4065
40964
32596
42265
23451
33084
22039
5239
21752
21040
6271
21485
7344
17781
31881
12371
32706
3903
19641
4245
7899
35595
36809
28201
47324
3357
36978
33249
44603
13235
30376
27392
3137
769
4166
28291
45820
2844
5878
32774
40674
24149
5786
35621
1314
25202
1466
11025
49529
32160
18149
37912
46165
7157
28084
30442
42706
26208
44246
35609
49565
14608
37459
2983
25744
45887
37105
24536
31046
9972
47299
5220
31626
43689
46720
11796
31828
21784
16847
15494
38962
21930
20754
39218
28321
41795
37563
24031
2028
28068
23814
17520
12673
7356
13802
22390
28335
48978
5971
4752
6829
14777
24791
9355
23179
40638
1756
14472
45669
40640
21638
44457
8242
18837
37728
17746
44499
27531
48919
30108
16983
6559
12587
35143
34426
3554
23399
20236
2440
4028
44389
2366
18456
10364
33058
12115
28059
7108
27697
2956
27971
20638
48886
35982
43757
27342
27425
34260
36513
49185
24446
44712
12389
40831
46011
16829
28538
44262
26107
14178
42337
38528
16861
19964
38319
16633
6470
38397
13420
5376
18346
13855
16924
2685
43759
45835
37609
16759
23638
42897
26596
9528
48848
35794
22486
46810
4502
37661
21160
943
2508
32869
11713
14725
31290
25159
47275
20766
16811
44164
43800
28027
48849
35765
31755
29345
49758
7920
45882
28127
8072
41867
2710
46889
46144
42581
29420
35532
27612
32579
47808
23379
32739
4187
12709
23196
18140
22275
657
42596
5813
967
46036
19976
2159
14042
42772
45479
37077
37493
41133
44212
44513
42906
35319
10895
6541
42053
21251
4825
40359
40282
41914
38278
11915
19857
16059
43171
27519
29941
21093
42078
22024
44876
28613
45034
11147
35009
4597
38874
13331
16310
11531
15283
34120
48465
14646
22829
24595
37434
21459
30488
20404
22149
43283
9872
26457
14934
24871
37801
23704
44332
32173
5390
35695
30519
24154
22660
16066
34270
5563
1098
41001
40972
5436
20855
41957
22784
13477
12882
18664
30596
839
1209
4158
10425
47331
27820
19498
2322
8079
19388
23921
20245
13079
41535
11940
17075
19097
28631
15422
42626
15004
44848
44012
30807
41213
31533
4444
4165
4080
26979
11473
2294
40315
8499
25927
30237
5110
18832
20170
17473
7530
9401
21885
30279
1090
12671
48986
45857
23125
35056
5840
30920
13898
39385
19769
41349
46057
43138
7722
19560
587
16854
168
49407
37399
16468
12691
7429
787
18215
8226
18424
14530
39147
2528
36931
34344
12956
47172
46115
18376
43702
16227
37250
49181
15506
6048
34477
41837
40565
3142
16516
21564
13640
10889
4822
21234
14890
36107
20328
34778
34548
31517
37373
13003
3999
19610
36147
40849
26832
14060
28791
28825
34160
34402
45049
3087
34853
6244
21216
23867
7288
48095
8902
28472
48650
22456
32297
47682
5951
31953
22599
31857
1433
18479
125
15460
21338
1136
46782
29650
40145
11418
49065
17587
13153
34977
19963
4416
38783
24139
38773
25702
37697
25114
37888
49527
41252
9718
25637
22994
7020
9194
18700
25948
47303
9252
10549
49498
11362
28299
23662
25185
31802
5895
48509
32709
3565
29278
18573
11211
38665
36534
7369
12354
32115
42386
40552
14272
48075
10033
2819
30047
661
18184
28676
11254
48681
39715
45115
105
26873
20097
38292
40735
28180
42270
36218
11478
10791
33723
19374
13990
34855
28092
40545
17842
8557
14912
26487
26686
48608
31081
32255
38106
5156
3977
33329
15462
32553
32403
1128
36223
48066
2677
7639
48486
29612
9073
7439
36014
9061
26691
47035
25741
33713
22238
4195
19412
14645
27033
34134
1883
47625
12172
12683
30072
39611
33973
24268
33432
22483
24784
22462
18754
42664
26489
45205
45653
5781
10118
18707
24501
26842
2932
36064
44687
24996
17505
44554
19836
42630
19657
5404
2792
11492
43298
12543
38963
12852
46603
43876
14969
26749
35610
5611
43717
4621
43469
18047
10003
29904
37837
16875
22468
11283
23090
2810
5091
47725
27001
9207
40203
28182
48241
36103
9019
17502
44669
12089
38704
33357
25130
28756
26661
7097
6037
3029
2905
20275
31142
4041
47485
629
30612
11073
16627
18879
21205
43795
10609
40751
14059
18434
20548
37091
23871
18052
44974
33920
21951
31140
26758
28073
11879
20039
17770
5634
21528
15431
8719
39562
17740
3993
38933
27745
46635
34195
38579
46289
25976
33464
32282
41738
13247
29783
3325
25793
48077
49055
36806
14945
12797
42332
48839
20999
1328
37551
22634
12127
47412
26044
35033
7289
8767
38387
20043
17201
10569
43619
42883
44162
8038
10800
9467
4936
4102
47561
17836
71
16274
19081
33584
1979
44381
47342
13226
3348
27586
45461
46764
4902
12744
29475
5998
26429
10848
31329
19570
12249
13255
41202
40374
44979
31820
47707
39060
19574
35413
27238
29076
414
9981
32539
33024
31084
28118
2798
40917
18840
18241
1844
18723
9774
33115
38938
42425
34435
49441
38408
32519
18745
16546
39109
17771
991
30838
8311
32036
33282
41890
30527
30183
20048
42496
44596
7143
161
47361
13374
30595
27120
48247
12304
16251
28880
26175
999
14487
17627
6361
32751
36825
6586
44678
25582
19348
38483
8124
19306
8646
40322
12272
44518
44911
26313
12458
812
26853
21031
6031
49480
49834
32378
44317
39948
7024
48766
30874
6561
30440
28028
44699
32364
2864
43190
19785
37896
4369
8863
1661
20809
19825
5629
42346
41166
28508
42330
2408
45273
16719
43595
22421
18673
4626
22988
21888
26724
13530
27620
29273
41863
16172
20670
728
47267
41154
11509
40250
410
457
37543
7801
32421
23824
22762
47712
8885
23792
8217
48752
20808
8446
49717
36958
20848
35843
26322
39314
9180
40645
37778
21270
31715
17176
40968
12119
37954
1836
6134
1497
26641
46470
32881
3364
25211
30804
33107
34345
20971
23195
40349
35828
10174
20001
32492
17193
19160
3354
43493
49168
36169
43146
24096
34136
36089
31012
40072
20462
5254
648
7601
17819
45438
47806
44368
29677
36736
46013
27106
17027
3611
38224
4554
43178
6628
48838
18159
37623
39353
25180
34338
18522
44297
294
19440
25083
38517
46231
44123
13273
45876
10968
2859
41920
49077
40853
32401
5990
30568
42458
49751
12710
14859
44931
21349
18987
27656
10748
40795
25360
17266
43679
39304
22959
19847
47838
46742
1087
49895
7798
35594
49633
25118
2214
19380
18657
15486
29347
3493
27520
30719
49300
34386
42756
41512
21669
14311
22623
23550
24745
49326
35011
22395
27485
40477
23994
1732
7747
46854
29174
111
27447
11855
33364
22070
35806
9543
20707
4411
1825
9409
20343
15106
38591
36642
25282
5780
782
9854
4261
4171
9842
30935
24682
37581
16377
19815
8753
25446
9930
36772
25726
40055
16178
27348
1949
48868
42617
42940
49029
21198
34673
37318
471
40610
23101
274
14282
47223
38845
18858
9644
2059
27384
12695
24285
20273
14962
48554
5655
48248
8820
30999
42872
30820
13411
48439
31928
45556
37657
32224
31391
13813
1544
31497
40001
32199
40004
26246
25578
43365
40051
26981
38961
22105
733
4666
1582
32861
43286
28251
43712
37712
27773
38179
30484
25077
40453
2530
9605
16812
38001
30245
3218
35101
2384
15455
28784
28219
35720
47055
34921
31546
47722
22942
24753
29654
39488
41857
10323
18656
35179
1832
45111
20239
47219
23756
598
43325
16452
33277
49212
38419
7956
41638
40114
7334
19987
37748
37173
3342
47042
16184
25062
32235
49250
20959
606
41888
26375
44585
26056
47670
12655
40622
16065
26106
20700
25998
5595
47313
7355
20898
47632
44214
34148
11714
40158
14891
15663
38913
20924
24157
47563
3743
5959
18329
1340
32961
33670
36278
33736
19682
18266
1244
38851
16371
28440
17143
34607
3768
3531
44208
6152
33487
21476
6907
30347
9585
36684
42522
33576
21757
10516
47869
24365
42910
35566
39398
2108
37255
40628
41548
20997
11988
20054
26100
37416
30570
48160
15229
31556
19977
15630
31673
1006
30077
45855
47403
19424
31045
20735
10811
47771
24085
20160
36989
40143
36550
2241
23455
2624
44591
8843
41552
40807
7306
11690
10852
16951
39856
19492
41669
41162
9316
19557
47951
8770
9512
8159
32327
9368
46454
11185
42416
5839
30593
44217
42773
31963
20833
40016
22907
20148
42991
40373
12245
48255
20293
16758
17326
46744
25247
32215
13107
24192
35183
9008
1295
15605
22144
38726
10343
12651
26003
49554
529
23572
33182
37185
44661
25445
15420
3796
1013
26061
4990
4703
34018
3696
32391
21909
31643
4402
27441
10918
25363
7678
33888
20487
9298
20568
20191
7138
36551
44488
40985
21348
14927
15979
43766
10100
19993
42834
1061
14481
25659
3651
34808
39792
1999
45875
20020
21032
30628
26180
27183
27945
15203
17252
7035
28434
44287
28345
39171
15610
32591
14679
47039
28018
48333
9804
48835
44031
49715
22355
31943
49108
38024
3930
26177
14570
1537
40418
19315
34268
45783
47717
35394
3211
15765
3034
27452
38504
6045
9672
46194
43611
25387
389
38412
30649
26305
8993
23653
48796
30530
48530
10846
49664
42550
14195
45938
14576
31377
12788
40159
17437
27630
49014
7856
25465
8451
20171
44131
884
28128
31554
4011
7986
38983
36351
30927
45697
30752
33081
2970
44761
28645
1576
24892
45888
27137
15655
34080
292
24968
18126
34676
262
873
47764
31990
40360
28288
32656
23476
7119
2381
4348
18597
3407
13585
16630
9910
35530
244
5913
31481
9268
10919
36454
10706
11847
46048
23115
40772
12593
12528
37564
30250
5518
47316
16877
16539
47693
1954
11529
4970
9445
38280
8944
25223
45365
26578
22278
35642
4631
28967
47232
27148
44145
26757
32999
25417
37895
2655
46376
18284
10139
10590
4103
25511
41557
11768
7135
42515
5468
8595
35324
38201
36709
26372
10233
6869
27488
22795
23192
24836
32279
27796
39022
9488
10439
8624
10140
5912
17513
4016
49270
13324
21957
49191
35457
19161
27956
25078
45831
7759
13534
6868
6514
18929
21433
32681
33943
930
16401
3262
34012
48502
20470
30411
16621
6213
34973
14020
10026
22258
31388
971
27409
41367
30979
8409
37924
28899
33390
2112
48182
11031
14836
28916
41719
313
26949
48746
34743
27487
43238
12075
2488
35984
28860
9924
5858
34513
40239
3758
12019
49436
10940
5773
40056
23118
1636
2083
23244
34666
46448
15684
47317
35425
37287
48858
10427
4099
25480
3130
49226
4196
29351
40938
14393
4648
31861
17108
6656
17738
38712
30984
40169
18738
30127
7866
41426
11706
16182
16173
47510
46020
11778
23108
21756
48008
19936
29693
26644
21428
24292
22017
11530
49279
43350
11438
30271
47744
5277
13996
29441
48290
46951
22816
14624
21252
45030
7970
28401
28409
43107
24479
45245
10557
46362
33986
3438
16147
30256
40858
14809
9427
40544
5160
12512
36562
13533
8931
25750
31378
17484
37129
45070
36284
28661
28095
4380
24823
5564
48270
3524
48819
4593
10432
43157
14714
7721
27292
20123
14353
39652
44561
45429
32027
29066
5993
13840
9234
14400
26752
48952
27978
16383
43304
34511
45384
12036
31676
49305
10302
39366
5875
42922
29889
36258
27043
27696
23963
43341
41410
46415
8190
25819
22650
33281
7589
42457
11314
6112
39622
7149
31666
35840
38553
1620
21148
37679
38746
24469
47081
29583
1165
35918
44573
12027
17358
44633
19441
47610
49780
4436
41258
21076
47384
7017
306
12448
31580
35764
1865
2001
944
3299
40441
29033
24448
31981
23564
48310
3390
24269
44055
49306
45046
19978
8585
8140
8028
18221
2584
14805
23746
45013
1889
38877
11569
47011
2783
38568
39592
15987
40655
26048
27677
27627
4539
15116
12505
35960
20363
8768
32913
18809
39498
7428
30302
20886
33045
5377
45366
49787
7512
1386
2054
39419
42867
32117
46101
28699
32581
25843
27664
47097
29282
45539
5946
4389
31304
24399
16626
2355
22289
32929
22403
27770
1507
42667
43136
31586
32413
5145
39056
38144
19625
10469
25804
25014
42099
15860
2175
2588
36225
28920
8220
14944
34860
29339
46631
14192
43866
7932
1720
12516
26400
33601
20564
41062
46503
43381
30783
36716
41152
40923
34399
12675
17501
42749
20009
14225
1094
15107
44093
36579
15214
13915
39841
20142
37505
15702
46336
33117
18049
39875
28718
4591
30401
24357
3246
36293
33730
29185
44727
3619
44616
38605
47948
18790
15416
7993
38434
26630
22299
28224
49090
25217
24841
32003
20489
48923
32537
10451
41946
23661
5743
26556
16629
35045
2797
46402
41879
43301
27071
3175
7726
12438
40254
6636
43850
36606
44635
23221
25681
21100
35781
16675
48715
36834
5287
21083
29635
11462
34988
40480
26668
46174
1799
37719
34927
38971
22684
37647
23357
32242
7959
17739
43356
18686
40948
20880
1275
15263
5820
36791
44065
49947
27903
39688
11026
37075
7164
22707
31154
24440
29912
38017
1028
45635
33632
44729
14419
26473
25389
38791
33952
37293
18793
36657
20385
13763
2546
10667
45006
14501
33119
498
46701
11392
27045
6431
1792
22780
48013
20647
47358
19941
2150
19676
40724
607
38565
48687
34474
24998
1939
42896
48026
5811
35783
29106
2902
11427
44405
23993
43889
24099
9235
38263
28259
17580
4815
25141
43503
26195
26788
26490
10055
28484
46626
45854
35550
24027
46095
7814
45560
43894
46346
35515
13850
21414
47437
35087
39372
26431
16115
34380
30288
22934
46763
41179
7828
14692
25941
28546
2158
4378
14218
7436
30087
27549
49294
41521
44238
43021
7741
43293
22080
43958
30056
19064
7361
6854
24776
34428
31657
15403
17004
11507
34105
23942
30030
43770
25136
32840
37809
44001
20187
46471
29701
41595
7245
9500
7099
11718
16726
37772
26435
21569
10668
15170
40921
15635
47348
42751
23943
45647
35162
15908
46070
9746
12348
44991
9548
17147
2209
22489
19918
10618
16081
27437
29210
11033
19093
41466
25176
39066
37340
38547
20147
5402
34915
16323
38784
39660
27808
2394
15906
26475
32844
8268
35098
32404
22778
36537
7954
28253
43760
6349
921
30083
10072
30289
44397
43147
11068
9562
41547
25441
924
11355
8884
7304
15060
49278
6721
31138
29631
40458
8267
2495
1631
22107
39993
9322
28154
32780
14111
26683
34835
23444
31842
37213
10999
49263
29864
31940
12038
29354
41131
21978
43430
33299
36932
176
29523
13619
30598
24279
48523
37262
26498
8892
9918
33448
9505
6901
18122
35993
18893
38488
44122
19862
28131
6849
26820
43070
11994
16569
34349
31090
16754
8357
42929
2194
35701
39751
34129
19930
37979
13062
48676
28469
46024
9293
10576
42972
30156
450
29238
10925
1961
26231
995
36671
13601
21236
31868
19678
15443
26611
40261
28249
12596
4916
42829
30750
19398
42932
19949
3673
38890
47193
43467
49618
40883
7432
10652
38788
2261
13178
26876
34528
34153
14100
30089
41640
15180
44141
41928
40963
16024
25540
38782
24082
6562
22183
33976
42029
41794
1127
29062
27060
35434
37669
17114
23907
18863
44114
47817
37040
33275
49293
11943
17800
4397
25872
8800
12987
29035
25340
9752
47962
36449
5955
12436
15426
5019
3350
20365
7485
35936
26664
41980
7374
20463
30862
21814
38560
2777
11582
24161
21783
16586
10523
7583
17138
45666
34710
10186
27065
9022
30915
24126
44749
26868
2703
31229
33157
30005
41333
48988
26163
11918
9753
39911
2243
28704
31717
8163
8302
31219
16136
1818
8035
748
36201
10958
14916
35039
2100
33934
48390
1850
47435
17443
12445
17334
31812
45242
6249
40812
32202
5756
22830
44954
7105
6200
2558
27151
15603
34802
47923
32933
20108
31362
43473
27308
48768
833
16418
22733
24143
45759
28965
44416
21815
23283
21657
10201
10060
38906
37831
26464
12092
1833
16858
3045
24347
40045
41994
44323
18332
49471
15614
15289
31929
24972
35461
14232
35366
34594
27778
28099
18226
27823
8584
16573
2281
682
20559
26863
44015
22138
39836
7269
31878
33447
14780
32826
39501
34331
21959
7389
40838
38812
34238
7703
16356
23032
16122
35275
33038
4764
29992
20482
22427
33472
44371
46389
31655
35065
30727
24005
22824
42130
7195
3408
33272
7900
31721
9384
29375
6609
30541
21586
41304
5873
42318
47989
40218
8675
18267
6766
48132
40168
30370
31141
24995
636
39270
16026
47045
12055
42659
5690
24445
18545
22237
41769
22165
8923
45843
14588
10714
38633
20691
23377
21582
17090
4725
9089
34110
7173
31111
48741
42663
19058
34373
14373
45773
12273
33562
12437
13340
4104
19020
48545
19534
30521
22495
42837
12901
29155
38998
7509
22104
874
26130
13158
13312
2805
5866
42211
23286
21933
39217
49364
28047
23594
11486
21982
25009
38616
7000
15724
42899
3371
5336
32164
21370
38769
18311
24994
13242
3486
5499
35874
34146
33565
6810
27337
31095
8805
23270
24506
13056
2205
9635
25128
48190
48667
272
11084
7577
37833
21193
37739
13741
28153
25994
20950
23730
3779
5670
326
43278
39643
7769
25168
25103
23157
29362
31999
28208
10628
40252
33494
15550
49
22743
28260
23806
955
48445
22097
13097
3334
41969
19737
15892
25345
34844
3901
11414
44705
25324
45580
12387
28886
37668
14145
24362
34821
28776
7244
12180
8638
5044
3165
35110
40488
22044
45880
36501
102
4347
20792
27484
45733
40
21712
37784
12070
6709
19868
19494
22843
383
48274
14861
41573
44171
46669
35961
30625
41955
49828
49697
10317
17818
34549
28917
38353
15789
28832
26571
29512
21130
2323
29786
14882
9965
23848
27329
905
42317
1197
32321
5017
25730
28968
40057
42202
18389
8877
158
39749
22
37909
6995
36804
26381
28115
44845
37108
5636
31633
4630
40361
39073
6658
20214
14866
39245
282
37305
42109
43734
28794
20730
43931
20720
48621
850
29235
43192
14416
25204
7372
10387
40119
13887
18416
5281
1747
18404
25794
13648
47226
9155
37007
4939
14748
37384
1625
32968
29428
22776
42062
4563
41544
25757
20558
45692
26145
11610
41481
16196
10237
36473
20133
37479
34020
35306
2554
15965
35154
31057
32618
36403
49702
20506
39607
36517
26255
39444
14318
16888
28031
27902
17725
10643
9560
4271
27
14971
10662
11052
17545
5036
30297
6233
26700
33891
33521
26524
24622
12444
24422
25522
10510
3986
30583
28343
22514
4974
49951
6680
36316
2309
22510
43732
26526
46637
3222
28781
47008
20761
26874
3742
17925
49771
46145
43174
5824
28361
19581
9814
1705
2969
40526
45730
28082
44466
43327
4770
41051
26242
18701
42075
39300
26770
17780
20680
4832
32740
49329
37561
41419
2661
13790
46878
13120
2480
19736
39453
11455
47954
13009
23575
44340
34889
21858
32864
12740
115
13117
40979
16794
25242
12570
35592
10094
13630
47139
49628
46658
45039
10324
41408
34686
19497
8653
49110
7457
26638
14176
32947
29720
39559
31914
8469
46687
26478
29303
43878
31993
33406
36330
36315
46874
11875
19025
41868
39938
39840
20440
44803
34880
12885
6974
2462
30672
2610
42302
28867
31621
7800
35981
17598
2173
37371
23288
20719
5141
47944
44227
25752
18680
31561
17635
30634
7731
34289
26878
8410
24553
5728
32530
3189
677
35617
41530
12332
23702
548
27587
22185
14990
31025
43250
40534
27414
30133
21497
27246
38830
33112
908
9696
47535
8783
34738
36604
33945
20783
26273
5139
1781
2242
17244
43028
8201
1673
34406
26239
49040
43243
9879
12883
41569
43466
8283
49963
6015
16688
32987
34509
46371
6558
2124
4734
1914
42370
26692
25371
34395
12195
1607
29025
25993
36509
44209
44660
27518
10674
3967
43055
12209
34273
30861
6954
38620
40388
8941
3714
43417
20449
41346
47225
38170
30034
44587
42436
43408
44704
31390
17688
34619
25201
9387
49992
8457
28424
21841
11480
21887
27460
2917
43550
11607
6339
25855
26913
45637
4023
39534
13948
42072
49503
40149
39551
15755
44009
19888
17638
46413
12007
30482
32682
49735
34296
1410
26825
4617
41091
47909
26591
5167
9713
16070
10148
35147
11001
43833
15567
40773
4624
33788
39544
29957
12178
6465
2056
11984
42260
26673
19739
15580
36559
26896
22465
40882
32959
29254
9348
35856
47521
33750
13182
1101
42676
6248
31305
5618
23819
3947
3345
32883
47719
26427
48813
6005
23755
40383
19224
16419
40096
46380
27286
34833
42832
26315
38576
14930
40416
29883
4629
48035
20967
42912
29462
41288
30470
20379
6493
8950
41561
1998
18964
36615
618
45591
43796
45244
48385
23353
16923
9555
23158
4480
30988
736
27926
36424
27621
42455
25100
5761
30232
37067
5791
4513
36628
2217
47924
20454
2836
14560
1569
48133
24584
25172
42721
11310
46456
43857
15098
27376
36006
26232
48054
1038
286
31931
22615
16424
39892
42741
431
10593
5108
31618
42527
21936
16019
47721
27866
31260
25915
6757
36416
47901
16343
30715
19856
13090
47697
386
39545
41880
35867
19114
41123
8219
27522
18019
41665
20233
30165
39823
727
12238
10786
16791
24976
4856
24185
24671
22973
16880
30316
11962
16055
44767
10710
31693
24087
46977
15143
24233
12078
3715
35252
45160
4717
44737
47755
8180
8172
18848
2460
15706
32558
10137
13168
2273
19118
48126
10542
35264
20619
19185
44470
47114
2060
26659
5008
48419
33305
7667
6441
41253
47269
25029
31086
33323
32580
37115
30009
14279
6535
30932
10874
27793
26935
49646
48096
37579
29568
37881
26972
33628
6476
3038
34627
19279
18554
16565
13352
3995
48931
17009
47078
41073
4327
30943
46634
38648
2419
15907
39079
28923
49943
6529
18820
25677
24057
20324
49625
27212
3111
39436
45871
36082
32879
34097
667
28051
49605
30345
1919
39479
31741
30064
34870
41602
28085
31754
38743
25473
24880
14911
27013
25970
18769
13863
8416
31498
7647
1766
2959
46809
31838
38656
793
39693
44476
24665
36695
48738
26073
18147
34189
26002
41701
33294
49756
5511
2287
3729
38624
6038
43672
29951
12336
1573
25999
13599
12137
27358
10747
16177
35068
22294
17882
3775
46374
14958
44104
42525
35770
15222
28261
47986
26973
24737
2250
32624
13594
18288
46136
46986
16169
39958
23797
31859
19951
25137
5934
37112
3932
16860
17626
45500
25395
45207
15014
2514
4395
36177
33491
8775
10806
6009
13531
15973
19252
13219
26932
16922
25102
21241
41808
26109
25435
10102
42990
29145
16734
10792
28826
9419
7612
23213
32121
44653
29091
37050
43037
40794
13817
29222
48012
11982
13094
42576
15745
37620
31650
27493
24500
45374
49365
18406
16657
33884
14469
2552
24594
35830
1201
5720
42791
42811
2081
44107
10970
14631
31452
48960
38298
12061
32390
41394
33994
38747
24520
20272
5687
3476
8277
21816
20778
27439
5978
36287
37519
33435
17607
15340
39557
41825
39166
26170
11479
23678
15236
40553
18677
1546
37923
22087
20429
47767
40050
6450
9762
18399
27975
17370
43608
9016
34811
43046
43212
7570
7229
21618
29068
41743
25878
20552
35022
33144
19893
5665
21839
16658
5175
12627
32380
6496
26537
15858
27915
37405
2995
49538
14977
38299
25402
33434
21315
45147
33071
14405
37332
758
11358
31919
24151
19573
47186
46910
46142
48169
5950
23271
25920
47336
49721
46937
29484
27804
47988
37794
36028
43583
7527
32915
46869
44024
44650
30436
2782
49295
10905
33968
12120
6255
10799
36457
12974
37978
21154
15156
27231
11767
5717
41490
27274
2006
35477
45839
16176
48686
8926
24472
47836
36831
34718
36174
19995
19126
4120
46528
40670
24413
6732
20155
43234
48469
39203
1359
7211
20789
16427
35351
29048
15618
42349
25666
8382
16552
37656
10682
16069
45806
28911
1599
27917
18774
13687
11155
13646
7819
25671
17671
21817
44188
15515
10184
36781
7120
2234
4982
35700
14946
23415
5597
45238
26027
44128
23709
2708
9149
11443
15458
17302
31542
10972
39597
32673
39364
31557
31578
38189
47098
30740
21465
2220
47368
26164
32149
40443
34583
7681
6219
16387
3230
1105
9294
25553
37725
46583
38245
47796
44042
15045
32503
29871
30876
48332
451
19121
33755
16653
25592
15670
578
40274
23429
49449
12904
11223
25055
37135
18842
38554
11055
19334
1741
28265
7123
26931
24351
49382
28777
29875
37629
16818
24689
28887
28393
26808
16471
30539
35938
9013
21328
28250
8508
22181
13643
18852
47783
13891
32918
14448
16311
13230
44741
4437
6166
23176
8497
22216
15850
29956
15193
44532
11047
39857
35029
10519
25587
14333
4541
28751
3432
24080
28840
45321
29259
19119
21811
28540
8212
33378
16338
20884
37796
39292
34135
5002
36099
6074
12370
29204
34656
7358
30948
49390
9116
32430
47846
47111
46082
33488
36353
34527
8912
17676
42998
5433
16322
42266
25375
8044
18747
37219
22172
1358
47570
8487
17464
7323
6392
6906
42884
29098
47794
17239
44138
32882
18827
6077
23426
7757
41103
31605
31251
40044
1770
21313
47301
15140
5217
42466
31413
35261
42138
25788
17247
12011
27910
226
23441
12045
13691
32932
21567
49641
14185
18948
5332
45516
8192
22757
35094
20807
36289
2649
9163
36531
3114
3884
1455
16927
35254
35925
27381
3141
37295
24129
27352
48373
40701
3392
8806
32303
17106
44844
5343
3356
22061
41436
39416
24442
1335
29596
4379
28670
14722
10015
36652
26598
14808
15301
18194
25356
8102
31247
21943
13831
2210
28819
21104
41343
21304
22048
15626
22620
3794
17860
38453
10872
20939
11941
37691
39122
33261
5463
34567
4161
32518
39721
10333
11871
11135
31682
45842
1071
24171
41559
13514
19684
30707
17449
36766
26482
42860
48947
5870
22666
35096
8616
35654
18242
20666
30062
70
12299
38718
11773
4039
15138
37125
22862
1540
5188
18566
205
47442
24065
35826
36775
27377
17966
23853
12964
49288
3394
18882
12134
1915
29504
12386
44002
772
35350
44261
1002
6265
48287
25830
7298
37622
5123
4874
34881
34015
3366
35347
30189
45456
41045
27769
2053
6161
34037
14761
12082
18675
4498
31097
36187
8971
41812
8489
36275
4072
32213
41482
13425
32407
38794
43256
36348
18409
24935
24022
3055
25198
7137
49637
28510
33561
42021
38350
39702
39576
21162
48063
42549
660
41896
27792
31395
25329
11022
29266
24748
23479
19604
30352
49937
38745
28671
27199
39679
13793
16061
4933
20923
24101
8598
49481
37843
8295
26740
37535
39337
20925
33170
49323
39714
44414
39692
11077
26437
18043
24378
11670
24820
31592
36489
11328
14941
12482
26262
28707
29532
41240
29176
31217
23122
40290
16971
31211
22801
14566
32273
38266
36724
30142
26823
46935
37103
44452
13659
3138
36661
15261
348
43624
45952
25046
26278
35564
39431
36807
18073
28236
37407
3584
36298
34805
20229
17372
19580
19639
948
12721
20825
33086
34836
13091
38931
5478
33599
3535
28994
43709
20386
35409
14129
14642
3614
11922
26632
11484
5246
15132
45918
31468
13509
5240
26726
33874
12986
21118
36870
9623
39644
25777
13513
37933
43630
17530
24373
697
34281
27429
10192
33748
38194
49704
47677
49032
3615
17410
7686
32143
11903
49784
37444
36119
20806
24280
47889
10844
44069
3780
17596
3994
7973
33156
33868
16293
26930
10965
26236
19521
32091
48192
47807
9776
11074
49071
36792
3232
25986
4783
3039
21860
12898
30816
30791
22476
26181
33436
12565
47107
49718
490
6047
29515
46088
20919
35449
15880
2122
41309
18669
20539
1621
32322
27009
4089
22252
47024
42400
1402
44758
21416
19771
12215
19900
10011
14255
21770
33129
12955
6759
16028
47365
21192
38232
47354
4313
23296
7410
24336
5074
42503
49513
25190
47420
42792
47981
28491
10188
962
43441
2235
43542
43527
43688
8529
30215
26428
20714
12517
7616
31419
1692
4740
14254
45904
42510
23900
12017
25755
28171
15905
38469
13109
7357
40808
16341
17892
10247
14126
49624
42281
23556
30000
21813
9189
45896
43410
8683
40530
18028
47573
3953
33468
6665
1419
33864
19493
3128
40105
30881
22059
21904
27366
47170
34032
23985
32614
23816
34818
38714
22303
31113
10179
27634
20553
2988
48434
27873
10147
1149
40593
48364
10306
35459
17955
11089
44790
46924
36824
16110
18565
8462
27592
1007
9201
44045
23248
28173
17884
27279
7648
9692
31392
9665
21646
40227
40515
42668
9092
21629
17784
3847
36047
11539
8249
9763
36811
10615
26985
8627
24855
519
39876
19336
75
6593
19135
20243
28318
1973
22590
39783
11485
34324
3937
36366
18829
22139
1086
45314
30812
3624
16650
507
9885
7933
43563
49602
33065
29684
34837
45945
18691
47984
473
34363
11946
31535
15591
49137
23578
34532
17366
9956
6808
42767
3271
49313
40782
18392
32936
25303
31568
605
29711
24017
20731
11826
10056
2511
7716
26764
46399
6814
665
9300
12872
21498
17103
41654
11102
23908
49242
33091
12018
43954
5573
23026
5916
39083
31492
28456
10673
25169
39983
18417
33371
2921
9958
29352
19130
11346
30912
35380
18395
45788
4865
41185
14759
29023
34535
1287
5601
36211
9501
45805
14303
12294
26304
33417
24631
23520
38329
27944
17202
48572
3478
25104
16583
19865
27275
30205
5576
18556
520
19148
6626
33149
45621
9112
19753
48452
36973
20625
10789
44663
42225
23619
42695
11048
36244
32422
32366
43287
8966
43105
27250
41399
47256
28420
4095
1247
36311
17060
5963
23146
15001
20645
47830
2172
35823
3450
24278
47608
48028
29175
42446
33598
8939
488
20223
9751
34998
9071
42679
41759
14746
14471
21444
37102
3269
35044
7858
1506
34463
5194
45526
49838
21590
4499
25072
41545
31834
33206
49909
41128
23748
26471
24624
16030
32011
11179
26060
27904
38135
31528
20521
7792
3460
27646
3965
11203
15349
6667
17112
18447
17338
15254
39602
14509
27734
8113
40319
22779
27985
47189
12990
16405
18667
23804
8125
45997
33550
10579
36404
20354
22516
21621
28897
44875
22050
32000
39687
26933
15279
12630
20119
33821
12053
27150
9996
37422
29248
29049
48936
9577
7402
16134
16558
43743
23041
18057
42244
27055
15493
14745
14781
17081
32554
34061
17175
27312
5852
7963
26085
19417
31742
32759
46459
44891
42167
34554
18671
38433
16160
21472
3804
38148
33675
30902
32042
20178
8554
3621
18423
15540
31813
41118
28212
29856
23214
26922
6948
1493
16141
14186
38964
26959
6477
22148
5613
10808
46654
16462
24091
8507
36763
17872
3613
25449
46914
27763
20352
4328
49409
26892
8819
43470
246
5347
8816
6494
7529
12702
25514
43920
42593
41844
29287
49241
11312
43413
40993
1373
39361
15362
2074
8009
6925
28630
17581
15802
33659
15577
17237
43529
3158
10765
20527
31472
10136
42392
14206
3168
2555
12305
1442
21288
28641
36810
17640
37039
35890
22346
39310
27954
36481
30070
20631
48072
9952
23481
21819
951
6338
22605
42404
42516
9371
9426
19147
20996
23316
24866
28589
10869
30360
843
9369
5984
15846
43461
17528
38870
14707
24611
31608
5148
16464
42537
9798
27832
22253
38039
26366
11072
46512
6937
36409
4912
27544
34227
48754
34903
33717
12530
22472
29490
5026
2412
33608
17355
35504
30384
3853
41504
28433
2400
3049
6705
33606
18394
15339
42035
48166
15863
18180
13527
15188
10279
11020
46439
10114
38178
18538
44590
15688
29848
43160
11888
1618
6986
20277
4917
19274
8182
23348
18699
5308
30452
41362
24103
11401
4000
37466
5065
25260
30552
15685
12877
26248
14260
14954
23664
19144
36783
11125
1391
47565
46608
15963
48948
48273
85
1525
1399
14132
25396
10616
12774
19667
26034
45407
38368
30457
17603
17262
11678
13296
13439
5898
16513
14712
12452
29061
31588
44688
23521
25110
39571
7053
11963
4424
41002
12935
5364
17093
25504
49255
31005
34937
30954
5632
31515
24727
29294
16489
26191
38427
26113
24819
32166
18682
25883
44940
27473
41698
6312
1664
12308
46836
27821
10770
26902
22288
3208
13083
32447
13572
13146
46607
492
47482
46831
12063
8982
7493
47249
8347
47829
38876
48220
17273
11872
31055
39378
14274
815
16905
21762
26567
48659
21029
40880
34546
15293
42673
27957
40286
37344
4702
35883
8229
19677
8505
27260
42180
17597
10829
12649
12789
3132
25433
589
38112
9836
45455
42917
47547
20665
35928
5659
22913
14256
35167
43322
34131
24322
10332
2198
34465
9386
12239
29412
16017
27098
1483
23506
39172
561
42414
9285
37480
40503
27075
47851
1591
14458
29689
28122
29277
2752
28097
9551
5118
40527
28740
24807
20601
1040
40013
29016
41242
23508
3894
13756
12224
30491
6199
17163
12192
26370
1413
36049
28408
8145
41796
6625
27829
21214
2350
44791
38324
22016
27089
14832
23952
37460
21681
10801
36563
23801
12824
32566
36649
12582
33111
7749
33155
21890
18779
22533
35063
24666
40720
26162
49665
40956
12485
20598
37446
13657
12042
36629
22287
8152
23332
45243
14575
19300
15874
624
24356
3757
3774
47344
23533
49148
29374
46255
19732
29067
4693
41852
34028
18461
40029
48817
8128
8203
19867
39216
8629
49803
49582
41866
42620
1388
23416
10902
4890
34401
9362
41943
22607
2590
2141
46527
41740
2975
9677
6378
28422
42930
6209
37957
39868
48712
3665
23906
12909
29730
7723
23404
17340
43839
4115
48962
13042
5195
42815
47809
20907
49607
3095
22096
24688
5181
18206
28161
31190
45504
11681
19113
18823
16587
19027
15749
11952
21922
11624
35117
26888
12687
44497
5099
40498
5203
16969
9739
15689
2593
12429
18377
20137
11870
39412
17415
31001
15613
34905
21684
46911
37537
20639
10260
25962
43391
1797
37342
10433
48840
35687
29556
41572
46276
34891
13774
40409
24295
32344
3887
43091
6595
27115
34299
15294
2659
3412
20689
33453
31485
31738
8544
7309
17883
36349
16654
3944
32302
43143
17046
24814
1409
39471
20949
28107
12769
21219
32420
28579
22868
8906
36585
19067
35521
36161
7435
25527
32223
4569
32263
36803
13399
13592
26909
28619
10840
14461
18517
34452
17983
40070
25892
10934
35079
48550
20431
26411
19649
13074
49942
36593
640
2069
1958
47088
25408
6577
34501
38458
5579
5932
24051
41361
9849
44277
36156
16375
29627
25065
25016
32805
33955
5587
14484
22573
1602
37284
18850
31913
4669
14671
35669
18768
20889
2591
27648
30102
41550
36443
2989
28013
4260
18740
46314
2930
8156
21812
35488
20475
37317
5976
41303
47788
28417
27296
24635
6300
33370
13644
43571
30285
11390
46237
8838
38183
34887
40623
36280
42693
27332
27410
21090
47474
3969
30506
48870
2409
10948
21060
32680
18903
7196
14103
36544
5628
22274
9430
23247
46655
38684
27860
22164
23713
22500
8601
14587
27454
35038
10871
41055
16164
45619
12962
15582
38349
9249
26803
31567
14786
42358
37937
25272
453
22802
38343
4641
33218
16355
2353
47631
30059
25529
27219
39582
39155
48961
36197
19122
526
15208
7265
3458
28136
21992
42941
27800
25943
45164
42816
49936
29641
28574
16486
22905
40651
40874
39954
10075
3157
44822
49184
14340
11905
5868
35025
45761
30182
36714
12378
40641
46222
3251
21073
22668
42006
17141
10458
25619
48480
16340
42966
14224
29533
19151
46834
23974
15583
8802
46107
45821
30613
26039
6726
30269
21365
4005
43230
37767
22877
3906
43965
18117
47543
19128
36521
39508
23144
21622
14693
48695
1268
28710
24452
373
26507
44113
36386
6298
13495
13681
21566
9475
37367
22384
830
46561
28091
14296
26557
29300
39329
31496
7126
34396
26112
1728
23559
18131
15912
38542
40296
19812
21727
45914
33685
20821
37131
22324
7373
11514
5769
24571
36000
45823
33798
35042
38954
1091
15448
22261
9397
38163
24359
41100
4311
12966
36269
49879
44786
35777
543
36619
40092
41201
23889
10606
11433
3759
19384
20186
46999
30728
48275
28211
43720
20132
7330
1689
44879
30564
42856
30104
40830
26149
12638
36545
2814
31640
26343
40745
19640
13593
40231
23425
12795
5018
2005
49695
44395
33078
40185
21116
11015
49092
29093
11740
34174
16712
3409
10896
33227
29686
35086
31258
23001
2617
32073
22122
35862
18752
48521
1228
33765
10415
49968
37435
2177
18297
12060
48933
43968
33327
18925
28646
40959
17386
37078
44355
30192
2295
48515
17468
12846
9546
20642
26047
12212
27357
45399
19915
7006
33429
29613
5474
14427
46431
35567
24390
38214
24523
27797
34194
8788
612
30378
6437
39445
18690
47200
49880
34052
17726
45803
15830
39893
25886
23700
42329
39015
26795
49467
14395
36439
2885
42806
24766
34989
261
39507
20295
12899
48748
31636
46696
15334
809
8313
36253
48594
31281
47034
33622
26993
28580
31240
9936
11503
12122
17228
35408
19461
21266
23741
6492
29728
17328
7155
19555
24229
1351
3850
4197
22328
32228
16163
23019
48180
10368
8867
47757
10750
28426
22765
38121
462
6953
5925
3397
36068
17563
8631
24809
23495
47177
21931
18349
21749
11793
230
40385
49211
28040
36779
35674
26702
24933
22811
13285
21531
18415
3739
6236
25769
37099
42887
37743
24581
45208
1281
35944
39160
5334
7441
35896
22883
17906
23024
30375
38086
44693
44709
32383
28062
45184
38213
9779
38171
35438
24257
7496
11896
36693
41019
19296
46594
49201
8392
1171
28891
27548
40334
7335
4302
2003
13821
48450
17811
4925
35651
39944
32423
46441
28805
44084
18344
31074
47359
24426
17988
13870
14862
26697
7750
47377
49905
12538
21140
30585
18062
17714
4806
40279
43045
21518
21194
49091
45038
23714
41739
8381
34945
20895
47789
42492
39248
46243
4610
8975
29549
9245
29081
31412
14529
3959
20890
41101
42432
46768
541
32865
31350
49996
40528
48826
17990
47504
44752
5124
23267
9712
43910
30160
10533
2669
24228
38881
47906
11535
35693
48747
23061
17095
49669
4893
28623
34188
20968
18220
7559
5391
33746
23354
36025
7333
38699
49928
29846
15415
2883
26022
43200
9869
49510
27432
32814
19063
18037
39176
35541
26706
4224
7242
49395
5407
761
22655
4077
21688
28111
856
12391
3497
46681
43590
30589
33347
33664
14870
22072
38929
4863
18645
22895
31508
19222
36524
46587
13007
10672
49176
14265
36123
33947
49684
21095
20859
18961
37585
43779
32583
49253
31789
8834
46653
23309
21488
35308
38739
23068
45281
36767
27299
40058
28586
172
3028
40728
43448
12866
39708
31704
33363
2603
33147
30934
12603
23660
40357
32098
24742
30624
2866
2519
25339
7320
4735
16095
2536
48524
34882
37220
37335
41081
33653
1988
42570
16825
17327
1702
40872
46713
26707
24812
36350
29931
43029
25432
22430
21660
11412
12663
34831
34489
49265
37227
36866
34765
2361
40895
21265
10151
23200
8244
2352
23528
26766
34116
40343
32900
27788
34127
41
10608
39925
3693
26778
15470
37369
46959
11845
49245
15129
38533
30118
49443
43606
7420
45464
28147
43565
35208
4438
15954
35590
36964
26597
6676
62
13674
35273
24016
7307
33582
34871
9184
10162
8413
34104
33379
32314
37884
33478
18188
39012
40912
18887
5640
23371
19467
48606
32606
14306
6117
29494
37336
2470
46844
16987
6527
48679
29247
37904
45010
11371
28705
40153
36757
32397
24349
2653
2582
49952
38618
2501
8133
8510
44534
49575
38250
18713
45922
30366
25662
20175
24847
12220
25862
1874
8150
535
16623
34320
19837
48567
10586
41607
27237
39822
18509
31854
29767
18679
18847
46892
6688
19552
45467
2077
15704
16460
2072
33530
37651
47140
24231
12146
542
26291
47117
26463
9352
39676
15467
15055
15461
41876
14086
23715
9710
10985
38123
14893
24255
41817
22808
20498
8491
14901
40770
44106
26968
13504
15454
36644
13929
37026
46317
39459
6096
591
36325
2277
11648
2801
30990
21990
11005
39922
41287
45150
48537
34697
24644
41365
39988
7817
31414
30886
41662
19019
38589
19718
13239
27153
23027
48745
33297
44831
42139
7974
25320
443
20296
24517
20827
8662
42728
39399
19568
18078
20515
15250
42579
9917
30588
37999
43017
30084
1053
7789
17855
33270
47231
12780
18355
7062
37147
24862
13663
10065
37392
32732
44745
18857
38040
17929
20057
20464
15305
13375
14045
7214
27996
17218
8183
13620
20092
30208
4135
40627
22507
27019
14601
46825
42073
38468
41214
46941
40208
7629
30896
49772
21542
4871
8263
15187
19799
4096
19277
2870
39200
15221
30950
8115
19539
33290
35630
31152
26977
16422
32094
41015
19735
16740
49532
41234
25183
41067
16639
25650
35327
5069
1381
45303
43654
38540
34376
49357
33341
19524
20852
15980
29326
31683
46694
5836
732
13737
19320
33760
15960
44482
13937
2535
43622
4937
34810
37175
25457
40661
12199
27810
9571
33307
21096
28207
48906
8187
27029
38396
17486
3152
6237
31997
43828
9177
1875
19183
30618
7763
15761
5344
42054
43432
41018
29991
45741
49631
45385
34761
43602
12375
2736
33590
38480
25707
1104
41017
25454
21109
48694
30495
39267
36729
626
48525
27061
18497
36488
36452
9889
19733
26121
8826
22340
12551
3559
31808
34006
32352
8253
35935
6691
17363
22490
25484
4128
42783
10052
2154
7657
45290
14641
11686
31369
23482
30241
23971
41229
25516
20004
47649
23124
2732
22257
12357
17617
34258
31550
41865
33998
34910
26917
3961
25460
9290
5992
17831
23923
16792
25042
16207
15779
46985
16602
28244
440
9620
1329
14840
3997
27361
32599
36782
13382
48496
48011
19205
27307
24069
49497
28476
9648
37617
42539
8492
13238
8670
36144
25429
5274
27263
49677
46257
49396
33529
18478
34033
493
10300
13864
19104
9745
24890
186
49227
34212
16697
27785
39198
30982
9673
26204
26553
41613
40699
46557
38604
35510
16636
1787
4637
37186
11184
18539
48912
23389
49690
1306
11798
5952
7100
30137
27757
28230
685
10980
43750
10322
2937
41886
45661
4491
11643
11560
18218
33463
31147
13402
16941
43427
27422
46092
25718
42477
16767
19075
33043
34514
31327
12720
23931
10002
5765
47206
33735
35711
13928
31978
32632
41608
29623
33189
7481
7948
7295
38511
25251
28076
22131
18020
495
12451
22129
32451
39731
46227
38681
21399
36138
14850
47289
4192
49296
10282
28373
44361
47571
26125
26497
3873
38351
47171
27417
13769
10225
36599
12469
46264
7359
6229
32485
40925
29529
45813
2806
33908
34091
31836
46228
6983
38407
24483
40205
48259
24474
40796
47824
13436
22219
12666
23239
17421
5211
10020
46846
641
31727
28550
26604
25627
4809
45554
11510
10977
46296
12117
20660
20600
23362
26414
40196
6164
38995
11213
49128
19301
46293
9582
14948
42020
49786
4093
12077
28405
5116
20894
216
41300
22735
13844
24914
2302
16735
36471
24371
17342
46030
47888
24033
1160
9638
44072
37589
39560
11822
31968
24923
44577
5691
41524
6328
38535
47903
27163
42646
19052
22849
38255
8735
9183
33610
2135
43853
37938
44866
27728
29707
46419
12141
12616
40932
29124
11094
22710
16634
15022
37296
40136
910
1922
25182
22978
16446
47447
46041
49557
38034
7511
7039
35753
36413
13100
22595
8196
397
48494
20957
22325
9164
36895
13706
34608
1300
1474
22240
22286
785
21855
47387
3561
25228
9458
12201
43172
18998
8282
39970
27435
14993
48170
36281
29660
49660
9161
19175
16309
30385
6958
16604
3435
3433
24878
34388
12495
30556
16762
40362
37906
2598
30153
6026
37703
16190
26845
44372
18323
17544
33385
36765
8308
25323
15449
29453
9439
30533
15782
30100
33852
49748
1597
12006
38567
7991
23163
47652
47914
4003
10956
45371
35402
43517
42589
22408
35875
46929
25609
28625
31509
10867
19994
17718
32642
10845
32269
5394
925
43682
10903
8888
35231
5890
15189
27360
36474
11080
36422
32622
49330
32721
21844
22334
33511
42082
27784
47813
979
31048
28984
4929
43822
49292
46702
46315
49169
20376
11969
9457
44584
24533
45058
1489
10261
28394
43597
2985
6235
41681
9031
19085
17953
22993
15576
49844
4584
9393
26237
9377
36131
39827
4185
45872
4017
17866
38354
14789
19370
7790
23992
41842
2532
24706
23721
39202
48683
11543
33388
4812
48709
31104
21254
15828
20396
36031
38344
2768
14428
744
17223
6110
33505
44850
42851
44539
11007
13554
23940
41647
46294
23697
24656
49275
12684
35472
21641
31214
1866
38360
31073
22394
33405
36580
45898
6498
47562
19824
6596
38558
26293
26171
15914
17604
48975
9652
37374
48046
15500
20503
31246
22484
12693
47251
22726
39661
43116
15073
25645
30698
26991
1803
20668
16955
24655
42678
12521
28939
42769
8842
9848
20319
4030
6436
10815
45434
49599
16992
18819
15543
45333
45317
47623
6050
28106
18000
7286
48673
19926
40860
2317
2483
47551
45473
44672
41626
34773
39188
9438
18248
37871
42935
13069
11717
13222
16527
44017
22766
24122
39642
48871
64
12356
27780
41359
35287
23954
10212
36060
12875
46383
30398
34000
8350
12470
2166
3062
20378
46061
27566
2666
2561
7065
13747
8656
22267
32850
3705
17991
28747
35548
3074
2437
37087
9788
6934
14062
21516
40819
20904
49755
19084
23913
1342
13652
38525
39523
2691
24117
31121
48195
16592
22098
48795
33476
23683
3957
10411
13957
36313
46751
34807
37994
16083
32730
21573
48579
24088
15815
29944
21480
27514
39590
32441
18559
28286
43485
32345
22709
32827
22842
14283
39082
33851
27779
8626
5996
20850
37975
22768
43100
39964
41822
4290
34408
5958
42505
17734
33990
6473
21082
49438
2170
22884
44343
18232
18228
36681
44689
43756
42654
11210
42809
22450
2292
33678
29034
455
14450
20697
12400
49452
2088
20344
1231
5367
45294
49081
45768
15468
45951
44392
24795
27430
30869
39114
34814
42390
31882
45654
11221
35379
12021
42135
18118
44971
26785
1814
26642
41340
5064
32572
42312
33375
14464
10037
23219
37239
6442
39429
12847
36196
47950
45837
39810
39277
47413
32800
20059
739
5495
40672
423
14006
4797
34714
31664
48628
21571
4875
30254
41801
39580
45901
30270
44720
27665
18540
40757
44553
32127
22499
6605
42578
37168
35951
15993
24680
28722
23505
40433
42196
5330
26319
23443
42683
15923
13096
44044
43035
11145
41009
44411
40355
28319
27271
5935
23768
29887
666
39744
41901
21178
16948
36484
30766
8250
5906
22869
28675
9403
13671
40020
43031
41181
20079
17406
13716
14
5662
33654
28231
15173
33446
40165
32453
49543
16461
16420
33767
28587
47502
47628
14558
26079
34675
49738
18173
14363
9221
47759
18191
28078
10820
45214
33733
3782
46103
21369
47409
12126
710
7076
11880
31814
44824
11522
24260
39882
28511
19602
17810
1918
45598
23953
36288
18910
15705
1022
26581
12345
11742
16848
39185
46957
16228
29849
43667
8900
14854
11910
5417
27690
1223
11929
40419
29797
49142
8048
18562
14159
30262
13933
10778
46964
29714
997
16832
9102
19813
11286
46559
4840
1317
4345
12405
33548
46305
33036
24728
42569
45976
33989
4247
5132
38516
17858
11983
12329
29087
39191
6261
45668
35723
25105
18101
39315
13148
86
30769
32758
7780
891
49037
13805
20596
41881
27639
4473
42028
783
27373
5834
24272
37599
9765
3990
45550
34655
11487
35250
27448
10428
6863
24454
5389
36030
33780
41342
22557
21956
43972
39183
30815
324
11927
15104
20650
7560
21924
21911
34625
3428
8228
13350
49560
35089
3282
6366
44564
20452
27744
16308
3592
33014
39569
24810
18470
16982
48327
34990
12207
1516
33901
6415
1241
15504
22641
25863
49010
35914
48739
30558
20824
14661
31215
49994
4193
29010
18875
25426
35227
40483
3001
42794
25022
26689
35385
18343
48031
29814
6797
22218
7952
14196
1578
6145
37536
36553
10226
46679
26946
31380
12893
23534
6699
38960
36219
27258
46757
36948
25444
17655
39843
34566
472
9541
33050
47455
42156
38909
44799
28758
28749
3641
99
8164
48225
13180
49404
9334
15764
16743
15410
30607
28121
38917
5199
25799
9069
4517
25517
36018
5582
2679
42982
46540
47584
458
38457
29138
27063
16443
19174
42159
16487
26436
6594
32226
26178
41760
14477
18465
9511
4066
34520
25178
25005
5413
39747
40896
315
5420
16181
48356
27751
7025
15991
3712
12467
39301
41069
41496
29495
19913
2811
37263
34983
1876
46870
49239
1377
26091
23133
39302
20373
42805
34357
29718
1807
14118
33061
8522
36300
35423
4141
39953
35871
4421
1714
14378
21654
12829
1246
36193
21846
32892
510
47963
16853
32724
26976
36406
29477
2934
26314
39727
17601
4599
5445
26294
5942
6778
37478
18065
27285
15360
3633
8954
27568
41632
18499
8418
27671
16648
17976
6316
22254
23450
45266
42449
15682
7455
23344
18600
40541
41458
10312
40052
22987
18935
39148
11387
18491
2907
12623
6423
46208
24859
14813
19623
48684
11537
33100
13189
3484
40602
40292
15837
19358
35619
4934
13365
23410
13023
46404
7553
5066
20554
25348
28616
46558
42782
12870
27680
46534
33102
20927
23787
35670
5101
27087
33236
23648
5553
32288
15590
45726
41938
13849
39241
27994
21158
5392
47227
5238
23259
15885
45778
34596
5502
5753
2863
35456
30048
17610
28109
6805
24720
197
35958
26406
27743
44816
11600
27815
9657
26333
37920
10129
20335
3777
2726
12576
33609
20180
20006
10858
33797
21102
4038
6010
49477
37177
39665
47996
30665
3981
40775
15102
10491
2952
34643
47444
47201
42889
39604
24627
6672
8552
42594
19770
43500
26479
27783
14814
33560
25611
37408
40619
26919
44305
33195
21861
43148
4956
49158
34319
11040
2344
36504
48311
20782
48043
37106
8667
5865
42291
29108
33932
2728
18530
39533
21153
40400
31901
9545
39236
38615
20801
20538
39987
33728
33935
9933
23936
48038
19686
40414
42464
37541
5001
19841
48714
12210
11038
16784
21901
37008
27652
6729
48197
869
11329
16229
41814
36600
14897
26439
38692
17021
44249
33580
23503
32254
32524
25144
17401
40039
21772
2518
33308
23462
10824
29401
43488
18807
47220
14689
47285
32512
44112
18046
41096
18894
46677
18605
44197
45392
35073
7154
16769
28323
31158
29074
21736
11214
40910
10921
30387
36266
46134
47758
25248
9047
14332
26654
28961
14209
46714
14000
41437
15363
21453
47621
46388
22860
48710
18770
40103
24056
7802
11061
48090
38496
716
28804
44977
13258
46983
34771
13518
42194
35975
1650
2466
33057
31581
16210
13551
19404
15642
24909
49719
22517
36054
3070
32244
4081
12242
8168
4836
5833
37850
4447
15886
26105
3555
33164
35492
13606
18250
21209
33825
39496
31575
21517
27572
36876
37230
322
30716
3655
44257
33527
16447
45774
20953
37763
9110
28272
44341
1772
33896
47096
17365
49445
7937
14142
46531
15951
40692
9565
22060
33564
41956
679
46848
3545
18432
13517
4412
37386
14651
9834
37086
2616
37805
5385
13452
2291
6722
39805
12047
36342
34265
28407
9630
11996
13854
24393
10960
46906
33689
41610
32118
20099
35577
433
28482
39209
29455
18412
22828
13448
34024
5329
2267
6128
26877
49769
40729
45563
5857
21536
22563
7308
48669
22422
6740
41683
15157
12632
6320
14653
30014
46865
34926
35690
24138
2980
16224
32233
25003
16866
26879
25011
18484
38209
49736
28658
29690
17210
5438
23665
43525
21150
8755
31283
41750
47511
20849
420
27826
357
20406
4824
39639
4049
6927
8854
10320
4085
11997
27158
14216
40209
38731
31352
34222
1548
16456
13568
38948
2946
42787
43780
26790
3051
29516
45954
12540
10275
9957
39426
46436
43080
30031
47176
799
22251
23002
14105
2838
10309
25030
42181
39144
10479
29217
43231
21228
6354
35102
337
19549
36519
44082
43737
16900
49410
10272
46086
19852
14963
29919
2553
20392
45347
26158
1960
17308
16369
12481
42953
11637
34523
17776
23699
10631
42996
722
40142
28429
17782
13733
9705
35864
706
15561
43823
12972
49680
35810
46761
17188
1248
19395
46597
7310
31671
23021
28581
14407
9740
580
47892
17001
11187
14499
4747
7843
41107
17431
47017
49744
14744
32718
38159
5566
40335
47999
25914
30498
33972
6083
26357
37171
29747
29151
21735
15547
28828
35122
33572
38996
15386
2849
32238
9929
25748
3448
40755
45230
9534
13997
44735
20082
6952
14907
16305
49739
47470
7284
25802
36111
10680
16013
44496
15484
20196
27795
9829
2841
14434
18291
17052
27372
23817
8606
30977
800
29004
1539
2307
791
36813
28773
17257
10010
40713
10446
20892
12923
2168
1943
35558
26780
31467
17615
27843
48181
43926
6503
4107
388
12446
28234
28814
19369
40344
41489
2936
97
47587
38756
16078
8405
44686
32059
20802
34315
39483
30143
37045
25701
42472
11274
39884
3936
20129
19935
44882
47785
34986
20583
23253
45449
8946
44674
48396
10281
23232
29158
20653
28877
46157
13826
47752
31018
21233
9754
49908
4605
48570
46560
20835
2941
3572
13372
20616
38674
32769
7184
43701
42703
39269
13507
19687
489
31469
10228
49488
41502
42249
17097
7352
4170
47456
35540
9170
19714
15298
15883
25676
18797
857
42268
7857
37732
6542
21899
5779
27215
35586
30020
18275
27980
47872
4122
1776
41208
34348
46068
43581
29147
3988
24441
42264
40104
46035
32140
42775
25451
48118
46974
16819
8063
17531
48442
39596
12685
16259
545
35335
7732
5172
49900
9250
21508
18862
16289
1180
47233
39487
9998
9642
42106
49431
49053
43117
19844
23424
38676
11380
27204
32736
40174
10753
37550
8246
1508
41105
46335
44685
8193
5490
12259
4882
1657
43521
15249
9478
14124
26927
7665
41329
2441
30970
33220
4056
20231
40311
18120
7638
38312
49915
4651
49049
40442
47448
4519
2611
7805
37553
35078
7603
34256
15607
26781
43345
45432
16416
7390
30671
46166
23103
48624
19026
13880
5084
10604
43531
7621
8004
26688
17526
34762
48470
12465
25521
12479
29539
40575
33669
36589
38556
31115
48231
30264
11562
31394
49089
3765
15664
42498
19855
37527
1891
2151
42373
4689
48092
2342
24938
25438
3571
38572
43621
43714
29749
1269
5096
35897
3454
8983
15821
15139
25254
29188
37143
18951
27715
43865
19375
2138
15592
26693
45217
21183
33643
18243
1117
37047
18711
17841
16919
7278
774
17230
38476
38431
45149
27585
49763
21796
31367
32927
12475
29644
46565
30980
27365
42506
48455
26288
17705
7377
41678
6296
21624
29257
20560
41580
40981
17292
46285
25132
29474
34582
43362
1018
42177
21372
40198
33444
42143
16863
12850
38750
36229
33059
42184
7492
13348
35153
44807
1964
44910
16512
37844
31013
5645
42495
34725
19036
25026
5589
18974
34478
8436
17908
6821
44872
18986
36154
33830
13456
45790
46051
27370
10070
6258
22582
9020
29546
40868
43763
38821
28017
22553
7748
22965
11950
49611
45703
26388
27197
17069
10453
13437
35376
8142
16413
9378
19502
37571
8429
33258
15927
41254
9654
30709
6093
11804
4561
49124
39104
38306
14095
2682
18487
28263
7911
583
1011
3870
15332
44769
5627
5452
47934
24404
41084
49593
29164
3110
28925
16339
9052
15489
24617
16106
24162
34632
32208
19155
2370
10854
15598
31357
9329
5050
29357
28745
32431
3323
10966
35829
7743
44568
19040
43032
34713
13715
4020
729
49308
42304
44535
2600
34558
19228
28498
9415
27786
20818
23205
3527
14773
9650
43076
26906
16828
22182
8795
8977
10053
20066
34790
44337
23360
8937
24729
31939
3229
41536
42341
5746
3326
35924
31620
48552
26678
1557
3652
19875
44802
6419
32446
19569
55
31427
4685
2435
43519
13493
19953
38077
2167
43741
26286
47242
11231
41446
22782
32050
25479
20490
11018
16379
14273
27436
34122
27695
23076
27325
7672
14750
1923
15978
38241
29342
38199
3422
5338
31599
7314
7847
10855
46382
13684
17769
13320
36541
15346
49632
17294
40000
9135
10857
35973
39414
7565
22588
2652
3457
48344
26426
27914
4789
21061
30228
43951
15342
16782
49688
40630
13416
16728
25809
20592
8957
29949
33471
45928
38430
48504
48855
35819
6121
13697
9968
46162
8988
19643
21301
5472
10442
4873
40479
6119
42391
11516
32602
16803
16911
243
6082
43640
42702
20542
47386
40289
24801
8907
41417
20589
18915
24286
27315
11431
43233
14149
19489
10104
17062
1847
28735
25380
23606
34208
2492
49919
13834
4992
27571
41373
47509
31325
43949
2714
17625
36126
43836
5772
11635
11753
19726
43762
14061
15744
13356
42582
3672
41483
235
19116
2148
8439
17079
4839
41617
38085
36345
2127
22409
44348
4278
446
8330
30275
32648
42876
23845
16353
39513
35913
49154
9531
39046
16007
26058
6032
25034
42895
22580
36887
28397
31807
34347
19612
49797
6896
40765
144
3687
25850
3453
18729
49774
6208
16593
21283
3155
45066
33647
11832
43575
42497
49237
49995
1707
717
13327
32576
307
34100
13836
33230
42797
3933
37840
36210
18313
9540
28572
49539
43006
7134
2421
10005
6606
37592
43285
28220
33400
21932
41415
28656
2563
1308
22576
30298
40130
38706
4108
42077
31116
47063
42989
28628
38118
6272
8061
13419
44064
43509
9709
27141
21780
32222
10206
16105
15251
37
44765
45062
23878
43109
48150
25995
49423
35163
35364
17017
36180
1440
40855
17151
45067
34543
23477
12253
40914
7495
10304
49716
31658
33922
3938
10870
20308
33215
9827
32106
6337
25018
13070
21891
13155
37212
17982
12848
22350
33573
48640
22685
40263
27426
31697
20928
1042
22806
9756
9632
846
20023
35267
37319
28837
7370
13768
21535
49389
23775
46153
4465
9852
34801
43978
8754
12581
39070
11324
6098
45590
22629
27031
35152
27872
12958
41674
44989
23170
31798
7923
33477
3803
25968
33028
40486
38072
43526
1146
45219
29621
797
37429
22213
22878
1383
30561
18186
9080
32
34025
49873
11044
15051
46261
38002
13739
2996
39409
24375
46536
16505
49534
24604
27462
40704
14352
35333
17910
48032
17076
16852
27138
22019
31056
45722
47732
12826
29229
21280
39161
39804
35233
37987
17880
5497
12839
9992
18698
47803
17433
54
6979
15248
12766
21437
1344
18743
29154
7594
48894
10513
12130
8895
45134
36754
30865
46310
41212
18059
44854
10961
28778
39120
3580
29236
25734
47
41110
29480
4242
42866
2721
41050
39896
8751
11657
43558
24908
13575
21626
3296
27803
25957
17875
43484
18909
20872
19416
21389
32605
2391
26190
42992
24613
284
8790
4646
29385
43161
44124
3695
19624
23351
47958
27423
26517
37283
14547
3637
141
41293
4190
11389
11219
46991
1653
12668
3748
44751
34730
17691
23749
22134
48713
3513
4583
43404
30614
44390
22209
27762
12798
41247
17229
36152
3131
44559
24669
38801
35405
22908
24693
42170
39887
44808
25697
25384
12939
23576
43843
39937
38293
20370
2313
10995
9785
724
47840
48207
22002
47094
6946
5733
40485
26226
4390
16021
30500
29422
5454
1718
26646
12653
22995
39950
2491
45737
5234
5061
175
4229
35849
32243
31971
10540
41500
45417
31863
27100
2153
15361
17496
35004
4997
18245
27235
848
39769
1456
26012
10018
8240
3202
6362
1813
13225
42295
16109
5596
1667
30051
26836
12561
6846
39475
47647
41175
18923
48481
32102
44399
45570
49659
13164
31178
16277
30658
7524
49706
2298
9091
22984
759
5874
45660
14987
26271
712
20008
9057
44867
25857
21633
41442
37042
9483
12182
42812
32752
5177
26786
42385
17606
38216
24970
35161
16741
11924
45257
14615
24799
42098
40511
20794
12608
13842
47320
6796
16882
21534
29881
7883
45849
40929
33079
45506
2701
19919
34114
12118
49333
24376
46746
48403
5789
13438
31040
9208
45992
12984
1135
21870
6331
2247
37353
33167
27208
204
26525
18773
10256
20795
47457
27499
34050
17643
15196
37946
11936
33795
25598
14096
7791
35346
18670
9855
29754
21019
4062
36013
11724
17612
26480
47198
26869
49579
2933
42298
48703
47695
41302
29876
21011
41191
4748
7567
33001
19314
38806
30712
3845
27413
38083
22042
46806
37370
37251
34760
36498
2997
6938
27625
42074
24388
19394
47126
47110
22833
18005
44203
5031
24443
4738
24041
14810
12775
19499
12148
25972
25683
26777
47037
14620
19917
27418
36998
40572
18763
46283
3107
16324
20058
25992
21650
47868
4382
49847
6042
10475
21181
8709
28435
7786
2442
29506
43963
11904
21430
9259
5539
2670
42730
5536
5783
17870
36719
26561
35309
13085
7473
40061
20480
18640
20682
994
7580
44089
23547
23058
39710
9209
8918
30032
23052
5544
33827
6546
45291
15791
16093
26409
7203
38438
14758
45734
4716
4938
6999
12155
30132
18761
40818
43369
40073
10756
47160
12088
2928
2904
26588
15943
21033
29853
34816
33095
46129
28951
43628
9469
7799
45033
32246
30731
43961
41054
37593
43111
39261
44433
40793
4112
30584
18385
22127
13259
25737
18212
11754
17946
19225
30717
6835
4009
7528
3519
25558
10334
1044
39711
40570
11812
48123
9484
34047
44955
2774
35018
23491
20441
32125
44387
5102
13838
17950
29732
40156
9017
32986
45177
20563
30174
14749
27222
29143
47469
12108
39059
14525
16537
47762
12132
11777
47898
6461
36702
30036
32991
11193
27588
47465
20545
41093
4644
21229
18665
23272
46111
23413
31208
40871
12861
2445
31022
24899
9935
49986
45528
47533
31502
11945
37199
14018
43363
1955
19188
48922
6427
24235
46501
13515
15018
20420
31537
22101
13626
12028
45148
22277
10724
18658
41819
4069
27034
15184
10167
8836
46059
6341
2705
28281
26711
22974
14709
9023
16986
43305
40649
48083
10856
17763
1682
11852
33416
27144
11659
49778
15317
13882
42023
20726
20994
34383
35148
19044
22249
30418
33969
6899
13516
7186
47802
44903
42855
9864
20739
3298
21787
19513
9683
44714
16872
33774
14783
14973
44460
41717
30247
28093
45891
19208
26218
4373
28844
9539
5210
12204
38885
26267
8696
3813
16300
16103
40075
43128
44273
36564
16186
38341
21981
47945
11972
37183
29199
11481
45962
35200
10467
11405
4239
23065
33151
6380
39766
19290
8177
36206
362
48363
2901
46087
32923
14009
8335
35224
42152
33856
23355
26018
47027
25908
25913
47908
47255
46571
16891
47152
15803
40428
41563
8823
17478
19312
47592
8818
19431
39106
39866
38230
45102
8658
23230
4487
20154
43273
6674
1226
30039
15155
2255
31926
35258
12650
12541
38883
13555
20965
8170
43263
2958
38733
1524
1198
35576
6824
41159
28797
24261
29001
32436
41497
5003
47902
23647
27694
17940
22594
1065
44835
7635
16119
37752
12609
31691
38321
35891
43125
12688
10097
5807
1448
32281
42517
43282
6828
15798
14629
28402
40079
13999
41767
30512
35713
20684
25918
3414
10131
42459
16749
49687
32950
32901
2909
40706
20881
16058
18249
48643
31389
12430
41775
26886
5922
46189
27189
47169
3156
11284
27691
38441
8473
11248
21350
28525
2020
7745
35512
39224
25068
27510
1764
31429
11057
25146
9622
4074
10564
42273
41140
29499
25152
33010
138
3501
42801
49954
27667
46491
42444
7266
377
5192
19181
6746
485
21292
17685
28355
18866
20445
28551
40377
16551
46259
10203
23874
21493
36569
38904
15217
46043
29468
43343
36929
31817
43218
14435
3329
3042
22788
8965
34201
2723
34963
6955
29545
31162
30158
35560
46657
5643
19347
25658
34704
16603
15048
21232
41049
7595
2817
2717
23891
1299
16556
31804
16998
4777
23043
37205
13299
27528
24831
24978
37633
18639
31604
26574
42201
20165
4097
34612
15137
10046
21125
44978
1206
31574
25525
28232
19485
42874
25237
37967
47616
21836
15620
38508
48100
33627
22093
42469
46956
19445
14056
49173
42279
36433
10280
3598
43524
23474
31915
1005
26245
17616
29885
17716
35620
18849
48320
19202
33692
34996
15357
12816
43320
10681
31063
15735
25246
39119
38957
47820
33520
10394
49785
48641
25719
21788
1992
20544
3898
46813
851
27477
9453
21312
3288
2303
34722
24054
23854
36884
46286
29039
33618
27617
31148
3015
1604
48804
33899
21277
24115
7217
47736
19932
17500
1404
16316
2311
36277
27927
21579
28486
38383
39230
43127
25038
40407
38220
32654
10093
10596
20958
9492
19264
47390
42707
34611
8502
11571
27333
30420
48198
27118
30946
13524
25302
32944
2626
11892
13014
21867
43842
35754
42687
9913
34925
18042
30575
46627
13718
6975
4407
9045
2823
5331
31622
38673
6020
6782
27932
24392
14787
1353
34796
47061
37649
3181
30928
28108
36408
16693
25094
31382
33523
43912
36990
13127
46137
31442
49972
10222
38130
26998
19962
11247
46752
49224
24601
34938
4779
49783
33588
27419
20604
11574
10299
25164
5815
38513
7177
43030
13818
13418
6556
39538
9227
40083
11614
8530
18904
18660
35215
27937
46397
33367
37510
17527
7060
34486
45542
3019
47564
23216
11166
13342
38994
49485
1394
23675
41609
6801
43863
6089
42994
6187
23577
651
38703
35203
2944
41261
44675
40723
39619
23290
30969
46578
24649
27976
28859
21925
42371
32531
48854
37495
36053
49885
49604
10971
30449
1719
42454
32329
48101
11168
32473
18907
38926
32241
37626
5225
17198
16945
29731
19794
30733
20942
28509
6566
34579
38464
28438
27642
38048
8697
37020
43074
36022
46211
10116
17129
32573
3963
43935
37858
167
25374
30722
33738
36935
10731
16764
14310
17693
3738
21473
48134
6158
23337
28146
24638
47332
4847
32897
6464
48099
7593
21717
45947
33571
12508
12271
9971
2239
21910
27295
12433
24849
48142
4950
37689
16425
25216
11874
31420
48784
18888
8635
2119
39782
44631
41310
14688
22222
20585
42567
2647
7103
19007
32020
16635
23304
7891
42142
17023
26219
5842
9448
39852
46423
14120
31891
8278
6710
36492
33630
9795
24741
5251
21927
29823
46170
42833
38211
43809
37664
11558
40611
21908
26283
27416
6460
36307
2181
29163
21799
43443
17319
46821
12566
43684
5494
41255
23911
47006
25092
1990
31065
45840
13614
20796
4220
44472
40671
20443
3815
14826
7753
23803
15246
45400
28973
1641
7664
43151
2623
42541
48336
996
21373
13986
28463
22951
9794
13822
39383
20193
7379
49495
8056
4595
44770
15153
4612
17454
46982
42484
41983
28926
8162
32159
10582
12022
8360
4452
15596
10928
18642
23761
18510
9356
19970
48788
30486
38608
19453
15167
31938
6133
22790
25424
21914
43589
49097
39739
29405
49617
4058
21977
20014
44058
38296
33721
155
11688
13724
47991
37473
17613
19354
16325
23717
39223
10677
17439
5348
10412
17747
37820
30236
37048
1796
7437
13269
10941
28240
10032
23199
29168
21290
35732
22981
27185
5755
25985
48369
36672
30217
5702
18697
28786
4643
22799
18369
29449
4535
10901
1589
8030
37304
35775
33655
32317
27552
1510
48682
20614
11785
12592
43134
11100
18585
20209
31818
32466
14767
19165
29161
14088
27951
1318
35341
22339
6057
25997
57
41578
25709
49020
41915
38376
9075
38758
10373
28165
21946
38092
47866
1157
36951
3145
34224
18614
18157
11139
2399
19140
2058
9649
17930
46784
40206
6803
37497
36326
42566
15627
32594
45672
17954
23454
44293
17935
12725
27644
13481
21087
29670
43603
23929
1678
14921
32449
21239
10952
39620
1298
16317
9021
14611
6774
8493
20945
25959
31594
49630
1078
7596
14146
1324
19209
42153
25362
49258
41405
46593
4984
28810
29195
26540
33486
28489
33542
45114
165
49820
12762
41026
19778
23012
28462
5319
25712
4177
13010
17242
28753
6069
3549
2411
12892
16542
4582
4188
21098
12290
40822
6853
43385
6440
28119
15171
2434
21405
45288
28294
2595
19632
222
27936
15548
36426
5948
4337
6204
33988
26518
24306
31560
2330
45789
23131
37737
40396
12159
13351
34631
33023
44893
34083
16445
16344
12270
33116
34458
41376
35964
38835
2013
29572
21224
19790
12900
12569
33012
22703
32702
13919
48649
22700
42847
26762
25887
39407
25983
10354
30207
4761
45830
1103
29472
33389
19921
24403
16465
10502
10675
10370
28790
4710
15178
384
12306
23967
11886
33247
45335
32785
676
33938
7414
20874
34813
37782
25063
14829
48329
29616
16144
22118
23063
12793
46535
5801
26459
29256
46829
33212
39430
23707
43751
5107
3852
36417
6087
36982
44182
22608
5261
16474
45548
1027
31155
22447
47515
37204
38619
15115
49522
31700
2186
44837
41165
45577
14727
17985
20297
44401
17031
14632
27724
26496
45932
47427
19826
5322
18914
4967
5803
49379
39418
21391
6504
42849
41114
15191
36464
27242
46282
47685
38157
2473
26818
47091
6611
27607
35730
45071
766
40614
37285
14801
4476
48652
36066
38700
6139
4858
38129
40598
41331
49743
37822
5692
27685
5340
29578
28744
20813
26154
18225
22190
3583
2185
10182
3021
31236
48141
38060
35292
33635
14131
17078
31225
37012
48803
38140
3468
10957
45269
32382
21696
8367
37015
24662
17186
27589
28322
1522
18400
42742
13991
18604
13209
22041
14238
47605
5768
19399
37402
17491
26542
30684
28864
19659
30761
44968
20759
12719
36839
12398
48535
9682
13035
2972
12041
25472
29437
6812
43660
46550
43450
31638
44250
12208
33626
29652
29830
26455
4918
15800
20860
11225
6101
33407
6254
39976
825
3595
2026
32163
20146
46241
26800
19405
24715
14984
17196
36704
26925
13860
14953
28037
48272
34101
38386
18341
7918
40525
41188
34581
10380
25533
35503
25496
37450
21362
28465
19415
28413
21079
34301
10583
20465
49491
33211
29110
37035
45316
46151
36573
37069
35404
16390
29177
13124
3332
32943
9915
23877
8317
34283
16121
15585
264
6056
22196
21883
4606
509
9636
42172
31397
22442
28274
6668
24355
49868
10115
43552
45529
24997
33804
9926
42100
42367
5771
30557
6648
48209
10861
37699
39616
27707
30681
40549
6051
8539
15941
2820
49007
25790
28358
13485
12287
20781
44140
11618
40709
42709
2308
10679
10435
17559
44503
3376
33913
6198
494
34464
42378
17206
12140
38223
34017
228
48221
42950
37746
47971
5152
3533
6781
17373
49192
40478
7679
37783
41086
37704
11091
2957
23944
47701
46311
8435
32742
42450
37157
13979
20621
33360
41619
24663
21166
10396
46229
7260
290
9396
49737
28605
19062
18688
15421
47395
38657
12808
35092
1654
48743
7277
1155
43340
15319
47261
15501
45782
22388
44830
27565
33887
30809
7107
24438
49638
20087
32475
24838
43181
32535
29656
38238
37512
34706
29872
14538
29502
42470
36712
20500
19660
40516
13692
9530
43831
48108
1392
42552
36185
390
10807
18735
16568
20015
21200
3909
28817
19028
28137
30742
32150
9493
49773
44593
18851
31230
37235
32434
42420
41457
26907
28627
247
13498
985
18216
5799
9086
8464
21238
49331
29774
39053
37594
4749
40364
45408
25385
40449
33543
21070
49931
10499
8532
321
46359
43272
670
36331
45723
47374
7666
33789
3844
47450
46762
37104
48183
28496
19192
5396
23934
696
16793
6226
28872
25746
33770
7707
7752
23121
31066
21264
699
43221
49672
49521
39284
21299
15358
19929
12399
2834
32191
29661
25145
33604
47862
4403
29205
33666
11359
19916
24407
46926
44344
506
29418
37066
25821
35602
47589
4980
3358
16130
14336
39790
46542
25534
26422
19859
10898
15657
26771
35128
25382
39878
35959
30465
1173
12994
32505
10505
5378
37970
8604
4045
38473
9127
11646
7460
20393
29773
40911
33256
13376
14329
21777
35726
45334
21875
36856
20088
19798
16252
25538
46236
8288
28370
4678
15390
31310
36272
12812
26828
10587
35962
42603
22234
8581
27446
41815
27718
28359
8694
22983
14619
23135
25073
34390
21766
45967
28715
11402
37306
29295
1626
38875
42324
46998
30024
32331
39890
6510
34371
6599
9287
48935
47826
35226
12403
15632
16197
10749
40919
10195
46073
25482
32013
10676
21647
26663
7736
47153
32683
5041
49694
22223
38670
9955
40372
41967
45411
23852
17369
1251
743
21431
4774
4782
23488
49490
33709
25545
39040
28467
46931
26534
49291
32704
16038
22705
9251
6602
49388
7860
9101
34175
27205
14426
44871
23759
4405
37349
15638
35636
24495
42869
34107
15419
42045
32096
25222
4433
29639
777
32304
46251
44335
5531
46740
30096
33421
11076
45065
47165
21969
32613
26472
12739
7299
7252
47399
8071
40241
38317
14852
6024
41414
34423
11671
49210
49208
46039
11599
18127
45944
34316
47657
12591
39918
8154
17322
39030
33844
961
19638
17651
16453
49482
32400
5577
44889
14299
9129
5525
4567
33224
46343
26503
24459
9942
26655
35865
28904
18098
46992
30679
45011
29467
48934
48974
31156
30893
45819
39755
29894
22292
41813
25059
10294
11763
11092
37216
1183
6694
1374
47749
23458
10016
3816
26516
10847
21094
17717
23013
8759
22336
38770
26620
41433
20201
48477
36415
21671
7142
1491
46392
16775
23635
19851
25288
47940
10157
41990
15936
45083
35428
13587
44638
25409
9613
17077
17208
1644
20779
35185
36971
19201
29779
49636
25684
26729
25524
12307
2697
43318
19957
17701
44189
40815
28770
16780
38868
15864
45974
49096
43893
4790
49015
23641
38068
12219
40232
37184
3274
190
15820
28689
32672
7254
22040
32543
11383
25403
20992
19043
26090
45828
12112
33386
9281
4969
30548
48999
13678
14999
43882
29114
4830
23897
35178
45766
37229
21962
43657
1711
2256
41799
41727
25921
13302
26415
43260
43118
7914
4704
34640
40123
34797
21685
35580
11570
20394
7910
43923
3826
36882
888
8851
4804
31579
25119
24145
35742
26852
18328
48828
22001
17641
7573
42535
24539
30635
3694
42465
20016
15654
33072
30916
48918
43690
37412
29075
31091
1262
33975
48705
26717
41735
15071
36129
38863
18908
5810
6538
23673
7394
1526
47130
22571
38543
41797
8345
19927
23895
5293
32216
1499
41716
28179
47501
10232
1024
46879
12921
44676
16560
7073
47040
22969
38575
29251
47528
32586
12919
42577
25607
24497
9341
2911
24612
15081
18557
16531
36950
15190
17049
12424
36928
48704
48019
23562
8968
48252
14312
17961
41792
48548
16731
20311
38451
44032
47972
12568
33317
5372
31642
23223
16876
45133
21410
82
26440
36102
19594
795
7447
614
37114
14230
31401
38896
15648
43746
37662
7587
36190
15660
3333
25635
46330
1411
22193
26728
22311
19633
33430
36660
48410
45663
2471
22208
7012
29211
11885
20120
20364
26051
1407
17072
25762
25209
42634
47918
25452
36233
7591
15695
33089
20254
19720
21539
27908
29498
15291
43481
25845
10929
39588
12613
1921
10068
44205
35176
8896
2913
20283
14740
45287
21005
40626
46739
23075
3216
11364
14738
49018
46016
191
9733
27764
14035
28252
29333
31918
23109
48786
37684
1362
39703
41130
1453
27834
20204
12977
10588
13958
35855
40580
36137
49381
21526
16886
29703
45815
1482
33783
42401
47187
10617
26743
20651
19102
22529
37382
17307
10417
32183
48010
31076
42824
8743
14291
29852
6084
38248
17656
3772
23632
26390
8222
45283
38789
13423
9485
30910
31107
17148
13277
44682
40399
12841
35195
16677
23314
4372
19015
31801
4485
9884
10357
36688
22298
6560
47555
19661
16908
13868
43562
30510
20468
18959
49902
47979
9456
11579
34794
13021
29671
2229
49732
29923
49768
26192
34841
43041
11029
34385
27072
18195
2010
36337
1903
17868
30499
17972
34472
45001
39690
8204
29407
23909
1083
11288
37604
48262
49591
22551
43228
37280
28940
49214
4275
20405
14003
47076
30364
28310
27244
1541
30422
31587
36329
5252
2922
47523
31897
6333
19725
1496
2114
10414
34353
9035
20403
695
1877
4116
48429
36780
31340
38738
34949
40958
38315
5901
27287
49126
16869
10704
13841
22088
18787
17203
45259
25801
36252
11403
38924
31665
7166
22349
17339
26382
39610
3315
43877
3058
31294
35481
11469
21248
2522
37925
28337
2770
19481
32323
31670
2113
38849
22547
42822
206
45564
11497
27777
47424
22513
11109
43798
2420
30959
18732
5903
38146
36440
29914
33127
25507
10143
35643
38237
36747
30181
41645
46083
41270
27334
35170
22976
21213
6195
37943
16591
49401
32130
18483
30590
8008
46800
11335
37217
25679
48171
933
21144
34232
11576
44933
22383
4635
13639
25486
27626
7540
42190
44236
28811
32097
39207
7930
35767
12656
18622
28798
20093
29697
14721
25935
12410
25095
21305
6621
41063
22056
1460
22649
17092
8663
1700
33996
44909
15244
2044
1296
19965
43051
45090
24433
29483
41533
26253
25361
28057
49670
43648
14248
32289
9734
6414
31950
34030
19448
35489
45224
27284
48229
35689
16507
40821
10657
8967
14568
35136
46450
6336
13394
11554
818
47704
40778
42114
18322
40913
10698
37860
48675
38687
2667
29955
48009
39213
21492
3464
20688
33030
46375
40803
1004
24676
3162
20910
26684
3283
37693
20208
23079
38117
13745
25509
24249
5715
27074
41491
8175
19642
47663
13641
19281
30894
48305
25884
40118
32628
33085
19496
15099
39281
573
5361
24188
25603
31425
37202
44402
29947
29514
10607
37073
2583
26666
48860
27175
26734
4456
44316
22103
41987
20847
2117
21045
3011
24592
28739
7609
7684
10849
650
21515
38289
6834
42182
5104
4690
56
33179
16979
44592
9994
7838
11051
32493
27619
14719
31443
23291
32296
23265
14883
936
45798
2032
26840
45784
3872
17960
20265
37654
49642
22458
35728
18160
12914
47234
37200
3983
28227
2456
5880
21643
7682
11065
22013
10025
34317
17958
15183
16216
46140
8310
7592
31830
20770
5355
19979
44746
32888
33612
7977
31146
26568
11205
16713
21612
23119
17768
26331
7978
8428
18628
23284
45694
5379
21302
49581
18649
46090
24608
20025
21666
43634
15019
47181
10648
46604
15192
15101
49112
12160
4292
4392
45174
28077
901
34516
44775
18703
16437
38195
46538
5010
20863
30359
13274
28989
20381
1731
1124
44805
26354
10444
6646
14160
45579
24354
22037
30805
42976
5214
37009
27973
7964
15974
18001
29497
42019
35003
18350
35929
32854
42080
11067
39934
9257
3964
47974
32418
36907
13757
6921
39127
44060
16656
27438
32445
23869
6633
18661
29855
34534
42217
3423
39129
30417
45251
41434
13144
18413
22863
23251
26969
1357
47043
42310
27378
38481
14762
24761
16366
7264
42711
11420
24943
10215
25281
26217
36656
11919
14595
42232
45061
39504
11010
46064
31661
41840
43722
19210
19891
7005
26705
20549
26650
30892
47375
10552
23298
404
39985
13547
31431
2051
12818
4008
12268
2110
5304
18071
6521
46514
14294
40233
339
6384
5621
29642
29680
33032
9044
35575
32253
41620
24401
17878
43284
22372
27657
38846
3540
48482
30468
22532
33169
46662
30817
33320
19248
5014
45161
49816
8126
7243
36758
45738
40189
2388
15145
13442
7685
17265
44130
24885
21753
35043
17793
3346
5626
24672
48557
49682
30676
9547
29587
16170
45418
29373
40685
34901
16426
41449
21442
8773
43167
19968
19858
1622
11424
30058
23282
9616
48772
2852
41180
6358
17002
30136
45750
35697
18158
48724
35782
32873
13586
33617
31559
3164
44265
29972
18542
12056
37233
13721
6417
15016
6227
29745
30751
16423
8692
5763
45140
16721
42379
8704
30785
6900
34659
36479
16840
25686
28862
5995
48466
31463
14942
1215
38607
21544
3586
8881
47392
4681
19765
16250
38888
48114
41104
2252
17967
40786
12477
40397
14802
14492
6388
24166
1587
4454
32974
6216
25264
6704
18877
45326
345
36892
9182
5794
41974
8197
23858
21765
32001
21495
32590
41455
9537
15198
19658
3451
5739
19410
32546
9074
49666
38254
21022
32981
35561
31268
24107
34261
35040
43574
740
49243
7431
8258
17785
4673
11158
30978
14879
30294
33190
26080
40093
10851
20478
42215
2651
38740
15474
15554
38325
35142
31145
24605
49921
23204
2592
39011
3718
15673
36630
45076
14675
1320
45589
5909
18609
41733
14421
31527
12811
7219
38532
22793
34340
8494
22601
33315
32803
44724
4656
9738
49189
28573
39764
34445
27775
37545
19159
28448
48735
12315
42540
39289
31989
11536
15072
2869
14387
32419
9474
40421
8579
43292
8023
40253
2073
19322
48296
5991
46089
22077
10762
2920
13569
41066
4757
18321
21877
6613
474
22047
32414
32738
44034
30309
15333
31085
45410
20641
47834
42988
340
28133
10244
4234
16523
4443
49406
11407
1113
18181
37341
34314
10666
32151
33725
21512
7925
6537
14050
9238
30007
9353
24108
10089
16278
877
9728
41687
2816
16839
32178
25745
13761
577
10224
42050
35479
16752
3375
34057
11517
45495
1185
8723
13632
24001
32621
909
15230
33243
20851
768
45509
10039
14162
79
17394
13316
13098
8890
16683
3661
35221
22937
32142
47957
15037
16622
47946
13889
29503
36902
23517
9940
14961
5877
12415
3943
20430
23947
2486
29536
8589
24377
2601
34076
6681
40739
28428
1985
7598
40076
1819
28648
45973
21701
13772
13152
15560
24425
439
47108
11771
39540
5754
12406
23626
20496
40975
32060
20582
20685
14038
26924
27735
45717
8235
9867
6434
693
20843
7733
45472
35553
11803
40643
4139
37559
3753
38161
10351
15643
25004
29784
43977
2550
17619
15380
44149
19298
13966
44829
3958
21941
7419
24561
19540
21296
44158
5425
45572
4194
24903
46913
6489
30222
5792
5060
5370
7341
49953
17764
18277
1019
44083
17891
1695
33563
14301
42018
18906
45545
3312
49259
27035
8797
33002
45087
48074
7979
48490
11923
45396
35786
10227
8280
42195
18138
17554
28075
6885
27998
18276
12840
15036
36552
7297
38310
12738
10943
39848
18254
24197
959
2040
44906
41553
39354
14087
46817
11496
46446
21691
29682
23000
25074
33708
517
45246
2145
25549
23010
49200
22360
27535
25411
40965
38613
4043
1532
45936
44303
20676
37889
3630
4530
3916
1835
21326
3010
17028
4394
6751
35476
11811
41094
5917
11653
2132
24514
3788
29675
20587
26670
31765
21354
30507
11577
13157
36186
18583
10494
49372
21989
21713
39838
28614
6638
48116
35127
13341
47640
34372
11132
14586
49500
32217
2644
7855
6670
1509
3784
5944
20017
33184
27979
29325
14869
3910
45610
34117
22379
7026
40495
37518
32612
23186
41432
5530
46113
12773
11450
1064
31794
49069
7504
22797
1761
22398
29647
6113
41244
2493
15676
26760
47398
3365
39921
46275
5460
37951
4423
16672
49668
42103
41161
38031
3636
47426
49057
8689
4134
40337
37540
16545
37231
13965
24692
47798
9248
44529
24174
44092
37137
22028
9223
2251
29496
17022
23516
18644
4889
3012
5703
27842
41256
40716
1313
46417
36189
44715
49030
5481
37511
30218
33569
15594
38270
41486
43004
14565
33707
3279
1118
16006
17347
46394
4527
610
15299
10767
49135
47425
28464
34629
43930
49676
11652
20360
25270
48730
29648
20267
49898
18860
7683
47915
41731
35752
37949
31511
20523
5624
41742
26161
19095
45970
12621
23914
9157
13034
8609
1349
42282
47664
7476
25808
25875
9307
17391
18631
43906
10017
3439
19807
4844
36843
47613
32476
48483
7067
13736
15918
12755
22354
40560
17136
39927
1564
40398
47890
27649
8645
43909
14626
8521
15381
12365
41425
27893
27256
13270
43063
20798
36341
22820
7538
19170
11573
1517
48027
19530
45155
35589
39145
39332
42471
18781
35081
35452
13006
45092
5442
1929
15697
16747
22479
8618
914
1697
29043
22470
2757
11986
4310
27057
1749
41933
19764
39154
36212
44376
23720
29488
14760
36207
19789
35772
40899
8415
46967
210
29632
40648
28071
41368
46480
30171
38574
28820
36091
44028
46576
15841
43554
39832
14217
23884
49792
48161
12938
12884
33139
46217
15668
1001
3490
13964
21677
15432
30810
32305
17058
19259
17631
11322
42263
1016
19276
38443
26742
42438
25307
44445
8547
49457
31330
18114
6217
43462
10199
39825
32544
25758
39525
9906
40784
41708
40576
44151
40642
27923
33223
15064
4864
11277
4432
46745
8425
49442
21869
41757
12998
46428
36153
11154
42658
36188
18805
45583
11330
13523
20473
16331
46843
28452
46595
23781
2665
43674
4663
16883
36343
33621
3224
41007
28674
11642
27681
46014
49484
5727
5828
12620
37083
19178
47125
12854
11381
46316
42299
39195
49371
35698
23868
876
9313
43165
927
45534
10969
13604
22971
6526
17752
21546
46062
44895
9018
8651
10924
40181
48060
25688
18868
15861
2200
48042
43901
27602
2237
47508
24616
42698
24132
32641
43946
42169
2526
33987
12506
16897
8185
10327
41643
9332
35921
14454
19238
31724
28235
41205
16372
24614
17400
29202
44053
20982
15938
14287
18196
8376
42528
10509
30793
31489
45220
43945
34086
39249
48896
45278
35899
7793
18257
30732
3373
36241
41606
9490
48196
30940
30487
28724
30830
22925
29965
40295
13275
15095
29223
38642
16321
38815
12765
29367
43665
459
31197
29806
42779
24725
32337
2432
14564
48393
46586
31775
7863
11042
31783
47065
40746
6590
35611
40088
28436
1730
23813
49070
41776
44251
33343
36850
35229
48089
20514
13492
48235
22827
31120
42207
46117
3642
12337
46529
35357
4978
28395
26789
27000
15231
23206
39775
33152
5395
34001
14046
11395
10768
6894
9891
49149
32534
34950
9454
12129
32655
27067
3530
35443
33592
47928
7424
20334
27725
11728
36151
31480
48261
20980
23855
8850
25846
11060
8538
31151
30872
2654
32277
30410
8210
23318
1934
9066
39869
46071
38768
44692
2415
21824
18240
26848
6435
38249
43827
42350
48984
654
13602
43258
13866
46502
33646
5532
36937
6330
38210
30592
21245
43777
18567
26235
46525
48423
5939
29598
16524
7697
26883
17844
28545
1841
30327
13803
21896
6368
49195
44033
9775
26499
27096
32917
12246
43784
16817
1550
1624
13220
18093
1375
6741
24747
39614
30312
37006
19743
18335
1523
24134
48061
23483
37499
7526
21831
21945
36858
30029
40857
17353
13108
34641
29313
10602
48340
45105
9255
37795
45312
43372
46709
10630
49282
37867
24352
15968
46333
7695
49009
36232
23668
43483
35989
47526
5985
39075
43666
9220
36148
46424
47747
6000
5260
6012
6990
15509
37387
48000
17839
49711
42406
17944
16386
32168
44937
43537
6222
1175
3057
45780
33231
16878
37882
5962
10962
5980
15020
10404
30772
19092
46069
35124
46489
14524
33995
38786
35026
40753
39306
19777
26672
41474
36739
2137
5119
20460
24486
2702
40186
27943
26920
3094
47855
42236
1751
29946
16660
48601
47965
30035
44897
38779
35682
40718
40791
3547
35301
14669
45795
26713
48604
16830
47582
11515
32415
39834
644
48866
29939
25816
20615
32875
26188
36317
46242
24668
17109
37744
27272
32699
21913
8251
31903
41266
32894
37398
43393
34333
20891
40425
44413
6325
32636
42501
27965
5015
15309
16235
12572
10050
43440
47713
39873
26555
44525
14140
49051
434
7915
35599
6173
13244
27466
7207
20307
18488
30779
40769
1613
49456
9301
35240
47583
46891
48707
20708
1839
49819
19447
12771
45402
20780
45325
43376
45584
6789
35450
9743
13950
30204
31317
21500
34890
9899
6279
29757
42441
8227
14677
5309
12263
44298
44990
1372
10216
31210
9366
3675
19292
34748
42252
49118
1291
37364
43907
18965
31484
20556
5731
33948
41404
32488
47530
48581
30315
48334
9953
35774
29397
26964
16089
18548
25308
41106
39338
17183
35325
49980
23168
16990
36790
25464
29620
10946
7199
45706
34531
27320
6360
30455
48343
24013
47641
39220
47112
11734
958
19517
33578
4356
4308
34865
11989
42382
22307
45141
2348
24395
16314
35430
36787
43774
27479
43112
15318
43405
37696
20318
34278
21127
26631
7256
29140
8921
22879
37345
14362
4803
16394
25224
29586
3221
37612
39116
34250
19928
26685
26005
1276
42209
24112
46234
2565
14531
30823
25652
16822
6675
33841
31894
11075
6716
39742
29396
25572
25082
44030
10515
7028
47930
20943
5298
19853
25266
13429
34951
1932
4611
30972
35368
32087
45632
23828
16035
9178
41327
25625
12945
32023
14753
35172
18728
26421
35889
43623
8559
6506
48587
8543
34962
19728
34564
18778
19408
1880
9604
16411
33034
12491
35377
41628
43059
10758
13654
47949
33338
45765
22817
14613
45165
23836
19586
18088
34671
25815
47286
15025
22691
14270
14857
28842
12183
14037
26527
29105
29681
18110
33128
20326
27513
17482
4477
27221
10429
22744
29116
9949
36352
18418
38143
7894
1748
10949
2619
11186
6544
1811
31540
42938
38167
32548
22242
8105
19744
46139
24540
41020
11212
31780
17209
15529
15243
32937
11518
21881
16415
10781
5323
2498
20398
22195
11493
20729
32557
8680
14623
4252
12313
35182
21580
32336
48187
38411
16663
29172
15917
7539
35588
12989
44599
2636
16624
20768
45313
24570
16774
33355
29182
43120
45994
47003
178
21464
25160
24429
23904
43141
46815
29842
40816
22893
33727
41829
8356
14041
756
42137
21097
48603
6985
46612
7717
9680
10270
46589
13170
20738
22661
49229
5078
26548
22786
37269
22716
31962
25431
48540
44356
22396
11421
33642
44185
33699
867
25342
36927
28096
24480
37375
7239
11557
21714
35085
17101
13210
14741
29988
47149
29521
35769
25882
44583
34334
3975
3293
39628
8470
30461
26336
12778
38569
40245
22100
11965
27004
31271
32358
4751
26050
3709
48900
3517
3341
19696
25249
26101
21287
43094
29511
43097
12806
30176
1418
23734
49594
25109
23402
17419
2534
3036
38347
30170
10468
16809
31311
46324
2068
46161
32108
19986
46479
726
9591
19487
38865
9041
20242
27044
25447
10984
13670
781
34954
35627
11234
381
24083
9893
27753
240
42926
13195
8603
39951
22158
20646
13317
35932
10177
26402
13264
656
2577
17304
18945
1116
2769
11752
22503
31444
21561
8630
3161
12944
25961
8455
14831
11999
46046
33124
3003
3502
43890
47346
19519
8633
28846
39437
15413
33221
49115
44953
32877
5542
47967
14379
48459
39795
13179
27605
44595
35845
17585
1009
46777
38425
34911
32065
590
27506
33895
8092
43730
3243
3914
17207
29002
32318
12416
31833
44946
49380
21314
26196
29699
8448
32356
35852
27864
28560
28461
37618
49899
38667
42543
40067
28159
10461
32324
6231
49705
9856
19673
42427
24525
44295
13084
17238
16084
24827
15919
31921
8093
46455
46769
3000
34872
1884
25263
13550
30534
22389
49340
43264
22463
17382
15108
13672
27217
147
18991
43569
10014
37688
22846
37709
45491
43614
3659
27868
10875
6185
42031
17472
5191
35556
156
31631
42000
5109
11660
8669
33753
2794
29359
9271
45453
11814
38279
43626
3186
19514
24424
20932
9400
17225
45116
1369
26619
8835
36132
42173
16435
45463
47703
2939
21972
38944
26355
28356
20143
28553
15321
40390
43253
17212
44013
10774
31522
9825
17329
24886
38064
10197
12758
34130
16898
40813
44598
6924
3488
23434
21165
43388
1271
947
5509
9487
24504
46877
6895
15503
26618
17765
12657
10319
35731
18427
26340
13224
21168
7095
30073
44794
16244
17921
18985
47016
15989
31974
1348
2789
14024
29275
40946
40562
24658
30180
22477
41636
3061
48239
29208
8686
4549
30531
12310
11195
26575
3948
1518
31488
28155
13202
34696
48556
35105
21064
6696
25606
29765
35345
20075
3400
45187
2320
11553
1151
12917
32568
41127
43620
43544
3489
34262
4807
22295
30433
1899
15074
43213
15215
22004
12594
17732
40971
7038
22140
28815
37290
47760
18464
4172
39111
37565
35684
26804
36773
7831
43805
22636
33481
8095
29470
31453
13726
19861
38781
8518
10981
32887
41337
40301
38935
9494
11520
11059
47598
5555
31695
45078
45886
27030
13300
41528
30853
45186
49693
44050
7216
19182
31221
22720
40829
37268
5426
42051
20197
23486
49946
17914
23710
19688
39638
34642
30117
35966
24382
1996
10864
1895
13567
15473
29392
11578
42083
40939
8440
6961
42729
27750
12317
17280
18808
15181
37595
29658
8811
12456
9340
15465
2715
25269
33442
36586
33597
27202
28958
40620
16102
28695
11447
48377
1214
32119
24374
33404
24226
21479
23732
360
1754
25753
1069
41230
15176
12488
38180
2559
7413
26847
32416
33802
17916
1237
36276
36962
6079
29036
27766
22437
586
30936
29705
24405
15977
21559
48696
38422
15266
24198
48194
3102
950
26185
28352
37483
26605
48219
18363
49742
26585
29943
16779
12513
20876
3495
7276
34073
29902
17614
19591
9938
42443
6201
48243
32853
17099
15662
1725
37715
1486
6288
43804
10613
34090
34698
47931
22947
2116
12079
6381
24759
42189
10650
42363
1666
29794
17048
4819
27125
1614
23401
29909
35021
18198
11695
43824
29550
39728
44852
4726
47128
45645
38879
44338
38545
38760
22418
47578
26092
46730
47443
13470
41382
27844
10250
21574
35146
42146
13396
7401
2012
42428
41453
39514
16410
6666
44350
23305
2566
22259
3436
37853
7497
43613
1717
47714
32794
44101
10805
23329
44278
28732
23991
35549
29466
15698
2630
27875
852
4985
28009
29518
9103
34664
32908
26855
18354
24574
23515
42615
19356
42319
47959
3347
44370
15601
32886
34630
23536
14863
29634
33931
12894
36753
11160
7671
33461
47557
47105
44881
20249
49290
11272
19782
5869
36547
7962
25240
10031
34588
25803
13975
27709
28387
49650
31021
11376
30149
4677
12434
19805
1722
40384
31043
45557
41221
41409
43291
20555
1229
19241
2800
20320
19956
25197
24984
21230
30022
49934
11327
38405
16674
13232
20136
7905
7300
33522
1289
34586
41379
11628
48444
49698
37492
9276
35067
36897
44862
48910
44582
31630
36321
43027
35236
5310
28183
10937
7340
47581
26564
41634
10619
27380
28905
3801
37972
36939
17904
483
26859
21157
9706
8780
25462
1316
47183
6153
1628
625
25494
15624
36209
17497
15375
9900
41854
36751
21828
47884
7263
37964
332
22362
44218
49940
628
48542
40193
5300
16835
11597
23541
18381
40814
16008
46932
28845
25300
9700
41991
23563
29838
13690
35584
46522
11222
46837
10780
44450
15268
49429
16158
36525
26807
213
9748
33873
24363
11547
398
36888
38134
47619
10651
898
9236
47983
41132
7520
12937
12625
37311
21986
43535
16681
41134
34011
16865
44520
28543
27066
40995
30744
29364
2855
9640
44274
24379
39086
8786
16484
1870
9897
5622
42605
28902
27389
16532
15312
48723
44507
32360
12186
19283
39748
31195
39394
35329
23782
34517
2740
30201
40825
41031
16815
20617
24946
44434
49285
11588
40924
44516
31743
15227
15096
31577
12908
6151
19705
31722
4660
30268
47567
17648
16161
13205
21418
6752
21062
46582
37046
17669
45256
20339
38052
44229
4846
46616
37672
41892
9029
7202
39811
44523
18223
15579
46274
39497
45725
45786
557
47345
43056
30230
148
29958
11765
34798
5747
19809
12723
9946
45444
42342
16981
11725
39390
20292
23966
34851
6685
831
49487
41294
27759
37706
14649
9521
30052
37713
2472
49864
24397
44884
35116
30266
33438
31220
953
8247
12681
47498
38942
467
16060
28520
21768
25359
46230
38079
6731
5493
595
15804
3962
14607
25599
38869
33792
28353
10708
12349
10508
41147
15225
19434
26583
49830
40978
24543
47922
28734
49541
39910
33354
13636
4533
2687
45375
17134
22637
3846
37179
3239
3089
17315
39258
25738
36167
260
17168
43540
19655
6754
33201
20448
26943
8563
16213
15277
9643
17128
18922
19590
42564
8139
23560
2016
42124
28200
27198
45503
36957
38394
915
45920
30399
10603
4987
49391
34479
4960
29027
31454
42680
30202
34828
33926
39168
3730
21761
26608
38814
46760
48105
28547
36371
22540
7571
28787
15224
47020
19999
34595
13535
39928
25716
26419
15218
33749
14605
466
32527
2719
20537
691
21754
42936
6893
10464
13809
7620
44173
17897
36974
11712
48302
6773
7273
20868
8555
38057
37271
18109
28800
39762
23049
5529
14887
35251
2457
43649
6262
34755
22989
2226
14667
5063
36689
26418
39275
36694
46199
220
36309
8978
20826
11130
19214
24563
35653
10038
31263
25996
35729
48294
2517
30524
40147
6511
19547
28390
5933
34475
47745
6669
24957
15364
17874
31678
19262
46643
46108
42397
24813
10511
25569
40777
32491
26280
32523
12947
2738
21732
9108
35
43319
39235
4623
13217
30532
8202
823
1740
7220
14734
23986
44210
37969
10080
25258
8592
27092
13395
6499
45398
7029
18165
31911
40634
36814
21880
46102
11636
5324
35140
5305
32361
7227
24224
5999
20834
37030
12639
37201
8809
47002
48972
16795
34462
6739
13139
32458
10124
20049
40095
38988
27039
32192
18518
36571
11144
35210
28213
6491
42746
24723
48597
27349
36115
39889
28653
35987
8766
5094
14548
5363
17812
12931
49405
34217
4222
37848
48944
13859
25334
29271
42642
46968
32977
26438
17981
22663
30281
46645
9967
37685
21119
41621
1195
36095
43903
29253
36940
29308
9379
993
19766
7124
35980
10278
25814
2179
15824
44917
20912
12067
29317
14366
10120
38978
41011
574
18054
20597
12494
31117
7862
11325
15436
6768
20933
6942
34621
20810
34976
18238
6159
36776
29310
22807
27464
23057
8894
19245
32484
10413
33226
14507
37749
27703
47188
21926
132
42369
48065
43995
20250
15739
43347
46173
208
35979
10345
20000
18411
23074
37472
45005
49929
36482
41975
3603
23391
36108
8872
45424
23658
36961
10524
34476
17216
26680
1977
28528
37379
4785
35888
21478
34565
6884
24148
44334
3577
26494
39537
14737
37061
46232
41677
40190
12175
21742
35032
1437
28341
44088
25622
39376
34339
28931
42010
5757
41299
7169
14539
21310
27713
27179
4820
7075
15726
30852
29691
16243
31052
28588
26508
37215
30949
4254
13903
27196
25885
18148
26284
9319
27835
16269
49086
6422
35920
7283
15365
42825
2918
36956
7
20029
29473
875
49025
12942
19363
41907
38078
8904
35901
6252
32272
18489
48039
34311
13454
31411
21143
38893
8342
48911
14447
8372
11774
38813
12732
15809
45082
47871
1200
13543
22642
44589
16001
12484
39536
43344
2227
33415
24822
46207
4510
29637
45352
30460
20304
5734
12536
30787
20736
41936
35520
20414
30300
44605
21426
40927
22329
19010
6813
25497
29926
43769
49450
8713
18366
39997
14137
22941
11620
3335
32070
3372
25075
28372
48402
8454
40977
37758
24647
19506
36217
43530
26136
42261
40365
16062
179
45755
13738
14639
7652
18570
49079
45670
18150
47929
35811
31529
30235
18830
39528
27165
38188
15008
48324
10106
24738
27876
14782
13333
44234
44754
43057
45136
44294
29162
30405
17887
15427
35905
986
26819
46099
3173
14083
1531
33886
26347
4265
27207
37468
14368
48277
29977
13698
7965
27353
24400
22089
25416
12303
34275
24785
42511
29971
3287
14396
35877
23998
3841
35055
39262
23571
31088
42865
2867
47451
47127
918
14308
13390
15406
5208
7482
5829
49829
4763
23760
38420
27575
37162
46032
25720
27852
24975
27069
329
14148
2799
37002
8318
32549
26965
40609
47378
20602
3684
39786
16258
17341
17453
8824
30763
17320
37670
20228
2
9003
16407
9536
17407
21614
31635
18834
34663
25354
21975
23187
47494
29391
14574
42969
1574
4759
43400
20879
46562
46045
6242
24121
49777
17442
38482
31433
20288
19490
41278
32063
44440
42079
5843
40980
16037
36664
40608
41949
37180
26275
41243
2877
12696
41488
41441
14235
44970
43281
9824
11090
28292
33801
11791
33724
7619
36141
25227
8273
44342
14158
18574
22714
23335
13491
1264
31165
41501
43044
22741
26701
26049
19583
46615
33092
39787
12915
44258
8066
37314
49645
13700
19068
42595
37899
19627
20432
49063
37955
15773
25589
48432
3410
24931
41194
35439
6608
8844
21842
47519
12369
33793
28532
43316
30721
36096
24367
14032
29540
42901
46393
46697
18835
30755
16188
25877
37272
40904
9999
6276
32545
17215
22979
27331
34747
15039
3349
39142
36085
18048
47678
36844
29020
2998
39649
28442
21593
31591
33510
38247
20435
6433
9407
6771
25678
4835
1570
48456
17492
4281
27547
30619
13901
42913
17479
21649
15324
22645
21973
24189
1553
33268
32604
36554
44111
8682
47089
34300
4461
46044
1800
14701
33854
18084
45301
34095
2881
17787
49249
13702
18821
39527
41922
48498
39033
38371
3881
913
8082
34995
38892
17214
5353
44409
39117
39308
18202
27264
31446
14414
43781
43476
29197
43578
42931
1845
12234
41953
38055
23173
10878
29548
30926
44473
10175
38032
17008
24980
20424
27428
42102
27339
5179
28344
12706
47339
19520
808
25372
9529
26569
42433
40090
1420
24889
40646
35596
14370
18495
48285
48007
40781
37586
30563
18460
12428
48645
8721
13512
46185
46766
47032
2982
45745
1436
521
45047
7222
4528
12076
10512
28316
3143
39839
9232
38300
17920
40432
2698
47790
10113
30734
35473
10998
46320
19407
42347
33008
4101
6371
19710
48844
24043
49492
44994
44925
37156
3865
12114
5676
28701
24110
349
3280
47370
4615
1435
40116
17644
2027
40743
45183
31316
5556
46240
37440
25710
9815
47676
27157
43607
15709
15292
40187
46412
16993
42248
35016
4121
25312
20934
49349
7548
22491
16392
34065
20494
9554
39713
2556
27574
31149
3477
28190
33283
45271
29813
14533
8865
39128
20298
21832
31402
27408
35216
9090
27533
37084
9896
24650
16481
33047
48867
37636
18255
36634
47473
20551
37130
18039
24327
17173
20629
7425
31227
34569
39656
10160
5307
29534
6892
30067
29450
42086
38182
46495
49024
42111
43897
42257
42331
15076
13712
36009
4724
3666
42798
14888
45064
40380
25796
46022
47230
43463
23492
21202
40997
23916
35808
27798
10773
26881
28189
20914
47106
6557
14212
37628
3035
11608
49520
39244
5548
34245
31720
12597
3895
21124
30145
38287
47718
8077
40949
25956
18274
47347
18796
18032
12316
45797
20453
33831
47363
32660
8149
2576
553
8534
17665
41873
1350
10951
30150
46025
26316
17383
1249
31908
2832
49420
9629
49232
16608
47092
10111
27990
47673
16057
25161
11746
1500
42733
3968
17695
5339
15816
25831
2438
15085
5313
36182
31734
33556
46804
12717
23266
42234
14931
13730
22197
39595
4911
15972
2807
7360
41318
36819
38795
22841
38054
27853
41587
35118
24318
35514
24578
31490
30620
19251
19176
4163
44254
8319
31435
32775
23903
38133
23821
8141
27712
12618
14541
27093
14276
17268
24250
19629
11881
45357
6615
19665
48561
4183
9628
48519
46945
37134
46072
42250
28365
46601
22658
46318
6169
25419
32157
38047
21204
46278
30693
3033
45547
20974
11191
4983
41173
44821
10266
12068
31139
28884
435
35135
2747
1333
34966
48088
13063
34223
20086
22812
36392
29890
34193
10340
34123
14980
30063
8880
12422
22391
3568
8567
41664
16254
13683
38023
35785
17698
37133
1196
33720
43036
40108
886
5583
48214
17807
44894
24252
36946
8490
41058
19318
43081
48779
31525
19745
25466
18380
35248
33410
6086
45168
18525
15881
13346
9267
34688
5630
26310
39821
5507
42213
36654
39879
21078
1121
7725
5073
47881
46923
32804
35946
37221
21999
21865
47459
43698
31552
42967
13132
48121
20421
49944
32450
4855
37849
43357
18476
31030
43721
47586
13011
16574
29751
26714
6463
36667
23965
11271
2325
2571
24585
4231
23885
22064
18217
34330
7115
40199
4613
40035
1046
32601
14585
28052
7098
17263
10641
21503
19748
2121
47382
45409
32657
46890
6836
45295
26118
47674
49316
37644
32574
41586
28138
21661
21979
20071
4664
22443
41057
4090
36732
32009
44883
6644
26610
24712
19302
31531
5153
34433
27018
21131
17569
35882
37062
40621
17398
22964
19959
32133
19751
28780
20145
28396
28748
36015
608
8412
27154
21940
28088
13284
8647
4604
48234
24897
44695
33440
10504
42970
39550
20224
22206
17467
29694
3791
49141
2693
22301
13588
45791
12612
23841
38778
33097
39234
26915
16469
29799
43723
40154
49561
6787
46975
422
789
26397
4277
9272
34145
17568
24067
11700
44120
31460
38848
25905
42238
1188
369
9012
19483
16845
6750
29811
35359
32470
36460
25170
46249
26332
29173
16189
12781
46110
25113
10230
10904
3022
37962
3385
18727
1896
34886
37762
2538
48685
10831
47222
47148
29220
23659
39307
23898
28045
17333
9099
1840
9435
17074
28930
24882
30426
10700
42681
44658
4788
14997
2232
18230
12960
40632
13581
40918
5649
32806
39396
1099
15984
40616
38010
43501
27117
49266
37082
44105
25244
14155
30185
22371
394
19795
27336
8701
21335
7778
27576
24515
41581
41768
47304
34237
48516
19389
35072
37257
27622
9715
11616
32426
1356
22656
1864
5384
26334
5882
42644
13521
43459
5326
44868
38979
15586
38045
16649
11979
8433
20038
43755
42980
19835
14811
20590
19366
13520
11955
19488
36336
30756
48757
8404
44146
44787
20765
37847
46988
8587
33946
42927
38475
25120
37310
49374
8540
22589
44118
1240
41509
42284
37698
39303
14793
30594
6395
30754
12715
10204
12922
8474
32123
17674
5049
29528
8011
31916
19267
45131
13160
43549
24549
45024
31922
12153
38936
26563
17730
41168
21471
34093
581
35854
8791
491
17399
7152
29309
15160
28101
19528
13538
26974
40201
16043
48916
23529
6181
43591
15205
12468
39621
22899
42255
35307
13511
33296
7623
29070
26916
3339
28651
8608
8338
16940
49238
33688
25828
31883
13611
35911
6536
1141
30917
29355
16279
40890
15679
14430
20026
16585
19082
40702
49988
10138
3970
1561
46717
16789
40030
37348
32848
24209
34326
47440
14109
33710
32912
23917
16698
22676
39566
10725
40312
47832
46351
30340
6632
40888
18734
18183
2786
35844
2089
13622
39024
37471
42359
11307
2829
8905
28665
20056
12629
49042
38584
13623
43691
5131
49303
39032
35898
37355
21059
36969
22977
37738
43217
17171
4349
22250
26541
38122
46789
48678
22221
48378
2634
24462
1674
23260
4680
30986
49910
44025
31536
15477
29630
37256
16374
44242
22736
23047
35230
40669
11361
21587
16995
18535
41391
22910
19230
46148
3127
3491
1868
18002
33480
21850
17659
4014
19250
41295
42418
49984
4305
1382
41941
23218
12323
40417
20234
6162
44898
16864
27983
29037
34449
26813
2475
36891
23924
2144
37059
32008
21676
847
21387
40607
13172
30186
48416
5549
10374
42001
42168
46372
24196
1556
23498
13869
34681
32025
28556
16253
15661
23475
27898
43290
17592
18315
45866
30454
13811
1708
15199
6129
30407
9497
25033
31888
21513
13384
5320
40707
47841
39146
19484
42840
4466
8013
28006
43973
11143
41835
42276
6877
22407
31143
17385
47175
41644
46223
34592
5437
10443
23551
6076
40177
20946
14113
2125
34218
21588
39373
23310
17158
32236
18972
47381
2451
5325
44608
19780
28838
42223
8016
16961
31242
20459
1169
37832
13570
19755
26885
46348
690
46038
25813
35388
31874
47643
44703
19808
2664
36302
34282
28332
19190
752
13138
23345
6919
18692
3305
49589
43543
38267
31337
14194
47975
28104
43584
47978
31864
8463
17117
16947
21674
49700
22565
43749
25415
25233
13030
25636
26651
20073
46860
4831
26476
43446
1511
3413
11408
25388
4578
49564
19715
44642
34034
4123
20121
20235
38625
6545
28664
25501
3657
33966
2828
19535
2802
2444
26735
44377
13755
392
1867
3083
7472
28267
27056
23446
37278
15392
10775
31839
35180
39381
46519
7774
5461
31615
15667
42750
25547
36160
27492
18939
33456
42483
6260
12065
11266
20664
34555
5784
35311
19505
12615
31038
21610
24891
3569
49874
8891
44836
16964
34519
14346
25338
7168
39093
29948
5729
9892
16576
21591
26160
18818
49383
456
15845
39726
23338
135
6393
1274
33449
27992
13057
92
4551
29862
19988
25040
44567
42134
29868
44853
1073
36789
24465
8869
44494
2812
32597
42254
22386
17357
47879
32607
34610
15446
49686
7513
15631
30444
12326
19767
12699
5876
10585
30054
25052
7382
24111
34063
33105
26403
24751
22300
5040
2853
22659
36114
33366
21678
31646
42293
1459
30965
36533
20332
1846
31010
47588
49083
31112
29805
14864
34286
23134
48384
19983
10476
45439
45477
21825
14090
45626
13156
34628
10488
46453
4497
40522
1258
26722
16112
45091
3159
24227
46184
39368
35967
21474
4269
36993
44407
38042
39978
28833
19476
33600
17489
40752
29058
2681
41095
19713
11824
48068
2279
39909
43395
7080
22958
45628
17899
4105
3361
19360
8254
35465
38566
7989
38145
42176
47548
28163
16994
30427
12849
27401
41078
9424
32190
45877
31334
46202
44373
15472
43518
16242
46611
25229
4692
31371
35462
5086
6160
15788
49776
41246
6604
22025
33271
26539
39334
11002
16509
12799
47000
33992
20105
16337
45977
9807
36455
3112
4829
10036
47933
1904
588
23175
23975
19621
127
36785
8314
47396
43799
7398
13823
48851
30608
43177
24947
14220
22728
26095
46633
37675
12314
7079
29029
39963
7087
49339
3670
26009
17305
49033
47527
9699
935
4550
14625
22767
38222
25474
280
19712
19702
36638
28050
21384
30346
18262
24858
28221
41371
49188
13984
48939
27613
18422
28038
6033
45781
30867
31386
32771
28447
36019
17888
31821
32851
4350
15337
23649
14467
12489
45586
14014
10445
1145
49362
3485
13116
16988
32722
21840
35054
19559
37700
47239
38900
4914
1710
26854
40579
48778
47086
24844
30884
40247
16760
8309
9722
35348
46150
17450
39348
20353
25795
41402
4218
35330
23408
24544
18864
2300
29492
39658
48474
21240
24696
29614
10024
17722
30511
13330
39393
5600
2192
1079
44366
48163
36713
49531
37085
38428
39737
41403
37816
26259
39609
44984
43881
8120
35320
38856
21247
48288
21547
14733
10153
11474
46750
45930
36823
8467
10498
40660
4860
30416
38049
19452
38641
2908
22583
19950
16330
43492
17509
9385
34079
23198
31078
22821
21670
16930
10367
6311
7878
10882
23743
15617
49199
11751
4655
39966
39190
43899
28618
11261
3430
14250
26172
6984
37276
27959
4909
8225
13047
1058
796
47166
46855
20570
18111
17980
48981
32967
38675
31109
8465
49312
46979
45406
1020
17157
14116
34948
10245
15387
36396
16631
3557
10409
550
35724
21041
10541
46037
22115
10535
48033
45343
23519
48661
44260
46093
40069
18865
17806
36179
12202
26731
12610
23062
8634
40973
38502
832
14203
26779
19255
112
2489
24951
3115
7044
20118
33242
17869
33833
14690
1062
45073
25121
42556
27288
3677
40947
12381
36072
18293
20902
23725
49435
26111
4837
44374
20238
911
6928
48053
38152
45077
767
17570
34786
48677
4852
43883
9440
27920
6578
47049
34943
32792
39340
26923
31184
30115
36003
24993
1102
35353
35546
1122
28835
8586
24305
36360
7458
18144
42818
4571
48306
45864
20861
11603
13627
30130
2925
32631
42203
32313
18338
12366
27538
10601
28793
41964
16280
46731
33298
22400
11197
6007
8655
39547
20930
16000
35953
25535
17744
45673
14204
9851
9480
45196
18995
27225
48619
2260
32179
44540
17690
4796
14068
23110
7312
36793
1387
24699
38181
43924
19512
43612
12071
23500
48323
11708
17703
39108
39100
7922
7839
28963
22402
12385
13617
4627
18324
23640
31947
38850
6960
6466
16836
48665
33203
40408
31662
44983
2349
18391
35318
8936
32526
32567
42858
11745
25930
20501
20820
6826
24059
7889
40941
3587
44442
46954
24079
32402
43351
47059
37621
37288
38307
26875
39288
23608
45258
44742
28364
9444
44010
8231
17522
39510
26341
3538
35455
33536
185
21364
12276
44538
15557
30144
35933
25841
14082
20340
6881
40461
12905
23669
5082
45192
29452
2899
2960
31462
25551
2756
45848
34440
21255
38828
38041
19754
31506
26302
43085
45123
22734
47591
11229
26535
32646
30968
23539
13129
13455
9797
8230
9095
44697
49162
16584
32258
31096
22381
17969
41883
26947
37642
11086
47287
16203
28629
34898
20258
14704
29046
28466
33553
12374
15082
21080
1694
36977
41989
5312
19217
5558
44206
47252
48473
27532
36836
12911
28728
32326
47777
39096
29232
44779
48328
32670
25515
38404
33401
2109
37764
15842
43108
35435
40833
21407
38093
26662
37474
18316
16772
17485
43776
16044
42259
47617
21733
7224
7655
5415
14001
38600
4750
21798
5559
11373
10348
17621
21599
12382
29228
6035
2787
49626
5598
9806
45644
17446
17162
10884
1744
26861
7262
45524
40139
46050
4884
32678
40900
43426
10551
299
17192
8261
21458
26826
34575
17548
16319
26950
30210
34365
34254
47746
17331
3956
16
36645
17200
4705
14637
49569
9572
8908
3117
34934
48590
38264
25259
41079
45381
45540
12546
36893
17589
8208
12030
12346
40387
23630
47576
43560
23588
5657
14590
28297
4037
6016
11564
49692
43359
9141
4743
35453
12247
28039
26241
10988
7411
11217
40687
17984
37031
7345
48348
7545
49689
20078
22330
43406
19723
42961
25528
42713
39871
37666
10741
19515
16575
6723
28406
25049
19220
12252
21894
4878
48662
10274
48374
28377
9109
21553
23366
42091
101
24983
27501
32290
23981
14388
5144
12600
3616
22387
13713
8274
15487
46052
