8986
43401
26324
1156
41709
19584
14317
698
20743
45662
18716
47449
41384
16087
20138
10030
17388
43311
33069
2092
5973
7518
570
12264
47537
31183
41237
32552
42245
7848
4784
1370
12736
23574
33015
24358
25487
9097
22889
12043
37829
41554
4040
49707
13992
29778
28624
14502
1111
21617
48693
33060
15537
43235
30090
14804
14730
29892
23847
9588
10692
36163
17881
46122
22653
17380
14337
33867
33000
42583
12390
33818
25620
15808
9499
46980
2463
35851
29413
7950
45634
34084
13199
15338
19974
39243
2165
42597
16620
33980
39371
419
14788
30490
32124
17760
14154
24902
43860
1685
7434
20081
38661
3562
12460
17189
40992
20068
48156
8166
21705
30778
5190
31684
9944
12106
5196
2417
46695
30109
38969
31171
15247
17735
6367
3991
28273
47436
17164
40982
38858
23723
28375
11658
24075
44528
27123
39998
18024
22436
16601
23737
7208
4449
37624
2741
40437
27913
45754
48245
28823
45060
44155
25287
37053
33897
48204
3090
8179
5398
46390
44232
41862
9395
10640
1898
22262
13480
21042
709
32610
31850
21530
30106
43806
49796
45045
45176
30166
34197
20578
11932
33334
36142
33350
46939
24383
29804
3456
36860
20117
9327
31534
48800
28499
39809
30066
13167
6965
4131
44075
12274
47099
12502
39815
34547
24366
22923
41260
12524
15391
9549
20342
47630
40539
35386
28679
1354
30325
36916
33786
46625
36090
17345
43358
42739
20177
13045
21954
13307
18536
38939
30666
35788
46049
34940
30252
15988
13696
6988
40129
44180
35807
38445
5271
41400
24687
3336
30642
6976
3242
3602
4399
15746
16814
6603
26410
45139
21645
17766
45802
42097
20931
39776
42907
9139
41389
26342
26276
30890
45984
4262
9477
13078
39629
12703
49006
1855
38664
5631
5268
805
41438
1051
28280
44545
17680
36520
2139
47294
23799
12555
38440
48727
6775
16525
44609
16373
343
9532
23442
24979
35312
41325
36274
1946
38959
42843
41324
171
27890
20348
49416
25171
18075
45764
13140
49615
20374
29491
21744
48600
26628
32652
23499
43886
8672
16687
26053
24552
40734
34740
31126
408
13105
34205
9749
48041
29678
2755
26918
2324
19565
864
24
37377
9144
33274
34809
14371
26011
26306
14925
37124
26020
31347
42886
18429
43384
16290
48120
17476
49790
35212
14902
2341
2276
24769
48316
46135
20094
41887
29878
1212
41758
25316
30801
22200
41762
27629
31959
5236
12729
9398
15006
26299
18353
47408
11731
16075
34916
36842
43510
7122
4318
17524
10755
17086
12101
14640
39451
3219
40612
31365
34161
47254
18112
48966
17243
46845
49073
34068
2201
9667
43685
40561
48699
22918
12607
22968
11237
43433
17460
41010
19216
21186
44319
20786
17073
25397
6171
9639
25098
17499
22393
21077
38177
6715
22729
9239
40404
36242
7233
18652
41065
42187
47522
32831
44230
49890
10366
1153
38749
15947
29005
16333
4898
24905
17629
28789
1843
30463
39403
38891
15011
35474
39634
28366
48920
22215
38787
8358
10621
26399
34377
9606
38309
30904
922
36453
33813
37897
9787
20718
22648
32186
807
48797
48562
27026
41993
4728
41289
5725
15915
19628
7873
39013
34152
2048
31887
8940
29390
18407
12525
46849
21974
47151
8596
49223
21110
49815
42562
40529
20969
29543
4365
4879
16162
38602
32857
18650
34624
12704
24147
10108
24832
39319
25780
12206
18302
9131
12660
38406
31597
10797
32510
27889
23882
31753
14766
5774
24118
10816
11525
33326
1282
49398
37139
49770
46826
15521
27126
47609
27935
30960
37490
12197
13560
9524
32349
46290
26320
22885
4876
11639
3418
4899
13136
9773
6816
21103
19204
40856
31768
35999
8916
28812
33099
34200
37116
36171
16417
3273
8661
39482
21572
35691
33697
34635
25696
18025
39605
2041
35562
16664
16580
31027
40834
19592
4230
14723
28368
725
16185
33348
39623
29017
14358
32310
9339
39819
1378
2621
13629
42235
38322
7050
17815
47248
3459
15933
7116
28757
21878
42108
20211
813
40742
21360
49681
36565
24428
48625
40936
37674
73
43664
40850
20995
32482
19051
44097
19544
6017
34446
16799
28415
37049
8184
40310
26042
32728
16140
35893
47821
34304
1746
48780
2002
40040
41772
38628
35338
10915
34574
14245
32353
31255
37011
30290
11634
48232
30566
21380
33999
26281
44493
14635
15328
46444
34455
24294
34257
23544
30702
23387
47799
42149
35792
35437
46646
13977
17689
2215
38970
35209
6406
13283
16590
22756
36859
13310
24816
23802
38372
11265
42744
40548
11167
37610
202
29537
39095
36202
3832
26169
42686
8423
7870
5149
25256
22777
31649
15715
28306
42300
43797
13664
39375
25593
27608
35858
14236
43826
5510
37786
13417
1129
17876
30621
36228
9983
9065
19038
36855
35000
4906
18187
28328
14190
34072
43058
9662
26433
7887
41494
26895
9812
10130
8803
41210
45701
1032
6916
12753
42325
15725
14699
30901
28595
1234
11305
12090
29482
20044
32035
39863
47247
36740
43790
10694
9727
29866
1857
26201
23772
46520
47438
45348
38164
6220
19242
32756
42727
6438
40508
40990
18259
26704
7342
13704
6191
11959
17757
16346
24830
13926
20358
18836
25682
11472
4522
33238
30017
48949
14025
11685
43001
26240
49150
42580
22614
43348
42771
6819
27396
7407
30368
26960
15890
1109
3140
34221
43019
22840
33965
10110
22078
7590
11722
47612
32734
30587
27637
25807
37330
47995
48993
21353
9261
9832
29206
45476
18437
45710
43330
39274
13633
24679
29092
22943
47870
37572
31061
33940
39199
19123
45050
14151
8000
30887
15290
37601
17411
23692
27445
9820
2146
44095
14520
33902
27248
35149
20742
36777
30654
7282
2030
1993
18638
37613
17867
13883
41845
37315
35193
14342
47863
27449
27164
5941
3391
20034
46897
48317
9670
8291
43934
39704
46772
24991
43324
19056
49121
23449
2272
3343
25481
5639
4304
41668
8346
15750
10483
3016
49854
15913
48775
36722
2221
30555
36868
1829
18330
15304
27391
24325
9507
28036
29595
8722
1920
1204
10352
4147
10205
9675
41347
18373
597
20906
35644
1190
26470
36925
24194
46781
18036
38018
18659
21739
11313
49101
21014
23104
22917
28307
17777
48286
6284
12015
23840
19357
23460
5279
8956
6702
27064
2459
43678
20306
30877
44363
46506
10021
38067
27340
35513
47770
44087
12333
1528
42456
18162
45497
11555
19538
15589
47329
5059
18528
33093
19309
2954
25283
12996
43361
34172
26132
47878
8744
23059
17169
40217
5117
8114
36590
25149
44241
49207
20507
24460
11567
26546
49993
827
25643
2688
13981
21996
6385
31877
8549
15895
34866
23350
36432
48732
28479
49932
26174
48443
43415
2964
39233
41847
19133
16238
31198
47895
15370
39252
17351
35963
39926
34327
13546
11865
37901
40240
8666
35547
25766
5314
14821
47046
87
31551
11975
10095
45310
43245
39503
39255
45536
15393
14957
24989
26635
49753
13361
28602
29986
49337
42965
21176
10402
21562
2332
28881
3828
18420
35355
9686
26222
14542
518
34048
19727
13061
19894
16915
37138
45851
49567
16501
31797
47656
45800
41013
16595
40272
24394
49164
35383
10736
33214
38992
18817
37828
2333
39091
39139
47144
15875
15029
6472
33586
37321
27508
24237
7740
30760
21863
5900
16599
35186
22901
13001
1182
30462
31174
35908
33125
42622
11099
20755
5263
3116
31514
27614
36203
20261
40444
41872
46193
22900
29873
36071
38436
38840
2085
11869
42532
41323
37378
16361
32276
25786
872
20751
18684
9083
43271
12975
20725
15823
39150
18233
7176
26425
1863
34044
8933
26649
17715
22161
39039
10040
19874
31548
9402
40848
21806
38377
33616
41945
48877
35663
7692
27251
45197
44219
9278
24463
31
10843
33158
5357
3818
25309
673
21004
22247
15571
26481
34505
21132
45137
41203
47842
31447
41493
1567
44447
21726
23607
26957
48147
10277
12291
19750
39564
6065
46787
29507
49463
20618
2389
30464
49215
8449
35493
45436
12431
49483
37265
20836
41540
4130
30811
44283
36896
48576
14026
38337
11070
14315
30514
22674
35295
10894
19479
18519
48507
49823
31339
13848
34009
2087
40062
35369
37267
32930
40875
21734
22074
10335
24626
31870
48098
34027
39915
17233
44471
34272
8659
30148
2231
16267
47180
10556
14223
37607
14475
470
27746
36626
35049
36044
39266
37475
21293
46146
45108
1184
19115
13904
40512
47849
38448
43739
17755
20524
18010
36364
23613
30292
19911
37836
29184
14177
40151
39469
16781
40330
11128
45569
41697
8654
44601
15127
11780
24002
34572
4202
32071
44810
35416
48113
24724
11748
45231
26024
12074
44272
1812
31200
19802
8161
35525
14300
27805
10670
30825
41048
27233
21934
46384
49008
9760
41231
33615
27828
23236
16503
23384
20637
9219
20640
32211
12496
3362
17350
20519
20883
45558
33362
21738
1450
43229
34538
30914
46814
24040
42343
35165
4484
12748
8068
47709
11279
31049
39357
22774
2216
40042
42788
32016
48532
16954
48538
15174
6637
28992
32312
33204
34431
13468
45677
34360
25428
29356
47735
28918
28481
308
4849
33614
16042
341
42817
11108
1106
47021
19328
17926
47369
20594
41263
16477
14818
25717
4117
31785
7047
42165
39667
25656
44610
42637
34128
24141
47296
10835
33684
25333
23941
23386
34202
1962
45360
47196
18613
28878
16571
41592
28763
41910
48308
25789
47603
2978
7871
22297
24071
2775
48312
28367
25088
15057
41800
23773
36077
45685
17590
4941
22613
46706
42636
2868
28022
3899
21729
17788
17759
21208
15731
34436
1888
25139
43323
30301
14029
23373
11702
9685
5005
7114
4817
5656
239
26165
46360
29916
4821
1254
11384
35169
33729
26416
12862
42573
30095
32375
29395
35262
26751
49444
26595
29505
7841
17080
16351
27675
30065
34590
36512
23731
76
36653
36669
29874
48503
21667
14181
2278
40693
28987
5714
13039
18643
6639
9841
24423
16724
14222
5004
38855
29666
14470
5722
47927
10185
44221
24364
17488
46321
3979
31110
45195
43377
20888
24642
47478
7092
21346
22344
2725
20844
41707
25125
44004
30643
14594
19990
38662
34955
34591
6679
23670
20362
39425
16303
25051
31299
37193
26894
25459
22179
32687
2858
41534
44966
18739
12443
40110
9001
43331
27214
28124
5244
11519
48901
5647
32231
4592
41144
10241
26812
7624
16428
25351
124
31403
15649
49584
47819
16856
496
15711
13441
34609
16928
32105
35872
46693
48478
27132
10073
28129
36947
15759
11056
40618
7257
16611
416
43043
655
4164
20535
15718
38044
17032
14824
19873
25406
27318
14765
16506
2474
46995
42945
14949
33757
31410
48110
15200
7174
46012
15924
32675
20251
6172
3367
27609
23263
45016
2778
48543
18946
23639
14841
41566
37439
29710
36285
10193
15737
11159
28746
23554
46306
18706
31679
31288
41820
22809
43000
9063
43409
45883
15949
22892
5496
3836
13913
34875
11201
25869
24190
26380
8830
35885
43158
37297
36370
21055
35569
45458
41871
34021
25564
31243
15629
4973
25420
203
9027
48761
13347
45785
1082
9690
48069
26328
37759
3620
7106
15786
20188
8065
40214
38162
3440
49746
37420
27941
18507
20428
10283
20899
48631
23224
3723
28148
40015
40501
18145
23093
47505
20793
23690
35362
30021
4055
25314
10887
16671
39242
18496
28256
17515
32038
27496
41947
31385
17462
17778
38021
48607
26307
16989
39098
39757
30060
14180
23583
32674
42421
7995
42502
15522
14981
2283
12156
28026
4767
14233
19504
42764
4720
44588
42905
18993
38388
29032
23421
1322
20623
42084
49725
4054
39345
4189
12311
8875
43950
34784
8221
4776
11127
47816
46267
3667
2197
23457
48354
49938
32209
8571
27040
14263
21740
24427
28164
34109
14106
21173
15031
17416
2347
593
6090
7758
43249
33074
43034
24894
16455
45748
7756
31730
15795
34754
27025
9853
36391
34318
14441
34568
43294
8171
35738
41195
3607
12833
45721
2301
26887
38460
48940
13699
14602
49832
13257
19042
47753
44126
12039
30485
36663
44571
9024
15256
6889
33820
48526
18757
23082
27170
25305
804
23256
5150
20284
10207
40376
45873
42323
39259
8546
32963
23980
36355
43449
22602
3176
14732
21722
9067
38911
25891
8045
34213
3359
16320
42758
28446
32729
19966
23470
645
42136
8216
1000
8734
25070
14514
27995
4524
6950
21921
28209
25523
39930
6913
14133
3776
48798
34269
45025
10899
32634
2839
47733
45032
12876
16956
27310
21420
46472
18263
27455
37427
36848
33544
28898
35500
15929
25458
49392
37873
42590
6841
41514
1243
42061
42981
34305
35995
1330
10457
7552
14617
40462
48728
45405
37144
11267
12324
15512
44562
40017
7469
16199
8960
27490
22473
22611
17994
15258
49960
13065
8351
11465
5487
27578
15378
30952
3871
47804
37868
17894
4125
903
21537
29758
24569
39264
20988
12584
48973
42885
20436
35322
32907
36997
22819
34557
44475
7994
1806
19024
26337
21938
13703
30076
38993
35242
28228
27874
35909
42219
22897
25654
40542
49417
897
48929
24200
30334
18030
39897
4232
12472
24381
13927
27497
18189
38160
18624
2405
26391
9002
17014
16706
43618
5072
37788
2854
29582
34980
23473
32110
5212
5449
895
20270
30864
2865
29818
32735
20203
4319
13306
4581
27716
46008
17649
16096
35974
13858
9966
34553
8583
10664
28488
9925
44408
37484
38586
42214
41564
16457
29285
3564
31320
18378
28090
28726
28441
22014
19280
17139
52
40551
49760
37051
40805
48967
26505
6486
8927
36955
15041
28410
45971
12145
19478
46009
40434
16064
10165
30991
25418
44489
39408
17932
2118
32609
41541
4200
18971
9320
28222
31823
21297
44245
41033
254
5262
31286
4168
27906
28997
2378
17182
32925
1972
5897
29725
42368
28660
42117
18178
26199
40224
3623
7415
39065
35847
14058
46270
41145
14127
35626
35071
48777
28697
9725
30329
34931
31674
44271
44813
14451
13145
40065
3521
25989
6475
31014
45031
49160
7131
25566
24793
4367
14728
8684
12731
44723
23602
4293
5025
13024
25579
26761
3425
757
25633
47280
5302
2604
21950
27515
20986
34617
23463
15353
45870
24037
9338
413
3416
41978
40215
15998
37209
6831
4887
36379
21286
35943
39685
304
17957
32461
35371
48297
594
33373
26392
25041
15552
10699
25498
3654
4237
13843
25379
42530
1635
39456
19143
18718
32615
48737
46652
29984
25148
42205
432
1606
7510
40962
4235
45911
10288
11638
13457
36075
48898
5766
44600
24368
6564
23217
1994
35578
7081
3726
34731
33633
14119
41498
32487
30540
44792
16666
30883
27161
675
47312
21556
3756
25327
36485
15264
36164
36968
3169
27273
39640
15867
18045
46485
9049
17321
23129
32569
26000
46801
28194
22933
38841
5569
39107
13295
48001
22851
11190
19833
32811
42732
871
45063
41027
26339
7785
2326
36665
26551
3308
31044
4137
881
42738
3129
37291
20776
39101
19351
17300
43016
46827
18287
27012
1417
37930
10219
27387
29444
42345
10239
19708
23308
47599
9726
29237
22171
37842
39296
43445
9687
40881
45028
18419
27623
30966
14188
17067
31439
35436
19922
16354
10548
30942
32720
43778
28282
15525
31031
15748
29458
25568
6651
39193
31478
25278
19035
30341
21182
35177
20408
34210
18944
8214
39664
34716
16022
9010
18831
34573
42671
10119
40436
40403
9517
11114
20787
11206
46468
24411
45023
36898
1704
30053
42132
9764
35422
45613
18211
22792
25550
45446
48437
3578
9598
41811
5147
40236
19234
6318
6439
30683
10329
512
25455
24212
41588
1414
29886
21520
26609
34295
37182
42631
23769
26430
15355
42753
12895
9698
8321
17281
19944
30477
39102
15776
8333
14634
46575
18179
11584
15822
38689
35037
21212
47828
37948
39492
22754
46774
4371
28870
41499
21010
27109
13708
21993
10325
27172
26269
27856
475
3204
46621
31293
17767
36755
5115
42790
1828
2668
9947
45089
8293
41680
48584
14511
39440
10022
48173
44696
755
22314
12714
40524
14053
4486
28369
40234
29753
19904
2722
15714
49466
31944
40504
11703
5872
18441
29638
42271
45340
15866
19876
24015
946
22724
41648
37299
29424
11595
34008
46511
23526
20757
2275
17803
37671
6838
35748
26096
32978
30434
28149
632
16399
48549
17828
37992
32131
15428
46033
39152
41591
8513
10507
7003
7696
31358
37442
47197
39598
16409
12542
35370
30265
5163
12527
40371
4212
17900
27521
49523
28495
34751
38276
6179
41089
16547
43706
15058
19011
18035
44310
22639
30601
39072
28610
23383
43288
33967
12189
13679
36735
33860
20654
9265
42399
43126
36226
5669
35718
12741
11353
652
36435
48794
9443
1213
16306
40905
42377
19879
6864
25066
40370
32264
30847
6874
31282
28712
30729
39466
25934
49827
18726
28100
41977
40960
4827
33175
39835
27160
21344
7215
23392
30725
27635
17510
18710
11715
47961
46182
11666
36034
37827
1284
992
23815
31396
3445
10803
6107
9909
17396
44308
47445
40087
26346
21496
9335
43367
24170
9833
43625
36005
40974
27209
31295
49889
32152
42633
31128
21222
15047
28990
3331
46350
12020
38172
4758
469
40167
11368
42960
19423
20089
21484
10665
159
10947
23657
26186
30667
49465
9117
4129
22180
31532
13771
27736
9655
9597
7180
35607
23171
1974
39797
17719
20469
39506
2766
44973
27651
15265
8866
2977
14168
38635
9811
4920
44191
46993
17096
1384
10638
44560
40134
8384
41780
37001
14442
8075
43398
30794
23097
35220
23261
39526
20566
21490
29708
31173
5696
40940
1389
17258
18586
21020
2730
48882
17481
33683
8911
10083
35554
35412
10935
6391
35940
40307
762
37961
9508
43078
20007
17704
15119
1286
10045
3529
32812
24551
45989
9810
47416
16742
36224
3017
8461
2176
17490
18978
18161
35866
18672
28857
38710
3769
39901
37692
46673
20690
6095
11957
31161
40431
1779
5020
4272
15023
34427
15163
31307
39263
17458
19666
5198
1003
271
41306
22150
45002
34854
35031
38080
35681
36900
48136
5749
24502
42755
31474
2093
7615
13596
49187
35600
8690
42424
19319
5885
28885
32058
29817
42546
29323
2751
30338
45822
48915
6677
10063
9778
45582
26834
32459
36830
16670
16436
32767
12749
2315
28061
42258
8458
44632
46965
6589
19012
30831
4845
34677
6588
9583
25733
11612
7365
34845
39706
39153
40824
22738
36296
25200
40879
38766
13383
1010
46666
21628
25490
46461
41268
45990
9514
15982
47278
26445
27686
11177
15498
43645
7983
7893
10196
7250
18387
3618
43748
3863
33950
3462
44856
7068
36486
27257
38945
28215
26522
15703
43168
28914
32072
19650
20576
19510
6232
40258
46553
47400
9921
15186
22512
47421
18529
11978
10220
49317
24797
12928
47397
40497
31374
23970
24201
32971
38173
1218
24018
21244
44690
20199
21555
31701
20483
39701
39238
21970
25818
11836
5845
4843
5289
17184
13503
47627
29553
38236
327
10235
4216
3987
25706
34045
5654
28522
20367
11883
20391
683
18014
20998
3144
2413
6957
43122
36040
25767
15852
16701
45905
9668
932
4050
49870
1096
3650
10828
27167
10285
35321
27228
438
36996
23873
16920
24095
26899
43791
43269
43635
13685
13500
45659
28913
14328
22675
21063
16906
49151
39005
15434
44327
40230
2070
21443
33408
669
19975
11415
41042
30851
19846
10944
31194
2641
18736
5671
46128
13907
10
44177
22632
15736
33017
11842
9416
1055
27314
49221
43024
41877
38026
8981
6006
26491
34984
8057
21141
28970
20804
8421
15990
19244
28638
38467
3351
40991
12086
14486
26238
27790
23870
16154
7806
46748
20128
3543
44701
7880
19206
21001
25477
25742
7808
14755
27851
38462
13444
32837
48185
39601
29776
23407
41646
48216
34177
8599
43499
20409
9596
32717
43336
31647
48801
24527
23490
14104
34692
20531
28892
9736
46494
42096
34968
1498
34267
27027
22438
48811
40121
41670
20200
12924
22991
19325
41571
5410
4422
43873
12794
21084
19704
3663
24895
35678
3300
6061
33672
15653
604
27082
46031
1026
17236
10150
41765
26513
3935
29255
12757
4979
32129
45910
47925
4771
45496
35279
9516
27720
28459
11238
38362
7032
19542
620
43568
36247
47138
48913
43677
42986
46862
3842
32719
13186
7316
17248
24310
26586
16400
2754
18782
22781
39323
24038
32786
31015
40633
13976
18455
48401
8700
28303
2383
649
61
18501
38570
27955
4420
24565
36558
32077
49724
22071
3264
6887
16710
43297
19291
44944
1912
501
14837
17348
37503
4647
37149
15062
9058
43599
29522
1950
187
12040
20929
41900
32753
42568
9128
16192
48380
13695
40592
4204
27379
26140
18647
30322
30762
45118
32896
12716
34498
43197
11781
26483
46106
5664
30078
26637
46816
39379
43135
4881
15320
17727
22839
20207
184
45106
18327
30466
18339
20166
28730
21278
7709
770
30008
45157
10547
12664
25230
24646
19760
36816
37747
32948
28242
36967
7258
14914
31778
45480
47276
45117
12834
27456
37372
48062
11172
21231
44733
15716
40684
30246
18446
44985
46425
9581
2942
32754
35836
15964
47650
43663
24575
37526
48736
33552
15953
4619
41356
23932
29460
27615
36093
24939
2404
32698
8761
48982
48149
530
2948
27451
18521
47839
36
31461
5237
1259
31160
1194
43900
16553
8453
18626
13020
30695
46788
15505
11787
27678
42808
37126
723
8550
44740
6574
42479
33882
11032
31228
30776
46473
32005
15352
21448
2906
32283
2746
7221
11404
9168
5120
42915
21763
48005
780
49402
28993
2390
22866
2142
12637
20875
46698
31069
35734
41238
41577
39358
24798
4706
26361
2620
23523
41381
43442
20791
16637
14996
49888
48129
31624
41720
48897
21686
12163
13922
2191
41115
10709
188
16384
4175
34206
48237
11805
12001
5435
11306
8568
41139
4826
35971
39413
30272
7628
40636
37538
34144
17005
24566
45607
29346
49877
8265
12277
17786
44864
29417
12606
6992
40763
24385
34332
45941
23504
3669
48820
26607
24275
45355
10251
11844
25299
27130
39774
1611
31193
10456
19946
23202
39675
40179
7427
3866
8812
29015
164
40111
538
36546
38187
37034
17677
42689
36769
39460
44284
25394
10702
964
11458
7197
25542
4607
18883
43960
27024
3699
33414
26374
32701
13526
48979
25590
4414
25938
20439
16459
42141
14141
36748
29383
17405
13012
32376
35664
27632
29378
32838
33656
40229
9005
45801
12746
29268
47007
3681
40590
15061
22610
11856
13549
49857
8281
37502
34448
3732
23009
35879
45297
24302
16850
48689
10473
1125
30483
15162
41471
24600
16549
2843
31538
5886
34252
16101
401
24333
44237
29954
13565
26209
41917
7507
31716
10043
34598
34960
3849
46437
19329
34179
6945
15677
5317
38820
10907
18937
6582
6522
49005
7945
39949
44174
47310
19693
47937
38261
17742
2924
30003
7783
48158
5550
20777
35676
49809
45808
23
23358
6767
17063
35805
23964
22440
13462
15753
29526
21135
39986
49764
47552
15719
6246
12539
38268
38823
6448
23209
46302
29443
36239
10720
49144
2765
38603
49342
41470
11977
36092
32015
21447
23414
30168
8073
12670
1647
3203
10809
28239
37244
45950
3066
21451
40624
16625
29932
37326
38797
42836
35955
34753
23466
13111
27316
46928
5718
31873
5936
2057
11410
7604
9175
21792
10832
18472
6939
39933
16168
33450
27159
2506
33222
46668
43242
42055
37765
36333
13776
20115
16744
31204
40533
24982
37720
26086
31708
38074
10243
35820
3685
21107
15371
9364
43752
42011
1253
42105
30128
15665
14115
27600
25116
12235
25167
30068
30657
41859
16751
24900
34965
7946
24158
47837
7255
35314
34683
36979
48765
12563
33154
18648
39570
29884
43425
34419
18304
40800
37453
23590
47637
18300
16133
19330
39760
4932
49893
6909
30074
25154
47797
16315
36874
9273
11788
19899
16879
11220
14906
36035
44665
25965
25328
16286
21963
26385
49228
31520
27981
44468
34199
44916
42119
40605
44817
46156
42975
47894
9895
20764
2627
2585
47880
1822
39489
12094
41729
11452
3789
3601
42957
45735
7175
42063
40606
870
43073
46040
26023
22542
16976
7842
25015
40064
32206
38581
1721
34468
44907
37165
42696
22192
6697
48941
29839
27201
28617
15536
41672
35257
39862
9336
7599
17814
16475
1505
34957
29400
26203
27782
9496
18534
12158
4287
6123
34559
11939
27297
36308
36500
47270
17309
32807
10779
26716
20024
7084
31725
29985
43317
19793
31713
28934
7751
40325
28246
16049
42408
5759
8017
25310
35531
13118
38051
16152
19958
16907
49555
24011
16265
36922
43208
33962
8400
49848
35059
7934
36438
4312
7698
35614
9
21598
10398
16673
18749
5986
34781
29415
48917
16562
5816
36109
45236
3463
25917
33123
14165
15142
43474
24919
3831
8874
9055
47273
42267
24845
18244
27135
12622
11528
43855
25191
11513
41447
42422
43703
26769
6085
8922
36715
40146
42731
26573
22375
31370
13392
28203
7864
44552
10599
38685
7236
48381
7446
44629
39672
9404
41704
26017
38583
45138
16884
25919
47240
42963
33153
16241
45361
48148
5673
37947
27837
10303
12221
27570
41004
7170
13804
16617
6447
39435
38563
28912
41962
38903
41834
30517
17283
24548
19588
42065
37974
49311
338
49129
34259
38595
41206
8760
4205
25562
13073
15894
40806
33846
31796
45132
9269
13016
41083
39009
40625
2418
23494
17834
4944
43516
30276
21809
25117
8051
2594
44935
4179
40966
26117
25904
23095
22092
46953
27836
13314
41537
44379
45199
21634
19207
22903
35166
31087
18997
23011
6062
14820
40340
29289
28237
15063
30577
11477
37260
15065
45202
2367
22771
46364
47357
9567
23398
13190
39019
13025
46940
46449
38866
37383
13694
28346
36465
6399
29819
45818
8456
1774
12756
1473
23779
27882
34768
12777
44716
46187
38999
9737
25530
18365
6487
11388
2265
29829
2632
30476
34341
34580
245
43090
23147
48485
885
1568
22086
20109
32889
35613
45451
29446
32346
43632
25759
49655
10172
39618
30797
694
43811
6182
36058
22627
6994
7470
10421
11970
38206
30678
36393
42093
39158
45987
37993
9503
31659
1303
37921
33575
1804
29189
31486
39803
14173
4848
29115
23894
14331
20192
31011
93
5446
28964
5800
16412
29438
19371
20799
4243
13052
3741
11951
36087
43254
44896
7606
42563
11428
34862
13066
19491
7400
3368
42911
19436
39169
30895
35629
38523
42301
42944
47848
18575
48963
44006
11448
28515
43389
44612
12674
23620
34133
49437
33779
21919
36362
47726
11877
36346
45330
24064
36795
31387
27321
27970
18590
9702
37557
7145
30976
47590
15578
3504
29937
32249
32684
25337
15195
48942
5114
160
41603
23545
46678
3690
20437
37463
37515
9345
37959
24848
19392
33013
35758
39872
1755
42262
16720
28706
35860
15843
33314
6345
30814
23681
30708
3447
30382
22536
35131
45568
25506
18678
7275
10470
7456
4215
10077
14128
2149
29577
36621
24677
43587
25295
16097
3649
45934
19403
7971
14678
47366
32585
7354
32300
18608
48827
25922
16157
26910
48520
3508
45817
17290
29636
36166
46490
19972
900
10142
9190
21856
5605
40863
29031
41034
22957
29486
46123
5751
21030
2372
3787
23468
23150
38097
18200
38456
17356
40324
38653
23833
7125
39226
29607
18646
12842
3710
37117
3327
14360
9817
2481
18050
5259
17226
37401
47854
22847
3233
46133
46176
29617
22944
2454
17652
19839
48395
7499
25724
12954
16521
17440
28575
2564
5039
28500
44286
32560
37010
13171
24554
32571
37583
32969
14845
10057
32821
19239
516
36761
16029
17577
44777
25735
22155
38168
46544
8945
15656
12809
36926
28769
27822
35451
15556
22581
19471
31249
21258
20173
44181
39923
22509
29980
2304
20605
11370
1446
10550
16518
43596
34690
28174
3281
9931
10639
21655
18806
48742
47708
6429
16480
49573
13304
20219
27794
24698
33007
5592
19261
32833
16873
22982
27628
30094
46301
49183
31607
5849
9974
22564
10254
44941
9079
41690
43477
34823
42846
3228
17687
22084
18515
42499
34214
48560
37264
17618
29788
18563
16015
22202
24864
24736
554
33744
23268
10976
38442
11367
18804
26312
39767
21884
29700
33374
9087
10328
24006
7898
40852
7132
38990
34703
10900
48427
30878
11227
36794
33585
22890
46549
47159
33909
15882
39061
43049
1052
21210
48154
14516
27887
16610
27838
49634
37582
28928
16491
11296
8517
29736
45151
12190
29307
5341
6136
8833
1565
7182
23367
30011
42380
29439
36070
33484
37100
31381
46628
15767
20692
34439
30961
28072
39946
48889
28752
1297
45897
2785
17861
23400
21324
1598
24630
273
44531
3076
29416
9153
22309
30006
17633
27190
42881
7663
26792
9468
2788
41930
21603
11096
25390
35289
39761
30503
24453
41172
13597
32746
36250
18177
37913
15690
23510
42735
3648
37170
26849
9140
33066
20218
42909
49400
22380
29167
36221
11165
49970
22952
43764
9769
42559
31436
25624
41921
39400
40826
24173
142
46938
20338
22492
11338
23430
47873
12473
12150
27986
20694
40792
46591
33875
8602
35761
40712
27721
39716
15839
22273
14278
12969
48837
8096
6549
12064
42803
30425
32347
14528
13539
44215
44920
11411
13897
31625
5374
20291
20232
29770
25156
45175
31409
8117
15135
46690
8369
21225
30669
2833
40657
38043
10577
12640
28080
41023
12069
22117
28142
32589
3147
18213
27385
40235
18463
31899
32161
43092
7049
309
30871
49563
44187
40291
41279
31970
2973
46328
5684
46482
44432
36745
49767
26793
29406
32180
1780
40481
12835
47353
23143
43513
3766
24153
24637
257
49662
12761
13051
17480
22711
15950
1890
16326
28339
8887
27848
31186
19124
13830
13973
27131
7271
38088
12819
22284
20624
30450
46728
17314
26634
16124
30221
16004
32994
12383
22750
3053
6659
10292
29973
46783
25414
31342
29719
19169
36268
39250
49114
25476
47211
28609
48626
4259
13236
48102
39895
5406
49912
23480
2482
31856
33839
24555
3817
7895
42396
16855
36305
20915
27362
4548
35956
34749
46361
49446
8691
19738
863
44423
998
36691
28070
27007
14798
4955
20962
28635
16959
25760
11551
13920
44771
9568
16823
14495
27505
5848
44353
21424
32154
48874
8373
4451
34529
46339
42987
9199
30651
1785
46055
49459
41028
17902
16088
46226
49284
22068
10132
42625
21524
47668
23278
27658
45906
31338
16787
41012
30119
39282
47349
31641
2101
13353
32184
42864
10180
46411
32153
24872
24361
23598
43005
17799
24789
47907
36821
33496
13946
9846
5231
22011
46256
1790
16616
29464
24870
1199
29585
10181
4536
25608
21549
11556
3363
1463
7924
27359
22617
20226
49883
39722
41836
12048
41360
14917
21730
11385
44533
9156
20046
546
15847
42610
29080
6175
14343
24752
8679
33300
12157
31108
16842
34832
14694
45442
40933
43075
21794
35947
24494
20655
1762
32916
6192
42231
21897
40220
29096
20107
44062
47706
47761
43687
38610
39617
17661
26712
13334
601
24136
40445
1492
43326
44964
2986
44806
28666
21390
29011
39052
31114
49514
26528
29180
28457
11538
11719
33454
16111
42770
19563
42558
32004
9046
30187
37942
44484
23987
33832
19531
27166
49515
26962
9801
15893
25085
31216
31360
44455
41472
18318
42575
4339
29196
45862
24047
8947
21966
39441
49056
47479
43981
23333
7704
35175
40216
14073
16378
14284
49473
21724
7329
30537
42015
25937
17013
26775
11622
1712
6008
32464
11444
18980
41311
24109
48805
42269
22960
33114
46873
29579
23747
40276
43953
11632
14488
8796
24412
16893
8108
14210
14364
11566
41218
24289
30554
29530
19797
8441
39517
38561
27090
27328
13359
28241
42925
17152
24732
36846
10624
46917
30509
26369
46624
41710
46029
4744
31075
34987
34138
37163
44760
30172
17796
21359
10826
7953
40943
27291
16082
12509
32193
3166
27688
38946
6528
32556
12560
14097
14775
18312
4264
25775
47439
36578
37403
16607
10229
25860
23703
13661
48
20699
19507
2131
40861
34585
15549
22630
4047
19053
3771
11738
47136
4828
7070
40500
21947
27984
41897
6737
43296
26444
33905
28843
17711
48056
49867
10842
22548
33596
32910
16166
32039
49093
23581
23172
13833
6930
48859
43718
44291
30313
33806
32874
7694
3226
42487
38416
38734
34737
24779
44057
5359
42056
5081
48413
9383
2602
46916
31766
22794
1680
4459
20607
45075
1304
19387
34007
13367
46818
38384
34789
40266
9317
40176
69
42534
22373
43582
23856
34970
49610
34469
30129
411
17849
29193
20634
6567
44086
25991
12712
10833
45736
20972
18317
46524
14183
44636
20541
8438
20671
18928
43329
24232
24265
336
37424
40113
27905
36205
41150
25276
20814
34994
36623
15475
36786
5418
2992
8148
19099
41532
6211
41968
8468
36883
39505
28258
22043
892
16899
25933
29562
8778
162
5045
8007
28296
14658
30071
3691
149
17270
33423
4228
23957
3081
3522
868
31036
45036
32676
22030
36885
36359
41635
33979
40768
49875
24932
12658
13234
28326
6274
37862
38596
36768
47699
13871
9421
9970
10788
37068
177
42842
27382
47500
1619
45573
21282
30795
15113
43472
38150
37161
31102
3934
21269
41334
34924
6518
43137
1224
28329
23695
25413
22694
49254
36243
8165
26401
11088
40305
41543
6756
34442
67
21053
129
27896
46192
32635
41129
49399
21771
18011
29246
31383
41736
3802
9697
38463
8215
37070
3590
32643
19996
32533
26891
12034
9782
27730
6879
25739
28591
14147
26897
23262
11848
35656
48144
3582
3567
28875
6962
18607
40653
28593
28555
24717
47373
28834
24437
43
15327
12813
9716
4869
26234
49281
5977
7975
43159
40394
2733
11297
8623
10384
12860
25366
17261
47056
11769
6917
3781
13305
7442
24398
29069
45146
46443
10128
45814
29938
4448
35516
42951
44702
46312
43494
46080
49134
33835
42313
24372
33838
10360
718
5393
31530
16005
36041
13449
23148
14327
29334
27187
48810
28900
10246
32299
12193
34400
19902
21527
47401
21853
46352
46085
43918
4207
12098
31009
566
45315
29969
4326
40705
2776
45838
48903
23174
637
32147
48313
31869
49302
22873
48505
638
20246
33834
14285
14172
18068
13149
10686
38003
4427
27110
13183
3700
36750
23788
3737
32057
19401
32845
30379
40086
26715
9292
48124
18009
38934
1408
14319
49447
47960
40457
32584
4236
46279
9241
44739
122
19747
31181
36303
1542
20572
8331
15848
35464
8306
28981
11827
26987
3609
14785
10034
27147
33843
502
23370
4417
15028
12823
43615
35197
31705
3060
36101
24489
43875
36857
9197
77
24924
43479
11524
6858
40945
36829
42058
9350
9975
37960
33809
30299
6502
22392
49629
38524
6663
39037
46127
24291
20493
41319
21682
3153
333
48850
8840
11295
11730
43967
7988
22204
37710
2613
14122
43984
8366
36227
13102
9767
19297
23029
10134
15710
46474
45596
45190
15013
11729
14884
44505
14277
33073
32922
3918
41053
9284
22502
35398
7443
17679
17413
13345
37410
46605
45969
34563
13192
34369
23094
2346
11721
49222
22461
13956
24986
26982
12004
16596
4576
639
11884
40197
11228
34947
1713
26212
20871
11273
25823
34088
15040
38527
24125
23766
42712
15069
24168
16582
13015
15771
46200
33956
38922
6379
43150
6304
13089
40228
23162
46792
18632
48627
13215
15593
11735
3662
31853
22999
37433
49726
829
23968
39796
17364
21797
1059
23160
4529
29137
28690
41838
42070
8821
41377
1858
11887
33623
3749
44063
25232
27434
17707
22433
32982
46546
37017
2126
43655
45373
47994
31744
39668
25713
25668
32822
30116
42561
19141
880
6735
41275
33589
8807
14874
40680
9062
10997
48495
29129
42038
38968
2136
47250
30841
15402
39996
46675
8042
25864
44624
10462
49427
15425
27368
35298
35894
46442
2218
47885
7364
14992
27081
33660
26942
33985
29088
11218
30641
18139
6001
40081
35202
12031
6865
48721
231
45793
4042
13368
6297
27319
11098
28477
26509
8087
20981
29095
5166
32992
45057
43482
3026
44328
25984
1733
43084
7349
16171
29688
25954
5264
4048
46213
6468
18547
14052
8054
15957
44129
8275
35791
11000
18550
47476
28908
33603
28906
19541
43609
26441
40082
34111
8191
28596
15971
21636
43962
5051
21790
39606
32997
31784
6137
44785
6412
3240
37717
48178
180
24195
32891
10967
19850
13280
8831
34
858
33126
31740
16841
29456
7926
17863
3261
25306
14215
10434
45794
45158
33219
22749
40502
38686
47883
46791
38555
10983
38884
1911
7982
29487
48325
32477
40022
25483
33287
36587
41353
18261
18443
42384
36195
3387
34002
34219
27020
44119
4031
23069
23786
49499
2246
37465
16345
41297
10466
21560
35498
974
21967
37324
27304
20918
26953
21785
8386
23601
34240
47322
38095
44080
37790
18301
2813
39273
31234
17670
7658
24050
13263
34839
11287
27369
35237
27594
10407
49078
8857
26035
4586
14288
41546
42641
22173
8562
39730
43315
46648
34277
30967
1893
163
2395
44059
48044
13875
6973
37865
18498
8979
47087
46711
24788
21716
13618
14465
49325
40600
24559
3591
24726
39531
1294
45080
28548
2377
13041
13615
32172
10289
24007
38956
49804
41397
20944
24152
6177
1588
19368
4718
6912
41516
29742
26287
23330
15469
38196
35463
46755
3544
2847
3503
37122
19002
28919
14345
20442
42699
25902
13784
1940
38053
49587
20750
14700
13489
28455
49127
31690
18629
48451
39455
30882
22069
11343
8829
28680
20410
1933
30739
37958
42179
938
3984
13746
17438
43048
44346
4640
27084
41241
3104
3473
8825
23857
26356
17113
15440
21731
43979
43576
10158
43514
14876
36529
44090
47467
17628
11241
1802
18306
16566
38767
174
39087
20368
2004
23092
8234
9148
21215
2316
46600
8315
42246
5892
11505
15573
9000
41952
21441
48904
153
46947
27169
10837
8020
16348
5488
12373
46952
39165
17783
43355
1547
4908
38366
34819
41832
43268
12211
36427
9574
46188
36557
46670
7228
30200
48188
14164
30889
44861
43252
5
40629
42826
24135
20663
1906
12188
30374
7768
46445
16100
25044
48284
35751
3041
43086
23349
35013
22747
35848
23334
41696
5197
30261
12727
21767
44519
45492
33861
28331
4671
11348
48774
25412
45358
23860
2639
5157
42759
30933
37797
29113
35363
556
25423
10255
29807
8211
10782
16128
36651
16777
46885
8932
22785
41565
23319
33150
33545
13076
34346
20683
42476
43321
16233
5543
40424
41899
27817
10418
39696
38981
24244
38844
1379
18902
1595
3018
46639
12682
48958
602
4149
40647
4509
27461
18018
26166
25027
46820
21440
7765
7779
14967
49714
14988
40192
4198
30319
1671
34291
31157
33759
27397
38669
31054
25827
16579
31179
1991
11255
29469
2790
21378
35615
30821
49568
26999
47658
19611
26147
41167
33192
49277
14102
15792
32292
22538
15284
37926
20372
42529
4505
37919
27558
29425
21525
38802
45079
11831
43244
9843
9525
39080
30837
32801
27988
48833
41465
33836
29888
10397
45776
37275
33304
5113
11365
24625
49088
8737
37393
41522
10906
39313
31495
40931
5399
9136
6186
35598
9228
48030
4636
33826
22119
23976
42398
7892
25771
19142
34482
7064
582
26420
3154
37874
11656
4910
30188
8541
34672
20281
37534
46003
6823
11921
47987
14872
735
38089
40379
1469
6678
44211
33459
26657
11550
27964
26335
47263
3005
42453
17933
15526
28876
33068
45640
37533
12413
24556
23185
39365
43974
6935
46084
2371
19908
32379
1997
10342
20991
27411
8232
16694
3027
32389
27509
40804
14593
35090
30898
21126
48295
9113
4794
12487
36369
24977
2107
18210
36655
35683
15226
43480
7901
6408
44422
36078
27338
41791
6118
16572
31408
39941
44648
4359
44726
8110
25037
26884
15955
29900
45119
25071
20383
46723
13
3231
23694
46079
37491
11014
34648
28937
48927
19470
16260
44557
12503
35100
48864
16404
17979
28177
40237
7776
19603
1612
44486
2467
25584
27732
21506
22464
19967
47541
37968
9114
44846
38592
26046
16349
13890
41849
7009
23128
32462
20954
10802
40117
20491
13939
33188
10737
19346
9792
8466
25399
1970
42892
5591
27245
49648
46177
5229
17586
25987
25023
17011
46507
37861
38573
13221
842
19055
5928
2364
49765
9719
39036
19464
3525
3660
7368
38027
22170
24323
22315
22417
44351
960
45812
43422
16716
35139
20257
26669
11495
26928
1176
43504
9264
48130
5080
46369
30863
7448
45533
46934
11568
48184
31384
35062
24803
31516
37554
37316
949
32232
27952
33070
26871
30353
11216
42565
27925
16285
22535
14589
30184
10528
33583
32298
18237
29702
17696
18580
6189
48244
40944
28003
11585
13059
30906
33775
7223
7966
30263
5961
24508
46201
19617
6785
6407
25140
5381
23264
15059
31476
29178
42388
45899
28034
39321
26570
17826
21058
3014
37866
28166
27193
41469
5328
12662
41904
33098
41722
25641
1534
1627
16209
19200
40183
24526
11619
30735
12787
30123
16846
39674
21037
14316
10994
41744
21953
18546
12529
4532
38709
15100
40758
26772
22359
39457
24854
29663
49274
24238
7096
6931
25279
2284
31895
18094
42126
19545
17376
39067
8099
35245
25053
31711
38352
34049
7074
36505
23220
30770
33680
18802
37952
36635
34103
35922
31806
12321
26016
22235
22996
25653
215
853
21091
39464
28922
24735
18428
40080
38521
42684
48349
22449
21207
22431
30522
31269
47818
14044
8938
1783
611
7771
29527
34982
2727
8855
41567
21051
13298
1788
16738
4208
10598
5428
48614
29920
18641
8393
31491
19460
10355
41267
11117
31936
6692
33225
37391
22083
12289
12286
20290
1735
19158
25189
7815
42303
45437
47018
46556
14462
36136
24316
39029
29421
10361
19834
38479
23939
23902
6505
44929
26214
11541
48670
9202
41117
38020
3149
31639
18627
7327
38016
20606
7651
5028
31826
47604
13214
39088
9838
38176
36701
49414
27124
13932
16094
1760
17775
4159
21596
14674
38643
33131
19971
32951
33619
13951
22233
39962
10812
12138
28530
36936
34530
3384
34741
45867
35393
25461
5093
35583
19223
15451
15691
12982
49318
41944
1596
21619
9193
3946
41973
16707
17741
14425
42157
25206
12737
25797
14771
43216
38131
5011
17996
28771
19801
22748
44444
45270
47229
12258
31134
42708
8948
37521
41889
43457
15405
33559
21028
39324
45885
23289
41650
31191
37380
37181
39686
6156
17686
34935
16903
32692
26021
25195
42536
34119
9594
7896
49175
7904
46622
38313
14374
46327
37838
34913
7781
35977
45742
15424
38520
33391
6807
39162
9786
21774
47295
49837
36611
47253
16937
24593
17274
2897
49167
3482
14268
20472
25301
46175
3754
35255
32139
22006
28851
12641
26001
18333
6866
34649
20040
40348
2830
17409
1536
46852
616
25067
12012
5121
30929
30389
18527
5537
43007
21545
33009
34483
34956
1412
48240
48666
35996
23990
30293
25213
3100
48417
35671
24183
29580
43885
4267
25325
33634
6188
4919
36065
33705
41452
27841
6205
15345
24929
19013
48575
16376
6480
7193
48534
1784
11043
1084
16570
3195
47050
46902
8437
21613
39227
38500
5533
13362
46053
40314
6425
42071
7090
30748
37723
39367
35483
26510
43295
15538
1643
39377
45728
10161
29350
4600
31994
6397
18440
24722
16076
15555
27010
43382
48880
48702
7397
23593
1623
28048
34776
2919
45678
4986
46292
38853
36204
10784
2596
40675
43651
28411
8671
42089
37356
2380
1823
47417
20047
25897
24806
42308
19761
16913
14703
23518
4968
49846
38004
6443
37757
31896
24884
29006
42068
23805
1793
31582
2195
33706
5103
12970
18812
14546
5408
25355
24102
41124
14221
3309
48996
16129
12836
12133
27041
2238
4988
25020
2645
34863
48764
23762
41227
39798
11650
43087
27563
31421
11121
11598
47554
36388
43098
9203
36384
23825
22015
9391
10776
24913
406
35736
11153
26602
41766
40386
19390
19049
34705
31321
33168
27939
5475
13494
26139
41061
39449
24852
39845
22290
29968
34074
16450
34912
48372
27869
40427
1610
40615
20389
14179
45535
12213
15756
19631
16918
35655
7737
11224
31787
38501
40496
26468
30258
9656
26776
46396
17645
38006
48863
34883
27781
46795
15488
44976
31289
7984
27472
35082
6660
2182
9941
11011
5520
4249
34140
29555
883
35970
27733
5295
22575
13510
48873
39973
633
139
34500
48050
14008
3731
32970
7515
8471
21683
5741
40494
36428
14685
12113
41463
49297
49733
4800
31518
19101
8848
17978
47998
8878
49099
48463
35284
23191
43636
48956
38724
33719
40211
22066
48291
21834
48457
14696
13710
22755
43858
40955
17298
27145
38429
39007
11609
19179
16132
47468
34774
35692
41585
13749
35008
43566
44570
42491
33262
8047
10636
19969
41809
34325
18721
29792
21627
48620
34726
1467
33498
26763
9414
464
6291
19198
28999
43851
21397
40596
37148
34322
43891
38285
24874
49865
42013
24447
29895
22723
43279
15981
26798
7008
18061
40297
224
45000
34907
43275
7578
48211
23926
39583
37508
11611
45874
13403
43371
36835
23629
30233
2873
38477
940
48563
20395
48672
20412
6840
19939
27313
8632
44773
20620
12409
15109
13794
19070
37153
24140
16529
49957
12929
40867
38240
4374
23297
46753
11453
18163
46620
37333
1501
19550
45320
9626
1033
32689
8714
37903
14717
1659
7576
3855
8864
48292
18370
41979
9043
34159
26211
17856
35303
27673
45250
30002
8642
25638
30408
28643
39509
4590
14569
45364
38339
8488
14093
37080
28523
28445
8199
12624
2683
43646
2152
15054
37898
46949
21043
22416
26348
10683
47306
23111
6993
15962
38984
34209
17514
16180
44784
49779
15696
20574
6335
28719
27596
44195
41560
14338
19229
13044
33244
6783
13087
3317
35246
10685
46948
25012
37458
9206
29324
36444
20194
13969
23201
6867
41732
37781
2161
11436
18584
36965
25257
8901
16785
42607
42488
38807
18702
30662
44502
39428
18403
508
47023
19864
47852
18430
26434
18898
24743
16557
42672
24718
3496
39062
11123
6772
26220
19881
31006
34023
917
13839
34173
41831
10430
11552
17367
31634
30320
12035
48719
30591
10088
12171
12442
45228
39404
43738
43904
5607
771
35478
34163
1948
40328
32221
6649
21635
18973
9413
48890
21779
8873
13770
13208
25951
37552
25879
31241
29131
44952
25158
40084
22367
27393
4915
14261
17033
6310
49962
17986
36021
19131
12700
10382
31967
18454
39369
41682
11662
43740
34825
20274
31687
49985
12255
3077
10400
45695
40754
23513
24714
34499
49833
8001
36540
23651
11815
8985
8814
854
367
9014
90
49903
40327
42060
11122
14880
8712
10959
32348
13201
27152
30775
16335
33525
38725
37908
15807
36881
32688
45413
7412
42720
18956
1701
65
43938
2762
41396
14074
34280
41112
154
30474
38588
27076
31016
26797
36175
48638
49000
12891
29766
9822
5979
9498
31336
48341
27463
4213
25747
16357
21709
12873
18791
28046
6240
38066
45037
11357
1252
35939
16086
12886
35278
17694
2692
46543
49117
18219
20168
13729
13945
34827
8994
17620
21334
12499
29489
46492
39663
12626
1479
29560
36594
26805
15898
39130
17083
14920
7879
41971
27241
24953
44640
21139
35605
8860
22818
10553
8886
37477
2759
22159
23273
45387
38395
1566
24513
41298
12244
3955
10331
9085
25944
22803
38894
551
1008
44127
37292
43845
38647
24178
49800
6067
43916
40538
12643
7588
28652
46819
12820
982
4387
46958
40799
10463
21409
38065
49468
14742
41661
9433
13432
49535
36576
16977
19762
8432
49419
2428
40219
43586
8130
26721
38364
32219
28893
5732
10819
36323
12266
16755
30179
18056
43047
1292
25571
5798
4587
5699
42002
32384
20455
42481
22448
19191
9646
7172
37845
9459
35387
6793
31937
34936
29901
13970
14794
13207
34308
14280
37160
19475
37289
9601
37931
19554
21172
44719
25495
7484
48569
31852
33033
792
36001
6053
12930
3985
29021
17710
23461
30819
23553
29427
12735
10772
32611
42649
8500
42374
6548
21445
48368
25143
9076
39913
26110
30784
48513
13912
35174
21175
3084
37750
1045
14175
1334
27847
9703
11045
26442
42655
43154
29440
49236
47741
11236
42736
5498
17751
46477
23301
11761
48698
4518
30199
42112
20775
44586
22681
20577
8083
753
39133
6100
10705
6584
9564
29557
36116
9309
19034
42592
41741
954
12401
9247
18299
30560
24300
12772
4111
2034
43412
4996
9579
8397
22511
15303
7113
22998
23433
1365
44394
19558
47800
12661
39670
40842
26708
33849
15411
38478
11150
20355
12504
19006
36597
40446
49635
4564
32120
27894
8248
5689
38854
10986
37274
10223
4002
44549
45367
25219
47380
1698
37846
11901
20763
15777
20388
24843
17287
8329
31331
10259
49709
22698
11112
17551
5602
42599
43867
43270
9312
9790
24012
12066
9373
14152
39630
19215
596
24199
1750
30790
173
18775
7102
17636
12604
10082
40326
34118
40012
39784
14657
39718
12325
40513
14858
24353
19187
25512
12087
17227
49997
30879
9676
15437
26543
18811
5187
29366
20190
23203
1158
21396
40358
40259
21466
4450
11533
41284
20497
17832
38986
45026
1167
27330
48930
36394
17692
41183
38149
39173
43990
19149
35832
28932
24524
29618
623
11655
48358
40599
20569
24881
36063
24590
20540
49806
38825
27149
37632
13430
9939
48280
48224
42533
17877
34184
18884
6761
2525
44607
31984
28531
256
21113
47858
22690
12029
20331
12328
15544
39573
19740
47217
21483
14557
41495
14715
36357
43455
27032
21829
1533
45247
8064
22931
42274
18457
38982
33121
15433
21965
6221
39099
45620
44375
41215
28971
10891
42652
49941
14320
36614
43232
49973
45359
36601
8897
35015
23893
22485
48701
38389
19567
15414
30432
17131
38780
28334
35204
14627
27444
29581
46325
49426
25876
37880
19831
12857
42873
2884
13261
20422
23793
28351
44960
47385
1256
2628
7795
38015
6023
3606
46785
36374
39140
8272
35833
19272
30496
39077
20303
20921
17056
48400
13540
41328
44796
19287
35508
5982
20508
6859
3304
43396
30012
26029
1147
47766
18453
3254
22210
35012
27289
39818
36251
16151
8588
32158
37500
39439
27611
1821
22094
7804
2524
20873
37963
3150
35270
4100
20444
39837
11825
4948
4679
14706
46271
23091
16564
23352
46602
46427
7363
37101
17289
20862
38505
45708
19903
28025
10565
24530
47648
34071
9701
38550
26015
45022
19961
12511
30875
22669
48983
16667
13552
37176
21261
1826
42445
26613
25663
32962
43144
19701
11337
26512
38046
4930
25555
23538
12288
18096
39071
45015
17260
48660
10392
47917
9997
38997
42185
21274
48246
25980
1302
38011
18260
34443
41596
34637
25646
36734
3093
8528
11149
48808
14412
29141
31265
24956
2393
17975
13256
41666
41366
26122
194
16702
12341
34108
30705
10718
14757
26951
10627
40078
40901
14112
3295
20151
18286
41151
27036
27192
7568
38493
43496
49866
17053
14266
2507
33762
14598
32460
10410
6449
42037
8677
31844
11976
16997
10084
29775
48034
17758
13185
28186
23320
30169
34404
912
27085
41549
15645
9280
14480
6653
26530
46619
5247
36045
32766
6163
3378
35704
14751
39132
46063
15112
39103
3576
5226
22121
3888
4306
26417
31862
45019
47415
24786
32328
14375
39170
18303
5504
15958
39659
14895
34702
19221
40588
39382
23979
13427
21023
19001
3405
2971
19308
5919
47432
29306
22051
28384
9442
23764
27247
21211
45687
30553
48283
27692
2880
12081
1115
21886
29207
48990
15775
27961
25829
10656
6951
3528
28086
46066
33309
18989
17016
17918
2795
15002
30818
26446
40546
6855
43711
25437
44606
30824
19469
41307
4299
19003
295
47810
5926
28874
49348
18794
10168
35657
8600
35080
29764
36515
47143
5024
41916
21680
14638
31979
6980
21268
45807
44456
30025
47318
48708
4415
41160
30157
37436
16530
48492
12058
11790
29170
9816
31610
46409
6104
32103
12054
6880
41997
9976
38258
24307
49516
7846
21069
11258
45414
476
45305
36984
16567
24097
22665
44774
21532
11807
32017
19575
24954
13028
45953
27537
4082
25559
34035
14828
40774
9603
9831
30134
23865
47727
33411
33872
11548
40708
7516
25499
46065
742
49019
46671
23830
49054
24950
27527
11126
15615
46665
26983
6717
40318
44247
15692
26829
40128
2447
16632
23999
7670
29704
1672
32691
18100
44216
12752
1166
13800
43130
8434
40126
9034
47154
4946
4431
18516
13447
7675
42278
14138
20748
29183
5007
7405
40662
27420
26228
32665
38103
13961
29209
487
7859
6711
19577
38764
2821
43627
39740
43753
16494
37487
17821
20722
14877
43082
31566
36572
18414
2223
11457
31041
14242
38109
44885
46344
18486
31430
41542
37273
39201
26134
28980
47696
38154
41135
33039
7961
36679
39565
17104
34092
37645
34587
8328
7811
866
28055
12636
3196
23087
43758
29432
34510
38918
44312
47776
19912
40011
31034
21137
47646
37616
39402
42716
3192
12282
49550
8387
10938
35114
9258
9374
30963
46497
3954
8574
6389
26905
46056
46733
9681
906
10171
38153
26097
49155
18246
15418
48351
38257
32167
4888
21706
42669
19240
6883
9405
6662
3823
11140
25319
1355
34577
11290
10632
48565
24337
23861
45646
23099
12573
11069
18436
24384
11083
30194
20030
13206
35900
10286
28214
11422
14779
36299
42022
29619
14713
3220
27249
10655
21656
12943
16960
11818
23487
42947
27343
32990
27200
14834
48218
20067
26681
28569
20185
5760
28982
34556
49050
48985
14770
2707
44908
32501
11667
10459
39397
49080
31927
18352
30835
33321
38056
15262
39900
10405
14578
6827
37092
23650
34215
41277
33570
6779
37003
27900
20525
4598
10595
8322
33361
18668
989
16522
19091
2804
24781
14660
23603
33772
9684
39936
15080
8178
29564
29789
26601
17231
24418
31773
36838
2102
38239
11164
17211
13853
16771
45551
12754
44647
44730
30549
17556
18983
25969
12267
24535
31749
49027
27719
41087
32308
7040
42344
33403
31297
13110
5987
38497
14402
49269
39196
17970
18285
14843
36639
38925
27127
10594
24389
23183
12478
15740
22524
43847
14423
46465
33311
21872
33295
27240
35066
47131
20425
973
46304
18119
15872
2062
36261
9768
46942
30259
34593
25557
41513
42526
8636
39632
819
43601
7886
5423
9326
23881
26379
41598
14474
20113
48263
5698
39689
10733
24221
42933
43183
16761
10492
7426
41211
25347
9802
40922
33743
11321
25800
22353
27946
40277
47825
23181
15701
21803
13227
6755
929
26939
43104
19022
13446
32975
26614
9331
31602
41712
7701
49979
48055
40255
31948
10814
35666
37294
44137
23549
44670
8049
25974
27095
31751
37368
904
28317
1897
36549
672
41855
44524
42763
39181
13301
14915
43379
26202
20536
49734
16403
9173
13328
16329
46644
20164
9559
23151
28206
35536
18367
4156
33611
49878
24150
1245
1398
24487
31941
3227
10572
15159
2505
10885
8757
43782
10732
13229
13566
35164
6458
7755
35106
48822
46233
46469
17015
48950
19385
14391
30151
40644
5855
22435
48155
47688
42474
42904
13421
1894
23733
46853
26504
5599
32755
30193
10087
27103
19883
15423
40776
43280
12154
49493
38683
1114
41030
29756
39268
26062
5701
22305
35288
33145
17931
14510
35109
15768
45382
27737
12697
44811
15781
36646
41143
23807
28558
21357
3441
15242
17219
47513
9693
25093
18493
47308
13008
24958
34849
45014
17430
14822
7396
47075
48128
30998
43555
30493
42253
34958
31042
36140
33055
41630
22498
13036
40902
23809
33871
9927
5638
39931
49387
21905
8765
291
49346
5432
15175
45390
2416
47611
28308
40878
13251
11413
28019
29330
27559
29785
46661
43729
27211
1189
32301
37793
8520
41116
7156
8730
20418
38659
17748
8953
33763
13924
34552
20323
28760
30223
40459
32522
8070
10452
43852
34132
29192
30333
46252
6253
41695
6848
35269
25513
252
17397
35095
11103
11641
15507
48238
12963
36815
15584
47079
14459
28494
38751
25721
48517
39709
374
13825
46203
4537
43328
10990
39859
5140
44722
25311
31101
21606
3386
24216
24934
10437
9504
37606
45265
24144
13478
9796
7200
19934
16032
20721
4469
29262
12355
33027
47066
7001
15937
48104
24911
19009
48760
10622
32439
9288
36591
23634
22967
31851
16933
6645
38084
19331
31033
7708
26695
30120
14153
6301
2422
39982
14466
25391
45328
22896
10269
34274
6068
49260
48555
47893
49472
28480
37878
41527
45221
39995
46239
118
19195
17997
27483
25112
40304
3190
5016
29891
48623
47337
12981
43556
21723
45457
36011
23293
44847
41421
23514
30438
31103
30274
684
39299
26264
3799
47939
47595
40520
6910
3136
4221
41245
1490
19532
36919
36282
8649
35411
26133
3575
34895
32832
9590
300
4418
37218
15044
4650
8174
13580
30203
6409
22429
23023
39591
42116
708
14716
21242
3133
22214
49621
48303
6034
49439
41332
18593
16824
15240
7101
12805
12514
44763
39333
25280
183
5827
26941
25749
4435
32668
27003
45751
36133
13490
4791
11626
45389
1327
35002
40998
13988
13824
19947
8853
28454
41615
30653
18141
13780
6411
48980
18151
18753
15840
20027
14972
11625
23188
24961
23742
29609
11749
7444
22871
46405
14390
7885
20842
8407
42760
40033
3344
23501
39448
13978
45988
34043
47173
25181
4687
22508
10734
4877
7210
44079
43538
32395
23229
26903
29322
24817
19080
38652
26329
24778
8091
47823
40141
34312
37914
288
14743
41787
963
9527
2230
3199
46094
20723
20271
25842
43895
7919
45042
48428
23315
12759
8303
15783
28425
46206
38705
15097
39021
39359
12367
16909
3939
17507
10987
21864
4768
223
14479
32870
30846
1367
14527
38012
23008
37454
12782
7688
29226
6418
8312
17540
23596
24774
6245
37855
19991
25225
49166
18689
36983
35624
10489
44905
3940
43772
20329
21136
33208
11464
47911
19428
41940
1851
37482
41197
33235
28205
9963
8480
23222
26866
3634
34930
11188
7268
30957
26492
44542
28276
35831
8846
24511
3640
22361
47765
14937
35741
35902
10187
9142
36184
11397
38409
42047
25293
29213
37300
39031
1699
48152
8862
266
39945
36618
40885
24187
16659
15721
17487
16831
26801
45715
32884
26452
36240
29166
37074
40969
29419
37027
6799
14839
9217
35763
37448
42946
26562
38297
24010
1656
47792
41386
27911
3250
26732
3702
37154
16973
22151
544
11998
5953
3972
20505
13544
4078
6334
10979
4106
16434
45902
16925
10099
37810
12216
29258
34038
19105
7139
1975
34772
49886
45625
41153
8482
2860
4766
34303
22718
15394
49840
39669
278
21533
14130
8899
31790
48630
48119
18520
5441
48076
34537
45126
24607
5484
3534
16514
21470
16766
40663
14943
17313
2646
27394
47512
25520
14614
30018
41805
41633
49251
16077
22622
19482
15920
37760
35020
18307
22153
41755
43497
3297
11906
43676
32343
40839
40077
8036
35374
42024
13759
6225
19756
8104
45986
44667
4413
17224
11914
11082
8241
40411
26362
39486
28347
27949
16904
33977
18086
45816
16148
44725
28762
47224
6708
3109
38644
36543
44710
22689
24155
43276
45346
16020
48668
8962
6346
6011
1608
28063
21689
12628
22523
26036
18544
40759
26980
45929
30543
37351
40920
28743
40854
39624
12388
36332
33265
38050
13578
7876
9451
16598
45731
15658
41679
37029
106
43184
11809
13797
16072
23153
23628
31627
4639
45983
15245
16003
25661
8003
29245
4811
19438
5526
41782
25097
41806
48145
17721
24251
6202
35093
18480
25165
22248
1545
23418
21510
31164
23038
17547
4025
45826
20157
169
43715
9948
48330
30446
15873
10728
19193
36632
47314
8973
19232
981
48022
31619
4007
44508
14420
6640
37891
18799
42275
16965
22475
19923
44270
47422
47410
11876
16952
7253
7739
31187
34434
40952
1023
22915
26560
2105
621
36705
32111
5841
32871
27262
5785
20336
23292
4964
37531
25353
28152
38587
27684
121
2425
32214
15161
3861
11340
10471
28839
39286
44049
10441
28362
9961
49583
9291
45125
47404
29827
31843
31166
30544
27112
43726
49217
24853
4810
18055
4905
41388
26065
10836
40547
12545
16047
5242
18337
34759
29761
29727
16117
9295
2360
18577
29584
48421
23701
5100
29361
23405
27662
41280
49701
40540
8674
46505
24222
36459
38059
14098
47679
48193
10978
37900
6041
13954
42898
12590
43489
5960
18674
14994
22420
42942
20790
12392
1068
16098
14166
46081
42431
40886
46284
14463
16046
45345
17220
39272
1931
30421
36402
32520
6147
32182
13031
22953
9150
27895
36548
19311
8430
32093
31172
24783
686
12104
29633
24481
30472
21652
40892
30660
335
11161
7713
845
18468
29028
35659
38638
16218
35529
24471
37730
35524
41476
40658
17827
25510
49601
26150
11860
22545
4620
31273
2461
1076
30648
49271
3551
36934
9905
32563
38790
19920
49613
28568
27440
24695
33118
21342
38414
8271
46526
5853
49813
5762
16810
23951
5822
15083
46775
32540
9870
36605
11862
47051
33324
18810
38650
6631
6022
41984
16497
1817
37851
13319
5202
44345
47739
34791
6029
37166
34225
27139
34708
43604
32952
5851
23726
34932
38447
16391
18890
13344
1959
5095
36192
15884
31595
32041
45532
6003
36886
6342
19299
7718
1037
49068
8779
33799
43416
10145
9346
20021
38114
44880
39572
48064
46876
37603
4256
33180
36528
13908
15921
33773
1036
41576
11189
10715
42820
19437
2861
36808
28943
24282
28865
39850
24762
23328
5737
30610
16056
29833
24659
48045
46463
21491
22432
9757
47406
28622
13131
41779
13688
1035
48888
18737
17521
8664
3635
40690
6194
14457
42954
43060
22062
43820
41430
18279
14432
25605
37991
12747
19439
41088
27206
42640
46972
22604
41784
47920
22241
41510
28312
11565
48299
47264
426
29850
7770
10645
44530
4585
40656
40499
10620
18833
44474
32955
37542
11828
32320
33944
42908
19211
23652
23548
43551
6718
7235
38253
15210
6512
22424
19339
39759
11689
12103
47431
2396
48928
642
48690
30545
19768
26193
12694
40567
24345
23231
16444
47243
20599
47402
17566
2236
36086
403
5740
14198
9303
14394
12241
11003
13947
49965
43840
18013
32830
28856
49376
44874
802
33942
44764
34150
10381
35036
16748
7551
5905
25383
33702
22255
7626
32846
8207
14860
21822
10305
7641
35616
19776
14324
14269
45553
21838
8637
3434
9412
9744
17006
5578
21801
22366
24842
6839
31645
42362
749
3708
36924
11378
28889
28995
20102
37584
42802
31423
34792
43992
31739
33816
18564
20693
34615
28320
43848
18750
12985
49745
10996
31493
46719
39279
39004
18305
39586
10761
253
22322
26627
28517
7189
34723
2856
21830
35904
7153
35482
31675
23542
22612
28700
30361
25673
11169
8157
48654
20830
30897
20471
34992
7705
12677
33893
36165
37395
37060
25580
43265
36749
5588
48964
29234
4579
40859
30079
6539
4341
33540
46191
19349
17974
30404
28342
19742
33279
11303
36395
17030
36959
47926
16733
17700
42127
19566
43775
29975
16034
10729
14982
46400
14023
45799
14633
21273
18393
45809
4696
2643
27947
18969
3146
33377
27789
40451
44008
30004
14807
34736
22686
5469
38898
43241
40212
27298
24981
33555
13461
12080
47507
103
13483
41259
26545
12602
22596
5910
4588
8551
5321
26658
37243
24084
34826
2047
19783
9573
41392
48799
21851
35506
36027
3829
26748
31137
12353
34292
39849
41098
46179
32359
36176
20877
2648
44748
17653
43825
14171
11710
35835
19607
17018
16414
49002
8021
18549
46508
17964
16193
36487
37211
42653
5189
32587
38071
24276
16725
4386
45351
31732
11743
18281
12864
970
44029
35827
7543
43204
10637
28634
20104
2724
9619
811
13482
44102
1280
38391
4670
16292
37911
429
25343
37339
35778
15439
11917
5137
43303
3905
1586
20286
39546
48315
48951
8832
13471
29982
39919
11680
12764
47460
22789
4286
24000
44021
36991
9082
33541
33232
8326
15762
6196
48547
42460
31082
5465
44755
30764
35448
39084
38332
34424
13852
21862
43346
9166
15237
10074
25964
23682
1138
20080
21665
40987
39228
4525
251
10763
27772
39290
17165
31002
38342
47544
23711
15322
40667
38785
36659
48807
19071
44904
21859
45403
9213
32731
40700
26261
26318
13323
1562
23197
13018
3733
23780
36483
47060
11784
28007
48658
39865
13638
12724
6332
46245
83
1451
38
48959
5183
21398
44070
29685
47190
48781
32725
14936
38601
13686
402
17493
15790
43261
9858
11440
3125
828
3514
19429
4046
10942
42900
17919
13541
21764
584
33040
12297
9984
46822
11394
42591
28639
7022
41321
5366
30806
36462
46581
10049
43042
34276
5904
45421
23838
26794
1405
14341
27194
14790
24163
19265
35519
46303
40447
5440
5883
30713
6534
45852
7631
30737
11345
44668
20756
21994
30383
38775
14955
7699
42366
3446
33752
22020
19595
19451
5570
18930
13252
22740
16492
45622
25298
48052
29409
6862
20716
32252
23611
47805
2523
37504
26187
16327
31093
26890
14923
1089
45926
9186
11301
36770
42101
21281
5055
33162
21044
27919
31972
42227
12046
29816
32240
8352
46727
48115
26594
23361
23317
25336
5653
3096
9363
45232
14019
38099
49235
29399
8868
20529
22123
39493
13469
11913
26995
36727
18592
10092
49927
13767
39178
17773
37055
42959
19111
25594
21721
33289
16614
41582
36377
23631
19606
30632
42033
20837
28909
13788
26205
2007
27405
9283
49576
45690
7845
8665
1810
9172
36130
5565
32776
45959
46464
41824
48162
4036
34243
14251
15675
43478
17059
18932
38578
14051
19361
12588
25398
13389
19480
37328
27833
40521
43077
26956
25715
13354
44611
48842
7617
25570
8427
46981
45485
49856
1159
46922
572
17295
32438
30198
14772
26327
26143
31501
5224
7944
19426
5424
29227
4553
30042
29917
14040
48884
43742
38022
28737
30704
47185
34005
7829
15079
25539
12225
36214
18375
44551
13742
14956
48191
42891
45110
15896
9314
33254
29097
41189
43176
31957
5299
25284
23832
24538
31762
29810
30994
7161
9275
2357
16222
7465
24169
31318
311
6343
25765
38519
11148
35475
3048
36324
15928
6791
32679
38273
24014
6684
46478
3819
49133
15126
39916
44438
26059
4745
46688
28725
12686
7656
42
26809
11964
36607
822
11263
31803
49872
23161
2351
26992
9980
22683
24603
29845
44981
12124
17084
36707
4897
42032
10240
10071
37727
1293
29288
30798
7690
27530
4520
38637
35703
11293
42237
45474
38142
6762
9399
9354
31356
12995
43420
37721
40976
6765
47268
39594
39126
49216
9406
34094
15067
32082
32570
17297
48476
31399
14208
46898
33645
21944
34603
42621
5291
32799
27758
5854
23089
16068
46884
9962
48622
36363
19600
24258
21623
27767
6064
14163
13163
27134
3581
1211
48122
9460
28960
27014
37600
32248
17040
15760
28257
5795
29624
7399
30925
26194
11916
42508
34834
37366
43307
25532
40802
22266
37036
20903
1941
3917
36381
46566
12965
28311
16149
7572
44498
7773
41448
27156
32047
47636
34978
22955
21149
1366
20546
34450
24733
13865
7237
8597
7046
27883
17737
37234
24877
7078
29574
47120
40659
41177
46909
6135
19896
298
4384
9691
3890
44388
27119
2599
48907
4577
24967
18121
21243
48841
8657
49794
47532
10019
33718
3762
20212
36194
20728
48366
8942
2771
2961
36134
4270
30780
30206
896
2796
44052
36733
34263
36191
34451
20838
29822
30397
23258
40356
30627
44248
29752
16692
38356
1432
44441
23672
39511
23077
46987
49322
19973
14445
15401
42162
29739
17091
44110
38614
28607
28437
44826
17720
6972
35668
9032
21446
41658
15086
33526
4160
21115
35218
9880
22638
47067
48646
41121
42361
28199
20032
45378
17466
25595
40741
25255
42144
14571
11049
46807
21719
32550
46802
43428
18696
38259
7491
18514
22320
43102
32823
20935
29865
12912
1267
45223
25778
27386
7992
27121
18630
31418
32137
7597
13598
49658
25953
41014
48749
6967
6287
35074
6792
22285
7086
8053
17470
12557
2385
15637
33981
33602
37357
22296
22474
32372
27934
21835
48293
18733
16362
43188
42365
48276
12711
6943
31224
47477
11795
13795
20149
24106
19579
11544
615
35310
34207
21648
49074
15238
33650
23543
11621
20317
942
11366
26070
31831
13801
38629
39579
19671
11853
6146
5945
29567
15114
35460
13184
30668
12457
6714
22954
45702
24918
5557
12934
46638
34561
35912
13923
5133
37819
21743
17518
19620
10234
3631
2631
40439
23570
12384
34013
7816
9394
22302
27091
48037
4609
42027
8380
3537
18007
11137
1187
12091
47330
12318
23039
18309
48322
32677
12312
14231
38472
7471
25502
2082
34230
47057
36988
24308
1232
30664
49853
5400
24464
16917
17245
48970
17562
1590
4746
6687
16431
14817
45093
7585
18900
14979
6745
19189
33803
25639
30492
12300
46307
1603
30854
8593
4240
27717
32018
49519
8459
34939
39491
37302
1648
18345
18924
24348
4712
29103
41579
41052
16867
33663
26844
35107
42242
1848
7908
41484
39179
49159
32114
40440
44186
3707
12450
30858
49197
49981
5485
18029
39131
35740
25226
16931
30674
22397
3767
38175
10739
25704
27553
21089
45254
13666
38837
10545
6224
38955
2927
39421
36328
26799
49578
18174
45998
12435
2050
36818
9887
7826
35634
37872
12821
6122
12791
48861
44424
18776
16113
22727
44683
988
27982
14970
26733
17010
37464
7037
24926
27654
15348
48750
3878
6453
30839
7440
43862
47671
43872
27670
32928
18402
9204
15372
18386
10346
45595
4959
29057
11863
3122
47033
39824
33513
4589
21436
42768
41982
46496
47305
34867
11937
39035
40148
26135
20062
43145
29735
44814
18783
41290
35612
31239
45747
6569
23667
16765
5793
33259
27062
38937
11282
31349
15257
13773
37756
37513
1583
43083
8481
26296
24654
32204
31232
5286
36854
30924
34571
19327
11308
41618
968
3424
4601
37681
30880
3056
37496
6738
26908
38818
34192
49546
16080
37325
9781
41885
21700
11426
532
32620
23117
47453
1063
25057
32710
358
11356
18601
42894
40089
49464
32014
10522
15463
34112
28565
26710
42212
7669
40422
20926
24700
47218
45746
4506
14551
18839
25463
38927
47662
29899
44448
27960
17435
33319
41102
33178
14252
40112
10440
32595
35419
47779
42128
20152
30777
19692
17564
38243
21845
28738
20917
11858
44311
32067
17816
19832
1663
13451
41816
31300
31459
22136
19054
43515
40271
18616
42504
12301
9358
46100
39476
49213
2541
49098
45865
49474
681
36425
2439
21906
15374
28626
25898
32953
8504
17374
11449
31860
22018
2019
1860
21408
17126
21642
6302
43215
48812
43957
8403
43020
7240
49671
22177
14815
23478
4907
45275
31348
9908
9224
25560
5032
35571
44718
41562
12713
33022
47274
6295
5030
10689
33528
36746
42480
10893
21311
21203
16202
18901
9321
33031
44849
38549
35134
42861
21620
37320
46805
19729
5062
29038
21320
25947
5707
16676
29763
12278
40951
41783
5767
36743
236
38834
19648
45958
13731
1470
28268
25054
15608
30574
46765
29305
15634
34234
1311
13711
27234
27421
22699
3494
45431
16834
28474
269
4719
25220
20733
21066
22671
24893
22891
19420
19096
41774
19213
41249
7744
15810
46510
1726
22783
20312
6308
33122
18492
32696
11737
31562
40790
15967
18214
19269
42463
17533
5924
6471
4833
16534
45401
6923
21086
7680
14726
15945
46547
49321
30456
49775
27536
44175
10592
1652
8718
26451
31503
20268
27294
27317
38363
49620
38548
200
18038
40010
1759
26285
13291
9522
37638
234
15502
42914
6120
2955
7418
46630
30282
7045
12426
17277
1120
34850
25017
19477
25489
39529
33475
41906
44036
41856
8984
33631
20784
40401
16868
38671
40537
49403
18610
36609
3185
19792
47684
17127
20321
8769
36696
29457
16999
46483
45605
8996
18717
4086
5182
19989
12916
46197
12961
25858
13204
8749
27267
6285
14517
49644
26783
22770
32148
29879
29376
47877
43419
38711
258
25344
25478
21309
46613
11131
6963
418
12493
13762
6374
26544
8452
2662
3992
16932
47660
15733
36643
15853
21751
7939
14410
28785
37740
18941
38403
751
4282
9570
3170
8774
36627
45890
19689
36730
37426
2540
49795
14554
12598
21489
35075
27395
41036
35378
12976
45122
40244
33200
10486
36146
27015
20090
23642
3310
12142
10644
31188
13727
49048
39653
30467
14064
14606
17272
25561
22579
21358
30855
3874
17135
11926
9818
33551
24988
28952
38824
19654
38346
46830
28941
39635
44077
11360
32101
34058
38186
46676
31201
36833
49612
31992
30993
22861
18588
34066
14193
13722
47376
29687
30125
31298
30163
28188
33431
9376
18182
14347
43728
36805
33514
26860
21679
49257
35869
9146
11971
45943
46225
2846
34335
21827
43175
49540
17115
6143
47518
11119
13228
42781
45166
21449
31306
21221
10135
20450
7881
48566
11894
14077
24468
47053
38274
4714
23783
18942
43854
4133
43670
45225
379
27083
15278
21789
22085
894
9544
44168
9561
43438
24944
34653
44923
8705
25810
22935
34894
34654
5927
35401
43121
38116
8515
12002
19156
42036
7812
15043
17823
42754
9282
4426
6753
19578
1461
23465
18152
11843
48853
3079
6728
9653
14401
45468
40780
14350
26448
24579
20438
47158
45995
10945
7637
35155
415
45993
13662
14063
16463
2017
34342
23587
13744
46488
2211
25443
3703
33579
13159
21983
30041
44956
4667
6959
28423
45395
664
2974
42879
27507
27727
31226
15619
24746
7522
49696
46298
585
38697
4060
25450
9674
25047
48269
6822
32876
41753
15518
10098
41283
43424
31523
26831
33051
17998
20227
27858
49798
13292
47644
15541
7190
46886
8924
45894
1048
5358
44461
25129
17235
44429
40455
1723
34149
21509
38975
7159
28193
3941
6519
4323
27650
5467
32307
49004
17019
29394
23374
31302
22963
28782
37457
35603
16449
763
8337
41688
8399
9819
26151
25754
28069
35417
29552
24191
9088
4594
2037
2734
26579
48887
45240
30923
43975
45975
29315
12745
26934
4442
30305
28806
9871
23558
27603
26787
844
7430
45074
1658
4300
13814
8569
13466
8882
48345
46418
7112
43681
25859
23051
31223
44728
10081
18992
41076
41803
44617
15152
38474
40023
22142
23255
30636
31746
22902
14938
18452
12705
36742
44480
34920
33911
3200
17683
18801
9033
37817
35331
43859
47471
13212
7421
30139
25123
45893
10401
29429
23763
22374
37432
12906
27972
27469
23321
25596
23086
3427
48836
6655
12800
17593
34521
47539
41358
28513
37198
31458
46500
42778
27880
28642
48408
5180
44081
33342
16862
26277
40300
49360
49961
49713
40810
40002
9799
29733
44928
5482
15260
24262
30027
36853
33176
48618
9299
5282
5434
41209
47506
41467
28113
36411
19605
37687
9608
3639
13408
47137
32638
14491
8160
14535
35574
43505
13934
26326
21575
1139
5540
27186
28475
3247
46126
34394
43922
20447
8707
39468
40827
33266
19955
21306
22230
33958
38331
12978
2183
11467
27855
17779
46347
31351
6353
20366
47661
10164
31799
2134
17624
13276
20575
42587
5337
42691
3656
1552
14592
32662
2208
32286
18334
31772
7475
27471
21355
29861
43170
34533
23646
9732
34165
24264
6125
13656
36052
2758
2900
28901
48815
9978
40309
32481
49762
30296
1989
14099
15946
5619
27760
2015
2075
28636
49639
22169
19139
18357
35502
34944
42509
12708
27311
26667
23380
534
6052
42776
33021
40294
18742
11709
33796
44318
48528
21361
14497
6579
47579
24417
19029
8307
27661
12617
29709
13029
38774
18185
12152
16684
18104
4366
37489
26616
18408
38811
29734
24787
7897
17037
32144
17977
38417
27604
8477
1488
10559
46105
7082
25642
15666
35234
44378
18822
4654
12476
16613
24667
21422
12814
28529
27722
3268
4109
49202
26465
16360
21316
22541
30958
26550
27861
8917
14344
6432
5709
49179
44464
12932
19172
10575
14596
34551
27346
38495
12547
44860
19362
37467
30718
5146
10955
44047
31890
33398
33855
31131
34576
34351
47491
35522
24964
18044
49244
47022
5695
18912
11909
31956
37742
22912
486
16318
37769
42041
46308
9154
24243
27404
9230
45939
28894
16943
31880
13506
49182
22561
35919
11400
24966
14799
45341
10313
19313
36677
37032
22459
44789
43787
10066
22364
43944
17166
38546
34248
26257
3913
37637
29800
26292
30392
44939
40191
5371
33742
22187
3724
37322
37301
33029
36899
33006
14348
24298
31606
39175
7453
14076
45609
20037
8640
6025
38455
14389
43793
46356
36532
30680
10318
23962
18824
9240
45069
20669
26850
13463
39781
28298
20984
44325
19757
505
47947
8069
30529
11868
34689
20179
14091
22106
28357
29535
6790
3043
28599
30639
15939
34908
6742
41315
20955
46119
14101
41584
25740
29290
3851
8144
40811
21187
12463
29791
6402
22034
5053
44439
27714
14089
34804
48692
16036
47004
4921
2163
28938
9343
42016
10766
6138
17167
2038
47113
33351
1458
41401
31167
17259
31779
19037
29343
27845
27230
27857
21007
25680
13719
41113
21395
17057
26633
16215
45443
19933
24821
40492
28140
43436
17494
41671
28890
4755
1944
25973
35030
14187
40210
18374
16498
12751
6348
37780
32075
46097
18234
2542
6352
29337
14844
31416
4253
29411
2065
32694
1852
28978
19653
17100
40584
11878
32034
29065
16165
28779
22519
27618
35290
42722
43522
20522
35662
14776
37501
49592
25743
12920
28903
44841
44869
2156
31244
32218
14974
3099
14493
15633
14899
16358
16696
40673
30479
31415
31292
29465
3443
1917
38147
47341
41451
46114
24691
21514
24009
33264
11152
11146
27191
37761
16788
48893
13634
42800
27077
41908
32495
1323
8565
14929
6495
33483
33506
22919
40160
42140
33053
6997
46513
42665
3867
37203
47559
38985
31991
23888
14015
7775
45856
9125
13472
39278
41570
38454
13909
30314
15818
26026
44163
5125
27581
3800
16270
30843
18107
39735
4140
45948
35802
5142
15878
8080
22761
6106
38928
34288
32267
44899
19335
36216
2169
20896
45179
49906
28816
12552
21425
22874
42289
14438
40986
3212
45521
10973
12946
6485
42067
39788
18591
40321
16727
45544
7542
37361
27097
34059
28822
38862
29133
5758
32993
44637
38623
6623
25751
21915
6426
10865
13707
49824
15094
14544
24685
25693
28936
47266
15805
48109
20127
12107
465
12889
49138
3536
24470
17795
39935
32483
22186
31736
20019
34196
45846
26014
16985
26432
34366
49147
34545
19406
35190
48281
43812
42624
3761
4515
11466
35593
30481
40308
20864
21065
12176
3063
37932
1471
19816
17743
42247
13528
13401
34669
42701
36358
49001
3509
259
4638
18825
27787
4713
7362
7144
10423
12116
34382
19803
40594
16612
38107
32037
45488
40893
42147
41988
15053
15899
30953
37588
17474
1937
33784
28827
29571
45377
3307
45811
18720
18505
9758
2987
25725
31279
38234
22769
24089
28354
33712
12535
20005
37388
45705
12575
37406
19706
28289
23927
19237
23066
19066
8622
47556
1142
27407
23035
17896
47488
39967
28879
27700
26103
41200
3399
27886
35818
2423
8279
44838
13936
14444
20746
3868
45097
39794
43011
17343
47052
21662
20952
14603
33912
43312
2143
9349
39043
30403
41773
18481
18003
3285
30745
9115
5006
27178
45368
43989
48790
3599
19108
9015
46833
35733
11163
8486
6149
14865
4453
8255
30638
33278
47162
13668
12648
22091
562
11857
49377
24045
2171
18444
3499
49731
47237
39136
25430
15395
49219
9124
26266
19106
19397
24705
39025
25844
46920
21505
36949
26156
14989
27108
10431
2729
23728
5956
13115
46747
43932
16433
25392
27491
38367
41109
10742
38402
46368
48491
5360
40005
4119
5957
38980
40132
23275
20225
1431
24039
47074
19662
23568
15377
43559
45520
48319
30098
20347
5067
26252
49136
14686
39991
29600
26367
41724
32866
49544
31680
12790
8447
5796
24901
11489
44313
36466
25910
45617
1684
44536
5076
37736
16926
5519
22652
46163
12948
6126
15851
38723
8613
11375
33246
39518
39149
18744
10121
49924
38958
88
2464
40876
10183
42943
9130
18785
6478
32066
32177
5931
49231
16482
2581
47210
120
16944
49052
26720
4699
1
4500
26626
41184
20767
9609
20658
21275
33537
27281
46839
547
41807
20938
43773
46969
41894
21253
24690
37549
16826
22326
29793
11319
25243
47795
1430
8389
28949
41802
32976
29284
31341
48825
28156
17913
5651
27252
15738
31504
1816
41574
16589
2282
25669
44922
41395
7391
21690
29296
11816
41269
4632
25787
2711
35699
45559
12161
13669
4346
19721
31007
22616
39756
17213
32424
5500
30644
21262
38867
9408
21565
13963
22099
40472
23636
22606
27878
26484
34822
47919
39092
34367
13574
34352
12037
41503
21741
40101
8025
41788
18500
48697
44240
31884
35120
37806
19253
12455
702
26467
5265
35585
9305
7127
38510
16107
41515
19948
46944
43193
46124
29340
31955
22265
30043
39917
15870
19878
15900
5243
33819
37615
23254
35491
9324
11604
47012
41070
33210
15034
41412
26485
5375
40098
3945
29870
5881
41125
28945
14404
33714
46074
27963
23745
3515
37971
28327
30502
17942
39552
33340
49614
46104
11665
32980
12831
44625
8611
10213
39187
45549
8726
2024
17054
42514
34155
2949
4191
44743
19945
1396
47048
31656
49627
27918
19194
42726
48533
7742
4659
45095
31099
31445
36499
23417
46219
21267
19518
330
27966
48617
18095
31998
49730
49887
6264
43919
44478
44167
4618
25692
31747
10518
2178
10173
49859
859
21049
20401
18917
49011
4157
9903
8296
6683
46943
48015
7272
15669
8949
14933
18633
27660
31135
46238
40989
22657
20543
20977
10707
13360
49616
41164
28035
47279
5443
31238
29989
3596
39524
24505
12498
46481
31035
13246
627
47245
18459
25634
43983
48583
14247
10721
25007
32425
20144
4507
29927
7865
7165
15587
37803
13998
14752
1326
40423
45538
21659
48814
8238
20760
39186
9106
4288
34507
214
13002
23428
46533
35249
36283
24003
5997
20419
24387
8239
38838
4665
4995
33745
46067
37064
37680
5169
45304
13188
15021
44912
3680
49072
36380
37028
42066
20313
29859
28807
36863
29410
17847
47594
24410
31932
40302
24760
46435
41265
45543
12418
11661
15931
5708
29629
12856
20828
41424
32924
12344
38663
40694
21052
49998
19849
34779
3812
12878
5547
8776
39339
46370
35884
20244
3277
17120
47812
12143
8396
15438
14213
5682
41485
28694
23892
7903
30037
29064
41749
1957
34421
26502
32251
28691
32056
32107
17968
5541
46799
8715
36841
19895
4019
28742
33518
32658
23863
11456
15024
47203
48734
14415
10562
14485
41138
4773
46250
33963
1849
48488
41676
27595
45249
13873
4276
5637
37237
14856
12262
9210
21625
10964
21329
13725
16935
32112
43879
24999
430
32433
36852
17241
29796
48300
27276
363
14174
31237
18235
36032
13198
30973
39251
41841
6850
745
37090
1406
44061
30173
36170
25714
39237
44330
38522
21246
36941
20724
27226
33237
15871
38717
32582
33971
16388
4547
44753
8859
32141
1696
10144
49369
48921
21291
1980
20627
47886
5658
38753
32899
35006
11
40613
25001
9951
16264
6664
35111
1952
14205
39894
17160
14812
13476
34795
7136
47774
29717
18383
9007
18156
40601
41656
16370
19840
35780
17517
30278
31543
35517
39484
12646
35857
17191
48531
27168
40715
7449
26461
21631
31262
11030
47864
41423
15650
28685
1681
6386
25090
16962
39860
38128
24259
32387
36468
28430
11674
19647
40391
20330
28243
14069
49835
37745
21773
49640
41931
5038
30606
32741
14609
47258
6404
39034
24686
39003
41445
45916
4258
41046
32647
23018
10953
20399
30689
22111
14995
46058
11794
49461
18080
41192
28714
39293
3949
34487
27457
32135
23552
38690
4793
8137
6964
29291
31205
5075
34241
27863
33658
27830
34524
36023
16454
33737
26167
14376
33879
10785
48522
4981
17565
25500
39553
6373
18685
20375
17956
43390
44708
13435
7385
33698
119
32428
20380
23184
4568
42410
16342
8109
24560
33754
32176
22239
45008
4645
29716
39481
11016
41454
16535
29712
48824
45099
34297
9132
31051
38923
39920
34842
41450
314
25000
17461
16011
15316
24664
22268
21155
44367
14947
5269
29434
36100
18771
9342
8533
32371
44282
40864
12427
46705
5506
8472
48359
18896
44056
35606
4174
24434
18578
36797
26043
43815
23060
20657
26625
4061
43837
46523
48394
29328
23323
21820
104
6532
8573
21916
16615
18637
25960
48375
9134
22343
10574
33933
44975
21607
27546
49920
48388
48189
47773
43724
6968
12807
3134
6618
13095
18361
47675
34393
227
44756
12449
1221
39772
20547
48571
2779
2338
23325
15758
14736
13086
33380
27363
45178
12196
15452
11226
44204
48438
6428
5275
41170
48125
47134
16298
26104
49825
43803
10133
22010
40719
13621
10795
10293
18102
33094
5403
17187
2455
14490
47423
33693
29651
14011
39423
32291
21604
2327
39078
8237
3751
38165
7998
36817
26835
15052
36901
3645
45682
33427
24159
6319
29692
6424
12518
19120
30318
34409
40161
2543
30424
42355
3092
35710
31257
9907
47737
15311
43913
46978
45863
13783
44641
12707
9441
3472
45252
28105
42294
40034
40127
36155
17573
26851
13660
48580
42602
1130
16439
8479
1521
8548
26063
36139
29050
38486
29645
42586
11542
12395
22385
17381
17634
39380
36933
46281
31840
7569
1571
26405
2857
24074
12016
13233
6570
13765
40406
8503
34732
44304
19787
13196
9351
44957
7315
41035
34544
31572
3322
6071
19166
27399
48588
19271
31254
6307
41281
5620
45942
30267
25543
12417
7521
30216
29454
1572
7057
30828
44839
22225
23633
1054
15827
5921
2567
6617
29071
5429
43096
39724
35433
43832
42821
24432
42335
22163
15708
47379
29780
29591
16332
44166
44706
38916
40950
17750
48454
36711
7023
7061
34700
16606
31089
24025
38037
12490
8893
20705
49421
11733
13321
23712
20581
9634
9051
23285
9882
33812
35150
3811
32478
28029
45349
21263
18449
34495
23879
38744
38465
11864
21903
41111
11391
20252
14125
38617
11382
5173
28112
20911
40225
35361
3069
41335
8031
9874
25292
25099
48091
19670
45878
20951
49982
19060
21250
34616
7874
40597
19337
10760
13099
19788
45757
48441
7824
35238
34739
7043
44224
31987
26030
20975
45599
16690
43274
25024
48049
49788
47690
13918
28521
28125
32022
2354
25977
38450
29372
35235
13231
27476
21692
4015
6568
10626
40470
11097
6654
42571
39678
30623
44235
23326
21611
2578
40267
44526
22065
23935
12925
31905
19033
32162
45711
13377
45593
40543
32116
44035
19257
44231
39000
17387
11133
46724
17772
11605
15511
28869
43639
49651
37363
2224
3752
22759
45
30050
29442
14991
38393
25732
43026
12844
15035
41932
33132
19430
15723
22558
39374
27641
28948
8610
37577
6616
27839
22888
32185
276
43079
33104
14253
48415
35446
22927
24207
617
22368
17672
47291
25400
18390
17330
10727
19669
30028
3839
30419
5680
40789
14848
38013
17993
24167
27046
11176
29750
35468
28942
27398
7761
25825
48577
10939
8122
32525
37683
33704
44054
11459
25940
25111
32860
17012
23364
35354
20831
46407
11613
10923
20162
33848
20591
15136
16957
17934
45760
24648
765
21984
20467
6989
2427
15207
13431
7640
24271
26990
11036
39641
43520
25931
40175
48602
49506
18789
35755
41157
18615
21760
37120
42518
9476
29740
47283
43801
49109
19072
21294
49045
12322
46895
29459
41699
7607
36056
31008
23031
37097
29461
22454
46357
48346
49869
21201
14031
30055
40467
44458
29563
26462
24076
11270
1012
6283
16515
9471
30538
10642
29857
23886
38757
8024
15935
40740
25711
18272
6830
28302
45253
39548
28585
36050
7388
24534
36726
27255
23372
24284
12868
8861
33016
25194
15255
33805
1637
7343
33387
5213
8320
19992
16555
11727
37927
38070
44626
13363
19838
20887
19960
47272
23227
29935
46685
35667
5970
10839
7451
4353
31432
32939
30685
21068
6078
44073
34384
16902
15351
49720
5954
7121
18033
41064
7328
39401
8361
27885
46712
38518
25588
26265
36373
31980
13906
15770
34473
12240
19779
2257
34745
38506
5079
27809
16397
26914
17794
46887
7109
31118
23007
27176
14800
7689
5013
12228
45505
37266
4013
26889
28983
15952
48398
28682
28392
18239
33196
43869
46707
37528
4446
1220
47103
19425
21511
22228
42229
18382
11024
9840
38526
49087
45627
32852
5748
7085
16294
38359
15844
39912
38328
29597
46563
44654
977
26216
49643
6734
17630
44506
28087
15599
23843
21417
11454
33769
43982
37986
39947
10605
20753
27052
13373
29128
31920
33293
33042
26856
16363
9991
40550
37476
29801
9611
1277
47835
34570
34838
49152
39320
43539
27666
35490
1795
49836
37754
47874
48433
43534
3891
4440
7416
5492
24757
40717
34233
32028
738
16504
11494
31346
39212
5554
43411
6256
10531
3020
13693
45762
5571
12667
13987
38920
43227
11013
19914
41374
445
31175
49476
24942
17886
49913
31726
38654
10383
38410
42977
23452
4263
12338
136
38256
23142
40452
29547
3911
14007
395
11468
16711
13753
24927
39673
29551
18008
49186
15172
19164
9813
49385
32274
5219
41082
8131
49537
21351
29820
21948
32405
34064
12109
5706
46367
4672
8578
38842
16978
33517
27723
16705
37708
41158
2046
28295
8298
30240
31505
40278
15000
35658
21663
34405
22246
28254
35283
10566
4531
8524
4737
31668
48511
1675
9231
12032
24925
42513
17452
23347
11948
44659
32126
30518
18170
37281
26511
34680
43662
19593
47405
46214
43088
9793
24324
47568
35496
48370
48688
9094
13893
46487
44253
49657
47238
47356
46125
31547
4227
12169
25199
49082
35367
25196
25142
1739
32763
2891
24344
7579
46888
25817
19342
5409
24419
47748
23757
29371
41869
24562
7018
41555
25475
43132
43464
30447
36441
28733
16483
1655
38691
9943
145
10422
35076
38340
13093
23324
43761
14769
45972
41875
34918
26782
31526
31952
21720
40908
11331
47580
37413
14998
12364
8553
4989
5693
13676
31207
39885
38091
30903
25448
44007
5316
13537
28603
19814
18072
11446
41929
9242
19601
2862
44809
1434
44491
1633
39495
3178
13308
40650
5894
39076
219
3523
13464
38094
38494
39844
37751
10054
38721
15399
46280
30238
7218
20010
30736
16889
32092
13974
5042
46183
33703
1425
1034
41601
33674
9586
13714
20221
45709
42619
7646
16257
2889
7179
45193
38953
35260
38271
1956
9446
12896
48362
15131
23423
35313
1081
44655
43659
2429
45642
43354
27704
26458
17088
32309
36010
41475
14512
36637
38932
38390
38101
20022
49252
18229
39502
27094
3770
19421
37415
26565
21711
6851
21920
48657
45194
14110
43360
19636
7072
42520
592
4953
30868
48199
21991
19109
31180
8706
8224
27481
45426
36527
13529
31698
10078
48875
9610
10041
49273
25335
26811
31182
39732
7822
37821
1737
17041
10267
779
21081
26054
49914
32824
3824
47681
38330
22174
4481
45152
27203
7089
34694
27647
32088
36291
22961
3610
8575
34459
2202
33532
36788
7036
48637
40170
26898
37346
8027
27005
21121
10625
33516
27080
24370
44425
17835
44321
861
47624
38908
24681
21892
40257
2640
32293
22805
13777
25971
41204
29363
391
37653
19341
18169
6410
21658
42752
29377
19293
34441
34364
39627
37437
38207
10654
18762
20610
19196
12802
18676
24303
43656
11116
27210
47896
14313
7854
2557
45592
22725
17723
26396
5568
24369
34864
37548
2379
47710
28519
21101
39500
16099
41798
13072
32316
38660
45611
38754
44266
20752
790
2912
41239
6873
4377
12181
24277
22628
10888
6027
29152
40091
20002
34744
38355
987
34985
11817
233
48309
37155
10362
4464
36306
16938
38272
11808
24309
36399
37650
19088
10496
38974
22763
18326
11575
12177
34167
16045
21651
11758
17425
34709
45490
47487
17068
15546
44041
40238
20216
42206
25691
14724
42305
1752
12284
49194
49766
23614
11813
40366
28915
47481
2204
23056
21577
19656
11134
42675
32335
10931
34216
15133
5667
39956
46329
48857
20672
29657
43447
26152
37246
18319
27599
22341
45248
29640
31319
8839
34914
1856
5730
10231
13815
40907
7104
14107
18371
417
12135
1319
23959
45422
44443
48206
26013
35686
28123
45009
31782
37791
3206
100
33253
527
38357
21997
49264
3258
13250
19103
2084
30140
13994
38235
16770
11488
45308
33193
6875
45499
20325
40517
28615
17859
4199
49852
6524
22798
30616
45027
36617
49310
21012
38382
1686
18880
2023
7010
43971
2700
49855
23028
36476
41044
3579
42197
34701
16287
10517
16336
6326
11759
17150
20698
25174
2500
19372
22938
3511
342
20681
12526
1207
7884
8793
10920
23123
12574
5814
36721
5846
13055
24021
22731
41912
15510
49652
24651
16359
32409
20819
15213
10534
18384
46391
6811
16783
26254
25783
3725
16142
39208
19775
42850
18979
16187
35887
16838
31652
22224
1639
28855
12261
44934
19393
9126
42407
47659
19163
42118
1775
10578
4701
26745
42555
32514
448
4343
35191
22826
26521
3151
28554
3882
5085
22455
45267
28103
9390
37863
15275
25393
11437
30856
20970
40268
44289
45667
46426
24019
20390
34780
30800
31266
8999
39415
25163
2079
34294
26365
17895
39723
6515
1927
43332
7319
3455
3050
29573
3716
28504
40787
33135
12988
28016
20846
39055
21687
9266
9277
35635
32957
32256
48253
35841
6922
27580
7519
49161
27116
34392
33382
1632
35099
7225
3054
10526
29918
38418
26052
37659
26251
720
39684
24639
29782
18589
7980
3676
23654
15542
30792
38755
4760
3032
21747
28421
25822
32259
8050
46521
8390
14975
25205
16912
42389
15234
35817
22745
2111
48759
34584
37830
35757
45127
29332
29404
36110
17915
380
3225
28404
990
27356
23604
4483
33217
14304
3421
2878
10883
16958
6817
34041
19462
36561
22012
11004
13764
19680
41641
14094
32715
25687
43071
18634
38100
6598
13165
18931
7714
8269
22191
33936
22271
38127
12927
17971
46143
32012
24758
38680
47550
8379
13832
7605
27174
1987
47980
15490
41689
17264
3798
4942
12166
35873
37023
29102
28796
7246
43553
47142
47464
22814
17555
33593
42052
37469
35213
37546
15700
28950
17797
1871
27136
11683
42725
46828
29448
18636
36503
46842
38810
27173
33301
42962
37591
6323
15296
798
5088
30885
14526
20526
33607
10009
34444
4324
18891
35859
19823
14418
24640
42046
31767
22125
9486
35813
25526
45931
37121
19495
13113
13563
15105
48969
44671
47371
41568
21039
13386
44172
20632
31309
27989
44148
7140
48902
30415
39113
6872
14545
33392
14167
31912
42296
41730
8289
42956
40664
49754
12200
19652
40586
11980
44451
5711
35637
11839
22667
32046
2203
28824
16276
34389
30845
19150
39720
15796
30842
36738
15497
35403
35001
12050
9651
34157
680
15084
4330
11460
43142
24567
44500
22618
5817
48856
30688
42133
32809
13038
18431
9809
47302
36470
48527
10202
27504
41354
45372
19046
35990
20159
24179
31728
16441
5215
29602
1216
30459
11342
49549
40369
23359
44385
38361
2793
15969
35986
32311
8711
46786
1143
37376
30765
7069
42697
11476
42076
2993
6629
5165
4479
33694
45425
7348
1854
24582
27557
35646
43187
4818
29976
47875
14720
2436
31544
34518
14293
28975
24550
23922
38530
24049
49556
49422
32435
6929
3444
49384
34660
45483
8029
36423
15141
16430
19663
46130
40041
48632
3886
6698
37544
46838
48716
36894
45699
39138
32770
1881
3778
1285
9618
4616
16708
13949
34438
10474
27326
42030
26019
46574
46640
26057
44711
7339
4972
10798
1230
11419
13980
17423
4335
42875
16820
5346
8167
2042
18085
36577
49501
32979
38124
31611
48823
40930
8889
46718
35876
14672
34085
5615
5721
5821
27865
36771
48107
35159
6184
44948
38951
33443
17943
41745
28473
38722
49453
25805
436
16275
10573
16288
15985
41752
46451
22836
43675
22850
17038
21383
2684
11899
19626
31209
41667
44700
11968
281
13147
18602
3113
28858
46530
42920
12879
15323
15640
46
44223
40256
28659
268
4622
44264
30367
11081
34682
14478
3338
2915
3179
33106
4307
22236
30112
26131
29382
45419
44780
7564
31277
30659
34785
43536
6102
18401
38029
1926
19263
29094
40809
22280
31654
22055
34923
7445
24606
33233
14429
32816
43719
10495
38305
23245
43789
9123
33143
22452
47297
21594
44575
30388
5546
31777
43378
12888
29762
42230
18918
26041
9612
43999
22603
10701
31364
4098
47362
13293
46894
6713
33025
18511
29771
8845
32905
49572
28535
37107
45466
18448
7452
42985
16023
47654
28506
35735
39763
42810
47484
34166
36414
211
6105
28501
19564
15005
21249
28400
3896
47064
49935
24094
24402
21452
6847
46498
6375
21487
32909
16533
43487
26383
18968
7066
40053
21319
3755
32220
27355
10514
40144
35168
48172
13845
5528
17804
20976
32926
9040
45615
9169
35542
36382
31569
20573
16628
18372
36980
2018
6329
37775
27105
43771
13474
41478
36273
48431
15118
425
38529
24708
2076
3148
22626
45771
17071
8422
25981
32367
34430
16051
23382
3701
44547
41305
16528
14455
14735
2340
14411
43352
33462
37965
24602
34665
32270
18273
15986
49046
35017
2695
24828
38014
30937
42964
18360
9928
19288
2104
48298
29653
3088
14219
34069
41025
7630
18154
26233
35486
25833
33923
15398
26040
19709
44228
33445
12718
11204
34190
17197
37208
43707
44969
44556
37054
27741
39417
29414
23376
22244
10298
3860
45847
12334
13173
21737
7346
19343
8290
7687
40744
4285
5635
43841
45298
30582
5663
48418
12971
45128
33345
47689
43437
28285
41059
37792
30501
19828
29978
45512
34638
44546
21300
38693
1364
40506
22894
28991
48267
39347
19553
6266
42434
24522
31023
35415
24645
44623
7541
16442
60
26843
35672
29314
22876
5911
6445
40246
10859
11900
24409
13223
2035
37539
2962
2676
38492
48020
6257
35219
43237
9515
5617
32868
17428
43940
33916
3834
34728
45514
19173
33919
39965
42288
7600
1995
2642
48791
44980
49894
35579
27958
32490
13677
43164
4961
22411
28592
18767
40006
21952
32629
13754
40131
22528
24317
36514
28363
21411
41479
6314
42704
11012
23595
41520
33568
27655
2950
49448
30253
34961
6650
14584
6693
45428
21609
33455
33424
9304
34550
40133
25267
26500
40363
39156
1757
18166
47461
2115
47072
10678
35291
35382
16478
134
23795
15396
8764
4772
43699
49283
29009
18766
4317
31669
11207
26137
7566
17709
6420
3294
39867
5431
41903
4211
12057
39940
25631
43819
29179
39344
23025
468
43988
19651
30344
12734
38090
48671
20486
887
19818
18115
32471
27742
6513
44942
18265
17085
41480
6936
37640
21694
35768
2699
10152
39265
30515
49826
26810
13499
35673
48426
7331
6795
36678
16237
15499
48085
33457
44673
29327
30513
14422
29610
47784
26223
12149
31322
8085
34626
14189
14873
10253
16757
6359
8094
49966
29085
31871
25401
28360
17043
21504
44005
43661
23876
31584
31272
6642
48740
32443
35019
42853
45700
25591
28143
8034
8086
14290
10000
28696
49595
4991
32275
37990
7403
16709
40996
20263
30093
38973
43652
36475
8046
18927
28788
28145
19
11174
23445
49247
36400
42026
10879
46295
17937
37470
24073
33808
5844
47010
34354
22678
33870
41461
49545
21538
19843
44156
38221
22692
12614
24172
31811
25166
27962
40060
45686
29501
2406
41216
33508
19529
41492
17813
40536
45712
39891
11534
44417
13798
32406
17311
3256
5303
36301
46326
38019
13405
18053
34187
31585
21481
37802
4975
19045
21482
49060
37038
12957
10567
27253
8101
631
21702
33316
37922
11256
45895
25907
33335
11627
22986
4334
9187
44997
24165
9037
4792
46773
23340
15169
31130
22550
10691
24557
23919
10363
1801
12760
30631
3402
12408
41338
19411
3291
19021
20740
13297
30572
46313
42174
17865
11938
14630
45869
22712
45531
7487
39434
1202
9104
1390
39180
36904
44919
49013
35880
25253
1075
23656
8876
30113
16396
12407
29312
47150
17275
19886
47781
25880
29500
12776
10107
2497
6878
10671
4084
10563
35340
39539
36238
17111
21585
30692
6591
47865
12859
24636
26197
38218
32083
37814
4851
13496
26008
42638
44818
4331
49075
49789
25330
26599
16953
48446
15093
35916
29200
27403
16700
7661
10853
18079
28537
44226
34082
7422
41663
23233
4492
37673
17194
23113
26247
39717
49262
14522
20502
28178
33538
24473
45423
8702
17519
14654
44987
6689
23565
41853
38398
4
8022
48051
7231
2780
22260
20897
17504
27517
14496
6956
22079
45566
32603
38822
28505
31719
1273
30504
34560
11925
45222
33469
39989
11251
40767
11199
47178
569
14144
11417
25675
10218
11991
17791
28597
33715
44890
43600
9042
113
30350
24137
37174
30099
34139
40851
23524
23274
28064
38423
11720
1794
14919
26032
20141
43392
6809
31406
5362
26988
28191
19373
22920
9711
20695
8375
43185
23753
15734
4695
39432
7287
9960
3004
1132
5683
41827
12330
1945
5207
43110
15042
31845
35978
32363
49397
28632
16581
4396
30057
49119
26660
30354
39778
32021
41385
28633
46903
48367
26768
63
10711
10669
4044
15787
46269
131
37151
3505
12726
15730
9410
11583
385
34022
34857
45603
1056
21074
8206
25708
14289
4861
4736
8176
7517
17706
4075
11559
4799
10291
44972
47184
7772
29318
23469
28709
29299
14482
29136
7281
44380
42814
31233
29426
20758
36700
35988
10365
44192
18125
32515
7111
10480
42280
13892
7302
27561
36312
8810
1778
28761
15752
270
34815
12
3314
22058
23137
42784
14431
20816
4022
26038
24794
31703
1060
27008
42387
3106
20674
12644
3848
15204
26004
42710
36798
6324
28416
2544
30286
19254
42662
7433
5545
47882
7338
48968
9780
46248
29109
22585
1464
39254
43248
37414
24026
27867
42435
3721
18142
40532
33035
23412
43156
45719
13613
49047
13194
2484
4027
13393
10890
12980
10284
26229
33673
8213
49821
9260
47520
32062
9449
21393
33113
49570
24537
40928
31189
35853
10311
49552
16851
19260
28049
47418
41593
41370
48536
33409
31898
10554
4248
1662
47778
25626
18137
2568
42841
36231
27849
16808
24824
39645
25912
30962
20832
928
22619
18694
23679
30231
35702
24826
42113
11891
16246
30489
39677
9627
8648
42161
31996
25193
35454
47326
19613
8794
42997
34897
4244
2521
7844
8910
13385
19882
24182
31553
41961
10310
44815
39331
29190
15639
5967
44139
6843
18133
30675
33837
28313
11425
30626
1585
37481
26929
7614
24341
36042
24815
49394
36812
43593
1971
38594
9425
27073
48843
8989
47602
12260
4223
27818
21995
26723
48610
33964
43374
35334
31576
29924
8815
27663
23438
7719
33096
42482
29911
22875
24077
13542
38599
17622
952
18292
46517
4850
40710
20643
9888
12692
45714
11723
30945
15464
6150
40595
43223
24805
5802
9599
30091
24104
25674
24092
22038
12837
30214
6028
31771
42919
26547
40556
32500
48971
7118
21755
47343
29142
22929
3585
45684
6483
29311
38111
33228
23978
26600
43933
32790
14550
30921
21227
6190
2547
23078
8590
38829
5644
1162
2280
4385
47068
10930
13971
47566
18708
37573
47146
45624
30081
45879
36320
42372
27562
19017
6996
29224
46592
39961
40937
27512
30559
42356
38489
28168
6565
29435
34720
49574
8015
692
34874
14900
36375
14143
25670
23918
28004
13406
34536
1380
3625
29869
13142
21912
14583
26767
5575
18655
16896
16334
38720
39520
44782
49146
29191
9225
29370
30888
48059
36083
34622
16219
41721
4642
40468
13119
49352
42823
22021
1426
28759
45144
42796
19906
12360
28907
45825
25153
33285
9860
20492
10500
18651
49525
3396
37127
1514
6383
13465
31601
8772
5938
22975
36098
1976
7181
74
22939
44563
31473
44243
23605
29608
13265
32921
37188
25785
36105
22194
28536
45834
27884
41531
17267
37270
18598
41597
9389
42845
24451
21003
42008
18320
38860
1767
26474
44613
49958
26515
22406
24960
27006
7677
39806
18224
37839
12093
45239
27050
6259
18314
27500
25909
41155
32285
37245
11162
33539
40172
34070
49220
11546
35141
5315
24293
44142
21429
41008
10485
15891
3920
45462
18164
11540
33549
35157
1305
36603
14460
14534
8740
13467
44415
11890
43915
33452
2767
31124
49964
6114
21403
40465
27891
49606
22306
22621
48067
13577
38871
31875
7274
18950
7523
6372
5614
26837
14562
22487
41163
31256
32196
44108
13942
45235
6356
10822
32998
2274
20785
29738
47486
37973
15288
8236
11333
14380
46042
21786
13092
23727
2981
14894
35957
37146
5186
21133
622
26141
43969
37864
5227
10696
38562
44843
48131
40204
42674
10647
15743
13796
48006
27633
29668
28229
34046
32085
31407
2398
18760
41262
40954
27702
28988
39295
21122
25485
35069
34900
35931
19157
3922
21703
35709
40071
10546
12331
2479
26270
33533
25575
9447
4709
25369
10447
7296
35058
28514
13175
48127
24879
48573
20797
48744
350
32156
25617
30909
29696
32885
11591
18977
20351
18041
3059
14078
28564
317
25585
42937
45198
4923
26538
24869
42700
40738
13060
47298
24241
9286
40063
33822
16894
20495
20812
47013
27042
31245
27601
2431
36039
24296
44333
9624
3259
49562
31053
29139
43040
12869
14896
25367
18962
30324
30757
29605
10659
8336
44662
17801
44772
4301
36581
37158
11841
9844
41858
41149
7141
16368
37934
5668
24458
48387
10265
2055
4462
49332
12447
43943
3082
28089
20083
21377
35570
17924
7942
38115
36877
22966
38370
20744
8349
13484
3182
8262
12420
29479
46149
44750
35622
33648
16291
25963
34010
9805
760
9308
44194
24499
19180
4971
43532
40097
43194
39363
46421
25610
22679
6239
14691
22948
33120
31047
47414
11037
3594
27969
39589
4010
35838
40637
36906
22715
37132
46266
34715
27181
21704
43435
31792
39327
8614
35315
40329
34126
38125
47489
24430
3697
37421
31763
7292
3566
4209
13106
12730
20042
7326
2448
49475
5685
38831
31570
4945
46936
37063
15012
37247
42059
25277
30175
36412
20415
27277
15508
15651
12275
45907
444
37982
27738
46001
7489
21695
12853
37524
12968
30911
18425
20528
31068
23676
44040
24254
39002
36972
28187
41789
42412
12044
1745
94
26083
32448
44679
34026
49163
13682
3859
11631
41226
34946
44863
41462
7610
31372
1217
35712
396
27489
46403
20481
27879
15295
22870
40341
28150
46606
48002
41120
23356
45657
25386
13877
11676
17159
42952
8915
7054
36322
1140
44915
43700
47618
45629
12763
18090
49831
31964
25923
20630
36710
9452
3520
11654
29280
10448
23212
13130
29844
32385
32029
5704
14668
44823
20184
18270
13005
34481
23249
32355
41642
25127
33894
21206
8963
28655
36523
13294
44522
33303
20504
5850
24068
47214
4652
22439
26948
22075
24834
42737
27729
36737
1831
45743
25621
28768
36963
42921
37597
5345
22546
29292
36057
2574
49104
39330
11071
1834
10477
28765
34967
20803
44581
2835
22000
15535
7479
27111
45191
32793
39829
31849
20061
28181
30714
525
170
34971
35639
18731
36506
17448
19463
3237
39959
43594
43180
30710
35632
40519
10982
33701
17349
7462
30328
30439
24004
9865
33657
20256
2199
10042
3483
4633
31376
9417
43533
32496
39793
8958
36290
43339
3479
6614
10369
23126
16669
8969
37089
20289
31083
29078
42340
34788
17271
40686
23609
38808
5335
25689
14648
18714
10536
24058
14521
41330
28309
49608
17149
28669
42409
46579
41375
2268
15647
31613
23859
39853
44300
32454
1487
7999
32437
6263
34662
31696
20565
37887
17660
13288
15379
16805
30358
21576
1495
195
39587
22211
11432
14903
20346
36538
13935
48830
30956
49107
10051
27503
33890
25781
16729
37014
30323
9563
18856
13000
6116
39391
15569
143
12601
21341
13884
17177
2943
10633
36942
28378
689
35511
23190
39305
7555
29509
9121
9741
41350
31050
14513
15313
45342
26806
30287
17949
5864
32230
12283
6635
18192
21356
8385
16704
38507
16665
10123
10658
39215
14847
26123
35582
46078
40750
1163
15636
11178
28801
17362
4853
19402
15922
48117
19630
44734
7279
6908
39454
28336
17026
26345
49939
9557
21199
46793
6021
1097
24825
25664
31885
31694
15602
40032
9229
26290
43163
3442
9552
31925
8264
40180
24697
3064
47724
12520
316
3360
6758
34415
24186
5241
19668
1347
14322
3837
9914
47936
10487
25124
18295
46358
46667
42107
2731
44717
18899
15983
24142
15751
20703
32972
18190
25215
36725
13048
20301
40725
32044
42494
44038
49170
42859
35280
46076
21016
37113
21653
39311
5255
9934
39247
36556
9466
41282
45112
20741
28871
1416
38544
45447
27579
42286
8641
11835
48361
2345
5968
27028
1178
37313
44103
23015
17039
36347
41843
46077
33504
6903
45740
5907
36245
42666
13806
12486
40024
14666
33101
36297
25657
39899
13443
30413
28549
23312
30647
17945
2401
11386
48756
49656
41629
29230
2527
36117
49747
24512
2368
17034
8067
41077
38940
6111
40405
49470
4552
47083
26450
33863
12179
20182
14397
15134
23955
25928
10881
40025
47751
42316
36560
22264
36267
2407
29599
34480
49343
5458
35870
45229
6286
37785
22633
6292
27597
12350
45233
7825
13582
40652
43573
39608
16328
21461
25060
31829
5983
27143
46577
14500
49489
511
36674
35121
10064
46863
837
1310
45218
1575
7586
4886
18199
25151
38696
42971
1642
46708
4880
20241
6092
23789
38729
10886
6268
27859
1777
934
20350
24391
44068
33687
13366
17306
37118
36602
17379
33159
41804
35650
11063
3773
32995
37928
29445
31398
2749
21793
11334
41693
814
40688
3187
5823
44511
47899
96
47407
6144
2826
16194
24633
21046
40303
1345
14070
29044
19317
29922
37189
33636
35923
25234
18975
32588
1077
29132
45796
16299
8870
44738
47775
24920
6157
41372
19869
19634
47133
20035
45924
25084
18269
49359
32250
1095
17003
48508
48389
9986
1665
33914
33581
33470
920
42123
15430
35392
24060
19472
42627
31824
38283
42292
11830
5522
7990
39285
34620
3248
7324
10349
10687
18913
32841
18289
5112
19364
49193
31285
20112
43368
1270
38621
22972
37071
35083
31793
39929
23996
9244
37894
5535
7627
29809
7940
30691
45508
9420
34526
27799
15154
5089
2704
11935
8724
45744
34687
48254
13720
30196
14157
27693
6484
29379
5860
6132
25761
45454
7535
17359
46204
16736
33458
27016
31759
43959
13181
23928
37596
44644
38470
36851
18123
18298
32187
36718
4928
43456
1222
37980
23395
41225
3238
37944
42226
47536
38949
36361
31786
36334
25952
40273
46692
22031
38035
42192
32054
2290
43980
4033
24941
17042
23937
33691
5523
22643
19018
21632
21502
33328
5521
26200
2680
36255
14708
46973
42442
41420
40200
3840
18466
20870
38730
29134
27511
39260
25471
40317
41286
41136
49727
43936
12358
449
16966
40014
45487
31426
19212
18405
12292
35406
3546
32095
37507
17912
9323
29056
42485
38537
24467
34633
13358
48208
44873
4358
2103
29860
28277
6914
37945
35028
3193
26501
27631
16143
25556
15794
21664
44322
33310
13916
30985
4862
14307
30114
8560
29673
794
37419
39442
5106
37935
18828
29301
19870
23751
16914
15687
9911
36445
15966
31985
4071
39680
4868
4280
18253
28830
3806
22471
24081
18722
49458
34168
31686
27711
38108
24283
34674
11475
14067
16114
9270
5745
3437
1148
48023
40026
3475
42584
29120
19278
45210
45370
46857
7381
3302
48598
40323
20264
5606
49548
21050
36088
2106
43856
21781
14383
49884
34287
43696
44950
27862
43892
5835
35192
4376
13397
23311
4364
28570
20153
17110
1693
8527
45841
43131
5805
4266
454
42643
523
9306
30995
42222
13872
38626
40178
37447
721
37834
37005
9422
31758
15523
33054
18103
18087
49509
45391
24721
32457
579
27672
48773
3194
24768
2091
35316
41198
38627
12320
33700
31328
31373
32469
40248
41839
38966
31123
32772
8514
49904
20648
33740
4225
8526
13748
27756
28398
48094
30738
26858
36178
38694
46880
34896
13071
19047
1395
20158
4966
35815
40332
32989
46900
8383
36162
12184
6280
10170
34993
35895
12913
8200
24435
4954
3668
6444
42447
44359
39694
20822
42188
2850
20106
45650
13612
30395
2263
16012
49749
28772
48177
14361
22067
26647
26184
6250
41387
22157
7151
10873
21415
21570
20717
23811
25868
31886
22742
24532
8151
27606
40564
15146
39705
14386
7868
6072
13122
39521
44133
17483
19561
33782
24804
26677
40381
42413
7632
6
28389
16605
19716
17959
23165
17155
16273
4092
33777
42688
13740
32818
49577
47853
41024
7754
1634
38515
7059
37690
890
35396
27825
25967
40285
46990
48003
43182
6456
28269
38914
40764
22926
15
29649
34975
49085
8930
33731
27819
36310
16220
25235
42949
43375
12100
20077
43817
36905
6046
8426
43224
754
40678
2430
29987
18784
8483
10880
33828
42958
26687
734
31975
13318
478
48965
1924
41506
238
25988
32479
16737
2496
41085
37110
18171
42852
26937
35680
33535
13013
17498
14710
40085
37261
25039
18943
26520
45020
31612
41694
29293
33898
27236
38582
22279
2187
17529
33661
22796
34413
6554
737
32810
18433
37602
11928
26412
29748
49862
11792
47742
48925
31363
31058
34251
33949
35497
45044
28293
30611
24709
14081
26506
14825
7463
2328
27807
15302
48406
36430
19599
10860
21025
44160
47754
45162
42890
28157
42743
16040
36872
33671
39683
47119
22212
1504
46221
12174
35053
14065
11590
5301
31555
38793
33433
500
39647
48082
48691
3950
25492
1601
27218
44783
29566
20893
3040
38439
28325
23048
1577
17130
10350
17681
35679
40604
40845
13338
33276
20857
47596
22369
35222
8181
32411
25630
3927
48722
38098
2196
35773
29741
17802
20909
15056
3278
46291
45469
25291
27220
18683
41959
26552
43905
20856
35906
5688
15450
9747
11315
23294
33245
49810
20712
33269
16204
30337
25756
35391
22141
10358
46689
20266
19501
9434
47393
39695
2696
21456
47132
47626
17999
21457
20140
14264
15216
6317
21381
29250
15128
30097
42224
46663
15797
4488
515
10830
26279
26900
10109
49528
34597
23872
15834
48487
40162
31983
30356
48165
32697
44239
12959
26986
43153
20011
46096
47943
39221
21550
6004
28863
12014
14314
30781
1363
46960
26589
8256
3047
15559
36121
6837
42160
15811
43342
24589
18756
27129
34454
22168
48097
6769
28158
7251
14952
13033
43012
32145
1907
29962
42339
25890
21541
889
35418
21071
7371
48018
33726
33173
39736
43650
44358
29270
45980
26975
45675
29942
37327
34492
32357
16438
47388
39351
44998
3907
43093
29847
49373
24193
42241
46691
4070
1645
13649
39297
15564
36943
29387
9009
9205
4026
14237
32508
9689
9920
32859
42789
9783
1984
14610
48510
2080
16691
3470
2443
30743
14028
2991
21400
2743
17850
28005
19031
41250
19050
48103
26846
32078
8756
3512
34661
39048
40835
44798
39698
319
49034
6798
1935
21630
29463
35184
12295
47167
20458
18296
34293
17255
28512
47351
19473
2635
36952
16594
41611
30633
2319
45215
45143
19258
39799
16126
46966
43065
49812
16502
7888
33554
6587
49891
13248
41440
18990
14768
16643
22560
1584
22188
34306
42882
30429
31910
21958
27450
38651
26679
18916
27104
6630
7972
6080
34411
19546
37566
27341
29186
5068
39210
277
46268
33558
34979
42402
42311
8792
3172
46447
1515
26994
47155
12562
27616
49307
47441
22624
14926
9875
43198
24546
17024
5000
40395
37808
26936
34039
39880
31218
20882
49375
29349
10101
6327
32625
32644
9212
8010
6971
19890
2286
21114
5046
36865
8266
38503
24208
21710
25861
37018
7464
48802
30167
44759
35381
2306
25837
19880
46680
27478
12550
18625
39115
27038
29603
12483
37813
34606
2240
38485
31070
30473
47977
31907
3303
21450
34657
36149
9152
10653
6273
11246
46235
31177
42394
34800
33690
44892
7633
3401
9509
10006
21600
39287
18938
21455
49975
17898
36344
17122
45103
285
15110
7907
42092
3820
13750
902
24113
2043
26774
25436
8089
3612
43998
27749
23228
40426
6918
38716
9602
46721
28132
46984
11483
6281
11104
28202
39438
42448
44183
32463
49843
36648
17939
31303
35282
28563
34541
28376
35259
4455
3321
9455
41594
1687
15553
32902
31867
44515
18953
32049
38459
18023
7869
14523
40135
39463
49861
28248
30939
12635
14515
20701
25002
26592
305
25899
18881
36502
39612
3139
714
36970
35277
16223
29041
12026
45007
14257
44602
15817
24421
16588
6619
3075
14424
22052
1174
29594
48371
11949
16206
19474
12567
37411
36020
34266
12571
12952
540
46732
27335
23080
38585
47462
15793
12144
29721
35305
44541
32608
14819
16746
39743
6547
6218
32181
13874
26488
11173
6043
24386
365
41714
17352
37431
1878
5162
47434
31745
7821
44664
41273
26901
27761
25096
1325
49566
44993
2310
45612
15604
33937
26301
9462
5943
29576
22664
30550
27916
24215
30369
17657
13058
31368
11756
25133
25946
12611
28552
27261
23226
11369
49412
18871
34941
30600
29269
23696
30655
27037
366
6804
4315
12733
19997
27940
14656
9256
17144
23156
43512
4674
17851
17947
11911
36526
46365
6394
19681
41236
28054
21937
14563
11250
49811
36584
29626
18552
45289
37856
31764
30075
13077
23800
27550
1161
12024
29051
15492
16179
44184
5879
22399
33862
18294
26519
35968
41099
20713
41411
3487
8111
44421
41224
47135
33209
15520
7872
44776
22554
5456
25632
19059
49977
6991
15384
15699
44930
43246
719
17922
8928
20532
29012
22415
33063
37150
2120
14816
23014
11136
6479
15480
22543
27114
44412
3101
42740
44314
20461
2562
12229
3982
376
12855
21616
47968
31893
39477
21035
36666
42198
1338
19117
28419
35207
1503
35976
33866
41777
5405
27931
34181
17279
3924
29243
22670
24833
17318
38598
19048
5825
2123
37854
42049
2737
38649
42928
40585
43987
20110
37950
8856
8535
9038
46430
15534
17907
6243
13723
0
18227
35694
265
6278
10481
31465
35799
23193
21708
1315
5412
18814
49551
22046
39516
17911
20036
42290
4891
14846
21439
26102
18994
29542
14621
26857
37768
25265
35061
35115
33110
7702
39671
31417
32750
23243
17822
40226
49863
30088
30941
44259
36080
44943
22844
8259
29508
12786
33502
45713
19722
45965
32938
43580
17558
42657
26447
18531
24660
44255
46028
6776
42210
25373
48629
5674
16352
47801
8043
32362
37192
45263
21289
43888
7160
36595
19294
564
3025
25346
1119
23235
30480
5416
35060
22352
9558
21759
47560
28600
41882
36879
2289
30372
11304
13607
11549
26576
10717
21161
32820
12361
8964
41193
12903
36256
29913
29024
11363
12411
3381
46758
43222
49351
6932
11079
16776
14453
23778
3744
39420
33172
1181
47121
2095
23920
6387
15070
45940
45272
12008
10927
36319
13624
17477
29160
27754
40582
3340
26173
11194
19016
609
4958
27731
1765
2572
1768
13680
43585
13412
27243
45693
41924
48014
43637
35994
5155
22401
32499
9333
13576
4838
22552
18108
20052
31872
806
3419
28043
18358
31795
48881
12343
40676
39317
37815
6533
49507
36478
6180
19458
17829
8841
3704
16618
38110
28184
22114
2827
47993
23592
6490
37886
22758
26676
15149
44656
33814
19074
32878
44037
23883
1677
20423
14791
23130
8582
36407
15930
25583
33497
22312
12796
14406
37532
47857
16167
9533
23497
13282
28853
47750
9064
26606
13054
28449
38859
1729
42403
28412
18878
39316
7861
2465
49850
43338
21307
84
35948
28921
34417
37724
46118
5887
34102
4691
7955
37956
36339
43069
29841
43220
20279
38536
35304
9360
14591
23496
29084
12890
10933
2840
38833
30453
24547
12532
5612
10008
29760
9078
44481
18031
6421
12533
5770
39051
21002
37079
31653
13665
8233
27053
25660
10198
24266
19449
38666
24360
40482
42718
24888
6303
8501
9429
46997
17495
15344
26350
19582
32898
39725
28287
33503
27322
32497
5451
29007
14965
2764
3550
33620
11701
45541
35034
7234
43380
37065
12783
25434
978
40375
6886
23020
27806
37248
1936
15201
42545
5584
24749
1616
14271
37520
5861
43498
35265
38630
166
1558
34885
44023
33346
6905
35113
23287
42629
46258
25315
30428
34484
24273
30227
7353
42766
42115
37172
42831
21949
49345
6966
3213
42025
12237
38452
33577
26384
49950
35205
35737
16682
42793
48383
20457
13128
45055
48831
40926
31757
19446
37787
24246
12690
1815
31466
29156
13734
14057
34236
21272
30677
19901
20745
35494
16813
20397
48472
37570
3722
10623
16619
26068
27415
47070
18553
47433
747
46019
353
41785
10757
37253
21317
47163
22591
8339
47321
2375
35247
48138
42598
40894
13894
3821
22526
49415
48938
38461
37627
3420
25381
33108
9862
33359
33004
44383
8355
22033
29510
13792
48546
3235
49177
31284
20255
5027
40188
12902
27968
38882
45471
42461
5447
48335
24599
46541
42863
2615
48157
45170
46355
14823
45917
46729
34264
21327
37312
20402
8660
16458
17963
1093
35998
20446
1465
12280
26791
33425
42857
21256
33306
34651
7544
19711
30803
11697
3415
23053
19270
15769
36889
44504
34253
31924
27560
40354
38682
29569
19772
23915
39490
48203
43066
8062
49289
27705
9592
1638
17471
16266
45204
31663
15211
48397
17346
14797
39733
33349
48932
14561
26636
18034
43997
18359
47090
7110
23680
34525
3713
40682
11545
34599
35041
20018
29544
48656
19548
35892
13625
4603
43898
27539
27278
23938
4560
26007
38590
25076
43835
6576
22921
41264
14905
28382
35837
6947
20530
21589
9147
39097
43140
10339
17146
5893
48613
24661
43964
38291
30191
48633
8223
22112
21563
21129
16272
35881
27465
4778
35426
13407
5235
35467
44788
37779
4857
9580
25690
28956
37167
4901
38316
30443
18619
48080
2947
45274
42005
20382
98
45048
38899
13851
43783
17708
12634
46010
47084
11930
14618
47740
11663
19418
39600
38212
25867
46398
27999
10963
248
7927
1041
24829
48176
3912
44949
12131
18283
36429
47394
16895
42650
24609
21810
33336
48792
19619
36265
4169
21601
45362
12125
29683
32773
48404
24755
23166
28672
20400
6915
22644
28783
12396
9160
4425
40691
42648
11157
37241
18526
13391
15445
29664
30249
20854
23502
3560
48499
12250
37940
24898
7693
8287
20060
27213
8074
38752
20679
25271
2512
37488
33787
45124
46363
26566
37774
42813
1873
21454
5486
5087
4142
34496
13414
23846
40115
45121
4283
33668
30380
39446
25221
15253
28300
10537
29214
34403
19796
48021
22331
2045
1660
37334
15568
45021
37707
9050
35145
15780
193
8445
4034
3379
29897
38672
4024
7027
9361
42777
44778
28126
46725
13019
15909
40333
43106
45638
5491
48883
23995
28567
13311
11861
17600
42328
21
5401
19199
30694
29384
21791
2674
18957
30033
46660
47182
17378
14792
35466
11101
8026
5947
13647
32200
48493
49851
22857
45724
46780
35198
19353
39182
32136
20817
39813
49974
38215
34255
23096
27977
28601
21543
3854
48471
11647
36401
25926
24629
9861
26640
36539
14048
10047
19432
5974
2803
7459
28451
4393
17825
24860
49111
14886
23716
47793
17572
15209
44945
25536
34869
26893
47730
6081
36235
36002
22704
5660
30423
4470
47768
26126
48436
25895
34974
15911
10695
36451
45775
25262
4859
40762
15009
9056
7941
2671
6703
5625
31424
37995
16892
5710
14136
8847
32506
44812
14182
43725
11118
26338
1900
27924
33771
21583
16262
44285
3857
24529
36264
42163
21108
38105
23522
4572
6321
8699
23302
22760
26593
10390
45427
11867
7498
43013
599
39134
43838
47545
47542
22990
41511
5136
33928
4926
33519
5350
47833
33049
29643
21529
46158
30239
25491
22872
40048
12918
37694
35825
20280
13046
11594
6357
16225
4268
20100
4570
28172
22176
48595
2510
39318
21128
7561
46921
16773
40019
46154
25273
9495
31248
2157
2318
39424
8572
47411
22478
361
24985
18844
1842
48955
8300
43572
45296
21336
41219
14505
5616
48168
34909
4931
27933
23912
27653
9995
44544
29403
40331
48514
39584
15774
41905
48924
48314
19303
45787
7468
15368
45018
32637
37142
39044
43196
32834
8643
40988
18687
22832
7840
27676
47123
3976
39118
20361
17133
44048
10079
39499
34310
11269
15897
23017
40603
2503
6806
42314
12973
189
30571
38069
33044
27901
42948
29967
44517
1529
4686
18135
46794
26182
12368
3067
49559
38737
32278
10769
39470
30110
7514
31688
8951
46385
18623
17336
46812
6488
35907
41477
19522
15826
1910
3121
2362
20116
18724
8018
9337
41232
13379
33811
40037
10465
20626
46373
26966
11021
49842
5092
34106
945
43255
48642
20829
23750
47383
7393
10336
48213
8363
35675
46778
17125
12480
26814
19690
42918
31275
46737
38413
34247
34861
22940
47216
19537
2225
35527
10897
39650
19615
41948
15868
40415
10520
43149
22272
24475
18954
49930
6856
40631
1679
42014
19243
43908
17664
46851
10764
15164
14034
30859
36335
2791
33766
15408
23535
4012
28998
46955
1475
4947
26115
20134
18136
32069
40961
13398
15932
41902
9669
8169
16226
48084
4596
11374
35793
4441
14849
39980
8738
33885
46537
11292
32630
37191
44657
36079
18
21592
37701
32973
39903
39405
1321
42715
45180
33003
48753
31092
32084
28503
412
16874
28681
17332
24928
29669
47905
12750
40351
32542
20072
34226
33781
40475
37635
13879
41673
17761
15926
34614
18282
849
45470
11471
22217
28468
42419
34787
9589
10155
48223
14867
30768
2772
19707
27543
20595
42542
25602
44043
24577
33322
30304
35886
39881
47069
12722
36875
773
11170
7052
37365
20377
2011
47738
32945
30860
263
24542
1600
12121
26696
17181
2410
48289
49165
37985
3574
39474
48338
499
44157
49781
36986
35927
4206
16668
26413
19940
20571
49619
48609
48497
5009
16236
31153
13216
15934
17094
3395
8033
48769
17240
10863
45587
31977
22342
30749
45691
47763
24916
47634
668
47614
36472
43239
4297
6690
4816
41431
17310
21718
28460
37984
13336
23210
49022
40316
15712
32600
35528
23238
12880
38226
41444
23798
7303
47164
30711
43673
27270
20961
4408
7015
39389
21171
12665
28
8739
37883
12936
39851
45594
1472
8883
30209
36128
6842
44252
5193
34420
11682
7830
7058
17838
17538
38901
11430
29940
49791
1885
8717
12013
43015
21259
32880
45996
42357
33250
8097
36168
33509
18587
6844
33761
27516
35719
46466
3013
9526
10591
43199
24716
27223
43214
359
12096
34884
45844
47956
48448
44091
48386
48391
39211
34783
41976
43089
17987
13279
30303
47549
33384
15388
12803
20737
16120
8284
16801
46246
46759
8103
48762
28929
23149
36496
503
39752
7720
22697
15485
47095
34878
21584
48461
2494
46866
37159
18060
14302
30565
44349
14756
25115
44436
34601
42322
35796
2650
33465
30951
19455
28621
35942
19247
8617
4368
10105
13337
26559
44548
29408
15959
9328
13309
5776
28000
3313
23569
7503
30061
34693
37093
18874
12233
13931
8688
18207
31163
2994
20282
41734
22008
8837
7556
38190
15859
1808
39141
33286
1791
43802
10744
36259
31280
38345
16901
49805
19854
28576
18083
16232
9873
28304
41345
39081
15686
31685
34691
27301
36801
23393
44857
16837
8871
17384
31761
5975
11463
17190
29111
20269
22825
11838
47982
43460
19877
9886
31024
17427
28584
2476
26989
40393
49039
28094
30788
1278
16155
49363
3105
49434
47191
16844
13583
30975
2193
19145
36055
29867
17070
45003
47319
44365
3919
32089
25010
24484
38847
23120
18396
9607
35297
47277
27431
8365
28024
35326
41428
48680
10538
44927
11920
39461
32562
35047
43334
49801
26938
12534
18838
249
17445
674
19698
5421
5856
344
30700
23036
19352
37404
15308
9724
33419
5351
33840
1203
48529
15754
18421
899
17420
23280
42618
19889
34016
2923
42974
21460
22337
3827
49103
5253
34414
11252
399
35507
31644
16313
29059
34087
25238
37826
15961
7550
37389
4668
32726
12363
15910
35397
47786
36966
7488
34185
38185
23684
32669
14079
12497
18130
46584
33921
15206
34711
13735
41623
29715
12999
40785
46963
49460
16385
48783
23826
36909
39955
48585
5891
7890
32170
11260
1978
11028
15389
30964
37338
14577
19089
14628
12589
20613
5969
40727
25212
49067
27303
28755
41291
24628
17923
22082
11257
21985
15185
22378
12838
24225
21818
30326
24332
3388
34752
32747
17817
9750
22120
44382
39874
19107
19763
15659
7241
15857
34623
25576
46164
20936
30317
43570
25134
3858
11041
48908
11823
48036
21868
17254
34999
12230
23307
13114
25157
23485
45255
13380
20181
13905
11630
12105
28217
49324
24455
29393
3783
34589
46467
10455
29593
36778
41248
24541
31344
46212
24181
10385
14731
30834
23616
36799
41846
33138
30938
31199
20989
19644
27282
45749
30656
43976
17299
23034
43129
6446
32427
38113
25614
26617
27948
1862
22457
25081
40865
26529
45753
29558
49106
42012
27412
23933
41003
35863
32444
15496
20156
15533
3764
38132
29729
29003
47364
22493
13785
49172
26094
26698
45652
16967
44627
21769
37523
27687
42039
9105
13112
46015
38358
38804
30159
28577
9979
3123
43941
14959
7803
25604
10438
48987
24765
36741
46859
24311
3480
24710
34953
17889
22137
23140
4391
6982
32081
38058
47897
37225
40264
39543
44267
2487
18474
30335
43195
12815
14918
36878
20673
18741
13778
5538
46112
28083
36720
19023
2288
38678
48558
37418
39789
17360
14357
29221
19860
539
72
41336
2477
22229
3879
9523
29171
1233
2094
18076
48029
38817
32575
18764
3786
10252
49729
14121
42155
32935
34868
34391
22956
23719
1400
39280
775
13413
25792
407
35104
41926
37676
43139
15032
15575
23580
7558
49881
49125
10790
19672
3465
12678
22584
27987
38082
32564
11311
21339
38303
47360
10804
1690
513
9437
38304
35717
30038
17089
35749
21882
29843
5483
17809
8377
38741
22693
4406
14055
41655
5127
45850
600
23561
29953
5129
8987
31315
1261
29974
18999
6904
1239
43458
36279
5034
44762
46218
41918
8485
24652
37394
12767
34147
14572
10330
19132
38679
26603
20474
4496
1272
24496
30900
5154
16730
39633
13254
29279
23435
47935
19730
46642
33785
33183
46006
6784
41828
45101
23637
44900
9770
22662
22505
33747
3679
34235
5185
9072
44132
12544
38007
22822
8395
15274
36723
32723
45498
40410
31600
31945
26652
2147
26210
45332
44309
33255
7584
43226
41965
14234
36122
8341
49976
23299
30138
15088
38915
35395
4814
29611
19703
2403
46632
31848
47525
45300
32666
22570
40507
29218
21494
35097
28539
6197
9365
2373
21782
29959
18870
46349
33877
860
35010
8558
25439
43115
42682
48365
17536
24234
15862
23771
12425
45280
31628
45354
43166
22980
22858
41884
16520
39697
30310
18146
11182
48506
39801
4289
45763
39877
38878
20476
5135
47655
29263
40412
19433
23100
39137
32783
21117
45096
9167
22864
2887
35526
11230
38379
20041
43610
44578
27327
45912
44419
25776
5788
22515
24160
22076
38857
19444
47558
40840
5908
43598
1177
23945
25469
26648
33136
47101
4741
43173
43205
15409
3632
731
46841
7021
10751
19136
28836
12474
17546
31524
27079
26221
3880
41320
49120
11645
5290
28117
9491
53
24128
49424
44651
48512
44680
36588
218
12647
8972
4682
35244
37400
49287
31313
38421
7987
14417
21523
5923
26815
28490
16540
40666
45752
43471
11302
16247
33194
22167
22654
27816
24921
40491
46861
25728
25405
30508
37486
22696
5200
7042
3734
45420
23327
29083
11684
5457
1108
47859
16393
28350
49533
27740
9777
23211
22347
17269
2882
17066
47207
10740
3808
16156
42490
23406
32707
28453
42360
41119
20878
9617
49536
25616
23397
4114
25317
46704
17436
34302
2609
39577
44797
2262
30753
7477
33460
24591
49035
4284
49145
22719
21467
31169
12728
7622
33263
31264
2808
46883
6730
9584
20210
23365
5178
33732
15877
22116
46573
20667
37569
2718
5250
26466
42531
18168
4463
2449
46322
34959
6174
21092
11698
42757
22005
46460
6167
35440
36516
33280
17459
37190
6215
8943
49076
38634
11995
45337
704
2875
35641
11866
4786
23784
30001
27400
30280
45188
16350
38061
30080
24213
36800
24518
48447
11341
45978
13329
2392
32703
38139
49455
4808
47209
21900
2337
39777
6777
8417
33396
24093
7951
39392
8332
34503
15530
26031
25080
26554
17535
2335
41996
9742
24756
38564
34764
297
29316
5902
44677
31366
39010
25368
29047
4083
24670
40983
26256
687
43710
7985
20114
20567
18397
447
45853
46021
40102
30069
855
29882
2426
17424
32862
38640
28702
5048
27351
20990
43671
28729
15778
47029
21672
2299
8903
35442
32541
31731
27573
30542
5470
27383
27950
6902
5022
16739
47669
41992
49740
23341
37731
20285
42164
27967
13440
27659
39785
17232
35640
48706
11352
36236
40438
21778
46109
15835
6890
9036
24320
26665
38471
27555
30390
49741
4892
13603
32890
32394
27771
20913
23758
7563
25577
47538
38008
22404
4006
22412
13605
42854
37997
38606
39298
31549
19804
2658
29606
41274
45656
8146
5623
22319
8577
23739
6661
47179
2629
35715
38864
25881
19984
6725
37196
26880
30771
38991
7602
40281
31471
41040
9916
11239
20520
35429
32513
20451
39681
1886
11786
33857
40109
35349
11156
10818
3889
3091
42877
5090
42315
17161
27216
13151
45511
9192
32408
38816
13104
16485
10723
43062
36463
24263
10810
2940
2402
47529
46438
29212
5560
26168
33422
47845
35661
12376
8748
9823
29525
66
33133
460
2675
619
22751
7823
28888
6551
15956
29795
28116
33824
28044
49347
22578
11129
40970
31359
21758
36690
30720
19125
12059
45397
17992
22348
18695
47633
30377
10258
24436
18116
12553
9791
12049
6876
18197
11776
26817
6940
15732
217
11755
17599
35591
2612
7643
8414
6857
17199
24314
38365
31835
35048
41176
22226
22335
8536
20205
14092
2545
44995
2063
16364
46434
36861
33048
3996
35501
38308
5097
19774
18967
1769
42661
23313
23422
5288
48501
30523
21325
23388
39942
28391
49708
14556
40903
36915
4489
18128
9120
39057
26225
41122
19435
10892
34515
1593
45394
44619
23467
2744
4625
18222
27113
43861
42326
9985
18308
19376
9519
41171
49386
9890
10001
32760
7158
38446
6770
30576
20973
4780
12642
24910
2515
22357
4754
30802
19030
16804
38005
29950
47333
41317
41639
42044
22049
49685
22154
21776
10163
30813
7957
7094
39522
47780
41271
10378
8570
48331
41097
15944
36450
23645
15831
15150
14683
38119
35470
9759
36113
32354
4546
14226
35804
10532
48862
45489
34719
28204
36640
6070
28021
35552
21159
19664
10190
15272
19086
30547
4516
33174
29970
6763
31935
8084
23453
26297
24653
49752
35739
45004
8394
48578
7290
20715
27593
39294
30342
26076
47720
34471
6882
32169
38484
11675
5675
43003
23724
30
36994
34042
20315
17137
26621
7336
16389
31029
14473
49298
43299
2008
16689
22549
34323
4841
34075
12554
42870
34329
2745
28562
17973
26227
21805
1050
32247
45040
16234
30435
30162
2953
17282
22426
28074
9876
42171
37141
16910
32561
34876
39047
5552
43211
25421
5608
182
39028
36673
5070
2271
20922
1263
1137
49502
38941
42955
4801
44878
43767
28736
28262
6553
28882
46366
33547
19090
28079
4557
24046
44384
14367
14036
368
1530
31400
14012
30605
12785
37630
3214
7480
19032
25647
3627
5524
24896
35132
37016
41748
1963
18236
45129
15359
9950
16116
7305
9641
6780
13888
47265
9093
28443
40463
39194
29698
8564
36456
34397
6888
30381
42122
46476
12501
18051
19233
37770
18537
25612
26037
47574
10419
9296
17102
33500
21057
11895
39574
33682
39473
10912
33644
17792
26078
41464
33137
6607
28066
3542
4608
5503
21929
9553
12828
41874
23037
35211
38219
42191
7608
18438
7031
48350
48937
48997
42880
26088
4562
12865
39112
13133
45017
21971
41657
2605
25773
38385
33722
29274
24683
45889
33791
47867
10568
42748
28507
10296
37735
45636
11115
31541
47338
24184
10307
42228
32988
37323
21804
20747
35232
13972
21147
19268
23794
3071
45966
46331
39355
26996
33318
2689
40916
39322
17451
10238
13486
15678
17658
25079
25107
22773
31479
46629
6109
1953
40043
28386
4146
33020
24029
20662
15151
17065
47575
13080
30866
24945
21337
26577
16679
7162
528
31477
15813
13701
36127
19931
7417
21056
45772
43647
36383
37714
36295
15992
1219
5266
30363
12136
43114
13876
29117
16212
33917
26377
39090
37362
4076
28315
3915
17412
14005
27354
35744
26671
8990
22936
32749
4167
26072
31637
48954
46808
30829
4032
10850
17195
39494
36084
28957
28284
18712
22527
24906
15925
21438
29945
7784
30308
20369
1457
42094
22451
30730
12595
27345
4842
41951
23070
46672
30562
18543
33499
48112
33439
38827
38203
12537
38229
48326
15168
9789
20316
15588
27059
2184
24818
2222
310
17713
46567
34368
41860
11502
18780
14439
44315
39992
4900
18653
24558
44965
22706
1210
20772
5809
17404
24032
3883
18426
19827
32906
14075
13962
46946
23215
16686
30782
41763
22283
38688
24790
26371
6289
18885
33399
6115
35762
32507
1449
16538
44161
21775
26243
21968
40844
8612
40028
33213
49358
7794
37611
10646
18435
22506
28245
40298
44446
22245
7851
4291
33087
28850
30905
40473
11757
41523
16980
19683
40578
32598
36873
42547
42608
43444
45729
9625
287
33185
4434
21220
42199
9945
5249
5705
11707
35707
27892
9138
31003
40817
11960
2356
15287
19466
45478
3646
42765
41285
23339
32502
46287
8822
23448
40487
10297
31923
6275
22906
221
31651
23567
30526
11393
48357
19310
9633
15833
555
9857
17561
11482
33910
48230
33970
36198
35103
34242
10794
24519
40733
45440
31270
15385
43468
22559
21699
37187
16857
16048
11640
19942
30351
18336
33413
16239
47729
16714
40368
34746
32727
3276
34522
8039
19391
15429
13487
5562
44159
140
20580
27598
11629
1376
9302
7796
12257
11209
10660
42004
31039
2876
40558
34077
46181
36036
23599
5111
10922
24098
14612
28654
43818
11561
45968
37800
11035
8388
40450
9479
30989
5580
20636
44747
32802
10600
25811
7291
21152
33842
22276
4296
16432
1630
37655
28667
18666
33495
49454
31343
35129
12232
16302
24702
42723
3124
40378
10189
2258
29045
37517
8136
15350
5863
40007
33368
13022
36158
31122
22282
9845
33420
10521
688
199
14622
33815
28134
16295
10663
35077
43921
28677
39567
39542
1538
13137
13154
20771
26523
28012
12851
7088
11782
9165
9174
41251
36230
21639
39105
15285
1928
33881
49156
16778
5057
36567
30536
22562
43643
8913
14835
36043
39952
23303
48392
39990
19275
37587
27155
17422
23627
11651
25727
36608
46996
48070
19381
43844
39291
49496
27474
17917
23385
2452
6369
6531
37547
25573
34600
4614
11726
9463
31312
7818
48215
44076
123
1763
12419
46970
2931
48992
36234
22916
38338
15741
46617
19137
33711
45832
31756
20841
13808
44116
393
23566
28953
48639
31332
46000
1579
30211
44485
16496
14616
17901
32315
28829
9987
13161
47553
13955
41312
19556
7931
38805
8615
49949
17542
20260
16451
26747
6469
10974
40460
6897
28657
43547
13960
11644
24973
23615
9595
46120
37352
38076
47236
17389
8194
37109
2254
8334
6401
18129
26025
48589
9631
356
22586
16970
49122
8316
49319
34178
1758
20652
11606
22446
1668
8787
28065
32708
12461
42085
20213
15329
20509
8914
26963
35414
41637
42995
47985
35144
17728
19340
25208
44134
4383
10752
15563
43807
29997
33941
17284
11023
33889
15373
13026
28114
42538
8621
7777
16652
36477
49603
40287
31667
33467
41276
318
24734
33978
31080
30277
36820
36017
33764
19897
27541
42239
33216
28383
23527
40898
39085
22467
21554
21142
43314
41313
26317
31692
4118
956
19414
29079
33165
38399
45109
38208
49691
39939
14928
2890
33205
38381
6452
47391
17843
32024
43162
18040
36497
28371
32686
34003
44398
19083
45380
19249
42616
49012
30996
5937
35485
13861
47490
41292
2748
14950
23584
45522
5777
37917
44988
14246
29019
3980
9600
47328
34902
7091
41351
23983
47620
37660
41725
26321
19892
3068
29471
34504
9004
2712
38557
9729
37665
1112
1265
43929
13357
34113
24940
16281
46651
28264
45441
14047
32234
26971
40346
22317
22338
45665
20762
21640
13303
9977
1477
21615
48664
7809
824
21376
5830
27180
10406
35431
26824
8919
47966
49044
35557
5551
49105
1965
41126
33951
7909
36890
212
44768
25565
20963
9569
29000
42043
47260
39746
36120
7375
38392
32623
13968
26120
13369
22434
18719
49661
6212
28868
30741
41005
30147
13434
25425
10543
27529
38262
23785
2293
6228
32432
35375
38907
441
40884
26945
10783
39219
22022
43993
25736
32795
40280
8998
26395
3236
26958
49923
701
49907
41072
31748
6036
12531
1968
1519
23132
7836
16934
4730
30321
25245
11423
46341
10916
34053
24156
17820
18876
29077
30696
8362
36692
2133
9137
3353
29921
10992
9181
12302
16916
923
43009
47454
9678
8059
11593
882
312
18551
44834
25779
22323
42523
14372
29478
3809
44961
31428
29146
25698
40202
2140
7642
37041
27881
44027
12023
21857
38242
5517
35941
35332
11276
11278
43887
5633
13040
31314
45991
36976
15412
43754
9215
33790
47517
39257
4870
2633
4742
35628
25665
19585
45262
11797
15606
4514
22592
25894
20262
32195
21185
26746
33534
27367
31752
14705
43736
43528
40760
42351
10287
23770
14904
20704
803
31589
9053
7226
364
24124
39157
27564
980
12372
24620
9593
9039
17864
28167
28534
48271
34466
43010
14687
19443
27453
44165
3119
30922
27475
36314
28974
8745
8852
27070
47572
15597
20220
11521
30899
31072
28338
35812
8733
3311
46516
32964
20916
43124
671
17588
27078
44435
45322
45527
9614
3374
15166
31470
27402
39050
39360
45494
23055
3885
7649
38490
16519
30535
20176
24450
18855
23071
8058
35801
7852
17316
5871
17647
10393
24623
29929
27726
15103
25978
33337
30332
43008
38096
15177
37194
34429
6294
22688
23546
12654
46776
34684
33869
22713
19697
19863
12352
6585
27443
45900
29104
34279
34054
3301
12464
24632
29832
14365
9098
3103
11451
32713
41041
23837
29906
2174
5648
19457
33489
49761
24066
117
11912
5444
3183
26822
23112
37824
4250
47085
20706
35677
21697
41422
6351
32743
23674
41174
36582
45331
45433
36832
22600
27850
3267
13886
33260
31995
16490
20163
23666
1688
2560
20327
11435
25600
49272
22003
44169
12631
40870
41393
19885
21435
18502
30774
21163
41778
1882
21368
10004
27776
4375
5283
45588
19450
23342
6322
30013
17537
39124
23088
25045
7378
41517
33613
25966
41148
30164
32174
35997
25508
32045
28668
39054
14892
6091
21987
35046
17837
39204
42606
4872
17583
10248
33493
6701
37776
568
14644
18579
34712
37206
38028
15015
31127
33479
43948
29169
11208
2066
34456
15720
39452
31393
43335
15672
18958
44932
28275
13290
40222
7408
44147
16153
22537
28020
39535
35965
18176
48430
6403
6641
44646
2929
48651
29993
12248
1481
37641
49948
28571
12269
36270
8294
26615
48024
28962
23950
14659
24100
31832
35746
18765
15271
9279
48048
31712
34171
8270
37989
32381
9159
9026
42878
16597
6457
42009
33148
8925
34143
28349
25350
36698
15179
19307
5972
25651
38719
39625
8566
29679
43152
2533
841
22363
24839
1527
17605
5477
38777
15297
32516
13103
26393
11058
27498
16249
20098
11954
31125
31965
42934
14229
35188
11396
8401
6344
21898
36849
37766
17862
10530
43225
9615
14494
5035
30260
13899
23073
45299
20517
8934
14351
49180
39427
38227
39905
20413
17840
10210
25349
33291
2329
45212
45881
36641
32813
41793
43023
3135
38375
30840
40140
13705
5480
20101
48236
17429
39159
26645
14139
3516
31982
23106
31196
47683
31942
31438
33758
18268
31037
16609
33273
19646
29055
22496
17905
44071
4762
46147
14784
31825
13608
32920
6309
47593
7882
19758
16800
36033
6978
26309
2266
20345
40732
46835
19998
47686
31988
17745
41583
31892
6270
32341
11956
32100
36954
9664
30111
23790
20979
5184
20869
37236
21048
10490
14201
43871
47607
22102
11151
48872
44833
8147
16183
5056
16768
27840
34734
10379
38252
22922
40683
49918
45234
10295
1773
30724
12226
36686
44020
45758
12804
24210
1368
1981
32074
29014
5270
40571
40566
28218
31629
37013
18513
14437
3597
19378
11668
13595
23880
28723
28590
47350
15671
35444
35399
22184
43810
39458
45053
9723
5847
41691
47019
28977
29517
14976
32306
46779
26839
31781
41660
35441
13460
13169
378
4490
49432
20985
23107
22568
32429
45226
27682
25544
25101
23437
30609
2478
6019
25924
20628
8443
7366
28223
18175
22881
36029
32138
48017
44051
7729
15999
23901
13558
48674
28301
31760
28330
17650
10103
39530
4555
24912
20477
26727
30822
28976
12164
43202
28620
24130
658
15478
41685
37258
35447
17662
20510
21552
29
20964
22419
27610
3942
24035
4478
23419
20466
34494
32388
36774
10649
9704
18063
28225
38335
43745
7832
37574
15441
29090
37560
24146
29060
1727
44117
28483
46486
28011
20161
7557
38902
18247
25729
11078
35665
17582
24203
28802
37929
30971
47058
19396
46215
4354
38921
47475
2879
30947
6390
32061
34727
38880
32171
14286
5652
18751
23973
32504
6571
23240
24177
22867
29239
22647
46590
1709
24396
27554
48399
31519
1014
48611
31231
15869
47282
44851
919
26423
41222
32334
31335
39972
24564
32262
130
13993
40003
47772
40338
34425
15310
39089
352
45767
15595
1930
24321
27458
6825
23537
1484
37998
21145
9060
41142
9011
34137
31837
23555
25214
707
35816
49817
3160
38415
15517
45688
13289
32517
42334
48605
27495
40347
5448
46664
5029
7409
5171
10061
20183
22035
46342
409
47497
26268
28895
24730
34952
15407
1236
972
13241
39515
43257
13370
37123
7659
36662
39968
25838
13262
2336
11615
35410
26289
19637
29026
35814
16406
47831
45707
19246
34358
15644
3877
42468
25586
6131
40695
17523
27679
6363
23896
20091
46167
47639
11580
10612
23622
35223
18936
44579
18905
32068
41651
5752
43099
13885
39666
21548
5471
3024
42978
16493
28604
23045
29802
4684
27888
20811
25554
34793
9436
255
18467
13101
10359
37614
36862
11947
47325
10684
22631
11180
23237
16578
46121
5585
39814
13573
28561
32685
34502
29896
3539
27897
45680
32086
2049
43641
45957
5574
8512
17055
13600
45868
43693
4303
16131
3792
35930
4295
45903
42632
49901
109
18325
11789
24131
47212
48307
25856
18451
34249
18012
23625
12564
31203
27433
44256
49553
35638
26690
45933
26864
18715
14398
27930
630
5176
37449
22178
6018
19177
28944
35539
32958
18021
18960
31623
42604
9158
32828
9923
25601
47199
22488
22764
7185
48644
28427
7205
36566
49140
39738
43349
22673
23844
9828
634
49309
20096
31866
32271
1170
36257
25021
15466
40934
22924
49286
41257
49799
18603
36880
16499
16127
42774
41539
4458
9535
25061
17893
7313
22166
12085
46152
32370
1126
34824
30044
16718
2753
28598
42645
39016
46598
48991
38336
45264
34491
44467
21800
42007
23984
32122
9077
4894
17682
21075
39648
49355
15888
41781
41199
44074
23866
18982
16074
20195
37222
39214
44393
28703
47147
12414
17909
43942
14476
44982
355
44604
41000
30516
48592
36826
13559
5071
30630
44196
20278
5515
24063
44477
19516
43095
14403
730
29835
33141
18786
26955
7525
16723
6474
5750
9344
34375
37044
32033
14655
14108
18709
34062
44427
3492
20222
43429
28644
3008
237
34350
6282
17285
17441
21462
4344
16150
8398
24340
11398
1901
42830
17733
23152
36871
9243
15623
44634
23689
20562
20593
8299
25854
16479
40984
18280
13609
35538
35760
15942
21134
47300
9730
27831
11873
44268
42297
8746
32261
7700
22520
26407
46432
49023
33741
9246
151
5296
10375
27638
7691
2331
3698
11377
1100
3498
8081
36081
9372
8516
19235
43868
32239
10993
16526
33146
8789
30412
31632
37870
36658
16843
12254
17885
11854
29398
13213
9932
42452
36260
36744
19954
20479
33381
43541
22555
26978
25275
25871
3198
9803
21009
5354
4707
45571
28197
19065
39593
11882
33930
17029
28809
48360
6563
2164
36118
13589
44537
45336
24133
41751
2190
28698
35484
370
44963
3452
40074
49100
41508
3255
36683
46379
7301
7746
31449
16548
15066
29723
9518
13053
22220
13953
30010
37354
37841
19152
9482
7611
7395
6040
30402
15270
30019
12462
33662
2842
14354
8676
9772
21105
28649
34605
13760
43814
9830
26765
20300
14681
23905
40581
32369
35206
41726
23988
48139
27142
3833
4351
25013
20677
43179
33982
21728
47827
9679
32374
36668
31405
33865
9587
25851
15612
42429
40681
12522
15600
25365
31450
16703
22199
4073
3746
35352
32651
22753
16763
45088
36760
3604
32225
34877
31906
40999
32498
35608
1242
4634
39068
36495
28238
31609
4401
46253
8545
13422
44178
36913
18469
21088
14010
30357
33878
1869
49710
12680
16661
40027
37902
47667
28731
3951
36421
24490
29144
47480
21197
9883
45435
31865
20426
27049
31702
19459
5356
16211
715
12110
29348
2365
10991
2064
23279
7968
20960
17475
11500
37755
39651
21295
41456
41207
33925
26206
21388
7928
21427
5052
42827
5719
42333
10796
1468
29267
13856
8371
39143
32985
41363
24835
30701
18113
45955
21486
26146
23946
13728
49971
4739
41810
47028
2990
7367
5966
18594
25493
24256
24236
12997
23471
23735
22113
26330
17154
49757
38950
40589
14698
35926
45716
47271
6520
36622
18089
9993
30306
41558
45041
23612
38281
17025
24531
1560
24767
47782
49428
46155
1805
43267
36490
14339
35299
7194
44649
7461
549
21099
14335
37722
1478
38102
11766
13562
37347
5742
3643
29863
40828
7474
4711
8909
10932
13388
1250
44099
32700
38534
14540
3978
44527
27406
40569
37529
43735
1559
47452
10301
45100
18445
11498
3210
37223
41589
46893
26295
9506
2968
26904
34019
4721
30161
33288
38895
26213
9969
28414
9325
35759
32509
20287
11429
5248
26387
13075
45306
29604
1152
7508
571
8784
5812
25900
4943
24342
22898
14066
25155
38432
17393
29812
28403
30431
49922
30224
22746
22504
37438
15513
16974
35771
38426
26207
14684
7048
6525
5170
5083
36172
32787
29589
421
18026
20433
36918
38166
47307
47429
35766
12466
15683
12402
35597
32442
23281
40574
7875
31810
5859
37088
25135
7554
22358
24105
16550
24346
37729
48217
7128
5450
3900
3674
12097
9973
32210
34125
38658
16466
1341
6127
16640
21551
30122
32002
28305
5681
3807
20993
10539
328
44403
36923
42309
28471
44870
20095
33507
4574
40711
9119
13781
22518
7249
49036
4381
28582
19305
24270
34991
35194
38861
2363
21519
1186
1555
24846
22205
43490
5439
27459
38491
34004
23105
10146
45181
49860
34602
46770
20206
31222
30494
26258
23765
4903
10126
10693
16139
47891
41341
18940
23003
37953
48411
10376
24837
22308
30135
6223
6911
5105
2458
19004
29995
25177
44999
4688
6530
21167
18996
23643
7392
31733
34355
26736
15994
37136
34203
41301
26084
15325
45915
48821
7727
7167
35469
8498
452
24510
14983
11687
15252
15995
1853
49841
1520
9411
39861
44574
2270
13272
34176
1512
45630
32051
42243
2716
49978
29769
17699
40155
34231
31805
42426
7490
28195
13197
16402
41895
17377
15514
11944
5712
21521
10249
37057
14910
45537
3507
41507
8119
14072
3553
33915
3556
24850
15459
48087
43631
48776
26006
8041
41074
48869
11527
10314
7976
12500
39831
5414
17995
39229
7387
49530
25294
23777
18663
31456
49143
26108
11285
24634
437
8605
4602
48058
6852
25982
24971
27699
29052
42868
12926
32266
43308
11183
19980
34803
7188
30832
10506
15273
36647
47723
5920
11259
19937
44793
36199
39907
13267
15383
11589
33330
3023
23597
1838
39770
43465
6743
49203
11732
2825
659
20045
43502
28015
2976
17833
25836
14932
1691
2031
16495
20649
6748
11399
13867
838
46618
34667
41473
17170
9658
38348
16641
31361
7213
10834
37639
8374
26754
31017
36802
19286
36575
45465
39568
4543
14695
25911
26536
17414
40243
30586
12351
37522
17663
34381
11741
25834
7384
30652
427
24164
36431
30339
14951
3467
48251
11908
12459
29089
26531
38728
5387
9937
47912
776
3377
35358
31879
2033
47651
5678
10178
1428
39406
9800
42923
7921
41972
32398
14924
31565
42364
35130
27347
44744
1133
32593
8980
43210
22569
11141
27582
34652
3617
16016
47904
34750
25567
25069
44921
5534
31735
40639
6497
36327
49064
15806
31723
44639
22522
13150
29008
22945
41272
37072
31324
18532
33939
9367
20384
43262
36038
8752
39960
23644
49512
31699
22815
9143
6454
10377
46641
34812
47262
17731
36697
49268
16968
9428
48731
5427
49031
33383
21217
37857
43813
47672
44902
38889
23677
23420
15574
29877
46796
24415
33695
23685
35302
10876
22073
40242
18635
29165
31448
14004
25839
38571
31100
48914
25440
1982
7902
36385
9006
39613
32465
45323
44026
19700
35991
2249
33187
21668
31969
38193
46169
26911
24457
37578
15784
35214
15491
39450
3532
10527
43617
7093
33056
25618
28708
23054
13400
15148
21067
27102
33239
26738
38772
32856
28141
4676
303
12173
7030
11107
13426
22376
35631
29181
44200
30913
42307
35389
43808
10610
47665
27755
24034
34407
6573
47145
45171
7715
43397
20356
5514
1361
22721
13610
10813
36046
33594
25006
13925
42095
28955
10484
30697
29808
26033
22787
2376
25731
48700
21374
26075
3207
37658
36992
11298
40195
17444
33037
34658
15742
12394
10416
46756
19848
48878
9111
45182
44339
34211
20310
7537
45286
45412
24597
10716
35543
3790
42057
39975
49425
29981
16054
27128
603
35281
37562
5047
34485
45525
46797
1352
49350
25122
27802
2264
33067
47323
11409
31168
49699
27710
5054
23336
49116
43289
18442
27545
6313
5862
10823
36436
16440
29319
23456
18798
46354
24204
4233
15453
2531
39174
14054
13827
26323
6581
1072
42125
45507
39532
2673
45562
39008
25950
4398
23930
15280
18070
29554
1208
8920
8138
12281
36759
38761
46570
40696
43546
39734
17668
47129
46075
48718
19614
19622
38087
6610
46277
10262
45501
43708
30155
9297
33900
15611
10936
48787
13450
48994
4962
18841
47910
39325
862
43394
16200
25537
36446
32511
32521
12586
25893
3506
37331
22405
4559
48135
9253
15197
40249
29127
23085
20865
22201
36687
11967
7728
49807
3244
10726
38265
10159
33739
5837
463
21385
38204
6898
41021
44959
45860
6305
8368
3671
36062
48616
17457
6501
47311
14199
38622
8444
48153
13211
39808
3108
7735
42148
44078
29302
31710
46462
36764
39828
16651
33858
38735
45833
34679
5221
49793
14211
26215
44901
19695
23257
25874
41429
43727
1820
32377
35458
30908
25296
47244
13501
49234
13751
42521
31475
4439
8495
30307
4388
2742
45482
7318
4471
8849
49822
45311
13027
6624
29996
19719
17666
38800
41756
3952
10236
45054
18069
16936
3252
34198
2575
5736
44296
25422
19382
30827
32960
22837
43605
26066
43475
5512
35705
23375
18568
49526
37907
40150
16221
3923
35985
24969
16268
48086
41998
45517
34284
20686
34981
20557
33918
32690
36420
45416
42287
2888
20103
10194
38155
1015
48767
9263
42017
42395
41718
39232
2760
17156
45643
48586
44357
6540
24863
33810
16174
47496
4063
30617
18331
2709
33624
49327
4329
31660
5098
7764
29960
15801
46337
41416
23557
21085
21923
32467
15030
7285
21382
6063
32633
35052
36480
10386
17105
27017
4132
48539
38771
11124
4182
15887
31278
9030
662
39646
16050
49494
37558
35824
33817
18976
45681
12672
44469
20901
38639
33393
5245
17749
32757
4526
28169
24987
26750
114
10127
14275
18576
6430
8325
25700
28216
24449
32765
17317
44958
39969
43064
24202
2657
8424
6800
7634
18981
5342
975
44597
34497
39184
45648
4544
10544
35934
44914
44666
34618
48717
48758
41407
13766
5272
40823
4753
7782
2963
42218
11445
4321
10154
22831
33426
2824
39386
33734
31375
4802
47503
14392
19759
25179
25531
12689
2607
2446
24516
25286
2750
22791
49588
39842
7650
17044
27375
37254
18388
29148
13650
28612
49256
35171
25274
21013
49095
23040
46915
23432
26244
47615
49003
28946
3875
23225
32836
42635
35050
15495
48957
17591
44621
24856
29381
45261
7766
400
26300
23411
38798
38030
28896
24711
25672
40665
8123
969
28485
35714
27468
30767
3474
43925
45302
45664
31521
1134
46585
13191
35660
41614
10353
21608
2773
10449
44193
4482
47102
3328
39637
5023
30291
6467
37818
48265
46736
21401
17989
33365
47600
225
25916
48591
22256
8687
33052
8419
34542
1909
8808
36200
15356
16408
1651
10169
33595
16429
10735
41314
39069
6724
37024
4867
32815
27698
19884
24588
18458
30243
3030
6832
26176
35842
29990
13409
6055
23180
44369
32188
16307
13911
36124
29321
4628
48420
49062
18772
1494
46017
47913
19830
17036
22313
13286
18704
7423
30040
21021
325
48845
20417
16301
44290
40094
16722
21935
17560
38286
32619
47955
18654
13812
37286
44449
22677
26549
23740
49016
2253
39558
16655
11235
3682
26759
19511
38976
20518
11779
14002
17324
8173
2155
32260
30475
39123
7055
23234
30046
41383
22453
11309
31170
26308
26682
375
36636
13428
1067
37705
17890
3284
22027
30107
13458
21330
22377
31150
38009
207
48337
36338
31276
7906
10013
25945
36263
33807
17965
31176
10085
31750
41754
19383
35633
20512
20013
41427
43133
4127
3928
46345
45964
36437
32705
3466
45493
6695
42353
3
48279
13355
26404
46552
9222
20788
35949
3002
24775
38487
45086
12652
24335
13508
2067
45618
3469
26639
34162
20085
11750
39870
22855
9578
1753
24587
36680
39020
39023
4475
6155
47100
36173
22813
2039
28841
28910
7837
1967
33312
32966
1080
43313
11633
36675
25847
17140
44681
95
47698
18934
31437
29746
30650
17107
19925
19326
48424
4255
19749
6459
19171
44684
9274
29187
23600
22108
35005
12507
32667
34685
11990
7813
8991
9171
27953
46871
24507
46004
1385
25503
16561
3403
9359
47259
14878
17845
46319
25889
27929
29706
28432
37309
43491
43792
5464
49084
13675
29013
32194
39205
38514
41715
4924
32663
17368
20003
25870
13940
24304
21976
41850
46515
42871
26737
6154
28014
30386
3245
34942
28711
24330
3217
16816
43452
27300
4148
15519
46684
23849
49818
46475
30371
40577
15558
4094
15315
26730
10257
46850
47787
4999
5527
24062
21402
19819
28954
18074
22413
563
24694
24583
48376
13453
49017
34099
34379
6507
21000
35499
8668
26816
41686
13846
37451
40668
20709
41711
2297
37169
42430
47916
25162
46741
45189
49597
8828
45163
46927
7853
27701
17123
1859
25318
10007
28450
6673
26144
10525
18290
30016
10629
15727
21895
12492
14170
23343
20908
11066
35708
8644
15165
20533
12871
25192
24675
33248
33637
17217
48186
5672
17082
8420
11289
47861
45206
12151
7383
23368
29386
45356
28692
40820
552
10389
24217
29531
12191
32007
10954
1074
15367
29662
9218
49196
25505
12340
49782
16018
19078
6820
1738
32744
3793
4495
31274
24573
41378
25186
6049
6543
46899
46610
26386
46429
38063
3318
3426
19781
38260
26629
8591
2569
35910
19685
12335
23169
12009
44757
31353
27768
32245
22730
10989
29930
18815
36999
4150
35917
10712
40555
31539
28808
28803
43731
30131
14330
24618
32203
21746
3330
11596
22865
31119
27099
15572
15241
15090
4340
29834
25470
9318
28135
15916
44576
35834
27047
32365
37119
37000
11704
37977
4186
25806
8245
9731
18106
6555
18895
21423
42462
21939
25341
19717
12556
21169
45237
49722
28606
36598
29880
36254
4355
3188
21015
2387
18066
32764
32212
46907
43768
28516
2763
4580
21177
31951
5257
47073
40573
36397
45379
15539
46323
8301
49808
12578
24615
39041
1736
37726
26694
1629
46882
11294
37789
7077
9048
7014
5929
21849
33062
41169
18788
11441
32109
39063
49990
6580
41039
30703
30445
37823
26360
25824
3876
22332
42240
14567
5899
35706
3411
33395
12558
27556
19365
30789
48544
4001
39765
20885
11196
18264
19694
44280
23250
23591
48806
25032
18379
28979
34847
1429
40036
45481
24851
45475
36633
10560
17064
27577
39932
26344
11572
37249
22045
38295
11747
13322
941
45339
38320
13837
1640
17293
38698
32350
16695
11770
13240
15033
39707
