6670
21200
466
12455
10173
40138
10479
34878
49032
39773
35613
43550
20854
9606
25820
11602
31244
8344
40714
47377
35787
48881
12090
22605
3304
41531
42837
19954
1277
32592
6842
35244
45976
48771
45892
37132
44480
6382
769
27096
41966
15214
37428
19643
16349
404
32301
26225
48271
39948
15026
22963
9626
22702
19509
37340
18563
33665
13914
2540
11296
34962
45461
31951
46050
18927
4757
22734
3078
26989
874
22473
30304
35445
13731
21446
4292
21615
4706
42158
26188
46940
16168
35568
47330
42352
31711
46985
13841
12552
32300
20395
48600
35401
9490
48626
27152
14087
11354
33999
28897
41538
1123
19389
44468
7893
13465
4685
21770
31991
44060
9178
39031
44778
9987
21635
4117
2552
12566
17524
33119
49015
4942
15260
37381
40811
42671
21631
11143
29272
24233
38483
26106
22445
38225
740
20393
17909
9236
6829
3552
28218
16777
4721
6874
6295
14913
21429
2692
30675
2287
27985
16928
18237
21616
46213
23174
29001
6304
28156
5597
17549
28568
39238
17776
20519
49586
29100
11754
19341
7401
9408
22058
46497
9138
32067
25076
22324
35924
39770
36148
40783
486
17506
11010
22250
4914
12851
11233
11508
31225
5105
38678
38178
16067
46393
1243
10688
26125
40885
32864
23987
48415
28532
5213
14132
32222
15303
46346
32644
3185
33576
101
33626
19914
17967
6320
26175
37737
8936
23826
12933
9056
44385
38693
41731
33795
3060
39650
3368
32595
22456
5806
38182
10268
12950
19087
43466
6387
29982
4369
16557
16090
30012
10341
17001
7500
32664
33940
8946
25639
19072
10853
31750
49568
36075
3953
34934
34572
32803
11876
18324
42856
46924
28161
13818
36221
20905
47053
34764
26732
4195
23875
30547
13847
49427
35028
18357
28752
46983
15445
14235
5201
22307
31653
35447
42233
20849
17798
41414
9071
49646
14373
39761
35511
41511
14681
41202
21512
42266
26715
6215
38571
2161
44430
45498
31377
24847
18516
47661
26137
23686
3517
18423
34885
42143
39076
758
40432
11524
27400
6042
45538
24894
45634
10785
1694
45307
7277
38823
3407
17846
7795
282
11464
3677
16609
577
39878
3542
42786
22705
10068
4935
40938
3949
39201
23399
36787
6147
25644
38520
33723
24470
25834
29000
18868
24999
41926
32360
27785
31390
36243
10496
30763
861
17579
34916
12010
30988
38516
5790
40957
19815
4422
33006
23007
15473
9427
37490
20352
32780
360
31838
44499
22217
6710
11745
38738
38405
40010
32169
49594
47367
36386
8637
2529
22086
25982
30125
36583
14517
14824
19497
14904
5008
39436
8038
26571
685
39075
41263
2999
21780
14917
16476
29867
7592
13215
46370
40713
15175
8407
18073
10127
6182
37911
49356
11855
33946
23088
3424
46527
1112
22504
41443
48870
40314
48052
4221
43874
20826
10043
382
32461
7066
19447
17847
43927
14504
33090
36686
18804
31240
13210
45939
1665
18274
12927
32778
26273
33738
43803
46424
10350
17064
39240
20638
25712
28861
42965
25078
7127
24457
30835
39569
22268
9044
17532
34717
7001
11818
19934
34373
48158
37570
29396
3943
14674
15769
16639
45648
25668
19444
17860
43454
41059
34732
27362
21807
16377
25589
32843
15859
19985
20933
30691
3594
16087
38834
2828
6675
35103
3354
43381
41324
42955
24045
21405
43349
43075
48027
33492
15010
36373
38398
48646
4691
37161
2021
24220
31115
28438
7037
30952
5047
3335
29857
34735
12533
21782
43756
45013
40227
3483
31237
31959
24202
12496
675
14843
30206
26299
21585
24437
44260
38174
42056
12383
251
10278
26948
22297
48876
43284
12429
38015
42535
16871
24545
4597
45150
26160
9322
24197
9263
415
46765
14958
45163
34564
21584
8751
43051
32737
21352
28434
24346
29075
22774
13723
12389
11470
5299
38631
1141
36317
21391
30683
47166
4417
5987
30435
46122
25447
15585
31995
27715
26930
49168
35738
42882
38696
34502
7590
25213
163
26027
29926
29647
31858
42647
34381
41044
24218
9137
31185
5595
35073
34896
44556
9367
27095
20261
30994
15185
20922
38023
33681
45475
41904
42813
10856
16368
29855
12889
21795
6947
24925
40975
37060
3143
48058
10790
17090
5282
21277
42310
8416
518
23965
6554
30051
2498
33624
38660
13423
17945
19818
6894
36353
36230
10972
33670
21228
21850
23180
2698
18391
41327
14609
18589
2694
14363
15045
39940
42472
28335
29963
34761
29136
43314
22665
46210
21934
35638
41758
47905
9270
11
2806
19299
19542
44387
21048
1497
15355
29519
26020
26153
32499
37693
34664
43295
48440
49352
3322
10373
40759
30177
4010
9039
13338
40238
6956
34039
5239
9347
21004
1073
24347
21166
35211
18695
10992
16123
35502
4093
33066
16672
14540
29430
45822
13491
29376
20274
20766
26082
29014
46251
40647
10102
14461
15197
14592
36861
35352
16436
23234
35454
44452
5629
47762
140
26979
26857
34077
38090
11026
31699
40193
28968
17980
12051
24384
36087
28328
11937
47632
49239
36046
40436
46713
35019
3480
18126
25643
37790
20810
15267
10140
38091
11245
10805
43869
41292
49385
11635
27944
49762
23395
25708
37987
43430
24721
31127
16179
22155
27067
43210
37437
48118
9221
34618
32101
4561
44663
2421
15200
20296
46432
15378
21786
23745
1371
46127
30687
45526
23310
35267
18531
13255
42039
20029
23325
11752
26839
23182
34185
22230
35907
38536
38544
30075
25112
49133
17727
37871
4843
48459
45907
25608
8984
28596
9267
30345
30783
30932
18712
24826
18393
27297
9899
37723
29952
6364
29206
35857
42281
4485
15762
31072
8304
24979
14221
34053
44917
3144
15468
6505
7539
37827
15259
30402
25805
44564
21853
19039
5009
41353
36066
38743
49511
17390
28969
43081
18499
36563
40814
20423
48638
15152
21808
9226
41130
27489
21577
13920
9343
9002
35371
26830
299
25127
33687
48914
35728
23918
35983
36934
27624
22594
15060
1738
39728
17580
35768
42680
38032
33422
20310
12298
47482
39953
13018
1690
5223
26612
24022
46837
38034
6124
4438
44151
40142
25418
40860
14729
27492
33542
45772
39515
16412
41452
5601
27015
32219
4458
46176
44241
32821
1829
41336
38746
28850
27325
23563
20153
10156
26192
7288
38525
18990
3817
23530
5370
19210
17030
23145
33186
11985
6682
2565
9245
40446
48827
1656
2319
13238
7413
34476
5503
28340
48834
47666
16721
17275
39104
7753
37436
47162
34733
15772
568
3172
4529
25615
19832
34506
36330
30451
20045
21458
20321
29306
42124
48167
4964
38037
15797
25794
39168
31413
49196
523
4051
21319
32143
47838
28216
34125
8167
39149
24
22547
12286
46327
8935
17472
7711
36883
40910
9913
20164
27993
40853
18330
28322
36651
34936
44702
32600
39230
16000
46473
20097
20629
40998
8448
49358
40189
43772
4985
24532
49944
1625
6287
8813
2711
11264
7953
18710
28195
3159
37001
7959
21355
45469
42085
38448
660
13698
48369
11887
4433
8332
3154
41771
30043
30904
26952
46784
28656
39285
10709
37354
45589
31097
27913
40328
17181
43424
35164
16449
37821
33540
36199
9976
42297
13670
5483
18739
41456
15264
37208
21990
16701
8706
8219
36547
14574
17531
20712
40924
30954
44826
8252
15672
45063
10021
18293
29998
19868
4081
20042
28514
3245
11315
42471
32924
5731
5197
1756
5841
19600
3748
35848
15675
33102
23037
19524
35023
10426
5779
38938
15228
17801
34463
19839
13088
46547
45155
45738
25814
12521
14908
35739
46864
33353
14910
10104
20594
19743
20006
46092
3674
21353
4478
14855
30654
9041
8920
12980
35767
22565
22309
39121
2845
9888
48248
33561
46886
49792
25122
9744
25651
16227
31905
9401
49476
28323
37623
40424
20377
8486
9259
25726
4380
20329
27381
21479
10404
36656
18230
655
6514
18131
48286
30889
6464
31053
19220
3224
49563
15079
45438
8884
33092
24561
1873
49131
5520
47210
33810
7323
23554
39738
21637
40429
47081
34365
12984
17541
22085
42624
18344
32457
10988
32787
17085
14644
33677
353
20794
38135
37022
44095
42591
34550
49981
5703
43
21679
15773
10886
34606
16855
16329
32535
43609
33672
19654
44736
33388
13244
39461
48277
26648
34760
1124
43502
40745
40964
42938
25921
39027
11408
44221
21129
10801
16702
22234
25825
12024
10473
40865
882
4230
39191
32909
23276
47195
31403
475
44494
16919
48577
1153
17673
32019
26528
29049
13428
17366
3454
20553
48373
25432
49540
29005
40520
38206
24815
1291
43047
24108
1964
6112
2677
38639
6690
13870
46593
20895
37352
26576
36356
20580
49740
22719
8547
42170
766
17516
4403
15314
10687
35080
39823
32691
5758
16059
46918
16277
21188
34193
29818
22051
29237
49471
18933
1562
18382
7294
8907
34751
2851
8835
3091
5831
7885
30551
14734
27413
11333
25003
38606
41652
12605
48405
36506
37878
31059
39705
3327
33591
44375
2998
33301
21325
34601
41569
30809
46950
32111
225
48067
29828
31778
15403
46698
15930
21163
5332
4690
16459
20229
48533
2274
37638
26454
12451
2058
36325
9009
11493
3286
14396
4018
21016
32242
43067
45302
27233
3053
18981
13003
43147
12526
27097
10672
46277
27366
43363
5718
15898
13961
48525
6536
25431
24865
34983
15310
45775
47214
18317
21963
34763
13628
29944
42523
6544
46103
19764
34566
1299
11287
43762
28050
46433
8414
11282
35646
47121
5015
1795
8707
33485
3363
14285
25135
15784
44357
24500
40364
17430
36156
36092
23270
8022
17731
2881
11935
32928
6035
21197
8320
30676
27010
2140
43522
20998
47156
4030
38345
29176
5562
40076
27511
19149
27498
9115
6552
45050
9445
23948
25619
44230
49472
22138
3178
6149
27075
14348
47975
26709
10748
32802
33237
20357
8842
14780
18430
31594
26620
48787
38219
19271
47873
17252
44687
40952
17956
48422
21039
7945
1734
19129
16288
38552
16107
18526
15393
13394
48402
29089
44312
16471
11564
6953
1077
14553
38530
15595
36409
16927
28893
31171
16469
6277
18749
36418
40338
210
36610
42512
16025
18591
28671
5407
41111
19485
45493
27722
3605
21264
31121
20923
22101
36537
30962
19963
40123
4755
40184
46580
4681
1252
17755
2432
21587
30696
19152
40391
38661
20069
44630
31197
43677
24701
37727
10706
5329
42062
11832
7678
31860
40232
33909
1523
8044
23376
3338
31146
17162
12576
40967
48390
30827
47272
30776
16794
48731
7998
25586
23608
39629
46742
10605
27784
39282
48161
22926
29874
32051
36505
3650
42441
49425
12123
27117
33297
23792
11448
9914
49971
6231
38707
20926
585
9700
36113
24947
48429
24066
3241
45114
47427
24709
26071
35862
4968
28144
35220
2795
36442
25312
30969
3563
6726
49607
49994
14813
24863
18567
9421
44572
35672
6761
11005
42545
12542
48325
44616
35251
2167
10255
645
44093
22186
36939
33350
41165
7361
13611
32079
14453
39305
18613
4729
25957
30085
18643
17122
35671
37506
44394
31686
30129
41264
27597
21071
26000
7782
229
42031
17449
6896
22804
40709
36749
45557
1976
7439
49631
13716
4634
34395
23711
36658
27024
44891
11462
49546
11277
5507
49253
39796
40207
5267
3587
9701
30596
49629
25757
9623
29058
40947
9629
15767
19717
36584
35069
20209
12973
43199
4169
30447
22548
20662
96
42448
22915
21087
36155
43160
36424
10444
40307
4303
12633
48222
785
38811
20785
29767
27586
5078
27838
29017
45725
42388
44883
2575
4260
20956
13487
18058
5379
24266
42137
2416
654
11533
21614
44762
23952
147
6339
45456
11650
15739
36782
19533
16181
39588
3960
39137
28081
47066
44042
34481
41128
4105
36375
7143
8253
38375
11921
23775
28979
37310
26497
8277
16555
30181
2796
24195
32031
30842
34659
19641
2290
626
21222
36826
36277
2226
33609
22156
43737
5159
21633
40863
35013
32669
3149
3160
46126
27350
46703
29290
19078
31018
26484
30272
47174
18708
16975
7234
17631
14475
26770
41242
36111
49602
37907
7734
42981
2008
33075
11311
39120
3848
500
4853
9715
23637
35882
27955
39854
11310
5772
41247
43449
5791
4025
34010
5979
2848
19319
27122
34299
29007
16690
39812
31432
42873
3429
38107
2640
37607
3741
29062
17180
42459
36107
44752
3067
12289
16894
7681
48227
47331
10236
41086
5614
36303
17703
46513
30472
40477
49868
16350
42825
25157
6548
40377
21569
26557
27818
17554
4775
30826
21952
4911
38374
25705
35923
42697
27654
43382
6398
25492
44918
22659
32368
24511
44946
822
49535
14970
8593
31480
19147
9097
9589
22860
48548
31825
5850
23655
26935
19635
43197
23387
37348
20421
42584
31380
23159
9284
7156
49101
20170
39469
25281
18374
16778
37812
38846
46151
19313
7675
28600
13549
11567
41073
17752
31675
26747
22875
27576
48880
26897
38240
17551
36206
37250
38570
10657
2884
13541
6932
46668
3769
12473
10432
15456
39936
35290
23930
19748
10300
22283
47566
413
6749
20080
41766
10917
44287
418
2843
49833
10186
42165
9800
3073
2681
6415
5653
31386
13140
29168
43471
36921
37471
48980
36358
49954
32357
18223
32551
13580
43648
37753
3068
11457
30497
32119
18698
14097
7499
2499
39763
44797
23304
27979
13334
9106
40681
38578
30786
44639
13694
34429
15576
30353
34471
39239
17391
7984
11375
44509
12084
28799
4926
25968
49859
18216
47236
32007
9838
49975
25244
27070
32418
33782
17884
16769
46175
27557
17172
46228
41058
47016
4720
26746
5898
8628
45568
41685
15654
41778
3657
37701
12886
35994
46559
31320
40958
5084
2390
15222
34637
10280
9601
44292
26358
36676
42510
7529
41199
27404
19364
709
16070
26481
32521
39987
43374
15218
16328
16333
19896
30578
29191
4646
37124
34435
12086
40199
37754
6173
11301
31060
32560
21189
11674
33410
39142
43142
8421
28066
28019
12845
46833
32469
27
10585
2577
35389
4118
30718
2910
11418
8139
1434
8030
17431
16711
13970
42424
18176
6841
38616
44439
30848
18152
19114
1776
2784
27653
26116
14633
42457
33057
37809
12861
15753
42127
30042
30923
44107
39092
19677
36545
41930
24911
16195
8400
41125
10656
5708
4193
17934
45455
32742
9084
39029
33191
44147
49018
26325
13222
37755
24172
33423
31448
39501
12184
10797
18673
10493
695
7341
21121
26619
20330
29146
5352
35351
23151
48696
36955
20072
38710
40607
10508
28282
19665
19623
17653
46322
33630
49701
4704
1273
21365
10708
36447
41159
30625
41794
2563
14464
38288
1174
45849
33486
4209
35836
17867
26062
36319
20399
8883
38356
30326
21481
44184
46352
39212
26513
40031
21893
41185
11003
26111
28781
45168
21448
29934
43583
5034
24139
31487
13964
10209
44571
8316
27249
19583
1710
33116
30199
20242
28158
4782
30059
44440
42845
38287
30737
13372
26634
8083
5394
34859
38928
14812
2826
10883
8582
31080
27876
37947
41872
15156
15453
1999
48303
36478
34684
43524
18090
36283
24001
10840
36069
27888
1238
17734
17236
49251
12392
19063
23648
19382
48684
8885
20244
21082
43225
19473
46194
23773
45948
44071
44029
11368
45958
22788
32795
47292
11428
23164
20963
44682
18422
10146
12745
46038
2465
5113
32756
16675
6866
39139
28287
8671
17048
378
31203
3260
18734
40687
5851
7031
24883
5582
10893
3152
13439
44028
35780
42920
22164
19790
25538
42442
38053
34131
31884
42711
47820
43686
20997
4850
28704
28072
6722
9432
10956
32586
25199
930
40279
19878
40112
41334
40035
39547
46758
21423
2966
15642
45238
42052
6785
7447
41255
15858
8793
8806
34710
44952
39054
46599
10331
1115
24051
43226
33392
1781
38572
28983
45613
2704
36068
40072
5424
14243
32213
45491
10101
2635
2441
34407
256
45189
44812
25713
17878
9992
33444
19135
1573
12797
15697
18813
34691
9817
43542
25298
1671
4785
790
31145
5452
26625
23517
32029
20991
2558
33361
5867
26695
35523
4278
16632
31612
17106
43073
25375
48330
9739
37686
629
19506
43026
1913
35142
30131
21565
7146
45127
26590
47816
33438
33941
34240
5634
23729
42879
31050
33623
12848
12681
2318
24296
45934
15320
24628
21342
42421
22255
25111
37441
32377
9102
39654
45251
31971
14794
19601
7520
9820
27224
40337
4711
45015
6233
47099
33474
44757
20361
6501
8575
17897
24760
2233
34259
36041
37721
47777
4497
37859
23864
25448
30279
14346
47041
48117
38720
34270
37569
35213
36381
28508
27038
36986
42191
14862
43995
47912
29552
31757
8557
6895
28357
33765
27940
13121
1517
34513
8118
11263
33823
37351
11531
33155
19917
33783
29239
30110
16613
10013
7050
2888
26104
6224
7776
6045
31635
21738
5641
3610
44655
16862
7543
754
5769
28293
30748
33211
4054
11682
30494
27225
36430
39698
19807
2748
8471
29202
17665
47569
11900
31974
49010
4297
5470
33226
18618
16699
37152
14322
15002
41895
38881
15196
32236
49956
3044
26568
35933
36798
46551
15015
23115
1223
7003
24369
45261
18987
36258
37432
40420
31091
12674
5700
26764
46349
47060
34932
31463
4269
21270
30677
37006
17378
5129
36451
3447
13027
46149
6477
48635
26382
21760
17789
22507
10798
42974
22971
6010
23170
11216
34931
25860
43035
38119
4046
31063
4793
27981
27652
39247
25403
12040
33469
14594
23010
3383
2337
47369
23427
43179
6301
33929
43848
4648
25844
14516
47757
38929
22219
123
23820
10359
15816
38845
11890
21452
23667
20397
37527
37535
32318
30774
10742
42850
10535
40092
46139
36851
43537
23727
15725
31173
23273
890
8408
26028
13132
29554
9336
22209
29611
35709
3844
2038
29550
7870
37386
39866
47285
39052
37112
20502
28578
27118
39381
27718
22111
10485
14210
1705
10097
3799
10264
27012
41184
32855
38334
40624
3906
7928
18915
44710
37016
9300
11468
23365
32547
26191
4055
16125
39930
12403
21640
5278
29317
5294
31139
30003
20141
44019
1402
16840
39300
27394
12509
31690
8376
46548
45326
34681
17140
22476
25007
32860
48956
21961
37507
39146
35600
24516
40248
42028
6759
24301
18044
29474
22762
37475
32897
6205
8894
34894
13843
21661
38456
42020
34265
4034
7934
2710
1972
7530
28509
11946
10854
12507
43439
22081
24887
41354
24192
10556
33891
5605
37374
11760
45636
48885
9473
11851
35529
14349
41063
16708
789
17584
28564
3114
15263
39362
49498
38600
37858
41432
27673
9295
9013
15779
30386
26914
34361
6940
28951
26962
17870
7770
21392
9634
37446
23909
29788
7208
41271
17555
5353
47500
10881
22305
18474
48644
44521
46311
11424
23832
23034
21385
13557
28413
542
27840
14126
48006
26458
18066
27337
20582
13249
752
1170
42392
18473
26604
24340
27710
1594
8223
24770
25194
28475
17749
104
11175
28035
2968
20924
19250
34461
43491
41309
41042
23512
4661
46452
42413
28469
36799
40765
17557
35968
37261
7546
2846
35593
18689
35475
23275
27318
49844
32297
42846
17470
4349
20146
10003
6166
2400
18208
25885
26739
10832
30873
13878
22644
37691
7419
394
19683
41178
38066
34328
41169
45693
47962
12266
27256
1168
24568
32006
43223
36944
31800
2083
20150
15877
7284
13539
4064
29700
2835
22282
6713
35026
7058
31963
43451
2896
17397
3545
12792
42207
33284
6434
47786
44677
26814
14294
39961
44589
39765
1689
39589
4920
32820
5622
32375
48164
22180
40717
15405
8666
45356
22386
13360
43114
22338
6607
6609
25525
14753
30410
4324
17410
8838
42892
38857
27029
14077
46560
48017
45291
30315
2033
168
26320
34164
20201
6346
1356
9283
87
25000
22945
9476
23489
36025
25837
17040
14534
40319
25965
40518
4740
23908
2850
2879
8610
17159
46725
48275
47755
40519
11188
16773
49537
27208
15501
39523
20656
13915
49210
14074
46913
7417
18243
4168
15881
13778
29649
23928
36741
17113
8679
40462
35020
33395
26279
22903
10137
45122
9835
33214
1991
31248
17823
6697
31575
5436
43077
41135
8330
44784
1841
48868
12347
21236
18892
4308
31569
49691
5380
10757
29433
1685
27112
24610
38014
28131
49863
8554
35006
33598
2206
41881
38638
11339
19387
26869
36565
35692
17503
22506
48741
24740
41888
30642
49143
5339
42670
3444
45932
42554
7485
24018
26637
1082
23244
44310
28912
10693
18556
17930
30574
21486
46381
27180
38339
1430
11960
13962
35194
14393
37028
22482
7176
4709
35248
43818
32750
13243
26461
19961
11013
17787
2958
38179
45093
15571
25145
14364
48095
3200
11236
36968
42490
20531
17295
13899
41983
17244
22527
36268
35083
23516
39954
6160
45995
18938
3110
23743
7950
6145
41884
40670
920
4258
13258
45552
22281
49439
11748
42866
8696
37492
7128
7291
19449
38221
34706
27429
23398
27391
16939
21979
18047
49703
5144
30917
19716
3434
36730
6372
48384
36496
29814
35505
13181
7690
26231
8577
15349
4992
12064
48987
40485
15645
49571
458
3604
24099
47765
35868
48873
26980
23531
21515
9414
42828
30193
29644
48716
28319
18286
44786
22865
12478
29614
31095
15613
18272
46863
40020
5100
41876
7720
35885
34177
35591
30866
36601
18553
1731
19857
32536
26349
908
5684
13868
47583
25120
18788
5188
27363
24400
786
5670
46344
15625
6187
21149
12739
761
44577
30374
18818
46426
7062
16753
48450
24671
9596
38272
22020
44640
24781
25032
32719
9416
21763
46013
4356
46729
46249
31372
26431
17927
40277
22642
3485
4090
27503
13306
23101
30536
43578
33412
3481
43307
45434
18702
38534
33962
4533
1283
23167
46416
31399
8701
25928
15607
32804
43493
17916
49376
49966
7762
38841
26084
46111
18124
3765
24512
46479
38956
5245
22113
8959
30057
19793
36385
12967
38799
3753
5484
37368
8618
8264
45529
8789
30521
37596
17209
49920
9244
9037
37357
14886
17494
23860
33193
49940
6311
20350
37273
26293
33045
6251
42838
22819
31939
23302
45000
10926
19753
3213
13147
44697
8292
37400
18835
37554
25427
33982
15651
16498
11297
7593
26833
19052
19043
36974
14928
5855
43379
11372
31871
18896
44528
48958
31948
19529
41773
17222
7365
2250
29221
36550
48575
26597
27970
47213
10027
5224
1575
30811
42886
33429
44398
20796
35944
40533
37575
44885
38065
26252
17444
13526
2085
25878
30338
700
49177
19069
14601
46620
23651
2817
44185
7912
20699
6908
41062
12251
29351
39248
22576
7293
46723
7480
49949
25889
4712
38732
47654
25743
43953
32763
28559
7488
36595
1721
3367
31637
42593
26417
34061
48300
20381
19392
39312
3161
18140
39253
20488
9773
1443
35132
16030
1679
37712
25232
26700
26409
30674
34812
15266
16747
426
7542
40357
2514
29217
27655
14255
41553
1421
2361
7851
16804
38353
13982
31631
14031
6161
18916
19357
35016
43360
46389
47887
19426
41533
20050
3059
22913
16240
23009
9628
40398
3916
39785
45204
44551
23348
2015
46755
23599
22333
44935
35869
40997
44780
25369
12456
42049
48059
8289
1132
2771
148
19439
11432
36499
36789
43770
21662
8345
36413
40951
28152
1156
19146
41867
22380
7623
4325
34808
16532
38741
44079
45172
39801
33308
44435
27027
49219
40003
49663
34462
18765
15235
25919
2872
36362
41225
28082
38378
18522
6872
36879
49206
45393
24436
12396
31338
3097
43516
27108
31589
22440
40755
44302
27349
15340
20626
45322
8890
23574
35011
17354
31126
10588
232
21973
44096
32089
47587
23347
37688
571
44275
28134
49478
41349
33713
37330
39252
42853
25567
31735
25137
19694
46930
48589
34959
36593
37852
28143
34796
46951
27133
19627
25988
21439
35730
42220
41000
272
17346
18470
21590
11552
4382
19434
1537
10562
24766
44506
40261
44170
25410
20973
31524
4047
44899
16056
24715
5489
20790
46064
33394
31708
3462
39458
44603
1355
35329
26185
12432
31359
11275
34377
36981
21845
22809
9543
14002
8397
25322
6268
39345
30099
13565
7897
5060
42679
39725
43209
2513
36323
23324
40565
24594
19283
47441
35038
40591
23684
33478
45712
22016
25673
43645
43736
32927
19531
10490
20672
29648
8019
38239
2194
17136
28686
18936
41322
48346
44434
14439
8674
39606
45830
44327
24173
39033
38416
4560
17118
31982
27934
18258
25845
8556
24189
25710
47029
42063
31291
42502
28817
46878
14923
5007
33593
25017
32137
43486
6436
22464
4411
26278
18849
43138
1882
18565
42741
25343
506
8047
29605
46764
32768
23964
16283
4598
14690
29651
43592
20955
30205
45610
9865
34331
31339
43512
27639
41254
48836
43088
13304
4641
43036
18425
33649
11463
43938
13101
42314
27446
38966
16045
22328
8782
48819
2294
28331
29489
18549
5146
31105
19604
21176
7494
8442
45104
24698
33839
4454
45324
7106
11977
6135
5103
36038
5180
35354
45023
17121
21762
49339
39339
27775
6385
5132
22815
33382
41776
37545
7521
4224
41439
43376
30126
12378
34089
42787
47793
37728
42688
27549
34694
43380
20147
16715
26350
48862
49727
28015
36306
45193
36484
36147
33953
29360
38218
27684
30152
6037
18113
13277
10311
35440
40892
9557
19246
32506
23976
18604
4592
1597
15653
18889
4697
31994
1270
33236
13417
40456
34198
44179
32950
31028
40282
16312
38828
47781
218
45940
44719
27765
48665
44998
22889
40200
15487
11340
8334
34016
788
31045
9007
48631
13709
5070
27495
9370
29035
16775
49100
14367
13037
38770
23879
5181
31761
23241
41863
39503
41317
32080
21389
47611
32550
35837
8311
28225
1580
22394
41948
20852
23494
6512
28467
42520
367
41079
48742
10433
29950
16282
48232
26183
48705
18260
24285
25051
2840
42612
4493
21411
20751
45888
48947
20466
3966
47074
4751
27409
41472
17529
23690
45489
24193
40220
44300
28996
11228
6673
6643
16193
39600
8891
24137
21165
10765
21885
5430
7164
44138
39302
37816
32232
2454
23609
3206
35531
16978
40785
37061
29508
9278
40701
46611
6174
6138
8631
16445
16154
11082
7140
13070
9001
42271
21924
40559
35009
40532
20326
45071
8705
24966
34092
46966
20166
14099
15648
26789
25103
41383
16638
36780
35607
31832
15357
24785
25714
37029
49661
4768
21430
2448
41667
1759
5480
3328
6306
22007
13094
8183
16018
35508
31688
43371
3602
17500
24668
11963
2626
25960
20951
12461
16016
42895
36736
47701
23943
35266
25335
38776
41929
30724
40804
13307
31579
43726
13948
47509
40263
8568
14281
8513
10103
36747
22322
45941
7719
30175
43886
46517
31032
45903
41576
38088
4249
28658
40330
44339
24169
29727
26068
18340
19074
48123
5505
41957
29907
7205
8947
20943
6519
17445
9450
36070
1966
47593
49325
41277
32774
1658
36581
30798
29076
37087
36266
10244
16980
28107
20728
5151
35404
27506
45699
2507
8468
12368
17680
18440
38236
42708
16199
7983
23153
47361
23692
47928
12985
17447
25947
7381
5657
3671
46528
17246
46145
11532
40661
5064
27314
18620
37415
39511
19086
20880
6925
3087
33101
44555
21567
7283
18079
17206
47118
43055
20213
20610
26230
3283
17245
11433
44579
12239
47511
37429
7732
49680
1452
13768
34964
21948
28812
45031
45866
1159
18845
37522
35959
31993
24501
4510
8071
22611
1429
8379
41294
20615
13291
17322
32476
39543
22689
28830
4569
22598
20366
31683
33942
17973
46009
34984
22531
5709
22623
13139
19278
23591
13344
31019
211
21240
46478
41697
20119
34464
47108
25282
42133
15871
36980
593
44788
24579
11410
36868
5094
21381
692
1143
2767
23782
32402
15904
8765
31989
44934
14424
31516
34616
22119
40258
27156
36891
22098
19257
35831
11994
10075
35466
36398
27051
41710
12144
3123
45184
49993
43385
36142
19275
38898
18249
43766
17088
28633
30376
37283
48663
23996
10416
7738
18024
12585
17214
25114
10697
43397
18677
28824
44505
48597
40165
46056
13446
45043
407
39574
49142
43862
29534
14555
4530
43971
35930
46465
10223
11795
29710
45815
41246
24835
13154
29478
13354
971
4218
43109
17925
39990
7305
15599
49080
13728
47160
32857
47492
18161
1100
30728
42931
26708
46359
25006
6114
16539
33956
48231
42621
36439
38722
8273
17742
33202
39590
30248
28555
34394
19352
40336
7582
8343
35809
17611
8667
41155
11847
49326
25780
31183
1206
1344
14716
47270
23295
11098
11108
10403
23938
21069
48285
37296
8950
42640
892
38701
1305
12735
1308
17877
2222
27936
19104
2378
35652
49110
5232
22946
18681
13972
28405
15965
32125
44276
24291
1824
6847
49450
1418
13080
21252
37938
3957
5775
17253
35720
4227
6360
13197
45488
13315
26307
45041
45744
40969
9513
3527
47246
41183
9736
46231
36650
5378
37663
40833
32563
39320
15283
9985
1241
39931
17164
46206
24002
10291
1677
45464
5000
18721
38583
36930
11640
35153
49530
41310
35564
15999
40796
49105
47375
24691
48054
27216
20256
32985
20717
40786
43032
15826
7658
3204
11973
1949
16156
28583
14570
4934
41403
48637
34848
13759
28990
10858
44722
46099
10586
31367
21098
18774
32329
43951
46949
35485
31907
36131
36233
7098
4011
22766
29768
24789
48026
35940
34073
37979
31030
33354
35033
40588
45890
13902
27882
2198
4291
30066
25700
22036
31002
33407
8609
23110
13031
45412
9049
3445
18932
26146
39036
20858
33779
41120
17453
34897
2666
23777
32046
21175
42735
8767
22042
1131
27137
27982
14998
11300
37847
47658
13501
14239
33167
23080
49536
49900
8657
18998
3600
38109
7860
3005
29533
25549
18566
5904
39277
41615
9637
16887
39406
18980
33924
49447
6863
41770
37478
34863
2116
47783
46086
12882
60
16452
7987
31245
39102
30850
13589
4351
19656
11925
38460
17517
12025
49442
41176
26725
23805
29664
27142
49943
47216
49191
18053
32836
17290
33230
3210
33264
41781
35219
20937
41927
21312
35533
15041
7012
36850
46601
12910
48140
28085
38186
8590
35655
43600
21035
26075
21766
45919
49702
5835
42186
25642
34791
5606
11067
36622
27933
1652
1641
28220
5980
36067
35620
31911
44224
11000
35309
2707
174
48946
6271
46198
27627
27573
10154
23521
42500
19540
1080
6467
44262
12559
22916
4514
21610
37615
35717
47426
36366
35685
623
39189
23508
44732
37617
48132
1374
33381
22888
31243
33989
34945
25864
25971
38629
48417
44054
5984
29571
18808
33906
34532
13551
44921
22022
19399
49321
23771
46257
6244
47617
870
19507
34623
6272
24889
44408
21102
9518
30180
33812
22849
49541
31678
49052
42985
24735
32458
20651
4617
45791
19222
23119
39824
41144
46683
18827
3405
11943
33503
29406
1832
25771
18421
1859
28231
47927
1860
15091
20282
6328
40861
19763
43052
35085
30686
37222
15677
45359
24422
44761
46624
6162
26119
9908
20941
2873
26195
10558
5761
16861
35858
37094
8002
13814
5571
5274
33305
38112
22190
28186
41982
13447
46407
35338
40431
30589
29598
14468
47958
30663
27947
31044
32401
38597
46305
2801
33053
48237
42282
16073
35850
6185
17744
40175
16099
17990
31208
26398
499
13116
401
20853
37401
29409
25209
45999
11685
49716
33122
30105
23438
17010
42960
8385
8646
29167
16242
7924
11679
26543
23113
18606
501
13656
31172
4343
3534
44475
31713
22049
45839
1715
33472
35027
9836
41593
43009
7609
45980
15048
17759
44299
9663
32507
10424
25646
48266
37645
36532
25632
10502
39895
15234
32011
43272
33458
38593
25341
32018
23108
11971
42274
23126
38967
40576
5895
7588
38843
25580
18907
966
1196
34018
35967
31846
19041
4748
31132
17084
10048
13561
34775
17931
30224
34068
6936
44759
40526
8819
39937
29345
17448
30332
566
21059
31449
39278
4979
40823
48070
10217
47668
32113
2342
25274
44562
20472
21015
47092
8254
8905
32090
22709
7836
43656
46788
24062
37757
828
24670
39980
15550
24059
18409
26003
23431
25159
16291
11917
23527
29039
42633
14043
25908
41512
25211
46042
18737
6547
7388
49306
49910
34607
42933
2647
35654
20015
34954
42163
19451
16100
18437
49930
4201
33466
35825
43473
23024
969
30419
27082
36510
21751
16997
34800
19602
19756
36709
31081
35955
46107
33950
44443
37391
11507
6560
10136
9656
8204
2384
19943
32800
7773
10659
15103
30704
14918
5111
14523
36696
31147
33991
48319
782
49606
48955
11542
18841
18075
31803
3071
911
5186
13108
19413
3333
39674
13030
13516
4583
24943
32534
13605
6557
25926
32728
48160
26038
44150
7487
7915
21108
25100
5647
4447
14276
27819
48636
23200
8756
38926
41718
36034
41998
39143
15105
34238
29962
42682
7525
42312
27737
39875
42078
11820
4609
31833
30678
18316
47588
49737
2532
40674
31212
32474
18092
44638
30157
19845
30469
12241
36417
40631
10106
2313
35022
5257
46066
29067
42002
32332
40508
11049
39454
20768
49641
36920
287
30552
2944
43569
32867
3365
10664
21669
33871
2262
17499
6430
45551
17648
32389
16237
487
19620
49108
30423
14770
8233
4210
26971
26129
2830
43672
27211
37692
90
37573
5075
37653
14854
9475
40633
42869
26793
32282
47340
31862
18311
21061
30586
44582
18145
34968
34697
19151
731
13419
10580
4428
2165
39243
30027
4672
6000
16772
26393
28998
30086
8274
33895
38621
14897
3635
2572
9752
20305
20043
40408
23547
28803
26951
48036
10384
47309
46592
11258
46276
47945
35918
4329
19944
30221
14104
32333
41582
11791
3138
36908
25434
38251
21005
5313
27569
6700
12942
8227
15108
32607
39912
25142
18497
29893
31084
14932
37994
29515
7744
5337
9400
25992
45536
988
31433
8854
28836
21442
20473
28355
34160
36937
10741
23819
39818
45654
38728
115
38557
3080
24909
46027
27263
48971
12587
22419
36663
2379
22867
2324
46976
27665
37122
40389
15646
43438
23756
22320
39055
17768
22417
35110
6639
37083
22472
41707
36159
15137
32759
1990
9672
41822
33614
48505
2727
41559
16161
48250
15035
21971
13332
46178
35608
46214
8638
2276
30500
21506
25262
38255
34277
6329
47828
5646
35802
8815
15851
1417
14175
298
15074
47672
8740
26586
7944
25452
11219
24956
25221
24339
45592
30588
44335
33352
15929
19539
32841
14493
30118
1214
33439
15343
48012
18211
17783
45470
6056
7310
24804
1547
17021
25730
27532
49141
691
39044
1798
14809
30693
14653
10817
8329
35808
19141
2317
28797
36573
23881
29854
33272
26853
3747
1404
11134
14360
49507
9857
4625
1088
49849
18297
14613
49549
27386
17191
6887
43993
28365
12541
33494
19395
46355
31364
4525
25001
8749
35914
5125
23610
35048
19051
25161
48009
2322
15637
10645
36471
9937
16911
34963
32467
22131
27207
11877
25532
49961
44213
20765
49848
29177
35131
6216
33025
48086
827
35755
1388
29486
29965
9577
46090
15427
767
47970
16580
6997
19775
1980
4134
18078
13122
16543
3711
25728
27055
19808
30597
27304
14118
16299
29424
33854
49598
29753
30268
12505
25318
33124
18292
4392
35320
1129
22289
35382
14384
25924
49798
1182
49506
49502
30009
49307
33131
29498
3540
33739
201
46061
26243
26093
45255
38461
31123
6468
14728
20428
43598
40270
11979
21063
30413
12971
46079
36186
33319
36502
17285
19453
2684
4872
27019
41376
36777
30164
28693
30324
47102
42384
17042
24101
16265
27768
44325
29309
42703
31785
34274
4176
93
41276
15846
25331
31505
45774
12666
18784
1921
2539
6617
18562
19863
20791
13978
53
24473
1148
4441
46413
25378
49752
21552
39383
37774
24098
21519
30865
25680
15852
38102
6593
2592
44367
40728
12148
35790
34342
41670
20600
14921
21356
44438
29997
37251
47768
28917
24587
41709
7747
21863
47011
40118
12255
13782
9442
4053
37993
42160
43030
43367
7356
42807
38217
30801
36371
14979
31629
38284
11107
45861
22895
28406
4851
48209
20518
17130
16270
15417
27045
15520
41905
30314
19548
11231
12278
7188
33618
11361
40327
5669
37740
42942
19535
3411
49959
35985
38509
18811
43856
9781
42558
16764
10151
38243
15530
26341
30975
44681
7665
9938
4839
41031
9716
11732
29610
18854
37785
3075
16151
45407
10529
11516
27614
29140
32356
20420
12449
6336
15082
25024
14694
7301
22651
46741
45090
38817
25387
34994
49673
4611
48056
35507
46532
23248
42829
4424
6535
3897
48970
11911
16314
33256
47076
43935
7895
45554
31231
24622
2470
12798
6546
21031
19746
43332
46882
16537
5271
23602
1615
42751
5563
11967
31348
41228
7018
42677
36248
3266
6741
44992
32994
28790
36089
17599
33261
26758
24430
25742
49877
43130
47635
5572
39304
46362
16170
1405
13409
34906
644
47745
38677
15189
34571
41839
4188
3022
47068
1518
261
12067
30843
8563
10870
6832
17073
19367
39294
22698
29318
11201
33519
25739
26135
26556
34271
11170
39015
18680
7844
39255
47417
22542
15414
19154
1269
16482
40766
24844
47547
30270
8669
43139
10505
8775
37294
25101
7958
45612
43137
23849
991
2772
5098
28309
40201
9995
14744
47815
5584
36632
41665
20453
17112
1708
4144
39526
17962
46104
38493
2954
9558
10516
20871
41581
16821
448
10570
42705
9665
28478
44863
39867
40994
34294
23766
34392
6246
25944
14701
47439
22438
37532
31886
838
43294
42176
47733
37103
14245
2255
37394
21337
34946
42571
37969
23382
30650
15360
25488
33967
7712
31092
14820
3376
38012
12484
11827
40956
23596
19376
4235
13469
34520
22701
8694
8075
8281
26717
37612
43364
19002
31394
42548
28821
8586
16366
27042
21281
32779
17986
12594
31542
41102
41568
48833
7042
4331
43146
15365
39217
35360
11199
27342
17774
41955
39691
28457
13635
16787
22335
15018
42722
38793
4396
18198
5918
23095
38309
11661
49087
42944
31968
38033
21706
43952
23880
37877
13443
36228
18817
19877
5729
16621
25861
46114
35044
3128
39605
6097
4824
8876
11461
33000
5481
11558
14496
45808
45760
38396
27200
49042
4004
21974
42506
281
6278
33420
2887
37090
18069
28955
29289
8327
37952
31342
26233
6302
21594
13316
28560
11274
30960
29162
949
48005
31777
20400
31191
19126
31296
39292
12263
43347
29873
3507
15400
6929
18965
1037
31277
31138
4886
16450
43134
47342
9660
34557
31517
5536
18250
44197
9014
43870
41868
21220
38542
36007
9019
16342
13153
40295
18004
27479
1285
23469
49092
24535
37137
17587
15509
13223
49005
21628
37857
48226
18956
39779
19760
28188
15829
20762
48874
7595
4311
24858
11074
38106
14415
27823
43477
14163
33027
46208
45011
22084
16182
5530
37075
22956
44650
20723
16889
21510
46120
343
29832
34488
21574
10510
18544
34079
40214
48737
38587
35773
47418
40105
9608
19929
31787
25423
9218
41168
28069
23162
3699
44514
31850
10518
39357
40988
5200
43133
42611
16915
10789
28978
12931
20549
29885
30682
30379
14413
26511
15207
44223
29026
43076
12498
45202
6679
12419
32987
21100
43618
10617
26535
27432
7636
13572
11374
20202
34388
8843
14883
480
26126
9145
31117
18320
48496
29431
3285
34480
30056
14937
4677
12711
12391
31474
48218
11295
22484
23784
27759
17765
25422
40753
48655
40903
974
30502
4208
8422
4050
43738
10453
2054
6442
13280
6792
37345
7197
47125
31124
20040
49438
26314
4283
34568
36077
38212
220
4139
11819
20596
2791
6629
17169
27136
23571
14302
26656
21735
42998
10391
41370
18438
6262
25461
2957
47804
37487
16619
11100
23867
34662
12768
28174
14818
2844
23925
15932
5778
24357
27424
30006
12293
41788
1967
4542
21233
9792
43342
14011
2740
46143
5255
28696
13989
3016
31014
47884
19228
9897
27425
36097
19047
15603
45851
36594
17182
25611
42284
33064
25815
11187
46017
2560
26376
24307
29990
28079
23579
39881
3361
6439
47867
40450
26791
35864
16421
14511
48618
13392
818
27375
22226
14055
18185
40542
3973
28476
25896
36719
47036
1350
5247
46676
29784
16633
37051
25552
15251
19408
22238
22716
5680
43543
15814
3825
41609
9667
30997
570
17006
4692
6965
35128
1367
7033
29793
32717
38056
11566
40146
6264
3962
38718
40121
28164
30939
31586
17747
21820
42966
10312
23235
17012
5773
6804
670
19273
6632
49682
49554
13082
3887
4741
2723
17635
35547
43698
7477
16817
49690
40514
20845
1495
48729
23299
33685
522
31229
39903
9404
1011
25765
3955
29232
7026
47196
30942
36119
7882
15857
37752
1582
13055
47695
37498
10727
47263
25181
42322
16060
31609
7879
37647
29523
40993
43218
48207
22847
42826
41647
38864
24571
884
16453
5574
8196
41802
38921
17464
39960
43203
46045
371
31908
10809
11124
47546
48612
40757
40550
29645
34541
2097
7589
37619
1693
35726
37924
11092
11284
386
40710
34479
36152
42429
47306
45651
4459
18036
45320
21720
17461
2108
9931
6738
17117
29445
3183
21932
37731
43068
25828
3029
47536
29769
24486
38395
46787
2931
182
38480
28721
9116
28368
33373
36531
13204
29270
14845
30155
9826
27308
47882
34649
21017
15523
32451
17071
26095
3395
18143
43182
38497
46993
18472
23894
41331
45874
44234
14971
27783
15812
23845
10633
40304
3171
2265
9644
37324
25534
18486
9851
21622
46693
42505
36603
18270
27558
6109
9358
15030
4376
40602
24926
47380
48016
24526
29921
236
22583
12809
5284
5978
42609
15534
1012
49662
11337
40324
41024
10162
32662
33209
7354
13613
11714
27688
48023
36716
10287
13138
42240
44988
25089
33391
16223
13529
26594
42276
6910
36538
19872
32844
40399
4135
14877
49317
40300
31639
37065
37822
49313
29566
13607
13708
14535
20239
45779
31083
39271
21401
14425
5345
25382
16884
37202
40309
27983
6637
2156
16335
26676
18974
33431
19406
30233
27651
20210
29557
16257
1304
22731
18949
9069
34421
21273
16673
2160
23847
24765
49924
18682
21703
22996
15371
30855
9166
14122
40188
10641
48126
2428
16709
47756
19945
34777
6876
40488
11709
9348
23165
49923
22023
30323
31193
12156
42431
42759
43135
16706
44220
22516
21650
9469
8958
12342
26939
25247
32512
6141
40742
24834
16642
3098
16524
33175
4556
30109
33984
39544
10504
24315
30966
14797
16164
28525
26462
17027
8097
14438
16792
19169
26254
32257
38338
47313
34205
37447
1663
4098
3771
45171
48361
3227
49505
47935
26985
39340
42600
44181
49211
22196
31566
35368
37140
27656
14
35548
42320
23374
46902
29509
22566
45997
11608
12431
45855
6500
32027
2862
25397
33916
41632
41817
22821
37644
24396
48357
1591
4572
20716
14241
1163
3613
18083
40050
10977
27698
23913
22120
40269
21926
46827
14850
561
40459
36274
41668
18475
41410
28487
49522
11210
4999
48949
30357
26418
37244
12847
31202
37905
41558
8643
14317
8270
11868
29892
9522
43150
20445
39595
36209
28607
48664
18510
19769
49781
1608
39862
6388
12206
10743
22296
10035
32947
25776
2358
33260
3776
37413
19394
15147
1877
10924
5877
24096
1444
10894
44328
25491
47261
21142
19979
9456
35287
34102
25421
45042
20755
25544
7137
44167
44878
18172
28796
15215
37079
33434
29806
24388
3795
45245
23678
16569
21719
2491
14869
46643
37540
44097
24983
20402
24390
28193
12199
38895
15842
5538
37449
6962
38765
13671
13380
17394
34276
4402
34114
35552
11860
8257
18301
40224
27786
20419
14273
9789
28261
27376
33127
43334
46502
41462
20816
29443
47534
41315
12987
19673
1334
29507
43781
40028
49001
10677
41962
43930
42103
30509
42041
27158
26469
33939
9260
48878
23415
2882
31274
44754
27748
47527
39002
11804
16258
47696
1378
16714
28192
2482
35462
38878
29945
14129
14944
12213
43797
2214
12158
28643
26601
1660
30921
1091
41907
2193
21329
8528
43110
39435
284
45201
31290
34758
21199
15747
28053
37811
9297
30325
42970
9168
46146
12180
16549
6778
35906
37033
14407
12413
14426
22799
20855
29369
8467
30301
36553
36932
14675
17218
41964
42684
46546
10200
41661
11503
20058
43373
32973
29321
44588
40523
49336
3146
596
45144
15284
18664
43567
28563
23890
45602
24861
42561
13919
3464
13937
16394
25583
36729
39088
13410
39337
43795
35393
6201
37145
35659
47087
40895
1850
21140
5073
4700
25950
30645
46535
490
20284
47438
20368
42719
47842
10929
36251
27608
46646
1296
35109
18175
29714
13164
44561
9285
13054
14463
41146
32154
13947
25523
1702
16774
20017
30191
19162
9749
12471
48407
18752
477
17433
29188
22508
22730
15419
47332
12275
19071
10581
36383
24660
9893
14957
35725
45720
11497
25226
19200
23416
20353
11828
11489
47604
28733
30753
40781
46669
35400
40978
8173
40636
31082
33346
21903
41803
11563
15741
32853
33159
24237
47191
12427
14444
36643
44118
24427
33062
33107
44734
26444
25083
33539
22377
36501
24467
24580
31201
12902
35035
29256
625
14582
29160
22975
37407
150
39039
14896
23444
23758
3404
32118
25005
11324
44683
19320
9411
4792
23413
597
27455
33811
39315
2650
20292
954
16766
6143
2700
5983
43447
14319
26787
44379
49905
32050
15273
8321
20761
39983
40762
37236
4644
22720
29363
5156
47386
15791
31323
32330
36181
19701
712
13033
10960
26660
26356
41536
35900
12183
40682
3360
38883
39767
7020
40208
16756
24712
44229
7743
35439
35771
23293
9383
26428
47379
2859
38614
2874
35137
31494
3261
30182
9946
4358
20598
48103
16103
13581
35416
11536
20872
22077
34017
24853
15129
12689
17046
43196
44646
45564
21910
45900
1762
46873
44453
25272
13558
48186
2178
44939
32097
28048
37105
36987
20798
38656
37834
7951
35700
23157
3408
21617
28860
5728
2807
16892
1637
9524
26281
41937
12840
46648
26756
25798
12921
38026
26822
259
25187
49202
17080
10795
34304
21460
30368
33699
10855
24879
20028
34196
40448
14263
1687
5466
35710
42234
2223
24801
25359
27804
38852
29653
31029
5398
2380
13357
16586
49696
14408
14178
1002
40480
25316
22240
17536
9076
47424
32541
42351
20700
27745
22906
42242
6771
40136
36367
1376
26474
35843
21937
43152
30016
2430
20087
8716
42997
31283
1272
21905
35822
32293
39636
26139
14514
37510
2936
16466
17175
37917
33990
34393
6449
17281
31822
30793
34538
44261
553
13256
46279
5446
33153
6217
48048
3705
22109
36913
31431
4918
48134
8060
21835
44608
26941
1067
31220
39241
47819
44491
38382
11249
6485
33641
49771
42430
15416
18427
7741
38510
15173
28556
5694
22280
35392
45503
35594
44487
18329
40808
10240
28496
37765
14202
15559
28412
29083
41653
12721
37750
35057
11029
12354
6854
13111
12373
3672
32596
4826
7405
5687
44820
46326
35943
48270
23706
14181
29187
4750
49345
33874
40979
7647
49151
49909
12134
43173
2090
49694
18828
29405
28527
47751
28933
44933
16509
19088
12606
38451
11869
3840
14795
43455
34582
22512
28947
41138
38924
27568
45965
23405
44664
4696
25471
23360
5476
26404
22373
43838
5673
27036
1078
23485
30853
7384
35385
44841
35271
5762
3479
36145
16962
26199
34847
37870
18700
24075
10627
7182
32087
21648
42723
859
45007
27916
14244
33386
8145
7256
30716
15884
19474
45807
20262
28930
28791
4883
15985
2234
12994
11364
18523
31806
24016
8881
38768
17606
24650
33710
25793
49235
16029
48241
6556
3037
26043
48293
7298
41287
9187
38904
24659
46507
36104
41851
11048
18729
28924
944
26066
1572
16904
13498
45788
28914
20548
13203
37512
49652
31578
22002
13839
46821
22712
9933
44267
13654
2802
42014
26457
47749
1912
35871
40230
47966
33278
41236
36783
40534
38868
10434
42241
12189
39732
32279
24407
26378
30661
9693
33840
23120
26117
1751
42827
46874
8050
45625
36420
43217
9784
44240
9567
11882
29470
37055
23770
16490
31537
19195
13365
43827
5449
9609
34627
47594
45548
8713
25634
37419
27795
3995
21258
35237
33056
35399
31647
49898
25849
29332
36815
8522
39754
27205
12659
34105
25433
31771
15948
36262
23721
49578
7041
228
45069
6008
48925
27928
44800
40553
7752
26443
44715
27033
22041
29323
19795
8916
19783
21955
37047
3988
47239
11901
7458
29764
47690
16680
49529
46772
27419
1604
86
34040
18355
41229
7997
48432
29973
48080
49435
41253
31444
26083
2057
36444
3131
38230
30825
1512
21556
21688
47044
39158
4100
44006
31249
14282
48175
16974
48564
10057
45935
1936
23496
27555
23488
10299
33336
38901
36020
49368
16925
368
11932
39373
19388
45101
41659
36122
26802
29454
14381
38706
38780
31007
1053
26259
1932
33428
34267
46776
27340
44214
22552
22679
22787
39942
43071
18738
19899
27556
27547
29002
45109
8771
25419
13849
46840
4889
9373
39581
32388
28275
446
25724
15494
28689
28902
6163
37724
21007
11250
41401
35036
37171
15981
49952
34391
28167
21534
47154
27544
36723
6885
8391
18387
45737
16624
6770
36607
37944
10921
10728
34851
21303
22620
18412
28800
26127
24490
49671
43167
19994
7898
22178
17440
11624
44477
47416
31395
45370
14229
16403
41514
20508
44842
1745
1303
45831
13167
32883
34783
46903
12525
38893
15592
19848
48670
16361
40090
26953
42629
117
41191
24314
21995
28842
31724
32838
17746
34974
3615
37534
29423
583
43867
49129
21256
11181
23769
42691
10648
24822
8193
10671
11500
32872
6080
12849
28958
26239
9806
23253
44678
26855
6585
49723
9265
26525
18219
4339
36345
28754
5575
16740
15949
40595
23831
37451
3133
20404
47486
29126
30046
16345
46994
636
10231
45690
30765
12302
37580
22325
4873
37893
29307
6861
33268
17685
6178
43207
2126
16768
3728
6579
22715
35014
1864
3945
42131
21478
35713
4952
29374
27833
35349
17185
33755
7348
3754
42443
23798
16964
9301
12651
38972
36792
9100
7368
43626
27079
36173
2746
39114
836
25217
41750
39324
900
16622
6984
6791
34721
48452
8533
44972
30673
34703
44285
18777
22826
30399
22496
49913
35976
48211
38121
22158
40582
28700
29600
29179
12426
16226
39251
4091
2
8453
17828
28025
7797
12121
38744
26227
35413
2829
5074
26100
29479
10376
4021
39045
25079
44864
16229
6855
30174
4742
21308
42046
5323
36579
46117
13201
22928
14131
18982
4026
40644
14870
39685
10692
15758
4659
35458
25576
29838
4749
47852
12502
49922
29698
40117
43820
47320
28182
11603
25870
33015
8529
11190
28129
35484
1742
45622
702
42598
37363
36073
6397
27092
8394
21363
7391
32414
41816
29245
30802
8677
22048
13952
46846
37031
5637
29801
21126
18342
18879
617
9444
48781
32328
16230
19255
26163
11700
20057
32683
13234
42654
44930
30868
1944
14640
47821
5804
29975
23533
24203
44999
22957
12258
42245
44041
35227
18091
20730
21160
25791
1069
26938
24588
41850
21272
10746
34533
25011
24264
20704
35060
32982
45647
21315
39910
24183
41650
49687
45075
16017
9921
43233
24456
8342
45820
28011
47334
28374
30864
48560
12480
24600
469
14341
2236
35421
31475
19976
45925
42099
37683
14864
4519
47575
22298
30743
11671
41198
49935
29660
22549
15505
22211
14925
41026
43605
27800
22639
16188
520
21288
18755
43898
38227
37655
5745
9827
43979
22811
7
26784
41682
3930
12039
6669
14242
24806
37853
13760
33547
33321
39028
8897
27083
11014
5061
30014
44116
18605
28464
48534
2195
35245
24696
35396
11414
24968
2895
49429
17908
25027
31893
49919
40428
28428
7151
44410
8553
30084
41739
33556
37783
14213
15479
34296
6300
18160
19391
6105
27438
16051
14881
48691
9960
6570
19184
14858
9648
5788
47280
3937
31061
10448
32044
26374
5309
43604
11444
21144
26182
25898
38686
45108
54
32900
2547
2164
22654
15334
33761
45318
33978
49874
19446
30002
19476
18462
15634
47432
29439
2585
43553
5784
24731
20670
22290
44979
39138
1926
21978
853
47491
1871
21591
46901
14750
41861
41227
45305
9972
26005
44774
26179
34309
6120
26263
10314
46849
24021
44530
9671
46667
14064
19595
47622
15944
1987
14400
31865
38118
33727
13268
28757
39162
45949
16876
8902
2566
16136
40294
5548
28762
13595
10625
24707
12436
49388
8203
18341
3738
28236
49941
35735
32974
7775
41994
14405
18195
16618
12095
11584
33828
32946
45335
5795
43330
25246
42109
40082
2253
12235
7972
46209
37038
12908
46525
42666
9249
5053
19730
3697
16337
9639
13097
21950
33017
24763
46653
40747
33293
46752
41901
26638
34809
43731
17340
11550
27766
20936
8405
27230
11953
13913
16874
22212
31817
19833
43093
38922
30473
9566
42356
13644
4104
27992
27514
44194
36639
39749
40695
42069
4933
42355
19362
35093
3622
21892
28316
2713
15833
38152
2369
8777
2398
43324
30560
27431
39989
36080
30251
7450
18524
10215
27221
12657
23931
4365
42157
49242
889
6831
33915
7695
4305
25764
30271
8766
26983
3062
39224
15979
26639
45608
29300
44632
18006
45336
42685
48734
34870
43720
42269
18353
14477
43164
37201
6949
7862
18612
27797
36877
35414
5351
13566
25548
39634
38650
14103
23884
15433
35979
24927
3603
19895
10512
12870
21399
21320
39228
374
28401
46373
22631
28741
40051
42929
24687
13124
37555
11942
8877
5643
17274
13253
28925
37786
44833
16663
27407
38717
20714
30088
24070
49214
16041
17716
43540
26085
26029
29779
44047
5929
36681
30752
7385
11451
1743
16665
47297
47806
4515
27622
45232
6117
24800
43505
12654
24188
21477
32120
38080
4111
21904
43042
10639
27091
23901
24014
9602
30986
18598
26582
36951
27777
11401
36992
19768
18326
9658
46414
15702
45442
17078
3515
38590
41636
20437
12629
38161
12762
22813
17518
656
34451
26122
27140
49391
15083
22030
23649
19182
48386
16078
19519
24849
30471
1894
6858
47846
48057
27769
575
46160
14422
11826
46073
15659
30415
34583
4635
13851
41923
2152
3927
40806
43265
30782
5270
4963
3980
44777
29359
5268
16525
27866
42651
37934
18518
45375
7872
196
30520
22846
38944
18251
32386
2211
30053
18557
14991
3743
22672
25256
13038
16841
45214
28084
32887
27312
17161
10879
37604
4423
18041
34067
27712
13200
12164
15042
45297
12215
36189
2475
13863
193
15940
33955
18207
14209
17270
3426
23098
26264
22321
20273
7229
38474
49169
36269
49699
2291
26255
42704
34460
948
37306
33014
38444
30796
35942
10423
20424
26815
13347
39004
14032
7840
31550
24465
43742
7281
18607
38412
19216
33528
20394
8349
41679
30208
9190
2641
1773
3055
19100
39309
24468
5618
34426
31025
19946
20319
14520
49812
34827
22474
24974
33792
42980
24935
8309
8246
22350
10064
24302
45805
3505
39612
20932
5136
34496
44940
31804
4632
10985
31848
46215
33035
7241
49793
37773
46386
33529
12102
15375
44026
40680
49777
10700
28189
29109
27796
12200
12225
43682
6454
3064
29116
18940
21402
42050
47026
18775
37992
48807
4002
11908
36737
4558
37423
10399
3875
14200
2945
44524
47343
18114
43544
28347
5202
33258
44749
32858
34084
9799
36673
5465
33768
18959
2721
15951
28252
11103
35252
24254
9045
49854
9942
44251
32835
34252
27939
41683
24614
9399
6075
30341
47181
24558
47256
31284
40141
38652
29009
33104
19415
26515
6459
1511
17250
37224
48535
31752
2490
23466
32195
2461
22960
41224
15145
11529
48125
25222
18572
1787
30657
1162
5821
20607
47629
29936
12672
49057
48677
14748
46855
23506
23036
5002
30433
29681
5199
18279
2173
34857
33250
38892
3165
114
46759
1142
1843
1466
32350
18731
25784
33617
11144
11267
20874
4082
8989
27248
39264
10738
7970
39704
48537
18638
34810
49649
3737
41417
32310
12941
35758
42885
42038
39764
15594
26608
45138
46484
1189
14207
6340
23027
2110
2939
47017
13273
34095
15300
48153
48011
22207
14128
48952
14665
5912
36234
15618
2788
13265
30358
17568
47518
29586
37365
13626
18634
24015
32404
48869
46060
29319
45771
32244
12709
45789
10945
38567
40535
4116
42105
38233
4214
41235
25189
34311
19666
25937
44045
4532
37326
41796
18672
31008
16024
21333
44146
49170
680
33446
1487
15277
18205
38190
32240
32834
25180
29131
10451
39963
16698
44676
2832
38994
9540
2583
39115
38980
14448
42005
44590
10704
10016
24742
26091
45700
23400
35519
32992
28308
49829
4727
18934
3190
8686
48782
16779
13796
2855
14857
25186
6082
19463
44249
38081
17101
42461
28029
7532
1329
27026
23425
32482
16120
14284
10284
42437
16953
36754
27739
22803
46658
31180
3969
33585
28297
36249
9912
4628
24593
33288
3237
16560
28071
26769
30619
43501
34332
4296
20931
30161
44537
5569
30612
28573
34163
31136
8271
44857
27229
45118
36587
10456
41507
29782
47094
8137
34418
30048
10898
23429
27917
11314
26901
12072
1295
36869
21767
23432
33146
4215
4286
48940
10628
29775
48308
10266
29071
25733
3722
44936
35618
41506
3375
8011
3310
48673
12339
13594
22728
1491
32825
43149
46926
39620
5842
20250
11918
24977
1783
27384
45485
22653
20813
47532
29673
18413
43098
14265
8043
30431
19489
26479
7610
1209
40609
4887
5652
43964
13232
2487
41243
35764
18261
25984
38275
48029
30924
43714
47739
2239
38813
21358
14357
24316
44204
40079
32223
995
39752
8490
9785
19902
28776
1588
8452
45132
37058
23814
12041
10603
12163
37670
8298
41751
36726
47974
9410
35597
17900
31650
6394
30931
26719
16036
45256
48391
26386
10438
47133
37130
2682
47801
6776
13584
3226
26864
5561
42053
38555
46609
44273
17094
24037
12833
6032
15099
32685
9439
12085
33225
37875
28021
24871
32996
31580
10018
5957
4109
31721
10450
21013
40340
17015
46290
47858
29095
26588
31914
8007
13821
37450
36091
41181
46851
32126
2880
18469
44600
4504
12939
31423
14329
41449
11696
47010
32317
48850
45756
22866
23044
26241
44145
39794
28628
36250
43585
36519
31801
38472
31541
49155
22699
4153
23897
43811
26124
41021
45275
13162
27066
10358
16901
8449
45208
37897
19776
39516
11435
3421
7423
47609
22348
30445
49803
980
24677
22710
46345
22870
42972
20551
1333
3746
42782
44137
33244
9812
24700
5564
10457
43398
18963
4745
14053
46467
34646
12194
47616
15996
32815
43018
11502
17364
17717
45415
38637
49574
4086
49614
41546
20561
35691
29905
47433
414
4925
13455
34788
26554
20527
47942
29452
1703
29446
7451
44711
31754
47120
28638
18991
35078
38148
40281
5077
34443
49817
3196
23504
3686
9743
44813
29632
11751
11332
28065
1699
24577
8899
20038
47864
30870
18530
15536
162
37242
21609
10624
36179
2530
7788
15540
30772
21683
3318
604
41523
28263
41468
42540
18603
39
24717
21802
32419
46221
8454
4341
48485
23502
30211
30188
29932
37566
8913
48328
41672
41662
724
14371
7837
44117
514
34669
23091
29639
42772
47242
6897
10356
1204
45142
25918
28554
12364
27330
7112
18727
36213
2611
14571
12614
40437
48419
47984
7935
49348
48403
12112
33613
6645
116
27227
33217
14191
15670
28037
27294
9040
20478
11080
20034
15679
34842
36455
13202
9943
4185
27061
22253
40880
1075
32445
9030
14892
2424
35538
48598
46832
8781
9717
21945
5726
35956
25456
22163
11266
22768
46724
45846
19999
22075
37267
33110
33667
22630
32724
576
35746
25148
44192
48660
9459
24445
4247
47168
12520
29659
49642
35974
21155
37012
39425
30453
10282
249
38548
43877
44642
25457
12854
4159
24830
13416
46786
49086
41732
6657
42663
48097
26886
7272
33171
3182
36036
34895
28360
12702
5263
48106
35374
30800
30067
9527
13891
13418
2393
43212
20520
35051
8478
27678
48082
41586
13225
47644
22318
46514
36005
3398
11838
22236
34862
2820
38058
40929
21613
5755
30851
5491
22535
22261
22275
40733
3203
47892
4553
31843
28414
25342
27433
16614
2934
6325
46035
11883
12913
3752
33545
28207
20251
42963
37417
5549
24074
22877
27690
16492
817
68
1390
35487
8688
30140
3494
13761
9422
36694
8174
4096
7153
14289
47452
5463
47618
33575
33802
34107
19230
30615
21492
15480
24151
42511
38564
20479
18625
24913
43273
10530
18837
17976
111
15446
32003
43292
26640
26483
7653
28391
28052
11996
48428
33938
6559
25219
3093
22074
31266
26328
15461
40603
36881
43926
28023
38863
12136
5114
18312
36002
21225
8957
26946
3170
36192
32776
28264
29823
33289
12344
21596
29129
18203
9887
12205
8611
2941
45427
38912
47394
46510
28341
33534
23249
6621
20738
33276
49621
2605
39715
25974
19366
12844
45962
5469
36064
10091
26317
24708
24629
30807
35999
44746
32369
13083
3678
31769
20555
30065
7834
33181
25866
23089
49302
6427
19680
8280
34712
13930
11115
32267
29721
1861
15242
35429
19752
38518
23102
24940
45665
49137
10561
8888
19779
19410
28369
33042
31287
1372
32533
23973
4767
48246
3885
17710
8889
33239
6753
4062
2450
36929
4523
47680
31627
12058
13527
41070
291
36654
3570
361
17578
16048
23556
25046
1890
42456
9754
21743
21359
29308
48320
9256
1149
21012
4619
18822
10680
38301
48890
23922
43611
11454
46125
46652
40881
13421
12281
13680
30524
46395
556
28296
8974
43316
17632
6976
23619
44965
6622
18135
45333
11859
24601
23859
6712
2478
38385
15508
17718
12540
1909
7219
11933
42231
49468
2207
43285
39038
27924
26236
22061
3760
41230
33820
5535
42606
36711
39284
19109
19871
33549
36515
23428
48287
47020
20585
13375
5381
16281
28036
16439
41126
40545
4482
42592
4257
26882
22088
33173
7484
12365
9573
29976
4509
12135
7237
878
35479
15309
34561
15066
16165
32958
27859
15362
28493
2907
7980
4878
25279
27328
30710
15071
5824
48698
8911
112
30735
28125
5249
7655
31179
16305
14745
17938
40688
39557
45230
48368
29021
46181
36997
7267
14983
3703
46303
32942
10425
24089
7806
21141
11017
15429
10357
41676
3366
41942
25019
30925
25521
26026
14590
27943
21413
6297
16330
19462
30984
22252
1274
32274
5011
3351
30805
47707
20025
24318
3608
26076
43411
2670
33653
34269
46628
28717
6773
17821
30269
39148
16759
19977
1110
14236
18447
31107
33928
35426
5721
2301
43944
23536
37529
4223
35357
23712
38307
11866
43375
49623
4860
27416
16033
35076
29518
16133
42467
34949
45871
25601
24583
45784
18057
149
8169
4345
18511
30439
46204
4791
38401
29448
2661
44488
7235
49458
26389
28844
35934
37608
21177
8226
9319
39857
39419
20678
24488
1775
16219
18859
19040
26453
42425
34424
13096
37229
48447
2854
30976
5046
43120
42522
33074
3895
29553
5770
12934
11052
36666
17762
37319
36829
14585
23402
18631
23787
35856
8704
13973
25543
24869
1766
43099
1393
28076
14655
47564
32100
9096
42451
15771
25691
48182
14693
5960
3352
8143
34790
35151
21455
42218
15089
28591
9477
18873
7198
11688
5050
26933
17644
6228
1311
37003
9951
15366
16501
16478
5155
33763
15720
2124
17803
33019
22559
35276
46458
49333
33548
15937
14532
13436
4115
14309
15590
3549
27521
18182
42982
4949
33332
38155
11349
17264
39522
3520
14933
21890
44456
15151
18372
540
24428
25072
38335
32038
12279
15975
28272
32358
25169
44802
19144
20349
46472
30700
19460
29587
26256
3796
24692
5506
17210
38256
41371
13637
46065
30095
35040
40113
30902
21379
31823
4121
10812
47543
36493
45450
19537
6409
31615
38748
33527
23420
24840
18484
48745
31116
39957
13364
27896
30916
29502
41599
42622
28194
10160
24745
965
16830
33142
24052
42687
1365
5868
29929
29450
10873
15238
20300
25231
18364
46728
33440
8720
4837
48039
44854
6523
35381
46618
46363
8983
34197
43458
46596
48981
7238
49802
2753
38824
45151
9901
7909
1007
8125
41450
270
45603
11227
48770
41103
48229
25906
3888
20514
8001
21301
49617
36281
35473
23186
29485
22360
18315
19242
37185
5203
4284
5955
42792
42530
45254
10153
46318
45048
25034
31130
7852
13569
30963
36909
10684
12105
31929
15036
9230
1885
27733
17479
47663
2029
30444
10726
16730
31049
9369
16957
9746
4287
13618
36734
41391
34651
43329
40489
24592
18381
21394
5095
18269
29744
35799
4679
49198
33149
23247
25073
9707
49862
20940
34372
32015
15810
21733
40091
17038
28187
10346
19017
23911
32231
41690
5148
793
15481
13059
9350
5298
39830
32833
43545
45584
18943
7255
7510
21070
28680
36445
22933
26496
28202
35090
40018
15638
5482
24759
7716
7724
43620
45472
11319
20101
2231
47691
10147
6108
30885
41139
33595
15516
25500
9594
34698
11251
43041
26333
14982
15188
21068
15935
11406
16767
39583
47814
78
20286
42221
779
27694
7651
22231
26425
17975
21466
16427
39403
40822
8797
11135
16530
27702
46760
47780
48484
28238
572
10676
11504
4328
21634
28880
23150
5719
10833
32670
48406
25579
29339
10316
44056
11152
33567
30928
33484
27471
45607
405
40202
6623
12459
16703
2553
25951
6529
48138
26441
4495
20096
45088
2215
45692
23935
38365
25939
19044
17800
39792
45541
1765
14615
29185
30367
12705
29688
2443
39091
7901
12422
30210
25516
47541
19309
3209
35010
3359
29602
41574
15308
49751
1952
16313
3857
39035
28524
6393
21117
40197
6091
17301
2766
19483
9765
39946
45882
28878
21646
11600
31224
33398
38610
13799
30113
26504
42543
8402
2624
14071
47678
22468
1127
42864
38122
43213
20953
359
14492
24518
25519
39666
5157
11557
40987
45877
22722
1529
40425
41680
1339
7811
11556
33206
46483
39499
18228
6491
33616
10951
947
38723
39067
22365
19703
25170
36919
38481
49379
18191
3586
22246
23588
23067
31160
21788
33830
36030
11443
18105
8267
36294
12008
3193
10305
23635
48383
33933
19204
49088
34369
21297
41873
10619
2816
10825
9928
22408
37976
38805
41431
4259
9248
42040
26099
10135
29846
46672
4708
19001
37327
49885
28627
11914
24796
13650
13474
43879
42408
4020
30154
1535
13308
49230
45373
10652
10626
37385
17478
23824
24391
5894
46071
14082
13619
28241
15178
1777
33751
22013
2180
37257
38421
48014
30391
7253
13608
27724
29122
13661
15346
16080
41210
23030
15477
34339
20337
43102
16877
16504
48099
43339
12878
34729
21558
24226
46745
1287
33263
44198
557
803
19402
11429
41037
1345
16956
4562
1183
17625
44730
41385
22773
43705
19442
42486
47157
12992
39353
49473
46883
12903
44527
42986
40240
29096
30667
32463
36282
39202
3415
23541
46102
8681
23356
42203
18519
45221
15899
31857
30749
7428
48791
26080
2323
18202
29375
44308
47430
1684
23122
18658
19240
16523
17223
710
17636
26902
3069
16295
24372
8971
28629
47704
26895
22331
41898
25214
5182
29858
16678
15567
12066
1025
18629
5012
18994
15524
27791
26819
31987
19502
29503
10590
5927
14435
30306
43652
8130
49421
26422
40596
23946
36021
27255
36458
21724
15240
9910
30746
16351
47841
7257
25857
49970
19265
9371
14686
45796
27387
19404
24623
45674
45154
43535
36140
24919
20459
29948
7068
34806
23615
27539
44193
8559
3856
35427
37209
28253
44090
32692
15848
11616
23560
31027
4580
548
8360
44416
30259
20152
12114
40275
21125
32376
41742
11469
38229
18654
379
29633
1992
1847
18009
37095
28625
44315
33077
47308
40435
36191
34500
11253
32575
15548
25507
2591
13732
48069
23292
30260
49294
42227
33008
22495
27105
24229
38888
7460
21507
2258
45068
43812
39949
36720
10192
42230
25304
24287
45167
45081
11322
30400
34154
14751
36403
38882
39099
4142
33602
31707
18284
21253
11576
18571
771
17144
47387
922
14195
10615
13876
32352
493
19455
43958
42649
12978
20391
45974
44253
5662
32636
5142
26615
6116
21415
48517
45953
5356
43658
10086
6281
19266
27863
49884
36763
28179
40074
31254
844
17156
12099
14819
14248
25546
24946
27333
29687
28446
39964
45080
31643
12839
48907
42044
27995
46638
19919
20633
1448
34155
20277
7160
28441
8790
43912
34454
45197
24313
10123
44485
35084
28577
46402
11419
13186
13844
11173
30054
10990
47086
22523
43806
6069
1154
48934
14699
5941
4588
19908
31461
31972
48254
39134
39807
23021
6969
6038
34868
35134
1837
1261
25152
21664
28139
8732
18197
35633
43637
1784
15110
725
41689
28458
2946
22554
8479
42479
34438
25711
2386
36890
20863
38424
5636
27874
12044
2702
15820
13819
47796
30541
19031
26059
29954
10258
6915
14801
36176
31961
22434
25970
578
32816
15444
36016
17996
366
25659
17816
38475
26545
4516
37955
48295
35262
35910
38541
19827
29996
8928
35578
47258
40646
30512
32792
24597
13040
29595
10164
35376
9241
24411
30972
23578
20990
42440
9170
7931
15104
6341
31962
599
4373
44233
2964
31956
15372
37973
8460
2155
21364
17422
48379
9727
42569
3191
35732
20143
31120
30481
34613
42319
6948
30680
28255
17795
10214
37442
25351
27462
49717
21247
17059
11518
797
48611
41524
21887
32196
28751
44559
34741
32936
13809
44852
4148
31012
36328
12974
640
8339
13205
16385
10834
31746
41362
16946
32708
24584
26166
24040
20642
21345
33778
23580
30930
22201
25185
13813
36431
46095
33224
19116
40195
9790
19006
6344
22834
49263
6602
37389
8509
21077
6040
21212
24813
20439
28659
42509
40581
6380
10604
8153
1700
44449
29661
23023
589
41423
34633
45143
26603
31313
15891
6006
31434
42032
8683
30941
29491
18542
23694
46995
11764
46314
13248
15807
27760
15799
5975
42531
19739
30234
1576
43561
3033
48779
13335
15442
27282
14564
22682
9364
4905
19305
10281
43817
26070
30097
42988
30488
48565
39933
23960
37256
21186
37936
235
49488
19084
46699
11961
17646
9205
28058
24747
36745
24154
21822
28854
46387
10218
34776
20387
26280
12457
9936
40599
21764
14895
7892
41882
19762
38702
26766
25362
34054
20850
13386
28416
2505
7278
11719
8132
23673
23872
9597
15545
44432
9612
48773
15629
3766
9114
49465
46324
31920
23082
11329
25518
31152
41727
659
20862
40322
16015
1
16325
20022
4449
15543
23830
38658
23818
15647
12250
2979
3418
21914
8728
26888
37219
13753
6245
23219
6736
36487
11891
12021
46179
8361
34736
47401
857
3402
26414
44751
18831
64
18125
31222
17451
24981
38185
39986
30081
7203
22962
40920
28888
39638
40660
26400
14404
31545
23644
17184
40130
45257
25309
27141
32086
36973
36322
42734
44290
30857
6532
7006
44414
8864
17389
16922
5552
7382
49514
46191
5443
48948
11976
2812
41708
49730
39714
34940
8096
3414
33607
33489
33270
49357
28759
47038
14009
38613
3819
3632
35158
16190
28240
2052
5411
20279
4743
41864
48397
21054
9966
26923
43826
18226
38526
13460
12358
35295
37648
37621
41316
46991
21008
37143
32291
9846
29809
245
31676
17343
47483
16789
4359
45758
137
17756
18796
9687
38083
7403
25752
13744
35818
37895
5432
32963
973
22064
31680
34726
4854
6047
32384
18206
43572
31295
23060
32501
5128
14871
6994
2580
3665
19428
20979
21229
615
32397
40412
28705
15272
32492
8574
38195
22379
13621
45468
49929
39272
2147
11064
10566
19083
13736
9585
38123
38258
10118
13402
39603
44248
37384
28588
21265
39365
5275
24752
32062
29709
44643
11649
12761
20078
30861
17029
14965
45657
49805
20173
14838
14643
43913
22676
20961
22629
29627
10565
12531
19749
16982
44049
6555
28384
48634
33366
29271
25690
46999
21041
44154
47607
22800
45296
16771
11293
12706
17298
40359
29739
28589
15621
24705
27950
31511
9494
34879
14290
44358
36988
15506
22241
45494
20671
30736
6356
45553
33233
47069
37933
46938
22169
14010
35070
12272
22771
29599
23407
32842
39215
49545
1279
22454
12929
11617
8106
21529
28105
18489
14626
34074
10234
26380
32016
2281
21883
3235
29407
31913
9346
4041
4994
32871
3543
24716
19816
47312
33188
32518
21034
590
5347
47460
21196
46931
48256
22752
35442
5749
22067
33656
17617
35064
47443
25339
15775
39803
21638
47799
33868
3259
1415
35542
36604
32629
2933
28078
14054
3518
25388
8439
6732
48625
9756
40218
27428
12203
20983
9268
35212
28575
44144
16429
19652
27515
2353
35504
31259
48785
27919
47141
231
29862
27699
21152
46578
15495
181
18268
23016
15102
35986
26854
8406
23899
43419
38191
36998
8601
22353
35683
36093
48790
38266
21340
1039
6377
17633
5706
46247
21248
46376
40627
43202
33579
37043
14171
28670
48049
43528
34643
40824
33039
22558
47504
34765
41476
49067
35282
23672
46834
23448
29060
11278
32335
21560
37410
6156
42265
37101
49779
38213
28856
6586
43769
36543
23047
22818
26845
16750
15112
21318
20081
7104
37332
40346
38443
32400
41495
26310
12893
24603
45638
8543
49973
11871
38013
1616
49925
13324
16221
22624
27185
1052
41078
26004
42674
2606
39505
20093
7628
27048
1090
34416
47335
1321
39717
9505
22063
37730
27502
46953
8181
4801
30631
21156
5301
5189
33031
48964
43274
12231
10440
44991
39888
4698
15628
14498
17417
30742
44489
18882
22718
45386
2869
5368
45595
20027
28598
35635
38214
22189
33627
19327
15880
49904
42206
12843
47950
27123
581
32983
28852
28200
8852
38915
48283
7063
44893
48645
5479
41656
42673
15337
36052
24181
33106
33799
15957
38486
28317
43683
39995
5659
24386
19140
35477
18358
39570
30186
18583
1600
38528
4606
41883
8581
1823
2493
10764
46557
13072
4594
36602
21985
2596
7563
18369
29637
45662
26145
45753
72
42190
26370
25021
30558
12638
43724
16505
32556
10421
36406
31821
37305
26928
25938
20879
22810
18134
35050
5757
47759
22448
16425
13425
47264
28121
34171
19245
8931
10360
15361
49996
10486
18141
25210
45310
317
21879
6099
38730
7247
13283
31645
28176
12133
49028
8165
16799
31528
31393
47190
16502
25769
33072
11294
38894
38293
34232
26298
5175
32057
28804
44866
46581
29397
42273
279
14355
41298
8263
15905
20515
21111
24720
44625
37258
10618
47489
18743
40623
49257
11501
26354
37782
27247
23998
7214
43619
42798
24491
15952
44109
8567
39892
207
3500
49286
47734
7611
39982
20379
17866
34793
39398
8135
30330
19713
6104
4022
16604
47457
23054
30261
29118
27021
40512
36698
8937
41300
35332
49068
45985
9695
4858
38865
16749
24150
37964
5956
933
29869
2519
10509
48682
6794
27987
41719
14914
28505
20587
9018
43490
31133
47567
5826
164
49976
41051
32998
10481
8399
20942
25478
8335
5871
47479
23681
28022
14639
1557
19306
2332
4418
1993
49534
15000
24031
35337
2833
41772
26025
33051
22045
20177
49017
13538
1831
40069
8296
45646
41517
30537
22128
23722
32214
44341
12729
29615
20440
45317
10243
19475
10216
8160
7835
28001
5554
15241
5676
12369
16132
26401
27711
24054
22391
347
31506
44821
30001
48189
24216
37216
39466
39924
46879
44951
24312
8682
34801
3111
18169
49921
15532
20018
4836
3422
26413
28168
32059
9686
37630
18850
19630
35302
45747
21416
13633
6798
43796
32612
40525
22465
4855
22239
25817
8239
34399
26876
9282
2523
45279
23259
41172
29920
26552
4829
13464
37344
34593
26364
13597
17880
12176
26365
39200
35074
2079
25610
36027
3582
34840
4643
49932
7809
22248
34298
28977
39180
41440
45549
26052
27412
4848
49349
47708
8313
11215
25283
35792
17757
33957
26927
15887
43921
44567
37187
29870
26377
33666
30759
24466
23797
43395
8317
18852
32395
35694
12367
40097
42533
30463
34179
31260
34200
42804
35763
962
15665
10952
1426
9974
42138
22905
36995
42604
36205
24684
25330
44773
34629
10614
49914
26177
16506
27952
10673
1226
31297
19797
18482
28208
20198
23515
48203
21216
20144
45611
26471
23071
16464
32204
46861
22227
9008
37513
41339
27212
935
33418
36753
47407
25035
49053
38998
325
13591
8833
43931
7708
25897
49627
25654
14903
40317
49409
10408
36133
25550
19277
23783
2971
45037
13089
20060
20374
4716
7178
37361
29225
44748
12625
44770
24609
31622
15923
25930
47960
9330
23916
5756
26993
38278
3978
3441
1370
49689
9345
2076
47681
16042
5797
16055
24084
27035
44985
8520
10327
12620
25565
27213
4304
42101
28017
17255
32537
43256
11077
2356
24413
3278
30144
81
26687
31215
36600
36448
10117
3070
39909
22347
15077
13499
14900
7682
11483
9501
10724
40651
36056
15780
32589
15076
44947
11499
35202
40416
25080
20830
22797
29034
46332
9448
17720
18323
18122
40124
14321
25927
40827
19138
29780
22276
40501
9920
23993
8521
42642
3216
38903
9255
40567
45209
6421
16218
33961
49486
49953
13489
39182
9175
22400
38045
15348
44716
6805
40536
13478
3947
11551
6258
46862
45946
12001
43185
27411
23679
41325
45810
15464
5287
11809
33476
41841
45479
43514
13648
45266
26023
32159
28277
14512
7432
30598
45515
29214
28820
4439
40521
36661
1536
2244
1398
4119
26392
37004
22924
31071
19185
22358
34108
29010
27074
8814
1659
14344
4319
230
2190
33453
2751
21923
30288
13173
12652
30132
15782
23650
45530
9010
17173
26602
16209
35537
11513
24260
25196
28848
19089
40630
35102
515
34503
9021
13349
17651
11746
32525
36706
6133
44365
13523
17146
41933
44635
20306
14593
33456
22451
47586
24443
36882
5497
32168
11395
20948
4867
5254
26339
41161
13798
45001
34923
13092
4092
4753
39529
29573
31937
38889
14860
25682
31104
34493
30869
2842
47514
7633
8302
2810
27177
15220
14692
11931
2459
39401
32516
44474
8294
47941
12304
37926
15119
46511
10007
17764
9415
28511
25862
38989
21891
37956
39901
20590
33450
6926
28489
6471
5183
10620
19922
46629
35995
4616
49037
48904
48101
24434
8489
40889
39220
44942
27398
13985
34686
16063
12120
14037
20595
48558
8770
33660
44550
11596
45169
36432
37659
48318
24395
31159
34993
4946
16551
31257
48943
36048
39712
28332
47664
23156
9054
42574
11686
31831
13490
27809
36621
15751
32443
42216
43228
44247
15420
39448
35769
28140
29181
11950
9305
1516
33309
31712
24257
4045
27000
26904
25953
22232
47106
1716
7225
38943
18595
240
27685
31020
35341
289
27127
24090
34319
7825
42501
15761
126
4647
48004
6747
40427
18415
21730
3758
39375
23528
18026
38705
12696
47109
13034
11652
18779
9331
34718
8393
4568
917
16595
14515
39567
8752
14916
21796
45730
13686
41597
26583
49337
14106
21040
35450
48316
16831
4874
45250
32881
14199
11658
48372
38879
43808
20696
18903
29755
15217
14134
25402
20562
33966
17229
19106
49046
25147
17612
3809
16198
34229
15796
9848
16872
13459
48113
12177
8970
22145
39190
44801
17507
13043
41745
8893
33307
44063
9261
15849
47849
15328
10667
30173
21753
34719
7113
32319
42173
22090
17104
35306
383
14929
31195
41886
17590
33571
43764
42752
15633
2466
17824
1380
44740
49091
14557
14986
6441
44390
39208
40422
7526
7217
32884
33483
19333
12012
44297
6055
28371
23329
11472
38465
8634
36285
3567
27299
26094
9891
9748
5596
33436
23997
20722
29729
30424
35359
22835
35138
12375
28910
32460
24857
17881
31596
22351
3585
42017
30599
44195
47988
4174
10387
17388
14375
30959
49581
36125
28769
28594
6704
39359
26728
14710
10055
3994
4528
26336
13905
44688
25040
25809
21157
14402
28994
33771
46614
34322
30822
3569
7082
6977
43539
9307
27339
49757
27359
20258
45124
33383
7740
6912
13833
49880
21084
894
42422
32522
7513
15040
11829
2989
46246
9032
5322
46934
31140
39156
46644
12812
33587
32311
21865
36382
5767
32123
4245
17888
16660
27239
42701
42210
38400
14953
34731
4929
26269
43692
12544
19398
20356
49651
21350
41619
10267
34043
15853
37249
26925
42112
4479
28361
4490
35582
34281
31011
20388
43402
33934
13114
41551
6177
36144
39136
14755
18299
49130
2346
27740
45906
28142
7457
13318
28833
29594
38355
40026
2388
18829
44307
22032
3236
1451
5243
37887
32022
34839
43291
3501
46736
23621
42296
47304
24876
1709
24469
29695
19004
45262
6777
3870
22193
31038
15028
45395
37123
19038
38140
46500
49298
39211
37399
7252
38250
19105
27615
44964
38574
44680
35733
3177
12563
7978
32216
10484
29222
40883
44010
1534
3756
20572
34404
10691
49947
44890
15219
12653
43082
36218
39644
13456
46076
2099
25660
44018
8028
10344
31740
33108
7566
6022
23421
22878
33920
45429
35707
35524
18273
18296
29924
49199
867
3349
12755
40900
35025
34929
23124
18385
27354
9523
12516
5602
42473
26681
40575
4804
13688
27017
19181
49292
36569
43410
22541
32892
16500
35832
29419
41164
1626
31923
15174
7813
34467
29240
16491
23312
14038
20252
12650
37928
9782
18384
5434
23733
31836
22493
45988
39417
12003
7573
16484
2123
43309
2464
41877
13787
1482
27046
19625
1714
46121
32671
34295
1607
5764
43259
3731
40505
9386
19732
39565
44158
48908
48586
27338
39902
794
11101
36490
32453
20233
27148
44479
9844
5363
3023
48563
46258
18433
2889
46932
4629
47818
43060
9618
42809
15709
31759
982
45243
41493
10245
42194
19699
2444
40186
9320
14616
45528
23155
25469
8823
36291
17357
42004
32918
17968
17334
953
4162
2463
8977
49795
5285
39906
41269
1221
8381
44481
939
22754
40490
11084
43699
36751
36646
34181
12257
9988
31343
35225
32212
29724
42084
33625
16883
27527
42313
11338
11365
17126
21573
37149
8020
33794
49355
19354
25789
9065
1589
10787
38905
18262
31302
42863
19771
29517
22066
15667
38930
8307
39926
23653
10121
40284
43392
47219
20328
17618
23239
41712
2604
27085
45445
10412
30945
23086
47830
8208
2344
40578
13994
22510
32959
28155
18201
11912
18825
7572
32070
36710
14947
33851
25563
19289
16800
2644
15983
34687
42618
17296
26807
23012
45032
49557
46225
38100
39170
30404
2860
8723
7871
45083
23392
29791
29264
13171
3002
36050
44344
31967
17623
34498
37084
13211
27414
40941
14561
35314
37899
15245
4059
22368
49758
17676
22393
7878
6298
24859
42478
45115
47325
934
7340
6725
9512
44270
16843
5324
29680
9760
27994
19359
20255
40009
43236
10202
39768
18905
37685
14481
16489
29172
18314
21968
3693
11922
35099
5340
14014
8614
32957
40855
32727
11334
37526
10152
24663
45704
22937
42646
48243
11592
44366
11780
41950
37622
32489
27962
23853
23927
8076
39791
16409
24961
30133
13317
30538
35561
42010
11997
30529
1713
25479
23754
34641
14029
28872
10747
47893
27881
33020
688
15764
5310
33402
44014
26627
9636
6660
23052
49573
29701
31190
5502
9598
42589
30070
44981
3839
27681
41087
31085
20989
13049
18874
30265
5262
9491
9643
8636
25393
47702
31841
12517
44395
20304
46379
44501
20221
49221
34979
39956
41084
43004
42159
36645
16617
11008
5733
23459
29186
39939
491
12710
42578
5248
40323
31772
5192
30894
12997
30244
20740
8622
23765
18569
36355
16475
3922
19538
40365
25092
35334
33937
18218
30908
47550
35978
38682
28095
34034
28981
40430
36585
15093
8991
22432
24448
33179
48617
37444
29810
9847
37825
39967
36517
46106
13081
38988
14228
3056
37533
33510
48726
2098
37288
6817
28664
20985
39111
9006
21832
40164
9429
12202
31794
30989
19687
1440
49013
15388
10470
42144
9698
2077
4370
29617
2797
14667
6342
43695
9854
7344
46115
43008
10802
34935
6812
5241
19285
46718
8243
42579
36368
28602
43245
38975
14254
20865
49804
24364
44374
46545
44877
27062
16646
25640
8122
17496
17794
37536
3012
5375
8962
34360
5712
2412
5176
46336
14133
42778
11398
34517
28597
48114
4821
21347
12284
35054
39831
2765
49058
27519
31356
22680
42577
19842
12334
20737
159
44206
11486
31492
39563
45627
36755
31792
13493
47130
49846
11588
11331
26187
19066
19835
16244
26200
46200
47592
47610
30145
40899
3692
7084
26186
8350
28899
34531
33631
40192
40144
49044
17399
27041
40907
40496
28992
26517
39882
48225
40004
38546
9834
40386
9458
18500
27444
24163
12340
38993
20376
8763
9279
49684
4267
29891
8068
11598
30328
12414
21715
43479
34414
23953
2637
19241
31406
20906
780
1629
18095
19520
7917
44869
30690
5961
1422
11073
42064
32182
33759
48279
13247
21376
14815
2136
23340
30333
8016
34990
26411
15724
29570
46380
43941
15304
35980
38561
39817
19173
37237
15604
24874
12530
23359
37270
14558
835
30886
35281
43916
29045
27508
47560
4924
17887
4902
5093
49800
14220
46769
24426
23520
27669
18633
10533
25761
2672
28883
3126
38777
39834
12465
18033
49280
34230
5981
29193
41290
10460
37453
27030
22706
46062
40185
49308
5269
47403
28421
42883
38209
12855
16867
36082
28396
38001
44894
2762
8356
10364
49786
10463
46298
44873
11422
16906
22024
9818
21739
17302
13555
22071
2916
25505
41284
47178
12453
7557
32094
45695
29488
6207
339
27163
35457
48269
13194
19187
20449
14108
22188
28723
16401
8275
32406
37667
39245
15116
4983
27728
33721
17567
43888
8338
23945
47643
37756
10974
338
12955
35893
22233
22511
25572
42976
44975
14844
43365
10378
31966
17560
14421
30897
24081
6572
42887
14931
11514
22237
17540
7350
11656
17796
26592
48817
45798
154
36255
17650
23505
27403
46409
10474
48605
19107
11666
34944
4263
27633
22458
40692
32761
25833
39607
26662
27746
35193
48931
928
24462
37856
10594
7705
19081
37509
18468
31634
46569
20686
20206
28031
4237
46632
11628
20071
17420
38348
15793
12905
29546
21449
34728
31630
15134
47371
30292
8340
29377
28712
4581
4702
39852
45834
10195
34083
47150
32393
9962
17054
43750
22273
49305
35993
32732
327
20770
697
15564
30669
15919
31013
49625
17944
7166
2929
5039
906
13461
29966
20576
29777
41785
7994
37174
17148
18490
11120
5403
3440
10488
31628
883
19605
16691
21545
10017
40152
29871
25831
17441
13612
46960
5517
28716
33277
21257
16264
18361
19930
32077
46877
29132
38151
47262
40500
5899
32698
20179
36153
47926
35949
16516
2066
48045
41233
31354
36207
46010
48877
909
26741
23339
40342
23716
10277
25149
43229
48859
22949
3998
40417
10891
5131
41076
45617
12131
17100
48585
44483
46304
38648
14006
32171
5396
47817
46541
34921
845
47240
24730
5649
39452
11195
1760
30557
49999
43767
19869
48864
40837
45950
7550
31150
4012
5812
8045
26900
12153
6256
3546
44133
13002
30313
19027
36756
6242
33443
21470
551
48828
27470
24768
2656
44115
43531
28229
35116
2819
7314
47057
3831
45944
10679
38603
1657
43653
29771
48307
25741
49063
25020
1883
3242
34190
17772
24506
44924
42764
46775
45732
19828
45107
37948
1003
20711
34752
42344
6974
35394
24453
12970
28014
24901
28024
13616
48430
17495
21419
42385
25633
4103
42867
8303
43541
32148
48675
14070
40339
10133
7192
45813
18403
26950
28976
45633
14847
7168
1726
44822
2082
7306
44065
34020
8100
36778
9737
41393
36470
8248
45119
21072
6497
16085
4752
1194
32921
16376
17347
28676
23685
3276
49685
42072
36485
39063
28603
12362
22781
17423
20077
45367
7801
39683
43390
33174
38408
16320
29898
38803
38508
33016
37552
49608
637
1433
46948
9087
14646
16474
28329
25376
21880
9059
39321
940
1381
9028
22306
19581
38305
8535
16175
49329
27124
12513
31664
30893
33926
24987
48206
9809
1612
34470
3571
26529
26973
47730
38290
32606
7195
30158
32339
12259
19349
36167
9083
23369
40973
31005
24261
28088
9124
24461
18958
38675
39560
41891
46268
355
5617
800
47365
12406
32124
27345
5541
29139
49626
14476
3700
47640
8168
44950
37335
42499
42757
13105
9904
49076
36461
44055
37483
27167
21869
22441
6193
42237
37207
13672
31864
42710
33736
41843
19715
10575
38979
8952
31574
33471
32764
28211
7054
44756
18714
18820
49992
43665
46796
47135
39813
1066
19055
23417
14672
47603
34153
41858
27430
48671
27150
30005
416
19974
15836
16647
34041
445
35786
33968
14271
20584
8519
40096
10517
18781
20013
7322
38772
7843
6775
29844
16554
26011
14730
11889
26683
49763
30256
46876
49778
24063
10591
10374
27886
30534
10085
45768
16011
38441
21390
48492
28682
20172
22528
49157
14935
2798
18242
27546
39439
36512
18188
7964
15622
35702
21414
35467
34262
26649
31473
12611
20899
4457
43896
46051
45615
37830
43786
4063
47544
46894
20268
18046
23019
18789
28558
2567
13507
8195
8861
25036
47209
49948
40029
21959
10144
23791
1095
33216
15587
14089
46802
29365
37044
102
44243
31646
8456
48837
32110
47754
33414
2616
20014
16400
41949
38111
27889
33731
43278
33063
12690
1014
1322
6625
29993
22313
17831
48783
38476
16053
36150
21322
23538
18646
7304
22213
39222
340
11905
16247
744
48571
468
20654
49457
32387
41194
6457
6063
41496
14997
7152
9614
33271
3024
35682
20564
1307
7262
29850
9264
36288
31811
19720
564
20264
45783
15933
14689
49347
34558
17994
47953
39319
21107
36001
36707
15969
20777
33621
42362
4130
49972
39539
45823
14486
29389
1413
40101
45487
31211
9850
6167
17663
19958
30549
35989
49009
18709
43085
23330
47147
39710
25182
14805
12147
25384
37078
32910
43461
46286
33499
25584
46468
3642
16882
49903
35327
35794
1045
21526
5006
9082
34995
25116
30073
32233
17120
6946
43391
25094
47659
4107
22277
25385
45116
3382
36827
31918
32641
4511
22944
32903
43037
27332
9544
13598
6153
24914
33325
45447
2582
48975
47384
29746
17076
26714
40033
33947
20524
14326
20278
19295
26955
38551
7236
48121
35097
34340
46608
37814
34505
5358
5017
32399
47186
19962
32405
36769
39740
37233
39874
35889
47205
27696
42667
24262
49367
46598
26710
11480
2336
16954
29123
3347
10872
42961
22269
25799
20786
39250
20128
11130
28543
35182
20114
28531
14187
30872
14972
21748
26294
20073
7260
728
46895
35517
1029
20204
18577
7179
2690
37228
22165
29894
11896
17793
33192
7404
20864
11119
32762
28788
33399
4097
3482
14607
6028
10447
6751
48381
45640
26990
19493
19231
4881
31275
46083
23462
7092
1490
31210
9117
36223
44631
9906
32822
41397
14787
2986
45684
20118
44670
25573
35186
34189
39911
3761
16522
37426
3623
4797
14139
30035
8834
34408
9641
20199
6140
34816
3139
3790
40387
32990
28387
9668
26541
25967
28338
18558
31429
21630
11209
12617
7884
17476
18212
4313
5847
30967
8665
24993
41525
36653
13346
48412
19430
10108
10662
39371
46081
11421
48840
19123
11927
22369
27319
27317
19418
3909
31022
44882
37502
34375
5141
4730
40875
13640
41160
31442
27577
47883
42871
48768
6583
23630
33227
44174
25242
23104
26507
8600
2279
11836
29899
21841
21271
17212
18660
36003
11137
6267
3658
6564
25606
29174
32454
39622
20612
36900
14955
18666
41811
43384
46989
41250
9384
4806
32584
14848
5940
9089
14840
23121
14042
31483
44503
40672
4052
2501
41259
13213
24322
33596
30082
16615
6633
4868
24615
28567
39071
36977
42048
14007
4095
43184
16851
17491
4033
12675
14827
38129
26277
17552
9488
39086
41557
16868
40306
33921
49901
9892
30044
43066
38854
32561
14661
38376
45886
41819
10606
45175
29134
23265
1651
5399
18110
48547
48540
40720
4468
14682
28451
1337
4959
31371
29079
16637
24884
9521
25296
11928
33728
3153
26921
48239
13842
27292
13509
36999
25320
15566
134
10260
9759
30664
15095
36259
21575
26115
6496
7802
21436
36054
41660
10070
36620
48202
37241
6758
22693
15244
42181
27729
14992
39601
898
36642
4355
19167
20333
28219
7854
35317
15718
34499
47728
42182
47875
44235
16858
35961
47936
31064
24360
38462
48543
19897
36838
736
11867
22543
11299
31624
31940
11731
35415
30262
19192
49111
38835
35498
28530
7961
23478
29312
22935
45844
37860
27043
26148
47568
9650
8386
15199
2913
17743
17942
6698
18055
38165
14996
9673
6573
46007
41556
9973
12693
31598
9841
46610
36525
45854
6826
36138
45226
30220
5328
42333
12744
36348
27372
22919
8904
17849
49665
737
19137
39437
2732
30216
27898
35224
28299
9600
44510
36015
9941
44973
864
773
23514
27073
21496
8014
29667
39204
9419
34535
9314
9184
5598
14219
27011
21698
48298
4027
20127
19456
6376
44216
32275
16847
5973
47352
33065
31912
40668
33212
776
9357
46123
29666
16463
35536
43322
5311
26881
44782
30128
30346
13430
29128
24475
35585
13262
40828
4531
22284
34891
43327
45624
9723
22078
3556
32304
36174
7383
25250
35145
37068
21939
48105
11208
7002
29081
30977
21805
33901
46996
38756
28362
9783
48030
3729
28750
20636
8711
34900
37677
20217
30135
1121
15966
34072
44338
918
46848
33105
46130
37863
16845
37862
32446
32960
17763
12308
6345
40722
16888
17372
41019
35047
3797
26503
44391
8355
26408
25892
10295
12954
8484
19358
8536
38224
30384
46654
14151
24117
19751
16902
32278
860
8218
47204
37246
41610
3489
19596
42239
23014
20627
34614
41478
16082
42414
13453
8241
47512
20641
34569
48127
25956
21036
29776
29315
37720
3256
1021
31662
22092
36184
42359
32190
19261
41721
5010
43780
14839
42660
12876
41995
38951
23176
45865
24282
13288
20491
17607
14942
46734
35932
13781
13784
43058
45394
27847
26975
43298
37817
14541
29987
40303
47698
17542
24030
23744
12323
7251
8113
6247
20889
43667
2183
17761
19909
9489
39808
7728
37406
39609
8640
32734
40616
34004
30117
39843
29276
18428
42079
49807
12579
7524
28529
41203
7117
17155
5751
30077
42051
13272
41064
49869
46978
34950
21224
45460
44282
43017
27794
27093
749
21790
23873
28270
29386
20283
32250
33013
15565
48068
47065
3244
36901
30600
33099
12865
29466
40930
41166
5222
31396
31829
37082
34927
48808
26261
14618
49282
1173
16856
19505
8364
2427
49208
36164
47027
19798
11416
306
36984
33376
30363
35521
45453
10818
38343
6349
21346
6020
39689
30382
17505
40749
33834
39291
15819
14747
22194
34933
2351
2579
9591
32187
14136
11132
10593
40621
41804
27626
26253
16796
3
22739
42318
22181
13981
47414
6943
22174
12960
19315
46920
48759
32677
27028
39677
46275
34409
48566
21830
30878
44929
27798
29696
33238
48324
43559
28468
35207
28437
38192
12556
11903
7302
28114
17954
17179
21357
17424
34019
5994
3531
35614
25429
3453
46447
45971
3777
36162
7358
8820
19196
15413
14901
17528
29341
12219
14719
26642
15705
6828
8872
15122
28020
46043
37032
2875
19158
432
18911
33572
32715
16267
37175
15743
30895
26628
45433
42993
31559
31648
35697
30591
40133
1778
14754
10716
21988
35838
13684
20003
18770
14790
11196
1867
19606
15017
13420
23510
1473
2537
17669
46033
1934
38913
33843
47687
15436
28499
21006
30723
33340
35941
35310
37864
35915
18451
9853
6992
18234
40067
33608
38981
8441
30159
41375
4838
7337
43247
30450
28593
25704
10730
4789
6599
35935
46347
41730
28885
30817
26894
12539
45099
29728
35291
46070
13073
39679
37943
20367
25835
22831
46333
48258
25755
10306
1383
20547
1590
30465
32455
15813
28724
15301
13906
26778
27592
36978
18460
15886
18540
35745
4725
34104
38584
7536
40229
17099
18992
1063
32166
1794
22588
4460
32920
34080
33785
23570
4722
49686
7194
20954
48131
10092
34405
32296
9917
43987
23981
32185
49605
11330
29234
42179
27700
40321
37253
30389
6017
26324
8804
48795
9038
2172
29707
39645
40605
47290
23100
14354
9949
17627
28736
29164
46057
18878
40221
27574
29760
24348
31834
9689
7514
1891
45025
37182
33708
15227
39978
30350
20066
11491
11737
2103
1092
6658
15325
4819
26546
34099
11355
763
31410
39152
43425
5291
40125
48632
2423
13642
29163
11725
8879
28177
46429
17224
9801
5362
16707
1263
27183
42968
18267
18028
14638
35180
35969
25709
28465
17964
44755
9246
20860
24555
46625
42742
32532
20303
27477
49153
25683
46462
6687
28051
14428
8054
25720
30584
3083
33959
7096
45224
14137
10547
22704
15305
38902
46687
33165
33655
2841
34512
2259
20455
1335
46571
20411
21849
18688
2135
9655
6190
18461
36168
19330
16457
27772
34180
18104
24618
22129
302
43853
8497
42534
1686
32738
27443
47140
22216
13522
21740
15037
18436
29487
48712
49248
32625
45709
44789
19590
25628
47580
46030
12532
4035
39587
32012
11879
34941
30830
11599
30017
36405
38419
5857
23646
5623
21000
33255
11673
20721
7955
45945
3457
7874
17667
46302
28498
39840
15435
32917
5852
1087
33997
32565
40704
20892
25332
49946
35662
38538
33735
12628
28427
21255
29038
20075
23467
49176
11021
6889
29608
11541
2619
13615
8062
36264
38978
14382
20681
26964
12534
12402
44781
41133
31443
33078
34233
167
37138
44037
4956
20727
44713
44463
22526
46562
1410
17577
48995
19957
26977
32298
1888
31585
40011
30860
49060
38714
3263
34815
44030
8472
39289
43288
42251
32237
19375
8866
45986
44364
49027
30045
2131
21164
24641
48488
36832
22505
40376
34022
29335
48825
14331
42568
12778
13900
35052
12382
5600
10168
21032
13564
4191
24991
28217
9302
40022
19037
26197
31986
14906
16512
6565
19511
14941
2284
23450
42852
42209
34473
4149
18322
36924
15229
6049
12804
38969
16941
30712
17284
35963
3312
8396
1015
30071
11721
34755
16246
13217
42151
20669
16757
19664
9837
3923
47874
19937
34353
9287
2023
35605
7641
28353
27593
43370
44760
11164
29875
34667
32663
3958
44023
33640
29395
23799
8829
14301
35592
11345
32444
36982
3487
2691
24756
27831
47129
47007
38591
23961
27194
1971
45352
13126
30829
41372
15666
40650
43955
29040
22740
33643
12793
35579
24025
37634
44901
20974
7209
28018
40045
15007
34285
42222
20597
34591
39585
18502
49342
39022
40724
3164
2434
40315
876
36039
41435
10984
17142
24783
48961
30037
26442
36958
14440
28901
18597
30681
44313
12173
8982
9398
24177
19608
21386
38054
41674
44320
11094
2118
34188
26824
10933
47363
12887
47646
13790
3872
18457
48978
29440
31241
10304
18278
40961
34007
27589
44937
36058
40928
45658
41575
33526
12890
37749
2345
40922
35553
24737
43122
34762
49873
23296
16034
36854
49483
48223
28668
23542
40726
25966
27845
16988
25942
14093
41072
3433
32099
41931
24303
1893
46884
27347
6492
33316
14446
16820
46708
10138
31089
18780
32447
39395
29042
31964
1722
36273
23480
23666
43396
31387
5939
105
37347
43092
16728
46651
18533
35740
13788
1207
33166
10023
31565
36839
4361
46049
18545
42474
37613
43555
45816
36535
18035
7686
13405
41464
32585
46391
11729
7165
18465
24103
34058
41008
34268
33369
18155
3948
20298
20086
32546
42107
7807
20257
7621
14934
8955
8003
32128
48257
23604
21524
39915
23134
9110
24142
41314
36866
37317
32260
19589
6152
31141
12361
29372
43001
19978
26992
17785
47933
48607
4371
30934
35783
2594
958
33470
49693
27486
2759
1461
3495
9579
40394
37260
5935
2977
43934
40305
16040
15824
20945
18976
5196
13025
11494
25740
43713
38521
24394
39221
31168
49097
40239
30437
648
17910
40554
33979
35412
45347
30688
11063
33463
15558
7630
43599
9496
21523
19322
1193
7973
36043
14645
10212
36450
30922
28890
4895
24050
11121
25818
45222
35111
41313
46244
9340
11252
28806
34982
8387
12220
46188
17068
28259
34184
42608
35656
29104
16252
32577
38254
21843
14669
30617
14642
27755
47621
1789
22509
29159
10915
42888
31468
22170
18463
23147
43909
13182
2508
30487
14800
11813
40906
26436
45545
5428
4274
40145
31192
33371
40178
41465
47576
23246
18674
13543
13848
28903
44954
34249
40769
7911
22764
5771
24167
16440
2965
13271
4653
37726
34008
20293
18724
31681
22356
25414
36504
47378
32157
39851
13326
25901
35841
107
30754
1310
34690
25645
3122
37265
8458
13311
44303
37988
13237
15243
10159
39835
46174
48509
21861
8200
2256
19770
15216
49484
18655
26367
20373
288
2821
6883
23461
5888
26435
2327
31088
21037
43507
26899
35391
24255
11839
11636
35708
14524
34075
19826
26512
2838
15187
17004
39270
24964
27915
29421
9872
44258
42480
14316
39016
19927
40891
37328
25514
3043
46201
28119
11496
28424
27648
4972
35384
25333
9480
26965
4421
49475
26220
1181
37807
31610
36835
40143
43610
47502
16061
19718
13127
36842
25686
23839
48756
10380
15570
1259
47837
44787
12106
9123
22563
8107
36491
3619
248
23211
46242
23353
12875
29785
42953
25173
7242
43176
48569
41906
29281
32614
26039
16829
26776
6374
35072
3926
39914
21965
3417
42267
3791
18596
9569
41054
6815
35947
13636
21374
9353
13411
6455
36236
24310
45237
37159
34797
14766
35649
39836
37833
29333
37735
48522
17109
22149
46320
28094
2777
46443
47776
11248
17735
27151
10729
40313
30194
39805
23396
45376
34088
45852
37062
34450
26560
18280
17979
48776
12748
23906
1851
28823
27925
30920
17592
38596
12827
11940
11582
32498
39173
39154
11538
8691
36354
24552
11959
6481
16137
26835
7398
5216
38020
39659
43784
8473
47885
29831
28046
11242
3725
26042
34819
12966
37787
37026
3620
7737
15296
15437
27087
6938
32673
28074
29671
37572
27802
31954
26936
16066
28859
30646
35619
31601
45713
28740
2205
26498
33204
16822
28191
35874
42557
32879
19019
21520
5020
9560
49353
7366
31370
3740
11460
22336
9622
29255
14259
42669
45156
49154
38193
26051
44136
26828
40483
31485
44750
591
15458
24619
28294
26913
40030
20861
15057
33544
39303
45264
8131
44424
36178
44976
27732
3993
31906
4547
40604
34491
16160
7184
23229
44278
29103
36571
43754
48310
36369
33859
35962
22384
2114
49036
8284
34122
5789
7947
28521
23011
18343
14884
37035
20120
15447
24020
49704
1313
39112
30461
12823
10961
30634
4465
36521
7891
13494
44698
28448
39816
16987
28635
43300
24938
33413
28621
15054
8464
21133
40888
7261
27623
47408
45761
6711
16275
26650
33129
21022
25842
470
19292
29284
16052
40093
7389
14190
14295
6462
41016
49412
48000
45897
27373
19062
44696
10841
45880
19915
31262
30318
39297
6684
31325
9725
25510
29253
32520
32964
49205
31722
16623
30103
9406
41693
25264
37931
21714
42152
20774
18063
10071
45998
24120
36875
19572
14907
45301
16068
40253
41047
30055
35803
42689
19029
43348
44647
3344
32076
1669
6375
39646
39829
45295
21935
1501
19825
27321
36561
38494
6200
11129
35046
5996
12746
13016
5793
1248
29124
39288
14945
31611
12961
31363
38983
23149
20403
36114
6594
9774
36314
32627
11305
13371
19555
12553
12407
23301
45173
8541
8786
24496
30987
24575
8232
13963
8875
4596
12624
14833
24435
5822
23768
24080
21276
34540
8825
45527
38755
15298
8021
40675
32074
2060
38393
4717
41997
39145
14035
8534
5454
19298
34653
4654
16916
31288
7547
1997
41605
46974
10888
23226
7044
46735
38634
38022
48595
27999
36289
11805
46980
15630
26991
20946
2462
40404
30621
24409
13896
2685
20827
34453
30871
13547
27909
40212
41001
46058
2912
48951
49158
18720
45762
29717
30031
45177
46636
36126
1846
48860
43478
46116
18893
12166
44429
45038
32530
36044
44581
6672
34970
39844
19941
36725
47301
19898
22518
44319
15211
25428
44363
45840
35845
31835
43195
33881
28552
996
19407
34689
4279
34314
20287
16517
6837
12665
6358
11680
45517
42884
23061
29798
36203
27559
28571
2051
36443
26007
13600
42542
16176
29565
27641
46928
33286
7792
35813
39051
15120
12615
806
12315
13528
22570
6058
17188
27335
8695
43612
31352
6119
24271
2674
24477
37876
19980
5796
38589
48855
24082
34943
4503
35970
43646
12912
22806
29668
32326
24902
15455
5145
5967
5401
23166
27852
22291
36990
28044
25777
14703
35644
6577
4673
21915
48102
9174
42403
22447
743
44775
960
17890
19806
40159
48190
37469
35480
39847
28165
21062
16576
3685
44915
24842
15561
28298
2688
7212
8987
17819
36349
22303
47360
24758
25435
24680
12439
6025
10963
5570
12111
34321
9107
4763
2920
28685
9691
13462
43065
32014
21235
3072
22750
47282
23039
34239
31950
15065
36284
44714
23025
33451
19061
43290
45146
29825
12522
33995
26606
31415
48678
5909
2739
3432
36482
24380
3749
5120
15554
26237
38592
25234
3821
39280
11490
15069
10257
2886
20343
41637
4765
17788
44895
41958
41703
18514
17198
25612
37539
9508
28984
2196
39259
12857
7324
29268
11981
14816
28372
2086
777
32085
9397
23898
17932
21438
39988
1951
9945
5952
9012
33644
42832
26999
16167
1086
23341
25895
48087
35127
32004
4910
903
16729
5971
39532
39786
16688
49531
28766
22551
30562
34570
20443
28010
28122
40108
24635
8998
32559
22455
14720
22529
2716
10829
10622
4029
14975
30750
49364
3157
38588
7723
48046
45905
22959
43949
39693
23251
24420
33791
34909
34458
23957
48523
44255
45749
12580
29995
45270
18580
10345
23800
36188
28055
33200
36941
32132
3648
30882
15785
30421
30432
19224
40331
753
2050
44493
17239
25494
2512
30316
30616
43823
6029
21874
9811
1386
9334
19561
46591
10865
8542
22453
5923
5921
7193
3921
19025
8103
34250
10636
26329
44208
31592
22983
25624
49423
35280
31305
17708
30215
32989
5421
13413
11160
33378
8791
33826
37595
42469
32178
32568
22038
15688
30918
43828
29204
27076
6186
19435
36786
2240
7902
38507
39346
39160
19905
29493
41285
44180
38205
45056
46715
37742
39497
43849
48743
11782
49772
35170
46216
17638
18894
30907
21467
19949
22330
28422
23015
7174
13817
45959
49639
36040
37126
47528
21292
19500
27101
26305
1505
49600
41611
41035
28828
32668
5024
40299
33169
25468
5578
34822
29200
28782
28760
35920
33958
49634
14015
39531
39281
21536
34511
16737
14343
35435
34952
27883
19622
8095
8969
7231
35909
12055
20834
24365
30412
33311
9572
44384
18379
10947
48775
34396
6524
23730
10910
15551
35876
49827
46778
32913
41984
40774
20000
22574
32346
3090
9967
2467
16837
37059
20124
42714
5704
25832
24224
42415
36949
44704
49618
17711
14176
45216
26402
35065
15988
34015
32266
11089
25934
28572
19076
25299
24851
43914
13965
14822
26134
7645
15072
21259
44237
3899
22124
47293
33448
35152
43839
17313
42915
32572
21019
41617
30618
47736
36969
5949
14312
6888
45987
9286
22837
461
18665
6273
49683
47409
3207
15733
17981
27880
9225
21938
19853
16480
48616
36629
29184
37802
47462
15626
3580
41049
36425
10850
22114
11509
11058
12837
39352
5741
16785
25176
1854
11655
10574
8812
5664
20165
25172
30072
23738
26189
36350
12424
47906
42692
17474
45059
31184
42698
23352
11467
21173
28111
26098
7979
2726
32659
40463
7551
11157
40443
47193
22308
29413
9242
7190
14060
43552
25824
43111
44371
29235
13667
25130
36393
41406
9532
25284
30713
28477
46552
48714
21686
26862
30406
33896
34509
49997
34472
47495
18146
1543
19663
43214
44654
45496
3150
35236
5954
1179
29216
8420
36374
30709
43480
8675
49937
23084
968
23924
16534
44828
42346
2191
28549
30775
44691
41965
38664
37542
40992
39000
4694
17337
45100
45766
39520
24988
49657
20111
18429
24548
27144
32477
44425
10320
18582
38059
19186
7476
17865
26467
2040
32986
402
12271
25547
30078
13762
438
3526
9277
46937
14327
36905
45194
3120
44709
37211
48441
5168
37913
36110
27037
30137
46714
33647
47917
2365
31677
44084
43387
40426
22848
12565
44949
204
69
7357
25276
250
42106
19880
48749
20220
21731
23492
14332
2974
3336
32638
47862
11259
26434
26488
19296
47854
14288
31392
8434
26533
16967
30795
30771
33242
950
38064
30254
18283
46534
35719
15939
28654
19734
14417
43830
5422
30648
4957
20676
12986
33430
31749
44667
33932
11378
45606
32475
8187
46469
20709
19355
40088
3717
14783
28557
15754
7023
43857
34128
45399
3813
35300
30936
13250
18901
46075
1267
34217
45337
27116
6674
40495
9223
25663
10999
25541
6849
29662
14583
8552
29110
8140
48172
40730
29816
1316
30991
21555
21153
13622
40042
41623
45631
34887
10187
34261
22245
19781
18373
13422
28334
9565
34005
14484
37071
14086
37411
49515
35847
43741
14543
37626
39463
8033
32261
5438
39175
26464
29572
44245
14576
3905
7584
21344
30937
30874
35273
38360
26452
38369
14621
44046
4401
9592
16207
44874
31694
6978
49496
6252
44177
24787
48550
48762
21559
38429
19598
36412
16784
37214
29455
24297
27301
25426
31233
33452
43061
2417
25751
2355
13824
1617
12894
16944
38237
2904
4772
48107
11681
49073
10777
14380
11939
28304
37798
10128
17978
30781
47748
23456
7815
42150
19028
26670
2049
27830
26234
42140
32988
8245
20055
12568
30489
11717
30964
8783
28100
19345
17460
12155
17384
40291
41530
25450
14654
22292
17843
39336
19586
8276
45361
2919
19008
16297
29722
17205
13074
29028
49482
1655
8792
38685
20385
34546
31135
30336
25025
31430
41311
6985
24092
26144
49217
1872
36938
11128
47273
18431
22055
34647
19846
47400
44405
44838
12238
12032
40440
19662
28286
11007
12405
15166
40380
26873
37107
10198
9624
41471
48744
47389
21021
3979
10349
23384
28351
17656
15162
49383
7531
6132
15226
48761
48236
26551
29909
14394
35034
7991
44540
29029
11241
9889
19650
27657
41477
16823
27235
1106
8023
25887
25372
24152
2063
7264
49335
46415
32952
34383
31329
36530
19128
4834
31568
40876
5553
17526
16433
48609
28510
43459
34501
18410
13802
1093
37996
42940
35913
7180
8993
15087
46187
4048
29492
12195
34028
22562
46211
11025
8098
35431
20682
36667
3645
46550
22749
38965
41548
43357
36735
16108
3151
13356
32486
4774
23979
2297
35345
47238
44372
40098
46746
47475
31196
10554
12359
23440
16733
32914
29835
42232
38458
41728
741
23171
42205
9605
24164
34701
3121
44124
38041
21509
10480
7171
28130
33819
2241
34890
45885
24636
29848
11886
12551
47473
28813
2362
35945
31970
39276
33535
37882
16739
45426
24366
38855
22147
43434
28265
48050
4150
14040
3963
38877
11772
23351
27465
23656
19765
36102
24055
16683
19900
28459
14110
39431
44017
27025
38125
12491
35512
48945
24522
4300
48129
14065
4229
15916
28786
30108
15734
29939
22564
22072
14882
40384
25205
9520
41261
33892
46710
27274
18588
7848
3450
24648
49099
24289
33425
6146
40007
27816
47835
18444
46428
13995
13907
38522
46459
14792
20454
43145
20729
45481
22873
25052
9465
17160
7691
9647
266
47117
22117
3715
42921
32770
20133
23944
41094
28435
27923
192
19873
43366
49227
22471
19479
12380
40705
43749
8299
27501
7771
4896
19411
18082
35816
364
3661
41795
3249
30485
46427
25115
21203
34845
43603
188
11002
35819
13219
44436
22571
7683
24688
8725
35353
17963
10377
40771
47577
22863
43743
43799
23069
21151
6171
12538
5418
3461
48497
36169
5843
45292
29158
6774
7993
42893
25203
20900
21838
49150
20396
26875
5834
25383
24969
11471
32152
27187
31416
46481
10174
27131
5889
23776
28771
39873
6363
29636
27668
47810
14257
23146
1704
30658
23954
20742
25480
25028
41722
3680
11824
6935
6960
30319
25530
20984
35071
5013
20550
40937
3471
36899
22361
47948
4314
37099
46342
9192
7700
15332
33850
23401
26672
42311
36575
27885
27611
3636
48336
49945
35264
14063
29282
25590
14039
40776
5722
1178
35
4276
23189
1000
19226
992
34440
16636
39864
7533
1359
26388
42801
36791
45231
2263
25367
21586
17815
1260
4901
35975
29170
11983
14656
25536
28945
9885
31788
2925
33581
30340
6620
29189
10767
8480
33213
36338
1688
42059
1836
8921
9360
36452
4997
41664
1017
7679
7173
14030
42896
12191
3751
44889
11779
9091
20339
237
13387
42164
2404
34683
48576
14148
48814
26969
25389
1551
10028
39904
10249
39553
511
47072
21728
17535
40949
19829
9309
31943
48235
10904
36055
32557
35565
28606
45476
46829
14920
2439
32798
12245
36042
22859
41216
28215
10549
41678
27176
42768
35884
34547
15994
44111
13321
19642
34237
24478
42702
16984
37308
36211
18136
10452
34600
31563
26816
11393
10405
7672
33130
16311
6647
12400
12172
8144
46440
21747
41405
47031
40746
22891
30425
21213
44795
21737
48490
17382
47673
23361
30672
41205
14875
38533
12752
28137
28653
26421
16173
18651
25598
3815
16304
40867
2075
48377
5152
34705
47463
32247
47763
39899
4336
34861
27937
48998
44355
47008
6721
16602
30240
6051
28112
24932
37474
32701
11095
17876
18458
42936
25650
38615
36457
35811
11723
503
36809
19032
43355
1717
17953
10114
136
26123
23992
39724
43915
28377
40326
43632
30241
21014
38633
27473
24774
5943
873
26703
38017
39089
19205
5799
23035
17139
30394
5827
23072
23260
29388
24253
33196
49783
4900
4205
4524
11405
5514
7707
22206
3834
1237
20882
7625
48424
13707
5433
29774
4943
6198
2556
18059
12586
40104
16587
6545
43859
48596
38946
8753
5734
6270
37680
33963
37579
19518
47729
31973
25337
44834
36562
42615
27664
15317
11202
16020
47373
13587
37383
3625
41777
449
9998
28764
26438
18107
24652
29765
2610
4390
7069
49147
9455
38422
3981
43408
49878
38553
40816
31709
39163
3679
34082
20837
16076
14778
27071
15239
16870
38006
48187
48694
36301
13765
7883
21501
46316
1062
4293
12049
45058
39642
34858
26419
48333
36
42306
15370
29267
217
27170
36687
29992
10297
11590
20483
11015
14299
22134
47686
36300
42532
37102
2868
36807
7548
45282
21953
17419
20426
24311
814
3274
29250
46583
21707
25595
18204
5276
38667
15049
20841
7299
27675
46119
42128
40764
13519
3793
49708
27877
7016
48051
49831
11318
7954
38711
44987
33781
42672
22397
10845
33517
35648
32425
46720
34784
10499
47302
28727
43485
6543
4591
6563
24235
32731
47318
40179
4567
31548
25910
47220
30854
594
10707
17304
13665
44520
20362
5989
18017
27572
25252
18333
36400
49008
45252
21336
20275
41854
31902
49
43788
48639
25716
29304
29230
44008
40087
25123
28672
34750
31457
4535
39969
20569
46971
46607
10501
6814
22146
1950
30321
5689
34757
48062
15316
21003
29704
25223
36533
19731
24133
14445
49456
38873
42746
48852
19514
21135
41806
28539
10595
19948
1706
9451
42567
14406
7258
46967
24807
4173
9839
42831
38446
8411
4226
6220
39809
38920
45223
45123
17586
45369
16793
47136
4841
23279
49002
26058
28662
16187
19390
7351
46739
48001
43706
24602
5887
30956
2392
11426
34325
27571
17219
11140
7667
26636
19276
23342
17325
14565
31649
14761
16284
21289
43591
34522
8549
17490
37967
10875
20317
33144
4540
11884
47802
24471
39024
30764
24777
28669
20063
16854
16542
38108
16704
39658
40731
41711
40817
49393
4486
10269
38289
45298
10507
21607
35795
15163
47323
48588
7654
372
35259
31670
22056
43401
33176
45022
36326
1481
35806
29438
12466
32932
40718
44482
41189
2638
4852
17564
41249
47472
4699
30695
17822
10559
24772
48938
22561
2834
22520
9886
43666
29879
24903
42243
14013
28631
20754
25657
42012
31642
46890
49254
46682
35556
18466
49297
24906
30112
40497
45397
28655
20787
33619
14500
10111
436
35335
30198
48461
47110
1456
47908
7313
19262
47982
38871
33139
26820
34586
2228
32098
22304
13747
17841
18038
22152
23079
35328
2584
18076
3576
29334
32140
7671
29047
32574
17659
33970
20432
24945
19021
34615
32367
23094
4713
37590
2067
14391
16995
21702
1114
1253
33917
20911
49281
45217
36351
25537
49126
166
40150
40529
1833
2188
22850
43834
40586
20035
39551
20481
38704
49360
26110
29401
31997
35095
5316
23188
33610
12060
18362
19317
12673
28832
9142
49796
34707
11403
24517
33584
35587
10467
22852
8685
28616
27100
39109
14663
2781
36360
18809
29563
9832
3617
39985
23143
28154
26473
39968
14973
12717
17960
7578
15396
43984
40667
38028
38925
47286
41724
18876
44657
40904
23807
31977
47965
20648
10860
31365
23539
18984
40639
8177
24161
43733
21844
49888
38716
44984
22940
16567
14624
441
36290
32464
35750
39684
11894
14866
35206
43991
43044
6898
19546
13206
47347
2197
30436
24476
6656
43024
31000
31897
46921
35895
37378
3590
12734
32938
35141
37654
33876
37457
39508
41282
28708
17948
44370
9209
2521
49982
16191
35675
30644
9374
25875
13792
36423
1923
18576
1416
16395
49840
38285
24626
19215
7100
27290
30475
28566
49801
10788
47115
25200
39623
17165
19820
41085
21456
45614
33675
12126
5879
4074
40405
40561
4808
35698
36618
1488
35615
38314
41344
38368
682
28210
16983
29144
46434
14352
28773
24057
31584
28169
43155
47134
47093
6981
31227
841
12017
4419
25215
36474
1918
3862
41805
28059
18295
35516
45126
32226
2000
22786
9104
20614
10340
42357
13512
3557
5140
41935
30501
23127
46730
34563
45812
35833
42011
16147
12030
18671
23057
453
48317
22300
7162
13067
37302
29004
45061
40345
2963
955
31979
35307
8803
13740
48528
13160
17891
35200
26176
22755
3397
38271
11223
17235
4810
48148
2701
31520
44791
48194
17314
13396
17273
16269
47916
32969
45354
25653
17170
33435
6354
16410
38411
5261
49784
33597
6638
17237
7693
941
30587
12138
12151
5861
2312
42489
1896
11858
7555
29248
48516
2695
28516
18256
41029
30365
16932
28339
49078
35388
21784
23372
12508
33300
37514
10228
31540
33832
699
6062
45321
37665
40259
17730
15644
26825
40438
6263
3332
12951
22046
8413
24441
16027
37563
26605
19249
16585
24122
27056
41005
28359
40779
44462
39066
425
13546
46011
11230
37402
2128
42676
15379
10407
20735
21018
11307
18487
22166
32736
12242
11286
3168
2800
37057
16210
29732
6027
39913
33231
2578
34884
21211
32754
49003
26527
24657
7643
4190
43910
32133
3908
40251
18730
3599
46809
2298
23617
0
15748
4044
27160
7318
22425
47410
14846
10095
20372
22010
16731
38804
15430
45228
8266
34145
46678
37452
1165
23231
45797
11958
41494
40739
19745
46814
24429
12825
46006
49806
5217
35711
70
35727
30207
11881
36341
41608
44872
6368
48866
31467
26836
43588
5928
37603
8978
25614
1644
32666
4005
15450
17614
48079
2724
17024
48608
43104
42808
7040
35905
15092
23663
16838
28327
31221
11815
49413
22116
39925
27421
34953
13627
21437
48401
24951
48327
47896
421
127
29295
35555
47421
28609
25201
32030
30038
13006
41367
5260
7400
29023
30957
35888
46830
28039
20683
37206
8166
33034
19621
15213
4492
2185
21668
41645
47521
22836
26841
9550
26092
23298
29211
34975
17682
35059
42197
47056
46498
3866
46871
11653
20498
49469
20659
49732
29781
37089
25656
20208
44922
42767
8774
31704
5625
26697
47032
23178
6226
24920
28722
4800
46274
15068
48727
42291
35752
4110
15560
39310
48590
39751
45145
1764
3829
33067
459
4817
27662
8760
36862
29399
38740
3076
46317
48507
15840
48642
12185
16054
16965
764
22929
7704
13623
34676
5846
11091
2480
3858
17393
29303
24530
35867
11611
7799
40955
35617
46227
25177
39174
36695
41798
16483
29169
9344
38124
43673
36280
33098
30061
2074
48474
40470
2618
14252
44162
23316
15279
41695
40830
8314
17845
21825
41993
43418
14368
47251
38531
47898
49918
39546
39135
7370
8279
22339
4849
33855
16676
19616
13475
31293
41143
44665
9276
5856
37958
2224
2359
13438
15860
11381
36885
28089
48491
27259
45198
10210
16105
24818
42518
17020
33555
46731
42450
5966
13036
29380
32726
38257
20500
234
49890
38568
4342
38216
42712
7449
31984
20616
45024
7995
18003
36849
31539
5179
16290
7923
46463
12588
10640
9376
26691
15528
10828
48465
39113
43394
15249
3030
20960
17023
3409
44400
34257
16886
16681
33523
40302
27469
4714
23378
44875
4143
20666
43143
40182
28138
28348
29851
31570
15890
21538
42354
47231
16649
27751
10901
8000
39429
8129
31119
8466
32743
40792
35696
39333
11055
40613
30392
33822
5558
4056
36889
17775
21103
15290
37021
10877
20757
15383
36830
10303
21826
42332
4723
28770
21716
30492
7464
19738
45054
39991
20565
6999
15486
48353
35362
33427
5150
15755
31919
38643
11400
31674
38788
21882
22812
42978
14277
42745
41485
16976
48335
12759
47553
38040
21314
6158
5455
43563
36627
6662
28430
14736
437
18900
23109
36714
20289
32241
12059
11906
34327
28185
40719
34903
47540
14091
21310
36950
43794
48845
34251
44674
8578
19823
43551
20148
36428
44469
7145
42821
16382
45575
40574
1724
24499
35301
3709
630
38976
42927
42865
35278
12500
41874
15627
4067
34456
18679
43506
39274
43590
43277
11888
1948
6121
36124
29475
47994
26412
9162
8595
44085
21964
46183
41275
8115
24112
47434
15359
20966
36759
19060
642
46338
47510
27040
22887
13015
5693
20987
23895
26240
9757
41740
9159
21840
42699
42485
39777
35937
28273
6709
32429
18630
48263
38304
30813
46292
18252
3214
47683
17452
24741
17277
28569
33913
30784
47188
10105
36128
46335
21311
33975
47597
12869
32060
9196
12510
36960
20108
7652
47468
49382
48758
45590
18476
5635
21916
45643
46817
15804
11482
8845
7495
18617
4919
35520
24694
46218
13704
42758
22633
48735
45511
532
28904
6335
36347
32448
36286
47278
29092
13295
20621
26682
20480
21600
5327
21651
20407
7957
29981
27369
7483
19786
31280
9726
27634
15608
23812
32005
6911
18748
49974
3553
34183
31509
36704
38890
44402
21383
37405
37662
47829
34902
42373
43715
19588
476
20205
12737
22343
3624
35407
31067
49396
11676
24046
28889
34980
20037
25060
847
45883
6065
3299
36473
25915
2373
17037
5193
39235
25900
2768
38149
29902
11659
33330
15878
22135
43205
15448
27018
30025
9504
38837
19013
13855
2166
2590
329
30226
28103
19344
6165
19647
49826
1931
32775
17345
603
7889
13251
6975
18106
46299
6184
33426
4758
14943
33048
17487
25963
11327
43968
17805
3246
37295
11645
14085
36441
46489
37339
49165
27238
43054
27918
27472
18180
24333
34057
2415
10289
40418
45040
3669
34644
46916
34856
6057
44996
38
14963
23160
49365
19308
15168
22171
13999
16743
49962
17171
44149
44427
36916
26763
37322
29977
44294
20311
32412
7133
8180
35160
33848
25091
47173
4928
22968
16468
43468
47923
5833
39008
37115
42945
19024
9077
44298
18310
45519
39941
6819
38381
44034
18399
49397
3035
4823
17829
27480
5250
26772
5444
36664
44331
667
6760
30649
33
16933
30255
34402
27964
13044
13536
11902
49789
46315
21858
37053
19850
24304
43725
19633
6444
22879
36722
36468
49279
44513
32680
36201
23449
8874
30698
926
24616
27894
29745
17840
16035
47050
6077
6285
8968
22242
7056
10766
8759
39745
15121
41978
12678
9479
33732
3004
43189
4137
41991
46522
18404
2574
48994
19811
28703
48549
44340
36146
27275
13052
1210
31232
33911
41147
39344
3307
41638
49437
38298
19655
15180
36158
29988
47689
12015
42556
32283
1172
46905
3936
27168
34247
22439
10323
2320
47649
12110
17092
30252
34636
34147
30660
42111
49030
17017
26743
29679
13483
11574
22845
45190
25216
24166
21380
21696
6074
16852
47083
40025
6553
3393
31319
8036
32390
35777
35166
11097
1034
26655
43517
39232
48672
2534
1061
47063
20624
40740
19860
28544
46294
30965
21982
4445
45875
19952
5052
8336
35172
26249
34120
13957
44330
8863
25747
23511
2621
12808
1834
13921
23701
3313
14000
46963
35055
30028
22179
5513
26566
30517
12447
49061
5485
17306
4243
9020
27553
6795
43359
48883
28780
40768
2280
47113
8960
9682
5109
31420
20506
26337
47004
29246
35566
45546
39073
38303
24144
48622
47488
37835
41307
48530
49960
4866
19744
37403
47235
28462
14423
30456
22555
43920
35304
6825
44602
18037
18096
40758
41492
39451
41061
24342
27327
6483
29316
17992
16650
40486
10540
30398
29265
32122
24908
43965
49223
40515
27201
12097
46602
37293
25506
12898
30455
23169
35465
23869
19951
12292
41845
18759
47538
33845
42208
17706
37605
23323
14826
409
19274
3038
21787
12216
42725
44368
40773
31026
37002
20496
12013
202
47487
7619
18305
38144
9815
33040
23041
9824
2372
17332
20371
6574
26826
47144
20016
40153
24556
21931
22597
25736
9883
5965
31436
17668
19145
39662
10701
8425
3048
16629
36313
10288
20640
5519
12333
1184
15895
45147
44418
25300
31075
38575
25795
718
10302
6550
20578
33073
49638
24523
37420
23403
49957
18628
26567
36293
1157
34769
25933
46696
16233
6476
4574
23680
26735
3852
23256
23910
30910
31010
1085
4443
4731
45521
46212
18014
35973
29326
33588
23647
8531
48915
13448
12783
2446
49400
10903
10582
4703
33580
23321
38668
17289
28719
15191
32288
5573
12467
46859
1111
24116
26494
44334
23179
26842
19697
24624
2911
14325
34619
46281
43289
46372
20090
19813
32953
19177
1975
26420
33793
41412
12246
1315
44257
29148
41240
550
21011
895
12346
13910
37523
38573
24432
31048
5119
42095
47480
43871
42308
18164
1023
38872
38935
30876
40351
42668
16945
30933
16896
16760
6284
47938
47913
2654
49616
11586
40472
31238
39578
11090
11075
17315
36006
15198
12356
40579
45510
39130
35339
34486
33521
30606
31489
11664
44792
32349
7535
22089
44104
16386
46245
34756
37366
25749
48197
31618
30300
49020
14708
21625
19923
36660
42367
48267
5911
14930
47045
1436
24279
8008
30938
24508
34051
23013
42043
34024
25071
46223
49215
32981
24159
10650
19585
35894
37762
18791
20542
38645
810
21875
4566
35642
6079
43188
18420
30785
32729
39077
319
45838
28892
20521
37121
26201
35092
397
43264
25676
29581
13727
46093
34748
45323
12249
5962
13390
31873
25344
43351
768
184
26761
23074
31204
24803
15097
32163
20846
35650
3306
30381
14358
46565
34032
14174
6486
13570
15086
5096
13609
23483
19575
32705
40502
47562
12841
17520
22014
16808
17670
2068
25097
49892
21794
30273
29983
47655
27730
5296
12440
11088
16601
9327
20763
41836
39739
15073
15353
10861
43462
7372
28201
29391
20750
31535
22103
35156
8424
43519
48894
36511
5207
10469
1842
23390
19412
34608
12922
35606
39473
28145
22286
26518
12543
9366
33560
40047
21305
38842
29978
9971
31623
20253
34680
33324
44068
49887
25206
807
38283
14967
28456
45449
42559
29093
43388
678
3162
4183
5147
44831
14940
1013
30428
47880
6461
47778
13435
59
2535
2550
33725
3158
28104
19436
29441
14334
1780
17442
46536
38069
33645
23311
42878
41988
28580
29985
35596
35216
13583
33801
3176
32856
49209
40809
28212
41694
309
15728
32363
38379
9646
22139
30561
27872
34387
36979
19458
25119
35830
3173
45089
40852
33397
567
36903
47787
40954
38390
35101
25253
18560
12996
44074
13263
13742
17748
1229
1180
42337
42877
4216
16155
3611
32524
22372
48539
39699
11244
6968
46470
11053
12037
47907
27695
41774
17057
25997
29364
19684
26542
19347
23085
47902
10896
12873
24010
10276
2469
44785
20554
41535
19513
1583
43074
31744
627
34390
27219
42824
6437
5022
38773
41594
49599
5021
46588
9654
22107
820
25859
28399
25687
2248
22979
44289
11018
37218
19737
19812
34786
2871
7965
37664
4262
7640
18298
22747
1056
8516
47252
20323
37784
989
25688
44305
48065
36130
23058
3781
24417
40556
38760
41427
49899
13289
36244
24697
42515
41479
22918
3410
42818
10713
18018
28190
27222
13252
45401
43286
27217
17585
31790
11148
16180
1484
7778
21811
41799
31445
5512
42637
8222
4958
45918
37427
34081
25365
8917
15535
5122
6764
42727
26260
15526
39530
510
40166
19356
45787
38742
20800
3630
12494
5191
1352
10472
24769
32684
25087
33089
10233
13518
43560
11104
21729
30029
1821
11657
4261
36822
19238
22794
45639
100
12926
38523
30974
45544
30491
7141
7575
44411
5628
44442
25732
13649
24514
34430
46280
36590
14559
31880
22389
10918
41386
24277
36638
47354
47440
47596
7699
25493
23500
33914
20887
5589
32308
608
46014
3490
24776
42537
4746
21765
12196
39788
16380
12802
26872
29761
31039
1423
2153
41257
21348
21922
49569
48268
8908
17857
32545
28180
42018
35604
23454
47289
13807
12776
855
20532
12033
40530
19894
18922
12247
42526
47601
35896
19774
30527
6666
13177
45392
2743
12441
21551
10166
15491
26223
8794
37467
29749
46155
41050
32167
19861
25229
23749
20795
10396
12376
31933
27365
48247
1292
45473
19800
10651
13029
47549
11163
3954
3708
28429
36129
10823
19528
10997
6780
43423
24685
13664
21902
14969
23969
14208
20901
21475
44490
15950
986
25370
32091
14016
2047
35235
15962
7446
4442
62
45165
2652
3812
16705
9126
3499
21713
7814
8857
6993
34126
12622
11317
23197
49860
28882
2201
13939
28870
23543
39132
4570
15424
49719
1815
13193
10796
35801
29464
6480
34844
35598
7187
32286
42042
16684
46594
1347
24041
30583
7170
4420
11220
34368
45970
35530
42587
14732
19174
30546
36304
40246
460
49749
27701
8594
3085
46436
44324
45363
20920
8156
37734
28160
32010
23698
3231
44810
21123
10361
17267
41885
2720
40447
31691
11724
11487
25856
33143
20885
46430
9798
3805
48593
39506
16364
5723
28000
33322
23905
24065
41036
2996
6392
40689
11683
49939
24780
42423
27689
13185
32653
15882
7922
25981
11110
32650
48464
33390
32503
33749
9898
31730
28636
9981
10810
17061
48342
15313
13056
38452
2032
24832
11817
30266
26156
10998
24472
33564
17207
24408
43939
2442
35731
35784
34076
18167
42634
39227
45418
1963
27351
46350
5494
15903
36702
1906
34318
31165
22978
7517
27844
44830
8851
29691
20968
4507
40735
2555
16444
27879
48399
7052
12307
24528
2629
43693
18224
3045
28171
9206
22748
32514
33842
30385
10455
23739
28650
37810
33454
23214
31663
20194
8862
4003
19471
19269
9674
36897
15212
40008
23620
16860
35117
1649
3400
28886
11808
146
29513
15619
16790
25872
44888
9580
30770
37245
42058
33668
4927
27316
17230
32129
661
13535
42494
40772
48156
46748
6718
21742
44744
37109
22885
2497
6131
6209
7387
49906
1385
16914
3621
24850
21127
17848
43232
31798
36608
47721
46477
26547
48601
25441
37959
3294
14767
15013
23397
22352
47255
26158
13195
8923
24598
30638
40060
26375
41571
4112
44790
46273
41356
21489
17875
15612
36500
36231
22538
48723
28281
19966
35705
27513
5065
34
13718
26213
292
8326
22011
8524
47470
10079
1431
27507
46494
30906
879
7554
45920
32312
13953
37744
39356
16628
36580
26834
33712
43638
22833
10722
33762
47283
13577
3968
36308
9240
30909
25983
23210
5212
43901
34063
44271
19669
38407
33291
41658
45809
14048
22741
4167
26678
6053
30792
32206
25759
40683
2303
31330
11313
19093
43647
10167
10420
4282
16668
12814
7057
13873
15685
2506
34841
36297
34334
1606
8127
2006
3116
47742
31922
38884
27401
11703
13550
11479
35091
30331
22763
24072
8839
9699
27396
42335
30580
33161
26493
31148
20033
45304
49322
37894
10381
18183
916
10711
3148
3355
15731
39975
21566
32500
46450
42732
12204
36672
32605
20822
25364
1081
22017
9179
40708
6640
43873
11020
34575
2445
17227
37398
16115
25773
27490
9047
15894
18946
23221
46136
4083
49987
34336
14409
37980
33877
12295
6192
12188
28274
18586
27598
10171
22608
9808
30666
12319
39822
15717
6261
26041
48798
10400
20819
34370
29325
38607
20978
27666
31226
49544
23096
4211
27813
14568
4075
14379
45441
41306
12639
36198
49377
28086
6901
6438
1636
46464
3880
10532
39625
13791
22976
10780
41967
5163
32334
38364
6159
40737
44057
10393
26131
32325
471
1213
7748
25481
30281
18717
22599
29713
44169
38352
13786
38259
27837
14700
32439
14873
24754
21579
17265
26089
10523
36878
26055
43899
44968
47859
5930
1489
40887
47922
14649
6087
3911
15363
37220
45211
6945
26161
36870
419
42147
11796
18074
262
1072
15596
25948
2308
6990
19234
12895
27006
2458
49825
27102
32619
1810
43655
28363
5858
43946
15730
9742
990
4452
22497
48276
14275
32149
8805
6615
40815
25679
25030
1720
26720
23002
7992
17547
16097
34433
41698
49083
7228
14090
43976
10065
48661
14784
29588
31717
33475
22279
30010
34713
6723
21652
23373
21500
47650
5419
12395
41115
33977
1047
22105
35788
39568
30694
12290
18701
37733
3726
17329
16989
21298
40371
10185
41499
18723
41010
18246
37269
34655
30950
36541
14117
4738
2492
49152
38482
30762
19916
5174
28366
4073
10248
10800
44176
7440
29417
49706
35288
31301
20818
2599
7918
26626
8988
12113
7334
37063
31543
15711
24907
45867
25555
15845
19094
9132
28787
17770
48906
21408
36806
9426
22247
19217
2383
5153
10498
8742
15699
17773
31217
5807
24338
27461
21075
3027
35723
8840
19594
19420
12732
46169
30459
8447
32890
28950
25158
49722
27047
12018
1051
45141
48145
39414
21806
19288
24982
44052
22952
7478
20815
9098
48343
26345
11380
19544
18318
24068
41696
11740
35098
16472
42096
44291
15306
30484
44990
48085
9763
16664
16961
24882
6367
25084
7939
45818
39617
17446
3136
24138
34469
26988
30018
22172
45440
34899
44318
37337
12091
49296
13806
26534
43433
6646
7900
8831
48
21925
26171
39125
37761
8337
23498
2528
29293
15482
26048
14027
3129
10862
31892
37777
37849
41341
37212
18349
11704
10165
43412
10937
20076
5697
37954
47138
7553
22839
6762
21940
41482
39756
13279
41747
29933
13770
33408
40493
37040
2101
22003
38906
30192
25843
11545
46444
2435
49090
12167
321
40460
39296
49707
43753
39758
12669
7452
569
16948
25529
36857
45277
4394
15690
9243
32544
43062
20188
10148
44548
5737
14429
3420
11810
7908
30309
6527
13689
34006
44507
18821
16159
12282
23907
39338
19113
32491
247
39668
19065
15991
7669
42700
34820
28985
42054
49782
37156
24393
18173
4481
831
32783
6275
17091
23740
36019
18504
5127
24831
33741
42855
39656
14550
37700
47943
6566
39422
6954
31515
10113
17359
45828
4426
32436
16786
2246
41328
4476
15327
20764
187
34112
46706
21553
25074
48606
46923
9696
24839
20207
34231
27839
17074
16426
19791
37163
10555
18552
30852
3939
3723
6011
29254
26407
26079
29658
9562
1801
43399
25879
23175
20658
49300
23971
33223
33606
23320
6539
30553
29878
28257
31729
26107
20734
28115
26275
47444
24997
16803
16465
27531
23605
12270
8754
48651
10895
49430
30166
41604
47271
746
42330
44684
26447
25251
33296
33554
43831
25407
1428
30970
38246
2012
34140
6093
24724
34603
1020
42035
1460
3282
10189
13172
48603
15070
84
20436
28642
48396
8491
12691
16782
13875
34363
42580
5123
26663
15374
42690
2799
46259
3247
40465
18756
9664
19112
39450
44634
3724
24841
36197
49501
19132
40908
29209
4399
39482
37707
43254
9303
45309
36915
1262
38896
18370
5594
26140
46893
43860
40223
40180
48917
26731
16422
4909
23255
17639
27969
29390
34301
45422
3928
23194
39343
29331
37559
18021
19009
17008
43594
31947
41312
43789
4232
44840
41510
41466
38657
48486
39080
20602
48244
13476
8179
5209
49318
42738
6528
45467
31369
22893
7343
45328
21918
6504
27088
15338
13603
31459
46008
47411
24013
24942
49043
49538
42146
22412
19042
44853
34901
29313
35684
15712
7601
24053
2027
30883
17709
49136
2310
41248
11619
34807
45420
664
15247
27452
447
2718
30745
41634
10009
10543
25321
44219
21317
35897
45162
37338
39242
1974
40385
30286
669
22603
49576
42088
38159
31658
38049
43707
11571
10301
15778
19103
33661
34166
35865
4605
45437
39743
20927
28798
1327
5674
49361
125
12016
40363
40619
27236
20020
5464
32609
4552
16556
9649
15111
40524
4337
24778
30264
8037
17882
15333
30427
14723
24186
18149
24739
39766
27138
38737
42304
10183
49095
16572
27921
21544
1633
42806
23705
651
39869
38027
36061
24489
12554
13163
18996
9822
21158
43414
40194
18127
3881
5423
12256
13351
39521
6654
17522
694
14158
35173
21038
24683
21757
36865
47329
37935
25096
22626
45332
29263
25821
43581
11720
27476
17965
24812
3202
2757
46576
19328
47872
23801
36298
21421
49635
38404
45387
39876
14183
2915
6830
31975
16407
43956
36507
12754
12165
451
40820
6199
46705
13556
48722
21487
19122
19686
40114
41483
40983
760
31389
34031
30899
29107
22210
31269
47152
1043
33809
27436
46838
33334
4736
32813
42402
33404
15681
13984
25954
9684
30875
43279
25009
22430
38681
30515
42906
20925
36307
42347
3689
37985
4602
7352
35100
28280
13606
24666
4845
48839
5194
541
3364
39962
27270
17168
23936
31109
30629
29511
1485
7794
33516
16713
37891
35094
48212
3519
25179
9711
28047
45506
44349
30362
25782
34354
10811
3101
16354
19516
48251
4136
23404
1058
38612
18449
8747
48124
13894
5106
25458
37769
10846
37104
18432
37820
14278
20169
35204
44533
46499
8224
44500
15502
39329
30147
5187
2306
44168
11850
34192
5532
19253
26867
32805
37194
47124
37304
45790
9552
44584
37550
39750
6169
48302
23972
18359
23982
49830
45102
27322
20008
15008
34050
20161
45896
30496
21045
17392
12124
27660
19467
40858
7687
25717
8672
41717
2598
8260
18676
32618
6274
12435
21647
2371
42226
26196
32179
14451
34708
40070
21755
6494
16720
33780
10599
33355
24323
14304
15745
5303
47493
26292
11523
19788
34436
48780
22154
31853
48700
14449
9926
17892
45010
35188
14069
10612
7829
39040
21693
28068
26972
14760
9409
16594
17416
18408
474
27677
8073
21504
32234
30317
32392
13440
16231
35647
16662
1634
41196
47909
39449
41489
42317
36536
21112
3300
24678
38822
727
28054
19667
25371
6530
12518
35015
32511
3768
28178
35261
49810
8272
40177
33251
30613
20857
40643
6110
6961
5325
1593
36454
3000
2905
48838
16795
15910
38312
29941
35469
3329
5218
25482
22843
40738
25358
39384
38862
23674
47
45233
7616
25577
34835
17044
33081
976
44738
23583
21154
19636
12655
44250
25977
44333
48184
29747
47863
1733
26384
46777
43208
17714
19510
39495
14620
37495
37669
43386
38291
2653
35277
49936
14887
7731
34589
21326
3271
41562
46110
14012
40378
42321
29623
24959
14733
38024
7086
33798
1840
36508
24029
33387
44819
10513
41855
41975
3868
24219
45660
10362
18929
12428
37651
40543
11510
41222
48920
9053
2787
43891
3019
48524
7880
26478
49499
2597
40226
31024
9603
20176
6418
44413
18376
48273
30877
31960
29942
6893
16825
1585
20299
30356
14080
5925
19385
7697
34255
13281
40360
1199
9657
45951
37280
28934
25672
43593
8496
7080
42081
1509
17353
17062
1747
12019
26635
39400
1336
16417
313
12207
46704
2981
40732
4541
22582
12850
41818
30640
13123
3710
19208
19928
46388
33479
11591
40684
26274
19682
5611
36935
28874
18000
29063
552
39696
31996
27779
19891
34545
22992
43758
12351
11559
24667
2918
22093
40736
17032
41323
37380
9590
6634
24223
33737
32211
8727
44020
7688
14608
7123
16635
19592
40016
43684
35081
22342
13241
30479
39058
33513
24228
9433
30651
4578
5101
7786
35313
32256
45203
20129
9136
46096
37759
13574
17028
10201
25991
46792
38469
3380
21921
36675
16301
41757
26361
27154
49445
18645
13039
25702
26113
48699
21422
812
13845
37325
31362
25618
38519
36529
27460
46965
15883
696
40976
43623
18619
10459
48831
47911
14272
2714
17509
36911
22395
27731
7008
8362
21561
16279
11662
25454
29961
43679
38110
47303
7677
6446
28744
16064
15798
16977
8721
34913
20243
47353
30187
43642
384
21109
11207
3808
28900
18648
49291
42387
45421
31009
4483
35434
22398
16658
33745
16274
21819
12186
29061
45074
1401
41153
37748
26712
32428
6280
183
42552
30294
36331
38662
2962
1719
34626
45240
19465
23460
15307
44835
44765
27958
22102
17268
45077
34918
33983
42091
45432
43881
25958
19160
20591
36975
43996
15209
25569
9312
44281
4016
27450
17562
22986
9980
5500
22144
19876
6222
39755
5735
9549
16716
3673
42110
6389
49094
1001
45573
26643
22733
22068
26668
27826
31668
10262
18906
49405
43086
24341
16644
45785
34059
11553
11478
34871
4346
34425
8718
30985
40917
7926
7273
20499
5711
16685
12175
30305
36567
36750
34492
35030
42812
38651
3690
39686
29683
29582
44673
31154
9991
28394
32694
33457
26621
27356
6168
38876
11540
19688
2473
35197
1493
20935
19965
21360
42902
26289
15055
1140
42001
38727
33773
4094
27057
32697
1818
3701
41326
28542
9862
38630
44794
29538
30307
14622
34208
663
11484
25952
29101
43178
36379
7725
44447
19351
24792
24433
4893
28473
43224
40311
40057
32555
32188
19926
37937
47996
4564
5477
30024
48846
6096
31016
214
10740
7650
1989
26630
17158
1467
44024
18865
1827
43087
34385
35129
43027
29697
42683
28246
5610
7540
20789
16835
50
5242
11936
19134
39347
30466
38739
19565
1008
34215
8555
40838
34914
42729
28867
10601
7790
39176
39621
1254
29880
20510
32755
36728
46284
27281
44121
12214
30079
27543
28513
41360
46166
10365
8426
48643
46442
30468
16446
40131
17591
12160
21215
48162
28285
20180
45914
16003
35563
39083
45085
37589
46766
21397
3640
10503
23990
29895
40162
5567
15081
45482
9050
13486
18231
19034
29931
29411
18561
34302
26689
11865
27245
47393
19568
45446
17901
43558
26748
7169
24326
14049
8305
46085
40407
33033
5312
43527
43078
14786
28726
40366
44343
38725
34831
40210
46140
30127
938
23779
48354
35774
22688
17413
14465
8995
14432
8108
44547
28617
7211
41377
23370
13209
35238
24335
17408
46148
31739
23876
27832
20661
35902
19468
42776
8079
34742
6902
28485
39184
30049
19148
46040
26224
45283
4732
49667
43616
47525
36422
30794
18840
15253
46220
20457
23447
20687
10613
6432
16985
46170
25775
22872
7875
37799
28973
23929
38139
2632
22452
30973
44153
34544
35021
11929
38659
26423
16
39493
32449
40297
6859
25781
26918
1577
41110
3291
28116
36824
3666
40063
14919
41182
46265
30122
35312
6808
9462
38302
18253
30418
49650
48679
28660
34865
38982
1782
11753
12775
27258
1830
42737
38160
46524
265
20706
47976
20733
14536
28706
18902
587
36635
9679
26954
43404
1539
10022
42639
23453
44196
19867
45484
1358
15786
45064
42582
16547
7342
23334
28400
27014
36011
29532
13867
13729
39207
34178
2157
37599
1130
1640
4028
2991
48032
31004
34049
10116
5486
12824
49500
3861
18973
48976
30514
12297
6490
27463
18394
10191
23677
7269
12807
36831
26794
40902
35157
42954
24370
40857
5555
37375
25911
45293
33501
12011
13705
17412
37372
31401
42299
39233
38097
28290
47595
36139
11554
35870
27173
37321
45225
12034
20980
49697
27254
18266
34415
20160
29355
4061
14168
9108
47720
44016
41187
39592
17767
18799
22091
38323
17678
14441
42196
35039
11739
24105
28150
19782
47477
43413
19580
12050
13668
19851
37565
21300
30563
47351
29593
41491
40850
22649
47740
9055
36816
45609
563
22640
49275
12701
8912
4788
36669
15221
18764
48400
7838
1908
18184
37271
23912
22984
30968
1772
9731
11577
45017
44626
20030
24880
35451
31438
21052
2786
34106
48149
35272
37030
30996
41756
21930
14427
2809
13340
9185
20441
40099
41646
32434
9890
8056
31736
7613
30040
31056
17303
14045
42019
22557
20836
11309
45571
3663
8488
18594
1498
21601
18585
28303
46131
49350
2227
39611
41640
9420
9144
2983
29958
23385
42454
46549
35319
26555
6939
48170
20185
37134
22830
27320
98
20753
9239
42605
4537
33363
32830
40137
4962
27780
3189
44039
37880
16920
6966
5461
16324
41951
13893
47064
36746
19554
16338
784
25162
35066
34925
39726
30900
6986
44844
14591
16643
16610
43977
18783
12866
42643
4348
14738
48562
28452
49411
39218
36488
3931
3767
9994
20266
20673
7453
4888
10957
38880
2071
39632
16271
40990
15039
24160
32372
26896
25093
5333
27060
27670
39720
3971
18240
37900
33145
21190
38960
3555
30478
30441
5371
32033
7594
17195
31228
17427
14731
258
5099
45819
45047
580
31576
8570
5875
25439
44955
32604
7974
36151
45388
7600
23790
730
40778
4240
28561
525
3525
32741
46164
20806
23915
34225
44159
6716
38698
17174
1354
27135
22881
15449
3816
45707
6691
13673
4687
24662
31679
5487
1983
45215
44658
30050
26060
15774
12727
16544
30007
44066
40434
28592
32576
22192
12872
23173
23364
29863
15504
43323
35232
2293
33770
18281
36316
47435
31942
27491
41584
23230
12751
22387
26917
28203
46394
17786
45734
12045
34510
49119
156
45360
993
31334
527
25670
41220
32161
32885
14691
39753
47207
32757
28923
40041
45763
24017
16640
47542
28343
34969
46153
5315
1041
23103
41014
42971
48519
10441
1942
5604
9247
17538
25056
21670
22798
46997
7150
7742
5511
47202
26796
40711
8613
19254
28819
35446
38136
2589
16347
8495
45780
17034
34961
19198
21244
4196
47940
537
9208
14636
2429
22264
5937
37558
14572
3220
44091
983
48843
34504
45016
49666
43181
23795
21980
15195
9180
8517
4944
18683
28305
41136
37805
16521
29137
22650
21676
18336
35798
18787
25874
29795
10044
21410
32861
885
46256
10759
10199
47436
24833
3021
41177
22746
39085
28728
27534
3208
44798
43239
38202
3186
32712
11593
29754
18794
18471
21709
8859
5374
26924
34682
21095
30571
32337
5678
370
20529
20358
10703
49237
35254
10682
42572
7289
14161
6423
36588
11607
3147
37191
1645
41105
38207
18158
49299
47876
65
29742
7541
7528
24560
12379
35373
24199
20567
9237
17342
20840
33669
36933
30454
41
5743
27367
38752
19950
17596
41560
1947
32479
14286
33714
4386
22683
43072
28060
21057
18227
44373
6921
26911
18528
11555
33797
45278
16486
18040
24211
41812
8702
38270
48313
18001
15959
32435
15319
7240
25750
3915
45719
12316
35911
22575
13305
42094
47848
8024
15252
10900
28792
11864
9692
42994
45339
26297
21578
33315
5747
1038
27434
21705
14885
35610
31239
10032
5985
14330
15945
32578
28087
10678
41643
42003
33347
7108
19331
11618
17123
47915
5383
14959
5919
41989
21384
30624
21846
43328
20068
9911
41348
38549
31164
11114
45366
16384
1146
9514
43432
14584
16370
42664
24567
47249
34836
4705
31312
23371
45176
1346
13336
42851
25270
48021
4645
18350
17740
11613
8278
8818
33220
16938
44686
6665
45731
32438
47714
2706
26553
42398
42519
28535
5880
33733
47107
24693
1231
28857
47662
10976
43747
19685
31157
39833
36906
4320
28301
34519
6942
14560
4915
1933
42740
47451
29740
39690
16287
2948
39782
3991
24820
47914
18200
13463
31784
91
30021
42496
43148
31560
16710
9026
5651
33690
48847
45066
11690
16990
27487
27920
41903
22463
48233
49417
36212
24126
10482
23962
43801
35883
14067
29876
2238
18663
3026
12288
15588
36327
37200
31353
27989
21989
13192
35757
42937
41651
46694
36648
42527
24916
36859
3014
9355
18015
41131
49658
6305
13471
17370
42161
198
38781
35859
47362
4344
3377
39694
35336
31358
36843
11060
12676
15154
23767
7363
15004
31507
42581
23076
34282
13954
23280
178
17051
43393
49114
27782
38351
6475
45735
45913
36764
7956
15127
9833
6003
47932
11062
43865
10110
25
39780
8134
18225
27003
37025
36542
15729
13278
35669
32613
29630
172
23518
22784
38560
41346
43048
1567
36008
20957
33870
20083
36514
38957
39194
23513
25706
17465
29734
33026
48747
12026
45084
13150
122
11816
36942
38927
1437
863
40255
42623
22374
24324
22674
47850
19618
8191
2731
35761
49539
28325
48872
33861
38222
6023
43011
19165
13467
45835
20216
40996
18802
30820
7430
29957
32616
10773
38859
10775
15019
24406
13299
13662
17602
27858
10082
40685
2208
20493
22932
34167
6227
31476
39377
9814
47895
34246
3223
10987
35686
24744
2357
10658
44412
23491
21488
16058
17041
8178
48409
47545
10964
47969
11473
6879
15817
33156
28032
8826
2823
412
16959
25338
42370
17818
27165
4662
34817
28077
47711
2864
24028
28956
5805
20002
719
26721
39832
5988
2897
7028
5335
4986
1570
40572
29628
23125
37998
39744
44404
12838
49490
24241
602
42507
35187
17339
5739
11693
45993
24382
7730
37108
497
40083
18241
20772
38987
49845
38802
20417
37342
77
8093
16807
40635
48689
19777
31040
15574
37652
1202
17851
34364
9499
13362
17463
26945
47112
40620
9199
43126
34802
2035
9876
49004
49889
12317
33718
1151
34924
43697
23540
5357
41769
46639
36014
16084
33724
7090
7804
43842
8697
12273
38814
37300
2243
38025
14878
34548
28871
27588
13011
33620
45398
41934
11111
31042
34069
21667
37585
36214
32174
24784
10885
5457
18838
12366
6644
5903
32359
32253
16174
25770
12815
26785
7435
37369
5030
33002
48806
31945
26623
33248
39701
29536
42783
10372
17766
16372
42541
29392
36821
15270
31435
43845
21611
39667
45408
5774
6479
23305
14739
39361
27764
48526
10762
38146
22714
44218
25477
32228
49324
46582
26729
46195
27286
25308
24464
13911
30980
47499
12443
1869
41428
772
33320
3684
49455
49750
13481
46261
42575
3225
48382
24039
14771
27068
1176
28007
4512
37014
31696
36183
22420
42171
32069
47170
18030
38183
39021
16700
13330
1109
13134
32811
15118
29597
23481
3535
8953
28831
45504
17515
42521
15763
31346
41083
17326
36489
36961
19237
30185
41878
7126
23093
18285
45403
29718
38970
47459
12381
12338
43917
30576
14758
14715
41438
7810
15980
6705
38840
47530
18128
29320
9440
5675
21814
27750
47090
18944
34604
12053
36252
44127
12635
31340
18705
18508
47555
8607
8719
13735
11741
10272
6727
32052
32656
47877
42375
43651
36079
38457
31530
26981
33401
42290
29066
10931
6208
21073
12397
17075
28626
23633
5072
20504
26550
15850
45248
27658
32141
11439
45912
43302
33254
49836
17681
37488
39444
45869
312
3783
39385
48003
8659
4710
850
9653
42154
38977
39841
41765
37714
533
33601
45053
4425
19670
27334
31451
28096
24102
16723
7888
14092
12143
27323
22581
30107
33419
24405
33168
35270
15643
46369
39265
13468
49760
619
35240
15961
27310
12218
23603
8032
1118
36837
15269
6453
21433
6998
42790
12983
27738
35892
41846
16146
47382
31896
33981
37412
4590
30653
6308
8250
978
43083
5026
43341
14472
3787
1945
14173
37434
34971
10925
7268
26215
28256
43440
17974
16205
37966
29336
27397
10036
23904
18746
12479
6538
37886
35950
30622
13106
30179
41857
2282
18439
43091
14066
37953
11276
45856
44309
13165
3041
17331
14746
3634
42481
38599
39865
22244
37695
19371
31901
16204
44190
30943
38874
20240
28258
47626
21571
47517
28346
49034
13240
798
32353
1622
34986
1530
27039
38697
44466
24251
31407
8171
17018
23317
6839
22539
25095
25113
13838
7227
24239
4761
8389
7279
21482
1763
3572
37771
41759
13077
18144
35361
44511
22537
14579
29542
32340
40516
10371
11453
26211
32115
28939
18961
31875
30139
42910
23985
48221
32583
34035
41239
27788
49532
43702
34344
21888
3903
25293
42120
8708
44832
830
13725
37674
23216
2472
35181
39254
44142
16937
1117
10979
43643
28067
924
47341
36352
33988
23862
40756
20513
21473
41542
41513
43577
3416
49016
19651
29044
1317
21195
25476
5372
47250
16259
45751
31641
11116
43019
4280
44720
37235
45547
17692
30838
27475
44454
33360
11156
43654
30668
31103
10476
1396
46868
24823
646
4794
17127
45630
37454
44129
39048
29175
16122
3668
12385
38690
40250
42409
40265
33814
3473
33701
27687
41618
12433
43622
28963
17026
49113
7034
33295
34814
14377
22019
48610
2849
42619
49669
32654
14450
3592
16725
25171
47073
34141
25932
44461
48802
8591
28358
21
17036
5800
13112
44931
48183
15533
24115
20650
44399
5816
42709
747
7374
40868
30163
47465
14769
37221
9630
43895
16344
39846
2176
45308
868
49240
5235
238
6452
32832
39447
39348
31200
15901
3851
37889
48628
44694
46180
21493
15483
32470
31422
24672
18975
1459
31118
5982
40171
32180
41939
26015
34029
49418
41337
49551
38200
27957
26295
16834
8285
165
6578
35996
35639
39192
5702
15123
36247
28687
42904
48739
13935
46584
41214
42744
33362
8470
1628
45483
19091
28312
31981
42513
36503
27193
6517
34679
35218
11660
26217
5314
20665
34335
49814
27522
11763
31460
12917
36614
17693
23654
34224
759
38622
1218
2326
4633
49731
16780
1998
46339
26723
7642
40989
18031
42765
751
22820
7868
46252
9262
9690
37197
21086
10211
1224
48997
19904
8768
48055
38556
48416
25609
32290
47009
37151
28206
9134
42262
37343
27288
24060
877
13932
32238
26072
40390
4939
13233
18257
17320
36641
35430
3305
43776
30511
2483
11016
16905
49866
42444
45263
3058
17784
22580
3066
13889
38961
20929
3516
639
1946
21997
6213
28288
34536
11399
27864
24542
1553
41127
15668
25797
2354
10031
30577
3877
42766
45752
1032
37519
47737
5124
23366
7213
16420
24004
43571
35230
19955
47523
32567
9733
6627
169
20821
13384
42628
2242
49213
43730
46845
21653
22278
11265
20335
48462
39538
30214
2403
18275
36434
22725
18972
3324
967
30303
44539
30684
17434
44578
39370
2973
21898
10602
29930
7940
47317
37823
7702
21557
31175
42130
31143
20192
4835
4372
48495
34484
1166
32193
12949
20538
12819
17939
26713
14155
4506
27941
37070
36215
30898
35215
6754
24270
48191
44997
41587
4719
38626
17940
3272
26300
41807
32381
24689
18771
48137
48683
20085
39037
48469
33530
33972
36917
3314
6428
42950
7853
19293
3345
27535
4388
25767
13678
46307
17723
9291
22953
21539
46482
8438
28370
31816
47642
14098
20354
18064
23857
29299
44522
27854
35268
48778
49207
42773
12408
23949
1079
13860
11226
5607
44031
2181
20679
16907
46405
13983
83
19675
36278
22150
40021
34329
37396
35616
440
33719
9085
40454
30531
15960
12222
12109
49420
1672
14619
897
7821
8325
20236
18848
44067
7138
7232
16802
33715
23284
47766
23192
31531
32403
10739
44729
10368
1849
49271
22890
66
13797
41912
42984
16038
13282
23097
18860
23388
10936
16022
3785
1298
43350
6250
7942
21516
3280
10560
46519
24890
25531
46657
39328
48990
28949
9161
5645
48884
28646
36072
17482
10996
44053
28502
36715
21722
26214
7925
9662
20637
14264
23966
18895
25929
31544
8624
1240
2364
34287
27774
14096
35544
43407
39633
20511
48338
25490
12609
45379
8848
46039
41826
18968
34704
38558
19233
33720
20079
17215
12623
26665
25363
38318
47602
34256
12171
40869
20340
23033
25286
7842
8650
31976
42770
16127
47224
30841
9588
45060
25560
42814
45414
5815
40539
20460
37743
48002
3396
24355
17751
1916
14457
21692
45276
45153
33612
33980
45205
44945
13079
48481
713
38281
47419
32979
5388
23137
2376
41488
19940
32144
44811
34805
8616
48754
18056
22203
13174
22357
45052
39110
25026
40836
39858
18918
43446
14578
12880
17950
10520
5754
15601
49189
21299
27331
25581
39703
44531
48641
15663
33183
36467
40991
12190
33583
13861
7076
11638
18187
39610
1236
6232
22729
15752
32888
22700
7004
9882
16546
49809
13026
29260
31270
26492
987
26777
36380
38113
24343
18836
36738
10239
35834
43627
20312
38934
12149
1116
10756
37583
8481
7850
28667
29366
2564
44846
35541
48028
25620
8104
32564
49195
10275
26910
14339
24922
30525
29537
43340
3647
43660
12437
21444
19082
15100
47705
17991
18989
41408
13741
31501
47989
43607
13998
3132
34137
48201
15716
23333
22923
1792
17688
17543
39564
30218
33069
4474
15597
35796
2627
31894
35540
36161
21815
1048
26783
28443
15737
49664
49883
38399
1326
17082
42713
20739
11565
9713
33093
6824
18880
20234
20214
36481
34527
14482
11051
6294
1004
3898
21754
6391
19321
49688
6600
6603
25438
30170
8445
7544
28738
6967
19925
44728
35712
8081
38341
28433
14169
11807
8112
37803
15750
10442
46425
45588
22376
14709
21943
41149
1266
18686
30116
46306
18797
46841
6030
40615
13880
20196
32721
8538
18007
8778
37037
1414
36440
49510
23205
22008
15177
5134
48578
2876
17698
35018
13810
3537
41900
30308
13988
49431
20593
1555
26790
3695
14072
39290
42948
31878
36758
27890
23355
36416
27744
31626
17231
37150
35881
36094
2827
47265
10884
35130
28057
2437
42922
39927
31111
2533
3334
48196
20416
47034
17513
4937
14775
29085
21809
37232
16900
9068
6445
9507
1811
48640
39034
36628
13319
21268
46671
42967
7587
8645
36847
26944
18239
16130
4689
41784
22817
16110
40127
33339
47620
22808
9238
31090
47490
43079
5198
22200
30887
13934
24586
42198
32024
18171
5736
30726
38098
6880
33960
25616
9728
15956
25675
43163
9982
47212
24273
144
31519
11569
1970
23148
23287
10232
42641
29043
38492
39771
43790
4505
29669
46
9697
14480
24653
36047
44369
872
48047
32943
29807
11785
27676
47226
914
20413
16194
40763
42799
26907
26974
32198
2790
13886
41394
26509
27147
5638
23257
37792
38101
34210
33683
28972
30396
29583
40632
20461
44139
34348
38500
46485
2679
23445
7501
3977
19235
43469
23626
8366
15661
5897
42560
15475
10669
35971
4666
21548
34743
27762
1698
34124
8986
45135
12048
45474
26956
49577
33657
31607
32531
32002
961
12132
18321
7634
41453
5369
5714
14946
3554
6900
8795
23357
23606
31456
36335
42793
2422
11991
27174
19809
26302
26986
10090
46797
38950
15205
31153
45096
2271
47267
887
40198
17941
45179
47767
23338
49140
21981
40866
16608
42118
4019
37465
42983
41265
19472
9004
6930
7183
1369
40914
2972
48592
34172
30821
41775
45012
24541
21295
25721
15146
6957
41289
16942
10483
11158
1881
47648
25155
4766
8067
31094
28383
13745
25249
28344
47241
5901
35305
32155
33274
21495
34156
5055
22662
25193
49891
19243
32797
41953
32970
43994
47051
7119
24221
29626
4264
32488
19920
35118
30733
34588
26101
40676
21428
24537
8895
17519
19036
5692
8910
38821
27721
40871
31547
19291
35422
15352
34483
19419
43495
41844
4301
11125
3814
1727
33312
40562
24035
46789
28725
6840
33154
37193
1922
48455
22868
5529
7024
12036
25754
25348
48623
33533
41639
40984
30258
4187
6206
41015
6319
14017
36680
19191
42566
32655
36612
5448
4124
23335
22694
18109
39178
35559
37355
25314
395
3290
15781
44001
25725
36333
45770
14188
2122
41603
21221
7663
38325
42419
25819
22082
21306
49160
15052
28397
429
22407
55
47535
29708
36390
21283
49624
6001
12779
36886
37556
35673
42583
9999
18750
42390
1632
24330
43923
39976
47606
39061
3262
23129
6931
22896
49259
12294
13969
48518
49504
2266
18858
28587
8082
14976
17355
26301
46733
11138
46681
43538
9929
49312
10363
46554
39640
49709
5811
16570
23612
10698
35326
7493
17802
24529
40573
8063
26406
34628
36134
1574
24649
22540
47385
8900
38050
24957
25415
32828
20645
31551
24248
48620
23436
21278
35342
15032
35549
21632
9735
32515
4626
15132
35031
28768
20868
3646
25588
10428
41749
19624
18392
38527
6506
49633
12483
47345
1275
49856
42599
23817
45963
47947
21680
179
43467
1796
1187
43510
33705
24627
29324
7692
6835
37957
39188
7745
46441
29969
46579
7522
3772
49395
6183
18494
23920
48718
4595
12662
8240
10157
24067
42811
39695
22327
48387
7051
6581
27199
5226
30142
47769
5992
17620
31781
42779
49655
35791
10980
9388
33908
38384
35595
8919
3386
5642
45667
38406
8663
1910
39716
14217
47260
19690
19014
16936
45452
19161
2088
38235
45097
13045
2127
26970
42528
41132
40481
48171
39017
1835
48219
13060
28772
22556
2184
37045
35184
16493
49654
38417
23995
21050
48627
48591
40409
38736
31747
17544
38914
16006
38581
30282
5650
16383
30670
9423
43878
14717
30149
22982
45714
48892
33021
32510
16503
19634
34096
42246
27343
5560
43125
7409
7454
42844
3017
30604
35256
21710
8346
