37386
27616
29069
23037
41362
3480
23019
38268
23434
20947
33627
24388
25110
35525
14910
29595
41911
49240
6126
40364
31077
1417
46071
46057
40937
23831
35816
29503
49160
47194
5417
27239
9730
15115
14211
36600
49296
4305
15087
11997
47949
18885
10935
2854
32093
18171
4896
43281
4163
45965
25551
23089
271
703
3680
42359
38898
30855
25901
25291
12281
8358
707
19091
35831
27051
42419
3718
47547
43566
19524
9504
41525
19636
32355
35285
31053
1705
22104
6354
7106
26677
13137
33687
13254
135
27613
15077
16238
48683
1057
13229
43875
5231
43445
24250
13452
4500
33694
44433
23829
25819
22141
44255
46884
16714
46840
17836
25245
6958
40387
3620
33991
48254
37683
7520
21131
47418
24426
31234
6795
11963
5627
47486
24133
39519
33573
31779
5261
17648
12647
29153
39433
38977
32096
26250
41290
23059
19433
46558
1885
4697
12620
32650
25854
5510
14722
40341
15195
41328
12355
32999
48607
49019
13458
17350
23077
7734
32622
18343
14511
14425
12996
45782
10212
13499
640
48216
26876
22318
25615
11740
4259
22585
17804
31923
41147
21535
22853
46407
35696
11947
27698
36614
994
1293
3968
8578
28775
29438
33238
1369
14781
16706
2122
32716
16391
20670
22656
3513
31338
21204
38891
12663
40007
15383
25165
16482
3460
14975
21432
2056
17731
19353
41681
35652
40979
21504
1984
23147
2898
24514
31469
3768
19774
27793
42667
20931
37505
45664
3205
24478
16078
24434
4894
1510
8820
47927
31326
14328
14193
6091
17630
38799
1515
3307
45326
49656
14947
11575
23924
8673
6297
23672
39762
31244
16999
14160
42657
43783
25280
20999
30810
10203
12525
48796
10503
20142
26476
49377
10907
38776
18944
17835
49112
9215
49278
11922
24524
1826
22571
42708
24971
31528
32261
3879
40635
2611
21023
41880
14995
3684
29497
48910
32024
13822
9376
6875
4126
24854
11586
14973
34167
48510
48547
6857
38016
6184
37652
29299
20649
4113
20242
19908
39283
946
8832
32195
9348
46352
32328
19356
34118
8738
38794
6264
15846
29788
49401
25726
9286
39598
30969
28171
9044
11081
2366
39448
33982
44386
33710
48927
23390
44000
12396
10445
25519
21407
21414
46230
514
47719
36702
2608
39784
48110
3899
29374
38758
37171
145
10648
14932
4725
19726
35990
34157
24048
18409
25074
22777
17340
1322
27390
40292
21324
11338
19403
24401
38899
5168
19335
49862
40679
44765
42211
3139
37903
8479
41829
2393
29137
8005
4639
20584
40132
13744
1259
35136
46767
31573
17142
29038
24022
29355
1553
41654
18387
32110
31320
35425
31354
31641
2392
15666
47561
28479
30836
11563
22835
8737
3090
38817
42958
7784
3989
27640
7942
1236
15170
28908
9336
32298
5015
24091
39140
1429
11040
34846
35905
36851
23370
35650
7101
2679
27475
10927
5051
32270
45696
31574
18877
15560
6174
28456
15934
36672
106
41233
17218
22457
18317
43540
17391
9617
14484
4769
26822
125
2332
3050
21756
3051
35172
1351
24641
15876
46995
48511
48135
35813
1846
6598
45116
33706
18948
16784
30187
43396
12816
35873
46696
25807
44738
17214
21031
21568
16602
32277
38325
29866
3129
45821
25025
29719
43211
45599
33708
36811
6026
36818
34418
18335
47593
1044
44997
38789
12224
11558
17285
47233
44921
11234
45016
14478
44890
41734
420
44647
8120
47687
32570
42969
42835
38948
1318
34615
11943
26398
11804
13735
47697
32399
7437
16495
13933
18435
15842
19330
6989
280
46928
47497
19045
39080
29957
34152
9300
29064
37673
30293
15062
46980
18752
43960
9551
9782
43409
29413
11384
12223
6047
48801
25346
24297
20718
2351
25135
19999
10566
42834
25927
33811
22352
29743
20914
21076
38133
13928
46573
45962
2052
25918
14093
6885
30935
31887
48883
17128
46923
2943
44498
38419
25577
42536
32325
38214
19273
30752
25329
19538
34788
29599
36422
6485
22761
5356
9955
33334
47195
21938
16875
22459
48918
48629
6424
13898
3618
24737
24432
30124
41142
46713
20519
30818
44854
41243
45160
9640
39158
9986
2225
36160
44932
12232
10752
8357
28629
8541
17278
35572
36884
6580
40256
20274
18758
9125
22760
46953
14706
768
34424
3740
33279
43116
27173
5225
11012
40885
48281
47988
33138
46737
16980
18940
3157
10325
8243
32628
10987
38611
36270
35617
31935
22652
22441
48501
36203
18421
44434
30311
2214
2686
29692
47432
25805
27518
26257
25664
20825
31718
12352
41707
35918
14885
21362
7986
10670
15251
16893
15367
43812
4041
7948
11333
23992
45159
34563
30131
951
4156
47303
43959
16710
7539
2230
29893
35786
44190
10663
15721
20903
10356
2197
36526
44889
9938
8007
8514
28561
10286
45082
23310
8089
19351
12737
40489
23644
31463
45059
20021
31947
14871
14982
45668
45952
33052
23935
3021
18407
28118
5588
20888
12178
36944
11148
26957
16514
15783
22095
15893
30040
20290
40426
22929
4556
17627
7639
22043
44702
10690
16644
21684
32334
34029
49050
42454
20271
43295
43053
10754
20841
37496
1807
21308
1868
3586
20454
31113
24319
8159
24918
16463
36696
36011
39923
18007
3895
41815
21502
32804
44198
18187
35317
37256
16270
46503
41547
35003
16561
13936
36555
30548
27101
36301
25138
14573
14844
20527
49438
17302
47286
43778
47066
23469
47567
48560
36394
7709
9322
28268
19373
12310
4925
43781
47318
20880
22106
8272
31853
26299
31848
6192
47267
47579
12492
35857
18445
28077
2026
26006
21450
12054
27591
42922
29546
445
33945
28155
15414
38101
33832
45335
28068
26718
20622
49703
36774
28078
35607
13627
20843
48516
45502
20131
3218
437
13069
37711
5076
36183
18464
22978
42825
48725
10412
8718
38314
21825
25152
21213
11599
15897
20354
48411
36721
6508
3714
6315
35321
47523
26831
41215
33696
39954
45516
1991
4715
1393
11677
10431
37326
16581
26339
49329
29214
5982
24219
39547
18592
43897
11693
9697
34001
13313
14749
41889
35105
13720
20013
42426
40680
2955
46932
34108
7718
22430
39395
5924
4198
45966
36243
27879
24625
22995
46209
33499
21454
30811
34564
48088
35775
33841
24037
20706
41987
18062
30849
35491
36171
20547
0
22117
23157
16713
3838
40957
43649
8335
42407
36074
1468
27047
27450
49974
34016
30884
28420
35420
31455
44606
27482
13736
15491
7475
38201
18986
40361
6351
13174
32046
30254
14759
4078
18113
24072
6076
24903
16393
35357
8623
10879
43075
44094
23064
10019
20910
35556
14087
17696
34194
30948
25762
38160
40385
39559
29970
11547
11689
22567
7946
26267
6684
17915
39491
42589
20240
5712
10000
3594
8707
42624
3320
35492
33999
17428
3514
39587
16426
17745
21119
31321
42581
35122
2894
31370
49259
41259
4722
46282
11217
34073
4601
9538
6394
20542
28730
42378
36322
6488
14716
12513
1853
46215
2696
32284
26709
8793
32028
4389
7441
44474
44387
13927
6179
21491
32025
9406
7433
22783
45024
40356
8703
35502
40257
48741
43099
28174
40723
20489
27265
26301
10773
47552
31863
2166
22039
39450
48029
10596
46750
41998
43513
17610
8906
18399
23316
4684
13422
24554
4917
39135
17339
37120
40968
8368
30305
16286
3343
4773
10791
41969
12764
21002
21434
38492
12509
4660
46820
13816
7209
48899
13662
16094
25698
33580
12995
1803
32523
16329
45017
16339
25782
48634
42167
32245
9405
1669
27576
19620
6313
21326
4507
36646
14978
30312
7114
7438
10756
12557
6509
30451
3229
41770
23847
36936
23544
2664
30738
48067
29316
48595
21908
1593
19018
21922
42804
22278
17806
25055
29621
17646
31170
23206
42973
709
18308
14724
12645
47969
37247
10280
30280
21743
20710
1888
43261
19596
32283
13722
48565
35403
49140
42674
45602
26516
47944
5436
4372
40415
13443
49154
24890
17923
31678
7582
19016
16488
21250
14513
36948
2936
46426
32386
275
5183
29286
19043
14637
6236
31305
23013
34360
13743
47163
41915
44011
17932
6649
33330
33377
28241
18561
21388
42679
14899
21768
37335
29992
48121
29701
4550
23704
8580
12080
1424
8044
41939
26966
6668
40813
37382
41018
48938
48692
42150
39297
26689
9624
16055
6404
14329
40842
47938
26059
49503
23069
40495
4768
18331
20196
30138
38259
9048
22076
34795
48504
48490
17467
41583
16346
7859
43870
31186
42481
7846
22554
49016
7046
46286
19015
34299
17114
32039
44526
5467
24525
20972
55
41201
38554
7526
36254
5684
13470
31256
48457
22398
17872
14388
5477
8166
28191
15278
28280
48826
13017
9871
46358
41274
49629
47276
26133
47564
8338
23470
29224
9550
23952
30719
98
41239
23762
22225
32685
30009
33624
36993
41503
41337
40971
18383
30643
2676
571
23780
49406
26900
14224
34723
9755
6917
2189
42225
6356
33162
30134
33634
10976
48071
69
23969
31380
19738
31577
34474
42631
37518
5941
37959
2095
21417
31423
29627
11897
28982
41820
36998
40782
41796
33599
32292
44016
36082
27946
11314
9980
37041
1336
27822
32644
41537
26314
23775
10047
14746
8045
12446
6572
11269
18438
17863
20435
36159
21900
33784
35809
29733
36115
1020
19204
14186
30774
21916
45815
41715
15941
2758
14274
21366
37978
12897
48385
4791
4155
23273
45339
20482
26275
18027
5957
26474
6120
235
11979
36730
34951
38722
30978
48740
22611
45866
32598
31074
1639
39512
34809
43442
38099
14398
27878
24627
38188
13810
44018
22407
10603
25083
30014
9953
41482
45232
36374
46916
6546
4671
16180
48823
46078
46756
28226
5171
3898
31014
17253
14435
45376
22576
15144
14610
18327
28350
48045
37400
33258
29798
33303
495
34553
42087
17641
9922
13026
19869
38319
43274
42319
10401
12893
13752
1100
10111
46243
18300
42633
47035
33876
32381
35730
40557
22017
37561
37766
36443
45633
24372
6581
30985
39727
40871
33567
20319
40417
31425
7234
15954
8254
13883
18679
13745
5196
46251
38754
36387
29267
26201
17807
12630
31741
35386
1928
9358
44698
28789
30078
17171
34577
24406
47841
1423
12741
27262
48912
24891
24393
41456
20640
33516
15354
28849
17936
26492
31747
33965
39219
21396
21164
24106
15276
11090
30729
37678
11582
27455
5269
3153
22373
42869
36263
33637
45105
391
30276
31019
48574
5435
21968
46577
17044
8843
27892
3624
23339
17333
9950
44481
34065
3647
21987
5513
16852
14098
26789
19209
3990
21541
29948
38859
23625
33774
42526
5754
25941
49247
14550
38854
10781
4108
12586
40148
42772
38812
9828
3036
8028
43065
20317
35001
44812
8492
32319
48917
13429
11404
22577
38443
2208
7020
5210
13075
30570
31159
40805
4070
27625
22481
2177
2972
22953
43763
42018
22862
6259
35524
8593
38080
21466
25326
8192
1106
340
43704
25823
19807
25282
9652
31089
23907
41397
12124
9426
26606
30142
3602
41685
38889
15325
48559
1594
27658
32378
26524
22105
49618
48459
4336
19121
13957
26049
9961
29372
42215
17672
42757
19319
31965
38152
10517
45119
32536
21481
31495
29624
36108
6603
3579
26223
33210
30459
37708
13759
43234
24975
3055
5769
35771
3636
2959
30629
12489
38232
14823
41376
39341
21240
1473
32315
17228
13104
26493
26872
1080
4035
11941
11534
28759
12072
15682
42562
25289
8706
7329
7226
30266
15650
16136
15467
24382
16816
32317
40830
44368
12172
17213
24542
49245
17435
38293
42614
41615
41738
49104
47204
19830
8694
17790
49446
8495
26124
16858
19442
20989
28467
29519
12601
32679
6773
18377
42072
33840
44124
17470
1674
49237
10611
13747
40955
13565
43337
3279
11098
1739
24055
13931
45779
13334
33733
11122
7194
16429
37348
2637
39204
45862
42771
49241
26382
10557
32451
13189
18858
12465
41779
14951
25791
21519
42521
41213
21708
1626
32725
46404
30216
26107
26173
2754
8093
31240
5709
37478
34860
26755
43398
35482
35912
2763
16697
37950
38967
2398
33028
31995
40831
44749
33736
44188
4470
23461
47813
27106
28445
17493
27070
28356
44471
40862
6032
23220
12051
12531
5401
4950
12735
38030
36880
23332
3450
29415
8675
45771
47307
16146
25572
23131
24875
47917
10421
32223
8819
6359
48201
38642
47984
20879
670
11152
18422
46724
37103
6391
38413
1735
45511
675
7099
29100
11848
35853
49127
3613
24034
30959
16464
34237
18224
5109
856
33526
29760
1087
43907
16170
5603
11716
33933
30917
31768
26153
46443
5155
22047
41170
43964
14250
24041
49994
12316
46533
26471
24906
35583
20005
27817
22827
18807
10599
36840
6943
27528
47908
10858
29057
42872
18985
19252
2529
13152
2050
37035
36509
26272
12338
30219
9667
6721
40146
14754
19729
7059
44367
19597
11087
4681
43822
19430
5866
19108
48236
23459
28942
1777
4316
38620
40408
48377
591
35
35027
46738
18620
3473
27447
44296
9539
36141
15280
5213
49794
33318
15108
37774
19762
24581
44730
5400
4053
34123
25250
39384
15399
44337
24290
16411
32221
23977
30605
11127
6712
33574
4726
12539
28741
27343
7649
49110
31045
29708
29285
17256
46242
10949
12262
39997
6101
35100
23549
44099
46002
49114
12517
40122
12981
44948
33714
30994
1703
520
28988
46638
28826
12222
5657
38626
35250
5776
22164
40281
22509
44319
12389
11633
33078
3653
32848
28012
31707
26027
20376
43087
9586
485
30181
35378
27038
16804
18658
13734
45178
32919
25512
48797
4504
3255
12901
3498
18042
16689
48926
35098
34017
32772
7599
19931
23741
25015
29512
47071
48176
617
38985
27380
38253
5688
42079
20040
24711
5633
9355
22832
3904
11349
28184
2583
34372
37365
15055
8577
17873
36806
28671
12406
25437
45195
28401
32369
12173
7534
11705
17062
4278
31844
18003
42296
11378
46145
25893
47103
23090
22415
49078
16362
28403
13664
22083
28181
45699
46616
32306
20002
46507
2447
3767
37333
28362
42001
5839
35965
16250
33367
22934
35418
104
10745
633
26777
42819
16157
23793
19355
18676
2653
16715
19517
26277
23075
8280
36886
30407
34078
17105
8312
46470
41764
34090
11542
24218
45621
13248
45249
30746
20912
16350
22959
12258
42874
36739
36644
5722
26599
32627
20049
848
11630
45490
30526
25131
16917
45388
46922
37901
2906
19134
32615
30597
47141
30581
26834
9768
34267
33715
9035
20361
16122
30072
38764
29867
18854
43032
11099
11328
25381
7256
33354
35139
5349
30253
44306
1923
37830
29932
11612
13396
29676
4655
13783
29495
17792
3461
913
6923
31636
40746
46421
46332
10314
39173
37204
40551
49642
27277
38047
30745
36318
41721
11591
10518
49531
11784
33472
33727
42364
30012
40600
8771
12302
23401
44158
42368
33482
26044
13353
37653
25084
6398
36168
19117
29890
32880
48658
29223
2579
18783
15462
13904
49657
43847
21047
19681
7097
24614
2410
4926
49942
49465
15831
33167
11228
29275
33462
49843
28589
39959
34530
44128
37725
31406
13172
30652
7634
26588
25879
2203
13833
18703
47167
14422
7373
8001
45775
7374
27004
15891
34899
14625
23939
19981
4358
37994
44808
16489
27881
47093
8956
30931
48112
23135
24966
31988
26175
34341
7903
47836
25725
35401
25335
3022
26729
6983
17204
13173
22359
9903
35322
4951
25914
32206
33376
25717
1329
2994
38199
10030
33412
41087
20816
37639
41759
49460
47742
45449
6002
10494
19701
9292
13801
48056
36252
42612
19395
3769
36725
44079
38998
32590
33278
39444
45714
30508
26925
38166
39995
18708
776
48489
43629
29007
42467
15843
11938
30195
33290
40966
16104
44076
31499
3817
25556
30826
13351
48979
46672
14155
42725
37437
19064
10132
35929
5108
41642
27710
8429
47880
15335
48444
22729
22088
31413
1529
17688
12464
33820
31860
31195
24728
26376
7076
29115
27521
32341
39496
46377
3219
25964
4922
28889
34195
16641
38347
42943
26340
30834
33453
14979
38658
48570
32367
36345
12661
42686
8741
22349
48001
36308
32332
45564
19116
12183
7347
30079
18680
22837
35020
46876
26630
13676
4495
33767
26733
49161
32077
24423
25222
39239
6058
37274
11538
48760
49143
27481
20227
47127
29094
37124
32407
2538
24959
21484
3619
6328
40154
23249
7315
22317
46373
30785
47401
49648
28511
2295
42082
2155
11815
44992
45342
46024
31183
5455
36142
7081
34354
18355
38678
21859
26423
36536
1238
43229
36353
44396
43323
40470
24928
679
22339
39627
19180
48594
4532
594
27868
10732
24951
6212
31581
15486
42618
1225
6944
43579
10059
27104
34656
40769
49170
49583
2998
1390
4924
29726
29015
18067
35664
32559
23044
37599
10515
48335
31619
8777
25043
2795
49614
45299
34472
1848
30727
2720
15374
39910
43652
48628
4839
46367
15424
232
22304
44706
10088
3197
33866
18938
42457
16315
186
25806
24874
27491
31005
34823
43684
47912
36881
47181
13243
20257
14554
23839
34734
39264
19320
27594
962
31990
6325
24325
11870
49505
9951
1018
5691
2684
4981
21256
12836
39530
19191
43315
37034
17449
44566
8361
4698
38810
25828
44215
29564
44378
14350
18482
27399
12381
2040
18829
10428
33762
30782
35286
27177
34597
25976
25500
29000
44579
13053
32239
5843
46405
2068
15469
19290
10342
42846
18050
15757
10362
12881
37494
24712
8624
28352
38757
35045
1871
44400
17569
37450
30928
35764
7832
32776
20672
33891
33366
35148
22631
7831
35070
27014
48127
34543
33417
9093
8200
23791
13889
7527
21557
13772
47960
49115
38237
910
27937
8186
20571
32107
36522
7133
35658
22261
18248
24701
46029
34811
15187
14561
19854
27244
3470
45194
42290
22971
18761
37060
48967
986
46606
47601
42698
57
48985
30854
21345
37834
33496
44537
40589
2525
1347
17949
20099
1195
29772
18537
46765
30136
22200
30504
943
43428
46700
21241
6676
5001
28672
24965
43494
14201
41922
44613
21666
5608
20943
31695
25213
32154
22456
40531
12805
2666
33121
18575
42571
30479
40902
33034
13098
26918
45379
1216
21014
31365
31128
12900
600
49497
10451
36295
6102
46936
49168
28079
3851
23366
31740
21797
18491
33165
34965
41534
28096
17468
35586
30646
32291
33902
15100
33143
22019
40858
46924
45597
1059
3551
8123
32279
4836
15621
16069
5163
30365
16794
30167
21959
35874
21637
14657
47725
9630
35251
2077
47594
5399
39223
23669
34653
27205
16518
9449
15436
4152
12413
3776
22403
38257
9186
34279
27747
30932
34348
7057
22690
15419
9053
26990
1065
15407
26319
49550
42136
9657
9187
39331
43336
9319
117
45218
32881
10349
43594
19126
1548
8999
11616
48435
37487
4553
49405
26647
28328
48118
7580
14070
1663
7565
29985
18810
21363
23786
46202
32868
29769
22337
18728
7870
41986
15632
35522
15311
2363
30522
39838
43003
16840
25855
30761
10365
48002
473
2618
48656
47132
914
21489
24838
23259
47652
29219
5508
42693
18478
2635
14234
5888
38600
6624
17834
27246
12456
35881
25182
11702
20623
23563
15605
11150
9848
2784
22241
45996
9287
24841
22001
38422
24330
10213
36071
46482
13698
11003
13227
43771
17829
11002
516
29989
47428
19632
14604
22004
24216
18760
2325
3520
8588
39201
11576
9527
45517
28950
42783
1219
22489
39860
28279
34024
2523
19370
9774
17387
15112
11386
30120
2839
49824
39136
33898
43603
31589
17036
10942
2085
28731
15686
34227
4142
25609
43544
39396
30562
37713
41241
34527
4610
1873
17169
2388
49954
35126
30158
22251
11001
23453
19151
33336
47963
38924
38991
34558
5992
34490
34430
25061
11151
23915
37892
1721
41581
44398
48777
1916
20970
37977
40863
38729
10116
33408
42410
38228
21594
22676
36633
22462
42276
12679
30413
12784
19375
2297
43327
32970
43084
45352
13608
43461
25622
12018
42736
39753
14803
9333
23674
19606
11063
10388
40461
36316
38613
29762
48108
7591
10630
5971
3628
15361
35626
39734
46232
48771
34954
10202
16522
36657
34555
16620
40922
4517
39235
42486
47108
809
38984
38368
8875
6542
16637
20574
37979
33114
30086
7280
29757
46576
3016
10400
34864
36245
22358
10052
26488
16052
42475
17124
44886
6996
40159
5501
36822
44617
33372
45154
13518
29075
38482
17692
37059
28997
7860
15384
33169
49690
18771
40096
25036
30067
12911
4086
20499
40409
40853
13220
38698
38695
40671
47179
48470
31531
37625
19244
49029
29411
19059
15264
20249
23995
9605
8913
16033
9003
10585
48969
38153
36824
30081
32933
23814
41804
39698
34969
38692
33543
23238
26623
6222
26548
4306
5614
15474
11075
2163
16916
10496
26370
9779
41454
13489
23442
27838
10540
10180
35346
43772
11016
9655
18913
29009
13774
39934
11392
35715
38888
49033
38161
48765
18312
49817
48010
6886
39649
20334
9092
13085
29522
16759
717
47627
42580
30704
18028
41502
3760
31235
15663
16787
35806
30991
48730
40143
31430
17411
9482
16869
2190
19892
2011
6481
44289
44567
24226
3445
35501
39142
48538
40816
36278
19230
48051
45450
8269
33043
14679
3189
27583
6732
26003
7005
29795
45728
43301
49255
9901
21499
15953
25930
43696
15557
42839
25605
19385
8073
27156
14448
19734
33683
14855
32331
12506
37311
39963
24755
37728
13682
21717
42939
37029
12872
33438
9661
13155
33145
43683
11744
26658
382
49413
46908
33813
17478
34306
37483
32280
20728
12511
31285
27578
20836
10790
45634
33556
31931
42484
32515
8977
5482
31458
33390
9372
47222
33717
35352
43565
24684
44824
32311
42976
8309
37362
3702
31203
30442
36714
37667
33993
10259
48680
47889
44265
24322
28162
18099
10894
12642
42577
14700
13261
6800
31996
4761
21675
31079
43173
17540
8677
20403
19718
6244
10655
12133
17380
1902
47648
11325
11238
24573
7353
46016
46390
6489
30908
36501
15192
34664
26683
46637
26539
39966
29334
14824
36665
18555
28318
9573
17859
2184
17969
34319
20577
41766
28727
3550
43509
25189
5064
15862
43490
25637
25738
38726
40425
22960
17681
16936
35156
37436
26848
42262
39853
36003
23091
2594
7316
32127
36038
24729
43920
613
16387
10487
33217
39484
49292
4858
18207
738
10993
5425
35843
42620
45512
41490
11828
22207
1484
3816
4542
30794
6633
29239
43709
22162
20463
22357
34376
8301
46466
21583
137
37792
28121
3493
19224
37410
1823
32701
23127
25510
22208
25485
15524
19346
32396
37229
9531
49833
24634
49507
17488
17477
3002
19242
15912
21584
46157
1622
30492
22898
25041
7739
41605
6
48429
16563
6592
20555
3754
46540
20311
38827
18788
26442
423
13756
12871
47285
16679
47369
16977
8128
18811
33817
20800
22769
29718
1623
45495
49142
24146
25752
30602
9572
29464
6253
15699
40793
6659
18484
43713
26097
157
2141
12455
43686
13895
20785
1286
15552
25732
39808
16774
37715
47823
10984
30022
4239
41387
25957
48773
41392
30269
44129
40457
548
38439
22013
46491
1847
38172
35515
13592
22149
6154
23824
9913
27785
43330
34882
25763
11853
45229
43716
39294
33465
18470
33434
26364
48942
12043
18152
5746
17675
6405
30970
14784
27546
25582
46261
5638
10550
49986
14379
16984
43584
9409
25257
45541
46148
8553
36465
3323
29087
16648
49412
16801
21903
4898
7094
27806
35200
23608
5394
44146
43859
47622
45004
6754
4987
16317
10528
19622
38352
10051
21658
33554
14838
13680
10551
42942
28377
37363
27107
24868
47821
15038
40884
3670
4901
32847
35031
15580
26188
26405
27709
48109
47078
32202
43821
4947
10753
41005
24922
26050
26496
33397
28277
39286
12095
27592
31881
32084
11909
35710
42109
5938
3233
38310
40400
3938
33414
44392
11499
17780
39707
19441
22158
44119
29637
41786
38280
10992
21702
4296
40970
15640
45774
28152
6188
10587
2770
26954
47255
10136
37360
36190
38605
42355
9172
21757
3391
5568
13218
38317
46841
30275
15520
43417
17894
9360
9198
35848
27956
13641
31449
453
42543
25253
31657
18598
48224
47355
4227
13302
11032
24831
40000
639
18272
7040
31433
45337
36938
21336
14130
9310
46065
10373
7246
38847
601
48639
31921
37947
35712
48686
40075
45219
44986
43055
1508
17351
6768
10148
30446
3404
7901
48257
6744
45538
4851
7822
38821
37455
48364
26595
14252
48072
14465
33850
27601
46177
32830
37401
29614
13938
759
34396
13671
49797
2307
12958
14551
3849
5063
46607
14558
10795
28513
25318
34465
61
27199
11420
6127
17482
13297
33307
19333
13377
35451
30766
25526
22589
10284
14292
42058
12231
47058
28581
30841
28901
12271
49003
45478
37526
27807
43809
34946
8532
31391
22582
31514
23985
46568
35167
40177
30042
33083
1740
44782
28335
35490
23406
34787
40478
8158
27994
11851
36211
27445
37353
22161
43436
34323
290
48667
5771
44623
27560
36215
31124
31583
41683
42510
32460
29154
13037
6777
35113
44897
11709
21437
47825
6392
24486
26092
6109
43860
25555
27164
49952
10597
38236
41881
9133
11837
26446
15020
2711
27453
20998
48575
41324
27474
3442
10586
40974
6363
48471
17586
8691
10928
23063
25742
7719
26765
4780
24090
7730
47871
48756
12761
19526
38609
10350
45800
40124
45818
49048
15209
8399
7899
38309
10443
32936
23050
12021
47546
9494
41877
36206
8441
42412
8698
6137
44624
45619
38857
23589
33789
36131
19425
26889
36935
8343
15693
37621
14007
8182
28929
44203
612
10845
36139
14571
31783
4346
9456
16228
1677
31584
4985
8834
49013
34935
3417
31316
10902
32158
4272
35423
45462
20961
17963
29617
16694
42778
32142
45732
16532
38394
14015
36181
24400
17464
26411
20287
40248
23988
13572
31610
8165
7334
31479
36971
44136
44253
21523
35083
1819
35642
25477
37215
20394
49486
19240
11847
49588
22475
1960
13139
35435
25278
18297
44218
39313
18754
41888
8745
14269
48768
32215
899
41380
46856
7569
21871
33081
17579
8163
40913
43911
2874
46380
7466
27869
6703
26140
16022
36113
27841
44229
5505
41157
23302
45569
4422
471
19205
22310
29520
44564
33008
11321
25949
11782
17186
13460
47929
40502
14743
36224
43156
45220
8268
47667
43124
40768
27557
46192
43786
31876
21286
16176
41249
19469
46583
16128
38844
47057
31688
36307
25833
20010
13537
36494
36364
12146
18654
29429
36548
41631
26080
20371
11595
26584
27043
25679
38114
42641
12778
15216
38569
31640
28783
34893
15199
3011
45254
6116
17946
24915
9032
26880
5999
34067
16321
38713
896
33178
8728
2781
26920
14670
49028
19886
48280
45341
21560
26466
10736
19229
11844
49360
1315
40760
47617
21509
3261
25936
41749
34225
25277
18286
530
40424
9694
7406
19518
41212
25809
237
31646
7241
25898
38045
26601
41321
34242
11857
46569
3007
25290
44838
39857
36727
45470
14693
17601
16929
36182
43673
28874
14887
28346
44281
26751
9784
4461
11854
1976
30787
32718
43042
40045
14231
34349
2546
47189
2433
33720
45151
10866
8665
5382
26026
19927
18650
33769
23908
40266
6499
31882
41703
45271
19668
25548
20000
27862
3575
20981
44876
34421
33699
41057
36170
18630
25337
17729
41695
11548
45906
26255
14990
32562
26286
48802
24180
26701
36564
17953
40707
11826
31109
24901
37397
45651
10096
1986
26280
16541
2315
14522
37741
27313
9705
40537
40033
38832
11322
16205
21727
42578
4527
16844
40947
28203
20665
3803
15982
33452
42133
22824
49692
10305
42170
352
34042
4210
1499
33399
17079
13667
14408
12628
44980
14431
5406
48555
44264
12564
38850
19267
3500
27383
15896
31509
28537
46493
14351
40204
47738
37057
11852
12268
49609
47007
42266
7013
30610
18633
42615
258
19424
38950
27794
42184
32289
37303
27641
12207
40141
7747
24461
13181
27659
49177
3522
37742
2596
2168
28461
44388
7663
2081
5592
35356
7108
10522
40347
8476
20953
3292
42226
5873
8789
1887
48271
25803
31841
44541
14913
33572
4804
4111
17978
24638
21793
41508
27314
20586
30624
9375
40082
36855
24969
38322
48328
31790
20169
41227
39999
11042
9168
22708
17901
45108
39837
23046
44435
48186
18564
8919
32374
25920
22065
9295
38813
7281
47502
31033
46878
17198
43269
25379
7267
46998
21524
14958
24994
1233
14380
2978
42154
4579
2586
10922
35634
35518
22052
44981
35697
47691
24528
24314
39570
48249
21671
2200
20647
26538
13563
13055
23227
20340
32212
16508
25581
7876
19466
17667
3505
25064
22188
17479
29474
8621
44725
24849
6528
39650
20997
26475
16239
3942
49085
26933
33530
32668
22455
14597
45006
28183
11636
15538
9359
39121
499
22579
2771
23919
2253
38100
18955
4905
7941
26350
47698
41282
24361
356
32742
179
35331
5447
15690
31350
14923
38359
33946
7263
45992
34481
26732
1869
46194
8323
36275
7650
20602
18672
28852
35442
5334
47373
34705
44633
11714
43423
8207
24884
10765
43671
49371
43448
5678
20497
24727
25636
26734
36669
37987
40594
30832
16910
15413
5551
36983
13837
49789
25552
43660
40060
18490
45793
40344
14294
7067
32632
44176
3360
28397
44746
24237
44033
41949
19448
28792
46149
49219
17018
35865
38782
31067
6887
48451
26908
17945
19709
44141
4326
16983
25520
8110
29433
5268
15430
21961
2915
43286
30329
39757
48355
26347
24935
9609
45545
25580
24324
265
30611
49865
36518
19168
29157
4480
9076
37325
38433
48143
26745
19721
9330
44336
11604
25130
37933
24440
13019
4136
37314
10833
46827
42500
15300
14204
18060
42131
46906
18662
17076
38534
42914
27891
6087
16330
1598
21025
48657
16337
29399
28837
45278
24870
42648
10246
2406
15622
27624
12882
25476
33905
28122
45750
4051
24754
47804
49181
35075
41295
25226
29366
43977
33826
772
4816
5189
33244
10238
26246
34972
33660
27646
6999
46398
20035
38385
39706
47030
41205
25393
48496
2941
6965
424
43715
45439
9251
34738
25852
25324
6835
4263
43126
35456
11451
5615
5956
6462
46795
22958
14260
3934
48566
8910
39865
12020
42143
48050
38294
23010
4426
44929
49800
23193
25634
44014
32232
14463
22704
24858
47136
8168
10289
44413
28391
43796
19913
7593
6044
28109
23785
4251
6632
24252
28249
36830
32920
812
14270
27778
49308
6864
20628
29511
44649
27823
4650
26998
43969
11930
30126
33962
10767
4724
3431
37418
34340
24674
24779
38910
42438
41478
26981
645
14950
40981
48047
26791
39176
26004
2282
22679
21620
523
31684
36478
5930
37381
15380
30377
42197
16477
16899
20935
24743
33027
655
37663
9392
6069
25479
13419
35620
6977
18389
43849
43479
13228
43483
22671
11359
7349
11195
16972
20777
38151
45551
32991
15053
26800
7098
36991
47365
47234
25082
42381
36186
26266
4237
48889
49981
7596
29910
29635
33673
1222
45799
32526
42499
18982
45162
22536
21091
4497
46037
5738
668
5765
30207
28804
33616
42190
29039
23020
22692
46258
41080
21826
6151
4154
21075
27535
6239
12269
2705
20541
35637
24234
18805
23849
49735
47306
5516
1097
36116
38058
49209
13557
41999
28103
1342
34453
45189
23498
34875
46603
18508
10527
34780
38587
26859
4887
29147
29951
8250
19581
49290
41120
37319
9704
36542
20638
33286
39026
40327
44799
23813
27379
38430
39807
20716
33533
2057
40761
22948
21812
33364
5175
19071
34457
9129
45931
47402
2728
27796
6299
16783
32282
31819
21835
29751
45963
28829
43380
43958
44346
17368
6302
43735
23219
1562
34353
26215
49880
17512
44774
38465
17022
3282
28719
43564
38649
40742
30753
24144
44516
46082
24560
44032
12591
31300
18136
4642
22426
39368
9727
24274
19283
49373
44859
30325
47470
35071
42716
46845
26756
36228
9559
34464
28856
28237
11225
35782
3937
36284
7620
21115
28578
30355
16829
1576
47696
10272
16155
13001
7064
47055
42940
4059
45475
4128
32113
40798
5682
19871
43457
14200
47758
42684
28962
45985
40946
15667
16666
31325
16606
43873
17516
27808
6215
41071
35348
18585
10068
13437
26663
36039
5272
28550
6425
19102
17624
48381
4826
36204
14190
36018
9826
100
13854
1096
47964
14971
16108
28969
41074
22131
40451
21273
9151
39981
11138
13050
3687
16969
38108
33005
12825
38972
41857
38937
2925
46370
42997
41885
28708
1156
41553
2642
26248
47999
23910
19617
42754
10103
47849
29570
43864
902
41578
49005
38069
13070
6902
33071
47975
16191
20053
42271
40710
49252
25996
1575
2901
30979
31213
38057
653
14156
43395
844
11043
38855
41004
45182
11617
11178
11536
23936
23153
49015
24333
27526
39702
25875
10734
7034
5337
38742
31207
6164
32462
30591
6040
3490
40645
20992
23665
43633
40455
14576
34928
14594
28798
49482
41276
21161
47239
39172
12230
29653
10530
16738
3482
17231
18402
40588
1883
1248
33716
20054
11047
45689
5030
32677
22471
14599
38835
9018
37897
46461
32785
16788
29488
49682
29409
13761
34680
9872
38866
4673
13123
47743
26365
27695
12560
165
21203
22299
23023
4238
17819
43886
47922
12696
920
43384
41437
17874
11199
30904
40190
48751
45296
47966
31940
44276
40700
33350
27996
27593
29525
16421
22850
33603
48287
23382
46808
28165
12372
26293
23065
47450
14148
32860
13122
42284
43700
23911
45434
37784
30626
48767
14717
5017
9632
40043
6690
43339
49908
27771
5785
41807
22370
44380
46910
33368
23141
27797
41528
42360
5672
8829
11055
21878
45029
3700
1341
1431
35374
27889
18123
13905
18188
18100
37121
1461
7361
22672
16729
21688
48526
40003
48715
39138
37722
20514
2154
44970
32832
47974
10233
33395
24483
20139
42031
13234
46911
9072
3114
37536
12989
9231
1129
11647
971
32445
16359
33215
28140
47230
39004
46704
39324
24644
18683
33702
31614
49084
25659
41189
2006
5665
15075
21988
45144
9713
16963
42163
22433
46663
25666
41037
20377
42985
38461
42430
43627
18643
35750
5535
8104
9823
27917
16109
26819
15533
3812
36236
1568
23670
39987
11858
45087
40950
26682
21306
26624
41617
5285
30088
23433
22803
16450
34234
17527
46578
43525
21792
41225
33154
32447
24084
16355
20594
3903
31315
8336
16388
8113
18949
34588
5315
30277
30717
42850
5618
25075
49340
48995
4744
29585
25776
34961
18255
26271
30739
18084
26007
39335
37969
4498
47672
12834
32517
7495
49333
3203
40872
1084
22514
23627
22035
49697
29854
32120
49704
48766
6566
25973
48961
10345
2237
2003
1685
21949
28337
40481
8232
20782
36221
2321
31223
9069
49791
37089
42270
24155
5045
2429
23951
23653
17941
38585
20315
10354
22408
23638
28157
24762
21424
21808
46502
10486
17031
42026
42491
8408
33445
5702
14195
49188
34976
8713
43253
22112
199
48568
15142
9338
5937
22026
31255
17587
14812
11491
20180
37704
31062
31600
1949
17769
36417
23412
49694
9781
35019
36703
17408
3363
14695
34930
27760
12367
20022
2101
10615
5329
36638
36507
34257
2030
3387
48672
39063
3761
3211
25834
28760
21433
16750
9870
21820
26164
11522
10695
33220
10581
33470
12429
25693
26586
12725
13588
27240
35332
13881
2051
20032
21242
32257
32013
228
42753
10112
6291
28208
10475
43808
28906
17876
32546
34949
27791
14421
12980
37508
26820
26022
46162
46307
27890
47649
16971
40672
5837
2167
45780
34619
41171
14902
12404
18611
24835
48822
17080
9452
37612
28615
21410
5931
7018
22361
36546
39147
15044
6761
968
40722
48665
9954
38647
37595
39338
4457
38675
4046
23923
429
19706
46455
15989
36174
2884
40032
3844
26210
21911
49775
5046
27245
8341
23841
21795
6107
25053
10234
22612
42558
27222
8613
42103
17973
970
43089
19601
30875
20214
23717
34591
486
48627
26597
2838
1997
30039
42545
39522
10680
39305
1549
21592
42949
25896
828
49927
34540
20681
38530
18686
34581
46013
48066
29804
10127
24105
23819
33041
40419
1105
45964
41800
29960
33749
16027
36932
40506
35496
14546
27498
31913
32040
12036
3158
35734
49963
16319
38290
30977
12613
34958
14299
14639
40279
19792
4943
43131
22900
9750
18546
8384
43285
45473
4490
31918
39713
41557
580
20977
18302
17837
34667
27049
42494
40507
40070
15602
5726
13858
13842
6021
18345
41190
16074
6881
41930
15308
22807
15442
45922
29928
48924
39333
43949
5753
16959
48689
38405
13770
21079
49162
28820
6863
34454
28715
28144
43441
24929
45481
8595
7801
1157
515
10631
40179
12844
45557
29528
1394
35458
43137
37930
34337
22196
36002
8779
29995
32917
28046
5994
22402
19613
4653
13306
26174
43438
4287
21735
32402
16160
6015
37710
5187
14730
46168
25352
32417
27664
30201
25040
28690
36700
9998
14396
14416
49836
34554
43291
34018
18023
18576
37170
18271
37114
25655
17645
25686
49666
1563
45899
5936
45084
27906
45893
1379
49685
24380
14796
47160
12797
33703
32448
4327
25867
12510
14018
14436
46813
23252
14503
30196
25541
33990
9120
4716
17800
42713
22663
6017
35935
24263
49929
10657
22512
29911
38376
28441
35164
37697
22694
31451
47082
45765
13685
11307
21206
15263
24734
13349
46384
33994
36401
12125
46959
33503
23473
12111
2031
942
6436
36421
48103
17107
13416
25117
21746
419
24268
7332
28959
29101
37693
46509
5426
38283
29504
6614
48093
39357
16659
20009
33843
20238
10861
31282
5340
30781
44236
27654
26114
24187
48998
32932
35702
19696
41041
40390
17825
27013
48980
30348
15500
26843
35988
47872
18243
3583
15139
17337
11157
41390
35778
43421
37773
48780
1091
2575
41664
1005
31664
32088
18835
13091
28536
8629
4454
48583
45561
43244
48978
14818
12346
28173
33907
24458
11163
37186
21660
7258
20276
49382
49082
4703
14377
1574
14321
27750
4696
43703
33629
20201
44149
7725
14607
46394
17489
27503
9469
34208
48837
26710
42522
18579
42528
25824
27252
44726
10800
11257
22147
24346
1931
20904
14375
45709
35569
24523
37982
8986
26629
32171
42005
17855
336
30226
8141
36402
17455
19841
23491
33942
22331
1971
42946
41863
1693
17995
22992
2233
44709
39255
32626
14745
39047
34262
11168
19590
9821
5087
40989
29663
8860
31083
26300
45604
62
1467
17354
10643
48838
17284
40221
2743
7313
1817
9353
7975
8006
37671
44827
44377
38652
46422
47180
4828
39366
17503
23447
15268
34059
44440
35797
13400
21124
41148
29149
2336
13533
2822
7275
12526
25066
11578
34940
45584
36261
37154
16029
27636
39163
24698
33296
38784
15309
35178
30135
30686
26289
967
4363
1187
9771
43743
11911
28567
16623
42044
3146
49130
23823
29685
43340
13865
37875
32156
26809
44134
11525
9238
36885
246
2716
43237
34036
49665
41269
43880
43950
49035
45223
19035
38795
14469
41236
9799
2724
22242
10830
36956
33084
21693
18931
1474
14185
13284
4541
44458
29887
23937
31006
1900
23032
37509
26919
12650
42084
42808
6749
36848
45428
19031
42963
20737
37631
18160
22384
11833
47176
68
4486
41895
29664
31973
4115
28209
19114
28984
32906
9127
13141
48086
36239
11567
47376
18828
42350
33489
48152
4876
16044
35294
21327
32459
28019
32982
17194
5088
46586
22510
13421
26591
18724
49847
31448
2484
3226
14023
22907
32575
43260
37961
21157
3364
14901
39151
44415
47753
16539
5788
49449
24582
17539
2455
9964
46496
19352
22947
9460
1141
47833
32255
204
5344
45274
27810
12458
8053
44806
39089
42554
554
34812
4215
10408
14792
34867
18030
42646
17619
32045
281
498
19929
11280
43645
30808
3059
46791
9670
2106
39206
36041
1773
28321
44484
48718
31063
30299
27408
31174
28287
21237
8739
15270
39401
39221
25771
49336
29249
41420
23834
38963
20860
4092
40575
41921
1770
39543
11131
28409
3208
48811
9219
5483
19310
42
21026
16406
21923
24291
43632
31706
30246
29142
33166
44015
15522
14676
35645
42689
47216
38176
42312
30455
22649
40083
35745
47511
10041
18852
26122
3267
16240
5380
26522
15428
39606
28609
44969
38442
43363
33224
5883
44318
17611
29028
40068
26976
15284
47578
39439
21914
1749
15269
20722
31629
29543
16163
21618
18593
20270
40176
2856
1448
40732
25658
24124
5981
32436
7165
11478
39246
30392
19054
15387
30540
34005
32605
18806
535
8181
7254
33219
24453
5346
48933
23528
30456
45262
30981
14704
43463
46231
33149
10929
47632
10124
41963
20871
17743
32889
36489
4750
24507
9225
46079
7299
42983
37341
37874
20863
7517
17920
25696
24097
46264
46838
17572
1067
5437
28261
21303
30368
11593
8402
23968
35072
12481
15531
41434
45573
27955
28214
19688
26621
45237
43329
4167
38592
29765
27973
43787
31106
35429
45406
19415
35872
27470
21784
39454
21966
3487
44913
1591
33755
43464
44167
196
44641
26497
18826
27589
45483
32074
37195
26517
38003
8417
27679
35698
7522
40218
11301
3984
40052
36538
23355
43182
31620
16950
37570
22267
1352
17904
30214
35687
8259
38238
16731
8866
31206
13528
48443
3870
19436
8367
9775
30203
14512
14663
10678
2421
134
6370
45863
26141
49867
42463
33804
36049
33788
35336
8388
654
30089
40023
4244
34777
2932
37433
30376
38304
23115
16244
9481
23683
30211
5717
20850
14675
21445
39471
34942
43146
22984
45391
8067
3707
39250
14236
23251
47138
33057
912
23377
42936
37190
29303
29300
5526
32032
17907
5282
14671
33532
23303
48096
20936
14446
24495
37438
19143
19066
37346
1815
48632
49548
7154
38893
4369
34669
43318
38247
29925
28347
17134
40104
45454
7261
29673
18424
23812
37340
38801
11187
40127
5481
36795
22181
3762
35421
1421
13231
10659
2509
35769
13831
19616
8463
7662
33137
11483
42703
4522
18254
27780
4648
6882
5120
45560
8982
24287
28224
24442
1373
22062
23048
8648
42275
23558
45330
10493
34678
41573
17685
43818
38819
28836
48467
39579
26844
23959
21546
29863
24939
22054
21547
40475
38884
8791
37546
1838
39821
39141
38697
35808
9506
36517
36277
39262
7140
2539
32574
7359
23807
25293
39434
31440
46393
34802
41252
32379
4669
45582
44924
6084
42601
40770
41894
19004
14993
9056
22316
39370
36524
6001
15864
12625
13827
3357
1975
44552
7253
13705
38643
27272
35821
21098
36482
41756
30681
12196
18963
20076
11165
16811
49288
13797
17245
27316
9541
33568
45313
10177
7138
35168
45134
38070
40250
45808
3223
10715
5173
35213
6993
49873
6193
18943
16586
46020
6808
6783
30645
13677
47147
18624
37088
49038
13126
47375
18725
43492
21513
9882
34117
34256
36799
24035
25042
15750
5296
8497
4267
17679
37809
21739
30506
19652
15925
5545
24702
42241
6866
22584
9706
17316
44438
34763
3044
48903
15084
10786
35214
15727
26795
20643
31281
3399
5025
34759
695
7289
24065
17570
43687
29453
30888
7765
39582
7542
39673
41054
39854
15019
18787
15417
22056
13303
22852
42115
31220
24746
26131
40859
13929
23543
23745
47168
21925
8778
23086
14022
40161
40593
6342
45396
11140
29900
17448
747
47454
31554
13764
29531
47874
25517
20093
19586
45869
16184
17993
27100
36680
31490
25847
19410
35012
47471
36050
26070
42833
46298
9711
27957
43086
29422
15452
3914
38766
28493
24277
29907
42645
40181
8383
7468
44627
34156
30589
40363
45967
39955
29151
43139
27762
23205
5094
39466
49335
24613
34467
9354
22650
20738
38707
47657
15202
17673
40757
26327
27564
14353
11876
30514
25070
27505
15238
37475
15368
44960
15922
23648
21542
11304
49334
24177
12260
32898
34207
33524
17720
16171
19099
42256
44102
13092
18496
42416
12636
35381
27918
22345
22861
39039
14360
13647
49190
5822
5853
31176
42683
34683
27792
60
12760
35673
38848
37818
37502
43345
37220
48921
4904
36905
20384
11660
31891
19648
17220
6423
17506
39790
15949
21870
3354
18264
49960
22479
28910
46730
41760
21154
23428
39554
22532
35353
16677
23507
32973
24785
26883
800
21738
49939
34224
49490
35142
18784
20701
24376
9687
16566
27781
37383
28675
8931
9280
20259
33183
16775
949
39302
36044
26951
33675
49842
26600
32126
306
45959
45364
35281
46812
21022
35244
5640
17110
23025
44185
16846
41564
31017
13691
22863
13494
26627
2335
11598
24222
5140
3078
33226
21574
34623
12444
38870
35838
21190
16353
48059
29364
30955
30153
13329
4936
28568
1025
24161
4042
28314
41364
49011
24705
22360
8032
37748
29682
26393
15449
21337
41821
20301
10635
15000
24244
12280
17749
41775
24803
27378
29994
24089
27185
26415
46660
42349
21127
45492
43547
47436
37289
39794
4405
27579
33289
6317
30379
46601
4009
17359
10253
28530
22323
47586
3630
25311
16392
16758
37936
29655
5961
45637
3278
45905
6529
44740
21490
3783
15445
5319
28709
45540
5533
15684
19645
28575
4717
37248
43047
26690
35476
35197
16255
4953
36565
4796
39893
6496
21652
34638
5442
36061
33274
30510
27129
16382
29644
14253
7995
10505
8890
13395
6563
149
39385
26100
13830
9579
42201
31050
16735
29369
14008
4176
38208
25994
21625
36777
35608
5630
42261
28028
10139
23140
7976
40173
15393
45917
3672
9308
23437
36858
30707
31501
45230
19634
15041
23078
1487
35619
41750
16732
30860
27116
43127
38311
17244
48714
39797
24109
1180
10176
9888
23138
46092
33069
21578
14241
19894
38355
464
47028
1950
48173
350
9526
1958
14753
10906
46249
12421
13980
23212
22148
21828
16178
13138
37241
4216
24665
12081
36276
15015
3886
44052
39840
4095
27758
33375
10834
22122
27232
32722
35615
47888
30799
15655
30480
17279
37734
30050
27172
24855
3588
19809
45066
16574
34449
49258
32604
19397
49233
19748
17693
19657
32942
40558
42971
1320
20922
25203
14726
38202
36639
10257
35225
16756
23471
10774
1880
40900
27849
5801
30527
1979
45744
5798
23794
5311
37937
14606
541
4107
1921
48289
28475
19523
47683
22253
20844
326
12607
34298
41046
9254
28437
21806
30048
10512
49179
34058
33741
41159
42489
4467
39696
3711
25411
8377
16246
37216
17419
29666
24140
31938
17081
2426
38868
20991
42157
38180
4280
34204
3799
45521
30165
29783
6104
28651
49601
2117
31905
36169
49295
10741
6361
518
25853
32486
26402
31219
17891
6796
34945
22321
46396
44835
25908
14614
40439
2944
2330
24024
11528
17282
9445
13601
37922
29444
20423
43869
43316
22184
41313
12115
47720
43576
37358
8050
28284
35018
43993
451
12044
16670
38558
2121
6077
24659
33780
43129
7707
36052
29131
42365
2673
47798
20071
46920
38614
30287
11092
48393
34034
48932
29327
4651
19010
20028
44786
37411
8616
46165
4122
11106
49896
44628
46141
5600
26371
17877
7962
21548
32688
13874
26308
17438
45030
39557
36173
12743
5687
24933
16081
18268
12343
20812
32784
38373
9530
442
31661
37201
27230
43440
12546
4309
31351
22911
11364
19508
5648
24248
47936
47654
41464
46144
2258
48384
49511
1074
6693
45292
21573
8988
25443
10878
15302
24127
36304
40756
33284
29859
40395
11019
49770
25919
18503
43320
715
40171
20531
40207
46799
13326
2260
9569
46224
33797
4203
41883
28494
24655
7405
48953
12096
17508
216
15740
34115
18180
19980
11983
11923
42351
25496
6909
8857
25275
32602
31390
18115
10442
4539
42193
48869
11440
5078
17593
3883
5354
10343
325
18370
33441
34484
11666
21558
35744
32250
20473
43108
13021
35840
49484
1452
17073
48503
22505
31900
1907
12682
44248
4683
21538
43844
48032
21511
31980
14496
23172
42745
7744
9814
17811
1990
19884
16665
430
48541
33738
32792
35656
11247
11668
14246
26498
45276
35195
41029
29809
48463
15403
8900
1783
4481
24607
28133
25462
34931
12093
6125
7619
47716
35915
22723
4246
48
9651
42299
40430
35763
27287
2148
868
41279
21847
11532
16185
49823
25072
4377
30873
14510
22125
28859
45898
18521
29385
8601
24040
23344
24273
46043
19085
26258
22747
49298
31374
9722
36453
9496
19575
34427
8307
48625
905
2377
43944
9946
42282
31544
14289
24076
6245
2636
29301
30741
18979
39377
44659
47614
4475
31258
43761
45667
39500
20089
1544
20698
39536
101
1527
33369
27795
15882
40235
9764
43475
23242
28354
7371
15805
43105
22465
38239
7950
21253
28868
30416
21130
6573
9217
18306
6815
9916
29767
32758
1724
30176
38307
42948
33650
34938
1891
12583
37814
48548
32480
49532
44796
5719
45883
19625
28637
28528
9036
28164
31404
27281
47520
25234
36000
4603
10669
16147
25746
14840
48830
2084
45503
25607
34771
43724
10298
22997
26042
27082
22073
28778
30689
31025
42362
2159
49968
35875
42724
6770
32894
42118
7728
39515
11197
40490
41161
381
44682
29729
20481
26559
3635
9230
13038
37820
48349
39994
34417
9108
27479
12522
40628
18906
17433
49542
17625
12985
7366
34428
48460
29381
34477
16164
32975
26331
25300
37535
17395
40264
41336
27943
44470
41138
21493
35419
10237
3773
7787
17101
39885
30168
12026
347
44085
36266
39669
16434
20114
44888
40653
27054
11340
40865
49476
28939
13696
13310
29529
45305
33838
21802
37472
3726
3352
733
2780
24260
18419
4813
15651
28372
45227
12329
7103
24926
11531
26655
9595
9606
32703
10341
4966
33314
25545
4010
17138
28669
10050
45972
48245
43434
16192
9316
26226
7006
20954
13357
5073
22332
35659
47506
34307
15821
42584
6231
4965
27347
32519
31526
1599
10061
29509
36585
31667
18989
25252
27341
14616
38059
8116
26530
39636
4103
904
6899
43834
9715
31814
17771
22572
34236
49232
25008
41860
16904
33641
2950
48014
18947
36448
40503
19846
10469
18436
31693
17709
36626
24847
49970
15735
36484
32141
10524
12420
11277
13806
34109
14966
8973
8411
32720
29756
19450
1607
11310
39561
38912
22028
46782
24142
25176
9150
23258
10812
22376
17121
23634
22416
794
2488
36138
31042
17024
13383
29274
2072
46839
39200
47815
49640
11281
23454
48747
11064
37126
36532
1363
692
26295
44688
18557
27288
7713
12139
31653
40468
818
27666
42391
44491
41474
48276
17652
39540
46027
43829
29255
26736
11793
43945
18467
7380
12826
31731
7484
41533
29758
12728
19087
16754
44036
36930
28289
528
6872
41832
23312
45854
8935
49562
33048
2198
30354
38032
11172
37733
37931
33711
27859
4473
49390
26197
37486
21071
9660
7506
20014
32310
3457
25457
5965
10402
41983
44650
17451
3555
32736
36213
6662
13158
29924
3599
13749
34326
18801
8849
48432
17723
6892
39612
4190
1569
17154
16059
40582
47010
17423
42866
15677
49976
46080
41220
14016
9850
20239
33203
19567
42105
16862
46346
28090
32042
18748
43866
49535
7892
34400
42966
12501
11085
23058
29784
8682
44329
47625
14720
359
4018
122
44350
42496
37992
21325
9284
25546
23407
12422
6153
31422
26056
11791
34583
21360
44208
20173
35879
43738
10986
4686
45615
7110
7987
16723
2589
48116
12710
13251
31563
5201
15568
16351
48166
28569
39282
24416
43217
30234
41782
18673
40067
28194
46004
81
33940
19687
19771
2492
45192
22685
10872
41000
40238
35112
48937
48073
29909
26046
46741
49938
3225
47100
32710
17849
2389
12288
35433
34266
42205
37261
46591
301
41066
13374
4068
31494
10848
47630
28512
2134
24159
32371
38836
49670
1258
605
23657
29333
24102
19095
42344
27035
40855
32254
6397
7169
27459
36543
35177
14833
48804
16372
18817
767
5617
28483
46430
4624
18623
37976
44308
32645
3566
10399
36569
32986
7450
48930
24788
47041
25760
38637
10775
4566
39152
27338
26996
1571
37467
14596
8953
19974
3260
18775
25441
44967
9071
6946
36466
13264
8980
40293
10252
46991
32442
16221
24377
42274
20404
26790
47907
7278
16501
37003
49066
27570
33770
11332
40014
12112
24905
1345
7865
33435
36290
33773
34248
26757
18068
13767
20244
21930
25345
18515
13859
32789
39489
32823
36994
12960
28848
35361
13962
33277
5616
27056
781
41491
34830
33525
17955
30083
16672
8568
10918
24787
20426
30666
9454
25683
11363
12206
35630
5811
29819
19978
23559
48138
49123
27639
35665
11292
5232
19266
22797
44773
28132
40145
35376
19405
5642
48563
37431
17000
30642
4133
12180
37886
34325
10831
48613
11560
8742
9664
46976
49870
29250
22422
33131
34648
16328
1050
11407
47793
17209
43665
45496
10149
29297
9616
28846
16469
3038
38918
31862
7507
42451
21813
6412
32928
39388
48542
3008
46451
48561
45694
24987
6309
35368
5348
48158
3994
45813
26510
48205
41028
36819
8196
37719
557
40745
32015
17429
24147
40444
28296
4815
30556
11253
10720
37862
10083
19192
21278
49807
36762
21389
32529
34528
3907
32657
450
41814
31989
35958
15880
28653
39344
10846
32152
26610
43419
14775
22743
20877
11224
16845
20746
39497
5549
13469
1636
43341
12845
21996
29562
44655
41062
10554
13265
26861
14295
10766
15626
33283
24085
49149
49856
43150
24730
6934
44801
48455
45098
11251
18921
36230
19431
15076
8278
11427
38562
34857
11158
793
47959
40260
21669
17911
31874
20085
44431
43103
2029
25453
36292
14862
4962
1892
8345
20934
32995
27508
24484
45788
5339
29658
41207
20434
26946
35884
2746
38529
5916
17239
5445
48192
29582
40223
40242
12919
7166
29174
12730
5367
21590
25322
3983
16942
45357
35844
17075
34691
43535
12027
47208
40587
13914
19604
44049
47892
19306
3224
40028
28343
43299
41799
906
9126
20288
8823
622
30920
21713
13850
24174
3245
43036
11529
22930
319
27815
47366
48745
32874
11905
47851
46005
7295
42267
17014
37213
4880
6696
6779
31369
2655
17115
28529
35297
44943
41536
49758
43562
49560
46395
9963
37369
34122
36481
5350
16480
9629
1579
45763
29661
2062
13519
2465
27261
1003
49514
13041
37856
5902
20780
41384
14945
12794
23028
18315
4772
7147
15874
46972
22174
4341
36965
35032
16260
20329
31330
38828
26980
32326
37244
31793
22604
8617
5604
20583
50
10468
7633
26691
49569
12810
19146
32935
12637
25133
37094
40614
26619
43400
44232
172
38313
36503
32368
25931
7837
12552
20151
5413
15973
32295
10079
47045
17118
41441
23415
18083
5649
19946
32444
13640
24670
32194
9997
34000
2420
40651
19765
45859
29211
30668
2403
48048
33310
36415
3845
12869
37308
31505
48413
39400
7243
47633
15456
48028
27694
19702
428
29451
10771
43589
45724
29987
27909
13338
18352
9303
48519
43469
18574
47149
33633
7985
42002
28
39831
4173
13973
32489
18776
43596
31570
39795
38093
20495
29694
39988
4045
39979
23363
716
43369
35298
26230
16912
2170
18104
2450
10254
43344
17199
20077
20861
29470
3872
34727
39414
20505
14000
21107
29293
7638
48163
35616
47433
17996
19561
17931
21415
4976
23922
5653
2885
31542
23806
13845
8396
8121
33429
3859
42421
47661
25653
17268
16194
33835
43597
38343
42148
39618
14324
16369
30063
49561
46960
34711
41812
31672
21582
29365
20336
4178
13163
48308
32583
37371
41425
28815
30013
18685
45861
32124
39495
27201
46668
33373
33046
40021
22425
48356
12380
14319
46046
4978
28365
17140
32861
41672
47539
9597
19440
24843
24073
1730
20128
31516
38326
39625
25002
5544
14255
5054
32160
27693
43166
31533
1052
39323
31608
8418
44719
49250
44894
3066
12390
45235
43711
30080
22182
38010
32053
47801
31735
30045
30358
39453
30489
3943
38638
24407
795
1893
38205
49062
13247
22599
13076
7465
10478
12485
15227
28434
26612
12598
44946
44512
47430
25339
37012
4937
11240
20669
31835
28499
12540
44055
444
32136
29654
10438
38727
20104
35632
10626
42520
5943
7546
1303
24888
29417
43224
22946
20407
29824
37847
41094
26817
3474
48437
13920
15865
221
23577
27494
18975
28803
35904
43451
14336
7811
17732
42952
32360
16611
30980
3080
9835
2691
47750
23424
41468
4758
14891
12301
24649
40323
38730
4393
3185
45737
8134
13301
37384
24230
17212
8774
15405
24669
34290
42073
5826
4959
29998
29117
9685
29747
41199
11829
14911
35037
984
3603
38759
19710
6377
35883
2776
17523
49103
32815
44139
22926
34918
28193
29217
31471
18476
19300
37788
33308
12804
6877
33635
17926
19154
24753
23971
6504
43788
9291
28424
11806
48239
21045
34206
47258
9759
19369
6742
47059
12664
15369
11627
18385
28649
21633
30843
29449
25049
31484
17560
24312
11110
47354
10036
1252
3455
24657
47084
21439
32708
42042
13426
16341
6825
10899
22635
24650
42206
4084
43517
36805
11945
43039
32125
30880
23026
46129
17441
13252
43449
36940
16493
26132
12721
49248
105
8385
47210
47876
4348
16664
49487
17613
42239
1152
35180
13763
35043
34753
2747
440
40815
25333
17902
16810
34282
37659
31439
27506
28858
1852
9110
28276
289
42906
37207
22848
13474
45876
39180
20565
33110
33474
11036
38618
9288
41712
10629
10502
11173
11309
35092
41419
5169
46083
10601
9996
14618
48139
14188
24394
43023
34629
25187
17415
34168
35383
12785
36732
40302
37965
15936
550
7721
39070
21909
1012
35799
38944
39072
21816
21915
37133
9422
22480
21132
8169
6848
22950
28625
45474
8974
41585
33357
33932
9879
16156
21668
3982
10844
17167
37079
33170
13879
28853
47577
35830
15691
16435
26521
4920
19571
9486
39692
8804
11914
18629
38291
9271
40914
31806
43057
20157
47910
41015
40747
11166
18157
19741
26098
41805
19545
42432
49500
37491
25065
3612
15090
26960
36995
8236
36502
47023
3263
24357
2641
200
27545
21697
20539
40677
17868
33068
29938
1082
30905
19572
39814
37990
45683
34865
7535
15220
16772
36225
30769
20925
43486
6178
49706
19527
14363
693
38273
23764
14100
13352
9535
43004
19017
41909
22949
24551
1911
40601
24572
42896
376
32161
49874
24334
48387
18341
23483
5831
2378
42810
24910
36949
25308
16752
34929
14373
28246
44928
36584
43939
40724
16974
16475
39596
42142
44732
11346
23933
32377
22801
33537
12533
38344
46703
25366
31623
42515
28622
26562
24696
30850
19286
1982
4205
34333
41433
49203
6589
21397
24398
21608
45892
33177
14394
29468
13738
11571
16134
32137
37209
3970
28283
18625
31757
44321
18933
1277
31111
38242
36907
48370
9315
24176
17664
6075
22856
42217
14539
5832
9203
12581
9432
19408
7425
18439
9140
30627
10759
12978
31908
42480
8318
16358
45340
27987
35527
21947
26150
16597
38119
35241
44468
47211
9054
16097
40118
11869
37078
4424
43831
37023
15051
29634
36900
47150
10794
21800
25765
34794
937
10963
35415
1890
3720
47270
42832
21297
37543
19417
35624
22859
4245
37885
4568
8328
33323
41652
31228
20507
1430
16071
29963
41040
3084
43248
39417
34715
25283
12188
32642
38774
15172
18768
14685
20707
13907
49878
35338
18090
41348
26485
40572
37415
13595
24660
46452
26555
20
9672
13893
47313
36528
22614
3338
6176
13870
9800
28920
351
36872
31452
22596
48134
48507
8079
26317
10065
9607
34317
40860
11618
38353
26118
11343
19932
37654
17242
2601
7583
25265
47535
33508
25044
12580
3179
22036
44254
39826
31385
38266
45544
19214
5991
11608
13147
27894
49971
45302
32887
25232
30923
2291
12289
42340
32507
75
26066
13960
41167
24586
43118
42597
40110
30482
23602
45387
19947
11388
39855
37915
9095
5126
26091
34006
29704
8458
12002
16207
39708
38372
42785
27055
38077
13509
38770
49581
35173
19228
31597
5288
27997
11745
8403
43923
29424
38790
10037
10946
973
27155
45622
27832
2717
15072
18
23043
42248
30543
41048
31928
11704
48587
32177
41475
185
39175
24069
11107
6293
39565
24955
11695
44920
7667
12573
1805
24279
11504
26172
35224
47946
16100
10306
29583
19859
34761
33374
1134
9874
28115
15978
18280
6467
47901
31839
12307
26593
24289
18836
5969
32395
35131
46538
41825
34030
9448
37747
10473
13628
40834
42743
12035
18044
15589
30661
36444
21951
22499
33549
27284
6979
24522
35902
2621
31939
41524
561
43302
7483
12056
23445
4688
128
21663
18553
13479
9831
42433
17332
36950
33547
23556
47214
21705
24148
39947
21265
15508
40984
2005
11596
25022
23166
45035
26687
13061
49624
27493
24316
17567
13440
2987
6065
43599
4781
29542
45794
25506
19984
9677
6880
18559
42539
2999
23484
25706
46806
49744
14692
14527
39682
30688
30016
41736
4927
16087
47191
41245
22103
41223
9929
5755
20513
10360
9164
21097
6420
33607
42818
24341
43031
32050
218
19968
36376
33122
31682
42800
36743
17459
23479
1612
21610
16580
13382
47482
39900
46318
47474
3735
46636
13950
48645
31337
17502
20074
5132
43663
36098
45831
23827
40130
43776
26313
32352
4840
6349
25733
27268
43913
12561
27950
26435
21754
31754
37853
17329
9470
15570
26906
36090
47721
399
15503
38921
23500
3553
29143
44189
28248
26459
28474
44519
39637
26358
14166
39320
8448
44832
12204
20551
21428
5266
39183
32049
25163
11703
39735
15541
3614
25358
16306
16296
17026
38887
27208
24827
34137
27397
37962
27737
590
37755
25266
16853
291
33844
47495
30780
32671
24948
20471
31020
12568
20521
17764
38137
4123
20124
35249
14560
677
44191
49100
38261
35768
41424
41228
22328
32342
42523
10501
631
9162
25944
42488
21681
38289
21420
43607
22840
2772
39509
46721
29649
47991
28485
21159
19788
31690
19878
33806
20184
13924
38496
27008
18032
40751
38833
8026
19302
42257
6954
5628
12101
29576
7502
38704
3028
16932
30060
26705
46447
22367
13280
23942
30942
42036
21726
29056
45112
13101
38109
45703
6904
44363
48660
41067
37638
19813
13464
3796
853
26622
13428
13602
26662
1168
48151
45256
6615
11142
7467
17588
10689
27927
25859
15537
18018
23167
36055
37917
4533
8567
30770
31780
15274
11614
33569
39376
29754
2949
26512
18594
12000
42741
14494
38219
41869
2354
14791
32819
33198
5402
31845
43273
20420
30210
33954
29271
26504
36927
4908
38691
33172
33622
17418
31288
2713
8574
7904
2333
27899
25660
23378
32768
5439
19399
32836
10243
71
39700
16874
26659
3032
27533
47275
27419
13094
24417
13532
49178
32594
48681
26011
9567
8644
44286
32404
48302
44811
16529
16688
44092
34510
42455
45344
3900
42392
5122
48167
11664
7321
30653
10900
2647
24304
12602
18162
39836
47820
4413
26084
14125
3973
22222
37850
28521
40749
37237
15885
7384
25244
6719
24896
2996
33692
30363
38244
5725
14104
13732
908
21386
42477
42591
11697
43154
14532
6123
9544
26146
15837
9073
35545
37100
13007
43454
36060
34651
31339
5239
14371
36787
18720
37484
8084
39422
36554
38458
45968
36017
12853
14658
48897
23394
32788
49519
21279
17264
39139
23402
3746
35758
42507
20545
41655
32927
20346
20095
12957
19546
44845
11812
49286
5299
19141
40719
2751
11946
29170
48346
23012
39789
28444
36513
25486
8063
23603
41875
3040
18894
36320
10787
15613
20585
43452
20517
43609
18880
12184
30695
29501
10903
17797
36191
5099
15477
17989
49559
44727
45081
25276
27466
8502
23967
26767
47295
19299
1561
33977
16883
15731
33979
34921
12689
47161
48482
36676
45507
15872
14609
11489
7500
42938
21855
31344
30536
32307
47395
29321
26259
39686
41232
10733
18082
10058
48968
33527
44409
41593
19495
7333
8912
49726
3558
10201
23661
48458
27844
22970
48012
47628
32500
45487
37723
39723
14492
24957
36446
47559
47162
36752
39293
35266
24492
47905
3786
7203
2732
10200
45443
47039
3572
36612
13604
49655
44988
41886
12123
26928
16793
36929
44083
47107
46280
16836
22501
38674
8387
12666
30490
5621
14739
39751
26778
49294
37568
37808
31237
5152
28737
16230
648
5856
22878
45426
19916
35147
32511
9993
16294
22482
5749
23552
6266
47919
34913
36093
10882
40795
46399
36319
20532
26625
7284
21628
5925
46790
6631
31734
8758
5932
19921
620
7809
42534
24748
698
5379
7069
33997
1193
13047
30247
45693
14133
31384
46825
49525
39002
32662
13160
19089
39352
11790
23966
12928
15137
34544
12242
32957
3384
46325
3528
18150
32961
23677
33113
31341
11201
34054
17165
10195
5695
37240
41822
46833
47973
46073
9639
38798
9810
20956
10485
22665
49728
23009
40846
20038
28177
10556
38249
34609
18239
29815
11396
14126
28801
22025
7955
348
27126
13295
19280
26113
33295
20926
39646
9584
33589
4234
10804
49940
48065
21882
28084
29913
30478
44865
17566
14403
13687
21503
1929
36962
4145
1108
40213
7331
28754
32303
1854
19888
44269
23369
23230
39562
4606
8444
2741
2139
43444
11952
48190
37441
44342
43657
25826
40848
8965
10920
33916
29376
49950
32597
42868
18156
48359
25076
44531
10892
40050
18960
1558
7823
43168
36733
797
26968
3164
6582
31585
47466
44572
13788
46123
40818
26921
43477
3112
45939
29856
6656
24204
15566
17784
38455
8780
551
3654
24194
24437
23146
6004
25495
4151
10591
48404
7762
2059
43231
33868
31713
39249
19631
298
33592
49816
31764
21872
12603
30340
13618
40926
27885
30608
48017
44227
32737
42811
25837
39942
19420
11623
4162
189
29632
1799
3913
32888
22315
38139
26458
48082
37032
24606
20457
3657
21982
18299
19390
48954
5948
32762
9374
28348
7909
32621
8183
43803
24323
31135
46970
4187
5619
31188
787
19129
10751
46154
31547
37888
49054
38081
4503
29288
39851
30273
25463
23330
28580
16805
22683
22146
49751
7471
27073
7336
8020
47171
44344
39744
38029
49417
3978
806
34096
12945
47462
36315
3341
38087
31868
12476
17602
19067
33719
8221
25050
49205
3962
398
33077
12925
33645
2472
24285
46417
6379
34592
1769
16187
10888
3964
44364
31453
47301
25416
34508
3538
11354
10789
32308
29252
236
10499
24313
48994
40508
14799
36179
38312
30844
32313
12681
10731
20171
21722
40976
30809
25971
3592
5253
49900
1690
28585
3128
40402
12733
34182
24332
35475
22404
38919
36246
18962
36794
4484
35229
34562
38896
39899
14134
42668
7308
21953
36253
30286
27880
44873
8467
20105
7171
369
48618
2687
44209
44861
42395
47985
11303
38335
37826
32885
44640
19787
29428
37957
37049
26902
3463
219
43193
25691
1841
13997
32494
22741
9914
46664
49958
6195
41752
4324
46064
46128
18035
40933
11176
36058
26671
43705
34748
2074
18290
4021
29423
40158
22293
13549
16079
20685
889
28691
1999
355
23611
28635
48022
47213
9224
26431
23106
45921
40644
21751
48593
7906
26077
39327
23878
33723
15795
9485
44975
4889
44855
1723
43937
13715
1135
1884
40174
9904
6226
25180
33555
3136
48600
24556
9397
23690
20106
11663
7242
17674
27607
29860
19492
2818
1162
8535
48442
2689
24405
20523
2493
7041
39848
44115
31588
20751
8955
16930
43910
13750
25124
16890
43389
45324
38890
35896
45246
16585
48204
19206
27667
19179
25037
38555
22061
19094
19607
39572
5274
29122
15222
2518
46425
7128
16674
26675
8550
6929
49297
26433
13798
40288
27561
36176
1855
42621
37187
40944
30236
39493
44770
37031
1048
12877
47764
24642
32539
36089
48580
13656
21469
35704
4387
23846
4182
29840
41281
2702
21997
41108
6185
16919
43282
38434
16941
27420
23295
18412
3717
44287
44142
47017
13932
20268
26723
25876
36486
33602
7669
41556
25570
43889
49734
47235
44202
19377
15907
8379
16513
30524
18097
42995
36396
36821
37391
22963
39037
23612
3386
42497
14238
13679
9229
40306
15604
14164
38175
41492
21559
31964
10268
46739
26821
37428
7545
12423
47540
28408
4447
29092
2180
45971
1118
1707
761
27229
4007
32173
2828
44945
43801
9718
25531
12593
8018
40126
48383
24867
6767
11416
48079
11741
26013
31701
28274
33670
41264
38498
38715
34995
461
49492
9568
48060
41577
41517
8536
2835
35922
34062
20084
10190
13249
27487
29066
42720
97
35570
17726
39360
15920
46552
4188
16227
47979
49980
27331
26923
44560
14935
3316
6285
35237
37737
15106
35008
18001
11263
43228
41044
2311
39688
6497
46210
16324
43764
19593
8667
15002
35558
10151
4356
34092
10436
45086
25685
8747
21202
35462
5878
29032
49988
30927
41868
10692
45785
45293
13899
43730
11391
32873
30119
47399
38536
10497
4402
3061
9966
45824
6895
43021
37771
33171
5651
38951
49798
29124
46290
44072
27702
47242
12828
26408
28765
32674
40881
7703
4223
38958
22541
38212
15852
32022
48900
25980
510
20767
39159
40943
34642
29722
42055
20771
41589
44923
21804
16433
9540
49863
45778
11639
12244
29168
49883
17070
41009
24117
19724
18025
19170
2305
21752
43720
1834
11557
6930
49235
12315
33963
13095
20086
25171
35022
34265
19421
10513
26481
8767
16112
3216
18213
13786
37025
40797
48736
3511
1632
17584
16200
37798
21486
39103
15297
42777
5976
22431
31092
10423
46342
39402
1829
6403
12667
12055
35154
20708
11393
27237
21821
47972
45789
18346
40764
47522
10633
2138
1440
47555
5233
17087
35073
452
33293
40624
20770
17657
39408
45742
35919
47232
15984
3414
24760
38015
48263
43731
31010
41538
24954
3151
27922
6227
6396
41763
11998
2695
17398
30448
45420
7330
21910
41965
2036
22260
1383
7624
43343
34356
21833
38182
17353
16685
36306
18054
1095
17499
24443
6093
17543
17739
29455
48831
49996
38578
42096
5700
18932
49364
29917
23547
30915
26699
8066
46074
22137
46139
48522
27819
20150
47953
22075
20405
30430
39437
59
5150
33558
2842
39115
26943
9138
24404
49799
34252
16340
17132
45128
44744
43247
32915
32527
13084
4764
7403
20391
34547
49447
2670
19844
32938
46560
46334
11190
20208
49493
19073
29744
23520
46656
46968
18566
30239
39379
47469
31349
42917
7271
19019
27387
29260
8188
22311
12430
17257
24275
24977
35757
26310
21626
31398
36438
2779
38644
6626
33653
11748
28729
11902
1782
38788
16412
49051
22822
23904
14419
17176
8844
14882
36268
46695
39590
4845
37647
29176
23092
6600
630
35392
11287
26273
25079
6532
26155
47516
10158
23586
67
10570
46081
38843
1659
35690
46837
38808
49251
39064
9898
29310
49098
9910
4268
13678
8603
2565
47192
18693
436
5186
24635
15504
6367
36760
23894
46308
23231
21088
15277
36476
28018
17440
3400
17707
18240
36158
13807
12941
2438
3878
15211
27745
13636
29026
41095
2123
41123
32965
19920
44357
38699
48354
34661
19576
28996
4626
46401
42734
19776
18040
17782
11781
48415
39129
2250
11839
42324
19366
29144
1077
24481
42439
47711
20121
41993
25644
48677
6525
7252
39289
6335
18379
36355
31789
22938
14715
12150
10806
10141
47918
7031
5182
31253
44061
31333
24047
41288
7485
32884
23361
11006
49191
7781
14542
12937
13633
18233
16486
37512
25692
39799
21715
39983
10997
25296
27119
12646
10035
27295
14439
32456
31478
2870
23001
26379
35954
10764
26294
23729
49918
21869
46595
27371
18096
26385
7113
15247
26033
45471
47573
1778
14358
22395
8305
41755
32335
2272
25842
35539
22814
10748
8460
6411
37122
47212
24562
47499
25063
43078
40139
33853
3798
42836
44284
7463
28351
9636
47545
21521
28073
47839
22000
21095
4766
30749
15689
35416
6935
27431
35516
30639
46945
16946
8415
23294
24557
25786
49585
29518
11779
34521
32302
18510
19746
12656
14896
48976
14461
7240
49502
35471
15848
14273
33410
42740
6597
7048
7549
18870
38297
27759
3
39586
49743
18022
8508
45217
19573
17336
41193
4661
46272
22990
46178
12236
24749
42888
42039
14520
7767
35489
33321
80
44375
25096
45325
11243
40114
21053
39342
47932
17900
24976
35803
24413
4776
28793
1811
42107
42805
28638
9027
14129
47755
20946
7392
14212
10966
7393
36470
23705
13130
2613
20837
21187
17528
3235
16364
27448
10685
5514
43591
18161
29878
43858
23122
8493
26810
24826
36451
2254
31180
49026
43883
29273
33160
48003
49630
32837
11544
22867
41068
41535
10208
21850
2610
7283
5796
36593
32305
47277
8231
36903
19419
16771
881
22798
30306
39785
24804
14111
9701
34854
44626
20646
24447
46000
27678
23938
9769
25421
27611
13486
9329
33992
1035
22192
6446
43120
23860
19803
10029
6574
32755
2574
1708
32948
22348
32426
17628
14099
26952
42658
46201
5586
3988
19354
44766
22515
38526
25140
44056
44867
8803
32155
23873
27549
46481
10462
13531
43624
1977
39889
32363
14567
24907
43956
26598
6651
33047
2997
4120
7192
6459
25185
44393
46347
7562
11706
2451
40074
35798
3047
30225
28228
13071
36242
44304
49781
30586
8223
9637
48391
7461
23614
9495
23572
34295
7469
42306
10386
37616
28367
37307
22545
14278
7516
2219
25451
1121
45938
24094
14712
12842
23476
21106
6224
9202
38917
45183
2672
15036
25304
30320
16322
13982
4755
36149
29460
35627
40909
13514
48540
45868
49723
44829
17724
6071
3745
33442
39386
28251
33379
28373
44857
43255
37493
39166
38907
48448
30697
30650
7980
39457
783
8835
8300
7
10107
38483
30481
44527
42159
12333
42117
14101
16490
39887
36383
8959
11015
13737
7515
28938
17346
26054
3604
29212
29213
46529
38484
24411
33615
46467
48399
23779
9270
35889
19684
18995
47580
45224
45960
49345
25992
41896
44247
17640
45247
39028
34751
45888
18408
9758
6506
30007
26882
13184
31674
8868
49332
40726
3296
42685
46474
39832
6807
14697
33953
33139
28285
44550
14920
41069
1126
15579
13773
44118
38873
47842
23909
15962
10989
13097
20353
17485
46111
49544
2617
14124
47247
47170
4175
22197
21595
46888
6937
43097
15111
20337
20037
29102
32249
15545
40001
14785
10377
13657
26688
4602
22511
10084
40990
21730
997
36124
43617
49496
49287
24410
47840
44132
13792
33276
30302
12136
30017
21346
35198
1093
16902
6118
30090
15697
3905
45920
34448
1758
12320
33059
20564
8697
38143
2285
24132
6096
44010
8263
7679
6791
22436
36488
49202
34313
5792
18907
1541
4599
35257
46985
13179
33039
25228
16004
35184
2060
30169
9631
29332
11007
19895
27983
12226
11559
12011
32414
44182
4915
13197
42718
15720
770
10860
6471
3701
43692
15432
41335
40147
46944
4605
21933
35837
4954
38271
17318
16247
5953
19951
33428
26192
37387
21774
37650
23105
6008
36758
20004
13376
7237
20631
18699
27398
26179
25256
11684
43189
47597
35272
40660
7078
22598
47995
15136
13136
18584
49152
10407
20178
29638
48006
23233
20942
26095
6595
22059
29384
35718
21664
14052
23567
27731
8826
36738
19050
20041
6591
10039
12479
6750
48793
36767
32842
7268
7646
20451
18978
34197
35505
37868
34730
4692
29711
21745
12697
41609
5410
28761
49835
13146
49053
32829
3689
15811
22757
26387
23148
10337
20281
48592
16796
835
5845
6333
13998
45047
23117
24904
41840
15184
40234
44903
39741
39197
13611
14728
14088
15482
47671
38165
24986
10316
23756
11944
12803
4392
948
9128
41550
45203
38363
34480
25167
26361
26193
11707
21390
9748
19000
7430
39555
3685
19393
24882
8877
39951
5124
39381
3585
17676
24758
36197
44066
39229
25835
40202
1408
7233
38716
7197
49705
23997
9703
10624
15395
10056
2205
7221
31336
24577
37249
32094
27021
24791
24984
28112
1257
39992
10194
44656
9244
18174
2935
27588
27774
49662
6261
23534
46758
19797
41878
7642
17585
27062
36096
30261
22411
24770
36685
17037
14523
22503
10810
5007
43976
6211
35437
22333
43157
2734
6769
45094
23325
12796
47695
49226
40684
18694
11205
6953
10223
10970
22009
20439
45504
10166
14886
3985
6052
41946
39217
26136
13689
25356
28909
41977
44510
10832
40592
5294
7993
27571
34478
4875
15929
13497
33618
18210
35367
38009
45318
23582
17682
9863
10650
2662
36852
7158
15421
18024
27437
40945
8325
30821
6098
12148
21342
34783
22446
2774
23004
49860
22289
49341
27682
42787
41443
37539
37194
26479
23561
19068
47451
21624
22961
36110
48908
25201
26895
24082
24823
35611
30972
27320
3005
6553
27790
33256
4607
22314
35006
4786
17703
4593
28538
3676
29706
40962
18228
9514
12759
13381
4483
33901
22469
18710
34261
25123
15797
49943
33507
11025
2880
39913
19519
39336
35277
2318
3843
10523
32185
4371
35326
34347
8850
17330
40728
21975
9352
27818
14645
8198
8979
3166
1629
4930
1818
17006
22993
36539
45587
45061
36865
11783
24128
22718
10219
28497
28411
37458
49218
34355
27663
19487
42011
38191
33519
41936
40857
26511
36258
30736
22053
27015
37986
21353
14386
46156
23182
33100
48210
15536
14443
21677
13480
32030
16903
592
20768
40315
21081
9366
7490
48695
17927
12817
16746
43175
14177
23598
10331
32646
4778
34589
23610
109
19388
42707
239
42660
40434
16509
45298
3739
28207
45099
30434
6978
9585
8899
12353
725
368
1223
33915
18867
39738
44339
38102
17342
23880
19456
21733
47996
7905
1867
5159
3071
12619
31794
22925
279
17210
27940
47775
9881
13956
39150
12820
36348
41639
35430
1288
30516
5964
16441
20740
47772
24098
33175
26484
2643
11278
8676
44933
24425
883
25759
1475
9260
44122
13165
42468
31290
5944
30431
39073
9002
12033
9416
24247
7543
26151
20715
45766
47143
33352
30197
32014
925
23180
27540
30313
25089
29556
39445
49044
36423
33186
45370
4002
11517
38733
13700
16316
6994
39428
2466
49652
46832
17385
34278
23126
8413
45882
33630
30105
49146
42161
7119
35894
6952
6593
32713
49031
32218
35949
48115
34953
27028
12751
12606
33050
36212
8594
32227
21740
15549
5978
25160
31347
9509
38288
17307
28230
32591
40637
29034
29465
40850
43630
20059
49671
26127
43550
11801
46869
20702
26738
48981
8023
36535
35742
31137
43225
48708
41727
28937
32775
5872
41322
35921
38703
25954
24482
29490
18437
12480
40056
36068
46969
24510
7288
9885
24255
16141
36314
37396
32209
24718
26135
2310
26828
6223
45596
255
7274
42307
31275
2411
33339
4083
37495
48640
23712
49552
26279
33324
13871
7592
27304
45707
44689
24262
12442
33398
8019
27161
17170
30756
22418
22737
20658
13194
20674
30934
745
33365
1644
34350
49932
45289
24690
31643
24537
38392
27392
47515
20048
12221
12986
26594
35753
714
33228
16826
47174
23962
47279
20528
4098
49375
14108
31561
37597
11717
13726
36020
41568
20141
29906
23432
11912
49193
12324
19343
17747
10069
24051
15771
41874
37456
30913
38689
28953
45306
8828
45825
32433
21644
26728
36895
9241
29067
42377
38749
13686
44322
25348
3682
14837
17071
1726
1602
38316
7606
45743
9074
20675
41448
40029
6850
31245
31363
401
29483
16175
16813
31447
32174
28185
40856
32375
41847
11367
24590
37476
28510
2768
31720
37991
45792
23324
37598
11014
37779
33748
35459
45260
9819
37392
27034
10564
35268
19602
40536
27746
13803
25195
12727
9029
47588
26602
28566
10768
12164
28364
1064
15917
12569
44562
20635
7587
40081
5521
41777
20025
505
47643
5782
1922
37445
14853
31091
2821
18107
599
43480
33986
24768
6823
25702
15858
26884
26171
35562
48623
12611
34742
33697
9320
17306
11399
48989
32914
18122
46982
40275
30402
30206
45829
552
13729
31085
2090
30122
42933
15850
33678
12779
43418
30750
29156
41457
12684
25373
5560
32003
11111
12994
20030
10621
12547
7410
20286
5464
5820
32118
25306
23925
7604
4220
32822
7176
35906
24276
48582
26219
4430
39179
2817
34083
16214
16880
40488
23964
5446
19740
29787
13188
47304
5113
27690
833
2599
3269
10619
41160
8538
47641
21375
1358
36305
28630
25298
31395
7510
44096
12203
19003
13124
9273
14064
35548
30705
23619
13100
17687
11805
2942
33705
1526
18560
44514
45758
13391
26899
41012
48338
37463
21312
25508
39529
23321
18941
32588
22127
40379
8696
24931
18474
6708
12167
37260
17541
45928
24846
7691
46355
8072
38302
5460
44603
32351
8446
15196
28654
6492
39929
27568
18755
42802
42512
25669
44006
28811
3818
15819
711
11685
2487
35685
48179
32913
33934
42422
10919
46465
29398
49457
16020
7188
39353
20491
11246
12687
23757
45209
15059
22933
44596
48785
32197
4077
863
48884
1182
47682
2086
13259
12768
9940
12134
20562
32018
39459
5812
7314
45552
30817
888
25497
44592
35504
43989
1802
2223
37899
14666
40977
1700
19868
43114
40367
36815
15037
34677
2619
31093
40079
2857
22828
46701
4629
28498
16106
41217
19477
45034
22838
30853
43871
15233
35738
206
35986
7873
25093
6169
33249
40131
36920
23776
17576
4873
24046
30272
44154
48546
16288
32296
1353
35193
13354
11872
39689
45245
3866
25374
39507
40916
19313
7957
19727
18639
656
35311
44105
32220
18456
38103
49383
39157
28863
12273
44246
7102
13237
33444
1362
48957
10017
31208
15793
43804
16403
43446
21100
9389
25294
45400
40487
6441
6314
33042
49448
36623
2103
43259
31955
41169
48790
14757
30406
21393
21272
22329
15318
48417
11331
47350
39508
32623
12003
41690
33910
45990
48633
3221
39880
41014
21408
1761
43351
35946
33031
44694
45726
342
16376
36441
19184
33927
13221
18098
24722
10003
19914
13336
36119
8559
42111
28148
37530
13937
7973
23196
19496
40695
36104
39375
2895
33917
30599
36027
13727
2065
25542
18612
25086
12209
32214
31952
38146
47203
9282
36656
16298
38773
11473
9571
29013
6368
17252
9474
31659
10525
27532
19628
48150
49869
13348
12050
15776
8130
22771
27332
43334
26378
18110
28359
8790
15921
45518
26483
30606
12859
17561
7135
8036
14127
26307
16908
9845
2934
46088
42876
26287
47221
32318
43298
4848
24834
41892
38696
22309
45601
21964
22813
23076
18582
8520
29881
21412
701
20204
30493
26546
40069
12483
11428
34413
48557
588
30064
39392
21384
7121
38174
16366
47229
23857
7808
47178
34693
38378
36047
19046
48936
30722
44871
31512
41602
42357
27457
16332
26460
20790
12243
43048
48836
23291
3329
22018
2449
35355
8260
21065
39364
36226
49769
4900
7032
19249
28832
44221
24895
662
40037
4040
23727
15050
39718
6487
4161
7125
11375
23286
20865
40057
22996
15481
4680
38154
28587
19719
13655
1679
4762
35293
37545
26238
36915
32438
26426
24190
48812
46269
38489
24299
47770
26554
17913
25006
1974
10821
35784
24220
32769
28117
10416
18523
48041
45749
6746
20101
40456
48506
39177
43780
20386
33185
40617
38542
42146
13808
28554
12370
19831
44211
7023
10943
12190
29646
24970
38488
34311
22450
19321
15832
1861
5324
11507
25357
4385
10338
28614
49907
43074
10429
45682
35081
29601
45786
11715
47556
24795
15389
23635
35755
44430
35364
4782
35951
37184
49059
47409
11119
29254
1788
42078
21673
43026
17787
44805
39903
40560
11658
7571
8942
40198
24454
13472
33803
31915
40939
28447
27883
40932
19785
13148
19111
43233
44316
43548
10658
43901
21719
20228
27426
3168
32749
16739
44759
34910
5019
48528
41398
33297
37138
7087
6456
19939
17605
46707
40811
48850
38466
12823
32613
47257
47827
17843
44728
6715
47302
14562
28294
20614
39849
14750
13385
27683
49693
18778
27684
49851
15379
30743
47362
9223
15692
8455
22296
15625
40917
38659
13235
30265
39292
28704
36817
43128
16225
15927
46774
44488
46179
8080
8286
33003
10304
18512
29014
38216
21205
12802
45937
44238
16868
26991
31719
44463
10295
32012
39859
9487
8472
37232
37924
2917
1451
9968
22142
19057
877
29195
21655
30998
10075
32258
48855
22244
31675
35701
31708
42242
32010
26209
36166
47898
13399
46955
16503
34993
27382
16139
34264
2262
27826
44437
26748
17434
28985
43583
24680
31038
47200
23948
19077
42583
2440
7647
16649
2462
44466
18242
41623
11910
24471
42273
28507
35273
38021
15514
48702
23947
19161
16506
10514
17188
5629
22058
3621
30537
476
16049
19082
5582
36909
1963
31377
29244
15022
40359
46665
17426
46602
17589
3124
43908
15484
33479
44024
5102
39633
30101
38305
25323
11134
39310
34726
39765
6213
45239
20756
25720
166
15362
10114
33534
4153
26818
32469
40317
15339
21236
3266
39281
36129
15997
12321
28535
44756
8115
15668
18359
46211
20792
48214
32343
19752
28850
3236
36602
43820
8709
24732
2578
8284
27231
28149
20348
26486
27975
2407
30030
48915
8162
10172
16803
44995
31160
24253
16743
12388
400
32607
1419
23475
10245
28331
11985
40844
29010
11863
45553
35588
16812
12610
29234
43997
36309
29571
21991
18516
44918
44349
36621
3371
34747
24095
28628
38350
19624
45115
27130
46546
22915
48296
23861
38362
47774
39090
18453
43006
19889
33925
15866
16153
6048
27907
30336
17235
10722
871
21645
11498
45329
28696
9363
14564
38672
13115
28752
939
28119
42373
15657
45141
46322
30222
41115
40866
19178
43549
38224
48488
38043
24249
45969
14846
39652
2530
16985
42009
36471
43009
37280
25401
44324
20367
42647
13102
30215
12433
660
30791
21553
17683
19563
43978
9131
7486
21575
4165
8684
7978
47263
2248
10450
13599
46635
37144
26367
35640
44551
24397
25196
31953
23530
6082
47806
39198
15736
34116
21198
3736
47054
33456
11188
49953
41019
29420
30069
12106
37116
32700
31870
40308
34690
19483
32783
11916
3340
42247
16889
18802
34159
5987
6821
6234
15444
3082
47621
47380
5372
3884
22662
48304
7464
42182
47752
19534
43360
44256
34138
34673
33415
39191
43403
329
15164
27440
31274
7800
37214
48840
16151
49242
16967
45999
18541
331
4810
34778
4547
40165
37558
47693
14301
13028
48701
36966
25414
22290
23916
45018
38514
5793
23702
17311
760
40740
13949
14102
48494
29029
12175
33419
7635
7793
39553
33341
37838
5569
43903
49936
42334
94
46386
38920
25584
217
47990
45281
16884
40269
24816
12715
18887
8304
21464
2559
42289
44460
6665
25145
17827
29331
29343
1635
46598
25343
19337
7623
3766
11592
8991
19359
40561
5049
31247
11453
10573
6258
15577
34932
5141
46886
47773
24006
21409
23160
20175
9290
31331
14752
13795
28643
28380
33807
17765
13688
10704
16892
16861
24191
45332
10033
44664
20331
25899
24661
6005
7482
20834
43559
3347
18323
24629
38467
29391
45124
28206
25874
27622
47629
7540
31117
14477
9776
11213
41202
983
48334
23168
43020
2322
38931
41810
38728
46418
18382
41789
18051
22405
29766
26252
17950
21707
23229
41645
13477
9827
19277
20982
5197
35943
22921
27122
12588
46061
39301
33571
14280
6547
5605
30334
17296
22811
26692
39787
42029
5635
37740
2131
651
21112
48049
24086
43151
22706
690
16263
9317
33860
38177
30822
19784
22380
49627
12734
28383
2070
47736
28316
35365
13753
16453
14691
10644
48421
29089
16907
39332
47228
38878
25755
4255
25800
46379
31670
41471
48606
40609
5763
32553
30029
21347
29914
34601
39872
19743
25909
34634
2508
40792
46036
17288
34339
1203
23652
45530
14199
18390
19666
604
45500
20183
33899
15340
14956
8322
20056
36056
555
1406
13024
30297
13567
48589
18432
36286
34785
4708
28412
18883
4362
23707
9947
2597
4141
13359
11667
38783
24995
11594
25794
30644
569
14630
12350
43019
38263
18017
22586
41778
29696
46321
807
12690
30496
8990
1453
27363
25353
24315
13556
49718
11900
12142
2591
25533
17137
44459
46609
11222
42855
5905
19715
47952
9089
39556
36083
2263
8135
13308
7863
12909
43905
2927
45660
20726
34798
38328
10187
28930
5757
1261
41267
39834
31353
49432
14595
29548
16407
17116
9731
13027
20447
46604
1605
11919
39318
8893
26290
48588
9915
9873
3397
18318
3030
3693
23472
32164
23336
29136
19672
40092
47869
11154
33552
36461
7423
24150
14612
32189
32891
16211
15587
26706
12426
2054
44729
49027
46925
45290
10691
39816
21357
5861
45614
16630
30939
44849
38581
5059
665
20335
25142
20829
14355
34587
49764
44272
49672
8929
32150
31977
39589
14636
30
300
48500
10552
12795
13413
49105
19144
24358
30433
21294
21455
15734
3716
45630
1051
14480
47038
49091
48813
34920
13020
30221
47381
26330
32007
14925
23257
32665
29225
47105
49515
27188
12604
39918
12648
28262
28123
19287
6590
6951
21123
26824
40377
38814
22872
36648
36015
42405
26743
14797
45113
28722
30035
39168
8814
21126
38342
6163
7561
15256
3634
36109
19582
154
3311
47201
46275
27799
35841
35407
29510
4446
11476
23457
23181
9712
47800
41849
38120
18292
22788
21600
41165
2623
22057
23897
30971
18326
1175
27080
31131
9593
22979
42955
20610
32192
15673
31144
5411
10504
30331
23656
12220
5558
41150
39130
43985
6869
1672
48951
34793
15033
21494
805
20415
47835
23331
2246
23830
8373
47388
39875
20885
25474
37889
48586
5846
47392
30690
7431
15159
10559
1514
23828
1377
24681
21208
11622
41371
4641
22700
26643
30588
47606
49070
21283
5587
48246
38213
21852
49126
15762
26444
8189
18222
18365
5548
30655
37902
23087
48795
7223
46439
22927
44862
14873
34578
38366
28492
33423
2555
45676
35165
27559
15289
37658
9163
44043
32589
33389
489
3332
24673
45669
34650
54
34909
6717
36067
1948
20714
29458
18141
3275
4827
45946
1036
25527
22668
37267
33791
32684
19995
20965
22239
32864
7151
45762
19591
3703
28948
9792
750
23597
18112
47330
17271
29560
11467
22189
6147
42784
19525
20598
6976
19838
3921
4970
39303
36666
30190
25907
45878
2528
28840
46548
3097
26
42034
5660
41417
15764
30144
36356
46219
12197
45056
48309
31834
42735
39371
30616
48649
30198
13281
32157
47459
41926
32496
49527
24914
22705
37527
26856
23452
9899
30735
45875
30760
29679
42037
23066
19465
40832
47037
5787
13912
26074
37146
37014
3458
47265
28893
49073
29775
25164
36979
2292
22537
37557
19912
26896
20269
42021
44292
33030
39232
21701
48344
18908
11038
34699
7772
11581
37442
16730
323
18951
17120
28167
27634
1299
10602
8078
13442
33425
31873
34743
23523
21601
8389
42156
13573
8332
24506
23912
48136
20556
9709
7657
8109
35887
45590
30895
48330
22258
31054
25680
31807
34863
26012
38525
35335
15154
19664
18469
47453
17290
15465
45671
44180
31730
704
19314
27381
6837
49494
45269
26116
20744
12117
18502
8194
31197
36201
28371
43966
12049
29251
11980
46887
46617
14257
49646
11029
22715
11355
3611
37540
49001
385
22252
9641
7712
11588
5985
10432
38138
36925
33772
15629
10955
9662
10222
9583
21215
38409
3246
45927
47427
13555
39226
37876
11766
45736
42650
1968
25005
14385
44100
49451
23420
32237
23164
25928
6438
14221
10086
8625
7071
25059
17763
27041
7164
25410
37949
15817
19295
28922
28406
16691
43695
25882
30231
37069
33432
763
29662
43256
22150
20700
35994
13765
21587
29725
45412
20373
49931
12746
47507
11724
49959
38591
7079
1165
20339
48392
9590
7783
36924
37867
36311
19883
86
3991
11632
43081
1127
31723
3589
6734
15081
4127
35978
8004
2278
30074
29159
7205
16256
3369
25594
34009
23169
21629
38218
38066
3446
47505
48485
32461
18919
48142
11035
4217
48101
12678
43637
26965
43554
49894
42041
29833
12914
568
32479
20667
2116
35431
43207
15908
1022
8439
32752
38072
46060
24947
789
19473
27236
9402
6457
45374
6627
28286
19200
18398
11136
31150
31044
12089
18291
9987
32390
4753
41598
42401
38922
48622
25628
45638
49356
8842
34176
19380
34243
4520
48537
26399
35998
13983
35093
10156
20889
29967
16072
14263
35602
41296
22607
21642
40817
27905
43919
49611
37055
39644
38964
38454
43587
6924
10188
11358
27800
48157
43186
17754
28855
30973
9026
2811
21299
11915
22616
46759
16769
24962
30987
14858
39815
28147
46152
8240
5715
4233
40739
18738
44475
38050
4101
16297
49000
24189
23863
13609
24647
2804
16978
43361
33115
31232
42590
32288
45838
14919
44652
42470
9680
25735
24877
22390
6038
46331
36618
13820
9757
16161
9989
35260
2836
2362
16476
23899
26374
16898
17833
691
465
37425
19786
26686
37151
23409
43856
23755
25571
14065
31782
7009
30044
27642
2345
22513
15656
12005
13207
26628
865
35399
39932
38183
8873
36773
46484
34983
6061
32000
18130
2515
35301
25237
38245
29908
14357
48195
29192
36389
1768
22227
30846
43300
8359
48297
49429
9154
29691
5328
36187
27569
4312
46734
9134
3831
4347
44769
5524
9037
12432
20241
20087
36987
20465
6752
412
3887
38487
39227
33250
16848
29448
33847
27504
43621
27410
5058
32699
28172
4667
16054
35933
11871
41836
48703
31157
5819
37709
4592
20294
27757
49602
28069
40268
2930
9318
10312
20402
27903
47346
48318
38332
28851
18970
22944
26672
21427
12505
35299
11830
6250
37649
7395
1411
15221
31638
26239
17147
1196
9696
44597
16379
31264
29953
29852
34919
9761
13225
28114
33345
8199
38038
1098
24162
46019
13200
36628
35674
29839
29262
23782
44584
12347
11764
13524
25832
26083
22268
14080
2502
18912
17150
47032
14678
25830
4345
16116
45844
42028
37131
33421
30001
48626
19948
8085
14731
26766
9939
15895
20881
21857
24605
14734
44819
38474
15965
10555
23499
20148
9574
46312
42585
36970
28987
17518
18043
34675
1702
20582
26213
21033
49049
6158
41179
35284
9927
15789
46949
30883
9840
5180
45836
46183
41117
65
40469
17581
29834
39835
12987
21522
46227
39511
28944
45186
7038
32966
32757
31221
31852
11671
14483
10046
48646
18392
40180
14339
46133
10014
30954
29309
28979
17815
44715
35536
16577
18609
18914
2903
48300
12317
15363
30248
5072
48536
46526
5101
40072
14881
37044
15816
19705
5081
31652
23816
34397
26125
45177
35111
46317
4733
24844
46189
4960
37588
30006
43745
27519
49710
11889
17304
30411
48877
34572
24112
22942
26057
15101
45657
9791
24229
10321
40187
37941
35323
20923
42908
49753
13505
49074
6330
1845
10873
46236
40930
33904
21811
41754
22721
27779
25191
46072
19579
21145
28508
6131
37679
26910
4073
8494
1371
31261
40244
29338
26857
35703
21328
42171
13529
32721
6088
171
48371
45912
32673
11088
8
9614
27294
28843
17821
28564
31960
43690
9679
10273
5926
20490
43595
47694
3936
1952
44979
12283
15470
46108
40246
23636
10964
22014
16181
23464
5100
37432
33155
33647
42974
21636
19659
5838
25707
28468
43277
23983
26648
37300
38019
3301
26887
17129
25629
2287
27581
7452
5743
2019
43068
17187
36734
23136
25351
44414
40183
7518
23514
30058
2267
26449
24378
21148
46621
45397
27776
28839
28892
31445
41318
21332
3658
42387
35189
24466
27366
23987
16877
29826
11323
16766
15400
10614
41056
30513
34394
17360
14991
18313
37613
41257
13078
829
15224
33565
17793
30614
24179
34318
22591
42390
16428
10490
46855
48181
16309
3013
28733
37670
22625
8105
13511
46829
18570
42600
7690
17405
41406
33605
18348
34779
16841
6023
45936
43167
4806
16530
44539
14505
47274
30326
39094
20264
3385
42437
8861
36400
39608
29652
9741
45982
28107
21482
49204
49246
1935
7626
1305
11966
15223
6701
19368
11816
27602
23991
32400
21050
6334
9199
14778
32329
375
7947
22935
32672
38330
12865
38094
16304
47048
43618
47920
39852
966
41256
26079
13987
26801
2701
3562
37063
20430
12935
43798
37852
22928
19595
31809
39267
1504
32926
36724
22002
38333
10417
8672
14288
4180
14275
11408
40539
21305
41988
21093
26542
19110
21497
49731
25330
35412
16843
48870
27512
9160
39693
41794
6568
1800
7749
10709
27804
12032
30110
9746
48119
48971
24485
27953
3738
41908
19692
28488
13620
32198
15344
20382
26359
49884
32162
26695
43881
33451
29697
42223
6685
16414
663
42747
27513
29858
47372
9576
43826
32139
14089
23000
74
10144
46689
47882
13587
2735
34414
43580
39131
17190
43033
22319
8645
28619
21854
44093
22642
29278
26321
10351
1443
48965
4627
19621
43172
18091
2550
27914
33174
42466
36580
36783
32481
16824
37825
46762
13245
34859
43383
43060
35385
14266
29578
10623
21380
23446
25248
21603
22765
23503
13954
41798
13140
44665
14424
27057
10224
19512
17413
29116
3313
30328
34997
15074
44285
25839
40861
46368
4838
6832
13785
8896
30541
13105
40590
4081
49385
9577
34695
23362
29042
10526
30049
43453
46709
17177
22768
26829
47532
43205
5237
13193
45874
19695
17525
43385
39074
25046
17325
22257
34232
19485
40354
32658
28890
28970
11797
15266
29377
19845
16500
42283
37983
20793
28471
26482
40535
37482
25364
4732
11808
47383
30473
25004
30139
12769
37745
49081
15694
42975
19633
12674
35767
891
3144
27181
40232
22463
8059
9942
4537
8127
29489
31132
5910
48896
31893
29791
38229
12566
5920
38054
23235
8303
13819
48853
39548
22031
30578
3472
2841
32745
47339
2234
16504
20296
37153
29589
42069
24840
19925
22491
45308
33828
4691
19432
19041
4087
37128
33349
34892
22666
30360
29538
47406
40788
48567
24576
48550
43324
29517
33029
18330
29340
27952
33416
31032
43655
33823
44792
38144
4591
43767
34451
28618
49210
23527
273
3605
46903
40720
28526
48326
48982
26678
887
15792
19254
18902
34460
24716
49260
27162
45957
23542
9725
14310
37123
18479
3848
334
7155
39120
47765
5280
19039
7454
41008
32443
43303
10155
14825
16131
33642
43890
37115
19222
23255
42129
16762
43240
566
42882
24815
13825
35963
24979
36342
35647
4548
6699
44631
43292
44828
42527
22353
45997
33895
7917
9050
36016
19065
6520
32841
3433
3885
25843
20100
32798
27529
28223
20822
5968
31976
21343
1370
37030
33909
31046
26700
7272
11216
20976
46733
7799
8214
26841
23326
1879
24331
41247
49072
11177
3724
4526
31272
39674
30867
41042
21889
4177
38207
34043
15030
42644
6433
21617
40880
30585
29721
45336
7503
39599
29782
19322
12849
457
4201
31408
3677
41747
10641
30094
29048
48420
16258
41995
4043
23049
39243
4420
30838
18859
7555
46220
13412
14764
41038
43968
34600
7578
46646
13669
29139
13504
23973
43714
14894
37672
27224
12294
40191
15246
45506
4861
14365
13319
9747
16371
28473
36042
28747
3992
8557
28060
35190
13490
21536
7173
36530
43410
30244
12386
12441
36425
13605
17276
2573
23374
30601
45369
44067
18121
24806
46190
45566
46218
7551
13501
30641
22195
1169
1396
40758
12920
44830
6830
46320
37076
2787
24044
4025
10941
27369
34076
47626
29771
26403
24467
42563
33394
33659
10534
799
3183
30025
31496
45403
36796
30938
26646
3953
27025
20617
29533
41385
37292
22869
11508
29074
6059
40596
876
11893
808
22078
13863
43830
4386
3809
41827
33601
49311
38968
43174
13317
23208
22555
31969
2135
43546
29266
2951
36583
41237
24108
10081
45053
18590
21007
784
9985
12403
1533
21058
23095
18764
17050
8992
46769
18338
17554
9361
5584
37317
10739
26786
5077
38062
15569
33214
6557
48617
5330
23883
6639
28186
48097
29547
27150
7845
42066
15592
47968
11481
33135
2365
20717
25494
43613
25297
47584
9513
17917
37045
11351
17533
12493
11013
46040
8862
18258
13575
14198
8267
24266
38396
46535
22423
24058
27755
47422
12272
40287
35276
21176
46200
46674
30347
7579
20980
1028
49268
5433
17975
11125
2704
664
26264
22413
33304
39978
32824
24621
33608
12064
9749
16009
21954
20561
6778
4687
8827
49712
41643
31771
12487
28694
8296
40240
19505
8891
30944
25403
13516
12772
44790
8308
38908
49523
7668
39610
10117
33409
12850
28574
6247
5574
23183
36467
1033
20193
34719
10239
2873
49639
16118
24075
42944
14961
12474
41674
26741
49678
18700
10471
10108
45133
24064
30907
33747
37869
49926
34410
13089
14048
379
2829
6337
31508
14962
29108
45076
30820
8035
18214
26837
49489
4003
6100
40199
41461
24814
47850
9014
603
23455
30714
21640
20266
17758
1718
14467
27857
34815
46819
911
39022
13577
31576
34045
21905
17903
47819
13955
41182
48062
21659
14737
38397
9681
25301
40641
43142
4790
25425
42862
2656
9087
18827
1335
48520
433
35233
25547
49046
36751
25812
3664
34172
46723
31827
16162
48410
38025
5424
23660
46164
46483
13944
13554
41250
46919
21367
7245
13309
36233
22865
9524
17065
47592
10296
42428
44245
39945
29857
41270
26148
26309
44896
27000
35993
2639
30391
14557
49904
13629
24767
48403
49144
2940
44817
14660
48661
40606
3265
27947
4008
3743
47479
9517
46720
10115
34280
32606
15070
41731
27769
39684
23163
42237
5833
2584
24429
4436
44361
36222
16546
2201
46008
39524
40634
2416
2560
29055
35566
39812
3880
18850
25985
39632
3725
7362
48275
28459
27765
27329
42213
23765
26914
9196
25999
7416
39798
775
9925
16425
42160
31568
10095
30059
48476
31875
14640
15085
46056
5053
40967
27402
17534
27468
34253
25392
14405
36605
49993
8391
32065
19243
48211
22766
24824
14245
29862
3456
35052
39820
34055
16312
48441
33939
42057
32019
18539
14536
38601
39461
48068
7383
25212
27566
44450
19872
39109
34415
34799
11097
18677
16663
37345
4390
22773
18192
29175
29302
21962
1163
28310
26490
41045
7225
32151
48699
11198
5947
16915
29408
46255
9232
48365
24052
39049
35333
10999
17537
27312
945
19159
11850
34943
31699
44515
21400
4647
32487
35123
38875
45310
5452
9477
44443
1903
36386
38134
7687
44677
21520
4854
33890
14509
12840
42155
6028
43512
26799
2654
49955
31236
1243
25576
49041
33505
58
20776
45723
44798
9033
19157
34343
8351
29167
47438
46299
34315
47549
3285
17156
37753
48388
15028
28462
7677
11649
14972
1981
25449
11749
25858
30218
25490
25671
47689
32068
247
30779
46391
44971
15950
23981
17985
16556
39432
31919
40404
26760
15492
6788
28036
37872
38793
27827
34363
49808
29861
3770
30528
4355
33863
39819
44101
39662
30424
17952
24293
8466
5791
19122
7285
8276
1624
25728
20444
39685
29259
1573
7618
4334
39438
12326
32828
8690
661
32651
7012
42586
46861
27612
44449
8518
773
25906
35163
4468
45172
46852
37617
24608
39010
21263
4737
12698
44556
18249
3415
45610
39149
11326
47878
18607
9983
11718
4264
23111
14878
31456
28928
22956
48336
5601
7645
16399
40781
23852
30619
41743
16402
44608
36934
17143
34211
2454
2731
40942
17113
31145
21761
34104
42639
32495
39906
1242
18266
41665
34847
11021
15915
29802
48861
25885
7813
22985
38416
10886
33302
46338
33153
18064
12024
21470
21101
28903
28577
9023
18194
13036
47866
42065
28612
19763
21527
2914
162
27307
23128
42122
47582
40504
16684
8013
33728
20217
29808
14769
8766
13201
43752
46541
32624
36162
41571
21054
10477
47662
2048
6711
23957
18696
35552
32863
45666
42348
49018
15319
20381
18876
27220
30692
49368
31081
413
48888
10876
32304
39802
24068
43468
43754
28106
41489
8551
35707
41746
12532
33383
33691
29127
28034
7375
38556
32816
14548
47
48219
14915
7735
31100
25749
34964
32954
39390
11669
39780
5764
32115
30525
39347
18415
12507
18053
16712
40775
13828
42765
31662
5540
43545
31270
36265
8798
5321
49792
39964
19751
18920
12440
23593
44171
18667
13802
3031
10225
41389
41133
22444
27315
34075
7921
41334
2302
23124
26864
8807
14191
4763
19570
3483
39850
5162
24093
18668
7083
37783
14777
44019
42418
47484
44803
37772
39009
12621
46343
27322
32956
40086
22466
27516
21771
45417
22069
14306
1026
47568
19275
2981
40528
19647
15397
33103
45057
26228
27007
40194
44570
36388
24476
34952
18695
15937
18199
42756
37251
29305
23998
12079
15348
38089
42695
18119
30462
21549
33981
36922
48390
16700
19969
25224
20733
19494
19445
31857
30149
35598
46099
32264
27098
27178
11026
17775
1631
47754
15903
22419
38037
25325
22998
13746
46416
22605
39574
13170
7586
32563
1139
31352
19145
15998
43659
46619
44411
898
24878
28963
49423
38017
1276
45870
3546
45044
28043
46871
8486
43840
25199
18225
17529
47464
6673
33809
39003
25567
43223
35030
5706
5318
1149
35691
48713
7834
29939
22660
24010
18540
47487
16628
32951
45975
11417
4664
16526
36918
40995
9158
4472
2066
32756
23346
21376
16716
28965
28799
21720
48549
30897
20118
7056
46155
34641
7861
41410
8888
39486
6534
14197
21960
38589
36340
49155
23263
26031
3330
18463
31427
6648
44821
18195
19587
5092
38500
24908
34429
5680
21086
29973
44944
3345
28647
32248
33829
16636
36735
15710
4124
2605
43998
8560
1620
31434
21027
31401
39069
48439
39949
33301
8622
33066
20398
5117
4972
20050
37666
5283
39892
29475
32711
8208
42593
26039
14091
35823
9707
5291
1291
7190
14541
35380
40353
19293
33201
39907
7653
26811
24018
20839
26611
37971
37860
25613
6535
44366
43651
42162
31097
11769
29750
36257
34316
3882
19196
14055
11676
27974
16024
885
39485
17898
43507
24225
42243
30663
34294
26944
49516
47877
4989
13030
34124
6981
27204
7073
11908
16699
35452
32383
30118
18997
22973
10829
19781
46550
4410
21333
12502
30748
3706
19532
34586
41651
18015
44775
20712
23298
49119
12508
47859
18094
4694
35089
46682
26254
16158
47266
40051
3326
2975
33133
39604
26868
2725
45005
8147
44404
16849
28131
14084
17564
21539
37196
9824
36504
4899
30775
46371
33966
11418
5919
36237
35708
34980
42608
27837
5335
11226
48597
36577
38862
36874
16262
33271
1937
30902
44054
43805
34513
8609
44022
29471
29291
33911
4384
21980
29707
24687
20516
7559
38096
23024
9132
37681
14384
1592
1525
20370
36053
39014
20440
959
33588
10236
45641
9644
12185
39594
28791
32105
28219
42067
29727
28082
10958
41001
12550
19463
29098
21604
49826
22932
6378
39975
25272
35304
15760
23051
5341
33610
10824
8094
35950
27553
37967
20819
7291
19650
32016
22565
13710
18535
30412
40927
2240
25371
45823
21662
46032
9193
41358
28523
26704
20153
33550
19414
37356
41272
21280
37235
8681
29814
30687
1398
4300
30856
1587
8658
12736
23021
9618
27863
22699
1962
17711
32968
19504
19673
44712
8187
38552
35343
4132
35762
9304
27852
24615
33407
49267
26930
38593
11975
14817
32034
41184
13553
2977
24945
15787
14592
42446
43799
45210
26253
40117
33746
40581
5371
38401
42611
8503
6554
13168
40498
37948
2087
24756
22306
36420
41268
33948
242
13527
19034
22624
37168
35337
10865
42173
5258
29825
36334
40669
16798
8350
30318
33134
757
39829
36198
37700
14232
12131
13543
37566
17908
30370
38655
49352
26472
36227
46939
16702
41265
6738
15743
10954
11167
40501
47931
36094
26746
2268
19189
6945
17783
8993
1906
47868
24546
49864
43092
33628
33242
28292
41971
41130
28501
4514
7851
12341
28076
31781
7820
14703
3322
47271
43811
25509
48669
33541
38086
6301
13719
13775
13661
34878
30555
46743
28491
48125
17830
736
19994
5209
27134
40789
26023
6741
370
33544
4407
21589
45659
27902
11976
14642
7358
27813
35028
40091
21607
10708
12416
23733
13876
17090
41493
33827
34244
14516
46967
25173
36707
34439
36232
45747
10870
3477
44713
7163
49708
44900
42891
771
33625
22686
45354
37046
25150
46608
29961
23094
27668
9249
38495
13271
15623
27970
31052
38187
31502
3070
36527
49172
36941
38516
127
37102
33011
39894
42986
3370
18065
38753
28947
34114
14412
26157
47080
10419
15769
45211
1837
292
23301
9102
24859
4340
923
39967
33386
4998
25740
732
37406
20753
20199
35700
25143
44148
38602
24223
26165
7817
8735
21918
37466
20320
17452
20399
9918
2
32108
20515
20158
12450
3763
18218
46662
11200
38028
34509
40155
23022
42546
19472
27517
44390
33758
39321
44291
16523
36681
44505
38469
37896
3858
32501
8464
14553
31523
30303
8255
25630
46880
147
32485
35359
20052
21217
14821
35117
44962
687
46403
42015
30177
6275
3122
41845
46119
23350
38842
28260
10509
25988
26073
26401
4191
6518
28590
32587
9623
42236
37525
38147
8925
20842
34032
24626
12930
19851
49922
44506
11067
19863
37357
33700
25121
19070
12452
30789
43180
21689
18996
37778
48728
27226
8480
26069
37887
41248
46136
5003
35980
49195
5164
19949
18061
7868
8915
31468
38930
9153
16872
33333
7777
38882
38169
37117
20285
12862
45916
21990
16174
28835
39038
32750
49586
23084
47153
35221
396
42884
28472
15156
5333
10287
36825
6939
25094
15434
25310
43083
32681
18583
26560
31613
37043
31957
45180
22171
16922
34097
48324
5984
46001
4979
980
47903
32771
14783
43051
47064
49176
2153
31912
15630
9339
34327
3413
22077
567
4419
44297
34704
17520
29812
30054
28895
39944
4453
34021
18731
49636
17490
24030
13420
41325
48552
18151
32618
39909
29933
38571
46917
9465
48347
1874
46226
28777
3545
47248
14122
18601
1559
36324
18987
47528
46800
42627
44260
12459
49538
24126
19822
13564
31966
7086
49106
7939
19279
16722
8997
909
18279
23274
15447
18037
18334
35207
22943
42147
15241
20250
19312
31389
12193
42981
17816
42666
40552
2044
39593
25821
17099
46271
44258
32947
4471
30052
38479
31668
21778
1111
110
4935
40621
48778
12418
42982
37997
21110
2563
40339
47935
29388
30519
15649
44252
5065
46158
43102
7521
36877
36330
43990
15525
15770
19904
5768
30011
24383
11434
16998
19510
11505
17535
37866
3321
31090
34625
26531
25869
17432
39095
41
19998
26464
34061
15745
15768
2845
9262
31400
45036
17277
43701
41828
20044
1503
7455
43733
12786
17027
38189
41919
15539
43079
35274
22734
3499
5021
14314
5974
36782
9237
25872
6740
10285
19817
20905
37604
24016
7916
2471
9248
19284
34660
33672
23107
7723
14854
16537
17234
19996
42356
19861
27736
45407
35655
10427
3359
32354
15080
26441
3366
26096
6812
16827
6961
24236
46239
49077
26807
44939
36556
947
27565
15582
23921
11513
21700
26847
1395
6022
13804
47891
11128
28707
43096
33253
12831
10897
25963
29592
1040
41079
12635
27058
42254
989
18316
27376
8457
24764
3390
45012
10761
9221
29790
22931
43769
15336
7000
164
22452
41101
32808
13535
2976
1295
33109
12822
4868
1497
41393
10763
35854
13057
38281
19897
41007
36844
44317
7881
22401
14504
10387
602
11009
37318
18715
45062
5670
6802
31483
39079
2549
20401
26912
33049
1060
34121
7215
19203
17505
10113
34896
23768
19398
25147
39185
20969
16807
31788
13006
44312
20252
28202
28597
34505
19493
28451
34902
10521
32732
26222
11429
30415
25327
21134
18454
17500
33213
4562
24919
26058
7124
31917
30740
34524
21946
14689
25579
15540
42573
29480
42092
47690
37127
5543
25681
36698
17557
41513
14694
18528
27926
22593
40483
20080
42989
4909
28233
4571
36022
47040
22568
27435
24470
8000
11896
40346
30323
42186
44785
44082
43722
5473
11679
19379
30333
11849
22409
46170
46010
23890
38494
17615
21690
27812
47976
15083
6187
36691
13066
42220
3567
10974
44536
44700
6655
11652
10712
17606
48462
9222
47329
48408
7720
2130
22434
2710
47670
18998
25562
2017
28806
38084
37181
30502
5219
11179
24584
27228
40674
17223
17412
7585
40004
3365
8489
22964
15765
41408
5570
26335
11403
14031
43983
30587
21378
23624
20847
25958
22558
16918
43076
28555
28702
23943
22755
40322
41347
28865
38540
11700
38150
23474
4294
737
44090
2680
2603
22085
38327
12070
45106
26999
49129
26724
31243
13410
38725
15806
49473
17020
10137
27423
35850
41675
7008
10015
6818
41931
49556
8824
10403
18980
28780
49350
16866
6992
45350
37281
43058
11475
25550
19112
10152
18697
8257
7866
46292
43857
30807
30693
22655
26085
16989
40175
37550
35388
4714
25817
17878
37900
42642
7159
9742
47550
18871
7584
9492
48175
34542
40125
42229
46644
13600
37724
1506
41405
3690
39729
20895
25468
8809
45605
4852
22074
20833
26305
7882
39001
20535
21943
32890
10543
23575
24362
28025
37828
49156
13674
9025
19864
6143
17222
49343
9057
47726
26162
27723
36581
32356
20154
23317
48709
30212
20400
41026
22414
39110
26934
4518
47940
19258
38940
17632
15756
22724
19993
17450
26419
34210
29390
33617
23760
3248
31700
18511
47569
22560
20799
20117
20017
38805
16284
25436
27412
41940
19104
37927
28489
955
22981
39261
28320
37282
16548
6477
20390
12565
11242
28571
23927
10547
32387
141
24165
38966
24733
8967
46336
26120
5005
32886
9340
22643
1392
45784
27584
41586
12800
15530
22778
47349
20578
8612
30018
47512
15652
15877
36876
15190
20536
36977
22805
4952
31758
5503
19028
26268
39211
25709
3633
13974
22307
34611
16939
35863
8545
35347
35047
2956
30447
27901
875
34274
32376
42216
47291
17694
21120
1160
30967
40222
28763
42853
1262
36772
8204
9991
31861
22476
9173
38389
22406
43388
28001
29078
12241
40458
42112
32825
8075
2078
26437
2730
32547
35021
33060
16014
21602
28211
11289
30209
5632
49871
35635
25071
49839
4146
24258
13195
31889
13445
4024
39968
43288
43473
31518
26208
29096
3610
4442
24295
13159
12652
13866
32955
3406
6664
30317
34476
24864
4584
23201
43602
31177
7748
5664
43317
21060
19967
27336
35756
11456
48707
46389
40879
42964
40357
18544
12006
39930
38184
28002
22439
11692
25940
3204
36272
31580
40969
9174
27499
23082
36474
36541
26251
39436
7421
18184
38892
7412
21116
26582
23954
44906
40149
5224
39661
30894
48468
34144
37291
18230
25690
3512
43148
32866
3694
24415
24100
13256
19499
12623
24369
4381
40169
2590
8898
11317
7232
7699
34226
7247
25778
29779
27081
37468
37981
26796
28156
2047
28968
19757
28542
47583
1019
23678
27452
46872
7694
35827
13270
16997
49399
9438
160
33082
21395
23583
24120
3395
26256
1153
43213
24256
41667
4575
21631
42861
37601
30532
31382
40283
9786
30154
36636
39124
6731
10020
43230
11549
4479
44137
49310
13947
45398
35065
47169
2986
35614
41172
15716
11376
11768
11155
18819
2080
41964
5207
29452
25846
32098
27184
26604
34130
7419
14998
35264
3423
3113
49564
15245
7434
36989
40099
7322
15290
4831
22160
2683
10912
2742
12992
7142
19437
10143
37635
47732
27688
14624
16631
831
4158
6357
17364
22641
35110
19458
28591
3993
39866
36693
27198
14937
21471
28486
41050
13902
38548
27912
10813
46513
31000
46965
33418
38627
17617
1312
24792
1116
21899
22972
46824
2511
42177
14240
21829
803
27145
4701
19542
17039
9351
36495
15455
40382
11811
30755
6407
33325
35916
10171
12896
24347
27735
34900
4125
15616
922
38815
14077
28757
38400
27183
38444
21189
21627
19447
41378
4302
31817
30310
26130
12239
45645
8056
21138
4028
39325
23536
8729
27689
34908
23735
44279
19780
23074
43567
22464
40163
965
40280
24710
32112
16718
39105
37501
9294
11470
6834
35146
19147
10827
27603
3264
29361
31850
2436
35398
29481
29616
20849
42594
10982
22825
48363
4863
46096
12408
48532
5909
14473
40874
48450
16417
41702
18034
38129
32408
6955
15620
14904
20820
45365
24501
4286
37239
9155
45880
16947
22962
1066
32382
33026
21873
35741
5118
7360
23348
18682
44508
41487
5106
43022
19911
29912
8615
20736
41479
28342
33664
25287
49164
4189
33404
31810
12067
37988
18742
17977
40049
17376
27120
43987
14003
28725
16209
38122
22313
48685
43746
11758
32216
11641
42402
248
41153
34063
9745
44605
40597
40910
16091
24224
46830
15438
10204
39769
4164
17151
4652
31340
4029
1969
25597
5641
33017
25838
16216
33288
37087
24852
40340
28827
2264
1692
19339
46102
19006
17631
4572
26904
31373
32111
26534
48844
14406
10185
30816
9678
12425
4554
7206
7990
8099
13438
33095
18674
27971
42134
30186
33473
11655
41935
9400
16168
5091
26698
35463
33666
47403
43661
3096
24818
25894
30572
48731
496
34992
14908
15810
6112
21931
31714
28795
37039
20589
18366
6010
21647
5146
47638
17232
30003
42663
25128
8174
47923
47187
15236
24789
36673
44162
35097
48446
44607
8933
16114
4582
18388
47491
2174
47534
15429
27609
5466
41776
38427
17684
4589
33245
10093
41833
39365
32867
37576
16854
30062
47326
20933
34687
25032
40496
44465
23493
1488
37136
29868
7706
9797
24692
42245
38254
36064
38412
48986
35686
6726
9009
41271
10092
20813
35042
29945
16568
49683
8686
40516
21721
29843
45479
1188
14898
42768
24942
37331
7755
15556
45088
48653
25336
18466
19137
33536
41950
36588
4258
15372
44483
10385
19554
26863
45513
30066
12748
46460
32437
9357
36006
49139
43402
7312
37648
41346
47442
23884
49097
39406
26885
43518
1760
18793
10662
16717
44140
43268
44763
27742
36652
15967
17335
29434
16937
21518
43489
47287
4342
12582
14290
27136
24820
16590
13369
17521
30410
35646
1642
49911
45466
28047
31549
47883
6246
23787
20393
48027
23737
2644
31830
44707
8705
19514
28782
37246
4991
13712
21845
47718
30710
30163
14828
46728
4119
4026
29864
25396
47004
32502
19158
2969
36112
27023
20395
22774
47126
24354
6039
30495
25376
37940
45885
3270
3335
43437
3435
28252
13236
33272
20626
36606
21572
23345
8244
6758
33294
21967
12145
5259
33661
27044
36147
15867
44675
2562
7575
17425
28378
37840
45482
32103
6134
13976
37565
1789
23903
44711
20279
23413
15919
47190
36291
23752
30512
28389
31162
34027
13621
40576
23093
34772
32542
6498
8482
27887
12322
39717
3237
14924
22717
18431
24811
17084
9390
9312
46630
11767
12889
13044
14883
48229
34549
19384
48261
39184
23269
44068
13579
16653
10303
47281
26730
19475
21150
35303
12669
32409
21732
21072
38831
34447
11535
27462
3929
10981
13614
39518
1462
39349
25426
13915
32347
27068
37776
3108
32027
35219
38374
38126
24306
36713
39257
919
40800
9634
15330
8370
1601
3548
13569
21893
12534
12335
25916
8064
25966
47776
36820
4785
19022
46364
31412
46112
33985
2402
25433
44249
40320
26089
46253
49120
14635
1483
29897
5292
16442
415
31606
34912
21372
31651
23149
12942
31816
17136
23592
41024
30825
14168
35985
34129
26009
30579
47700
5082
17661
20125
29603
26768
48852
38391
46171
43588
31527
17856
42495
38033
43368
21011
10125
6893
46912
7407
29442
23843
39752
9197
24675
11004
42947
14813
32078
48517
9064
1843
30557
7996
26220
12952
18701
48923
41181
46369
33600
11181
20253
1055
21612
4020
2990
35204
46300
13346
14368
21255
11653
30366
30783
40678
8840
15149
27337
76
513
37119
5170
36409
8985
3864
28641
36321
41966
12839
44601
46715
34141
48881
33897
41656
42878
30228
10563
45951
19297
4578
23241
4256
40391
48769
35716
32944
7004
36654
16110
2385
82
34877
30271
5011
4441
23014
47394
38027
17153
14713
1543
42303
26978
39658
48535
38721
4452
14171
7317
26443
5892
11545
12247
4870
45656
9098
33900
36424
13542
34214
10491
40748
1486
7449
40197
2840
1356
8033
31171
12617
29899
10319
16520
34374
12918
46525
16445
19758
29832
22186
7401
6630
7224
13072
8794
12105
48260
33240
47444
44978
23101
37523
47977
29670
1058
1282
23994
31238
18498
22609
33652
22756
24940
7411
34871
30657
32384
19770
24509
39869
27127
14316
21230
48675
194
3012
28976
29405
12718
46678
37405
25427
19074
26871
6700
38163
28250
45360
18781
15712
31519
2598
25137
19409
31358
39750
1797
14646
30421
11372
48772
8432
36753
49272
43511
77
12104
18441
49206
35094
34580
35162
834
978
14420
26506
37645
8490
12775
6197
32380
46961
40059
34161
27623
4349
21591
34378
35789
32475
18173
25279
6860
12314
28273
4160
29748
32934
24012
32522
30362
23040
21165
34223
8176
23537
18016
36574
46647
26852
24003
20369
34622
37836
9401
2796
10968
4001
34446
41022
25595
10418
17437
20573
38579
26047
4973
11730
42398
10024
37099
36908
42592
26260
45184
8288
43251
13552
5308
36469
26297
20203
13503
24604
4885
5112
16584
18325
23585
13456
5732
13977
2176
13411
28866
25302
34143
23759
41893
38323
4604
41780
32256
16536
46785
3209
24832
25697
31357
44685
45994
10391
657
15377
17227
16245
23689
46778
28304
49113
46849
5353
26184
142
28439
30876
36128
33969
1722
11955
31599
21118
11775
45687
15957
1268
4444
38934
9833
593
879
37182
29877
30852
4618
48235
25532
38116
46049
28582
12094
40626
3998
44881
44117
24715
38737
3536
23056
40053
2526
14835
22021
48572
8598
49951
24836
8407
29983
46457
16953
47762
1640
45300
32638
39244
24916
5295
49430
14095
9582
23497
21876
15292
48242
23615
27395
23956
15499
40513
38459
21329
35330
1159
10184
697
25982
2104
20043
24343
10980
17546
5988
764
31828
39387
20448
17701
47618
2236
12427
2738
41292
30889
36153
29345
16601
29054
43071
2306
34331
1278
41462
7090
24490
30217
44207
2241
15453
12445
32636
5212
31345
14440
9503
46051
49437
11691
31949
31308
35441
9613
28604
30946
46999
39106
1634
40365
27404
33125
16499
32465
1176
48700
9442
48481
7648
5492
361
45980
16633
14174
47705
34324
43347
38763
29134
48664
11728
25031
47113
42738
15636
19298
28624
33164
26576
49752
31154
44952
26225
27243
16867
20304
26413
3234
46926
31161
4746
49923
12719
8412
39746
14466
48240
34057
19020
49378
37823
20687
31277
31318
32532
38962
45499
39940
22264
45523
8114
15688
33061
23482
28255
8310
19917
6538
17526
39917
44777
41261
11587
4738
31359
46754
8882
7070
48126
38777
23867
46561
5996
47269
27763
35964
23060
12170
23848
36968
46328
18777
28027
36557
3437
37586
9972
39216
23265
13358
37257
512
44352
32528
483
37500
36346
21191
48360
23029
21008
39504
33726
9502
49667
33076
6936
8275
19535
34406
22529
42514
16734
13860
31951
25813
1226
30357
34721
40735
29889
30485
44479
5
24968
36188
29323
32419
13380
27673
47723
6822
43294
21271
40195
17224
25088
25811
5942
8534
44288
20291
13934
38339
26727
45653
10598
14903
1716
14711
38976
26916
9975
3039
233
5882
34391
6810
1272
36996
43414
17643
15918
41546
34110
44192
4060
30968
5612
16183
17382
22808
43206
9105
1511
16901
38301
22758
44621
27845
17371
23352
17475
16186
24488
30712
22889
28455
6841
41811
44412
3336
41340
17421
21501
41327
1030
37157
14807
20809
25904
18257
408
28054
6725
34796
45058
46014
260
1844
21777
32727
19966
44695
13697
43136
12118
34364
6324
45978
12137
18284
48396
47557
18953
48144
19387
41221
586
5459
3140
7733
39701
24883
40923
48423
33725
18741
18450
45165
47760
39761
14239
4538
32413
44787
27784
16721
12974
9006
21406
31530
3333
23398
48007
49060
28417
30640
4751
40219
49555
17291
32660
46235
11109
40633
27088
6382
24002
16696
5004
18577
45764
1849
4329
28204
16945
43176
19029
16820
6706
4670
4314
41600
33765
49700
8852
4474
33987
12048
26182
46423
7524
40106
13226
41932
25155
47816
10948
11937
867
29630
31888
47514
41105
27615
10653
7757
18856
47707
14325
38709
22688
27108
38437
38383
20955
9264
37575
215
21848
3134
12191
9063
9710
21235
29849
47838
26545
38300
15994
10318
45282
24991
31648
34334
28739
38264
4000
2067
18041
44957
18562
46787
19186
45297
28225
22246
8356
39036
35959
48102
22364
27843
10392
25223
49025
33097
12597
12758
16618
15815
38509
12318
30330
23792
14162
3715
35169
10333
5668
1741
3782
5428
2740
32392
25793
37935
3563
31520
24360
6724
5476
10347
33091
49357
816
30263
21292
360
49912
29432
47049
46956
19438
13134
19623
19640
33040
11928
41426
40133
39488
7222
10334
48787
6139
20918
16348
18251
24526
8602
12951
13530
48499
33032
927
31683
40236
45849
46581
16795
33044
24574
48524
10410
31535
32950
6350
36997
31367
42408
26915
6641
11895
16982
19164
20170
26961
11469
42361
21254
1537
13203
26018
31702
39605
23002
20015
38608
36399
33378
35845
43013
35349
5042
5488
19716
10309
7560
44197
36414
25851
6512
42233
22173
6460
40276
36510
13992
9563
6549
6901
394
48781
35997
917
31214
5591
32893
2866
46615
30737
31376
32213
24540
23888
42843
34344
9528
11929
6680
35530
41725
17013
40636
43532
10120
37459
421
2401
13861
43868
41619
5421
19264
20352
44634
7345
2461
35155
14075
4830
11293
7742
2954
19899
35636
2962
37243
30243
8409
27176
26071
24570
35917
17458
1088
38197
3244
17106
34174
11511
21354
30114
43155
28693
38049
16056
32138
11759
34169
41650
43744
48970
18128
29778
25447
9612
28971
12706
43895
30235
43757
36133
2552
42479
13610
15791
16965
49859
7168
12308
46993
21838
21381
45002
23053
19257
6070
40690
12336
37914
37799
40217
42782
11867
43165
18336
27149
9668
9760
38661
15210
33960
6698
4097
9373
45283
4085
36434
48398
13578
25539
4850
8302
30911
14605
19658
26274
7042
32909
8795
10131
35666
5366
14109
47237
5441
17486
18660
35315
43542
10819
22986
9458
42108
29030
7177
46296
42574
46090
48008
32803
42382
7898
41723
7806
49595
42551
29011
47675
17552
1308
7084
48621
4466
1463
8830
48977
36241
34894
48974
12300
28993
40845
42168
39460
38582
3257
42767
8012
40736
20840
2905
15591
23632
48159
36640
27012
16360
41666
5810
14131
9594
49822
36327
15638
18139
4357
24101
10461
38648
5567
37460
33538
16077
47414
24646
7396
37592
439
25220
41563
22874
19245
27190
1125
26505
44989
5778
15304
37040
9546
4209
3828
4273
15114
28182
1502
37538
29128
4320
23253
25565
6564
2651
25461
2480
25480
29980
43626
23260
43520
4747
43170
7671
26975
5923
16763
32498
24793
1023
48064
190
41504
46234
28116
49679
29403
26432
30549
39295
25390
35377
38448
39623
5116
30384
35725
13951
17935
34522
40479
25315
8426
21234
8554
39430
19615
34538
1683
25434
5647
27016
34506
18206
36034
46673
34131
33920
15841
31968
36899
46549
5023
34962
31071
20212
30595
673
18175
6843
30314
23487
20911
33761
28227
31181
22372
27831
34186
2752
2569
21885
15763
11931
49650
13324
22504
22437
17555
27767
39535
22041
37642
8393
13882
22301
49961
8886
33553
20599
48815
48904
19608
18816
29486
29770
38671
35851
4940
31116
25460
16741
10701
801
25536
35514
16424
2013
10510
46862
19136
16587
35925
27458
39732
13839
47357
23254
12717
44987
35675
32556
13151
31877
48132
27405
34487
3869
38545
49495
15517
44940
28925
46279
4269
1791
46722
37633
22854
9476
47566
4723
49354
15653
47067
40277
5070
33517
17909
28269
49661
2038
47909
39326
5314
33486
24060
20475
5226
47013
21950
31204
23637
25638
29853
37125
7220
40102
29573
44590
31065
36841
21957
11488
46118
41302
4308
29008
18446
23277
12878
19365
49289
7922
4116
12113
42634
29713
6836
765
45889
1582
15353
40657
4019
47001
15571
22429
46012
42572
44487
20500
36500
45448
40980
7786
18732
15010
39937
42569
13809
44543
45402
35256
19198
45734
8264
28450
43319
37975
25748
30635
18765
35670
2232
1731
2527
46360
33730
34322
2823
836
3127
20254
2415
44499
27916
13283
8812
24445
32855
8945
1652
47226
18863
11435
2027
27951
40579
34814
8273
1866
21361
47224
44451
45805
2221
29172
1656
16397
4335
44353
12147
2182
36216
15553
903
43877
24240
14790
10911
29680
42075
46410
26563
35478
15598
37589
15671
40632
4232
27069
34271
16927
28924
1985
12127
41156
42671
34308
4702
3712
33814
6190
5611
37092
19171
11282
24822
48949
41428
36660
26106
42406
37139
29325
26731
32692
42035
7558
27154
28128
6018
9428
3405
24197
1784
4023
20612
22987
36036
10340
12776
45907
28244
33583
41691
9332
27856
25058
37684
5301
23299
14281
11360
43727
29441
17052
15987
27072
40196
9658
35510
10549
42678
19635
11485
38872
5541
46453
34906
30992
2229
40520
29886
11124
40372
49809
38664
42959
11474
5714
9945
32516
39888
14340
22524
24298
25689
17813
5478
21370
16768
4414
43450
19644
31981
38215
13731
1614
45677
21459
18126
21815
28681
17267
4586
36740
22064
34221
4109
48089
34599
26265
42164
20065
7292
18569
45347
46454
23550
27142
12154
47347
34389
21487
35242
39965
20644
4570
12235
47353
19789
38438
19565
16479
1998
1881
3748
17109
34022
11712
14036
35283
41809
40738
26229
3902
24653
1989
8410
40954
35860
12963
43427
31138
28102
14793
11743
20389
28057
4711
35467
22342
33800
1821
49459
45941
47220
31
45149
23524
34603
12629
42904
29393
357
2276
43474
20306
3362
18824
18692
8689
44752
14341
45314
19307
46017
41421
33584
29373
14987
49454
28210
11446
24138
32286
5230
38551
41698
33686
49619
28258
46122
41729
26354
47727
28822
12001
25385
3003
17273
12263
29191
39867
15890
45091
19814
45222
25095
27324
2037
26618
4757
23399
2456
14890
32869
33117
21180
29206
24993
477
6596
27432
26453
1045
16038
11320
11327
5555
6365
3917
3491
47895
22912
20020
283
5847
12856
8558
40278
11862
14009
9754
34375
9041
6667
48602
33332
23262
18641
26499
36778
7309
4325
11642
30651
17093
42135
45895
48104
11569
14524
6671
43728
43143
42755
45505
4645
4559
36101
12851
23730
7080
33401
49037
37956
8651
18663
4677
36475
47290
47095
8847
35561
10838
10348
42780
35449
13771
44822
36926
38693
34709
47209
42503
21149
22022
32452
38636
25652
13015
6086
23532
34270
49778
20887
22170
42821
21892
19132
18533
36961
27059
9252
38127
20078
2430
41355
5115
16220
3932
22581
17751
31555
10539
5666
21956
4225
26087
1536
23853
43795
45902
49837
21646
48401
20552
31639
31393
2576
15169
6046
46895
20278
546
42841
44781
18278
42199
411
11283
1670
1253
43927
16838
534
37554
14766
37555
34720
44996
25699
6774
36219
6099
19422
31681
19988
24011
21979
43654
42288
9698
21184
42152
29952
44251
36280
45926
48783
19804
30636
21639
30871
7382
14761
17968
5857
282
44648
25790
41023
40445
19801
30161
26452
175
497
37790
47656
40985
17504
22796
3331
8131
4963
25236
8987
33402
47885
36834
47439
6111
16483
25620
46575
14143
40140
2788
42865
46187
20351
33709
13703
42189
20191
32596
27929
36087
20378
37846
16201
22038
48952
40787
20094
41140
7187
4595
10995
7107
44429
17197
46508
12278
2948
47598
27158
33913
25159
13799
4168
8055
2748
1915
17940
33874
36289
24541
11977
21736
19798
20127
9407
12553
19195
23703
34817
16542
45257
26744
635
13943
25796
19177
44529
43879
37332
35340
2561
33493
3024
43312
5531
4364
19208
39539
33644
9737
21456
18197
13939
39111
34440
32712
8825
3949
1366
24356
19853
3141
6289
24974
9858
36297
38078
2173
27895
27720
820
47640
26909
44027
32370
17162
17700
40465
5959
17669
1658
15985
30274
24566
15257
23341
19446
13045
28361
44250
6171
27619
16833
28773
27480
434
2397
40466
22846
45438
33924
49418
18221
2966
14820
3231
17119
15103
11736
33157
6878
11991
5795
23250
24611
7968
35334
31813
8923
23889
27446
31133
15351
21096
25959
5360
18048
48058
46270
30472
40142
27761
23236
7193
6148
2499
6695
16572
41330
10071
41118
4832
33964
48752
31120
18442
3132
38549
21937
6501
37408
17748
19278
35059
20645
36684
13815
124
14069
30533
11297
42897
45101
12702
39514
31922
22508
17862
18002
34696
15956
1267
7750
4044
11447
24563
22881
9886
25745
11422
7616
17345
12722
7186
37845
31153
34281
17111
42352
39600
47475
13060
37883
7231
26667
18411
43813
19850
11219
503
30861
26652
42085
27372
1609
35443
38320
17262
11365
49320
42396
558
23495
16383
33433
47081
16283
14830
8352
44314
44645
20113
1410
309
26439
30949
34039
49889
35788
20273
17562
35226
5351
21787
20327
23654
18143
23322
40553
1688
31785
46026
43586
4685
24502
18265
480
46776
21632
42043
36463
39759
34567
11537
8946
3805
13059
6119
39446
1943
2993
6081
31993
4395
9619
45028
33344
14071
15932
20062
13855
1124
8796
17987
10910
4874
37585
34636
16842
2207
18211
3897
40691
30936
3912
29807
10957
6029
42212
39841
17544
5014
14258
15320
32321
3826
41372
15635
9956
49101
24913
49637
36046
29337
21005
2912
3871
33469
29257
10395
2706
49187
25104
29290
38916
36598
12383
25924
34085
25952
44758
8369
8740
21117
49756
15181
49546
21136
3591
22282
42587
31677
11891
31721
19603
3418
49269
6987
27991
16193
43561
16755
21443
13834
25626
42448
29958
32004
23574
2564
31566
42889
41203
35776
48111
15863
33518
46857
12608
49434
6452
17393
3640
36637
49312
47241
1138
4143
12394
39275
15071
26397
40309
44523
28599
49275
35023
6060
49485
42653
42022
38559
35751
36663
48154
28986
8521
38705
17958
15313
33466
14159
46950
19756
46942
42311
35972
35578
41985
27699
30034
9147
31148
35772
3696
19975
32468
34479
1675
23097
8975
23960
15042
17788
4181
14449
44123
42259
35746
46340
3389
41162
22291
27189
3787
3868
43498
47124
6117
32616
44088
3765
24519
34627
43306
23833
49815
23609
7792
44293
418
24092
32664
314
46930
38013
20892
13547
4823
35796
17735
39788
6014
12977
26406
28557
10483
37569
16431
42925
8522
40697
13341
13624
19990
29194
46937
49741
2039
37004
17237
1130
25378
19471
14019
15035
35235
18548
14004
30497
24456
7614
12128
46584
27539
29965
34999
19549
32689
4821
34686
41565
33662
4207
31227
6043
12665
6660
49224
34246
36560
49772
22205
49116
11220
31104
32990
45163
1910
36341
38802
6294
35825
46816
17706
34361
14707
25589
4555
42557
6421
39736
36473
9832
847
29077
18591
28385
14801
35013
44843
27351
37143
49433
16137
21069
31676
26218
3293
23003
39601
358
13585
23414
39319
3353
35341
28178
28190
45409
8654
38997
18087
14452
32653
19227
37731
37629
12158
37989
1325
9075
44278
10367
44680
22673
9897
42681
3622
1813
4301
49746
16496
36651
31443
14470
6413
5885
28166
23278
26567
17513
7050
5950
34870
25023
15879
40080
44568
45662
27444
21111
1409
32265
3577
17362
43552
44538
25259
8701
8565
6393
10606
36807
9362
44914
25923
6463
19879
23940
49167
14893
12265
46610
38185
19950
39308
24499
9801
8544
49065
35682
42501
39174
14094
44222
12846
43634
37577
12931
10950
13307
39663
46480
2674
10529
46954
37761
45976
30630
24949
46348
35474
11644
5469
37228
14207
24819
5338
22806
26168
30656
2082
36155
46414
38905
22341
11273
47548
39316
26345
11760
39222
16690
48038
769
13192
45493
9038
5886
24183
33463
11813
3531
18140
49957
23
18394
10332
34284
46874
23057
34080
25912
47151
6290
26503
42094
26747
32918
17042
6728
28563
13590
43839
10975
5708
44902
27311
5929
13214
3247
34019
35787
46216
22101
22223
6867
5515
7497
49628
37498
40107
47994
43179
3443
15875
27079
6129
13541
34741
9079
12614
24759
20034
3835
14907
14929
12360
84
48100
2304
40673
33101
46817
30307
42434
22779
15983
36516
29051
46212
29063
10668
32988
19594
34689
35947
22551
29709
23041
16177
44303
40005
10182
15493
18915
23876
3606
14842
35832
5257
26526
3426
46283
28138
17986
23426
25268
18638
43379
38235
19338
46424
36005
3465
4378
5177
11341
29602
12212
9103
3860
25891
16370
28300
28572
23804
14897
18405
37211
32715
9425
3639
5068
35119
48973
14115
8119
43357
15672
17007
31437
10135
1164
20305
30414
2481
41947
26468
44448
5530
48198
15243
43030
21231
15138
15189
14172
35389
32488
15346
6145
33704
39059
46409
11039
16779
9777
39806
29898
40329
4557
21621
4643
4496
31689
29613
19092
44690
5967
31630
3344
16231
20996
30070
21830
15758
44701
7770
38513
18005
20110
17094
46938
38767
3403
36729
22193
45716
2373
15178
1177
37904
40290
34545
26024
18988
24853
6828
12677
48375
9682
39071
43293
27318
16105
37448
45988
3060
31941
33649
17545
6798
8927
13536
32324
48654
46291
3302
38807
3508
40440
30631
5125
177
49325
39991
4903
24798
21268
27375
19992
6209
41377
27273
47440
18494
30162
40911
44116
42529
12453
12537
25498
48203
33231
17292
23085
48030
49977
1655
15799
15995
39277
38690
42195
493
8845
48351
6375
6300
23104
23416
1485
25724
9404
39096
33229
18179
25459
33845
9210
3441
35542
46456
15986
32813
31539
25067
26159
22597
13724
8685
25420
14832
34404
13107
34346
21543
5127
46788
6960
15271
34926
9130
8375
4918
24571
39279
23675
26634
22340
32490
14575
9499
18853
9383
17392
10735
42278
8505
46740
32929
5050
49615
14751
10991
3169
34205
15683
22657
45179
24595
22884
13706
6642
2859
48958
9553
24547
27510
17841
36736
27524
720
1154
36780
22283
29530
45501
17319
29997
4508
7167
24612
8983
41078
5172
6675
1886
46915
27175
39469
46469
18862
18872
44660
33775
38687
39192
10681
43623
8427
42397
24050
17753
7523
19427
25435
19078
23713
36095
12886
38607
3945
3854
20421
14641
37842
15454
4779
40297
27605
23900
9928
2991
8657
18604
23209
7239
42761
31894
38113
20480
27465
17840
9181
45537
5316
45858
19730
4709
7287
47712
24460
10639
47173
38572
31571
27672
10277
43289
43662
35484
1539
11094
8217
42207
8531
46510
49641
8897
1014
24243
41058
20720
38472
16320
39770
21867
34383
30919
48402
36868
14497
20380
17068
8864
33980
46228
8639
2371
17266
36264
8571
35999
20763
45303
3454
49533
49788
20838
27010
10826
10221
34684
29984
18904
7745
42603
17103
21200
20725
27191
9205
48862
15633
2924
42277
18830
20092
37801
5322
45355
27665
48202
4510
18322
27670
30417
38598
8227
40093
41773
45918
28197
37572
41124
18869
3517
28315
37843
18375
27454
48758
46642
42328
25100
39711
25951
35911
17768
8506
3393
27207
47830
28816
37878
2071
18353
22045
5537
3841
32439
30172
31802
10087
11573
25566
28481
4990
21769
31497
15894
24412
29133
15813
2778
22573
40565
24451
33712
1415
16357
35509
41367
23529
23162
42636
38975
17349
3118
12658
22442
18010
3238
49388
20182
17046
28051
30862
2107
44111
49759
13154
13108
34821
45698
30542
28949
8039
17718
29103
24585
49261
19042
23980
9024
47063
5254
48480
27105
46543
18289
19509
13167
45007
48291
12086
44059
29974
28823
49355
38971
24318
17651
12151
19374
40227
27511
12939
37542
16229
41127
29535
14035
10413
11965
14047
40271
2794
9398
20277
37366
31656
37193
30921
29732
46534
6263
47659
2476
20166
32554
41726
6225
7945
1337
1287
49428
1872
3749
1764
12910
1372
26939
5625
36610
12852
35713
42652
35375
44051
43141
7672
2775
9743
1742
6594
15162
11054
16249
18328
14985
48581
47391
47911
27451
16352
42323
48821
13779
22895
28259
35062
24221
43574
1662
33222
10801
29276
4862
47576
47706
37197
37192
8569
41680
2685
16956
5188
31696
33236
10231
43149
3453
42424
45509
17713
9149
40230
27209
29645
21764
47817
13388
46523
24439
46375
22664
28477
42347
26199
21552
36849
49757
15198
3430
39011
29387
855
25911
41451
14732
33450
362
1698
10871
35541
49450
45200
17390
41083
45266
3918
49771
15646
31972
48770
10853
27500
1173
41914
40920
24464
29741
11624
1641
3428
41085
12065
31833
15228
31289
23098
26407
38573
16797
2658
13485
11381
23949
2522
41370
44424
41244
47653
34494
2337
39475
10492
39233
36641
40953
11147
26032
44060
22050
30960
33636
19812
19735
49131
13525
9435
31517
7348
7887
18301
41638
37757
7773
39549
1619
23688
9345
8951
11984
10383
48491
42308
47709
27061
10414
36607
1041
25974
18739
24719
45072
1738
22172
2127
36890
156
2543
20006
4408
14034
181
24923
11809
17948
3911
47310
17997
25513
49043
4094
15851
29513
43246
11229
31291
12500
36754
19747
35227
42441
22139
7327
3778
49803
34412
49767
11579
49265
70
26579
31798
35761
40521
14243
5523
32398
8297
34769
19259
18749
8326
6094
10728
22569
10978
42967
31507
26283
5939
21827
49783
7768
39046
5997
48389
6705
34644
49713
3564
42165
10904
686
20987
1167
5190
36296
33888
14030
23541
20363
46366
8442
38421
32967
19750
30092
41700
21762
1706
22037
26240
47260
18102
28878
18616
25080
26779
22851
34377
25119
49283
39126
34681
29554
35621
17740
46117
28954
41323
31872
25214
33313
10299
30974
5195
33269
5898
16301
1319
16409
23320
14209
31916
2463
44912
487
44446
29045
46091
12924
20872
46747
10060
4792
33914
23887
31299
15406
28108
45940
19247
41191
2453
5547
12215
20761
682
13162
37691
40611
49185
862
35781
35159
4995
31784
6089
33521
724
47518
43639
17670
9978
22799
13658
39571
43516
25715
32029
35107
45404
48479
42980
36761
42965
36144
31034
17912
32974
22255
44518
5809
1725
25166
34731
20984
2786
41961
32640
2847
38853
2593
22110
330
1346
22648
16553
2137
39128
18000
46712
11678
4749
31276
46818
42935
17233
40015
46935
17924
19676
47253
48515
2510
26425
22100
43290
15583
46052
38173
35218
13619
17355
27656
17970
36875
7146
37379
5143
46670
30583
34155
9395
36368
41659
7570
3951
45729
33908
16125
9245
28506
39015
15609
3439
15909
5563
29456
31635
48434
6041
19555
14462
16745
29806
49600
33821
31550
38677
27140
4741
17705
11084
39694
46783
39018
19058
8619
46688
509
21643
33819
39254
16149
15415
33317
17944
5897
8470
18057
32397
18376
48611
9493
41816
23239
16234
12548
49521
18722
4091
9790
26851
24267
22849
12129
6765
13616
35127
133
26518
24695
24924
44587
48493
44723
4465
41275
35350
15800
33593
10489
16449
10393
45580
23373
44114
19218
1298
4
49367
3449
25469
24489
20627
15116
25273
7399
8998
1925
41696
41515
31419
5373
15993
17766
43283
42080
48644
46045
48099
7508
24761
46655
22619
32922
46605
1007
1878
16152
32393
27942
25255
15749
4166
26845
259
48329
10173
9209
5696
22876
30566
27522
38511
1354
1104
45001
47298
12486
7445
6956
28879
22903
19049
32958
22234
34482
19954
18785
38336
19775
19291
8934
36634
14758
13350
43278
4202
25881
35639
25970
27153
41975
34491
12248
13276
845
20387
17453
9436
6868
14225
17582
23031
3373
5121
31725
18200
41506
38088
44807
26973
17542
38624
24303
40349
21879
7265
38125
12527
37661
24387
21921
3719
9587
14866
37662
5287
15145
21839
20236
44309
44892
26063
26568
49698
28995
16603
22250
2568
8101
49945
19176
5689
502
7676
25862
49913
43947
30594
18820
295
29324
17551
48106
12410
48120
14508
20862
25639
9789
16404
31486
23246
619
45548
13693
28240
46213
46681
27980
30147
40324
22016
16887
18492
16466
19396
44300
38046
49425
29185
25216
11625
39638
27861
45322
40500
20486
42506
42458
31925
17738
3856
36298
46450
46316
41122
31992
5734
32537
37454
2256
42565
21307
26888
44776
30224
8674
17850
38308
32134
43708
25328
47684
4812
37533
11135
34536
30285
6975
23288
27009
10965
12045
42178
24389
31565
2790
27321
31064
32038
29027
14698
40559
48182
32702
41413
9213
38701
48040
39672
893
4636
35967
33667
43366
22684
1630
35609
12405
29566
28035
23430
7116
26366
7608
41541
37547
38546
21569
21015
27300
49887
39209
5157
4138
46834
40555
1229
48498
33467
41164
21674
41897
25627
28705
21942
21613
19704
10776
32976
13204
35961
25274
24539
28307
9732
12270
9010
46035
18149
17263
15836
17686
4864
48168
36378
7061
48558
24997
41929
18571
31297
19197
1953
28746
43758
49669
9118
21981
7157
4170
1455
32586
3659
17930
27260
31886
38668
28427
40
4057
23387
16066
40965
16113
13149
28466
29500
48495
26043
10782
34140
15323
21392
29022
11295
25113
3741
39642
850
23199
46892
13534
15892
3759
28807
5096
13332
25081
36269
13012
42393
29233
16709
37202
39615
24799
47530
20494
209
15944
24286
2356
14930
3052
44347
34297
21199
42353
41636
7397
46419
6162
46485
36812
33015
23864
26875
28914
17814
44950
43458
31319
23079
19080
34303
49157
43802
6346
46933
19172
5520
13305
24668
35834
1338
25011
1166
23892
28870
47443
34596
24154
29440
40420
35079
5579
28104
28124
11820
10561
9324
46479
45783
30865
39828
9560
46893
21293
11380
27460
8451
15724
36207
32634
12097
10682
38989
8892
8334
4036
31556
38140
15960
38531
19893
6729
18227
29306
14312
29371
46669
46278
32777
4459
22547
26456
35885
36655
15844
19670
25701
36302
33729
32299
21036
11864
17971
39622
28363
10397
35898
40348
40823
48697
27961
49991
45730
34162
7039
35654
6132
10271
20219
42081
39776
5034
30498
24773
43832
13109
7924
21691
2435
5890
9124
38404
31094
20508
33684
44181
12898
9368
23896
4284
49784
20103
1327
23177
38811
24457
23605
35790
34923
45480
15166
46489
48774
37821
31043
26410
10161
48723
31307
7249
37980
35231
33753
15122
4218
13725
19348
19489
4583
9804
4613
40063
31051
30141
17216
14633
46186
29165
32984
42517
30926
41299
8241
21252
25687
45102
29208
27022
4787
4428
31692
28549
49866
27495
47473
47463
25633
14829
48128
13286
39933
3996
36411
19839
29082
3549
11284
10851
38973
28376
26121
42792
14475
41381
34848
27913
30112
24152
25871
48521
40095
19820
32122
25986
12225
15835
9433
23714
32812
25428
28158
36781
23311
47611
11492
14787
24925
25511
29720
24199
40336
46823
39416
15392
49087
31323
22681
12470
37786
1617
1719
28110
9902
5528
18506
1071
46093
10433
28345
17812
44910
9977
33163
48746
10106
49599
43528
26418
23367
8061
40318
16195
34452
4793
8175
11361
22937
35677
43185
27828
40087
12584
43555
4186
38913
10001
49030
11564
33111
31249
28940
25525
338
41801
25890
32698
41846
35450
36764
48123
18404
4932
1221
20894
44760
19618
12685
12304
7055
47114
31143
1551
5980
16236
26462
31155
526
6652
21425
35672
25864
4628
38683
4184
1404
6969
18203
37351
15785
47596
8526
17313
12814
36688
5307
3142
25314
34435
41682
9536
46797
43539
49814
24296
38535
13548
24529
24463
3804
49565
47003
8262
35560
7883
10464
5851
207
36146
1273
24192
4513
49407
30901
3595
7037
32217
48733
10580
7999
48562
1480
6913
8048
28446
29279
31035
5955
18903
23719
28978
542
24988
47072
16150
46588
41903
42856
43482
15600
1017
29081
39517
49610
13
12393
26154
36705
23234
47348
36282
28399
42230
12198
27001
47794
12217
46472
37175
41293
19124
40441
5020
8839
5083
46150
43309
38471
47154
7394
43689
12792
23351
27394
44941
20179
46354
14880
28873
19418
8420
30179
11585
35394
40630
7597
40088
18773
42831
4955
7794
31582
17808
33148
39343
7807
501
1780
48873
40533
43631
23485
26721
16683
27718
28282
17779
34852
16855
41253
20312
12791
33458
30087
27691
49279
38464
6692
5731
8003
5740
21734
25643
46679
3504
17166
38425
28847
4313
34149
41688
24329
34493
32477
14543
4996
24594
32552
29445
7238
6618
13199
33562
35540
42040
9919
45740
38193
31431
40369
29350
33631
27669
22487
48710
28457
29717
840
40121
18052
24210
40237
996
19476
34471
7051
36483
23417
435
37446
33766
8098
15061
23895
10576
7630
44230
2736
22472
7456
21593
30381
29620
45042
18500
36850
2161
14313
12806
6803
21533
36313
10094
24203
46229
31294
26596
11645
40829
32670
14140
43892
10553
3086
25458
12982
45418
40928
10
25860
2132
25383
46411
16338
15972
17275
17656
6161
30649
407
22974
975
6066
26190
14441
7557
38929
20452
12266
1235
30507
17383
1772
40541
33967
3046
44442
45989
7027
32912
37061
11884
12163
14629
48775
32262
46365
8646
31273
41817
8434
30387
34402
46729
21824
38603
7629
5203
3737
17280
14298
5868
19086
30398
29534
32184
33384
16510
34160
18305
26139
18444
1433
29875
22770
823
47748
35651
26931
26296
32901
44612
10698
40167
47925
11602
9708
12411
12884
44307
26707
27925
7505
47094
4705
22879
20637
47338
17323
39895
38082
7771
19075
15226
48693
29882
29268
44325
35991
40394
10578
13135
10105
37966
8261
16300
33062
23862
26329
31775
45373
37610
2458
34150
34189
12699
8659
1804
21928
24703
47029
24063
2478
29138
49099
45609
5913
49304
27194
45806
12904
49715
20245
39188
48610
48851
48376
32782
35992
34618
18646
5904
18339
35623
2551
42702
20073
28266
18488
20140
4756
16555
19008
616
41960
21334
45253
12521
39154
21866
21035
36653
41576
33128
39007
41567
30553
4961
32656
22543
43497
16625
671
46372
26002
33759
14822
7533
455
4928
25877
14202
708
21585
14765
10434
10133
31812
2343
2921
26679
39737
29870
26985
31945
46120
22627
5566
28189
43038
8211
11241
28305
23068
48955
12938
16986
21611
48876
47565
5828
28503
11290
42074
20414
19536
44421
14928
3821
37081
38745
5234
2739
27389
38503
46814
39435
8333
2824
34461
23429
5193
20146
25288
44503
48137
47465
28819
43536
39348
21823
45834
47873
21317
27651
44310
36802
48530
38669
44073
45943
31633
37907
3789
16088
38553
11044
18451
23307
31059
13864
14366
31268
27543
13885
48662
17088
1069
29606
29205
23456
19823
15282
17089
15829
40741
7212
16061
3295
13467
47930
48185
37221
15018
2733
48290
48141
5742
30129
23736
191
41294
37849
2063
25200
16809
35222
30607
10439
31826
17689
46495
33865
44762
42253
30095
36837
11657
25062
14300
7577
7075
24972
1241
7782
41077
39012
39062
48044
48279
48792
32609
40676
8889
18103
8504
47156
17563
25601
43664
48663
20534
3083
44408
596
21567
36946
21783
25998
40598
37399
49128
38586
18687
46858
30213
33192
13292
29016
23379
2309
41111
48544
25158
12449
39440
23190
15654
42822
18549
21723
22841
2204
11146
296
12297
30742
32446
354
15176
41467
16115
44084
28975
31769
14955
9944
48871
18790
3243
43904
18277
40249
33014
11298
28281
48757
26520
29370
44
1119
25915
28145
26101
13268
24555
6786
16834
21791
32714
38478
45143
2034
20364
40151
42016
49545
45460
29178
47797
8438
10140
48705
28899
21530
41522
13328
39419
8488
37252
9285
21034
29842
30180
21006
6722
23595
16740
32089
16308
31166
20703
27169
30395
47943
38473
3448
12100
47637
17962
44362
39545
49266
6494
11673
13488
18079
36953
10074
33735
40718
17251
8584
178
7462
10467
46431
25586
12670
32610
32268
38234
45287
35679
24123
3268
42240
49064
15961
49403
23607
7444
34495
47352
19529
30464
35176
48682
5128
29823
20138
21661
48478
39873
4942
15157
21181
3801
47478
13681
1334
19394
15489
11959
1973
33861
8638
9793
40454
47771
40619
40835
39542
9341
19881
48827
16832
40025
9143
15425
36066
47119
29080
36643
27374
36447
2281
45371
32247
11510
2876
1711
3210
3999
41354
49720
29091
8937
16344
32799
27847
47740
16011
46254
39683
49504
27587
36833
23565
35526
49709
23268
31011
6220
18013
35591
29123
15102
7711
18737
20576
39972
28891
15968
28127
14916
29397
1316
32744
18131
8628
47997
18234
19919
40556
26019
18416
9596
47378
14782
15614
48604
11807
40639
49707
15168
46675
13959
12069
27502
30130
10713
15151
12085
48268
22335
48764
8773
28603
48738
9052
14997
5848
44722
25384
11729
33225
30174
23761
17854
42046
46350
19577
29810
6191
6588
14138
13789
1781
45961
28642
23679
30839
26986
25225
47845
27223
14677
25387
40485
13630
34053
28063
48131
21315
7487
30662
34752
49397
3708
14942
19548
3072
35120
16617
28882
35485
3102
3663
36813
3297
25574
735
23626
11302
9182
28805
33038
42824
9471
1812
6638
12040
49315
16634
27192
45389
36100
524
46397
36009
10038
10196
46984
46059
36111
24166
43194
33559
251
24813
19470
41091
39259
3133
21696
42100
46973
1627
30098
7819
10426
22351
31156
24305
33594
7328
17614
13118
28933
32211
42840
4148
9772
43775
19109
40255
39490
30546
16179
2247
21963
5859
782
46940
47589
18363
2243
48720
24619
36921
10066
8087
9970
31211
44755
21798
49075
2761
20915
48320
35259
15976
8926
13711
11101
23173
13462
7530
44884
47958
21402
24096
36854
10481
36914
41011
19060
7738
29553
39065
32491
21531
25751
41305
24946
30148
17255
38953
36310
43981
19011
17427
39989
35957
13018
9676
48704
34647
21429
22179
31948
43736
5808
20684
18487
9301
46805
21185
46098
21261
49285
46363
38085
18165
23062
33656
29487
116
43774
27217
11204
37426
17315
26369
11443
27135
14011
28448
18893
43991
19434
43313
38577
37510
40405
27580
10261
48372
38769
11688
16635
34392
37960
27714
24518
12905
16837
2265
21834
38863
8660
89
7479
22534
49273
20747
6544
44919
47389
18505
866
15212
2558
27358
7611
9305
28796
11350
33239
12990
40254
18455
38988
26988
16578
22698
10990
10571
28745
45816
18942
33881
33481
5056
27118
14356
20624
35479
174
48303
23224
35125
16533
41744
33212
37315
37909
24448
21479
21422
13617
15729
45616
16423
40482
39739
2133
48124
26065
12936
4281
34215
41446
1481
27090
34251
33707
39224
2424
22354
48237
29023
46593
13300
26055
42626
48711
7960
49342
43807
2212
32011
38186
45020
26578
5636
41499
38460
11156
5827
38933
4944
19462
21976
29232
38230
42376
31799
45894
41662
6507
7607
14434
36057
27610
111
32466
6214
20759
44373
9212
23600
12756
20256
18245
9478
13853
28697
15739
32140
28306
31978
7610
29918
16285
19455
47250
16196
46553
14178
33275
18220
37894
10792
36722
17663
19128
48426
19646
7376
33638
38192
38702
8425
6933
45567
13384
49326
10864
45401
32764
9327
23422
36373
30864
4440
11934
6584
27255
12010
7300
41732
47913
23664
27638
3207
19401
27368
3650
41913
27078
42019
42268
41222
46691
37841
14879
12402
10080
10945
42498
36846
7302
43018
17762
32820
15064
35595
22382
32921
1995
27091
14157
5534
32123
38942
39654
3919
40225
17033
46021
37492
48742
30672
24603
1492
33514
17655
48991
29941
36287
34621
32530
31371
15293
13971
38561
45865
35068
45577
212
26644
38570
7501
33182
16987
40098
44877
38736
3325
11465
6873
49200
39998
28818
39068
34436
24421
12074
12541
10676
10364
5973
4964
37854
19737
28838
37781
44274
804
44053
43980
33209
447
45198
26224
48624
30008
8484
30802
4075
20067
9788
7115
32548
17719
12724
31970
2851
33926
14740
38632
7217
30558
8424
30647
8215
15711
43134
37580
10915
34631
17744
26773
21989
14815
19153
20428
7682
44057
4890
46400
13114
27867
10589
9518
7965
5804
9808
22533
32505
24184
8583
2517
40428
4489
26093
19938
32365
23696
37393
3941
37021
24328
34450
6949
8968
33351
16505
6057
6249
41925
1913
1528
25438
22183
3939
21698
49445
33756
21742
37302
26178
42202
1255
18804
20821
11424
39704
23718
10130
35546
48165
38861
28790
18550
17831
25472
22563
34784
41509
14222
32796
1275
18046
8299
40833
17881
49834
33037
36412
28404
37811
40374
15124
36728
19970
34516
10297
3281
45526
44809
26206
10654
6694
10206
37090
41837
10797
43272
42049
47296
7641
39513
39520
46536
40681
48518
24796
48156
26145
36887
41500
46383
21158
14684
47259
10336
27083
29173
47016
35308
19539
8252
44295
28781
29021
1648
14083
11733
9099
20854
28613
19340
28972
32544
21108
13233
13182
38210
20823
11046
23380
25616
34850
9349
17004
15310
10018
3908
38031
24677
21657
47280
20755
45372
48786
42921
43961
25642
35500
30577
35064
49573
4799
34658
17609
48177
16923
8822
38762
44301
31704
39251
49410
312
5775
8821
3931
18750
20476
28083
2376
27871
47480
8661
40875
29568
13500
36720
23515
34086
1615
11062
17650
28657
28382
48993
1661
40411
34382
9180
36262
17208
32704
1570
48882
48382
13632
9669
48556
18596
3638
14027
3095
10705
26288
11987
28176
24921
2808
38622
43353
4117
21244
29166
36325
8179
48146
37760
15878
6829
29318
24666
39017
9734
15554
26813
4254
28520
24628
30941
1972
43252
20432
12934
26815
21385
46802
40801
6545
8950
38519
46633
44138
7766
6465
26540
24863
24893
23553
32476
16386
47425
13180
15253
26585
20660
32821
47525
13217
23072
5867
16456
12538
12773
45646
2809
17265
33504
4464
41713
44196
49306
16287
47795
44576
26037
19767
17260
18967
45632
4706
41409
41331
10191
20913
45315
25991
23850
11960
21887
48789
46624
17680
31906
20431
41090
49080
34455
21356
38719
5986
48160
1382
45442
3334
9653
36012
19084
12461
46335
46196
4062
13963
7615
21304
18855
4214
12186
18167
11924
25078
1215
24708
9948
2146
4292
22594
131
45840
15940
37815
36086
20633
47410
48394
1343
18635
48312
27325
24427
27291
1310
25774
32350
26445
13894
500
31030
45691
13424
48734
15744
10506
45069
45672
2877
29461
42460
12451
2634
23693
26758
43560
8963
1464
48527
139
31080
35145
25538
14819
4742
7052
11506
8319
40410
15182
22965
45423
22063
35468
10770
564
11120
16070
25319
37443
1456
47636
40903
16226
28934
39501
44315
21877
2663
21731
33495
19890
25870
36059
12964
32585
23557
20383
35721
13454
14107
26653
2718
34907
16314
11750
42813
44615
35292
45910
3440
39194
36675
37070
12587
28098
37689
37521
30371
37051
5679
23918
49121
32076
37908
28428
39714
15778
8172
3318
6461
8337
11455
32183
32167
25937
41866
34974
43748
38653
4331
4946
3853
44144
19566
10616
23554
34602
9854
3187
2270
21907
41785
49524
42673
46501
23047
22079
11100
27572
16472
42931
39487
4283
6552
27938
23533
44263
48406
13266
49138
22118
4343
2753
9139
13832
114
8631
22256
10258
23448
18364
18303
6124
17522
19901
49854
31231
22640
13427
2813
3174
5166
23838
31485
10805
20218
38351
4914
24825
42932
21449
27170
10977
28955
42595
33822
17864
45250
27729
1224
6897
26001
43914
31139
28341
37782
9921
28936
5900
10856
44895
14847
11711
19255
25156
8126
36372
6974
5044
28659
28504
28016
24265
9455
38734
26989
18357
6755
32883
9969
30241
47033
15239
34008
39153
2567
12659
40804
35856
20692
26750
20479
10460
41198
34782
2602
34820
28037
47493
45591
46512
23825
2120
37750
9082
15079
12649
20909
479
47316
28551
49032
15695
39766
47142
5989
25205
23386
26638
1653
1520
14242
16120
10772
19815
40929
26967
37816
39117
30230
2628
30324
1086
19344
12612
20083
46009
39774
17853
39083
41981
16254
35391
38957
37564
49855
29759
46522
20683
46706
43017
38628
7372
49755
22556
14284
11720
48963
26311
46159
652
36902
46994
17030
1920
37364
34985
17697
14989
42661
43471
42744
42518
22883
4795
23788
35288
26873
6406
13448
41907
3772
42656
2245
33207
3190
36845
9866
28517
36706
48716
2985
944
52
12019
46175
38565
26263
4535
12887
39567
12286
3034
19578
10165
29650
23327
10572
20358
10642
36594
42442
15025
38909
2308
31625
30256
19641
28323
3780
17691
20817
18898
26802
3138
9192
22908
30671
27215
43485
15113
4072
3239
5960
39099
45221
6473
9253
39146
22248
40921
10283
30208
27290
33520
35287
37137
42766
29813
25684
39350
29715
31136
29113
43094
41941
4969
42617
20795
393
8140
47047
15812
48005
37668
39397
42326
6682
16154
24122
25969
13074
36933
49558
15049
11774
1006
24950
39455
49475
40682
4948
31621
9852
20960
14934
12
39617
22270
5098
27093
45913
13923
22124
33956
35426
11202
2018
30132
49353
43314
41658
40734
23658
20341
7182
15240
27713
38020
24355
8324
26045
11735
46652
13077
6587
24839
4248
38036
723
5057
41945
1625
10370
14714
6304
28006
32478
11823
33396
32036
15039
2387
256
32344
34766
14656
35143
13004
44187
23801
4056
28200
14798
37951
43854
15584
11615
36775
48514
13739
4114
11413
10538
39245
12296
34745
91
12973
13562
17400
2708
25677
44868
42091
13405
10694
21300
31787
17755
41458
29320
7843
45452
22893
40393
30164
36508
7118
36130
43405
7953
14285
43896
16405
46761
10729
18209
21135
33200
628
4027
24850
16554
38048
36200
27271
4276
17591
15869
2094
7605
2566
45531
41758
45109
36088
25017
16467
13675
41647
15588
1957
42358
5429
25656
28862
15529
9424
48053
1143
33016
45041
25172
45956
32741
3515
31152
44186
11621
48215
6602
14526
28487
25861
12574
33802
24636
2513
3877
16119
8049
39033
