33848
6757
21238
19836
4888
11070
20207
43505
19023
27148
17040
48379
44035
48834
7063
13805
44842
25522
23711
34879
2868
39144
40963
28951
22752
17182
24782
24856
18927
37385
45810
6386
1194
11495
30388
20951
12488
41301
28381
10940
4394
47293
38755
47452
10232
7304
23120
28524
27734
36180
40330
15834
8249
38838
15345
40893
1621
41900
38002
21970
2404
7248
45846
4079
5408
17653
44001
16951
28768
1422
43503
7199
17501
45725
44311
26082
13430
31829
47070
33903
46622
47198
45508
44681
13318
36525
35313
46038
30367
852
46191
25712
16790
38711
32834
20222
39680
6998
25299
22420
39394
12867
7493
31215
27352
42706
30443
6115
17373
42607
27124
42894
12906
39407
10339
15674
18320
41684
24087
32691
46069
30399
28334
20786
18651
40546
46612
31295
29816
11958
48337
41693
43027
19580
1009
34526
37037
11254
2105
14471
11701
27242
47002
8233
20425
14112
43041
1348
34990
47289
48213
29295
16129
42409
35205
32876
9608
35202
31745
14139
27685
34371
47788
9887
47531
1478
20890
2872
48719
27681
27507
8549
44467
45432
14220
48091
42988
153
3922
33808
249
27600
13397
11584
41061
46904
30353
28134
10683
14086
37263
6799
34352
2547
7862
44394
40975
13219
41399
3927
19083
44026
33906
43693
7717
37506
34422
2800
45484
17721
3259
8027
12358
8235
43215
41574
40895
25665
43064
23770
20051
10628
15194
44330
12875
47328
17225
20804
4906
10456
28353
9625
4262
11068
44381
17559
37471
21067
46033
11398
44642
39483
17369
27490
44241
14444
1355
5431
28022
44172
24982
1307
47256
49933
22530
36404
38159
10660
23334
34240
30258
584
46643
36797
41644
16213
19130
30976
1442
30397
11648
34056
42519
32558
17179
23353
20964
16189
32251
36723
32159
9100
39187
46203
2364
4938
26523
11123
22451
45756
40896
2989
26242
5244
41283
5710
37313
31712
45769
23687
16378
30786
8311
34289
41311
42004
33576
40345
14586
43408
38992
45848
13273
46034
27675
25543
35605
17772
12812
48452
9239
2881
43710
2024
40982
23993
19867
17032
34956
36742
14117
35151
49277
29527
41403
6031
41648
20595
45618
36828
3394
22580
38869
9479
16966
5489
36716
22517
47062
17286
49754
38980
49801
23538
34898
27821
16427
6030
29846
20618
15970
7603
10474
1476
18223
45122
3750
9516
14918
47729
32041
40332
26583
47837
36757
26270
16770
9911
12357
2293
36189
30457
17149
16068
44571
18089
44374
18587
3131
38666
28749
7949
43
29508
12325
20322
35533
16197
42625
4829
24001
12808
33740
22279
41856
27719
21188
37395
3502
33651
17122
19783
25331
20462
5550
30117
1405
15857
40554
35567
18513
34749
40384
41606
33248
22111
38928
27362
41806
4213
47098
48077
45455
45600
39284
9062
30156
21912
19225
9999
15658
14182
8783
17634
32301
34113
7824
25099
12572
45520
18417
5284
16657
19877
8579
15955
20845
4635
47950
19866
42827
22506
46172
19971
46594
14073
31346
10839
10013
25521
28724
3488
993
14333
42934
42987
44402
13891
16737
13083
4808
4759
17826
41141
15935
39382
3079
28087
11726
44338
25146
30233
46564
23083
28368
28327
27986
31511
20983
25948
12631
47856
10455
37749
19076
35413
49795
2099
4438
39389
44217
46357
38226
1774
6540
40209
6414
44228
5200
26894
45353
36288
9717
20012
11795
45670
39271
2793
884
8283
42704
36544
13851
49227
37082
23360
41555
22132
2434
31698
46648
37552
23622
45871
48174
33998
48901
46587
40972
27274
31823
40212
30463
37519
29605
48854
1280
40259
9543
39199
35497
15873
27151
35248
27256
6526
6916
17460
16592
29736
40413
4675
28075
49198
34445
21141
35507
39077
8266
32121
2468
15713
5369
12435
24512
3058
39710
36299
49262
37688
37537
47282
8386
45796
29404
8459
4185
34100
12956
5624
583
19598
32219
5256
33329
7134
37343
9959
121
11526
21561
26416
27197
43066
16123
167
15286
3137
42330
18936
8633
16802
27649
12009
20488
45592
33206
43210
28540
22494
7126
45437
2694
22955
4299
7085
29155
15073
47264
41621
41854
563
7925
6000
1179
38321
33611
19360
35066
140
19324
42119
48886
44042
3101
8872
19865
19511
33054
2125
17991
38550
261
26341
21371
37210
3955
42730
26015
38398
13570
2797
46428
26964
20549
10380
38751
32091
24379
43250
46314
33961
12962
45100
25175
24345
6907
31306
45026
15171
44313
34012
3669
5553
31386
32595
6670
42712
19361
45510
1898
39793
14515
34886
10170
5066
7198
33974
39181
30879
9892
16390
42598
42088
9686
14309
19376
9699
5136
9214
23797
5673
25139
16041
15868
34416
27384
47288
48217
47079
183
2467
11570
47325
37832
20779
23599
32467
17246
48641
36408
34539
15888
30596
18423
31049
48114
38157
5977
24074
45415
38217
13991
24340
34803
48428
15026
27024
14017
42516
27896
49301
4409
27726
47096
48497
27259
24720
23641
32453
16169
47702
22866
37857
26784
20758
35537
36106
34393
33582
9413
14401
3468
10905
8185
37162
14773
19821
27652
33092
32226
30858
45847
47853
42795
23990
10843
43638
20456
44472
41992
21194
241
4580
35752
16879
649
34312
10967
29975
27541
26525
7933
33879
6984
2902
48726
46766
1418
48564
13404
25144
20898
182
46697
36249
45238
14429
45441
49036
17805
38945
38067
47371
6402
4494
4654
22249
6149
14259
36969
22272
6055
20159
42291
29647
2615
38406
45103
36878
42916
49978
41943
15017
47172
24620
37893
44133
24848
3147
21881
6238
44747
30372
17967
20713
26649
28369
11879
24565
40421
13433
30523
27968
45170
1595
28414
29184
38804
49902
9566
24438
5836
7489
33887
2585
10067
29292
42540
20690
29541
29752
7319
38717
21775
17600
46294
48543
9796
15675
49790
44575
17495
43653
47294
48262
22121
34697
26792
48341
9380
38417
46870
45175
46504
19909
27945
7841
5894
23226
12368
13356
17575
25721
17445
29351
22428
31744
42669
13040
1798
46349
30916
31975
9936
49228
39019
39767
35215
36487
32561
46448
27400
1933
36163
778
19347
13000
12409
38354
18475
15427
14952
3952
38222
18727
47351
18252
187
37422
21577
2864
48306
44399
19175
13267
38318
25850
28655
46281
8245
42727
12723
25198
13544
14702
13213
28917
37848
27484
7613
42281
11727
9157
26235
39447
27882
39256
39258
36960
41230
12216
32062
34883
49151
8575
15326
39941
33935
20830
27617
14591
45424
11438
19138
9603
9663
30958
29524
8100
1523
29202
4005
39635
44565
23751
27094
9578
42751
987
49517
33232
21704
32962
35309
47337
18843
25263
35596
19125
33743
15261
43953
30296
35805
24494
41277
11022
24964
10666
11486
32208
36117
28700
29243
16726
33430
21948
13275
39143
9166
32981
406
26243
8932
44095
29317
41365
11337
4194
22680
36514
14738
9912
6150
27527
7736
26395
16036
614
2023
15988
9547
47834
23941
4689
17549
45137
11212
13550
19185
24676
14006
41465
16447
38428
22294
35862
13999
19444
31974
21896
35406
9483
39374
42504
115
13289
46262
8962
30986
30378
16002
23763
21042
33889
48087
47728
15575
12754
37206
37736
40583
31510
15206
28660
45272
25829
23965
10750
27306
9556
1114
26936
42774
31329
19140
46986
33261
41114
8339
15732
42820
17308
35201
7377
10189
36349
25193
32608
17035
43556
5697
49566
16210
34305
36931
8164
45839
31950
42423
2953
35039
13594
30633
28111
32581
32083
17028
26650
19942
12287
21679
28426
31303
28232
35414
929
37910
28712
46113
26450
42325
3424
42337
14169
5202
12818
30909
10422
6045
35901
31342
48345
14235
8481
10292
24264
13439
10896
21984
1896
16242
17964
43267
22886
26771
48509
36647
38429
20743
12653
2119
11519
45873
10649
14587
36617
27706
18354
11209
4597
16010
42038
32560
15931
31328
38839
45049
1450
48914
44860
4323
35600
87
49691
22910
44081
2238
46132
26291
18181
8437
6332
23272
5404
49023
3847
32748
29927
29855
8914
10793
9960
31459
35246
6672
26375
4825
40300
44420
3631
32905
17366
6454
24436
25650
49488
35390
16377
16232
9430
7019
47508
2427
27133
6341
11509
4882
22346
17321
5575
5343
38823
33846
24568
27335
5602
4617
130
49711
38829
6468
15160
42251
5751
22099
40035
14601
14843
33781
36770
23385
16167
9965
25014
46626
43356
29699
12414
36992
27411
33792
17281
32473
21472
46041
49384
5730
44983
40894
46559
12693
5471
1445
22742
35974
46666
3195
8228
15899
39824
23354
46315
12970
31429
19250
1436
18734
45652
9510
27353
47074
31233
13589
4373
6455
16582
21411
38824
36519
20293
21201
31224
6957
5562
45748
41263
21554
19653
30304
28052
37873
5377
45147
41622
10627
2033
30925
37942
14577
27606
27768
15067
9861
22842
4977
21939
1265
43133
25845
22330
47405
20778
20467
20581
25827
39846
46180
2500
38170
34007
10488
32953
30027
40612
37305
5499
34800
39916
10179
29280
32043
12616
18074
29895
42404
37113
23706
13031
43481
33173
44165
43352
7731
46241
4911
8237
29044
11845
29710
43164
19263
16751
317
30700
34456
14154
9464
25676
48021
23842
21897
30127
9507
7511
14863
3193
12214
22292
36631
10952
16318
2660
35384
30842
29688
38076
9434
33836
1416
14318
39242
10167
28215
5802
18189
49570
29929
10600
39170
34041
34212
11264
7179
8471
30440
7928
28395
12998
34468
35124
9365
27102
23869
6097
4859
34556
18842
5419
4949
37636
5583
37609
33681
40263
7391
20569
1759
24837
20765
49393
4439
8022
34950
43747
36065
22356
40510
27928
2498
16753
3262
19301
39961
37042
521
25598
35631
16928
2053
47604
10244
38481
11665
13043
3294
11262
37829
42977
19323
3598
10398
42513
24321
46947
30518
9152
26005
47941
19826
33643
43697
43257
5770
12328
36981
11214
47069
8270
30237
1375
33648
34955
213
10744
34674
24902
2375
19958
10435
39108
13403
9952
16182
2028
6437
37429
24592
17757
506
13918
12885
38634
2897
18868
47939
10640
14119
18337
38196
18965
12949
4801
17207
35417
37727
42246
22204
9635
33298
14593
6016
37074
45155
41234
38560
42007
10818
20119
12940
12571
14772
36893
3643
14634
9263
11191
4118
18085
47128
48447
39943
9144
26984
17956
6355
8478
12627
7002
28990
34238
23821
15660
22697
39655
45973
31914
31884
39772
11382
37080
2875
48284
49122
36964
37336
5123
36911
15751
27216
26987
36678
6255
9736
19105
38450
31579
25260
45201
37140
37751
31709
27586
42301
17356
45080
47382
31165
21351
42449
12075
1232
9570
13709
19941
38809
43936
49420
44927
17326
17919
2625
9520
12997
38128
36075
3053
5306
14132
12729
6763
10119
18324
41686
15423
2928
16705
20502
15898
11794
32566
49540
41224
35487
4731
17112
9908
25305
13848
9119
8025
559
44259
38426
29651
8907
28168
24714
12090
7191
44326
33388
21789
5412
30660
35035
24351
21258
36859
16749
24527
23629
47619
8636
32940
49605
41374
36363
6733
16583
16979
42760
40022
13206
41663
8279
47554
22791
24023
30701
13896
40826
23697
45547
22750
4666
47805
30240
16248
32807
18796
40571
7576
40491
25448
15450
36209
6539
38092
39763
36450
40101
36161
42709
40771
34756
42445
33621
42602
12218
49238
30171
49721
18517
48378
42194
6640
790
3222
12644
34874
25514
8867
34773
42764
41942
38008
31820
29780
3755
18033
24408
44193
28682
36650
14002
38091
1202
34335
45681
23114
15495
3407
19828
33919
13571
24029
18349
32709
37698
24871
45132
20731
21566
25181
5137
13367
3272
40783
38446
5573
49786
4800
22286
38022
42742
40054
36604
264
36888
38269
34535
20648
46875
10816
32925
47899
47243
3573
3793
32916
4080
30798
9865
31241
29674
11208
30623
40432
26703
31761
1472
37309
38440
23979
29296
49909
47961
27854
13496
11258
22438
42844
23411
35726
20540
35481
29197
16935
23496
29836
11260
4485
31958
26874
18956
29785
36024
337
36682
9440
10960
16361
27988
31070
981
32346
34989
21152
35046
6269
36134
26010
24784
10256
14
33327
28519
3829
44175
20442
14965
38296
38497
3107
12701
40652
41595
32659
26346
27954
38999
11300
30477
15107
3010
7700
3489
17061
27361
14875
23284
37739
14851
2417
3077
11053
20654
21013
29431
41748
8423
34646
19223
18153
20857
27441
15786
11080
23244
13362
20616
3723
41962
41657
19012
23154
27999
11527
3048
36951
23217
9839
46977
49852
23891
24579
20546
5430
48920
46693
24654
26186
45678
11597
39914
9600
14960
5069
10263
19135
34692
23685
40192
40727
40224
36975
17160
43376
8106
14519
3291
37449
40484
22281
44963
45288
11951
49644
17172
10248
44644
3075
44961
36973
4417
31444
39196
19829
33140
44039
5267
7335
34729
24713
30569
8948
24145
14451
7137
19331
46124
19882
22975
36843
10914
41835
15838
47679
38399
31229
33785
30609
48895
32260
22790
36274
14870
49509
2369
26090
12102
2448
5018
13583
49427
18617
5129
43688
11459
29347
44825
12407
3358
9385
22617
28916
25900
42887
13034
9306
14547
10609
9825
43962
16067
2820
49344
42926
2474
10675
20231
35262
7513
1208
1283
27089
47111
14152
27921
28179
22730
10484
19056
20518
32243
238
38619
15317
20604
17981
20258
25754
15516
11721
8762
2727
19638
37259
34866
5105
38211
12046
45169
2485
8614
15861
26853
7270
23986
7175
17785
10909
8443
46699
40312
5685
15034
22497
46779
12348
35320
12757
35503
18078
49518
2251
27959
14001
12516
46353
17102
5911
8879
3416
37770
30953
8712
5448
45855
24350
3165
44823
39611
32930
7956
1407
23502
15661
3033
3554
34944
39666
6470
5958
15637
41514
44012
31473
9204
9228
45316
38341
6345
44041
38564
38282
41797
37174
29703
38903
40638
27171
23187
33193
8818
19952
47987
35088
2186
23767
17553
8041
32903
3081
49331
38894
30338
1133
30290
21055
36377
47970
8076
43305
10459
34937
41551
9480
39974
278
19478
42370
21000
25035
2391
33126
29835
19160
123
14563
40109
6296
43611
36457
48164
19033
46909
43581
21609
7022
48474
47881
10193
18014
18792
22924
38024
25747
21009
8111
48803
29189
4843
42321
41034
7017
34014
40940
46497
28931
22247
25646
22873
45273
22726
4674
44524
11454
646
29049
29894
4288
27830
47434
229
48436
3732
17041
48269
22719
2963
5222
22772
11449
37296
11115
48465
2913
2220
44534
44078
40711
47993
12140
3444
39898
43691
16897
21556
5761
41477
18497
33305
20185
11574
21077
47157
27966
48605
40785
48055
15147
38604
45820
34011
38752
26198
45429
40040
10070
24200
6427
13451
27477
45089
34698
20485
4895
31616
18120
8920
41103
3381
20342
18282
49318
17810
45139
11362
15610
6646
8952
13187
8918
38680
36459
40529
28586
19678
35300
42235
9592
31301
41519
29182
39580
11552
27132
31726
16089
44678
45096
47361
16299
45248
40973
3873
40285
20606
26616
954
13869
30997
42991
49392
31041
15814
17994
42375
2164
5676
6027
36312
5693
25678
5705
18772
22366
27496
9581
48712
24640
43773
31732
20209
36244
17972
46690
6435
29073
40647
5453
9773
4249
2386
28824
31796
16567
30494
7857
42342
37005
44243
37551
14986
33053
44406
7218
7273
29129
31504
38982
11430
33852
34386
7408
5181
1264
31752
18628
11296
20194
49491
6629
3576
14644
26793
5723
37052
48449
2352
42879
33854
17885
6859
25231
41984
3930
39935
21274
8511
23359
28419
12169
6257
37253
14808
20827
34385
25831
31187
3175
26808
36608
14533
8969
2328
47498
21773
3944
22600
44705
36437
27934
41356
3742
44804
5875
12988
17869
11497
26589
27036
18259
39628
7798
38278
6669
23287
27364
46891
10742
29763
24270
41724
27897
49623
27802
35852
838
17594
37269
1002
11104
40427
24602
15501
34102
49849
30046
28290
8725
15040
20466
8887
13507
21169
43828
28728
36496
3115
12763
8219
21382
44231
28238
26571
43658
28322
31409
39123
24740
14442
30259
16323
13900
4099
31954
12726
23975
17608
46246
19454
23418
12536
49337
42048
1509
31685
43992
19363
5142
41119
38965
11654
37217
9104
6666
42476
17466
37342
40883
44742
43338
30021
18449
43666
38233
10160
15706
45983
13990
5654
23613
15260
32941
47421
34044
16757
20608
27743
37938
6387
33478
7776
36923
33665
39585
29575
40467
9726
35822
25990
3977
43138
15140
32835
43942
12983
32734
40311
32454
29811
24651
23826
35428
31532
918
46763
3478
7150
17607
5139
13212
48684
12076
40839
41194
48534
24516
31098
32190
28541
13320
49574
38663
13056
36572
48025
19096
6196
29550
25825
43721
20689
23121
38490
31617
16719
29171
10077
18911
44530
7478
44417
46031
16102
5729
4333
29753
30159
19093
45877
35171
18406
10293
45136
37858
27421
33973
19806
45843
17287
26850
5273
37226
2964
24618
19902
17241
38445
29850
31372
21940
18069
21259
19614
36393
25365
14514
41953
49890
13561
31314
40515
48418
26211
9123
37208
7457
35010
4458
422
12285
15901
11882
19662
38220
13274
27840
8498
23305
3467
39372
5609
3632
5438
31024
17832
30725
49965
40066
45837
3196
26099
45702
43792
26720
788
17649
24302
48273
24553
2900
27515
6339
6625
49828
16778
11886
17959
24596
19182
26392
9905
25003
29799
21474
27344
742
5395
7609
46567
39609
11076
39823
25505
41260
25417
727
22215
43616
34529
14649
7504
22621
6079
28366
8331
43190
25405
7548
29270
40305
32600
29636
35017
41768
18751
8157
7251
5511
13978
26236
24889
208
19480
42077
35683
21319
43994
12371
26368
17491
24578
24283
13683
7929
20066
23715
14699
30364
17951
9729
46011
14135
2275
22399
11272
10857
33776
12868
8394
39926
7774
29425
41884
31095
14931
14725
4975
14247
30990
33564
25716
24981
22968
1565
42431
2810
18163
7088
36285
40563
39113
46487
19304
32229
332
44858
23006
17796
24511
10384
47335
7982
35400
24386
6609
21526
27764
25106
8702
6053
44023
35926
3037
4748
5564
10961
6230
41366
10102
28201
32005
26303
4679
4546
39118
18294
21211
17928
9337
47563
39005
7054
47197
1205
4878
26656
2973
35397
13606
13370
508
20579
10519
35404
4221
46245
28020
32856
20162
8530
13826
19131
4855
9498
4048
32391
18954
13781
24763
138
36879
4913
17072
11799
14118
19745
45494
35310
20449
11672
21418
10006
30857
45554
15790
6736
25285
2896
4252
29954
22738
31846
29916
11953
38818
44899
33464
35411
34770
26948
27931
10163
40996
11114
16394
49780
231
13663
32054
39948
30270
23798
22092
26825
44717
7838
47137
15578
3057
43558
16876
26608
49578
38457
47587
44462
39742
20661
26262
20709
36430
5915
39871
5773
30227
49529
33510
13908
34970
38060
45385
11605
17202
30568
8092
47954
25888
32455
49147
47615
41588
17668
33752
26377
28991
35232
49590
24430
32639
24830
23984
35749
37985
243
13540
28478
1244
15548
36072
5784
23186
31904
32998
3181
48212
45787
31804
27030
33260
5309
29466
40777
48180
42857
16957
12903
39317
31446
28375
44452
895
25125
17045
26322
11464
36426
15615
23932
15231
15889
38475
18063
40825
19926
13755
40993
23191
31057
29552
14626
37294
34470
13757
27749
11065
14013
24367
1070
11461
11023
10128
2556
36575
28605
38407
20474
43833
3519
41339
2413
36362
28560
34917
33604
28756
15839
41808
35470
24778
20168
46867
27280
47924
12676
21010
31178
23150
30667
6384
27006
17879
6388
45998
33405
34512
40226
29848
11031
44668
37177
28126
41258
16327
27621
30520
35465
40983
5727
17702
38098
15352
16342
11471
20995
10881
43850
3093
20601
38410
11643
46471
40473
11840
16785
38386
16661
25780
13673
27886
15343
5216
15645
13465
21510
34277
27415
20908
5807
20864
28558
9473
8589
30709
31217
1860
46326
9321
7847
32440
32269
34499
15781
25922
16001
12171
18440
36150
7778
41716
21725
42842
12922
26937
5352
36070
41916
33842
41208
16624
38583
3006
26212
31048
6130
11457
20886
15963
8201
40812
41316
14889
23261
46205
29880
34819
6380
45202
34260
44789
34628
46645
23170
43874
21102
8154
7547
11192
38040
47783
31262
37388
19936
40701
29079
17011
29829
27388
30574
6861
43646
21063
29
14297
7153
12714
25873
15006
31854
10508
23809
8765
10262
6042
43169
45234
14397
15275
48585
34379
5179
49256
10097
39839
42210
41439
36809
21741
6571
33264
49882
42779
1344
13665
17595
14850
3206
11426
19611
11018
16455
12819
23879
2046
9818
28923
32075
21606
30598
43726
41608
25972
38356
1586
40273
37963
41839
6323
26469
33422
25631
43456
35319
32337
7827
11674
18586
30267
34051
17742
8917
47951
44418
22152
47205
46432
25515
38939
41705
48197
7250
1830
36520
43304
43227
12740
44379
49083
39270
44320
49841
9419
36477
45864
17130
30359
48842
38349
34398
6233
6794
45033
49305
9529
19686
25773
5405
7011
15585
44547
44947
1300
23851
16492
25884
43197
7305
13582
13568
34835
2089
42538
24288
8547
48484
17399
37073
11027
8662
19187
39463
33420
38423
40693
49264
2980
25857
15992
47423
49316
16621
43793
48046
30604
14335
46764
3615
21465
36947
4139
40108
46772
15204
27471
23837
38778
16204
39193
35436
3806
36505
36963
7010
18691
18009
22550
14611
32943
7286
46828
45130
35439
30102
21331
4434
24886
43177
39449
6083
574
31269
13684
37329
10430
15576
19481
13843
43779
17203
39847
45118
12530
32730
33679
11286
42121
11765
27159
35792
20906
48671
2697
41032
32428
22113
8604
13402
10352
36205
44257
16384
22379
1403
37926
49214
26501
18588
38324
8406
42610
16638
21460
6607
12993
11315
38849
32810
16266
16111
27489
32766
18135
47411
33280
12365
39427
3727
5518
14683
7936
37881
29339
44977
9512
4365
42559
32104
2867
48762
47345
31134
11822
28674
47992
35732
5156
7814
24111
26842
39346
11171
33768
37101
29462
1490
49020
8512
49725
39021
40036
47894
31242
23822
2958
31792
15647
4260
26527
18767
31381
39132
34507
14839
17247
19213
29681
31671
33459
28463
26794
46207
32541
1939
20345
24624
28235
13862
9266
8597
32131
44441
7049
12331
21667
17507
19852
18678
490
1231
26963
21586
22793
21936
48298
46746
543
23913
930
45833
1699
16345
8704
28059
17108
42472
18373
38456
33233
49282
11442
23113
6011
49014
9971
4344
152
34613
706
28957
27037
38042
30260
21197
8797
22833
16744
15859
30341
27932
44917
24185
30933
41561
8062
48020
35000
18146
25028
37646
12114
2323
22775
4477
25561
41793
48145
47631
203
12770
31184
31866
29421
22780
26119
3254
12339
25674
26434
40836
23564
5720
35282
2723
678
1608
25395
35842
39361
35942
23218
16206
31748
5572
38927
25338
27748
14909
19392
29052
9016
9443
19808
7161
26651
8190
8590
24459
41520
20018
43995
11776
48879
49551
47756
47761
2531
21082
33796
34330
6856
6353
47701
40806
22209
10590
14337
39842
2626
39552
44784
192
13099
35270
37001
28505
42937
38104
23152
4172
5423
9684
27085
8966
95
46125
28130
48350
45578
20559
16575
43912
14218
39624
15197
11274
2848
36576
11874
35800
43111
41104
43472
37744
15979
19149
2283
35511
18815
26386
3607
5278
28684
41523
45378
8995
40008
42961
32817
4265
11785
7496
11239
15981
22206
33141
28422
17818
32767
10908
49010
38367
42383
14709
44233
45173
3308
2520
30471
13612
7878
1027
26508
43241
32130
19962
45043
12916
47858
33311
43212
11883
34754
45777
49901
35820
13322
33795
42537
12755
17794
12482
32403
9719
24894
718
31818
38911
14963
44984
24143
8833
40129
18275
30128
32690
35629
10446
46050
38034
20808
40215
25418
12385
29693
27200
31239
29226
37955
5824
34163
16992
484
34426
25761
9451
7030
11436
21440
28912
1501
17893
1524
26103
44754
20958
37067
576
43101
10026
32793
33535
27360
40392
26269
15088
28877
10933
37481
15004
6201
40499
47396
20900
35719
979
29112
5451
9094
28438
39503
28695
42715
41422
37091
36499
9926
18410
15306
9420
42300
19090
7764
36967
13425
25112
47886
32172
20867
26232
35711
10264
14661
9558
38130
40819
1479
38986
18235
33778
11901
30563
11978
20512
41134
4361
11817
39266
29761
23790
3539
15129
13164
5103
9654
26353
14311
21598
31454
20963
2274
1500
19837
18344
25708
42255
41125
683
8419
15676
37870
30458
47517
46749
28011
16326
49125
1184
49635
9602
46898
22745
11189
28810
163
10520
12558
7678
19794
16660
6537
33614
14888
20164
6792
46153
48453
6561
19773
44205
3452
43765
37065
26660
32067
14892
27884
12551
22816
13926
18369
3655
49633
6565
44266
45399
49905
37324
21226
44684
27319
1895
19238
36054
46989
35166
46055
35329
22488
28812
18307
20939
9299
12042
47680
23247
48223
37817
26971
13387
34637
873
45581
48255
21895
45647
34739
47600
13133
35594
8958
18861
13996
5184
30351
44020
16416
5310
45425
5899
39312
46755
14493
33689
25455
4883
36587
12415
8563
45981
43751
19802
3957
21901
35409
49380
6709
12570
15708
5265
22214
29335
8884
11218
14857
24175
44103
8258
9194
389
23568
9683
23161
11993
1085
43399
5228
40333
49765
17515
9647
42336
36853
21729
29884
48816
20966
1732
12703
49324
37932
38149
7111
33498
17446
42746
13478
21544
8731
26577
35909
24455
39641
35543
42339
29308
32779
30547
5391
48011
931
3561
6358
10192
9565
16474
39758
47664
40849
30133
25962
6348
15726
13063
14179
48678
27163
37685
41219
6493
32573
17658
3350
49145
49844
16516
37286
7370
9013
16130
34188
23681
7758
32340
18534
1211
12854
29193
32117
27870
46181
13964
4736
25217
33247
22748
34220
14741
16138
25663
38979
4499
17574
7674
8156
10449
35866
7459
38255
3305
45791
44046
45348
9334
41735
24709
15215
36193
31711
39024
36120
43846
20902
34013
32086
24545
45328
7162
24631
30356
22458
4261
46629
31525
20789
39830
26575
17367
47460
44170
25559
30983
5659
48172
10109
14042
42114
13917
12152
3486
15153
21012
29631
10725
47678
15179
43371
26420
45199
44270
8365
26862
11448
4240
22516
22231
1633
30886
4743
8792
8381
6947
22785
8876
41572
22821
36460
45252
1246
5245
33340
36591
44734
21766
22374
14983
1
12799
26491
28606
42643
49747
47342
47867
48316
49575
3958
15946
30202
43853
20919
16084
47358
18846
36250
37359
41539
26038
39833
32252
26668
15945
12954
27655
38148
14428
29272
2442
15951
607
45995
19005
6287
47006
32797
45092
41590
18212
16188
12025
37488
17583
35114
1413
3035
40762
19513
13178
32114
47812
14085
21457
3198
49568
29982
577
18657
11374
20848
21379
17943
44351
45807
20058
14602
43158
15394
48416
36635
22526
4581
15341
810
32787
46302
19733
31263
15420
23516
4315
31521
5381
49948
4074
267
2419
40882
35795
4869
27147
32276
23198
15698
32676
22237
37705
38360
18613
16692
41280
36418
26064
40620
40446
42550
448
7544
18267
12311
34768
19378
26463
8961
47481
49431
29496
44994
6284
16413
38936
30223
31418
40026
35508
24477
24920
38681
24686
15008
47090
2629
5289
30951
21168
28753
23893
17343
17230
28094
47390
3729
37701
42682
30898
4734
44581
38518
414
3675
22916
5475
10877
39442
3837
44883
42524
29277
19744
10898
19855
41891
37347
3160
12023
1678
47120
45970
30264
297
32135
49174
28100
37328
42838
33731
26694
40550
48422
27630
19937
24182
23950
20824
26109
11082
6605
22156
11487
37129
25332
36436
27251
45331
20927
43465
48063
45546
22891
3642
47252
10145
37461
1438
9532
7043
22988
40750
30393
30075
28748
30718
26048
7363
441
30422
26344
2091
34201
45338
2338
8607
6623
31541
16701
13867
1477
44234
15416
44127
26383
46492
19457
44261
29593
47092
21216
43677
45233
20029
1142
15422
39351
27002
41235
41882
41131
33936
6781
11414
48094
29678
28559
13238
4383
8125
4462
18857
18111
35410
42769
47570
47524
30813
46266
49229
6645
24932
15409
43819
26477
45636
49189
17095
36121
6844
41976
35722
18176
40416
24535
22128
37497
9491
44753
49919
23395
31441
12195
2185
6095
25503
26702
4061
30961
45009
23511
19193
26763
42372
43119
28919
29921
40752
29943
31626
11925
19461
8422
17604
24307
22259
26396
44651
46596
17238
41107
46572
43029
17063
28734
49455
10921
40642
19357
6422
33025
46941
9834
25321
17875
827
39102
40870
49136
28360
20385
20630
43531
12929
44298
23692
25116
13890
48939
3337
12745
26137
41315
49327
3361
12953
2622
11250
24829
42204
26507
9829
31127
40847
33073
44964
17193
28999
5388
7474
33328
44533
31021
48321
17196
8340
43028
10972
11887
10988
10607
39822
20046
14196
17442
49477
2339
19755
21714
17053
46127
42691
14589
27005
35185
40449
43642
45594
19148
7440
21537
9323
19982
35931
16996
32859
32508
17404
28453
1001
12279
49534
3950
14237
6643
35223
41175
39908
11079
47781
7387
48650
48414
19120
19661
17430
29805
15717
10895
17737
10749
1505
48759
42097
4253
25251
26835
36625
19985
8070
27599
18495
47526
40398
1254
47424
43082
18897
19133
27165
40876
7213
36432
23449
33941
12753
3092
43435
1534
6524
48278
31705
49872
1810
30342
3629
26645
36800
21143
29990
37477
21243
5598
15023
38285
28592
18621
44439
8566
48331
49663
49391
10063
17976
18644
11836
30322
3367
31383
17514
35161
17636
11311
32794
48739
23682
42711
10726
41003
10129
25718
49372
36558
43062
46233
15217
3471
20422
21562
21186
22042
49359
28941
37925
13046
5031
2188
29400
47370
18358
19711
34837
18924
11275
46103
34836
30859
36021
35135
11610
36429
12498
44864
34774
18191
43183
492
25183
7675
40547
41740
46676
5951
19612
25983
8618
24667
36154
45117
32055
47429
9046
4076
10359
33506
12668
46742
32534
43005
17880
27728
12473
23438
19027
13263
3378
28750
23684
34269
7235
35877
45979
41486
48940
17888
38841
37268
33560
681
49941
40013
30870
15316
38225
11313
5275
49474
34624
3830
39306
25398
43433
31666
38970
27573
44850
46710
41671
12267
12132
32182
17842
8167
3056
20775
46566
2100
34984
20917
6419
19811
23709
23100
41818
39053
26992
33361
15595
24282
3813
2326
39280
5698
26942
19559
31375
15498
17299
36582
18789
27645
31738
36985
46381
47826
46184
3087
26664
37675
37581
24515
28216
5008
5161
11771
26681
47244
38686
17173
13650
8650
30093
48043
36957
36164
33132
47268
30830
2542
36521
48743
45187
38369
43770
3671
37644
19336
46267
42972
34735
11183
24167
8905
12038
49750
43258
18244
4822
8047
15565
4560
227
47855
31593
17598
46657
16090
8881
43192
33104
39420
28904
36395
13966
34015
40790
39721
12060
44593
3029
43332
27865
31803
42313
38517
49547
33012
5805
9030
40296
30055
13296
16564
49092
3820
47034
7796
21340
5016
2158
2667
29001
23902
22894
16487
4322
8736
8632
44990
22877
44038
1728
1713
27686
31855
17678
34411
21153
26970
19345
28066
18934
24032
24912
17531
1532
41767
31108
27218
35339
33701
39134
7833
40210
44163
13291
19088
36014
43766
8586
8710
19683
956
26334
32149
29158
38131
30152
1155
16600
23710
23630
13116
14705
5009
34856
18666
12955
1766
14959
10358
9695
27032
31534
15804
24517
21799
41527
12274
43034
22274
17195
34714
28091
25604
39025
4577
10276
1178
29728
47847
24452
12520
26438
41694
35358
403
11030
17334
11093
8865
26927
35138
4760
4144
20247
6926
11762
15687
18602
42548
15127
39563
34880
19341
9864
24134
44201
22138
36382
38629
22890
37877
40403
42172
39086
29238
6318
40716
9096
20855
9297
36563
14529
45524
14302
46412
4794
32099
10073
22630
4933
19152
21718
14175
5850
42063
34573
32564
15457
32072
34003
12503
6677
40837
16994
47134
41923
49076
28764
42828
721
16619
28080
48794
35660
7785
21043
16593
9019
14287
31680
35955
38865
41188
2165
9501
42214
21473
7044
28981
12932
25408
17200
27146
44814
41544
42231
2000
11276
38684
16465
9444
25965
18945
48887
38411
20108
16325
16905
25021
40009
8688
21832
20884
688
8513
29949
25822
1588
13916
28617
10300
5803
11796
3182
1567
27647
37920
9137
28017
35523
26860
48315
29196
34068
32666
32323
20620
22097
38090
92
42062
2222
35040
12022
35681
18461
2871
30268
9165
1966
22674
40743
42596
31175
45334
49499
35818
42464
18311
30160
5750
12720
33930
38867
2218
6495
45000
21048
8218
9890
5398
49415
34700
43431
31865
2423
6713
41174
2889
2534
43538
42670
40168
14120
3601
40184
1870
32538
3609
21672
34366
48668
36615
16835
12947
37716
18238
8939
18125
10379
27874
27567
17297
3172
23139
28470
12477
23875
43466
15230
43196
25368
6780
41178
23531
12373
42052
28646
32044
36023
33839
2849
19922
41401
8811
15437
1831
17647
42443
12251
38955
9937
21488
47468
6616
39861
2273
29996
4183
6182
18899
18917
29472
18661
16613
43378
20719
9958
7320
878
38292
42525
792
18631
4049
2162
43254
2592
22392
11210
42714
33338
48083
34373
24231
39858
38943
49626
29491
20436
45022
15091
22831
24278
9459
28533
28685
22089
43522
27786
2791
22839
33640
39030
33786
44745
35890
5658
46853
24171
32082
33739
20550
25355
37895
42318
45321
392
38315
15881
23539
1412
39278
25789
46717
36293
29190
10645
42293
38105
49047
23881
20693
28297
18154
27775
11186
25209
6782
16825
40258
3730
24752
28329
7529
5364
45014
42033
30882
25271
8095
46276
28885
42388
49543
27247
48013
3920
39506
38115
24163
15063
28828
2682
8808
29161
43506
34707
37072
13142
23343
8287
25102
31603
26632
23865
40422
29209
22623
27309
40603
37643
11141
4634
11786
45822
28005
32625
45932
6716
8630
31628
2939
48620
14549
24503
40960
27235
8398
25115
17365
9331
626
10617
35532
32806
34838
22136
20940
25841
14491
43476
14600
29950
24739
40030
21858
10498
30621
46614
3974
18395
17802
20061
9598
8539
43929
35987
34263
9017
45746
22396
22157
49253
13339
34733
37582
13455
7927
33851
2726
49934
45010
40252
11279
49857
18038
15299
6237
11445
19766
15120
41155
38270
23620
47665
33070
43059
220
4147
46719
46285
9246
3300
19150
24157
1239
8733
30327
22722
18514
44327
34502
39076
29667
37027
30380
15628
10329
15213
43930
39494
29352
42941
15069
11169
11145
20260
39564
4646
20115
30437
34520
29668
28160
2007
3256
49004
3705
180
27648
35791
48184
13450
23392
17461
22202
4872
37743
8124
39950
13666
6292
28548
14387
38141
9007
7435
26147
822
31477
35102
21287
17407
28312
11818
48433
22003
32838
45984
1924
25603
15459
46287
27948
16015
30441
10727
7109
2545
2432
33492
6073
36919
32166
14490
24349
9457
30432
20975
29609
4224
34654
45359
36959
45463
7214
15964
8253
45686
2383
9846
28894
29004
3987
38990
1079
20691
1364
19327
4298
40580
339
17447
46727
15086
14578
40754
31770
14662
23905
8431
39773
39576
34861
35448
47655
34181
12457
39728
15753
21880
13260
30232
20974
26282
15152
45627
14538
42435
10266
42786
45563
5949
14856
26052
47669
14192
36492
974
7588
23189
19691
22858
18971
49587
16062
47807
972
49885
45803
19246
5767
35060
43620
40304
2638
23731
45410
3049
22263
9200
31037
43432
19231
6505
6990
18295
12254
29311
18452
38820
25162
43970
30068
44598
29220
12496
8371
46718
5362
14827
20316
27697
32877
16545
33010
17708
31907
6208
10859
39533
12299
44299
26318
29507
43358
14137
26502
23368
26176
10453
46378
45909
6536
31743
22363
15996
33403
33816
14482
44974
34891
32747
34765
26195
5711
49829
26995
37624
7418
976
25292
25564
15779
44999
48241
7815
42493
23739
21046
10424
31536
42912
3411
24706
11057
7930
11105
1944
33413
46089
5669
47745
14570
2961
47117
20558
32246
25779
27018
10228
19574
17795
41872
31420
14922
49676
11661
7840
41298
48105
30283
24597
6381
8069
15225
35610
39584
44121
33894
23088
49536
10372
31493
41771
43570
21898
6686
33951
24043
2092
28623
33968
29883
7276
12205
22486
2929
24549
46964
402
40012
35454
41898
16742
18655
38011
304
37071
18142
48845
45635
29284
49381
12392
18367
17272
34301
6329
15272
34209
20248
49895
23738
10313
35817
2926
27632
34231
13967
12876
38124
9689
34725
4958
45625
41979
13285
25960
12108
5954
30427
21868
22005
16616
18968
27923
13244
17416
31979
45142
7894
2171
44425
48829
12528
4663
35729
21438
43054
32983
9055
41787
5134
34185
48226
31304
1387
345
1495
36091
7236
33255
32682
32095
47343
2631
25808
6418
18253
16544
36708
21891
46957
2715
44151
11514
33144
11330
43367
49802
26158
38221
10757
10012
42403
3277
7077
25179
44493
4476
30940
24214
17348
3808
1384
28680
3212
37796
9803
21958
46514
16975
17274
45464
6035
27348
13068
23125
43900
16410
23143
7931
11694
15681
17882
8034
42176
36431
36847
72
37199
37921
44751
9894
40301
14229
44582
45166
4672
37169
25961
47921
31569
3692
941
1357
14393
14223
44569
20959
46946
14437
27727
45317
40604
20575
5643
32617
16048
8469
2659
19032
36867
39029
35555
24682
49117
21222
37765
16678
5027
44091
41634
46659
44938
47490
39398
37763
32180
13253
22394
15847
45570
19358
30790
25471
34179
6797
4443
10760
15801
24491
25711
35115
658
2700
25444
36856
36008
41610
7123
13948
44397
35638
21904
7473
19226
11942
40162
12099
36452
8851
31647
5790
19281
34548
4403
19531
6657
48052
25010
29349
2009
33079
38710
39470
40886
5385
33265
39801
43140
27349
33830
33512
47472
1704
26167
27715
17760
10679
4179
12345
11723
14262
30182
21919
28443
18821
8074
19609
25981
47492
1521
22940
7652
14756
41851
27472
30805
8037
34287
14369
31130
6295
19759
32429
25316
5879
3556
37058
41873
39373
46634
39358
6610
874
39354
26903
3800
11609
7160
34582
21403
13476
16725
7307
8462
28633
8730
35671
28416
2032
6152
17338
5557
6159
22980
28358
30115
44909
10142
2193
39462
20165
17597
13740
21478
25258
27701
29152
33929
31880
28038
48196
2649
13343
25772
28621
25739
35174
25946
27577
33540
32373
21447
21654
15478
47810
4304
11245
19069
40229
47158
33782
40262
10072
28464
37517
15135
36326
28236
42560
47309
10985
43823
42219
49768
14488
27509
31936
18070
49419
9468
48130
27293
21260
35289
38694
26447
22144
29947
40298
42918
266
23450
14267
21862
40065
35480
42731
46651
47981
3777
27842
39228
37367
15596
29739
36766
45188
3734
22381
16906
16058
11824
1737
40629
29574
1750
29180
460
7779
29660
48024
17217
9240
33750
40687
5198
43426
42010
9762
33337
47861
30716
28755
37152
12559
34915
29047
34136
37372
27730
37283
25012
48648
44334
34483
29314
7969
44672
32746
11995
7802
34826
40534
40024
31552
12596
18572
6514
39800
272
36416
44937
29090
42145
6037
25129
24284
27836
46516
19207
15494
6451
36080
17905
6282
25750
28357
20868
35538
37707
45384
3065
19665
35867
21257
10868
24704
5192
3178
10939
14486
27414
29319
2460
35517
16365
13717
1414
7204
35306
33586
17057
15747
46854
14970
30628
12968
27096
49820
7685
35859
7574
48380
18425
46821
20791
21021
44268
14213
42910
19081
30593
1512
31086
33426
18457
565
41089
5028
3850
44482
20609
40019
35239
12824
14789
37620
13103
31524
27754
38995
9591
40577
8216
48833
17019
40383
49395
46927
28751
4511
1457
22287
39309
21064
43656
34405
20929
26428
12639
34283
560
31786
43422
28683
3356
49230
37000
39133
610
41344
29959
11757
26183
47914
18134
13888
45411
25342
11268
47073
19274
46963
23551
5199
27160
49257
28137
529
40342
42224
4729
2904
26898
24802
45067
18485
45498
41618
37785
35882
23643
38083
29797
22327
22470
40702
12014
37198
6007
36335
25611
35085
16643
1833
12153
45857
13793
4274
27213
37574
28610
11906
38771
1816
29204
36674
26126
12135
8314
29392
34321
33235
19987
47692
176
45929
48000
35009
11670
36439
19689
30713
17303
24892
10973
35220
19843
37075
45754
41982
22868
27705
41867
23108
6270
33189
32550
12626
16373
43527
31851
41192
32879
16656
11005
48999
46297
4121
3940
46981
8445
4366
44764
38900
8656
1889
3688
43650
35692
33460
25430
24
17049
42732
12004
4837
1062
4543
34250
8096
7388
17386
47426
42640
11034
36671
45527
7902
3753
46784
27269
27416
13471
34293
3436
41359
14786
9643
8748
28652
47646
8782
18232
15047
46433
15128
14254
12634
16565
1304
38523
9437
35897
9077
42899
3980
15283
6764
21846
21599
7797
22843
14984
25440
7886
6144
27065
15939
36019
15827
16243
3372
46413
14590
9022
23746
37680
46259
26051
4544
32191
45832
32731
35547
18833
11687
23509
38657
34380
20310
17774
1909
18969
45453
1767
25429
10007
12417
41373
9733
24156
32327
36156
24066
49034
7849
26713
45798
6766
20498
37953
42053
28703
1951
10875
24967
11077
9015
41404
20828
15597
4193
39677
22365
6865
6362
42384
754
14579
15761
28086
1850
46951
21020
19100
32599
35667
19115
12544
16760
10613
16920
2801
22007
27908
10783
26587
24294
6343
3665
43723
35141
29401
33067
33713
4693
3571
21576
30193
37188
43982
35453
49422
29904
11662
41132
16007
28278
30545
5735
47225
37134
30788
14161
2228
18237
29242
21122
29540
11967
26123
42710
19040
25647
17637
5887
22108
41210
29618
10541
14534
27121
25978
17454
8930
38181
35736
21706
4765
22819
19127
36344
8874
40663
30245
8643
26306
39566
28332
44157
22322
33724
915
404
47543
42343
43000
9344
39755
20123
46990
32176
10815
10016
32297
20711
4585
34119
20323
30097
19460
38528
41518
41579
26917
31209
23137
23481
21212
1399
22634
23832
47605
15505
42462
49461
48264
36480
1389
43867
26776
39186
20441
18983
39670
44693
32450
33798
42913
35676
16083
36331
25466
10883
28774
12468
23631
46592
29591
28293
28900
49394
43024
25009
7722
37676
31442
42141
4197
30637
48461
49456
9880
32420
30386
1606
22502
2396
20132
24042
47393
21103
277
32263
45752
27275
44305
48502
45571
48997
16021
17192
33151
44853
11066
16075
45617
31069
1015
35930
35900
10936
34050
31611
45919
32081
42823
18329
45011
253
25091
9895
12787
18974
17410
32939
8757
6793
29724
27407
16006
19874
34023
21092
897
4735
5370
12499
45770
14845
18480
7541
17998
35564
10738
5940
29830
1290
28634
6472
39810
42180
29944
11859
40170
38023
27087
40686
5966
2382
40988
46076
43932
32865
2519
9117
24794
40915
24054
37297
20210
29690
48791
42605
26781
15237
38449
40640
42181
20509
36523
49625
1628
34786
35779
29796
45309
634
32557
9427
1294
2108
14615
33023
37106
34093
18614
5694
11792
36561
2910
24242
11319
13127
13522
25535
23753
6003
20899
30051
45456
6303
24009
2832
29289
40089
45064
1270
7003
39340
20251
10562
48754
34762
44267
13942
36223
36114
17397
11271
5918
11568
24271
9488
303
25397
15824
28161
2737
21173
24080
49196
20063
27464
25995
23223
18368
23944
34639
40231
38904
44359
40450
9648
38097
8404
49478
19468
1934
31475
24978
5290
28833
12829
12762
31991
20937
991
2113
29821
34035
47844
8759
49042
39238
32362
43648
6826
36218
5484
6138
5522
936
45708
24738
25295
4351
29379
19827
47768
42469
28994
34818
9534
14736
32603
35895
22216
25553
47590
2970
30350
7789
12518
13052
10415
39148
2514
18822
4767
35181
31218
32132
40586
18757
3744
4921
33869
37038
37793
40877
23642
18309
16271
17714
43470
16645
263
45307
43750
42286
24747
47251
11401
35802
14872
12874
26635
48299
12654
44609
43825
45908
7337
40776
35188
35422
26580
10255
28198
19342
45206
36140
28303
24817
14681
47676
33877
29981
2303
33391
22528
40480
9807
16693
41135
34273
40698
3422
32357
38750
18930
29937
47144
2342
12061
29888
47152
49777
32290
2329
40948
9555
8137
20186
27345
3704
7398
41460
22020
3346
28573
4295
27766
10463
41154
5606
6849
6927
45261
39167
19183
32002
22864
28932
39690
44916
4195
39456
9849
25108
27981
34816
24473
1279
39695
26814
15709
24435
48533
7695
45626
2489
19316
38923
15733
48070
31140
9645
20464
28897
8313
44294
26716
23102
21550
41343
22098
8841
44008
5418
29407
43198
11299
14502
3784
10123
36468
45773
8453
49617
45393
38527
24418
16595
112
48784
32972
48779
49821
26034
7297
40706
34332
25229
29389
2931
11377
25415
12858
49858
1827
20832
28317
24780
35342
29105
13521
34153
284
7756
27814
27128
32222
39777
31467
29183
7181
44600
5022
43214
32680
5165
27301
504
24717
17654
35553
44874
26726
4455
16085
48277
39550
16065
41529
11336
38574
8103
46319
5432
25578
15110
21685
43862
19675
41733
25619
46771
41357
23337
20723
14194
10355
29922
22467
34633
45802
18918
40343
11933
34218
7896
45304
15490
4598
5667
48818
3088
21856
40631
28425
20096
30924
33757
8209
10837
13901
19315
23096
18229
78
33108
4545
32518
1701
48608
49513
13222
7047
3963
36231
48015
43098
17352
5496
21125
34829
36099
25840
36986
22678
11890
18957
19051
20788
1132
20636
10743
21162
24444
48353
11789
45950
34488
20133
43220
9752
47848
9990
28726
10326
32463
23030
20916
4802
12330
9122
18374
150
30956
46975
4967
5917
41476
38063
14062
17786
18712
39482
46260
45841
3410
43415
37271
35727
49008
23659
46807
42907
9753
10880
37424
22557
12899
4054
36531
47315
40214
38739
5752
48878
6078
9802
31560
43504
33348
35230
26633
9841
8097
45555
16016
46683
2703
30963
29988
32163
42244
32992
15295
49969
46786
4805
39558
29845
20429
15702
24707
19062
14268
2916
18770
31840
17698
482
16658
39378
46900
18155
9650
19983
2259
28977
40595
45924
10716
46907
363
37594
31266
17312
6338
34941
33218
11577
36032
21330
20641
24960
28915
24771
18204
36710
4052
39588
28967
49300
10010
3751
31800
25221
19367
45055
15105
34175
5220
49263
27317
21444
41351
49651
4039
27777
10667
31407
18615
8454
8666
4055
2648
49389
38453
27195
31849
36701
14327
37485
26519
33075
6194
42930
18509
2395
28153
29414
10531
11629
11903
23584
20766
31703
39145
31462
31899
4311
20978
24217
23099
21
38061
20069
15977
33833
43641
29099
29019
32021
21113
44432
5884
6136
35783
23283
38071
13493
15966
37919
41168
28032
30321
7997
49280
20666
36279
6914
46863
20797
29036
18600
1131
5781
31545
36001
12979
16418
47575
23996
36328
22448
25814
45688
43800
6751
36390
15252
18626
17436
38876
23129
6033
5185
36829
12334
49850
3104
24700
42139
37590
4993
20424
19722
21913
18865
39803
46070
48427
45515
1089
34438
22725
12110
32543
26035
30453
22093
48934
36490
49351
3811
3857
19142
5415
31122
47386
46639
32818
7612
34872
37158
34963
31027
46486
4719
43200
7303
10938
37233
37905
28648
33447
40137
29971
29730
39639
25478
9274
6679
22731
20659
19329
23795
16063
41901
27920
20302
25820
43070
1862
12228
41876
38612
49055
9313
22297
9159
4337
37863
20787
6691
15327
49068
24575
15021
35908
40289
42816
24384
18823
27248
27833
4463
17205
45023
26877
32908
42345
19728
29258
37759
44735
21759
29111
49776
12535
4375
37837
26592
30199
8401
21461
7202
10930
32592
16481
15572
34849
25802
40755
14811
43342
8282
35893
40936
3507
24129
24005
1660
8152
44616
13150
25929
16218
24805
15773
16498
14530
17741
46532
39060
40350
10198
31575
29380
21156
49997
15046
39075
38004
42020
8378
30673
8102
22140
24952
28834
42101
19660
44280
18745
40918
16882
195
24209
2110
47519
18486
35160
44007
27644
5479
39868
15547
31196
20149
611
7984
32977
43232
36300
3019
11675
42292
30550
18058
11285
6739
5644
1554
46810
14332
47808
29946
16698
29402
6720
14921
18910
29871
7120
19459
25934
9621
15487
5655
40659
6273
49607
8271
19503
45623
29120
21468
31334
16777
36937
4235
28192
24033
21322
28040
46640
4730
37970
28143
22120
19234
27575
8806
43322
32641
13202
49061
8801
15473
34503
15433
41516
16952
39241
3807
27949
18844
37135
17716
37706
25399
27339
6510
42923
44559
28918
21344
35206
31765
2745
4382
8880
6447
5167
46436
18260
33485
26373
4551
8716
44283
14060
41678
15775
9386
3145
34229
24583
17509
3644
31763
45768
20781
38665
20734
12948
26356
9778
47746
7830
45395
1983
6474
25177
47612
39240
4980
23376
44818
44370
33355
40105
23033
6855
10849
34925
13110
40731
24208
20529
25450
34822
23178
18356
222
47367
41319
9020
47322
44618
8687
48373
44242
4662
901
19362
7180
25719
31072
22068
45114
23478
41353
9883
34757
3756
35327
9622
26674
16968
5012
8838
6478
17083
23358
39877
33347
17305
40526
31216
6450
43377
43670
19001
33309
36779
32187
41416
29999
26958
27011
42332
17568
42023
9721
21160
9519
7724
30454
48655
30033
45776
35091
15126
49124
22659
13972
20350
40610
3625
11180
9981
36792
15870
35211
39827
6884
7938
5487
44159
31924
21579
23477
934
7244
22759
22033
36045
30703
42619
24505
43600
19742
30675
17258
13255
15303
3076
3023
4877
31797
4608
37918
43760
11719
40406
42287
46337
46173
8971
40655
23309
45394
32048
16347
42847
20016
19334
47828
48696
31503
10437
41060
1763
20468
48074
42269
19103
37180
42588
1996
39936
6344
46515
517
36127
16728
19328
17155
16960
25018
5864
31898
3827
25069
30255
44557
47320
29269
14608
6776
25903
17750
16289
23866
47317
7344
44588
27377
31482
1945
26194
34139
5556
38938
33528
42999
21994
44692
21207
48274
27092
31742
27292
1374
36566
37161
46859
432
3646
21462
21090
17992
45472
3408
34565
12084
12471
42920
6516
20460
21341
1956
5145
13366
33406
36943
2756
17389
24833
12059
36391
7325
48343
34228
48230
23871
2473
46992
12179
27653
28677
20597
41560
25781
21929
17457
21767
21814
2475
45301
24245
1049
15131
35735
49211
17629
39052
9381
3194
48327
27342
33033
48454
40708
25902
9097
17791
30065
40591
5895
23276
42788
26669
27084
3503
40873
30612
30837
42006
34559
49201
44595
16494
33884
29437
34904
28384
37515
21794
34570
31836
19782
16212
45674
18519
22155
46345
8760
6966
43311
43815
42905
15347
41459
28159
40564
37998
26826
40658
32678
11237
49424
23930
8195
45419
40643
24724
2988
30806
39498
26615
25625
37334
48691
40517
6663
10699
10310
34504
22440
43429
22562
6490
3916
29245
29768
49916
37083
21890
17294
11600
22030
21114
40295
40120
7666
26161
1776
48631
49374
22496
47595
13844
10696
16704
37473
43037
46517
12436
46846
29346
47446
46022
38520
21565
40206
46007
31411
44436
18881
3250
45661
30728
35049
21972
17283
47811
41545
2992
32474
5650
28099
7092
48207
26620
28418
3117
9004
35668
20461
29467
27633
10369
12686
10537
36745
46333
10536
11620
15329
30096
43100
19610
13642
6555
5863
18177
11129
31023
346
1650
37559
36136
12708
22936
15388
4956
41676
10100
25889
30900
21623
2995
14574
20548
12257
32228
33585
27552
395
29581
18961
43355
44724
5772
41402
34806
24534
6560
34808
31435
36122
16973
28710
44844
34192
21630
1753
47363
14399
45083
24550
24449
12375
39621
17301
24873
1856
46542
8213
17803
23175
13560
507
43573
31123
46698
8776
36664
49
44210
45991
21391
25470
44802
16444
18736
27944
46176
20091
45700
5080
8960
26911
3752
7477
1260
15519
34760
32168
43644
43916
8863
1597
27456
19212
13873
48531
7850
825
46166
28814
29053
47344
11986
17612
21001
22906
8921
40648
9243
9620
41859
39719
28330
32572
17008
36642
41997
18795
21874
647
35871
12382
28129
37794
27109
47014
42570
17012
7446
24693
11045
36013
6900
25736
41158
33119
36863
37993
17828
30764
47509
29356
38277
17021
33457
18681
30467
606
38053
17487
22383
44240
49897
25344
1908
15331
33159
16519
45383
2231
18721
49577
31791
45911
19453
44354
1988
8769
33392
44426
14914
4433
40381
35424
44696
37167
23815
18958
26761
27744
12071
13584
28689
27536
44511
29874
46680
4135
41369
41944
42502
12946
45037
39040
14489
39775
11961
16521
854
20129
9081
25056
3540
32051
17846
40267
44908
14721
4102
36540
34668
8525
39006
40337
25593
22029
42561
644
4891
36030
47025
45457
18818
41151
4339
8655
48819
35531
23315
37017
23800
17322
46618
5907
41383
41890
14967
32035
31009
10850
31967
22689
14167
42076
32849
28029
8148
43265
45427
29612
17043
11126
226
46237
15523
9090
31087
3668
20801
31753
44277
37833
21788
14748
20483
6072
24039
45767
20225
24664
28645
9423
16223
18794
29565
32728
24671
27853
48440
3351
6789
14849
25654
49398
5554
18117
48642
33609
45759
16459
38209
16921
1210
5595
10618
13372
35369
30744
45974
20732
36343
6430
7636
24450
12015
4449
42169
14123
6533
9693
21710
45381
45236
27020
14768
28602
39057
26337
15528
40135
21166
39905
42485
44577
24559
40062
25502
35688
20757
25249
36361
48311
21463
27234
26017
3833
30706
18973
4893
8634
9049
10281
5480
28298
21178
22151
10457
42789
34959
44204
31378
15163
41308
8193
49363
15314
40423
9039
30082
41761
45993
18922
20949
29793
30043
44585
6658
12780
49677
5834
48508
23071
38974
28072
9399
34255
33632
32569
45444
39952
472
26134
24446
4100
39474
43201
25887
40737
35613
30648
41904
37416
48824
19600
26128
46420
7855
26940
26547
3241
3398
40615
17127
40627
41830
24944
27328
23694
44907
35179
43333
47663
9146
14659
40185
42993
40538
14390
18350
6817
9388
43924
26816
12138
29628
14032
49213
20811
25481
48288
45819
39268
26067
47036
31222
907
30896
25844
39410
21094
31934
18159
21985
39911
12369
12781
11433
23245
31464
43526
8450
5507
29683
43784
43125
38864
20739
14045
45550
24212
11091
15134
41251
32267
37064
5634
37810
17135
18361
36025
41980
42729
7751
31487
38279
49184
40656
13517
47536
7741
4519
48042
26461
2257
18756
3596
49647
49998
25107
29619
16135
37718
23721
20846
21692
10574
44302
39782
842
37764
48305
19303
23486
36870
46988
31564
37730
202
4619
27478
24257
40128
23649
20477
9604
17189
8461
32945
6991
23781
38640
22090
42138
15823
10577
20172
7651
23945
41570
27
47496
470
8954
24599
17789
8627
36611
33591
45712
40616
32026
9411
25068
27872
26969
7255
41139
21551
24741
42892
7413
7889
46948
42127
6080
744
7961
24999
9763
26759
22728
5010
9377
8366
33515
48069
30891
25667
31192
18045
37803
6064
35036
19173
9276
13330
26642
30982
13459
40047
17293
2490
4211
32457
36613
36689
22578
17388
85
18021
30465
1946
22904
45944
2886
8474
28085
7705
3476
42576
37225
43608
42984
15639
44476
22169
3794
27039
6316
30106
15947
37702
39322
29590
5718
47854
990
23580
38403
8605
32892
7007
17550
23151
34187
38167
20851
33176
6024
24269
5365
9088
23440
31604
49009
5797
27186
11356
12657
48233
39081
44219
15975
5138
40725
33292
45901
2830
18718
12082
28469
3792
17666
6948
37795
11546
47572
8555
9279
23185
39715
26613
26362
22632
42776
31776
47703
28388
2445
36384
35554
48400
11184
48075
44840
38477
28120
8132
34233
31883
29979
35828
25312
25868
34828
5995
26202
12290
29477
29801
1835
397
17
20031
27969
35603
26421
24031
14037
9235
9490
35903
48551
48084
1664
32952
41266
25933
44676
46107
30151
33223
34217
21038
1361
37409
3815
35574
13887
30071
48283
6445
15826
533
34304
48092
19428
36759
40584
49695
3054
12126
14814
40351
11686
36892
42473
49409
24053
19818
29584
12801
44544
27967
36687
46744
44213
35733
31927
46562
22201
2340
547
6444
49749
48475
39648
27547
33393
41055
47065
39878
17023
46726
9688
44348
28338
43112
47802
9642
113
49935
3253
22732
26717
38364
31609
2852
37262
12738
1245
5248
21017
5998
33763
47650
16363
26417
18434
31902
31864
26722
33381
29892
10099
29002
37844
4659
16776
40448
11888
10994
46686
44164
11512
49589
29572
16925
19637
15232
33088
2151
1459
39307
22716
22081
6833
9311
38345
13335
2298
11468
41709
2862
10595
4752
40733
42064
37376
38580
30449
48039
20229
38515
27125
27413
39962
39733
20994
34987
27958
27590
7729
5104
39779
23882
31457
7368
45440
5286
40696
20986
44009
1978
21394
38743
25151
30023
32278
39740
15255
1148
37223
34839
46006
28974
15586
28658
39844
48776
29298
7453
33995
15043
1151
21404
22084
21155
17979
3126
9391
14994
19989
39160
18036
9816
5661
18371
5896
16259
12340
23666
15511
40623
36755
21796
46736
35573
45430
14121
39804
25797
43674
11406
1046
26685
33035
24616
10267
44813
42338
47109
16773
23436
15359
5876
32729
5622
15574
42068
44549
8353
36433
11056
23972
15165
47897
24990
46309
9216
49376
43262
40358
45673
35192
14447
17761
15191
9673
31103
22377
5552
34099
1218
17480
31416
6819
38538
28392
13892
21245
14933
15958
5527
33996
10932
22483
29358
5945
47246
17638
18333
27308
12497
10594
27716
14430
38718
15611
41614
44058
10042
46929
5818
18524
6838
11193
5060
21809
45469
8869
33281
2557
33523
3915
42309
20223
19292
32740
41278
6839
6894
49572
16856
40568
19731
45171
29494
24672
5357
29755
20230
7189
3997
46449
45733
27264
41769
25235
23591
23391
31151
22220
3150
9183
43718
39920
29125
12374
22787
27531
17370
12229
12362
12062
47513
20379
7567
48357
41737
24083
4088
41739
30125
20450
27618
31322
427
9195
18116
22727
18791
1709
8473
17918
24135
26333
43934
44453
27753
35087
24353
22166
16881
37553
1994
3764
18183
40044
37946
45051
10465
8608
23695
15659
29439
36814
13186
19862
32358
47218
38631
37694
13704
7828
16599
31254
10777
6727
23011
2469
46161
10294
26924
42895
16448
6347
17055
19649
34485
9995
7095
4435
31250
19991
13209
49944
35034
20580
18864
28009
46716
18066
3288
49183
12088
1877
46539
5047
10311
26187
12156
7598
15150
18310
21224
20326
5912
4370
43109
29505
39657
23304
47879
21749
38142
45204
3557
23732
22844
7835
19381
45477
34259
8763
7448
30408
29221
28452
44216
6760
39953
24774
6995
37107
16252
23663
34048
9206
38106
48117
36097
44502
48616
40666
49444
16962
7211
44875
3026
6122
843
31402
9135
31815
47763
18427
12609
42333
307
49724
32733
23874
34370
48189
1790
45738
14076
39425
37584
34755
34345
3862
3775
37272
2855
20921
33230
21170
36029
30552
5646
15058
26315
13033
17599
48732
12192
49699
47957
49745
47116
10740
43390
29097
49302
15104
23504
22424
34640
8751
14655
23055
45923
18929
25573
8354
20968
7326
4596
46914
23508
6189
1117
20802
47175
15754
532
32059
3162
18198
16806
12632
39363
36869
36737
3064
47284
12959
8883
28221
41996
38723
3286
40912
19123
42791
19220
24866
39982
9780
18270
36210
17770
6908
3289
9107
34924
32663
25120
45860
8456
6847
24202
44494
22702
33362
2536
11112
9889
45268
14806
33263
4229
48988
26570
38926
4379
2129
19568
45867
45351
23929
34518
15133
11452
31867
9255
37968
40667
8708
39248
46134
731
47585
9378
34724
1301
28926
10308
49006
45152
14900
26993
24998
10045
49141
45925
9051
49370
5662
10925
6519
13539
43530
11175
27327
15856
1435
25662
30429
6360
19048
15914
23222
31146
17401
44062
38925
22519
22815
16101
39927
16040
27936
15234
37804
23458
43123
15705
30332
43668
15603
25101
24810
25442
38756
33487
3173
37316
38747
19294
26388
13258
21270
9161
16045
2249
21289
15624
15185
2952
15543
34245
22344
46044
24475
23958
36668
9000
20289
4811
49421
43195
38654
18536
8372
7680
36810
14816
32707
18250
15123
9042
4241
11634
30529
21246
14453
29312
16815
44885
12847
48430
21446
12813
25675
24211
38617
7964
47779
42845
4448
37327
43725
49480
8671
17773
46705
45345
48925
6486
21785
20985
16215
11841
14654
1980
19655
6608
31004
24000
1752
43350
1616
24061
43577
10207
22334
46066
39171
28139
21728
24533
36686
537
49358
16432
44489
28370
43933
49580
40566
29282
31026
27595
7970
48319
22784
23901
2147
11089
8642
18809
6968
47417
37109
22040
45451
40144
8722
21506
49761
6310
39116
30824
47624
25530
29896
3779
37007
49293
14382
4934
13566
12379
29443
15617
27848
39479
49947
47009
20263
14969
13751
16060
40891
1281
3713
13968
26926
12933
22583
11369
39067
43762
28831
31088
2142
20727
13694
32199
4879
25878
47441
38164
34342
11244
45150
44622
33093
14981
37414
22236
15930
11324
46273
35754
16822
3154
38566
40366
2865
19876
2381
26787
41361
33810
3284
21986
46068
8664
43073
49830
14066
37423
2196
28588
9112
1733
48026
31737
38533
12712
45386
39921
9542
42803
15273
26105
23978
41955
25810
45575
17759
8996
24679
41333
26200
35628
294
3492
3923
25103
48057
25254
49483
42962
38748
19118
817
12361
19835
37562
29643
49733
24980
13615
47983
46865
5762
4013
39583
2501
38765
26708
23144
46520
49717
30993
6448
40765
13125
45422
20033
20325
21676
1075
38935
9633
13344
31895
28735
33880
36529
7566
33949
9842
41580
44718
46796
10454
30076
33837
33912
44029
9868
14291
49452
26676
4521
3485
38547
14296
3861
43967
9065
11501
45896
25591
19289
35373
2632
36898
18645
1604
45197
18372
9656
3863
43406
30872
13733
48155
14141
25038
35940
48722
4625
43878
7759
28042
45977
3135
9346
2296
13304
4534
8663
17148
10788
33922
12790
49738
2144
960
7470
46429
2156
2692
12688
25122
47829
27278
47724
995
24742
4222
1330
31472
37499
43635
13649
37368
2277
32805
46499
20024
23365
8649
22670
48397
21061
2899
29447
32312
4038
29792
35144
7617
37320
30571
32506
5325
16865
11291
46628
34025
19543
29623
13852
42566
42829
30906
31141
6180
5500
43899
7918
3534
40964
39993
32389
20130
2183
41481
29597
47504
32540
32449
18342
49813
37434
34781
49793
10706
11437
42531
5444
17965
11556
22369
40869
1822
47061
34498
37389
39681
41646
13364
37995
3667
32751
41902
46868
43493
26149
7848
47476
44925
32425
18923
8436
4649
11334
23748
41240
10381
44371
22762
20806
28545
4065
42450
43090
38660
8483
34314
37245
13591
6232
24632
42394
27103
48259
4633
1228
37622
42721
41375
47734
42483
28026
5090
9067
21998
4728
37606
23840
2097
20143
27074
13730
24735
2414
20668
872
8528
4460
38532
1386
48395
9822
21073
7681
7195
28608
25394
30638
1941
10842
49649
1697
30085
18707
30814
18019
38588
8329
815
27117
20496
49861
2187
21993
20478
49949
19474
1736
42700
36571
15052
22749
22086
26014
16272
3319
31772
47262
5576
38616
36601
22280
2783
21649
6718
23329
40058
49985
17158
41853
41531
35819
30699
8799
28945
11266
7028
9484
41412
44382
41013
2324
44657
18507
34968
8724
5075
44949
11419
5458
22639
36148
32493
32910
45008
6681
17161
30947
20695
30551
35892
188
22830
3306
17126
43557
5748
4359
1191
20318
8210
12292
13791
39480
48368
14992
17895
20952
20045
27433
46901
42198
24370
6219
17402
6922
35811
32345
9500
11425
41442
12766
3217
12063
42465
13979
37339
30762
14433
5963
6167
49254
3518
32814
8376
7409
16792
45003
42414
10862
18532
13849
8380
15631
15248
3273
33204
10011
9418
28543
46518
25114
4524
5946
11033
22701
13778
7966
25202
12012
33055
9489
2507
8564
41711
16632
48033
30439
9557
16808
6753
34790
31933
47902
7519
35044
20869
13829
20520
25557
46277
2729
31210
25192
45270
34458
48847
28349
39971
21571
38987
14320
37024
6012
25109
19934
37891
34466
41195
8552
7417
2409
27803
18391
6491
7888
26870
46406
40228
42227
49910
1010
2313
34135
19166
26544
3349
25218
28601
19498
15808
47777
39418
34423
39008
39883
14672
33688
47106
39856
17933
30554
5970
10150
43893
35891
28196
9220
31265
3041
41959
1712
14367
32717
21398
1061
28661
365
4569
13250
29817
13287
26404
26343
38248
38240
9739
11020
10146
47015
511
43940
10651
24395
26144
36692
1140
36616
7640
29095
31252
48554
27296
49643
18648
3698
7659
48483
17884
1137
18378
31068
42763
3981
37054
6128
21052
35253
25932
42530
4338
43742
22901
17229
25207
240
39541
47413
29873
20470
29498
15742
30047
37623
47086
791
16711
14226
43284
26372
36590
1204
6469
43263
11904
16222
49349
42366
37864
5786
12401
18993
16940
14481
13812
3578
31298
47183
4587
20773
8680
21146
26922
44794
1380
786
27486
42218
19905
49118
12041
27123
35662
13185
2269
5470
8202
27751
49877
43619
41710
11842
38274
12157
39931
47634
4558
36498
47123
32008
41099
48153
14344
27196
21540
24153
11990
38846
1795
27114
24232
47206
38117
21588
41989
20554
27548
10652
37265
9843
47635
25238
45213
3623
3121
28983
31202
40438
5107
43121
30111
29482
46780
40664
10376
37879
17123
17344
21359
32545
21401
13327
12161
28964
41554
3392
5927
47261
49762
14205
23266
21755
16604
20883
17558
48238
8122
14485
1388
6858
41511
32525
48890
22049
23400
37627
26607
1212
34708
43827
10854
42128
30143
2505
1054
12177
46206
8153
13215
1434
25482
16190
11059
13230
6650
40064
40729
44905
28911
41838
25233
1321
9257
5111
39528
21687
36649
30166
47125
18401
22460
24800
20313
42629
15796
22618
7875
47832
32895
35739
16051
14583
405
46146
27045
214
37234
17048
25048
3464
20930
5414
17403
33878
39768
33674
27027
22817
38625
46047
29594
49787
32904
44733
2439
42200
36913
46943
9549
30863
29625
29218
11352
13921
37205
18717
20027
2152
29150
31750
5903
2239
41332
467
1993
11259
49658
21534
23548
25178
1227
34459
3009
37230
9275
7060
431
7683
1190
48590
9756
16443
28667
44497
26569
5842
45244
18909
31612
18105
23388
1214
34716
43216
29140
22493
33790
2279
2016
6678
32996
40941
38000
49479
30957
19030
44517
7872
19113
25431
48807
6434
20265
45140
15402
34166
6784
37913
1200
13668
49973
13183
33439
43972
5683
320
22763
20625
15606
3315
1107
20155
33237
29567
9078
31822
38402
49966
14834
7531
35325
8222
26115
4047
29017
15119
488
9393
37596
6254
9086
37660
22967
11255
47101
36366
27385
27558
44237
9907
19155
36497
49654
3889
47831
11439
35836
33254
17159
45795
19406
25818
35599
34888
18547
3155
35924
15772
35868
21051
32743
49674
25240
15515
42880
42697
15398
10569
37179
37634
28410
35014
16039
46658
11133
56
33107
27203
11502
41186
7512
25412
47784
17175
4988
34038
41790
11683
46473
12633
27850
713
24790
27303
43152
26278
49309
13546
36547
14588
21955
49338
4066
35550
29700
39665
14848
7492
8816
25054
37165
43374
7910
4367
30778
7874
31379
43948
47510
32852
41635
6400
46822
40016
4112
1865
29093
364
14050
32579
45164
13603
20102
3271
22235
29610
10049
21140
10544
36354
23174
42125
22269
10320
29181
34384
13946
26640
41049
33771
16931
9626
9923
33461
45887
22378
23566
36323
45715
25488
49284
15513
20686
42655
27257
11659
2341
22312
12284
2767
25939
21716
24169
410
900
15641
46138
48864
47085
27963
26436
15643
42552
19875
31257
17472
49436
48893
18688
9525
16640
43615
23116
49404
37835
30242
24213
30019
13434
1081
798
21992
16126
27443
46
8468
38381
37511
26832
19712
21810
47537
1311
25925
15506
37453
9783
26292
15174
36351
17058
30677
48902
9467
28679
8788
31591
4814
18937
5590
31343
1744
21040
15509
30654
36790
12926
11073
45126
32520
12585
30683
34947
29169
45185
13042
20221
36990
17899
47581
49576
5305
34998
12605
23134
6410
25801
32647
10034
22636
6142
13811
16107
20135
43235
4820
18075
43702
18782
35584
41495
7914
11939
40878
8256
7104
739
32240
28714
1671
18263
16607
33959
15218
13171
3287
8556
48652
38493
11402
27933
210
49785
17314
20897
2217
26233
10684
5386
19521
15366
38576
28767
23545
39329
45958
8342
8775
42812
21196
15532
4469
28943
4506
19553
31885
47321
25942
29229
11000
18774
18304
3506
31650
43756
861
19997
23802
2807
8390
33168
47971
35563
5270
17431
45598
18610
46597
7877
11926
37470
37929
11024
41661
15161
43394
8225
37677
27984
37097
9751
43841
30191
29749
27227
25722
32620
35016
42928
11344
25649
32366
42399
15235
19237
4707
8118
42692
5631
37522
38557
3559
46661
32464
2064
18193
33024
25730
31047
9175
15564
10923
31607
7704
8957
28421
18589
48292
26221
35183
29228
42863
14304
27211
2640
11233
6911
22651
28556
27393
28665
8051
42978
45607
22570
8065
21836
28048
29580
39296
2211
22691
46687
1063
48906
8787
34890
26514
15418
43132
42228
31716
21453
39298
33056
5249
33855
40543
17025
14771
41129
4445
14949
14760
25446
39640
16264
34469
16408
21229
1333
15991
22240
38145
27712
42151
29135
49231
9136
36092
6133
33319
29492
198
36398
34198
19451
46003
31686
40243
4530
43242
8435
48081
2891
33815
18976
25787
10582
9236
36375
36942
9453
37203
2798
13113
29210
35363
2357
2266
9450
17896
32601
15322
2532
41177
12200
14906
6635
38284
19848
39525
29675
1008
37096
9909
4770
29789
19761
28482
16438
18860
3683
32521
1792
28231
16292
11606
47608
33928
43643
9142
27637
47989
21528
45519
40314
26320
40396
46446
44708
42132
7702
2358
34173
2425
2244
9145
83
10175
30793
39137
41229
34286
49107
34052
9005
26557
16926
35960
1053
40414
42794
23856
285
29265
29641
10814
749
34095
43729
1206
20112
27935
20533
27787
3000
27310
31394
47778
35780
33146
35082
36632
30702
16528
44966
746
21029
23313
20815
49995
39413
23081
18501
36407
38334
33975
8112
27708
22178
42263
47785
18172
37390
8054
26753
22885
49159
38806
15728
3797
16032
40397
15818
43202
39023
9302
41753
23397
8010
42452
24797
39328
22613
27113
12466
39726
42806
40766
24139
48941
39403
39671
28583
6613
46289
49739
24131
31474
28509
27582
17394
27788
24842
22032
15825
20525
41128
31488
15916
34154
14395
24645
26430
17010
4275
1686
6308
6842
47018
39581
32435
1516
43007
40809
24480
34291
30680
38584
27597
42106
44335
15175
16949
5462
35589
28070
39272
8784
41938
5032
48945
2587
31890
28584
2882
7424
38568
42956
22180
6748
46590
27473
5204
38507
27282
6674
38375
28050
32178
27711
47893
28213
44973
13112
14043
36419
33575
46303
45986
950
49471
390
13331
25788
15333
7014
16452
45228
3582
18554
18077
10078
17131
12467
5891
46304
44173
26558
18004
33682
37015
23820
46252
32723
5517
31658
38251
46263
31099
31892
10758
5151
16127
3396
24953
38190
17406
8071
33118
14217
30500
5779
44275
40152
23213
2312
18526
28326
3149
37166
48983
42919
17259
24543
35216
7686
10588
44040
37703
4789
6543
3814
2907
38510
31028
46195
2405
43894
5052
37148
29569
35520
17722
40522
13646
6336
4360
45323
6756
8363
19037
7664
47955
4777
15208
29629
19216
5990
32726
37890
11074
41559
30772
18642
36765
22474
36768
33360
48800
14544
18201
19219
29942
34534
29383
33831
37534
31645
4033
45697
17845
12643
49571
34408
10779
6941
13449
34833
44089
13132
3143
40542
48270
26072
33019
38118
33080
2206
17034
30460
46505
46306
32287
10592
22320
25034
44558
11530
5852
35938
22736
28222
33243
46225
26062
39771
310
1851
29478
19482
1668
16159
4867
2380
45467
43790
33871
21683
24045
34296
44683
32364
48724
42149
40447
2300
12971
41070
5502
27067
578
49845
17715
20893
20357
49879
10214
45240
35956
34069
16485
42773
42664
23646
17133
33695
40712
24751
26549
13593
41341
38914
19810
8151
40868
11236
26654
35849
36912
40820
14407
28740
36864
45285
25795
36619
25024
20762
22523
47412
1775
41255
36624
2004
43424
35923
20662
18468
13838
17937
39288
21924
2837
2124
42826
39592
41310
7514
45408
23953
5893
24308
35011
38502
40906
44199
9628
33639
615
33190
29419
18563
11159
32499
44661
48369
19663
28821
2863
19024
33322
46490
12130
8855
34876
31715
25926
23667
34320
18730
22804
49095
29246
18169
10327
41819
18418
12624
26749
19215
5279
45461
41326
2690
42728
40493
5304
23494
19194
15707
16018
10798
38112
9371
19372
9250
44834
46240
12250
12202
31859
10516
466
8238
35493
29964
22707
36105
20694
25672
43181
49964
47529
2443
38001
38803
1530
11619
44496
32735
13707
37011
28023
9728
35835
32057
18413
13175
3186
42871
9227
42389
5387
1306
20567
23976
48835
4437
40607
13787
46777
25174
36238
1183
22393
38079
8015
32770
36597
38915
23931
4427
1269
3379
15911
7602
1547
15003
42723
34712
32533
22875
27911
47616
5713
32421
40573
46653
19957
44323
32706
24887
46376
257
12332
37797
35847
1696
24937
8668
35773
5262
48323
28093
42992
25588
48674
47766
44143
1099
4600
23982
12592
39265
36741
4941
45718
47915
33147
25484
13407
2805
5766
38014
29539
22574
43147
25945
47544
12975
45107
20876
28340
2606
16864
16026
43984
30345
32242
16461
34971
1402
35208
42222
21220
4745
24685
2844
20126
7350
43625
37419
28163
18597
46979
3846
21529
5461
26693
11962
40898
2620
20510
38408
17616
47674
32790
40090
20355
5993
25284
5317
48576
17710
13510
8234
35506
1901
10476
12312
38499
32272
33259
7988
45485
18273
17618
33476
17295
6373
43162
32143
41844
13481
4391
5247
25033
47660
29687
12555
38241
7836
44911
19667
11533
3969
28527
18711
24078
14010
22847
43551
25317
36567
40497
12524
37943
40613
34576
25723
35438
48856
38340
10560
42606
18504
19777
15242
43359
15109
13718
7148
24643
11561
20079
34501
14404
6466
43876
43851
25286
33864
31963
7230
14005
38252
16870
29109
37048
48577
24027
13389
4690
26332
14417
42047
42492
2331
35132
9893
15060
31364
39709
7716
33858
18895
23701
31415
12397
12782
46798
31697
22870
47193
11635
32119
29160
25262
46877
40625
33824
29737
14841
17381
3089
35678
30282
40316
33287
33978
6562
47083
36857
20189
36033
8540
39097
1603
18780
36952
33387
3001
12319
2226
38880
40986
8360
8858
1376
48098
5975
45727
7670
15906
7029
26028
16896
22012
31909
42258
1072
609
49317
21545
27525
38388
27182
39573
33353
8146
5215
25388
34824
5921
31201
5251
45828
49760
6305
19819
23845
25467
46382
42622
46815
8355
21841
30300
40286
11008
16037
27687
30914
40471
6321
10916
5854
31489
49537
27877
30251
26298
41781
8726
25886
33191
47792
22109
9296
23754
22860
30445
1875
22587
15752
45065
31465
37231
5539
29831
49594
17621
23318
24013
24391
21508
35829
34610
28716
44863
27770
32800
1930
46620
47238
23749
25769
43069
36620
35265
20134
48950
19627
46028
36866
12030
18144
13417
33257
38544
29931
11640
30107
38700
830
34560
11572
3177
41668
5610
22538
31169
12399
1112
33320
8717
17317
44594
19202
45459
14233
35777
18386
5814
47735
39882
13211
28081
38960
6483
40574
19383
34617
3532
45953
30383
39956
28272
32394
13277
20174
20070
38275
44147
31193
1947
23594
4857
46077
8430
27409
5844
35362
17327
25141
1465
37768
45392
3747
21167
33509
24125
44669
32472
22544
45827
7351
39423
27267
41741
34703
26890
3303
22527
49192
31596
8315
9589
44343
18619
39000
35261
15440
21251
49408
34127
14980
48477
28387
30966
22969
48885
19805
1170
35689
43239
11866
38256
536
8610
5542
25524
24020
23817
14884
29702
14763
14733
29348
23513
20122
3699
22421
21695
2316
43386
11394
37984
40376
27485
28125
1400
589
49892
1013
12567
32175
621
44542
11755
41865
34441
25419
23018
28045
8976
26381
27206
18670
24786
15411
49668
43416
13635
46831
18935
18241
21320
45608
37884
25880
44419
10270
24390
45216
38365
49328
34776
7357
29436
20677
41831
42444
48078
293
40987
676
45168
39720
29976
22397
11353
7795
29604
34939
19907
44177
17300
25261
37104
7266
26543
6634
21049
36410
26528
43335
20587
24508
3758
49007
15024
46842
8770
22375
39619
33546
16914
47890
45826
17767
8043
12771
43946
669
15296
27461
24160
13144
28766
12058
3855
20796
2280
40662
31837
21843
23216
3159
16651
34268
16608
14146
33471
41494
41905
41297
31562
26276
36506
16895
6898
14865
4540
45886
46204
48609
16165
12860
14277
13241
46781
37928
49271
32512
49225
15959
45046
43370
43203
12777
6417
26769
8894
46996
10404
13498
33669
18769
27373
21448
45242
10956
19309
9508
18845
12337
19402
18891
6569
33598
36891
21074
31302
46934
1115
44407
14347
16976
45295
39
18632
1646
10104
6006
23207
6369
4881
12087
26878
36103
12750
6579
37264
16789
15009
24178
3791
22535
7900
31101
4565
37160
2379
35275
20202
5013
9066
43622
47334
6730
41677
24227
25507
5877
49501
27520
21596
18873
4492
29024
23200
24337
13935
44793
23109
30874
42998
18219
23110
2109
37279
11479
33359
963
35587
20455
12711
36570
26414
14251
48361
46498
9876
5397
44580
25766
9511
37337
1840
29930
32535
23228
32349
14354
4297
35354
32872
41699
24580
25518
25848
34710
3283
28676
29657
41824
46030
37427
32244
35238
35512
44815
37865
15938
23742
47485
14183
40997
2149
11831
47956
2571
28430
46684
9472
29315
48358
25968
13054
7342
37145
21335
12351
39724
26336
37600
26735
18716
24531
48880
6415
39743
32612
16121
41542
24725
22213
29786
49249
8178
16588
44065
6743
15928
23383
16023
45731
41065
23773
22298
29071
1094
45644
27985
28495
4563
14537
4376
2933
42025
8180
21219
37130
23590
40375
38203
23906
5593
38379
34663
28627
38504
21665
2806
41852
49307
28887
48513
5504
32524
8038
19979
48916
23248
11480
40115
44972
39886
49171
19778
13613
32833
27824
29237
6409
36747
5174
32963
39468
42694
8941
7908
34665
32667
3852
24465
32338
38590
39345
35932
12395
8091
30534
45131
47685
21282
16687
19452
28881
9169
21512
21301
32773
13079
37266
43010
45215
36955
13637
17861
27696
49199
29746
10183
35247
11421
31618
18420
32071
32497
41414
20314
45193
1961
41350
13347
48424
47283
935
38377
43582
17817
48571
47155
25057
6772
22087
41291
6714
10711
28886
28532
29061
48090
45753
35312
11230
29905
344
4994
33971
20147
21349
31691
10891
47704
4614
3412
36629
6559
48016
41498
14450
14445
24808
31773
37189
43694
39101
23512
33064
21492
32578
25204
29146
14996
16035
14142
5407
10593
18729
46437
37370
20611
10091
20365
27534
146
11699
22412
3581
25587
11580
10162
6206
45284
33596
41497
8611
8683
44195
44833
3961
6103
2946
32314
12103
48352
40100
5860
23750
41145
9475
28952
19426
21622
42012
1858
5823
43915
29326
10368
8652
38656
41064
10301
36793
43088
28484
25464
17677
12873
2181
13958
41706
6475
35345
28788
24536
25504
28776
14079
34125
20120
11583
49313
16958
22265
44993
46882
47591
21105
28769
14957
27406
5758
9815
36826
24721
16354
23859
22976
30776
8715
33619
26574
41641
35199
12774
5704
31984
29012
4171
44767
12545
17960
43679
14303
17289
28053
28779
15054
45654
6432
12965
39337
26673
40807
19097
20634
27143
24409
49675
32063
18056
21724
16422
17870
22595
32504
24136
40097
12742
21228
36367
39225
19429
11078
26827
4997
30580
4149
14423
12210
34834
34844
42487
17462
4515
21003
12908
35941
25710
5817
21805
8173
22712
28692
37322
39027
27900
41649
21770
42322
23510
31994
40949
32188
29485
35995
11397
48307
16828
43430
32584
4493
932
6920
49549
25741
43266
39811
4797
33590
22518
20409
7117
43270
34462
2604
3823
19887
32196
46193
12744
32987
33805
23389
28809
19515
41906
21358
4418
49402
37746
33411
10769
20177
45243
14459
17100
29177
45891
20657
43219
41016
11103
42849
23716
30922
16267
9403
44021
729
2079
39748
37945
46427
35625
3533
43499
12176
20932
30962
4350
1729
24630
18647
43529
34184
7298
39291
16681
148
20524
23579
14521
17347
4230
34887
27960
6170
34028
24113
8246
30476
44501
22417
6277
43789
34841
29865
26535
41927
5491
1365
5728
26783
27805
35684
926
31586
40772
18704
1581
32763
30539
21249
22385
8911
20988
49827
16990
7528
42927
44282
26234
15007
7338
30929
39334
11875
48599
26840
7001
28146
20362
27671
26249
5320
46873
19953
14622
34158
49972
28686
3960
27893
25575
30885
28723
14742
23159
18746
19101
48972
44485
32148
14414
34797
37439
41788
38599
40901
26467
143
45120
7404
6416
38044
15822
47822
45655
22060
5241
6806
3587
45073
18573
4451
30590
15259
28961
19943
9396
9462
49774
7732
31470
19584
44548
36726
6401
15969
8606
28041
30173
47623
2350
43122
28758
41386
44416
22713
288
28797
21614
15155
6804
45639
30435
37019
18884
7016
34574
24363
7537
22994
17511
1590
27112
23725
34657
333
45497
19928
36906
23349
26881
8138
18471
35899
10235
29689
37008
18269
9384
48553
17752
26581
6243
22023
32648
12144
31722
27964
6200
14665
4740
13314
11754
5264
859
24600
29227
29179
1857
29367
26163
12554
38052
42687
4817
6311
13728
24067
47022
28254
23465
30603
23789
11490
2614
17168
45027
20603
23210
779
9382
7105
5135
2418
35033
3327
41102
14977
36442
25407
7627
45476
42280
18086
7884
20745
10324
32781
22638
47099
31733
29059
21894
48340
40548
47131
35393
11144
45052
23914
32878
48874
44225
2199
37402
35880
33794
29386
24088
12472
34905
14735
33006
16934
27476
33984
45196
34517
42056
33058
32483
24261
27418
4637
14518
40355
3674
10220
26204
780
1964
12159
42427
39607
16307
23747
38491
18011
33
49584
11773
14944
21227
44384
15943
44589
29885
4939
13508
47603
32568
3975
184
45405
24532
14343
19697
47610
6915
17185
27340
16569
47796
2437
15642
42960
45781
19272
6912
31522
23651
8433
2769
25149
48943
35186
22185
43501
6056
12354
44013
5463
9855
2496
3501
1905
39234
20680
9265
2261
48761
35766
43091
13909
29132
12515
19217
21779
25247
9070
31102
48228
41329
37093
26217
41110
22794
6862
10558
28212
46053
17097
46864
46554
23285
20973
22522
13316
13487
40599
1011
39884
17269
31280
11339
16132
4695
15784
40958
14214
25729
27773
22477
13523
47188
19832
7290
49163
6925
35981
8500
25424
3645
43061
37258
44445
34074
16647
7656
9083
21355
3098
29231
45680
14582
5002
20411
12160
2428
5799
34533
8750
47104
30684
311
25967
28476
47713
29903
5312
20309
12327
25382
49634
4992
11878
5465
19413
49079
6371
6009
28869
48221
35535
5347
46748
29876
6851
16819
37112
44244
11682
44779
32333
26949
39045
16961
43717
40907
26839
45739
18106
7842
36910
22154
38065
10535
7595
25105
7891
23868
5110
13111
11551
15664
47980
24025
18916
43199
42379
18595
33051
3063
21383
1359
9934
13651
16470
48817
33211
3171
22435
16964
33363
49108
23184
38563
23640
39699
25892
35498
44653
49886
17623
32854
8414
14153
5293
553
6268
24694
14938
49868
21517
6845
45280
35810
7400
41447
40978
5061
2974
4704
14874
10004
42192
37973
20144
384
2764
3214
33315
4031
32897
11113
864
41349
35372
36862
46574
48293
13002
7554
44107
4037
14468
5086
3840
18972
23621
41226
27289
3015
849
31075
10567
3697
49158
29040
27725
28668
18347
30346
44002
47541
49740
22387
14331
11294
8316
5849
21581
22608
38041
38018
14565
40437
17240
48872
17077
20445
34595
37278
13670
18705
7934
35870
17777
37009
25599
43814
11917
26470
48199
46997
31396
28405
44757
31605
20308
46757
9806
13298
42859
33098
46109
29412
10625
30669
33734
6034
25734
10322
32401
25764
41075
21747
33690
13768
43425
10025
49086
21070
42752
19933
40802
38996
29978
40116
5221
10746
31125
22492
5375
8465
16473
3995
27739
14941
23734
16028
9268
49742
8029
11444
11170
25013
26956
47717
3258
28732
49591
15980
35519
29354
2179
2887
21266
18182
32705
21405
37255
26979
25606
46140
35693
14103
28552
26762
14682
20724
9860
45258
30361
22386
21298
23686
36043
29085
2548
9716
45890
15999
14936
42185
20235
10382
44532
39864
31149
3298
10931
7932
33494
10209
33424
21083
6480
2671
41719
36079
38874
26714
14545
35076
23811
14116
34986
41604
7856
7152
22888
46160
20891
27152
12092
31624
14170
47926
25836
13622
49592
8936
48061
32765
35928
40477
4516
15794
39127
37095
41284
29659
30252
44513
40136
24422
40791
4204
12838
26142
44077
35846
4328
41501
24359
32907
17473
3388
14507
1694
7563
40241
18605
30468
16650
48857
5652
40352
12883
30724
19490
22983
1043
42990
16375
9740
159
46580
28229
17734
23016
3383
10028
28295
45125
7184
49197
18747
48615
24496
10472
14767
3785
45085
27174
49917
19963
14836
14585
29969
11810
39749
28030
25073
10147
44273
23650
47767
35157
13648
12166
16791
43044
45174
47780
12523
15012
46650
2827
527
33221
40605
31543
17866
24943
8752
41864
4157
8546
30517
42830
7689
42327
1665
7810
48036
22687
18990
49468
3890
21239
10622
2612
21016
22044
38830
15461
4809
24633
40153
43221
26712
45333
12917
12066
28031
18092
23195
2143
36533
22295
1649
35258
20303
31432
26088
1765
40011
28817
8846
41530
33161
11626
21066
23194
17858
22709
11932
37183
16268
23604
22006
33483
31225
10269
41391
22347
34134
1144
16524
44155
40961
13721
10785
4257
11523
4931
27370
23805
22753
5383
45628
34873
21686
15905
42297
4501
12976
39792
18081
16970
34433
21365
7132
26355
43014
6085
30419
18743
11877
24019
48227
1676
15451
36958
11051
32061
6183
38651
8746
10110
23221
8723
22115
39546
802
36750
27962
19693
40799
1917
39247
4841
21516
36217
26451
16261
23054
24130
13903
44553
10718
43791
41887
24195
27099
6279
23722
4317
5089
49090
11861
6619
20433
47359
18637
32109
27276
23371
28620
35876
30564
6938
43077
10803
47562
40453
22654
34706
23292
21884
35582
49134
14024
37769
3479
11496
40931
41592
22168
48374
24474
3552
25409
1368
10953
25473
45015
39359
19793
27429
24569
47044
10452
31060
9156
17590
88
15948
29141
30964
26670
47305
22262
40319
12475
37440
34927
45025
28626
34203
47415
26812
45539
28288
1580
34845
25360
31267
34979
38056
10260
16093
34112
46329
14454
48750
26302
22977
22254
37172
29991
7415
22343
32899
7323
14041
12752
48987
14374
7919
40208
33216
21163
38825
3836
22072
17704
13824
46527
16891
41360
25799
45363
22855
6165
12575
8924
23799
43888
26665
48525
23061
16571
38227
25975
40828
28454
4293
23342
49804
4630
46850
30881
10226
1199
22615
34120
31036
42099
1684
48386
14948
44028
40821
29544
17469
16981
37632
38287
48425
12187
4307
33004
21369
48140
37516
30157
43563
15291
36860
30685
45447
16092
2947
45190
11996
44212
25432
35118
42415
2088
9691
16911
9610
9973
1250
47102
22389
17310
26697
38902
940
23405
20297
22892
48636
42547
22302
3876
21311
16646
30912
16654
3896
15334
19639
17886
41660
15186
33089
44839
11102
26661
7074
16331
36126
7714
41918
10346
38800
48162
34103
48445
11493
9859
30289
37310
49684
46130
22119
46344
10917
1600
9325
26866
46095
22067
1914
49469
37447
47862
19516
11484
41745
43375
47962
33199
33267
46462
45138
26244
383
14063
31825
36192
14499
40618
27283
11540
6141
37587
7963
544
17015
19098
7688
1755
39058
35748
30847
19896
46208
13794
19935
36984
33022
22845
45176
12672
5154
25215
1378
35314
16652
21971
40055
34126
43249
31901
47967
38260
30405
46054
24381
10227
35050
5133
46654
15820
44959
46551
35210
48248
44736
741
9201
24775
47916
11227
14988
21338
42632
24637
9666
33989
4529
17484
21505
11935
40888
27783
25372
2098
4866
5906
1578
43855
17510
17867
38194
8008
22096
44153
6364
24996
5741
49608
36827
16669
17141
42070
31008
12833
17565
623
31392
8585
35551
45930
19643
5062
33501
26214
12747
12253
2983
35785
24961
12246
31251
45070
35296
21902
37394
36397
39532
15298
29705
15780
40463
9307
11601
24956
44935
15696
33947
10302
2709
27562
6272
48698
37227
8781
30104
22546
39560
10330
19251
27258
9837
11482
18847
34922
25866
28721
43806
23034
40774
15497
36771
1673
21709
30691
16818
5747
15599
31546
12943
6502
47336
27939
34897
49557
20835
48637
44956
45851
14215
19435
18702
2400
17250
5067
44290
17577
30292
1092
1538
22199
32359
41597
24310
44385
35396
46899
41972
9233
1494
27829
25612
46392
47733
5721
8700
28308
35680
16203
19053
34247
26806
29207
2344
24462
48638
349
12512
10335
5271
2789
18799
38673
27063
17067
16374
40010
1161
19671
38635
19834
43872
36403
851
31296
44017
47457
18840
1247
26823
41548
35134
48251
40778
43534
10542
4456
26913
23540
46918
49411
2945
49554
1251
16695
9588
40020
34635
21059
17887
6252
10064
9387
16140
10085
10820
47860
41304
34146
39042
14219
20870
30918
16446
8142
18759
49339
49094
37273
12694
42265
22902
13847
4030
6654
29563
26177
38639
31513
30828
49719
11590
31129
7354
34981
42209
17644
3986
12514
14158
47379
10762
13120
41826
32079
17163
26830
13224
38567
33335
38075
44074
12563
15360
3339
38
23008
43495
3251
12037
44086
5780
34702
276
33436
40431
15005
39299
14409
19714
34598
32567
13093
33754
36048
44654
31366
9700
4032
46169
43093
42126
46811
2878
33342
18901
6049
28480
11347
1654
27820
33152
22226
8277
3543
15095
11130
22388
25608
35878
47602
44003
37050
25380
13315
36175
34982
31424
15974
31096
16491
7727
20522
20948
46921
23158
39687
46094
32145
46301
21507
44235
43362
5420
7655
38250
25118
5865
36901
45488
20347
2957
47021
46879
47673
18606
27976
37451
34842
48578
44047
26932
24049
25493
31167
27354
46760
45433
10480
5506
29186
13659
27391
41774
18726
30036
20511
1955
11379
28670
49930
18429
25132
12495
39431
15011
4016
15833
33671
39276
13780
45522
23691
42310
19945
26326
20192
4289
9463
31121
43106
7491
20003
3541
15714
12691
36511
41757
3213
38295
25489
18890
37002
29902
36078
45263
29986
45797
17054
14648
42232
16367
34388
17914
33266
44620
20338
13502
1518
10500
170
21225
46385
40433
12181
23783
6530
32571
7082
32786
24468
36562
40675
4968
15559
24149
41532
335
4612
22048
8533
36894
42174
17104
13161
35952
39020
126
22667
13087
33783
29740
49921
7625
46015
10584
1317
1332
14040
22163
26075
39958
38055
23240
12827
44554
20232
27060
22653
48133
756
44583
7979
7219
46836
6814
5597
24860
38393
30185
39215
46557
6932
14690
34111
21995
40389
39697
16799
33036
31766
2843
15884
33380
19833
41273
25027
36381
26328
43712
46600
34632
19449
1965
8392
10825
33356
26348
14402
38420
21817
19400
7340
42272
48023
29241
16859
36229
49291
45955
17417
3874
40524
14495
1992
29322
34098
44050
4159
40523
34590
7692
39274
37618
27042
45706
44797
39032
9342
579
29828
27677
37098
11041
3094
20234
46256
28055
30676
2698
14136
13375
7693
34740
20501
15332
22909
9906
32234
26104
32513
18298
23300
34858
6482
5130
47965
7556
3242
27066
16871
45167
3317
39946
6106
6903
1323
10672
5645
11738
41954
25673
25090
42371
46247
41242
11182
40294
1596
10479
39155
7378
16253
23410
47031
32423
10610
30560
25540
4819
35633
48863
2045
40265
49024
23955
13049
48922
23439
44731
33021
30000
21109
26513
36303
47527
39505
12384
14061
2503
15173
27835
31679
43025
40328
22051
4400
4303
44880
48721
13475
34420
39928
4089
14317
41109
43508
15685
42815
22285
19725
49597
38162
36137
2150
28718
20412
4865
23836
9794
49135
1531
39285
45535
36808
22628
41704
45294
42285
18314
9412
36037
21790
1940
48753
46685
26352
2289
7829
11306
42817
15143
6458
36551
35038
8813
31831
39660
22368
42582
16559
6556
30682
22432
39203
10044
49386
17622
34425
35579
48037
10076
15619
20688
13062
47824
42208
32322
6688
19106
9659
3617
6578
19910
44846
31572
35056
880
699
4576
28242
21737
40193
19986
35714
15158
25621
45366
230
36791
3842
13856
46387
28666
48256
1466
32760
45593
2722
28302
45208
14110
35054
44365
14954
26631
35839
15305
35121
21656
680
13652
26855
44667
30389
35618
22275
6723
18216
17916
15057
34475
64
8744
47749
24164
24207
753
25670
30622
3377
30183
12640
8582
37958
21436
9674
36917
20472
15627
33072
27233
1938
32348
4398
31631
19588
18753
29669
40172
14464
4399
17298
44646
7743
4277
44638
29086
14413
35962
47501
36084
1682
42061
42885
9059
3074
16655
30189
31205
8805
36835
46444
3649
9208
13290
45312
10996
49088
22484
20875
24205
22066
20007
234
40334
32492
41429
19533
24845
10703
22588
48935
20156
30565
24567
35944
19308
21144
44372
1302
30113
40808
8107
31082
16076
16
3521
18236
30943
39084
12201
13660
45435
48183
21888
1645
39355
20330
38370
45361
35581
5692
46476
6067
19506
21619
33595
49701
27990
47435
31212
11892
35804
15093
37775
5384
11613
40378
45110
16295
11232
13048
30469
17358
31832
33194
12359
38476
30950
18477
47875
20042
41113
29600
25491
19552
12083
1285
5263
3822
22746
14334
36051
12891
11305
47942
33251
30698
21087
17002
13447
49613
18665
8129
15971
32170
409
19842
36603
25694
13414
43707
8133
30751
8909
29360
2588
20794
8077
19305
34107
29068
1825
6601
25863
34473
25483
32361
26788
1192
49563
17524
19753
13401
32116
43955
26603
17980
30452
43974
28678
10647
6286
13453
15860
28432
16454
22826
46198
31293
18543
16626
24292
33745
1801
42095
18946
33542
2367
34060
41687
3979
16511
33150
46104
37457
47744
45529
5040
30758
1340
26076
48651
24254
28744
41784
10673
2765
2577
44898
43411
43117
44224
49853
30488
26740
25600
48171
30026
6787
28415
1489
17733
36028
5194
46356
22145
35212
30965
10548
5841
37417
16821
11696
3425
26160
49876
5029
7021
34571
16484
19261
24688
30674
10811
13877
12275
40085
44480
27530
20190
23073
10874
1470
4380
15662
44750
12638
7994
45431
36472
15718
40654
17497
16277
44401
32683
12016
22675
39881
29396
30103
6202
39656
49696
10425
17038
9853
11390
20798
33958
30205
47945
8265
6735
45528
20945
41286
44687
8477
28502
30250
2394
44183
45343
29394
12966
26166
18525
17183
28271
13446
48193
7296
3722
28325
40166
38395
42651
40486
700
23576
20742
45879
11329
4352
5623
31015
44145
23934
30249
35344
14082
26804
6548
34200
15518
28738
10717
24731
39218
19507
16235
774
36928
40303
22034
32693
36251
36007
23766
26440
5095
13177
47786
19061
11010
35408
7045
14230
31115
27467
48614
38952
39178
28257
45327
31460
35466
46131
694
35948
14227
33943
31724
268
27740
13784
27977
31871
47026
13240
37053
37016
18719
6985
32697
12655
18008
39531
20111
17379
27846
40919
24930
9561
13394
42260
24327
35770
45717
48788
28151
1397
8161
19891
33799
5313
34148
49002
17801
33343
32336
33886
25423
40325
10466
31040
23306
15408
23708
28092
9497
9431
37056
14569
9061
29847
3901
30831
1786
30617
1545
2814
3202
9060
42363
9068
39164
32102
30530
14203
6172
20328
17069
4266
48244
31016
26156
3004
3085
14176
16948
17211
31003
10947
44878
13386
43178
25947
3819
20592
16535
33896
37923
11096
30091
33346
41020
33187
18803
38329
11132
10441
957
44328
10411
22221
6235
26719
22658
22485
46217
18581
41584
7710
7481
44619
14876
15378
47331
36704
33923
17699
23314
839
12870
9188
597
36798
36178
5933
22229
41562
9690
42701
31751
42158
26849
28640
1564
13242
36445
8727
47364
46062
36549
43734
31078
36769
48456
47458
40714
38382
28864
20729
17988
4907
41427
35004
49846
29841
30005
29639
17414
33158
15031
32422
29247
31287
15349
8248
19167
26129
14968
12240
23215
12344
37802
13526
6606
10406
3481
43675
5637
12259
39214
49920
6931
8206
40567
2846
19940
49539
47177
44904
9113
38522
39114
49215
38615
28883
7200
14860
42411
31492
1809
44639
25737
37375
45881
11970
34489
11880
22917
19318
10374
37173
3170
33718
21807
47024
11550
35969
1918
24198
6617
45589
22740
12091
31559
49567
23854
29130
19885
47000
627
44161
16913
36712
42505
24723
8298
5935
31986
2782
8902
31982
2923
20705
45468
18905
14272
14500
17249
18448
16781
40103
34275
18158
31694
46599
47449
12031
45390
5153
27040
20396
4644
17999
6326
16933
2624
16558
26711
21139
1496
28000
43056
33777
3368
41591
45525
42599
15594
38524
28101
29677
43935
34128
39210
2294
29025
35717
32236
33548
13580
29395
643
29671
46753
14210
27033
47236
26102
4620
22647
1727
20754
35864
1034
7185
31403
41053
15798
7035
11742
8327
35051
6181
19685
26609
16817
33944
41152
34851
2760
22336
45532
4886
7369
21426
38358
18170
22714
22999
10323
34895
19955
30632
35975
49688
43467
13880
47488
3956
40460
1209
19898
26241
27608
26641
7498
18580
38198
37657
13023
22913
34040
31368
20990
6950
34978
19288
41444
30229
15479
38845
37999
32655
40321
29551
28088
14528
25267
9347
26666
36336
34645
38901
8711
48666
45265
16462
37377
4063
34991
20109
25208
1894
15089
2069
1796
45579
26617
2757
13190
34443
25369
30015
1469
18652
7658
48688
36763
40705
21277
31649
11739
45212
39195
6428
47097
28039
38543
17890
14029
22592
12519
6105
20619
4279
11162
36897
15828
32416
47455
5928
49165
12237
27738
45071
26454
25402
27604
28061
45214
28449
41484
6531
23145
43447
7427
30937
44262
16012
8516
35254
24662
22887
47223
41625
47159
45755
24339
22782
4131
9523
26838
43928
42867
3276
5707
21247
24648
38299
1687
44104
33578
35351
31598
26480
9615
45146
31632
14078
48679
36317
41051
29430
44507
45942
38111
16830
24588
14946
10962
5393
16662
19856
22982
49467
10317
15933
32430
28980
11825
28243
49979
2075
13875
4450
40368
27924
16034
36627
11472
11918
4682
48832
2693
43667
49040
45701
20544
13022
14926
3382
14912
4912
47787
19779
41762
23961
9580
40386
35175
26016
3574
31739
30343
30486
42456
73
42790
36370
13444
42420
22818
35150
38306
40435
4015
9933
21780
18145
40992
26782
31959
41238
9627
29586
37033
20487
14187
39452
21121
12578
4282
34094
2422
41991
3427
26846
48992
2883
15328
19739
40851
23601
48975
26357
49439
42374
7269
39631
1056
34292
3496
3014
29923
26478
46288
42429
7890
11898
26112
44469
26858
43275
28841
49806
37503
45156
11708
26907
49426
33626
25783
41180
2799
20417
45161
3544
43015
2320
30369
12923
7141
36658
42677
8349
20632
28711
10390
34750
10697
9047
28313
46632
7740
6771
5217
28265
31361
31476
22601
27141
41994
25134
7460
1109
12211
8523
3409
9867
5149
8641
15512
16747
25602
14046
22802
12788
32871
30600
45801
23270
20605
15788
17517
7025
4631
26495
3810
32503
19677
47356
44771
42089
16082
33480
12579
5494
47327
26953
14555
14867
4291
25445
34701
28688
32069
43699
18031
38796
47658
4374
21174
36076
38851
38682
7553
34649
38941
33677
16885
20408
15265
47341
10186
42883
44423
26897
37762
2319
2803
38641
38650
19211
14584
41073
19816
42665
5733
13463
7854
44951
43902
43191
37156
24479
30757
2486
49169
20233
29164
8810
7279
31142
26637
46974
17029
33551
46463
8984
46958
13981
173
27279
426
19796
8052
18733
12732
18649
36380
41025
3788
19698
18321
36896
3608
12864
8144
14151
29695
43478
17852
37974
48948
23356
48996
23974
9261
47947
12434
22682
1385
24172
21179
49244
23256
37176
3091
41100
43918
3068
20137
10159
36731
36659
39013
26029
18059
6551
4916
33849
14330
45933
42335
19840
34511
33893
13415
41449
28973
23035
47647
47818
48744
16005
28195
20300
42568
25016
33737
16451
36338
39616
45760
37686
24821
45181
35731
25714
6576
12595
47400
8719
32629
25206
47521
5114
48737
35649
15669
33938
36026
47020
5368
23858
41121
38246
35939
18430
37651
23758
270
8678
205
15250
46223
30200
44473
16046
15748
35529
38486
49596
42102
36568
49416
43952
22055
46768
10721
2920
23112
35366
47249
4243
19276
16727
29794
6854
31466
42093
22637
25092
4871
30426
6090
27676
8895
1882
36982
2721
14181
32087
26997
18984
15534
8928
1610
38662
18458
49928
9988
49470
17375
38007
494
41320
32809
2777
42447
23176
7967
42613
4228
5024
46116
11423
15593
26285
8972
34088
24699
41021
41149
38676
43046
43737
14727
12469
10328
17659
7364
42929
46544
14710
6221
151
7893
36151
28516
2582
7429
11521
41039
44714
9343
10575
41072
13128
45949
43891
3691
33282
44602
34351
49914
7971
40272
39050
38441
24736
28956
34087
11049
19956
4200
41629
37118
34105
29579
11395
22094
23340
43391
27741
20749
29745
38512
40545
46843
20332
48035
16549
22800
42799
4412
11788
21837
28465
45377
29406
8014
22914
10632
47088
3192
34515
24726
20760
26836
20530
34082
13143
35263
39478
4818
15809
17492
30491
10126
27860
37155
15441
33870
32064
17844
7983
49481
33268
12264
19162
4421
4528
1550
6175
5703
14276
22896
29633
45032
41314
14619
28311
4071
49673
14376
22024
30679
3894
7632
12529
46174
22129
26068
23728
37556
20901
41858
28544
18208
30056
684
13800
38064
35622
25641
27627
34685
19976
28024
31660
37430
14359
20397
3637
47799
13067
18522
519
43276
41415
33698
9326
6918
29188
44629
29163
39458
27866
36125
3220
48031
39107
18360
37285
37529
15485
23774
13282
41368
24498
37637
4638
24689
44447
30140
46305
5236
712
2833
6971
36347
41848
17736
36462
46250
585
44772
39783
42953
27463
21285
49453
38501
7897
41637
45586
30057
13846
42688
2600
3227
44206
14673
27523
33744
32509
46775
41990
41206
23673
10638
34807
10799
37524
13520
2516
26040
13156
5427
29712
7422
136
10693
42659
40452
10218
48194
45031
33045
22552
28442
28175
4226
14621
20570
6013
32949
29993
22754
33431
32204
15281
28547
18698
37805
49779
21435
1585
16675
38712
37591
30731
34537
13545
40462
36449
19270
28743
2169
28113
5869
46801
27424
20453
23237
4665
13081
14392
35528
43996
31172
48928
38720
38895
46438
18675
21555
19720
22521
43349
48913
14248
35182
49239
9862
4713
41611
35382
33085
41850
5392
45019
35387
45675
33184
44851
5298
43678
22011
22923
572
48247
22520
45157
14372
10934
8160
3469
44110
30730
39537
37
27888
12915
14244
31013
27302
43676
30444
36980
49512
19764
24593
6889
16823
6248
17331
39093
4564
1171
42848
16847
21062
45650
39031
8753
38883
24783
5158
45705
15078
7499
22792
47437
27998
15766
34614
26772
28794
5342
15563
15715
19690
44345
34390
34183
38035
14650
6074
30450
24246
16389
19389
1016
11846
7447
26626
9178
36534
30561
38981
45514
24917
32033
32427
22540
43397
11431
12052
32147
6426
46151
49984
42994
39502
28636
36413
37474
443
10062
1897
40867
49520
22693
23275
21209
30797
4082
31529
29041
37163
5454
23308
49831
14349
18851
4531
45040
40251
34831
28007
35316
12306
41185
20349
38993
28064
48545
23655
29426
15249
3232
44071
16073
11541
42110
1349
38744
47012
42436
25085
41394
10216
11248
13492
24880
37839
34395
4014
4999
42638
32410
21865
26312
13945
36031
16673
12490
32080
27241
24857
28074
42951
27674
7821
27875
8970
32937
13716
8068
12594
10307
30771
9281
35371
45842
30711
3933
18766
8527
44045
2479
26351
37304
35041
38906
33668
9441
35705
20655
18080
6186
17178
454
31956
22277
1566
21068
42901
8786
2299
28713
3928
15048
7458
25648
22764
1498
33955
16786
4590
29558
40699
11477
13814
36427
15167
10710
34566
15386
12182
36836
12589
5097
35209
24544
33241
4067
33500
28927
36063
8294
49243
44135
33721
20107
40084
16099
40164
2553
19221
14729
42413
18215
46084
39330
20344
29698
30613
6062
22116
39630
374
24879
30298
2457
27111
3375
46359
274
34235
22710
20090
41196
36040
25007
37412
28436
34049
824
10971
9040
40852
10565
39236
15410
29514
19072
19467
28234
12447
44831
44184
7183
36143
38575
43049
22781
12504
26448
13925
9447
23179
35641
14559
26245
45074
10579
5205
16605
14149
42032
26553
27851
42104
25979
286
27492
47408
34606
47644
25705
47906
14322
12622
47384
49067
25157
14051
41473
42140
9900
44048
34713
39890
49223
36132
14165
36683
31926
12478
41231
20160
39902
40284
25987
25523
7381
24392
21616
30903
1756
8542
38331
39676
42166
9277
35585
15466
31944
33455
44064
7339
31729
244
17270
49553
8229
31018
45123
16720
43462
31943
13086
13551
39041
12098
30475
14779
8321
23505
11160
18689
46274
35934
15722
9857
2224
35858
38298
9877
696
27704
22829
3824
37062
18542
41116
38816
21515
25359
49056
42130
1689
44666
13701
21932
35291
22371
45093
11061
5880
35724
4775
41795
21133
34546
18878
31283
47231
23885
17471
8768
23005
48505
35324
3516
11747
15680
19501
34936
19026
35597
31795
15802
45558
3523
2607
39876
17174
3342
43510
35728
16860
13906
26556
46585
31198
1078
43365
29611
20211
11543
29427
37787
161
49891
49464
15607
45856
49782
12252
48727
16368
481
19502
1432
22991
34659
39703
18866
20220
25269
31076
14831
13457
12298
12848
2802
9085
26390
44826
16765
48512
11856
15338
34885
17261
11680
11409
46494
18262
28044
42144
41974
37361
2372
26994
14628
31999
22945
28097
49096
34789
37373
21564
45111
40401
32576
5227
35723
29940
38371
49212
4404
41653
17236
42315
39791
2633
10608
19174
33124
43845
39260
43271
24241
49387
20267
13423
1912
7112
47115
20446
3432
26754
43606
11964
18545
19386
48004
17191
8943
46488
7871
34190
49458
13129
23289
5214
26551
22143
23501
43130
29516
44610
35191
23384
23573
41338
15567
43543
43669
1437
42191
30291
42221
23444
20418
7093
20359
20664
20167
49039
18276
48909
22224
17778
36873
22857
12391
39043
4536
49881
5701
13365
1314
42385
23123
29555
12837
40362
22447
40511
8903
34805
38447
43979
3111
25039
40380
49323
25270
37628
45104
14647
30423
14696
35855
23423
46442
6689
34901
46435
23211
2766
20967
22669
6366
24335
4285
9548
11956
19528
16430
21782
13699
10344
38606
5242
47571
21313
26982
24538
8230
1186
22606
43685
19325
6464
4247
31189
4552
16031
44030
19002
5934
45620
13294
16395
49093
7341
36281
18530
31491
20858
31058
11405
48964
35580
8177
34403
25243
18837
38860
7660
43943
41033
45226
30582
6997
1326
26180
16642
46042
47050
17481
9599
20011
7385
269
17910
42331
17396
34151
14701
23142
96
13631
15644
14391
7428
16117
42354
44486
16851
16356
2452
2252
43523
27017
21744
43865
34434
26573
36645
32652
25452
10730
36883
17883
7365
18403
38760
5074
45319
30073
30763
32844
20752
49463
26231
7600
2334
44891
16173
48846
40744
34791
17443
45446
40569
12277
10867
18538
20198
40078
32780
49303
24338
27635
29020
6515
2688
23492
1493
12599
18825
27144
36861
1120
6972
39969
6585
1289
7149
26565
23480
28431
42556
42003
17848
15886
28267
34519
2483
13337
10885
35557
48573
19944
1832
40959
2677
49903
31824
40786
34810
39087
45772
32424
40759
20026
43797
36667
1090
27596
6256
32565
11256
7346
1297
25501
34309
6288
41216
3790
18889
16224
47904
4676
16831
30315
21041
19630
41526
37465
22453
4129
16095
5246
36240
28842
11366
22507
14652
8947
30795
49063
19569
49999
11060
15634
33957
18556
11913
6019
17078
4656
18185
49612
14308
16733
23133
16589
33873
14535
12879
31309
41613
27326
20098
49541
24472
17424
29734
19654
16878
31985
41505
14613
22810
21288
3119
38792
14418
35228
19412
40715
2908
7264
13975
41968
32385
42699
34432
30615
12017
2368
2570
8854
377
43835
33732
25943
5119
19674
21431
48898
43208
35644
44464
27721
10448
20163
47112
45741
44931
13032
45549
43328
2819
38123
632
23522
11520
23333
29781
30020
48612
18465
38200
33195
38506
20651
5332
7972
7494
2482
25000
34359
7550
37819
22391
12927
18380
8679
46478
18133
24872
8507
25984
6570
32129
23421
42295
5815
24141
22300
13145
46745
7915
13672
31426
1113
373
13431
3728
22751
36247
42564
34825
40335
23171
23338
28762
12950
33825
33331
32100
40908
19423
43159
48285
29256
734
32165
30878
20366
15738
18786
1970
13378
9298
41855
24807
37912
35140
28844
6320
38714
33477
41052
8647
27497
17384
44369
26108
19235
31971
17947
549
24622
10022
31654
38051
44546
39863
43331
1927
33581
34336
18762
46885
46238
36756
11153
20560
23519
12029
1367
16349
2918
17671
12999
46627
35069
10852
24801
31332
11798
45574
2213
18888
41143
4984
33742
37583
23067
25413
3120
22123
5620
10822
28105
26614
9723
45948
45286
31961
2812
9109
12400
34593
14286
12189
48258
29363
11860
23203
41910
33587
31313
30474
2399
48865
42298
33654
14265
3459
41345
6216
21500
30833
25610
41246
49221
1577
20896
8440
20072
2042
15200
34070
49365
11940
30309
29353
29972
44456
24062
38155
44837
24057
4621
26412
28386
25558
34081
33448
42509
42903
21750
25534
25816
29493
12120
28301
35432
35814
13406
37287
24900
26962
1237
11211
18690
43647
5922
37444
46114
28593
5581
45382
43354
20001
13645
22015
6820
5599
11827
16708
14012
30031
48170
32092
41933
6973
41485
44500
7414
18634
38121
7754
32811
2242
32577
2290
29473
9785
3073
5093
25168
36152
13191
28525
20406
9809
27631
3535
41973
25406
43541
48409
49441
44671
29248
12208
35128
14105
23451
43524
36165
25883
19699
48265
43115
49737
18118
16944
49137
3910
28015
20653
7752
47324
38451
37605
28898
5495
10217
31728
5416
24119
3526
46295
46214
6020
1904
44934
28413
34302
4754
5390
45445
37212
15700
39603
41082
36916
952
10646
20629
48875
39725
9106
46324
5131
41418
1680
2661
30137
42054
44457
39575
29526
18493
16576
28169
33779
23671
27538
8981
29764
42796
18926
22939
7665
47757
39472
25465
46018
41967
8831
34165
27346
12967
8721
36339
40665
12141
13288
27225
17857
4834
12376
39521
7989
35328
40388
27266
14580
20036
45362
39659
44492
13953
34561
30521
2785
37111
40730
4332
13461
36939
17047
19014
25596
2984
43222
49069
40046
6307
570
33722
1836
44034
3616
24059
22449
44586
28913
4236
48234
8117
14106
15219
46702
35269
17496
44037
38780
46897
45148
7024
4842
10665
37026
23778
3380
25111
38390
38735
21310
30840
30659
32739
36831
48486
13878
6322
19038
17954
48892
7476
37807
40261
2495
27598
28884
39092
24881
18093
29936
35910
4271
43533
35966
2627
16668
6372
24077
35759
12438
27212
43719
20730
43321
15759
40436
24809
20295
573
49620
38303
18039
48464
43926
33801
27439
10118
30145
29304
45368
31226
29735
30284
36385
6440
5881
38949
31896
30466
11972
48839
22918
24663
47133
28394
35116
24678
39182
35444
11370
39716
39091
30262
26752
31601
24772
45809
38463
4657
35869
42759
24497
46978
14264
19599
44879
49173
46048
48412
722
44704
33892
40864
4892
13836
31317
17117
10612
24081
28854
29126
41912
32649
22575
44954
144
1425
45713
14802
985
41312
47489
8143
38158
31847
7318
49736
17059
17082
41496
15356
20979
36123
9820
14479
17822
39778
20807
35133
12921
31278
24652
4853
47077
30576
34569
32994
22897
10969
20814
34084
17017
12707
47145
12700
23886
18332
14770
5358
24983
28830
6653
491
9979
35109
33013
22232
14627
30337
17066
24469
28433
17465
41599
36823
22167
43238
40138
7131
46199
26325
44976
8224
1667
34132
7958
36458
27809
8695
40186
48799
35473
48676
3695
31929
6229
27692
11821
44087
2850
2681
15551
10951
19626
27019
27551
37861
41689
9984
9028
39477
12387
44112
27930
29283
32434
11083
27003
41772
44965
7895
7589
10230
14362
46402
10714
45945
7746
30038
2668
19556
8573
41521
34612
39085
17938
35290
49109
25682
33970
23803
18709
24500
32654
42954
34948
29499
27782
8347
46441
24617
11335
18293
47789
17254
20298
1681
35405
5300
26955
40203
30952
6963
25389
2965
15244
49838
21803
10089
16043
41307
23118
15045
29058
36167
44444
27350
3402
21348
8734
37541
4196
22338
4425
43279
9724
40112
11412
32979
27756
25590
18072
49022
20082
25775
7390
37236
32643
32801
49603
43882
20572
531
6621
48252
45421
26030
16415
4982
624
30204
14345
42014
25
29235
46708
39383
47494
49946
16311
158
8509
21670
6281
31558
16579
12716
11920
1313
6871
5829
8285
24424
19547
7696
4096
11223
46147
22703
39796
14943
12047
11500
4354
46477
31292
1031
120
19497
21945
30575
22114
16202
46185
29476
26929
27650
40002
22622
15201
18671
8529
37330
30394
31920
12984
743
20356
37108
49528
28021
32619
23999
44383
45790
30773
43585
15205
22159
13623
18531
5327
22549
11095
287
46143
33484
6218
44563
3163
32020
30352
28813
34855
7096
33086
22284
40622
34531
13223
32
8699
30796
11734
37682
33291
3891
16269
22966
28239
10211
34288
17906
27428
10251
6541
31405
9838
39730
367
16782
6453
25052
25454
11713
15723
18483
28089
36360
40952
37141
32795
5870
22922
46459
28607
40509
1743
21416
1959
11072
32415
42086
30109
23647
42425
27798
2073
2408
36464
19332
23202
20206
417
7432
25913
22228
4310
39421
16398
19551
4034
29018
20039
16335
38357
3569
18669
3180
37934
25239
20427
21210
37349
10168
23618
15782
41469
47254
24691
39476
39315
19585
12866
22107
35977
5041
14940
49818
29742
45145
37159
41063
42341
9190
15350
35080
32839
36717
45077
10023
31842
22478
32193
46101
39764
22820
33246
32259
35653
24239
6479
4406
33856
10371
18129
20826
30535
19439
10101
32686
29607
6636
36589
43593
35455
9766
19680
2595
31387
33972
21233
29469
18841
21182
43578
44504
316
11981
24364
13643
42979
30404
6805
6967
47122
21321
4482
44333
4396
3660
37306
11989
8203
11116
30538
37323
30868
33522
19562
3249
12174
43777
34552
34071
44991
41566
41718
37164
39161
48266
31163
10700
17125
21605
25230
45367
27299
39044
10241
12309
30188
33657
38168
34249
7684
39035
34676
7426
14370
5043
7590
2919
10840
7564
22720
8800
3116
6522
49208
45915
8885
6503
10890
24373
43682
41633
39415
48209
47196
10661
11357
49992
24876
29608
2195
1522
15904
36077
8856
37250
49400
40048
1274
44599
328
6157
40041
45631
30664
22046
20213
31199
32843
29330
18095
34813
13325
38243
14283
43160
13441
34682
28299
2541
32274
14809
4588
29382
3484
25989
6517
25544
38537
8989
29656
43011
44130
7386
2175
2675
31259
18414
41342
4846
2521
14723
595
42153
24851
39510
24403
45095
15871
36586
24110
30634
39843
12673
37806
45225
49593
40492
41214
27752
21377
45695
40076
31805
19500
10378
43537
43393
29359
40540
17847
1024
13515
46087
42886
15990
25785
39429
49664
25367
48960
41708
27801
49440
43095
8692
26533
25849
47185
13817
22626
31897
1198
18800
29062
9554
30544
1779
5036
2893
9856
46105
27029
1296
26833
47186
27401
34193
33561
10178
28600
11881
41928
23989
22920
15581
21999
13741
14780
31311
2025
8572
30715
19768
2834
1328
36839
40399
20272
3252
4923
21339
26805
7420
35575
27046
27449
14788
1787
8510
42316
33130
23578
12618
4974
11518
49057
38485
43308
3568
7737
14460
18959
19880
16502
24513
869
3230
12861
19236
45757
37270
47215
45761
31230
29962
17961
36661
14877
11466
21024
36118
32862
16086
9148
49840
22010
23441
8395
7788
44004
197
42123
48956
4432
22303
3781
20663
14058
6283
31602
30678
22531
42690
19642
26216
36988
24036
31110
37640
33760
47227
12068
20588
13506
9408
10249
27585
12238
14014
20543
35236
1540
22553
14617
12342
18055
8002
6108
47360
12704
42471
21861
36954
41204
9805
24070
4897
48569
45884
33859
5396
32971
3309
33179
4798
19488
3509
5084
19260
12363
2041
16780
36085
32846
34557
46752
47739
9185
31998
30804
25362
42511
21142
27915
15288
7760
35058
11927
6443
8837
40824
41948
47146
37222
3771
18274
14651
40370
43245
33976
34764
12245
20064
23771
34046
31777
36596
40544
21875
42188
43488
33127
38132
28698
39213
42604
387
19537
45648
6824
21786
35461
31498
49396
36035
15924
41176
38646
1309
16257
29107
12880
49175
36359
24989
42196
7402
3525
37036
28770
21276
19540
40211
1324
49632
17320
36184
33764
2890
31515
29665
16468
46351
17556
22080
15373
31428
24014
1145
24238
32128
43885
13169
26284
8017
27722
32225
2960
41209
22176
19700
46881
33931
6140
26205
47087
40934
33867
37299
3280
24344
34066
31727
459
1039
18288
5759
9417
13708
13299
41730
26905
41027
13911
28992
3626
3310
19009
13969
41435
23197
2581
13930
21314
40182
1691
25703
46582
35295
42459
8635
26541
14163
12798
35104
46222
13198
12398
43971
14150
47027
19847
24352
34486
37147
15446
32085
27053
47184
16540
4783
8600
47398
9167
26078
24487
7954
47416
45692
17871
388
4856
27396
28539
21648
47722
26086
21498
23404
32633
39443
47613
35513
46725
32858
30732
40890
41624
14057
15755
47217
26000
35970
49319
10847
1292
34202
40160
7178
14826
30930
33427
20526
14326
40843
3757
25077
10470
13473
44614
15013
45346
39426
225
32759
15342
17573
41043
32631
37298
31879
42474
14381
7907
48919
42957
22187
6199
27660
15807
20679
6408
28336
3641
32978
15096
9314
45251
14687
13559
25516
15188
39088
1572
18433
16676
45611
23606
26715
27430
19007
29818
22767
15065
42555
5434
1785
4174
35559
15262
32169
32388
13025
13607
23393
14598
18217
18627
5493
23877
10913
44376
14719
37374
20023
38768
43601
41436
32582
36485
31191
41289
28611
11252
36785
13596
22989
44847
6155
45205
1181
2002
30288
44340
38791
29731
36329
24548
21763
17206
36185
42900
34401
16614
108
37732
30765
35360
20324
33488
22629
16042
26110
5613
26561
9177
41802
5821
11780
18740
11316
6051
40514
11948
24121
23132
49680
23290
30438
1240
28875
19915
30892
9184
25341
14097
16627
15337
35203
6260
11802
39492
6203
34381
16707
31594
42179
10893
14346
39745
44360
8714
11207
13841
16596
8046
20615
42628
37020
20438
14173
35149
6204
35886
27210
33468
3462
25758
15364
20081
33252
37462
25361
20596
17003
46524
9891
20008
32853
48113
33531
8149
42696
47558
10366
37851
48808
19210
30996
5509
1899
16219
11752
24301
18166
8599
45533
21965
35913
25309
44716
13484
4986
10242
49089
9930
14632
6280
8519
15183
13886
40239
31673
15849
4784
21232
11503
45078
9962
49052
15887
40512
8815
3201
42317
40721
6879
16736
5079
32985
8082
9976
47553
11566
9461
34101
8576
8785
44097
6511
19858
5038
24281
24375
37712
48907
4110
15458
36972
39287
28150
5035
22957
28008
1102
38740
29264
15468
39162
2102
22620
27834
40038
44005
118
7306
19382
36405
37972
4902
29521
14686
33300
3709
42027
39082
44521
26389
31500
6910
11118
9101
36978
11450
40157
49526
48080
3710
47982
19651
25784
12890
17001
30812
6267
38871
47219
10807
22102
22233
6890
32271
40668
6896
21387
39527
22951
15608
48755
21682
5794
34868
37355
29934
39891
13312
40773
36256
8306
39754
47814
25657
25583
34575
41303
46458
29065
11772
34064
30108
6831
11524
9787
9242
28576
14067
31436
48129
31417
43412
33440
2744
25307
1110
6442
20375
10796
27898
41569
12767
32070
4319
1103
11737
31856
21032
7480
18076
19825
13598
5639
7143
33862
21452
26094
38026
19959
40602
245
30100
15542
30487
6710
14038
15443
13634
35137
40814
42881
39781
43852
1460
12815
9356
27422
44632
49714
41472
41630
19201
3537
48944
5355
19239
37407
38724
34444
35063
7992
8732
12463
12991
33663
11288
22210
13117
48009
46039
3451
47272
13363
16680
32181
5486
20492
25400
46848
31932
37699
4105
38110
43296
20503
19181
16278
43392
1122
27436
19960
37548
22880
34914
47308
15665
4478
43698
39205
44561
16995
30823
31190
1717
11681
40188
9008
24259
24911
20938
4718
30819
45817
15365
37607
30768
49234
11787
14364
23571
14474
4106
34933
46511
4368
15910
43325
29502
32179
32980
27137
43145
33449
22603
5979
8088
17328
25770
34934
44748
30257
34605
28876
13106
37726
12857
42968
462
46555
4771
16724
11638
36719
3421
28275
41183
44780
26261
12119
44955
31173
20261
14147
38346
21318
8587
20019
19857
168
9522
32845
2477
14953
11777
25001
20735
23042
26152
24008
2061
38338
23560
18567
10755
17324
41017
6160
37006
32009
16458
25777
42996
5472
46860
31983
5238
41466
6265
34792
39664
40119
4574
26394
8755
5243
13119
21364
28644
21171
21373
30851
34688
48317
9466
6558
9545
7572
39939
308
33511
6352
5777
30511
7952
29294
18012
37614
13321
39679
8964
24385
38706
18202
814
15476
20275
12807
29803
29838
25661
7062
25569
30829
11838
7594
9045
1555
40371
32316
1638
2879
26879
37687
18565
43568
1339
20971
10671
40111
37514
30573
16550
45685
7277
26181
49686
17476
43502
48487
13760
47139
31112
36479
42090
15803
42858
9957
43931
2922
6970
49321
46244
34911
11999
44768
8749
12832
8802
20928
17409
48148
10687
28616
3017
3924
38258
34241
841
46100
870
39691
15601
1757
9702
36081
13340
15141
15741
44741
28935
41823
45745
6575
45153
23633
23517
7951
9932
33680
9364
48635
38947
4353
45275
42781
13961
46804
41582
13436
49330
8016
49681
48591
32060
22324
882
47297
3018
49132
36776
44528
3152
36803
19589
3597
25910
37238
33490
30220
39896
25554
13393
28291
11194
41813
49462
45595
3125
12961
20292
33475
26983
12168
11516
38223
45320
2284
42911
30708
44674
39237
4658
37276
40412
14487
7826
29046
11249
11058
46735
16166
39122
48187
32090
17824
6476
17838
10278
15382
25618
24017
36904
16401
36630
49899
6113
1876
12155
24865
39078
37520
30995
6251
20704
2008
42616
6376
27904
47483
42915
35007
31821
29216
41136
28355
1401
224
30436
47140
10082
48206
26138
39897
49045
30382
35483
14026
2669
3733
2750
39924
17596
46987
38670
39104
35305
636
19906
6604
21264
31414
28460
1083
24366
39016
46500
5037
25264
36838
19282
2049
25188
3865
19583
23017
4064
129
18608
18164
21193
15130
5147
14680
1806
3530
25499
47870
7260
24973
34171
37664
22350
49659
38597
9328
21475
41086
29342
17056
43113
29313
35953
34145
14517
49983
46966
49150
27483
1032
18132
19918
4712
42400
43346
30815
19491
24368
37665
38741
29622
20593
19790
7839
7170
38621
18147
15376
41575
30099
12073
6980
31903
4573
33123
34254
10164
31615
11415
39591
48717
11267
38688
41431
34431
37293
13279
48763
19541
49314
25917
40373
17145
1808
31055
30503
5677
30792
20068
16497
9021
27050
35549
40233
22266
46547
36260
20060
30893
20280
25370
36371
32580
31622
46137
5055
3184
49379
10664
35106
6888
3191
10808
17064
32840
16013
31279
25487
17456
39620
2346
18190
32285
43072
44887
7532
9765
5681
26247
30848
6790
35801
43749
33358
13868
41507
37354
4022
1507
40494
37132
44922
49347
10032
44125
8922
24564
21309
49472
22362
6374
3475
28071
3466
42124
8754
15546
33613
13813
37813
23506
3103
3893
25744
38746
17799
19407
26487
38074
48828
5789
48466
2317
5323
35737
832
17712
10828
48342
11270
31843
23375
21712
35661
4242
32047
16047
14964
21044
31397
3376
46075
10396
35005
32281
48313
17341
16622
11973
28522
25439
8024
1391
35370
32931
29956
40200
11515
41834
44958
11899
44455
45640
9836
27864
637
31669
9247
3020
28787
35521
16148
37068
18713
28562
2255
6389
17865
24757
14455
5825
31388
38468
18779
12462
15475
32207
34670
35495
11650
10098
14361
41463
2971
730
2444
44930
12109
3648
1987
30734
21018
2446
43963
39263
41163
40994
39499
36157
6429
26797
36454
23700
32882
40307
6390
20047
39668
26552
31327
45079
31869
26636
10169
41717
35565
35086
20200
2888
48810
38195
20493
27700
958
27202
18205
31749
12641
18520
37178
27839
33385
16281
48643
11400
39356
31946
28067
23488
46341
11411
20656
2111
7036
26867
32827
1637
12149
10863
39048
8086
29003
18400
49848
34338
3167
20374
47538
49510
1864
598
34442
4206
10620
28458
47312
47791
17016
31450
10719
3529
15098
35318
1584
21129
11368
2128
8487
40034
27138
22590
4006
47731
36177
44525
34568
37010
3228
47135
47857
8496
12683
40442
38879
14668
34358
17530
6853
36786
49729
39976
43045
36670
11873
343
31481
9878
8030
4270
1560
37696
2982
43484
40838
3651
7631
40338
33612
47688
46415
41783
16279
29287
8485
19311
45576
44509
11389
14864
14068
28518
46537
1839
43310
42120
29106
44625
45311
10533
18928
47668
31158
23155
43404
47019
8405
43487
719
21421
49888
37573
34196
31356
24941
35663
16543
8031
33306
11185
19285
18283
40270
5774
8491
13009
31655
49727
8083
1748
31084
37150
29076
10784
39230
33180
17181
48473
16282
14868
3067
6513
38956
12356
23587
28400
2524
9267
9738
44710
20962
43604
14927
16291
46983
21748
13010
49506
36679
47407
47333
15027
26391
46221
23007
42909
5440
27643
10021
19013
8295
9115
28398
6747
21458
32614
16538
11732
11196
39647
1863
25695
23526
41751
40897
7708
43951
8908
27333
3420
40904
12590
102
28861
29104
25743
7196
5345
48984
48250
29088
21863
28699
30726
318
22308
12695
38068
34523
47332
22326
8626
41924
9439
27442
37735
11174
22212
538
685
1038
32017
22882
15830
27139
2191
47148
18426
8136
36889
12709
19923
48598
21917
26020
29588
3580
49621
8274
11462
8281
2216
43598
47456
36789
24828
17897
21781
49962
40938
28546
43381
23928
3593
44816
21480
42461
5218
31808
49443
26680
13754
32989
22711
49967
28515
32923
12705
29072
47278
29684
10959
16440
47008
42676
8561
49346
22561
21772
45
1172
31056
38265
39054
32593
27076
16560
18977
24168
9414
42490
7816
17372
16436
32431
47051
10134
6210
40998
14688
3972
7216
42533
21525
13210
28872
25169
27238
49361
49796
45556
11139
16667
7538
41096
21883
35604
21423
36406
26509
26977
24750
49631
5403
12888
31310
30999
32924
20187
34300
20226
27680
43922
17144
41861
22644
39970
5303
6586
7698
40578
11843
30592
36662
21496
23282
43043
47737
28845
42680
42672
36871
22539
44856
46284
26170
8293
928
13776
12431
32133
11868
40767
48825
46751
15535
7654
47046
21711
1128
6399
31767
14805
6340
32293
17665
9869
29199
25617
35472
20673
8693
25953
16233
9920
24561
12256
44223
38596
35434
9811
21851
22905
6550
28706
49924
39473
42873
10926
16612
45710
21128
25029
2650
9111
49207
10031
25624
13965
7998
705
34089
31595
18892
6523
33299
38505
45658
39922
39901
29006
47852
45413
32101
1147
20299
42775
1583
33142
2441
27425
28435
44721
42797
5607
777
14180
15561
13008
49730
17374
20181
3109
21860
42329
31644
41879
20859
29121
40042
21019
13131
24992
8772
22834
49622
20255
40006
10855
5830
8720
9309
12249
15315
23546
27979
13082
24520
26938
40017
5450
31246
15853
2349
24683
35648
5376
40360
14228
5855
38095
45629
31114
29110
3099
42320
43135
35937
2826
39786
34272
8247
44166
44761
36235
37544
155
21441
40476
45812
20671
21849
46135
21057
35002
21290
43496
35395
20116
21801
15704
13096
34147
10511
11463
3825
17942
27168
23435
15385
48325
36357
30335
40027
9121
29203
34170
30295
34608
1446
11555
15544
2504
35888
37549
47461
29935
47884
34213
27995
22355
12972
8291
34607
34604
42749
28205
13994
13742
24188
525
27542
17626
27427
17717
13065
47431
3188
20553
10353
44131
43553
15287
23328
15117
40429
19713
39061
35307
32201
21485
13513
46826
30618
9646
36595
27110
6905
18558
998
43519
12219
14432
22695
36748
10405
12863
34616
32851
13690
16096
25935
21906
37288
17444
49466
1220
9116
1666
39960
33491
24137
10181
38826
2020
16767
38470
22836
35078
46851
44578
10009
1762
30004
10002
25136
20216
37579
13176
16400
46545
34579
13239
24181
4401
24938
45075
48748
28333
13409
34728
28247
47340
2136
26191
28802
4945
18462
36804
23744
37578
45207
31811
15737
13196
1101
32273
35914
41626
47374
3106
28905
18879
8562
42369
31271
46913
20957
14305
28514
34407
18664
30567
49812
46902
14774
4700
17957
34365
28056
34497
48367
16305
40685
15381
10583
44174
16686
10288
46631
17377
29200
35861
41540
10240
9034
11494
30531
15214
14189
20459
11722
9714
41587
27724
20652
49236
25956
8057
4011
18640
32300
28570
15480
34239
31421
11149
46789
25154
21151
38630
34758
31185
21926
29587
24552
41841
2470
33018
45947
7622
36069
42367
39464
24781
26489
6661
29357
43909
21842
21323
4849
27733
14674
19163
18127
32870
3926
31537
23364
9649
38946
41679
4017
19849
17603
42294
22809
35694
25804
13872
19079
15725
30146
15032
36392
28013
14323
26185
42386
20642
1613
18832
49579
28180
4219
14249
47747
13014
44109
21514
5529
19800
15435
24348
2348
33156
45814
26537
10363
2459
36711
42030
40464
49102
46197
32037
10040
26143
19479
22733
12412
6697
4720
18599
49805
8596
5297
8317
46106
37142
2719
4212
38877
41488
37855
46556
14568
37791
25950
34594
24530
42970
38431
41549
44915
33597
7207
7812
40201
10229
15496
2911
14438
12364
33529
48859
26316
42175
30975
35824
29459
32696
40703
41126
26169
8184
18029
18735
18964
37615
4929
5497
46506
37767
41388
25456
27703
32144
13371
41920
46611
29114
22191
41842
39845
12165
13639
4609
33952
43153
23281
49222
19199
12892
17639
29410
751
12053
3527
12675
2194
28534
21442
3495
21563
49508
31399
24493
37880
28664
28673
438
9258
16333
30425
5699
25895
20856
13625
49722
35015
3560
11631
47202
43226
32826
46519
44454
27858
22461
11607
28402
42793
28880
40018
44882
23898
40518
43836
6567
11410
47182
5235
28135
10138
39273
30988
29686
20057
31119
47809
10090
35129
15573
40784
36690
46809
34037
6599
23264
43732
36697
34079
12913
42875
43887
46773
37692
3600
32964
9601
24598
10780
10634
30767
37489
39912
39569
47846
48492
42864
14917
33285
48931
32875
31284
13884
47121
9844
45416
5457
38206
42860
11992
25148
31002
1842
35743
3542
7389
44428
15118
28309
857
30339
21941
16873
26021
41400
30123
48301
28663
5858
19791
28825
14905
42238
7643
33793
38595
8251
38781
9446
27285
32630
32372
10053
46613
48348
14540
46883
40935
32510
30319
3925
44836
38348
1146
6906
29532
48225
46570
3661
19703
11215
18101
13035
674
37752
18114
35740
26203
28701
22130
29640
35601
22427
42045
3045
10841
18952
22542
35074
10197
3935
23293
51
48034
48947
25568
6198
2076
24317
17439
22133
20195
22776
16343
938
18261
10677
7944
26536
21634
27614
32339
11086
20145
31710
34362
26349
47948
43218
11235
36842
19629
18460
34630
24658
34671
45612
48706
41173
21316
23271
740
33437
6919
27417
33273
9675
10835
43016
24038
2271
21477
36945
36553
15396
6110
15555
8904
28998
8501
8949
7974
23581
13398
45719
49270
20368
41958
3240
47165
29506
34387
40527
6449
18231
24004
2178
15285
46475
27086
39207
15056
11553
23466
4150
16053
49975
12366
40646
39813
39100
9851
28650
35130
34525
3774
14145
14747
20818
6647
15926
3570
39253
15092
23188
5538
8364
5277
20360
31878
43824
16460
34368
23279
36435
24371
30349
48407
9562
24936
30866
20283
47447
31627
13692
10637
41596
46531
322
48782
43605
10210
6921
5571
6068
33234
37630
38761
169
45720
9226
39314
43002
40692
16208
36135
378
11312
32412
22744
8944
33400
13051
25186
35571
7172
33326
19824
2361
46464
45534
13758
19558
11885
43988
38480
27855
27978
34033
35643
30747
18551
24115
48959
26515
42854
18340
22443
12680
581
14206
25492
30470
9350
31592
18281
45054
2652
11763
8362
8543
2860
22217
1734
33857
43842
18684
13922
48670
30281
49276
11050
46265
15146
44810
31762
27330
39362
19799
63
641
15301
31362
23662
34276
38785
24193
7959
43144
41059
7981
8330
41470
14531
33371
7058
11611
13512
44663
16064
37421
34584
6637
22812
21927
39805
28946
45050
19961
28142
66
34230
13766
29672
42801
5737
7923
9830
30150
39809
20924
13941
650
12122
47419
31801
47299
37952
32418
19268
12077
10008
37149
42814
40094
13919
45542
5326
37944
17966
32738
46962
25242
10889
34329
31663
10157
13153
7581
5443
35815
38415
21028
3374
33106
3795
16336
17922
9256
24026
44604
38840
47323
16955
36832
40253
953
42739
24431
37754
4069
45267
40525
3401
17146
12448
33074
999
1021
14216
20748
13777
13205
5546
12809
24015
42567
30501
3834
7525
13818
27367
43307
28784
40150
45935
39817
7935
24079
49937
10247
8901
35982
48054
23052
23396
17728
132
35243
34916
5756
5000
40840
17248
6813
46770
6217
22305
10048
33751
14869
7443
24558
10361
30374
47708
48694
39643
16629
16517
44427
6500
30945
2096
12739
18381
18529
23628
33382
24114
43938
16515
15355
5206
39985
12765
47377
9935
29822
2759
468
36337
24433
5760
43067
2355
17091
43986
39862
32253
25757
48966
250
14072
3948
710
26053
5871
27732
45013
23243
5577
18518
20784
8994
23070
17184
36102
44901
33497
21295
44743
8853
17730
19707
26590
4290
29253
33875
15774
16639
21977
11907
21983
35833
916
13360
29577
14744
18384
522
27077
41396
5525
36749
38645
47934
43863
18744
26869
16290
13368
39056
46667
25623
32694
10983
9770
14800
16610
21291
29515
21969
30461
16017
21944
5816
19047
18813
26281
45241
47311
10568
17164
43163
47091
18020
7201
15207
44331
6319
9415
8859
31858
892
34367
23525
47164
10420
32900
43491
13392
42535
34869
40532
24399
27811
29148
315
13039
7715
2646
47076
2118
15307
36579
2160
34801
33227
46952
5468
17756
3494
7210
24927
26764
29328
44031
16839
42544
35457
5671
35920
41218
21039
14059
39252
25026
14338
10887
46163
13985
35577
47782
26775
9744
36196
33658
18109
17221
14342
38667
27488
19760
45624
38961
2115
9665
32753
17538
22661
43443
45465
24272
22871
11921
27254
79
10636
25190
22735
42264
8011
44332
9259
15526
15132
3156
35053
6620
44169
13558
40519
12576
10250
34532
12439
4594
20650
5565
29977
7780
31665
42722
30024
2494
39722
3025
32330
32484
4971
14498
44535
25704
3832
2083
45853
38432
313
34072
7310
48596
43372
14256
29416
14056
5580
35989
45255
860
42762
37200
45259
19253
3686
48806
12078
26061
47130
26227
34496
22795
27661
25303
103
19107
48431
41430
1859
2227
41432
16814
34216
32514
5389
43640
18124
33202
5490
26494
22288
22126
5361
36365
34884
25391
23280
46835
33090
29919
16439
49522
15439
42654
27434
46110
25537
29084
35971
47741
35048
26566
7089
11373
23038
6986
8242
47404
8145
8515
5229
17727
32661
27221
36694
17085
10215
2712
44679
3328
26972
33208
17580
31756
41543
12039
38436
29738
35090
11048
26974
24623
252
40274
40780
38685
6278
42279
38267
27554
29236
14400
4199
15460
8978
38623
31107
44791
48867
28217
16419
5889
7769
5039
5302
372
20205
3524
34804
11637
17243
32230
8637
18473
14128
41262
44200
33120
17378
21822
16562
36259
35695
39208
48438
4632
456
18256
22194
17420
37507
31942
32946
48208
47199
7621
6431
14113
29615
18603
48243
38231
4699
6156
5596
46182
34
18447
32231
15679
33188
5736
21678
18900
21037
48161
29454
18319
458
1695
20537
575
47420
42950
21399
20188
40704
27403
44540
39614
13769
28390
14939
48231
16761
49925
33883
39825
39367
19694
28218
27250
32857
44495
40123
6327
40299
29446
16800
47863
10924
38136
12556
30887
13653
40670
4561
18499
24173
15472
30584
37504
25194
2360
29915
6484
20097
12419
3966
13910
14804
26060
7753
12830
40717
38541
37729
45191
18797
28339
28136
48690
24414
32960
4192
23844
7775
42187
45038
7926
17983
13278
7144
33181
45987
27179
19530
27193
366
31324
46896
34310
34903
19262
10279
14184
31355
8108
666
45231
2815
9335
45643
49021
30344
9269
33197
41792
9
29368
18006
17921
22566
47448
32205
21104
7509
25197
47609
12437
43287
4130
33937
16030
755
38508
36599
21638
49530
14378
40925
11028
14999
4710
16098
45536
37611
47998
17642
1828
47056
9080
47645
22198
6054
6228
39339
29844
17660
20284
478
26036
37490
8205
14096
38837
3584
6811
17060
13823
46671
3959
22091
49071
25030
46847
5223
46528
36107
42579
27187
10389
44820
33094
37882
38435
27052
30869
3312
31480
30777
19241
30733
34091
26338
25184
43925
11371
38361
42304
13586
10054
21284
23835
12731
28062
37404
608
16591
11656
4847
39595
17086
17662
46310
28639
22219
28270
37717
42945
16396
47118
37321
7259
16551
10944
37086
41047
8524
8058
45914
41093
26500
10275
5422
10605
28888
1449
23103
8416
17548
27876
36677
1263
27657
37571
39399
2314
29901
26424
26684
16380
37608
16512
41309
49153
36283
33882
29598
21275
28407
38708
6395
47110
49689
15267
22602
41632
14208
20484
38005
2699
16276
15312
20853
9058
32791
36428
43571
36493
45665
40310
4140
16302
19520
13995
42553
15942
44214
3130
18247
2055
10447
34832
14021
14279
16303
39984
37352
11565
24769
24428
29463
13208
17690
21694
44636
30316
23319
39705
41407
19269
24342
35029
45264
38679
28907
14049
44478
29362
20764
39986
672
4615
13576
40282
13432
36004
16437
49773
43706
8817
35979
19749
201
8871
20176
11231
11458
1381
15719
43080
35983
47053
43521
46440
39747
44422
19044
6840
30484
49990
45845
2001
12261
8060
11646
1751
48095
11819
26409
32754
28631
21476
30385
6121
15121
39675
35826
32993
49166
41197
29118
16525
42877
39156
5260
19736
46931
38797
1954
11954
3906
41254
18196
16019
29891
386
43455
6173
13626
12895
7920
18552
23467
18706
32058
1230
40683
42837
19188
9293
31248
37191
4983
10357
15029
3314
12821
39731
15952
47467
42050
31551
7761
40822
49369
12008
33513
13989
46097
42532
32471
1331
12227
7991
36976
5378
7439
18138
46793
24899
13011
19977
7294
15471
16850
43001
47978
7853
14352
31937
49906
20721
49982
42305
11265
12843
23777
38822
35024
27167
29968
27993
17009
642
4721
24300
9949
30877
49653
41002
45679
27563
12454
8836
27972
23808
9992
42637
25347
9896
19169
33685
1136
22008
12255
30053
33577
20805
1029
35968
18428
27031
45606
3176
16886
30032
41287
34077
18939
35812
47129
43973
42748
2792
39393
8591
23946
31200
27628
9671
46374
13574
26886
41970
7033
41843
43364
43816
33063
45903
24158
48085
28154
34889
31930
41092
39760
27789
31538
14411
17798
48472
45349
21818
12162
29281
44982
14525
37738
46121
2347
40216
10122
9884
1047
11753
37350
7488
31073
48647
20741
38738
43063
34881
45559
26196
14383
34620
38897
6683
19371
18636
7943
32911
34973
1746
4134
16943
27816
44841
7601
3042
39481
25815
34010
39441
5532
10315
44795
299
22739
9692
49322
44403
17695
12349
3892
27626
18108
39465
2209
7803
35760
15016
35973
4739
11982
13088
13495
31179
49832
11894
48962
988
48220
31997
49989
25727
41616
11460
44699
20852
23357
19873
20941
14566
24963
31736
23427
6801
13491
15203
13466
43785
46115
40753
19411
37295
4824
45021
5745
46714
46058
49435
1185
13262
2645
10656
28188
28033
29344
35720
15177
47052
12749
1589
36744
23045
28141
36550
30428
28058
41603
6870
28429
4058
20772
37780
5559
22230
28785
30084
37906
20088
2390
49638
47607
27355
20538
25731
36352
2464
7282
24280
17925
14556
29187
31778
49616
8155
26891
19139
1004
18723
23926
11342
40326
9031
21641
1932
44355
25126
45852
10205
33539
14631
43171
23668
24116
35057
25354
35544
24639
46339
25993
9812
21221
18981
39613
5211
47730
5085
32687
46792
8916
24441
8421
1000
9171
20136
42116
46408
35427
44156
31286
29800
35488
4250
15507
10546
6177
6874
42609
7825
6942
49582
15431
47551
42541
726
20443
20590
36552
5536
48333
15357
45954
2544
6114
13216
16057
5578
32405
46067
3148
15426
40899
4860
43459
17096
34736
12313
6135
45897
40407
27544
34541
48018
43755
24985
11387
49893
35103
12460
38969
3666
42380
49299
22082
26380
10802
12660
23335
30720
20416
39919
8517
16615
1557
19296
21699
46388
25668
25047
17820
28423
29714
25549
19350
15678
23639
34550
47011
211
15648
2126
42250
11770
14501
33270
41701
23462
24336
37602
16124
32959
193
39629
38178
35095
29776
39977
22646
33620
31548
39119
41742
6846
6785
9505
35234
2707
46625
48188
24103
7885
32146
4318
5208
8320
31012
29879
27537
3510
9994
40178
15913
49716
45489
18393
15094
39578
35445
6928
48579
29031
9967
31962
3652
12811
49915
425
40585
41714
4678
20682
811
37669
46268
2831
45711
37464
44271
48286
3678
34694
41300
8428
6762
9974
14603
44358
42630
37254
8021
39818
1427
45414
921
44942
39405
7673
29378
10154
19156
47710
39066
21819
21269
41106
7791
17633
9114
48310
25349
2140
7552
10027
37531
22135
16313
19416
14795
31348
36248
36545
9941
16570
6207
28800
25227
6988
45603
22548
7852
31312
27707
10282
8475
13714
2353
2869
34679
12323
15390
19443
47790
33443
11017
45356
35077
26400
44098
16275
43012
1754
6312
22165
4093
44936
9043
46257
12615
18763
10884
758
35576
14859
21952
27359
18714
33002
11957
11988
2157
44852
7072
11651
13782
1249
28921
15746
25856
44356
19772
42770
32458
4919
20950
41395
21615
46694
47043
11628
821
42733
43107
1042
44574
17361
30890
35158
7864
34662
17536
38983
18246
34862
12907
7637
17532
43500
29920
2533
15502
15358
46565
6704
18798
540
40331
23570
12783
11936
45491
11385
30278
3200
31105
31031
46890
562
27550
31066
40071
23372
7352
42137
37028
15180
47933
19021
17547
7229
44968
3199
13361
26893
39202
36255
9515
36609
23917
18049
38932
20920
16900
42902
37827
10817
20639
13538
223
38387
6168
43187
29484
32802
18073
1439
43514
10274
14472
25997
26605
10495
13121
13379
14293
16142
8150
12028
18991
4491
43161
30759
40505
7091
42575
29329
31717
10545
28396
32406
9847
1820
17776
6262
2554
18622
2512
36220
1824
25377
35099
42051
49898
27965
46803
5901
27071
28989
16894
1942
41791
32097
29005
2370
3888
31578
47477
11855
40156
29457
11554
19619
15670
8009
9917
23156
17860
9552
34142
42252
45850
11562
29033
35499
24215
31260
23535
19271
22498
9367
12651
40924
41010
12491
4502
34717
16507
3069
4788
14039
43884
44477
35590
10823
41440
47715
16241
45135
15590
45588
44635
44178
38732
25098
46521
12577
3881
40688
21978
37312
25865
30373
1926
37695
11865
38594
45872
23119
44998
48019
13993
22410
46649
5519
1420
35709
37066
7228
31838
16573
8940
44953
7879
27662
14664
10674
5744
8040
14794
47503
5240
42890
29777
42478
17309
8170
25211
22919
18137
31007
37996
17892
1350
4727
43975
23347
17226
1441
43838
15845
5724
11832
7568
23297
34031
37290
19055
40220
25241
13435
32997
43921
48820
7355
24320
20237
18443
44152
18886
30559
7208
2506
39311
9575
8640
14426
4640
29559
8848
45039
44389
39190
7818
33000
15258
48405
39534
31590
1482
587
32432
796
41720
14852
12424
469
27386
32006
886
21248
22454
34164
11969
12007
7257
2412
24309
13311
15612
24118
9218
27501
6063
23443
16000
6982
25097
25051
21920
43204
35984
27048
36332
46188
7136
45458
47005
32235
20873
41445
26550
24610
25897
41088
49366
21080
12293
39189
19930
23720
39712
5561
39369
19544
43898
32001
34191
4429
37674
37277
33812
30192
24170
13483
14861
1271
46167
35669
3324
25635
29536
48282
20437
47060
25756
18578
14638
30989
10686
35446
46323
3027
40073
14755
5962
7644
15448
36801
31634
45804
39055
35153
48729
42508
29716
8537
28771
41423
1647
35477
30670
40245
17519
13166
4321
29070
47245
37435
44044
35447
11
5874
34840
7436
12793
7379
37378
7324
5813
27097
47751
15229
13988
44341
29162
18653
4488
30984
44080
31746
30827
43085
48366
17363
47500
39169
29545
43188
41670
27910
5835
40530
47075
5485
17215
26901
38886
8447
43917
24311
19723
35469
7068
42758
48798
8743
539
2825
19669
7066
38994
43628
29336
35379
38772
37420
23165
4509
752
42809
1556
2359
41450
24402
16274
28245
43768
24071
33454
20055
19165
2215
37822
41187
13257
29723
40031
31910
48601
40794
44160
42635
23408
41452
40549
977
45562
48673
37655
24099
30483
38885
15279
37218
10290
23521
29773
25045
1217
9875
1234
8581
4388
5250
10199
785
20307
36788
41934
36194
28187
47385
17483
2749
26739
12562
3304
16703
39602
48107
37656
29307
28344
38610
37756
6276
26945
47677
7343
10702
43407
25688
24745
43794
20075
7912
39412
6205
38852
48539
15321
13638
33921
47166
32275
38834
7130
43672
24601
26041
48868
4431
25386
18287
25528
11161
48253
30721
15777
39925
30696
27514
33579
19484
27270
12303
40889
48990
31637
13702
27365
7726
5160
21680
33007
35996
3656
20152
7805
21368
5144
38978
4884
13695
8346
19557
16025
15483
39391
26429
40247
13408
5148
41937
26657
11117
45649
46313
2172
45934
43739
41952
10604
32969
42662
18568
24589
37413
39034
5675
43741
6383
23920
12671
1542
21089
15854
15148
13080
638
90
25767
37084
20874
32611
7867
32241
3299
14348
6612
37513
38012
14623
27253
6439
41352
42249
46025
7940
1618
26959
11164
25153
39451
7311
41951
16050
4833
5252
12234
26803
15767
45129
33129
23596
42924
21853
15001
41081
42440
44670
9141
7628
23039
4411
21650
18618
933
28742
8197
23796
6809
41084
19903
15014
44120
30515
36974
1207
40956
13373
23419
15099
35252
21302
37085
26742
748
5840
2286
13355
16280
19870
36202
21214
23463
36273
33136
30401
30658
21413
28598
47599
38959
28065
37641
26865
41957
22071
33262
18226
38521
20566
8289
33872
31022
12912
23588
11589
3731
11698
13016
44405
33316
6306
24587
5783
7301
31557
37275
32411
49748
2035
32238
13064
36592
7790
12549
19391
39424
2210
18481
23724
41035
3355
45380
38135
924
36145
36271
40689
42717
49606
45121
33787
11814
18814
25161
35194
43050
35096
5006
39870
16199
1611
14506
7293
39290
21580
47207
15900
36491
32203
1651
6025
39538
25977
22218
39973
11756
36512
9982
27095
33009
44226
39651
24186
8878
35486
23490
42893
49194
36999
36333
8449
12378
19364
11011
17494
10688
26237
1454
28264
39996
4415
19679
38006
27323
30754
11761
35271
23872
34775
28960
46894
1936
31540
25313
23232
15082
43439
34996
254
32778
15883
39980
9429
43104
21974
16764
22564
43110
1213
2714
19349
32555
17578
26564
37824
46844
18839
24885
24419
36622
28004
41722
23130
13157
25020
25955
19605
35108
20419
46866
17139
49442
42417
40661
5589
32294
27026
38179
1513
40854
20161
446
3967
545
49811
20413
48849
45375
43420
27357
49182
40061
44985
7913
813
38276
27992
41146
36784
16938
380
10869
20769
43612
8139
13713
2762
36455
45613
32186
13644
13796
24228
37777
35278
4623
19769
14074
18848
13970
14653
22952
8499
43636
39165
39467
49819
17889
36369
7053
3497
2616
20783
48858
42623
9564
16547
34004
7763
20697
46563
24869
49825
4104
42898
32669
7977
16293
37939
17592
24697
10153
20568
9012
35774
19256
37619
48469
25798
44691
18178
42807
12543
9189
47769
30002
20803
23855
728
26360
119
22153
24934
25320
34222
20621
12276
21570
1266
1519
2327
25210
23698
30694
46434
2491
48332
13913
28014
2235
6940
20321
16420
34219
36172
8870
1657
42549
33623
11950
41627
44555
39051
23870
27305
28857
24766
40472
38731
47368
35196
12282
30403
11834
26798
15371
21760
28531
26950
3105
20600
47397
3867
982
35170
8090
26696
36214
35267
13984
26639
5914
41455
30155
23623
13269
36208
33102
16598
45565
46063
10057
26770
3909
43035
22325
3976
28896
44658
27629
2114
45585
21886
34020
16003
14025
43348
30390
7015
13418
10836
46692
41870
29557
23645
31164
26725
42017
26427
39667
41200
48841
40951
45279
41620
4525
1426
33370
16198
23204
556
25340
7472
24777
858
9798
23323
23676
15701
30175
25632
23555
20591
46293
13654
19486
34843
1546
10937
7262
11121
42060
43999
24776
44490
13857
3946
3802
49281
42675
24021
41317
37047
27873
17157
9521
28440
45751
29851
45097
43759
12034
4423
16594
30301
35765
29050
2892
4549
44720
31061
34551
5862
18812
23569
41382
32106
689
34437
12194
21765
28656
21137
24396
46023
30845
38633
22645
47300
33818
1745
34744
17725
40459
1471
1794
38039
5071
37721
20774
28595
28379
28579
43373
41692
3123
46330
38787
7100
26935
964
46889
16265
39411
36010
23214
4397
36062
26324
42024
41601
29926
34960
18992
6775
36294
19025
37242
41097
36440
48659
10005
41765
43848
8348
9091
12713
3429
28496
48267
8226
22899
38779
16863
18026
618
46641
43264
30184
24151
44848
5359
32531
40134
38286
13482
33655
37110
41510
1256
21430
45811
28772
29263
42000
36073
20333
48630
30509
327
44391
47666
11751
39304
37714
30400
11348
39597
10707
7451
43965
7804
16924
37105
45045
45721
11071
37022
40694
2010
49598
10055
33834
7661
29418
25560
14456
14144
20676
32774
6050
12116
38272
43280
49604
43610
20866
2853
7880
49956
36195
2540
38881
24365
1150
22823
41144
47937
42113
44075
17929
18994
2665
2858
45068
44783
5474
11603
37563
43575
20699
35240
47542
21175
25640
18351
6687
12428
38156
49660
40113
18896
22468
40189
36746
4567
25651
16748
30194
19924
38858
31118
42870
1201
14457
7139
12944
16888
33988
32441
43957
4774
14261
27574
43592
15068
47887
12013
30116
34002
17974
19317
9176
25563
33099
24420
13345
3679
25019
23460
27214
25700
9720
7858
26947
6707
19717
20557
29596
46731
21223
29450
2431
4523
13723
42008
28860
48339
31039
30910
43681
31001
37077
35302
11037
37219
34399
30803
43515
17074
2630
13342
19564
7937
34672
2967
48905
24206
34514
37567
35907
7129
23027
5626
23769
44168
2093
20246
21099
34643
13272
31587
45704
8592
9272
3348
46085
11968
29827
9638
47900
15558
14762
15730
2537
21352
26780
2374
24233
45663
18168
26323
14667
15463
41411
26529
48529
33112
2021
49645
14810
24765
41453
19732
8292
41031
15562
4844
42649
27620
34975
32073
37528
43413
2022
6092
9943
29648
13390
40999
15254
43569
36515
8290
22243
48891
40418
35187
40841
9289
9394
20750
20563
38073
45900
29083
42234
39300
14476
31147
46530
20504
23562
25246
32309
10440
14427
22276
47642
5498
17781
22633
6745
41669
47292
18527
33105
8397
34106
10723
12057
25753
20372
19754
34492
28596
44673
5908
17180
3434
6240
36718
24104
19973
2145
33646
5374
7573
4208
15401
30625
25905
6876
14976
19656
16143
32200
41612
9278
41166
36699
47068
28958
23963
18285
31360
25334
37871
32031
3662
34977
6891
10778
29215
17635
894
5739
2938
30420
48295
16988
24591
32635
11974
41917
16609
40991
33020
35055
27825
7065
29375
21195
43817
39544
32470
43008
40570
45436
38380
9537
22696
42183
48749
47445
14776
44150
12902
2572
9817
41640
41098
30294
12855
29261
341
19119
14581
22
41363
16993
39915
32695
9795
10375
1793
28095
8081
8400
29549
44573
16217
45127
11203
28565
4505
12305
32724
34500
659
42726
31335
23036
20392
15391
29060
2015
34369
32637
629
41871
34177
26422
41594
18808
11971
38262
3419
1073
48860
24251
45684
25614
19464
14552
35657
21183
4616
45060
17809
9735
25713
15618
22203
43590
2937
11052
26081
47759
32023
14669
49017
20282
19190
17051
42719
31687
9370
41552
45063
25585
6271
10809
8620
15324
12443
20215
6964
35807
49732
12484
37954
27180
25792
13293
44703
262
35464
969
36695
17990
39990
12969
2909
33918
48894
49498
24007
22559
16682
46468
37224
26384
30620
31642
7697
25375
45568
2058
7227
15510
20878
25060
890
23810
18088
38452
3565
48619
43572
21078
17357
27469
49348
27356
23381
39269
22211
8764
30418
44520
8191
22273
475
6737
15125
44788
6827
42542
10121
39879
35592
28393
11690
10043
48419
17851
992
22525
12789
1517
8171
38204
8938
10747
21056
1552
37344
22610
15923
47273
29955
19965
25921
45690
44069
39957
49133
20607
39125
35402
11803
48294
41978
20410
10482
9084
13468
29966
35440
12662
2609
27166
49111
11731
39231
44697
37301
1710
33950
36709
17152
39756
32066
19052
3062
38337
6628
18838
49810
18849
39526
3839
10737
21973
8239
16381
1447
5656
49687
35936
19592
27989
37452
37898
7156
29523
34655
45642
37626
20810
24504
26025
19964
1458
17463
14708
31759
28199
36358
11308
9170
53
34626
21147
40039
35067
41211
16385
34718
43209
10532
5276
16103
2192
38171
7869
15521
47681
846
47387
41306
47986
13232
47686
35279
18459
34737
44637
44870
23616
26117
48122
17746
34357
22490
35494
16527
47896
14643
45583
14028
4004
28687
34746
22245
41483
20343
31182
45735
20678
19560
48584
47240
25475
28010
43460
33312
47714
27131
1715
14415
35606
2014
2968
20907
3110
20882
44739
39626
10265
38418
20613
3721
40474
19972
826
21651
28966
37403
15294
28871
35255
43906
5178
6331
21281
17839
21451
34585
18999
9421
40205
13090
22500
5512
13581
46711
21172
49180
42482
48848
48200
45358
48222
21350
48911
16534
40810
1197
10444
28374
6242
3971
9011
30010
40892
11432
34666
48076
45830
13246
22134
2755
46142
47865
43740
14114
43040
26854
48814
39568
9410
11137
29479
3954
25350
7701
42852
3547
44662
38954
37690
23772
22954
31126
45722
26941
5331
13835
39938
46623
29201
43680
45904
24897
9234
35534
17201
1720
12377
6385
16557
18882
36537
39645
302
23723
44686
26473
10291
41480
32233
5281
44461
35927
46571
41285
39653
10979
39523
48272
371
37789
34180
42071
23267
21635
11949
25404
37560
39904
36578
30665
43184
30308
47042
24861
25087
6036
11441
13073
15550
28500
10394
44106
39404
46579
29035
20388
35699
31168
34722
21597
35084
43382
36234
17823
8756
47560
26892
17422
31461
44643
46732
18834
15066
1123
23431
15855
13840
8452
48843
19232
43753
25422
49875
2773
43843
40313
34419
41030
19900
25170
14271
21758
19233
14718
14458
43861
9924
1284
5806
9533
33676
2112
14092
4622
2202
31567
7367
34409
11710
48603
45291
2657
42314
44869
19708
48809
21296
5983
35460
36379
33096
30801
46589
30121
24862
49148
30061
19265
14315
16251
18659
33446
46126
35747
43837
49012
36559
34827
10507
10174
20696
2816
3290
49766
17098
14020
16273
47639
2384
33087
49186
45048
11261
37831
39409
16008
8761
38384
8220
18148
324
8570
7174
30505
44522
39112
12894
37758
49362
35793
10998
46311
32761
7127
41956
16552
45572
49763
26737
305
44108
41112
31987
4330
27941
26189
35280
4416
16172
837
30037
46794
1919
39634
4611
45277
14033
21532
47843
21653
3673
42302
766
26455
3447
30170
17934
34285
49058
36199
9813
30028
29145
37593
353
25645
24812
33563
28490
29230
8653
11069
13003
23818
21495
582
19036
12692
35101
13897
23970
48314
3274
26465
21004
20469
12295
12835
15097
33205
10458
27438
34133
11345
6959
41076
9379
8374
40650
1158
44926
29869
36350
24326
33570
42013
27298
24107
18296
42346
12233
12291
21084
14044
21840
48232
45158
2301
4910
28324
14307
37284
5363
33566
12600
18396
3590
29820
4957
23296
5456
22495
4803
3965
9001
21844
32675
20197
35794
21831
40713
21467
474
16144
46086
17982
37911
30409
6611
47314
416
25219
4012
44737
28253
5594
34463
31029
11383
48322
28263
27219
5686
10409
23740
15
13058
5191
625
44591
29198
41379
44611
6241
29626
35025
32052
14054
7442
9211
44025
48929
42851
21374
4050
43052
37812
23403
819
36267
11800
39212
6962
49220
16954
34957
1037
47864
24235
47574
40887
31410
17498
34767
28319
27334
3100
41558
44395
17474
40291
20224
7122
49216
24909
37964
26008
19063
35568
16991
1360
39551
24201
48218
30077
3161
35706
24609
28720
35976
43614
37800
14572
30800
39577
33983
12494
39380
41512
8212
22027
30835
6577
42083
27157
33196
1491
16080
24958
34988
47620
11746
15370
33065
23015
11108
9179
47533
29240
26532
44866
22070
47089
6166
9191
2580
30899
31194
28662
38775
14282
25281
43326
33116
28170
18875
49702
40796
29119
27982
29037
1076
20831
7026
1174
37338
28220
32353
29222
5800
34652
16471
35593
5716
5585
667
21177
12121
17092
13323
45835
16909
14620
11221
31506
13748
29642
9611
29537
32551
37480
3043
33001
30238
22400
32224
15488
7356
23699
27075
20993
42453
21218
20262
44070
15527
13029
36816
37479
19860
1814
4487
31760
40649
18950
48946
1189
5409
43401
19326
20243
22677
23225
44126
961
8344
28594
23726
6883
33885
48191
16334
26785
15404
41728
15375
34853
17939
48866
35245
32896
30041
21192
38107
4807
46905
19
49414
11318
1967
47319
20944
40803
28808
21934
27286
22177
28553
32056
23489
29774
18071
26363
9767
30723
32210
4835
5663
39220
48178
34026
23743
13005
32549
7536
34178
21703
38414
45090
11994
27919
18874
34199
11778
44778
17571
762
41438
4090
12107
7145
35217
35152
11539
19795
18831
28049
22238
16237
48735
2678
37185
4231
16531
2043
34967
28717
25592
13013
21085
29043
27263
10724
32831
44220
37018
49217
27556
43941
26304
38786
9283
3947
25938
31911
39516
24028
30375
16310
3438
107
22473
38539
44194
21419
2497
30279
21864
41137
23080
47803
5674
27555
4137
1535
14410
25127
30499
49987
12841
33606
21262
28632
15840
34994
24374
38462
5048
2535
20458
13790
24898
6816
27717
1444
24656
46248
39098
6274
5176
36573
8382
13940
32266
14895
14389
6702
23518
24196
1068
44893
23784
31774
24744
48147
19682
1714
2012
26572
40608
11206
5336
9369
16133
13597
31755
46361
41673
42203
44113
6622
3681
22271
19550
8670
3215
48687
28256
28736
40443
4512
44239
25529
41862
35061
26111
36715
43782
6644
5690
19248
3875
32850
18489
29837
24521
23192
21483
702
6146
36882
48805
31438
47651
27249
45543
40077
11143
15902
321
21935
37859
21776
13333
16457
41628
32719
18966
48362
46971
43954
36
22786
18362
20506
6521
39678
22789
9207
32153
5952
26774
13821
29435
41036
44630
29341
37916
37380
19404
22190
43387
15703
14974
93
48149
46445
35026
34258
13762
6759
9931
44800
30784
40562
19522
15412
26207
28003
17620
4668
28902
2288
34328
2979
41006
18925
32902
42098
41803
43236
35612
11725
17219
30178
15193
21753
44872
47928
46677
4169
37603
15464
23617
27064
45486
32320
41607
34732
43297
37013
8042
38856
24056
28867
99
5972
40827
33693
37398
5026
1643
6583
37720
40905
2861
5449
37469
13986
5033
14090
44179
14053
42705
11835
26342
49274
41899
21267
47699
17984
34047
44410
42798
37532
48169
40709
1747
463
21030
27772
13952
14081
18397
28786
6852
10901
33502
12542
23680
42750
16145
1428
25363
23468
42059
48523
46327
41697
7844
32482
23425
6527
30396
31553
40779
449
7911
33545
43810
43243
34966
27115
26457
18047
6298
12213
3627
39874
17005
12199
16857
18186
16671
36456
46362
1771
27297
16478
40763
8669
25768
18656
22445
8548
18472
38424
29561
35945
42737
12143
22175
33557
44063
5255
22941
44545
29872
